{
"type": "FeatureCollection",
"name": "@50m",
"crs": { "type": "name", "properties": { "name": "urn:ogc:def:crs:OGC:1.3:CRS84" } },
"features": [
{"type":"Feature","properties":{"整理NO":1130,"name":"E224010","仮箇所":"yg-9"},"geometry":{"type":"MultiPolygon","coordinates":[[[[137.545051930883119,35.561330333843387],[137.545207662043026,35.561293934608344],[137.545343737523808,35.561222139638353],[137.54544842159163,35.561121140875223],[137.545512685951763,35.560999648907767],[137.545530988368654,35.560868141708852],[137.545513472945203,35.560448990336205],[137.545475243323978,35.560298834742106],[137.545377605588357,35.560167849143291],[137.545231866946153,35.560071202354379],[137.545054904756427,35.560020086533072],[137.544867212060495,35.560020421120484],[137.544648590700945,35.560051668440622],[137.544534947914684,35.560025713216262],[137.544346568157806,35.560010258519981],[137.544224080653919,35.560017519712517],[137.544074398067352,35.560043801608195],[137.543939323501746,35.560102693446666],[137.543829264536356,35.560189657593938],[137.543752701363644,35.56029799341767],[137.543603013402958,35.560600307799291],[137.543563221095951,35.560750728079697],[137.543587684074595,35.56090331883302],[137.543673550327355,35.56104028815674],[137.543810808173504,35.561145665507524],[137.54400096922987,35.561248062590685],[137.544172254711498,35.561309287777902],[137.544445557722725,35.561364425661843],[137.544649936840131,35.561373689400753],[137.545051930883119,35.561330333843387]]]]}},
{"type":"Feature","properties":{"整理NO":1131,"name":"E224008","仮箇所":"yg-10"},"geometry":{"type":"MultiPolygon","coordinates":[[[[137.545502256189309,35.563343578402169],[137.545562172779881,35.563194924255157],[137.545556258631052,35.56303849029316],[137.54548522731659,35.562893141424652],[137.545357645015656,35.562776405675763],[137.544886093373265,35.562472812759111],[137.544731262809194,35.562402682610504],[137.544557217484254,35.562376243411386],[137.544381886009177,35.562396218695206],[137.544223329477347,35.562460550787343],[137.544097881055109,35.562562612758313],[137.544018463527692,35.562691891043684],[137.543884293453516,35.563041290421864],[137.543864858813606,35.563241758717034],[137.543914106661163,35.56351552594451],[137.543963452935145,35.563646523758123],[137.544058707039198,35.563759343929647],[137.544191059180349,35.563843551830765],[137.544348268285376,35.56389135912778],[137.544673813641367,35.563946287695728],[137.544861979360377,35.563951229857651],[137.545041218539552,35.563904176122996],[137.545190649722656,35.563810608285522],[137.545292864247244,35.563681427035405],[137.545340999352646,35.563589026873615],[137.545502256189309,35.563343578402169]]]]}},
{"type":"Feature","properties":{"整理NO":1133,"name":"E224012","仮箇所":"yg-12"},"geometry":{"type":"MultiPolygon","coordinates":[[[[137.553188177406582,35.55802761063277],[137.553157619893511,35.557888381725377],[137.553075755026867,35.557763750022168],[137.552950647002149,35.557665992196078],[137.552794619490442,35.5576047377088],[137.55202704567651,35.557417362007072],[137.551863735349883,35.557398526226393],[137.551700911514246,35.557419990950159],[137.551553134420345,35.557479836733052],[137.551433618850808,35.55757271195985],[137.551353052441755,35.557690311385279],[137.551201199651359,35.558019701681296],[137.551166606308499,35.558154081894607],[137.551183140170991,35.558290736892822],[137.551249266524366,35.55841697996474],[137.551358846544048,35.55852109096196],[137.551501707145491,35.55859340439364],[137.551664585413448,35.558627206781495],[137.552589239540282,35.558699786602538],[137.552773893640762,35.558688769586446],[137.552943681750378,35.558628439433761],[137.553079470606065,35.558525594712449],[137.553165958446129,35.558391824895367],[137.553193399340842,35.558242204310289],[137.553188177406582,35.55802761063277]]]]}},
{"type":"Feature","properties":{"整理NO":1135,"name":"E224015","仮箇所":"yg-14"},"geometry":{"type":"MultiPolygon","coordinates":[[[[137.547049770903527,35.55358364526279],[137.546996948385669,35.553511520331583],[137.546810861666017,35.553304130704745],[137.546688349883311,35.553204880104857],[137.54653430938248,35.553141416175542],[137.546363811950584,35.553119948399207],[137.546193539491583,35.55314257723925],[137.546040151899945,35.553207088634011],[137.545918657086276,35.553307170615824],[137.545782610296868,35.553461473812838],[137.545701003625481,35.553597678821042],[137.545679302059312,35.553748293326471],[137.545690000195009,35.55391677352484],[137.545726868894747,35.554056999657291],[137.545815782902395,35.554180658969308],[137.545947737545646,35.554275227703258],[137.546109369014999,35.554331128251441],[137.546284307805678,35.554342699177681],[137.546454836625884,35.554308768614128],[137.546741025517974,35.55421026493061],[137.546829983503216,35.554171472937036],[137.546856708105537,35.554157110748783],[137.546974752751879,35.55407160836058],[137.547058350883816,35.55396229607301],[137.547100663847885,35.553838116254163],[137.547098230410967,35.553709227478052],[137.547051249848778,35.553586173488775],[137.547049770903527,35.55358364526279]]]]}},
{"type":"Feature","properties":{"整理NO":1143,"name":"E224023","仮箇所":"yg-22"},"geometry":{"type":"MultiPolygon","coordinates":[[[[137.546083927059385,35.538515760492288],[137.545928838998634,35.538495561842488],[137.545769786922705,35.538513098470396],[137.54562365037188,35.538567328208245],[137.545502809645143,35.538653656871574],[137.545417502137411,35.538764770929454],[137.545189873261734,35.539187785287012],[137.545146451721081,35.539320434493234],[137.545153915089912,35.539457613855454],[137.545211570807083,35.5395865892581],[137.545314066989988,35.539695388087992],[137.545451889170806,35.539773910653977],[137.545612243484243,35.539814867757954],[137.545922394912623,35.539853166182198],[137.546057828720507,35.539856131339938],[137.546190059036348,35.539832014668448],[137.54636785486403,35.539780166122654],[137.546489600651853,35.539723023668813],[137.546630083432746,35.539696934395771],[137.546768543627479,35.539633251408461],[137.546879040864098,35.539539944345385],[137.546952401802571,35.539424759533219],[137.547073332557773,35.539141189506147],[137.547103622325665,35.539010731174564],[137.547086084283393,35.538878720498268],[137.547022241072284,35.538756616867978],[137.546917634866929,35.538655019630227],[137.546781346224378,35.538582748015848],[137.546636745540837,35.538528877114757],[137.546494067842531,35.538493803433759],[137.546345110188696,35.538491231941407],[137.546083927059385,35.538515760492288]]]]}},
{"type":"Feature","properties":{"整理NO":1144,"name":"E224024","仮箇所":"yg-23"},"geometry":{"type":"MultiPolygon","coordinates":[[[[137.545931668840183,35.539680295329092],[137.545934162475987,35.539678338495605],[137.546032301172858,35.539575009924278],[137.546090002258438,35.539452998802346],[137.546102405157058,35.539322583401194],[137.546068465264085,35.539194749922693],[137.545991041872469,35.539080267017795],[137.545876657240825,35.538988778648068],[137.545594728383975,35.538821141568611],[137.54545207722316,35.53876008486197],[137.545293927927247,35.538735316329266],[137.545133767606814,35.538748948253264],[137.544985254867015,35.53879981809348],[137.544861055044151,35.53888358762358],[137.544755995332793,35.538978706863361],[137.54467697748521,35.539071369358382],[137.544628629024743,35.539177180318134],[137.544584071138985,35.539331475121266],[137.544570317060931,35.539462044647301],[137.544603102788244,35.539590328261113],[137.544679656349075,35.539705479004873],[137.544793504934233,35.539797760322188],[137.54493502216161,35.539859369349806],[137.545092242028545,35.539885096711814],[137.545437142364534,35.539899680028682],[137.54560581249703,35.539885473985592],[137.545761226384315,35.539830049950787],[137.545888687640655,35.539738648996256],[137.545931668840183,35.539680295329092]]]]}},
{"type":"Feature","properties":{"整理NO":1147,"name":"E224029","仮箇所":"yg-26"},"geometry":{"type":"MultiPolygon","coordinates":[[[[137.563560946613705,35.528358581386506],[137.563548123831538,35.528215190454887],[137.563480712976713,35.528082396709721],[137.563365574368675,35.527973713928297],[137.563214425217524,35.527900202185165],[137.562733352758954,35.527744716062791],[137.562550554678495,35.527713439602238],[137.562365471254623,35.527733845261196],[137.562199340255461,35.527803591553834],[137.562071224813195,35.527914675291548],[137.561995826040544,35.528054349888613],[137.561882738524986,35.528423487228793],[137.561878388003464,35.528438819290017],[137.561799970724906,35.528738886770491],[137.561789893983928,35.528872238999341],[137.561828085772163,35.529002146570846],[137.561911189936893,35.529117192947659],[137.562031903255956,35.529207267580318],[137.562179617219101,35.529264454467416],[137.562341350329405,35.529283727858918],[137.56288757640408,35.529281934688498],[137.563051815338127,35.529260907195464],[137.563200920503334,35.529200816246188],[137.563321335574102,35.529107125202081],[137.563402112775606,35.528988352260257],[137.563495709509056,35.528782627138604],[137.563528194434667,35.528664782373738],[137.563560946613705,35.528358581386506]]]]}},
{"type":"Feature","properties":{"整理NO":1149,"name":"E224033","仮箇所":"yg-28"},"geometry":{"type":"MultiPolygon","coordinates":[[[[137.573796495916184,35.527244339933709],[137.573893203301282,35.527335066923811],[137.574015832163099,35.527401640201731],[137.574155639834117,35.527439313484628],[137.574176709530377,35.527442528052127],[137.57441975965844,35.527434993928509],[137.575180909248559,35.527269258221693],[137.5753479120566,35.527207053256539],[137.575480685326852,35.527103484012656],[137.57556451687546,35.526970026789456],[137.575590117793894,35.526821469649832],[137.575554651640232,35.526674273758033],[137.575291155364994,35.526104930958233],[137.575189190043602,35.525966485894422],[137.575034039002219,35.525866344489522],[137.574531877518467,35.52564839345613],[137.574333259275448,35.525598436485389],[137.57412612902786,35.525612133165019],[137.573464458467782,35.525762013860735],[137.573307608447692,35.525820393391975],[137.573180471650772,35.525915510631947],[137.573095472013364,35.526038070720112],[137.573060915941056,35.526176097032284],[137.573080180543144,35.526316101515214],[137.573151383522656,35.526444402739379],[137.573796495916184,35.527244339933709]]]]}},
{"type":"Feature","properties":{"整理NO":1152,"name":"E224028","仮箇所":"yg-31"},"geometry":{"type":"MultiPolygon","coordinates":[[[[137.552417530374044,35.520173956903172],[137.552335141746539,35.520071718162271],[137.552222136218148,35.519991379832788],[137.552069306210143,35.519909607444887],[137.551895568387067,35.519848369688901],[137.551706736824173,35.519838762917168],[137.551525053012313,35.51988191866397],[137.55128889608568,35.519976425397019],[137.551153220058126,35.52005319821145],[137.5510514123512,35.520159358446101],[137.550992593915538,35.520285395361213],[137.550982034438533,35.52042001744698],[137.551020680173565,35.52055116400124],[137.551105069083036,35.520667085636866],[137.551493120683773,35.521053770128518],[137.551634292255187,35.521153684361202],[137.551808163249831,35.521209340462661],[137.55199478630351,35.521214353271041],[137.55217275100145,35.521168147691839],[137.552278702995153,35.521123307443894],[137.552412990795034,35.521043451692016],[137.552512099327316,35.520934526618625],[137.552567036355242,35.52080641529875],[137.552595972316482,35.520680705119446],[137.552600819118481,35.520538865582203],[137.552551483843445,35.520402823848222],[137.552417530374044,35.520173956903172]]]]}},
{"type":"Feature","properties":{"整理NO":1153,"name":"E224035","仮箇所":"yg-32"},"geometry":{"type":"MultiPolygon","coordinates":[[[[137.560420733122243,35.518486048762782],[137.560423660229617,35.518480506029732],[137.56043922481885,35.518338175031353],[137.560399506646661,35.51819901469505],[137.560308498860138,35.518077014856097],[137.560175350663314,35.517984440143003],[137.560013447491201,35.51793059704557],[137.559513543218372,35.517836137990464],[137.559323375737847,35.517827807501789],[137.559141088831524,35.517872877672836],[137.558988437431452,35.517965969637189],[137.558883639786046,35.518095973372404],[137.55879143202867,35.518269844685015],[137.558748066766213,35.518409569231828],[137.558760879226583,35.51855334057479],[137.55883518743309,35.518808949352696],[137.558901067037255,35.51893966622648],[137.559013240107959,35.519047265065502],[137.559160668526147,35.519121157718629],[137.559328844776132,35.51915407283424],[137.559501219576248,35.519142771419915],[137.55966083047025,35.519088365587301],[137.56016151958832,35.518835975868733],[137.560290735548506,35.518745663572581],[137.560380149194572,35.518627457339271],[137.560421257611637,35.518492598403256],[137.560420733122243,35.518486048762782]]]]}},
{"type":"Feature","properties":{"整理NO":2276,"name":"E224017","仮箇所":"07-k2"},"geometry":{"type":"MultiPolygon","coordinates":[[[[137.554168774618034,35.551428166157109],[137.554329711854166,35.551411917714397],[137.554477908766984,35.551358118806711],[137.554600551968406,35.551271421004387],[137.554625176117924,35.551239503795358],[137.554648105088603,35.551228671744227],[137.554764491963454,35.551122004524657],[137.554834161118066,35.550990920626809],[137.554850107208182,35.55084860119161],[137.554810727062204,35.550709357079434],[137.554719980778174,35.550587189843178],[137.55412073402519,35.550011401349813],[137.553997131739521,35.549923376592147],[137.553847326469366,35.549868937768096],[137.553684557923532,35.549852896139903],[137.553523211442297,35.549876669453937],[137.553377546692133,35.549938156646796],[137.553260437464559,35.550031923526483],[137.553182233930158,35.550149683022276],[137.552969007081032,35.550629975112628],[137.552941813545402,35.550718090426543],[137.552909540049939,35.550897371057005],[137.552913840664104,35.551049135747917],[137.552979555530925,35.55119112433615],[137.553099229271169,35.551307227525548],[137.553259284447989,35.551384272785263],[137.553441561960682,35.551413518887863],[137.554168774618034,35.551428166157109]]]]}},
{"type":"Feature","properties":{"整理NO":2277,"name":"E224018","仮箇所":"07-k3"},"geometry":{"type":"MultiPolygon","coordinates":[[[[137.552429444447711,35.548666577119221],[137.552602586044202,35.54867256932603],[137.552769454100655,35.548634351876913],[137.552913570099633,35.54855569881849],[137.553020702428313,35.548444377273007],[137.55308027179521,35.548311380392541],[137.553232674464368,35.547674477987329],[137.55323978570911,35.547539950129334],[137.553197951284062,35.547409709654929],[137.553110905735167,35.547295382402417],[137.552986419266659,35.54720717368189],[137.552835604099698,35.547152957330574],[137.552041020186692,35.54697710615541],[137.551850379274441,35.546963042607359],[137.551665340505252,35.547003086617558],[137.551508197929451,35.547092413564769],[137.551397884720757,35.547220261045027],[137.551026694611693,35.547865042835824],[137.550979469135228,35.547994904597779],[137.550981599235882,35.548130369191142],[137.551032892681917,35.548259196232095],[137.551128714867446,35.548369745041796],[137.551260407520118,35.548452026501501],[137.551416071022061,35.548498605687101],[137.552429444447711,35.548666577119221]]]]}},
{"type":"Feature","properties":{"整理NO":2279,"name":"E224022","仮箇所":"09-k1"},"geometry":{"type":"MultiPolygon","coordinates":[[[[137.547071712736937,35.540160889992592],[137.547050888775061,35.540015769593481],[137.546974357795079,35.539883720835348],[137.546850163980451,35.539778622963915],[137.546691361064802,35.539711522453061],[137.546514640281032,35.539689471985128],[137.545998309684819,35.539694252037577],[137.545824479184574,35.539718933250519],[137.545669084512667,35.539787226326354],[137.545548034911661,35.539892139477068],[137.545473723531785,35.540022931747281],[137.545453758605049,35.54016621263343],[137.545476300940152,35.540555657975531],[137.545511467419772,35.54069406762931],[137.545597362730348,35.540816764914098],[137.545725536501863,35.540911678595599],[137.545883378782065,35.540969470817508],[137.546055360633034,35.540984455815433],[137.54622456196131,35.540955159321769],[137.54670460254485,35.540804675370225],[137.546843412331555,35.540741057134689],[137.54695421159721,35.54064768723196],[137.547027771293074,35.540532343021361],[137.547057964366871,35.540404632202275],[137.547071712736937,35.540160889992592]]]]}},
{"type":"Feature","properties":{"整理NO":2282,"name":"E224026","仮箇所":"11-k2D"},"geometry":{"type":"MultiPolygon","coordinates":[[[[137.57961906916529,35.535484930667195],[137.579764240103884,35.535851939924228],[137.579782610181013,35.535891830037606],[137.579976675856727,35.536259489430257],[137.580076005369591,35.536385054543459],[137.580220129214638,35.536477145230016],[137.580393182955646,35.536525624531109],[137.580576117538271,35.536525156035552],[137.58074879621384,35.536475791315752],[137.580892211218952,35.53638296424954],[137.580990576151549,35.53625689285375],[137.58103306368136,35.536111454487191],[137.581155015035193,35.534642109799506],[137.581137104541568,35.534493782599988],[137.581060988001042,35.534358341589751],[137.580934990478767,35.534250599842515],[137.580772892325314,35.534182340936326],[137.58059242201594,35.534161030239133],[137.580376437466128,35.534165028997521],[137.580142058586716,35.534142055577441],[137.579989617238937,35.534144468587805],[137.579843812787203,35.534180915441482],[137.579251313785676,35.534406253240441],[137.579098939294255,35.534492230014628],[137.578989975374867,35.534614590014371],[137.578936709424255,35.534759535468531],[137.578945148244316,35.534910721707355],[137.579014340564129,35.535051100233993],[137.579136484164877,35.535164841200761],[137.57961906916529,35.535484930667195]]]]}},
{"type":"Feature","properties":{"整理NO":2283,"name":"E224030","仮箇所":"13-k1"},"geometry":{"type":"MultiPolygon","coordinates":[[[[137.563487124749287,35.528707649020781],[137.56349016451594,35.528847342518382],[137.56354539401562,35.528979562556763],[137.563647505775265,35.529091602423762],[137.563786686696346,35.52917269473155],[137.563949561088492,35.529215046225389],[137.564035501983653,35.529225832152498],[137.564105425471467,35.529230911733876],[137.564149967187547,35.529231819575344],[137.564345102252133,35.52920686848843],[137.564516958340846,35.529127298915945],[137.564643480511705,35.529003322367906],[137.564792732931238,35.528787830840109],[137.5648493967945,35.528669838611151],[137.564863626405099,35.528543614891191],[137.56483429633883,35.528419144497313],[137.564763726905511,35.528306273507205],[137.564679917956511,35.528208992915651],[137.564557109951863,35.52810621507998],[137.564400974832722,35.528040253010026],[137.564227379198741,35.528017809811921],[137.564053963917104,35.528041166175079],[137.563902067592664,35.528082778828278],[137.563765606369856,35.528138333911969],[137.563652972926064,35.528222314099018],[137.563572778944433,35.528328298529722],[137.563531155961442,35.528448183941151],[137.563487124749287,35.528707649020781]]]]}},
{"type":"Feature","properties":{"整理NO":2285,"name":"E224032","仮箇所":"13-k3"},"geometry":{"type":"MultiPolygon","coordinates":[[[[137.566426550256409,35.524350284016762],[137.566347391670234,35.52448925648406],[137.566329793495555,35.524641880360392],[137.566375792165388,35.524790497217317],[137.566480065974957,35.524917912143188],[137.566555719483006,35.524982912831334],[137.566698549613307,35.525071155631778],[137.566868437026159,35.525117330981949],[137.567047465865784,35.525116569352164],[137.567216756201418,35.52506895106395],[137.567358455149332,35.524979497818293],[137.567633582508648,35.524738129259127],[137.567736722469732,35.524608896610559],[137.567780491977913,35.524458796395159],[137.567759760586398,35.524305423764361],[137.567676958818481,35.524166757374537],[137.567541793100105,35.524059051903059],[137.567405517195795,35.52398274252041],[137.567250365776715,35.523922393881563],[137.56708002373307,35.523904023101707],[137.566911036475858,35.523929414545805],[137.566759817832576,35.523996101931168],[137.566641055833173,35.524097607867219],[137.566426550256409,35.524350284016762]]]]}},
{"type":"Feature","properties":{"整理NO":2286,"name":"E224031","仮箇所":"13-k4D"},"geometry":{"type":"MultiPolygon","coordinates":[[[[137.565963181588245,35.522378135488076],[137.565837741928476,35.522487674468195],[137.565763241450327,35.522624808399129],[137.565747938437426,35.522774336657442],[137.565793529484267,35.522919684684773],[137.565847118428024,35.523018245433306],[137.565958730152232,35.523151951899692],[137.566120930872756,35.523244794895653],[137.566314443913683,35.523317400703512],[137.566463087169836,35.523353550851247],[137.566618164767988,35.523354426942497],[137.566767404954192,35.523319959650813],[137.566898997929087,35.523252876474878],[137.567135437282133,35.523090499826999],[137.5672628968764,35.522964075333164],[137.567326655825184,35.522808756566015],[137.567350591553122,35.522670908860384],[137.567350680441706,35.522544739269406],[137.567307986406632,35.522423493513614],[137.567225855566932,35.522316673644205],[137.567108239917417,35.522202885290518],[137.566982392220268,35.522113163199798],[137.566829459119134,35.522058359754844],[137.566663471035866,35.522043502733645],[137.566499656027332,35.522069955148723],[137.566353042799051,35.522135290206947],[137.565963181588245,35.522378135488076]]]]}},
{"type":"Feature","properties":{"整理NO":762,"name":"E260006","仮箇所":"h-9"},"geometry":{"type":"MultiPolygon","coordinates":[[[[137.363629645749683,35.536630556866477],[137.363719407521842,35.536732622436048],[137.363858857139178,35.53681619078079],[137.364023115438698,35.536860347671031],[137.364196028816593,35.536860750593782],[137.364629052924045,35.536805591267424],[137.364796930086669,35.536760814297608],[137.364938879784631,35.536674954982253],[137.365040342678157,35.536556819706135],[137.365090912192642,35.536418525277675],[137.365085401842634,35.536274256108811],[137.365024377093562,35.536138809346987],[137.364828842193816,35.535855525535631],[137.364739752339858,35.535759322330527],[137.364622630095795,35.535685885896264],[137.36448586948714,35.535640479304796],[137.364210390699128,35.535582605154069],[137.364040562104634,35.535569204608436],[137.36387385207243,35.535598882586761],[137.36372622287243,35.535668797463401],[137.363611809890784,35.535772254971647],[137.363541568213236,35.535899349146355],[137.363451442206895,35.536166604429887],[137.36343175219497,35.536296323444965],[137.363458431370248,35.536425205179476],[137.363529235805089,35.536542408651187],[137.363629645749683,35.536630556866477]]]]}},
{"type":"Feature","properties":{"整理NO":766,"name":"E260011","仮箇所":"h-16"},"geometry":{"type":"MultiPolygon","coordinates":[[[[137.373313702609664,35.539847957861198],[137.373308618804543,35.539831254866279],[137.373234028535137,35.539724258863892],[137.373017852460293,35.539494211126822],[137.372888772982947,35.539395034752282],[137.37272787798824,35.53933443238823],[137.372551774980053,35.53931865936444],[137.372378641149339,35.539349343758964],[137.372226347226473,35.539423318356704],[137.371921329505227,35.539632259635226],[137.371807188947059,35.539739778774425],[137.371739768903495,35.53987103116976],[137.371725795385117,35.540012923178651],[137.371757286098813,35.540341097811464],[137.371793334295376,35.540469719390977],[137.371873414721875,35.540584294992271],[137.37199066312084,35.540675003294432],[137.372447525665763,35.54093655469044],[137.372590684567427,35.540995294327423],[137.372748458989292,35.541017925430275],[137.372907534527144,35.54100253818612],[137.373054486972279,35.540950431108243],[137.373176915217698,35.540866001450624],[137.373264487806409,35.54075637411308],[137.373473125813007,35.540387131699696],[137.37352046476849,35.540248642229933],[137.373512027345214,35.540105014794094],[137.373448672683992,35.539970869391759],[137.373336849944423,35.539859860768416],[137.373313702609664,35.539847957861198]]]]}},
{"type":"Feature","properties":{"整理NO":767,"name":"E260013","仮箇所":"h-18"},"geometry":{"type":"MultiPolygon","coordinates":[[[[137.374453659299093,35.536201607568501],[137.374451278887108,35.536115623165145],[137.374418404303356,35.535889318499976],[137.374374630697133,35.53575923758001],[137.374285716896679,35.535645574379558],[137.374159630188501,35.535558513687221],[137.374007668625552,35.535505856546891],[137.373843448671096,35.535492321272564],[137.373480282754286,35.535507097798614],[137.373310680469586,35.535536292275452],[137.373160544810872,35.535607079783318],[137.373044710489097,35.535712465931695],[137.372974623079983,35.535842037665276],[137.372905945565236,35.536054363220167],[137.372895294830954,35.536094672509257],[137.372798620628174,35.536563606691317],[137.372802768646324,35.536731291043331],[137.372823240754741,35.536810822670304],[137.372821796269591,35.536814727564277],[137.372798199440666,35.536944076746934],[137.372821029969543,35.537073517778282],[137.372888365731313,35.537192151683207],[137.372994537186855,35.537289989405956],[137.373130604712571,35.537358792911959],[137.373285111309343,35.53739276886003],[137.373702913453286,35.537432979466629],[137.373859924841014,35.537429680043388],[137.374009428297825,35.537390330999621],[137.374139293395501,35.537318125047562],[137.374238983195312,35.53721892083874],[137.374300409207223,35.537100767585983],[137.374379643430728,35.536856240312453],[137.3743944081601,35.536792361867839],[137.374410754695532,35.536676223269652],[137.374412901865185,35.536657555524968],[137.374453659299093,35.536201607568501]]]]}},
{"type":"Feature","properties":{"整理NO":768,"name":"E260014","仮箇所":"h-20"},"geometry":{"type":"MultiPolygon","coordinates":[[[[137.373851446227178,35.536866321178437],[137.373812850324725,35.536910722012543],[137.373735966739304,35.537037536463046],[137.373710990882529,35.537177587633686],[137.373740385991027,35.537317064521837],[137.373816170296408,35.537498942883467],[137.373895980299523,35.537622934483842],[137.37401851823472,35.537720902448733],[137.374171942439517,35.537783379375163],[137.374551145928024,35.537881348061454],[137.374730100895704,35.537902182915687],[137.374907683179146,35.537874595654422],[137.375064808238079,35.537801551047366],[137.375243152793672,35.537683239211276],[137.375363945859533,35.537571262285276],[137.375433359745273,35.537433176032593],[137.375483738092441,35.537251981789701],[137.37548801524153,35.537235112446446],[137.375531638591752,35.537044824941063],[137.375540990501861,35.536969526623821],[137.375545684824687,35.536745230631922],[137.375516920339663,35.536593659085923],[137.375427632872146,35.536458750150466],[137.375288164188817,35.536356129321028],[137.375114667990317,35.536297682353457],[137.374613236152754,35.536206056267815],[137.374456186633438,35.536196201352709],[137.37430213608792,35.536223042681627],[137.374163655374758,35.536284389945678],[137.374052044878056,35.536375237070253],[137.373976412393489,35.53648817070507],[137.373877367098913,35.536704876081131],[137.373851446227178,35.536866321178437]]]]}},
{"type":"Feature","properties":{"整理NO":769,"name":"E260015","仮箇所":"h-19"},"geometry":{"type":"MultiPolygon","coordinates":[[[[137.375472603660171,35.535871387281013],[137.375586459677976,35.536176462888186],[137.375601248945259,35.536210999543449],[137.375685439190448,35.5363846521957],[137.375678767994884,35.536419015558444],[137.375677438420411,35.53655305675364],[137.375724399161811,35.536681489019287],[137.375815496332194,35.536792951363694],[137.376163418513983,35.537105521130719],[137.376246187480547,35.537159008561815],[137.376244114445001,35.537265016203698],[137.376265395272867,35.537396421987502],[137.376332524381553,35.537517084404627],[137.376439695361086,35.537616566284498],[137.376577638124985,35.537686262516949],[137.376734420748278,35.537720144410855],[137.37689648159386,35.537715281193535],[137.377646442271555,35.537601016298588],[137.377795129017386,35.537559774153785],[137.377923565538339,35.53748594953197],[137.378021337257337,35.537385528714857],[137.378080516224202,35.537266654587285],[137.378096303952958,35.537138966330957],[137.378065253183848,35.536537103569358],[137.378032243700574,35.536401393721789],[137.377950421697307,35.536280264559572],[137.37782749925401,35.536185132744805],[137.377675062127253,35.53612496460434],[137.37747118657802,35.53607418898703],[137.377473565215809,35.536058642478466],[137.377423203561705,35.535896581111579],[137.377242594109021,35.53557915939129],[137.377063459093364,35.53519046652638],[137.376957404683623,35.53504793062713],[137.3766500519734,35.534768647123173],[137.376491395310921,35.53466888684121],[137.376299623018582,35.534621997833888],[137.375941889189704,35.534590256015463],[137.375760771569759,35.534598722838133],[137.375592818651768,35.534654776975692],[137.375456211618257,35.534752350489406],[137.37536573854814,35.534880880880159],[137.375331193580166,35.535026454457714],[137.375314270705587,35.535551685274129],[137.375339021476151,35.535697569864688],[137.375419990866448,35.535829142645945],[137.375472603660171,35.535871387281013]]]]}},
{"type":"Feature","properties":{"整理NO":770,"name":"E260016","仮箇所":"h-21"},"geometry":{"type":"MultiPolygon","coordinates":[[[[137.378924726778081,35.537660784171599],[137.378895965380082,35.537504378101275],[137.378802865036249,35.537365724819672],[137.378557887020747,35.537117257289857],[137.378416052937695,35.537015478609199],[137.37824053489777,35.536958758818116],[137.378051896952087,35.536953743309994],[137.377872240232591,35.537001019711376],[137.377722613665441,35.537095049037084],[137.377489474835045,35.537302346115858],[137.377373015189306,35.537463125138196],[137.377338305247065,35.537547113416295],[137.377309550436962,35.537677927788586],[137.377328726746384,35.537809909317758],[137.377379609979101,35.537962440711013],[137.377456958245602,35.538098908689207],[137.377584935616937,35.538206976045196],[137.377749290294901,35.538274608057684],[137.378200948566501,35.538388304428672],[137.378367822920467,35.53840825364211],[137.378534269089783,35.538386042843719],[137.378684716254469,35.538323749825764],[137.378805090348209,35.538227202011143],[137.378884130702914,35.538105431283817],[137.378914443454477,35.537969829043476],[137.378924726778081,35.537660784171599]]]]}},
{"type":"Feature","properties":{"整理NO":771,"name":"E260017","仮箇所":"13-k1"},"geometry":{"type":"MultiPolygon","coordinates":[[[[137.379131900208563,35.539879502605643],[137.379089535267639,35.539725130520381],[137.378984510470247,35.53959223583783],[137.378829767449133,35.539497194110439],[137.378644374008928,35.539451716526422],[137.37830544670652,35.539419678280822],[137.378130149114497,35.539426079571243],[137.377966187766447,35.539477170480147],[137.377830166260424,35.539567777281604],[137.377665552207674,35.539718972834748],[137.377544501590961,35.53990302081823],[137.377463377922425,35.54015296220711],[137.377445650472481,35.540291364477248],[137.377480425341361,35.540427589558576],[137.377564387477918,35.540548650282602],[137.37768953241843,35.540643005139032],[137.377843929349211,35.540701658628521],[137.378012858548146,35.540719018894606],[137.378628022225826,35.54070396633989],[137.378805185774127,35.540675456777819],[137.378961582945578,35.540601699413294],[137.379080443727503,35.540490603069493],[137.37914902318397,35.540354080297824],[137.379159968027949,35.540206769989808],[137.379141979015117,35.540065651486337],[137.379131900208563,35.539879502605643]]]]}},
{"type":"Feature","properties":{"整理NO":772,"name":"E260018","仮箇所":"h-22"},"geometry":{"type":"MultiPolygon","coordinates":[[[[137.380171820623076,35.537549393329932],[137.380167623763214,35.537397254987923],[137.380101720894828,35.537254930717765],[137.379981625690391,35.537138646460768],[137.379737949638667,35.536970861342382],[137.379555581431333,35.536887581491989],[137.379348399472889,35.53686572907894],[137.378954315403973,35.536885805189634],[137.378766724969779,35.536923035082559],[137.378606330491209,35.537010835019366],[137.378492790938594,35.53713844374272],[137.378440022660925,35.537290220744481],[137.378421815835793,35.537437177719461],[137.377994009508427,35.538035234210277],[137.377930690460602,35.538168919144006],[137.377921935094008,35.53831209377671],[137.37796862947053,35.53845027316305],[137.378066049770382,35.538569477655955],[137.378296447231776,35.538772176614515],[137.37842987835333,35.538858135647047],[137.378588992644808,35.538906812869904],[137.378758684873191,35.53891358718937],[137.37892284555906,35.538877815496491],[137.379596883311791,35.538634940996594],[137.379739588392795,35.538560263253927],[137.37984781202033,35.538453693339839],[137.379856784921344,35.538441417374493],[137.379868416782102,35.538424703871613],[137.379962732447979,35.538282193685873],[137.379993736905703,35.538226656899141],[137.380064101967946,35.538074002289001],[137.380093554113046,35.537981159683156],[137.380171820623076,35.537549393329932]]]]}},
{"type":"Feature","properties":{"整理NO":773,"name":"E260020","仮箇所":"13-k4"},"geometry":{"type":"MultiPolygon","coordinates":[[[[137.381227937137709,35.540541682082242],[137.381237613661028,35.540730265778315],[137.381159462802344,35.541004672686853],[137.381146351689381,35.541137148065815],[137.381181086017193,35.541266988754209],[137.381260645362204,35.541382903268847],[137.381378111056677,35.541474811160306],[137.381966393051357,35.54181488149554],[137.382129621994181,35.541879397794467],[137.382309629017584,35.541897156767519],[137.382486952490211,35.541866238387414],[137.382642420929955,35.541789985424565],[137.382759225834604,35.541676642023951],[137.383087220175355,35.541224143072952],[137.383152440851205,35.54108710453049],[137.383160221039617,35.540940200695452],[137.383109732902483,35.540799068392239],[137.382973953307243,35.540568338449624],[137.38293216593874,35.540178595935757],[137.382853956620892,35.539983714628065],[137.382600889726234,35.539643679790942],[137.38248058805766,35.539530175558532],[137.382321340054432,35.539455277058806],[137.381994876810296,35.539356427372823],[137.381837463902826,35.539329223794915],[137.381677144428352,35.539340317645198],[137.381527567459102,35.53938876443047],[137.381401467528491,35.539470439546761],[137.381309580491035,35.539578389419603],[137.381171282590657,35.539805717796817],[137.381127568829754,35.539905623052107],[137.38111364199915,35.540011112658803],[137.381117199541364,35.540288220652947],[137.38115815014072,35.540453991824045],[137.381227937137709,35.540541682082242]]]]}},
{"type":"Feature","properties":{"整理NO":774,"name":"E260021","仮箇所":"h-25"},"geometry":{"type":"MultiPolygon","coordinates":[[[[137.38100119943482,35.538873738990567],[137.381003072020718,35.538885083661967],[137.381077940053245,35.539012245616156],[137.381197251595495,35.539114249451465],[137.381718068023702,35.539438304700028],[137.381865170289473,35.539503711362045],[137.38202950978453,35.539530010959801],[137.382195929354339,35.539514777861662],[137.38234907998887,35.539459417029306],[137.382474836538961,35.539369034430749],[137.382561600529471,35.539251966093367],[137.382601369890267,35.53911900924173],[137.382634560045432,35.538809201936843],[137.382608937816826,35.538628776564778],[137.382493832013267,35.538343394331946],[137.382407537209701,35.538210061807717],[137.382272250185963,35.538107470166018],[137.382103124741263,35.538047110811362],[137.381919104799096,35.538035744643821],[137.381740802550524,35.538074644796374],[137.381260086706874,35.538254354411769],[137.381112818812994,35.538335022208443],[137.381004479779051,35.538449717382782],[137.380946268314403,35.538586584402459],[137.380944201768926,35.538731475866079],[137.380998494047361,35.538869414842225],[137.38100119943482,35.538873738990567]]]]}},
{"type":"Feature","properties":{"整理NO":776,"name":"E260025","仮箇所":"h-29"},"geometry":{"type":"MultiPolygon","coordinates":[[[[137.387001683571867,35.542950196790088],[137.386846969920981,35.542929258543964],[137.386543939321427,35.542923951835704],[137.386343687398977,35.542950979774389],[137.385580350081568,35.543177827383758],[137.385430490843333,35.543245471977123],[137.385313236346605,35.543347420355744],[137.38523988772522,35.543473846730166],[137.385217514567728,35.543612566070614],[137.385248273479618,35.543750208482479],[137.385329200130599,35.543873507801365],[137.385452494867337,35.543970580214946],[137.385931227557762,35.544244543708409],[137.386023477370827,35.544416419906803],[137.386103769408379,35.54452284439386],[137.386216746748119,35.54460714487945],[137.386389854990597,35.544704098977583],[137.386563187159283,35.544768593826404],[137.386753026472775,35.544781051688794],[137.386936729241484,35.544739986614942],[137.387092383766799,35.544650296770541],[137.387865708610803,35.54401541272621],[137.387962729900238,35.543907590867285],[137.388016730140151,35.543781236277667],[137.388022947302517,35.543647492061659],[137.387980833335945,35.54351815295356],[137.387887379070634,35.543341995462711],[137.387805305458755,35.543232980559125],[137.387689044458881,35.543147219926368],[137.387547973557446,35.543091630858463],[137.387001683571867,35.542950196790088]]]]}},
{"type":"Feature","properties":{"整理NO":778,"name":"E260026","仮箇所":"h-30"},"geometry":{"type":"MultiPolygon","coordinates":[[[[137.359573880415667,35.530764774854596],[137.359450489236053,35.530693532557102],[137.359286747551636,35.530628984807649],[137.359106227165626,35.530611472886527],[137.358928552107756,35.530642900482512],[137.358773037112712,35.530719851161159],[137.358656588040589,35.530833959742111],[137.358476640542335,35.531085218008428],[137.358410627828249,35.531229488149712],[137.358407901603329,35.531383503359585],[137.358468780646746,35.531529274295629],[137.358549381193939,35.531649673919603],[137.358640121677382,35.531749483179603],[137.358760775818354,35.531825223384708],[137.358902158400269,35.531871128506019],[137.359202547790716,35.531931138630227],[137.359362187226708,35.531943410883777],[137.359519395680167,35.531917617989684],[137.359660877321147,35.531855941371298],[137.359774666467445,35.531763597293761],[137.359851139601403,35.531648395683263],[137.359974723973977,35.531372705497432],[137.360007572747207,35.531242099250015],[137.359992234199723,35.531109352146956],[137.359930051091055,35.530986083097368],[137.359826466271272,35.530883081379073],[137.359690546230382,35.530809362310229],[137.359573880415667,35.530764774854596]]]]}},
{"type":"Feature","properties":{"整理NO":779,"name":"E260028","仮箇所":"h-31"},"geometry":{"type":"MultiPolygon","coordinates":[[[[137.374461797857634,35.533715936392866],[137.374487921727422,35.533579659012268],[137.374462396805711,35.533443305819752],[137.374387614341686,35.533319649456459],[137.374200499819722,35.533102084075701],[137.374063843913461,35.532991043046593],[137.373888789753266,35.532925219501479],[137.373696716602609,35.532912652410239],[137.373511082143551,35.532954876579268],[137.372612505516486,35.53330699955103],[137.372463603551722,35.533392586272782],[137.372356909081105,35.533513140211582],[137.372066517798515,35.533991689464855],[137.372016033711361,35.534120668108955],[137.372014701400417,35.534256082916244],[137.372081957796297,35.534638543688935],[137.3720756202475,35.53503908643183],[137.372100894796944,35.535179924426274],[137.372178645048905,35.535307294952815],[137.37230111545523,35.535408492503201],[137.372456089394774,35.535473422344374],[137.372628107800608,35.535495607528091],[137.372967205741816,35.53549502795719],[137.373110639078277,35.535479257498281],[137.373244111127917,35.535433523461087],[137.373358426412807,35.535360976673317],[137.373682918178758,35.53509232032053],[137.373774672052292,35.534991384266405],[137.373996032214052,35.534659440002827],[137.374005042722814,35.534645341603138],[137.374245074025197,35.534253055824834],[137.37427718798159,35.534188539167957],[137.374461797857634,35.533715936392866]]]]}},
{"type":"Feature","properties":{"整理NO":783,"name":"E260036","仮箇所":"h-40"},"geometry":{"type":"MultiPolygon","coordinates":[[[[137.376827293317888,35.524886347291186],[137.376725736931235,35.524933721995517],[137.376607411595216,35.525042150461353],[137.376537437960394,35.525175721851895],[137.37646160193276,35.525426104697672],[137.376448312238665,35.525580360403019],[137.376499587854994,35.525729208642403],[137.376609392714755,35.525855126338335],[137.376764800270422,35.525943289827659],[137.376947515206297,35.525983320023386],[137.377489222759891,35.526023031165565],[137.37768200761667,35.526009287712533],[137.377857106708774,35.525941931152758],[137.377992946685652,35.52582926027992],[137.378214987593054,35.52556491766142],[137.378299025931454,35.525406324705735],[137.378303869784133,35.525233536372447],[137.378187179934542,35.524677888323048],[137.378135161353526,35.524549730855632],[137.378039039915564,35.524439921852697],[137.377907443598104,35.524358317726012],[137.377752184477657,35.524312243204548],[137.377587198495718,35.52430583389598],[137.377427294627097,35.524339665094274],[137.377286825703379,35.524410700143989],[137.377010754380393,35.524602476022423],[137.376897907923166,35.524710126101638],[137.376831550593664,35.524841107810779],[137.376827293317888,35.524886347291186]]]]}},
{"type":"Feature","properties":{"整理NO":784,"name":"E260037","仮箇所":"h-41"},"geometry":{"type":"MultiPolygon","coordinates":[[[[137.384991938392147,35.52703511495227],[137.384994731220047,35.52689418622959],[137.384944137167025,35.526759443828873],[137.38484510464653,35.526644065740186],[137.384707319310223,35.526559336047804],[137.384377693906913,35.526416325713932],[137.38422822637736,35.526372627044402],[137.384069723624521,35.526365553522766],[137.383915325337057,35.526395691536329],[137.383777830965045,35.526460542679054],[137.383668638705245,35.52655473085683],[137.38359680062328,35.526670447942351],[137.383430717229089,35.527073167151613],[137.383401847850195,35.527213180277002],[137.383427696584903,35.527353587288815],[137.383505698165266,35.527480452515235],[137.383628110963656,35.527581184273828],[137.38378278529936,35.527645784652421],[137.383954369315006,35.527667841862417],[137.384394662363206,35.527667047872896],[137.384583039410046,35.527639561679372],[137.384748577089255,35.527561094566167],[137.384871334142815,35.527441099004207],[137.384936523018979,35.527294030100229],[137.384991938392147,35.52703511495227]]]]}},
{"type":"Feature","properties":{"整理NO":787,"name":"E260040","仮箇所":"17-k1"},"geometry":{"type":"MultiPolygon","coordinates":[[[[137.385997259990489,35.532559808214735],[137.386183311465658,35.53253301408698],[137.386347376332481,35.532456454303869],[137.386470193351585,35.532339117035136],[137.386689392887064,35.532037172620235],[137.386753954540296,35.531903118464989],[137.386763468933111,35.531759260379374],[137.386720644200693,35.531431831159132],[137.386664665217324,35.531276729016071],[137.386545313664897,35.531147762867434],[137.386377955040132,35.531061535734445],[137.385981855333483,35.530931452009355],[137.385825360150704,35.530900749135668],[137.385664685722304,35.530908295271395],[137.385513522098677,35.530953447458806],[137.3853847490129,35.531032358562371],[137.385289338518959,35.531138305044735],[137.38523542013769,35.531262259817282],[137.38511525078701,35.531759192544186],[137.385108000199978,35.531895197164467],[137.385142912885158,35.532158275671144],[137.385183446328199,35.532285613551778],[137.385267244584384,35.532397955438817],[137.385387165503488,35.532485726185492],[137.385532988020771,35.532541444871157],[137.385692283322356,35.532560362440918],[137.385997259990489,35.532559808214735]]]]}},
{"type":"Feature","properties":{"整理NO":789,"name":"E260045","仮箇所":"h-49"},"geometry":{"type":"MultiPolygon","coordinates":[[[[137.392199606474549,35.5292319207798],[137.392373602466705,35.529167968222005],[137.392510519510637,35.529059370559416],[137.392973910205683,35.528536094669789],[137.393010249029601,35.52848923559457],[137.39321195803609,35.5281898361591],[137.393272122908314,35.52805000197813],[137.393273539246309,35.527901775181483],[137.393216054154976,35.527761189740396],[137.393105886153478,35.527643452968782],[137.392954952401595,35.527561300551817],[137.392779579564234,35.527523618954511],[137.392152157616863,35.527476384070731],[137.391978141935027,35.527485928909542],[137.391816480081218,35.5275394295005],[137.39159204917533,35.527650279484519],[137.391570819152037,35.527661313496132],[137.39149671566571,35.527701797558585],[137.391327802850128,35.527721732690871],[137.391191081753675,35.527752963251892],[137.391068647669698,35.527811696541214],[137.390950963183258,35.527886325944337],[137.390773369621854,35.527876361649326],[137.390681592577664,35.527877472699544],[137.390193201012153,35.527916781818995],[137.39006489493724,35.527939971423237],[137.389663570795619,35.528054931537952],[137.389498907934609,35.528130027650512],[137.389374829256155,35.528246088792116],[137.389305847378523,35.528389540285062],[137.389300030861904,35.528543603759225],[137.389358060371137,35.528690259551333],[137.389516634446551,35.52893643115722],[137.389610138142757,35.529041426488654],[137.389736385217333,35.529120267235328],[137.389884892838694,35.529166406867617],[137.390043329694521,35.529176014179967],[137.390198539959414,35.529148291428747],[137.390397216528584,35.529087215389914],[137.390662390405339,35.5290878255392],[137.390914297916453,35.529156880006546],[137.391243773234919,35.52930504552522],[137.391439610553277,35.529357216947233],[137.391645205104055,35.529346993314746],[137.392199606474549,35.5292319207798]]]]}},
{"type":"Feature","properties":{"整理NO":790,"name":"E260046","仮箇所":"h-51"},"geometry":{"type":"MultiPolygon","coordinates":[[[[137.391832175769537,35.527925000839026],[137.391794146532362,35.527801617096173],[137.391715448017095,35.527691839153917],[137.391602352917772,35.527604416696846],[137.391463875368856,35.527546317575286],[137.391149847012173,35.527457655953704],[137.390966308567158,35.527432972430489],[137.390783174401093,35.527459587057358],[137.390621289086624,35.527534470524436],[137.390499078731011,35.527649099484542],[137.390430453736542,35.527790426654832],[137.390423225455123,35.527942365838754],[137.390482550461513,35.528311501795443],[137.390528610205195,35.528441683380578],[137.390619928212232,35.52855478724144],[137.390748248383801,35.528640587405192],[137.390901969059257,35.528691326460198],[137.391067191956523,35.528702416948477],[137.391356011436955,35.528686103366425],[137.391527815029093,35.528653265896388],[137.391678131574793,35.528577744909718],[137.391791566912246,35.52846727467287],[137.391856504093198,35.528333168641893],[137.39186629306289,35.528189160796963],[137.391832175769537,35.527925000839026]]]]}},
{"type":"Feature","properties":{"整理NO":792,"name":"E260052","仮箇所":"h-57"},"geometry":{"type":"MultiPolygon","coordinates":[[[[137.397503722717602,35.52670444880264],[137.397644059075844,35.526635356097955],[137.397753364021753,35.526535602954191],[137.397821986555698,35.526413997119207],[137.397843867836798,35.526281275791092],[137.397817076093077,35.52614915755801],[137.397743977108348,35.526029307703041],[137.397631025260694,35.525932308234452],[137.397312031567111,35.525729544802736],[137.397169950113437,35.525664192789684],[137.397010701118745,35.525635666477264],[137.396848209368301,35.525646460215313],[137.396696683181972,35.525695630197362],[137.396569372092529,35.525778876983374],[137.396477408341923,35.525888921427828],[137.396428833476307,35.526016141149256],[137.39637014154556,35.52632491959605],[137.396371153879414,35.526468452581277],[137.396427319344468,35.526604446317087],[137.396532941490278,35.526719107340782],[137.396677307491501,35.526800805855444],[137.396845774683328,35.526841255345325],[137.396895448227667,35.526846389121964],[137.397038035401209,35.526845932268415],[137.397175710442156,35.52681559751197],[137.397503722717602,35.52670444880264]]]]}},
{"type":"Feature","properties":{"整理NO":794,"name":"E260055","仮箇所":"h-62"},"geometry":{"type":"MultiPolygon","coordinates":[[[[137.409056732069956,35.532409383374478],[137.409044556796658,35.532291243458928],[137.408995114105267,35.532179786394501],[137.408911825508,35.5320827248621],[137.408728149330869,35.531919475274364],[137.408579275774485,35.531825806335874],[137.408400570446133,35.53177843358872],[137.408212780897344,35.531782856966224],[137.407904956966064,35.531833865714056],[137.407748680754963,35.531880718395293],[137.407616632029914,35.531963559878719],[137.407520846205642,35.532074839738108],[137.407330408826027,35.532387762516954],[137.407276998480882,35.532532329334465],[137.407285009004653,35.532683202665176],[137.407353734479898,35.532944584449396],[137.407424576651778,35.533087887983903],[137.40755048496564,35.533203199982879],[137.407716651645046,35.533276958700462],[137.407903533978896,35.533300489408717],[137.408089152787568,35.533271024668466],[137.408686185365042,35.533085025017343],[137.408825180014759,35.53302162402624],[137.40893622577525,35.532928409070053],[137.409010068208971,35.532813148677704],[137.40904055348301,35.532685448607246],[137.409056732069956,35.532409383374478]]]]}},
{"type":"Feature","properties":{"整理NO":795,"name":"E260056","仮箇所":"h-63"},"geometry":{"type":"MultiPolygon","coordinates":[[[[137.409701895881938,35.53206561535049],[137.409637585776721,35.531940915238991],[137.409530887970988,35.531837442050147],[137.409391422264179,35.531764524720273],[137.409231762633311,35.531728737310246],[137.40879404790013,35.531686706449406],[137.408639342709762,35.531689724601925],[137.408491756932392,35.531727765932438],[137.408362916519764,35.531797833770256],[137.408262970837797,35.531894408574637],[137.407931181152321,35.532325709064516],[137.407867873930826,35.532441549932123],[137.407846571884903,35.532567223384142],[137.407868963322784,35.53269277023746],[137.407940872021982,35.532892664484798],[137.40803935646403,35.533047125377756],[137.408202138901629,35.53315952543511],[137.408503436587182,35.533296306972183],[137.408665768730458,35.533344687203339],[137.408838448825975,35.533349622849684],[137.409004518681513,35.533310629203164],[137.40951520365843,35.533115603841665],[137.409655828165143,35.533038427333175],[137.409761156609534,35.532929999336275],[137.409821249020837,35.532800552491935],[137.409826120976049,35.532727225883249],[137.409827886767658,35.532727363865938],[137.409840477778516,35.532619701950587],[137.409826076969409,35.53246607226086],[137.409701895881938,35.53206561535049]]]]}},
{"type":"Feature","properties":{"整理NO":796,"name":"E260057","仮箇所":"h-64"},"geometry":{"type":"MultiPolygon","coordinates":[[[[137.4113344641232,35.529128559243802],[137.411267156090105,35.528996024563433],[137.411152295761752,35.528887503336989],[137.411001527659892,35.528813997277894],[137.410830136442229,35.528782958292894],[137.410330371555858,35.528759178281398],[137.410119873602582,35.528782679302765],[137.409935873882944,35.528869499337404],[137.409674492463267,35.529055911219551],[137.4095552679467,35.529176240700323],[137.409492902596838,35.529322455237228],[137.409494758534436,35.529477295201609],[137.409567584102547,35.529799968165946],[137.409619518471885,35.529924392065851],[137.409713168493198,35.53003127117762],[137.409840565717474,35.530111511257182],[137.409990870077024,35.530158284728564],[137.410151292267244,35.530167611659088],[137.410539320746182,35.530143659695611],[137.410777587319416,35.530082598412527],[137.411158764409947,35.529899096567888],[137.41129329476675,35.529808100835794],[137.411386268124147,35.529687279568897],[137.411428359195611,35.529548751477435],[137.411415346413037,35.529406411251152],[137.4113344641232,35.529128559243802]]]]}},
{"type":"Feature","properties":{"整理NO":797,"name":"E260058","仮箇所":"h-65"},"geometry":{"type":"MultiPolygon","coordinates":[[[[137.415674938323008,35.529830038652889],[137.415655446958539,35.529701038193444],[137.4155917297266,35.529581949629815],[137.415489086459019,35.529482678102539],[137.41520449555091,35.529276826219835],[137.415042983158543,35.529195596284431],[137.41485735561244,35.529163905303655],[137.414669572412663,35.529185502279475],[137.414501848059359,35.529257832320361],[137.414239321715144,35.529423792847304],[137.414126601823341,35.529519915151369],[137.414053160191258,35.529638766412027],[137.413921096443289,35.529965102100448],[137.413893271344335,35.53011400348695],[137.413927023134733,35.530262083741839],[137.414018582067882,35.530392802353369],[137.41415772123824,35.530491558027656],[137.414328898848311,35.530547319692907],[137.414712023965166,35.530614503868108],[137.414868658492423,35.530623281999112],[137.415021969125149,35.530595615194464],[137.41515952403455,35.530533746933934],[137.415450933605769,35.53035420267684],[137.415566558938593,35.530257583199287],[137.415641938119421,35.530137283701229],[137.415670291813313,35.530004123793326],[137.415674938323008,35.529830038652889]]]]}},
{"type":"Feature","properties":{"整理NO":798,"name":"E260059","仮箇所":"h-66"},"geometry":{"type":"MultiPolygon","coordinates":[[[[137.370188884047224,35.51556922979124],[137.37001828721003,35.515567564163455],[137.369714112797141,35.515555233288801],[137.369243588784798,35.515485723707343],[137.369080422567919,35.515481700331044],[137.368922969269818,35.515516922360042],[137.368785036130618,35.515588301142401],[137.36867871872343,35.515689577394646],[137.368613340299419,35.515811870063494],[137.368594634198587,35.515944455094257],[137.36862183677826,35.516602851826562],[137.368650485448399,35.516731801987731],[137.368723300245193,35.51684856120945],[137.368834123961022,35.516943256074057],[137.368973585174558,35.517007878944753],[137.369129890710269,35.517036965133379],[137.369522265935842,35.517061998168522],[137.369706406630712,35.517048316451373],[137.370081286135616,35.51696706634899],[137.370247356596337,35.516990729851777],[137.370436554292894,35.517041913914468],[137.370905108864122,35.517181884164202],[137.37109162781303,35.517209251110906],[137.371278461810647,35.517183360451575],[137.371443532697327,35.517107271685433],[137.371594871191576,35.517005958599938],[137.371706505323544,35.516904529755429],[137.371775897003886,35.516780435855708],[137.37186736838737,35.516517242749927],[137.372150022017422,35.51610102512889],[137.372207170139433,35.515976368418393],[137.372217283161319,35.515843499971467],[137.372179478972015,35.515714012269058],[137.371994189303365,35.515337508399213],[137.371929924204863,35.515242151776064],[137.371839566295762,35.515162177197034],[137.371353377747539,35.514824676972935],[137.371202350396089,35.514750116860334],[137.371030247837922,35.514718385420061],[137.370854698433902,35.514732732883381],[137.370603578585957,35.514787426887075],[137.370447718343428,35.514843644880649],[137.37032029433945,35.51493608602145],[137.370233475876262,35.515055922038506],[137.370195554475089,35.515191708364398],[137.370173564365928,35.515450560906686],[137.370188884047224,35.51556922979124]]]]}},
{"type":"Feature","properties":{"整理NO":799,"name":"E260060","仮箇所":"h-67"},"geometry":{"type":"MultiPolygon","coordinates":[[[[137.382419102565194,35.522209169818588],[137.382369475372599,35.522168286815088],[137.382236239494404,35.522087493115549],[137.382079636496712,35.522042759619929],[137.381913845713257,35.522038136635395],[137.381753878328823,35.522074042741508],[137.381614218285932,35.522147226892152],[137.381309589409312,35.522366107954504],[137.381194627242763,35.522481382101397],[137.381131819014513,35.522620969411079],[137.381128004980894,35.522769668465266],[137.381183600817877,35.522911285470421],[137.381292552218866,35.523030397811269],[137.381517749055092,35.523206416632682],[137.38163233773372,35.52327524152421],[137.381764647601869,35.52331781760261],[137.382295246897144,35.523426580413691],[137.382469133616979,35.523438936240119],[137.382639030162551,35.52340623395996],[137.382903718541058,35.523317234367809],[137.383040863749471,35.523250736354868],[137.383148993057006,35.523154932587019],[137.383219060991905,35.523037837555229],[137.383245206197586,35.522909246839518],[137.383225241717042,35.522779917643462],[137.383160837874698,35.522660668898119],[137.382970460534551,35.522412922993503],[137.382870006719514,35.522315896202272],[137.382740409095845,35.522245659305533],[137.382591976885749,35.522207799471445],[137.382436517488998,35.522205328349052],[137.382419102565194,35.522209169818588]]]]}},
{"type":"Feature","properties":{"整理NO":800,"name":"E260061","仮箇所":"h-68"},"geometry":{"type":"MultiPolygon","coordinates":[[[[137.382629474209921,35.513288777832607],[137.3825688875921,35.513250863861892],[137.38228648503511,35.513050704966709],[137.382161036089286,35.512983806838925],[137.382018192742549,35.512946988384094],[137.381659867643378,35.512896964220218],[137.381478245836888,35.512896426601969],[137.381306268754827,35.512944177361788],[137.381162606245596,35.513035032681699],[137.381062854454711,35.513159129291239],[137.380916170275128,35.513430645814772],[137.380870585519091,35.51358047835771],[137.380889527255164,35.513734098175107],[137.380970772836434,35.513873476503385],[137.381104787548253,35.513982255870502],[137.381301052591169,35.514094321620142],[137.38131735893657,35.514103283192846],[137.381505215741839,35.514202596873453],[137.381897743605606,35.514607998495471],[137.382058950572684,35.514720727734804],[137.38257510853154,35.514958968122947],[137.382753462243983,35.515010779629478],[137.382942738205344,35.515010210168356],[137.383380337771854,35.514946501409057],[137.383537540373794,35.514902852384083],[137.38367171771273,35.51482291468924],[137.383998104666858,35.514558463425026],[137.384102786847478,35.514440452321594],[137.384155920239834,35.514301294883893],[137.384151946051958,35.514155550412205],[137.38406075277959,35.513756538641729],[137.384010051014968,35.513634712442659],[137.383739349049989,35.513200324986322],[137.383635323382975,35.513084089866226],[137.383491762195234,35.513000621326007],[137.383323326772796,35.512958443594705],[137.38314721857347,35.512961864066419],[137.382981422599556,35.513010533427334],[137.382842870769394,35.513099481327288],[137.382629474209921,35.513288777832607]]]]}},
{"type":"Feature","properties":{"整理NO":801,"name":"E260062","仮箇所":"h-69"},"geometry":{"type":"MultiPolygon","coordinates":[[[[137.386383262031757,35.520176671952868],[137.386545471920897,35.520105753248771],[137.386670112078093,35.519995152660798],[137.386743305228634,35.519857184471988],[137.386756902348765,35.519707210009237],[137.386709389872209,35.519561927288272],[137.386528716374954,35.519238895516594],[137.386434120380216,35.519122107032011],[137.386300235432714,35.519034702930028],[137.386139993824912,35.518985125733309],[137.38596887357923,35.518978164183203],[137.385803403453991,35.519014490707249],[137.385659566480456,35.519090596470939],[137.385447911205603,35.519245584525621],[137.385337462929243,35.519357139035897],[137.3852755111362,35.519491425013058],[137.385268338250569,35.519634825288996],[137.385316671921288,35.519772798395209],[137.38545336784918,35.520010902087293],[137.385541582098909,35.520119935660965],[137.385664360604864,35.520203685095112],[137.385811373700193,35.52025510427886],[137.385970252697888,35.520269867139945],[137.38612763054519,35.520246731627338],[137.386383262031757,35.520176671952868]]]]}},
{"type":"Feature","properties":{"整理NO":802,"name":"E260063","仮箇所":"h-70"},"geometry":{"type":"MultiPolygon","coordinates":[[[[137.386656076625229,35.520268375400157],[137.386572893403098,35.520218441490442],[137.386403116143526,35.520174181878872],[137.386008112871309,35.520126581411098],[137.385849726071143,35.520126296986952],[137.385697777355603,35.520162841334113],[137.38556480932499,35.520233197905178],[137.385461797888951,35.520331559116016],[137.385397246275488,35.52044980571408],[137.385321448268513,35.520668912819566],[137.385300648529466,35.520789149079746],[137.38531986848588,35.520909560932992],[137.385377713040043,35.521021407101081],[137.385593877391642,35.52131949522682],[137.385695223190851,35.521421624795877],[137.385828316986363,35.521495488752649],[137.385981826468765,35.521534797892599],[137.385989536933209,35.521535796552428],[137.386002209690901,35.521674065915036],[137.386045107754654,35.52181766927572],[137.386142531896553,35.52194220131787],[137.386284001596351,35.522034265077139],[137.386454297821302,35.522083956439374],[137.387181058871903,35.522190897828239],[137.387359737397418,35.522193131431763],[137.387529902770439,35.522148524198421],[137.387673675392733,35.522061763102222],[137.388108118029749,35.521697038635679],[137.388217231094785,35.521565100312358],[137.388263398887744,35.521410373619304],[137.38824085666144,35.521252179741957],[137.388080147304407,35.52081760056722],[137.387992205080195,35.520676226760457],[137.387849803392072,35.520568513207337],[137.387670577524773,35.520507799221463],[137.38736639324452,35.520453245320823],[137.387265634260075,35.520393835465228],[137.387151196337356,35.520342006905047],[137.387025042753777,35.520313682977232],[137.386656076625229,35.520268375400157]]]]}},
{"type":"Feature","properties":{"整理NO":804,"name":"E260065","仮箇所":"h-72"},"geometry":{"type":"MultiPolygon","coordinates":[[[[137.391675630201007,35.517342332666928],[137.391642631274351,35.51721396118316],[137.391565817217042,35.517098795630353],[137.391451695156007,35.51700659174314],[137.391309932501656,35.516945160132842],[137.391120261908242,35.516890072101248],[137.390985404086308,35.516865903562682],[137.390847430439578,35.516869888794865],[137.390541442152369,35.516910482824436],[137.390380981274632,35.516953160248427],[137.390243827286497,35.517033521671671],[137.39014283076807,35.517144037717479],[137.390087454674159,35.517274353668611],[137.390082887674907,35.517412259617984],[137.390123163500448,35.517671000254914],[137.390176281234716,35.517814559704021],[137.390284077853607,35.517935919357846],[137.390434615527965,35.518021639126793],[137.390611222861537,35.518062225859936],[137.390836719189053,35.518082000196529],[137.390868876657663,35.518084044245349],[137.391119263317648,35.518093945646015],[137.391302323661336,35.518075945740748],[137.391467884459843,35.518009599817852],[137.391597424627321,35.517902329940625],[137.391676452824271,35.517766136263063],[137.391696128566338,35.517616254544151],[137.391675630201007,35.517342332666928]]]]}},
{"type":"Feature","properties":{"整理NO":805,"name":"E260066","仮箇所":"23-K2"},"geometry":{"type":"MultiPolygon","coordinates":[[[[137.392558448168074,35.513549242330924],[137.392510197828727,35.513613343135873],[137.392469873651862,35.513753197899199],[137.392485435559877,35.5138963218076],[137.392555302082002,35.514028167363549],[137.39271702006954,35.51423493476284],[137.392822009932445,35.514333849272305],[137.392957350027928,35.514403907655428],[137.393111611750555,35.514439193899442],[137.393271768604933,35.514436728286341],[137.393542291782353,35.514399980260627],[137.393730239305427,35.514344421850552],[137.393881605606509,35.514237725151268],[137.393976494151246,35.514093915168715],[137.394112111795152,35.513750645798204],[137.394138733738401,35.513619027246818],[137.394117064264407,35.513486802741959],[137.394049002192446,35.513365557270461],[137.393940511013653,35.513265913832036],[137.393801096341235,35.513196602716413],[137.393642973055876,35.513163696619948],[137.393158541337414,35.513123679833662],[137.392993027843232,35.513130478702315],[137.392837465686938,35.513177192455139],[137.392705915092165,35.513259598956829],[137.392610266130987,35.513370250031585],[137.392559164067649,35.513499144629485],[137.392558448168074,35.513549242330924]]]]}},
{"type":"Feature","properties":{"整理NO":806,"name":"E260067","仮箇所":"h-75"},"geometry":{"type":"MultiPolygon","coordinates":[[[[137.398174985301637,35.515556350663807],[137.398170746059918,35.515417132728473],[137.398114726701493,35.515285618829004],[137.398012275910503,35.515174365264514],[137.397873175306074,35.515093993931728],[137.397710705510292,35.515052178231045],[137.397408687882063,35.515014894077822],[137.39721971559527,35.515018361364952],[137.397043285265823,35.515073818798804],[137.396900141002959,35.515174745887485],[137.396807113408926,35.515309275941007],[137.396775140689101,35.515461591271801],[137.396775960536189,35.515748891798921],[137.396802659708982,35.515886407880814],[137.39687942398686,35.516010698512694],[137.396998926855332,35.516109900848967],[137.397149762518637,35.516174546544299],[137.397317534510478,35.516198465487058],[137.397578083514276,35.516202203990368],[137.397736955951103,35.516185451427837],[137.397883229341062,35.516132061271712],[137.398004551844764,35.516046541987706],[137.398090678652409,35.515936115127317],[137.398134337091676,35.515810105492996],[137.398174985301637,35.515556350663807]]]]}},
{"type":"Feature","properties":{"整理NO":807,"name":"E260068","仮箇所":"h-76"},"geometry":{"type":"MultiPolygon","coordinates":[[[[137.398454730529238,35.516747230344279],[137.398626913614208,35.5167082808019],[137.398774819060804,35.516626357256705],[137.39888291236457,35.516510064187877],[137.398939840651053,35.516371615882576],[137.398939625025974,35.516225553531257],[137.398887872109611,35.515969812808947],[137.398831098489325,35.515832343054313],[137.398723842768533,35.515716745611122],[137.398577221250576,35.515635001145384],[137.398406430012642,35.515595581728448],[137.398229169993584,35.515602572816782],[137.397875871761869,35.515664100466701],[137.397718571478435,35.515712963330373],[137.397586629194677,35.515798347499434],[137.397492339273356,35.515912296951818],[137.397444487770827,35.516044193939102],[137.397447533715336,35.51618174831718],[137.397495285676797,35.51640738784171],[137.397547652696773,35.516535727685429],[137.397644248456629,35.516645578257126],[137.397776368580196,35.516727040593665],[137.397932107372071,35.516772773855983],[137.398097430689148,35.516778656860687],[137.398454730529238,35.516747230344279]]]]}},
{"type":"Feature","properties":{"整理NO":808,"name":"E260069","仮箇所":"h-77"},"geometry":{"type":"MultiPolygon","coordinates":[[[[137.403965939724543,35.520397674672935],[137.403871304370426,35.520350834886457],[137.403501471566386,35.520207054260752],[137.403348710025142,35.520168637879273],[137.403188889176079,35.52016766092315],[137.403035442063015,35.520204205507028],[137.402901266039009,35.520275200033531],[137.402426629568225,35.520615445877951],[137.402307489223489,35.520736455388054],[137.4022456784366,35.520883346126276],[137.402248540317487,35.521038668261326],[137.402340639381805,35.521433877633811],[137.402402622973312,35.521571827321239],[137.40259861660175,35.521854418786063],[137.402701141657758,35.521960926345066],[137.402837763583051,35.52203769906351],[137.402996127272729,35.522077794127284],[137.403161911354914,35.522077585598517],[137.404341394180904,35.521929407827791],[137.404502118269903,35.521887903111597],[137.404639990550095,35.521808637174971],[137.404742123055399,35.521699019653056],[137.404798968818113,35.521569297356677],[137.404805214265309,35.521431596395807],[137.404760275844012,35.521298788644238],[137.404725953253489,35.521236516352552],[137.404594039594684,35.520890200503018],[137.404518310853007,35.520764575359621],[137.404399068338165,35.520664020619527],[137.403965939724543,35.520397674672935]]]]}},
{"type":"Feature","properties":{"整理NO":809,"name":"E260073","仮箇所":"h-78"},"geometry":{"type":"MultiPolygon","coordinates":[[[[137.407580728061674,35.517515634908904],[137.407588675301668,35.517388489707386],[137.407604965752,35.517189825669838],[137.407581651016898,35.517026678278633],[137.407488376120455,35.516881196642402],[137.407337530602064,35.516772704318448],[137.407046921524369,35.516630849778615],[137.406866905419406,35.516574997108947],[137.406674375850173,35.516573167454951],[137.406492820481105,35.516625584026968],[137.406344388240143,35.516725852254062],[137.406082050869259,35.516978066671911],[137.405980558191374,35.517123807788771],[137.405951265671803,35.5172897965967],[137.405977449074669,35.517777626075215],[137.406023720620794,35.517939598893562],[137.40613870142397,35.518076819390473],[137.406361591588279,35.518258746252393],[137.406465489233057,35.518325295316053],[137.406585757941457,35.51836974560522],[137.406877446386659,35.518444709190341],[137.407051212572497,35.518465398295398],[137.40722412097881,35.518440362271804],[137.407378627017835,35.51837214146466],[137.407499053428126,35.518267658061653],[137.407573181044484,35.518137513688103],[137.407657482684016,35.517894035656703],[137.407678231404418,35.517762990473045],[137.407651602019286,35.517632657791005],[137.407580728061674,35.517515634908904]]]]}},
{"type":"Feature","properties":{"整理NO":811,"name":"E260074","仮箇所":"h-81"},"geometry":{"type":"MultiPolygon","coordinates":[[[[137.410261460546764,35.51821293808873],[137.41015233879429,35.518231553950415],[137.410010090062002,35.518295234935174],[137.409896662484869,35.518390001668308],[137.409821873108257,35.518507652278295],[137.409792195006219,35.518638004300676],[137.409810196999075,35.518769775934757],[137.409874321253312,35.518891562460944],[137.410418870431897,35.519611016656114],[137.410542412138398,35.519725228293531],[137.410705463101806,35.519799229238167],[137.410889363720855,35.51982455076633],[137.411073068236249,35.51979829505926],[137.411235553333171,35.519723466846557],[137.411358224174108,35.519608629526104],[137.411537300469945,35.519368716553224],[137.411847267407012,35.519089929502663],[137.411935401495725,35.518983368627651],[137.411983125116677,35.518860793044539],[137.411986550774827,35.518732188060291],[137.41194539961586,35.518608030104602],[137.411656547033914,35.51806141838717],[137.411559937243368,35.517938388113855],[137.411420241636534,35.517847113823223],[137.411252160376762,35.517797200231669],[137.411073380498721,35.517793899691895],[137.410902714788506,35.517837559516877],[137.410512248869054,35.517998181977255],[137.41036905114521,35.518083055477952],[137.410266099467265,35.518200636138623],[137.410261460546764,35.51821293808873]]]]}},
{"type":"Feature","properties":{"整理NO":812,"name":"E260076","仮箇所":"h-82"},"geometry":{"type":"MultiPolygon","coordinates":[[[[137.416303085550624,35.516854722576788],[137.41614758714374,35.516749327619316],[137.415956092657751,35.516696801187244],[137.41565206729851,35.516661910746819],[137.415465090566158,35.516666657285668],[137.415290820988076,35.516722253629304],[137.415149326602091,35.516822297587531],[137.415056901369923,35.516955268577171],[137.414880617798957,35.517354716931493],[137.414877967817546,35.517360860313275],[137.414703545643306,35.517774728244916],[137.414675530035112,35.517882664821272],[137.414630105591158,35.518311502351025],[137.414641209841903,35.518448276551567],[137.414702090240922,35.518575995768494],[137.414807115407939,35.518682845641166],[137.415212465462872,35.51898617061957],[137.415371463565691,35.519069334358036],[137.415555456941661,35.51910377193866],[137.415742874727442,35.519085445995792],[137.415911744573378,35.519016505014392],[137.416042268737414,35.518905031435629],[137.416377125762239,35.518497500602983],[137.416454696847381,35.518354286707343],[137.416702603737178,35.517533966719355],[137.41671734746842,35.517394350793587],[137.416678926794162,35.517257781358879],[137.416591056398971,35.5171374616707],[137.416303085550624,35.516854722576788]]]]}},
{"type":"Feature","properties":{"整理NO":2310,"name":"E260004","仮箇所":"h-7"},"geometry":{"type":"MultiPolygon","coordinates":[[[[137.38080792338414,35.548703628843704],[137.381103048316334,35.549328413222547],[137.38119644872441,35.549457144104842],[137.381336280311217,35.549553782369415],[137.381507124148584,35.549607671832838],[137.381690141481783,35.549612870154739],[137.381865151133781,35.549568804121463],[137.382436211274552,35.549334269671292],[137.382562072293354,35.54926316403543],[137.382659182445195,35.549166532860959],[137.382897700955766,35.548847464180426],[137.382961015146464,35.548725324512702],[137.383034782929258,35.548492164930295],[137.383052341305756,35.548378751821225],[137.383034419606389,35.548265376676611],[137.382888387864512,35.547808742203564],[137.382831017332421,35.547695376154579],[137.382738365478275,35.547598853747864],[137.382617297240415,35.547526326591395],[137.382384136043271,35.547423210286851],[137.382245511814205,35.547380404867354],[137.38209794576133,35.547369312522676],[137.381952093380448,35.547390734213018],[137.38125062427963,35.547576003244345],[137.381105692933062,35.54763464816449],[137.380987809590351,35.547725131409798],[137.38069044581016,35.548032141088349],[137.380609217432067,35.548147785459584],[137.380572948930165,35.548277792982468],[137.380584815273323,35.548410783496038],[137.380643777969624,35.548535115669672],[137.38067596331058,35.548581245759244],[137.380759642078232,35.548672183392675],[137.38080792338414,35.548703628843704]]]]}},
{"type":"Feature","properties":{"整理NO":2315,"name":"E260022","仮箇所":"h-26"},"geometry":{"type":"MultiPolygon","coordinates":[[[[137.381088907296942,35.536993527690463],[137.381182176079079,35.537197077269994],[137.381244320417068,35.53729451127947],[137.381333463383271,35.537376758105445],[137.381523536992432,35.537514017354276],[137.381539995387527,35.537565696039572],[137.381578679727369,35.537808145712724],[137.381655858027813,35.53798608625285],[137.38207736930147,35.538545882236726],[137.382202940312851,35.538661873758329],[137.382369139340767,35.538736269670871],[137.382556338835116,35.538760284031724],[137.38274243103902,35.538731080810216],[137.382905438970994,35.538652108829638],[137.383437494479608,35.53828002389762],[137.383559038986732,35.53815935153596],[137.383622847456195,35.538012004125626],[137.383621245473279,35.537855704281185],[137.383585669523853,35.537698286771182],[137.383752098041072,35.537314320348116],[137.383783730456713,35.53715981319089],[137.383748747675497,35.537005789324986],[137.383651376543583,35.536870857350628],[137.383391509623891,35.536622529617986],[137.38301326981221,35.536232161469158],[137.382837821913284,35.536113145850599],[137.382248780323806,35.535859745357193],[137.382145311719171,35.535734680770304],[137.382036128129528,35.535637272599999],[137.381897080807562,35.535569926530854],[137.38174011691379,35.535538429014814],[137.38169804914159,35.535540268549333],[137.381625638913903,35.535507448471222],[137.381463908595407,35.535459258495599],[137.381291879731464,35.535454182224946],[137.381126319264411,35.53549271442342],[137.380983363718883,35.53557109951474],[137.380575155504687,35.535880451686623],[137.380473029498233,35.535984887392708],[137.38041287982287,35.536109216974666],[137.380399999820526,35.536242499491209],[137.380435523160685,35.536373006093299],[137.380516323998563,35.536489252158084],[137.380719878043607,35.536701194559058],[137.380835383740106,35.536835025384363],[137.380936384895676,35.536923774948882],[137.381062669712321,35.536987313869794],[137.381088907296942,35.536993527690463]]]]}},
{"type":"Feature","properties":{"整理NO":2316,"name":"E260023","仮箇所":"h-27"},"geometry":{"type":"MultiPolygon","coordinates":[[[[137.384640536288259,35.541893974964466],[137.384807039316428,35.541878067053887],[137.384959999924263,35.541822003819419],[137.385085281502739,35.541730966636614],[137.38517130564361,35.541613369157524],[137.385210122213181,35.541480079694601],[137.385198144051373,35.541343416751857],[137.385136478412591,35.541216010546833],[137.385036904792514,35.541076884748627],[137.385039410809839,35.540954617377977],[137.384957923353852,35.540527938358437],[137.384903756072077,35.540391775276369],[137.384800069724008,35.540276369630696],[137.384657328962277,35.540193368654165],[137.384489939837948,35.540151149132392],[137.384314795903265,35.540153972017066],[137.384149573318211,35.540201552413386],[137.383821299582564,35.540347529298295],[137.383641108224225,35.540475845082256],[137.383505840187354,35.540625692208884],[137.383422843741783,35.540759877899525],[137.383398469494949,35.54090891015997],[137.38341092662597,35.541202182288323],[137.383471096858244,35.541391796953533],[137.383621810489586,35.541632602841283],[137.383739267392457,35.541758939466298],[137.383903015178504,35.541844175954729],[137.384092757452976,35.541877747264365],[137.384640536288259,35.541893974964466]]]]}},
{"type":"Feature","properties":{"整理NO":2317,"name":"E260027","仮箇所":"14-k1"},"geometry":{"type":"MultiPolygon","coordinates":[[[[137.373168187163429,35.536470555792988],[137.373331334084355,35.536478775984364],[137.37349026067227,35.536447539884222],[137.373631000420914,35.536379592531127],[137.373741185159076,35.536280905148743],[137.37381113199055,35.536160150372744],[137.373834694209023,35.536027940076906],[137.373834491412254,35.535987666245411],[137.37382148453878,35.535892189104246],[137.373709659720731,35.535478930774261],[137.373668188305402,35.535380919436292],[137.373604390277791,35.535272492336709],[137.373504888390613,35.535155406209263],[137.373365624547091,35.535069580383229],[137.373200532899801,35.535023602168565],[137.373026131692711,35.53502207190914],[137.372859870592919,35.535065142715602],[137.372486799339129,35.535218412641974],[137.372401231566954,35.535261999334544],[137.372290093895828,35.535330892952345],[137.372173968150634,35.535428758580828],[137.372098957026452,35.535550529498849],[137.372015339674505,35.535760551957075],[137.371988388719018,35.535909212640398],[137.372022733061044,35.536056851469155],[137.372114554302868,35.536187052635547],[137.372253643128801,35.536285339136562],[137.372424534394952,35.536340782501362],[137.373168187163429,35.536470555792988]]]]}},
{"type":"Feature","properties":{"整理NO":2318,"name":"E260031","仮箇所":"h-35"},"geometry":{"type":"MultiPolygon","coordinates":[[[[137.377098574915863,35.531278685132968],[137.377041751177728,35.531373865576569],[137.377014552806088,35.531492710227077],[137.377026983480334,35.531613188837291],[137.377103864623166,35.531895974704966],[137.377170146955109,35.532031221922992],[137.377285749676588,35.532142117464126],[137.377438591956377,35.532217072248827],[137.377612701115652,35.532248253142008],[137.378142776692414,35.532271383024941],[137.378300397772648,35.532259665124144],[137.378447452257006,35.532211827752988],[137.378571822582131,35.532131812809247],[137.378903895079731,35.53184619969344],[137.379002082544162,35.531729408947442],[137.379051050695182,35.531593469015711],[137.379045958566593,35.531451819551513],[137.379042409452722,35.5314437496192],[137.379044513759567,35.531428258389667],[137.379036350966999,35.531286828694689],[137.378974911962473,35.531154448120489],[137.378758497147288,35.530845714407484],[137.378658318491716,35.530741840836363],[137.378541435473409,35.530651769118542],[137.37850308670599,35.530563541879289],[137.378420322396749,35.530439379572336],[137.378294567962683,35.530342290504322],[137.378138201233838,35.530281830917133],[137.377966613011552,35.530263951685491],[137.377447606126253,35.530276992562307],[137.377290864344531,35.53029972517335],[137.37714860092035,35.530358116388726],[137.377032675321431,35.530447298574671],[137.376952751513954,35.530559837267042],[137.376915492343329,35.530686350906976],[137.376924004060214,35.530816292897335],[137.376993941226488,35.531100704471726],[137.377059085794542,35.531240167114539],[137.377098574915863,35.531278685132968]]]]}},
{"type":"Feature","properties":{"整理NO":2319,"name":"E260035","仮箇所":"h-39"},"geometry":{"type":"MultiPolygon","coordinates":[[[[137.372712010533235,35.525275243884835],[137.372534569363523,35.525260907884537],[137.372360811251326,35.525293618056459],[137.372208910992839,35.525369952976654],[137.372094757191036,35.52548192813552],[137.372030290365615,35.525617831071955],[137.371954232790131,35.5259131488002],[137.371942405529779,35.526005652560897],[137.371942123863079,35.526302049145336],[137.371969072424008,35.526441583942884],[137.372047535994341,35.526567445105954],[137.372169806422193,35.526667267864944],[137.37232387178193,35.526731245459118],[137.372494596433711,35.526753092601069],[137.372935456948255,35.526752339482357],[137.373098655426958,35.526731848840775],[137.373247112993823,35.526672773101907],[137.373367514372404,35.526580410833368],[137.373449060772373,35.526463046084963],[137.373484438435895,35.52633120536025],[137.373502910493187,35.526101458854207],[137.373541531154416,35.525862538944935],[137.373539513123177,35.525733085276585],[137.373492561780068,35.525609441500542],[137.373404551485777,35.525501810026967],[137.373282744484356,35.525419071981617],[137.373137191633845,35.525368054405938],[137.372712010533235,35.525275243884835]]]]}},
{"type":"Feature","properties":{"整理NO":2320,"name":"E260032","仮箇所":"h-36"},"geometry":{"type":"MultiPolygon","coordinates":[[[[137.380068006957458,35.53130563429152],[137.380117559192229,35.531434278188257],[137.380211457472626,35.531545177216962],[137.380341293286705,35.53162840027516],[137.380495439774592,35.531676494641829],[137.380660092934107,35.531685153401234],[137.380918224340263,35.53166697376053],[137.381071438333038,35.531637767346417],[137.38120832400034,35.531574378907592],[137.381317736100101,35.531481969558868],[137.381390766382452,35.531368063288888],[137.381421468890863,35.531241934335604],[137.38144167199988,35.530932125896229],[137.381424747981214,35.530794836548438],[137.381357803427221,35.530668167069884],[137.381247113470693,35.530563990581662],[137.38110305352302,35.53049207182773],[137.380939126736138,35.530459151926792],[137.380770698345316,35.530468316535575],[137.380441238236557,35.530528582118372],[137.380287086349739,35.530577557519976],[137.380157637968637,35.53066170025761],[137.380064540633725,35.530773439373803],[137.380016171208098,35.530902720820855],[137.380016882107526,35.531037912079242],[137.380068006957458,35.53130563429152]]]]}},
{"type":"Feature","properties":{"整理NO":2322,"name":"E260041","仮箇所":"h-44"},"geometry":{"type":"MultiPolygon","coordinates":[[[[137.389629122569602,35.53306540904488],[137.389815235180805,35.533038591243212],[137.389979336685911,35.532961976799463],[137.390102148465218,35.532844566406894],[137.390169242799061,35.532700153433517],[137.390228120901384,35.532450872556701],[137.390235956354985,35.532325563850428],[137.390201225966422,35.532203345437487],[137.39009653507847,35.531981319269654],[137.390011468784223,35.531860703490935],[137.389885427043509,35.531767064828749],[137.389730437383918,35.531709338663035],[137.38956128954672,35.531693033443737],[137.389394124237811,35.531719705075517],[137.388883012249721,35.531871189334716],[137.388737179366899,35.531936161834416],[137.388621632844973,35.532033685829447],[137.388546857483078,35.532154912006703],[137.388519638606539,35.53228884027714],[137.388542446309231,35.532423317905661],[137.388593370020573,35.532563345586226],[137.388675916381374,35.532699949008212],[137.388836398366578,35.532880382562297],[137.388958704966882,35.532980229346094],[137.389112822543296,35.533044213879826],[137.38928360335089,35.533066047298433],[137.389629122569602,35.53306540904488]]]]}},
{"type":"Feature","properties":{"整理NO":2323,"name":"E260054","仮箇所":"h-61"},"geometry":{"type":"MultiPolygon","coordinates":[[[[137.4001315019255,35.524578545015842],[137.40007268694842,35.524717419698],[137.400071651158811,35.524864379755847],[137.400128504995109,35.525003799233929],[137.400237203551029,35.525120853875869],[137.400386189216988,35.525203097387454],[137.400492889482706,35.525243118071621],[137.400533959698578,35.525260002376221],[137.400690724128793,35.525301877614574],[137.400855625383741,35.525303974115189],[137.401013906896736,35.525266104268901],[137.401312533216725,35.525152705389146],[137.401455311168462,35.525074303023729],[137.401561586081726,35.524963747512594],[137.401621014149413,35.524831799468416],[137.401627811367689,35.524691301630632],[137.401581316422295,35.524555928839092],[137.401486054953523,35.524438857041645],[137.401383720579247,35.524347898360304],[137.401224495728428,35.524249883580453],[137.401013181609926,35.52416350820922],[137.400852378734896,35.524121411521769],[137.400683532562823,35.524121074948141],[137.400522480477008,35.524162530059158],[137.400384328828125,35.524241888457681],[137.400282036046605,35.524351706485454],[137.4001315019255,35.524578545015842]]]]}},
{"type":"Feature","properties":{"整理NO":2324,"name":"E260051","仮箇所":"h-56"},"geometry":{"type":"MultiPolygon","coordinates":[[[[137.39557984573571,35.526421003922948],[137.395469928149794,35.526495004857168],[137.395379230758408,35.526607926727387],[137.39533354276486,35.526737748238872],[137.3953369689184,35.526872806456346],[137.395389201656798,35.527000967930718],[137.39548554865317,35.527110718753228],[137.395617354301606,35.527192198969686],[137.396065742583716,35.527391032502656],[137.396233292521231,35.527438776202089],[137.396410716848891,35.52744054058865],[137.39657963796094,35.527396142908401],[137.396722559056087,35.527310181867961],[137.396824676522698,35.52719156128007],[137.396871479590317,35.52711268123975],[137.39691855381372,35.526993427833702],[137.39696104348576,35.52679427416404],[137.396964300480363,35.526656629489992],[137.396916576111494,35.526524602672993],[137.396822323622871,35.526410512724148],[137.396690337553906,35.526325004975014],[137.396372961779491,35.526177547048782],[137.396225134629958,35.526130342455467],[137.396066983184681,35.526119518431365],[137.395911612485264,35.52614597189789],[137.395771897161524,35.526207510818203],[137.39565941463573,35.526299035829275],[137.395583485794845,35.526412962778409],[137.39557984573571,35.526421003922948]]]]}},
{"type":"Feature","properties":{"整理NO":2325,"name":"E260044","仮箇所":"h-48"},"geometry":{"type":"MultiPolygon","coordinates":[[[[137.389913750507986,35.52974793322646],[137.390043970301861,35.529830799371979],[137.390198357567925,35.529878450867912],[137.390363080690975,35.529886618590744],[137.39052338201725,35.52985457078978],[137.39066490006411,35.529785178647813],[137.390709879399452,35.529754799843779],[137.391006573814735,35.529703106501593],[137.391154986825285,35.529658272546286],[137.391281711538312,35.529580828928857],[137.391376311397465,35.529477153651314],[137.391430995629605,35.529355785040927],[137.391441260839287,35.52922671854445],[137.391393394534163,35.528732835700538],[137.391357372263627,35.528604540850495],[137.391277540637532,35.528490225798294],[137.391160709415345,35.528399641554913],[137.3910168443023,35.52834051487855],[137.390858216877717,35.528317889210967],[137.390698357872111,35.528333694494933],[137.39009283603221,35.528469044041785],[137.389956802533305,35.528516233951727],[137.389840988418598,35.528591265370551],[137.389566933324176,35.528824060985428],[137.38947044995669,35.528936028178109],[137.389419560476028,35.529066514639837],[137.389418964371316,35.52920347092067],[137.389468716937301,35.529334250070839],[137.389564224078441,35.529446775497767],[137.389913750507986,35.52974793322646]]]]}},
{"type":"Feature","properties":{"整理NO":2326,"name":"E260047","仮箇所":"h-53"},"geometry":{"type":"MultiPolygon","coordinates":[[[[137.388109187492518,35.526102450202906],[137.387967468523613,35.526169674676716],[137.387856175902471,35.52626797883147],[137.387785139515444,35.526388680093511],[137.38776063376352,35.526521117654674],[137.38778482332836,35.52665359405794],[137.387855571900786,35.526774408360325],[137.387966630792448,35.52687288962283],[137.388115713953624,35.526970813727935],[137.388269676944873,35.527042155352746],[137.38844335865042,35.527069943352529],[137.388618862249615,35.527051314346508],[137.389119626727421,35.526929010278693],[137.389277491950054,35.526866670872266],[137.389403433756712,35.526766967639233],[137.389484716756783,35.526639982801484],[137.389513121680977,35.52649855730774],[137.389485776459395,35.526356992304898],[137.389405446542327,35.526229602975377],[137.389275687195493,35.526085826991959],[137.389146614793731,35.525983270070135],[137.388984012500146,35.525920165253787],[137.388805211936273,35.525903238804922],[137.388629271197232,35.525934294890511],[137.388109187492518,35.526102450202906]]]]}},
{"type":"Feature","properties":{"整理NO":2327,"name":"E260048","仮箇所":"h-52"},"geometry":{"type":"MultiPolygon","coordinates":[[[[137.385806850400911,35.524278775701269],[137.385704285059063,35.524387785696767],[137.38564670754397,35.524517006467235],[137.38563947922205,35.524654406038117],[137.385660295612865,35.524808218025605],[137.385708278946339,35.524948554779826],[137.385808526713333,35.525069041122912],[137.385950559975385,35.525157082328008],[137.386119531704907,35.525203475203014],[137.386297778800156,35.525203370160824],[137.386466668532222,35.52515677818289],[137.387139125663964,35.524865086010458],[137.387284228937347,35.524774067512531],[137.387384922601228,35.524649250215944],[137.387430124765984,35.524504371224815],[137.387414860910638,35.524355375510645],[137.387340811241472,35.524218661034503],[137.387216125638815,35.524109274050439],[137.386929704866105,35.523929780181412],[137.386794082614557,35.523867409252261],[137.386642543973437,35.52383850371389],[137.386487161597699,35.523845366388066],[137.386340314347251,35.523887450546177],[137.386213701145749,35.523961403463403],[137.385806850400911,35.524278775701269]]]]}},
{"type":"Feature","properties":{"整理NO":2329,"name":"E260050","仮箇所":"h-55"},"geometry":{"type":"MultiPolygon","coordinates":[[[[137.394566692477582,35.532602789430754],[137.394378788850275,35.532618692067729],[137.394208480828496,35.532685507932825],[137.394075760299756,35.532795393761369],[137.393996207058592,35.532935450425185],[137.393875696993888,35.533302021129778],[137.393858026103629,35.533389019935292],[137.393823917814387,35.533807438069402],[137.393835840954296,35.533935220958497],[137.393891282101464,35.534055094862929],[137.393985758788801,35.534157367482734],[137.394111632284961,35.534233769621864],[137.394489113991426,35.534400761047337],[137.394639793816737,35.534445731718392],[137.39479993267517,35.534453348211599],[137.394955976560681,35.53442296587486],[137.396010655003096,35.534078805705512],[137.396148308403781,35.534013699349266],[137.396257501557471,35.533919186070868],[137.396329150072717,35.533803129058001],[137.396357293226146,35.533675183828024],[137.396361761024878,35.53356513975956],[137.396465782589104,35.533248693603745],[137.396484395081842,35.533117521488961],[137.396455698241738,35.532987570136662],[137.396382155796573,35.53286999536256],[137.396270081226248,35.532774890457091],[137.396129095729748,35.532710419738244],[137.395971302278127,35.532682117704866],[137.394566692477582,35.532602789430754]]]]}},
{"type":"Feature","properties":{"整理NO":2330,"name":"E260070","仮箇所":"24-ｋ3"},"geometry":{"type":"MultiPolygon","coordinates":[[[[137.399942903851155,35.521343600246112],[137.399917279961244,35.521342885927929],[137.399734555427358,35.521363012589013],[137.39957016757154,35.521431270460575],[137.3994425036,35.52154002475114],[137.399365843222114,35.521677111017382],[137.399348761404752,35.521827195745246],[137.399393169136317,35.521973491417882],[137.399668443684078,35.522489494368266],[137.399761943340849,35.522608946252113],[137.399896218284084,35.522698732274904],[137.400057973916773,35.522749962627969],[137.400231194634756,35.522757564928057],[137.400398729607986,35.522720786461754],[137.400543990987444,35.522643268715804],[137.400951360773917,35.522341430884147],[137.401044903966039,35.522251164208434],[137.40110649141468,35.52214410694549],[137.401131879575388,35.522027635865435],[137.401146809234064,35.521754908348065],[137.401130789135209,35.521625085772449],[137.401069950728299,35.521504455608749],[137.400969393456165,35.521403128648821],[137.400837545767246,35.521329597725199],[137.400685458654465,35.521290025895759],[137.400376958782971,35.521248583025205],[137.400218064438718,35.521246215114793],[137.400064945899402,35.521281001387138],[137.399942903851155,35.521343600246112]]]]}},
{"type":"Feature","properties":{"整理NO":2331,"name":"E260071","仮箇所":"h-79"},"geometry":{"type":"MultiPolygon","coordinates":[[[[137.400376601120172,35.522159738753231],[137.40020316391653,35.52221777711113],[137.400063529183228,35.522319959861434],[137.399973832608026,35.52245447924436],[137.39994443941589,35.522605790764494],[137.399978746513767,35.522756409408885],[137.400034021260723,35.522878344714563],[137.400024881273509,35.522927834720193],[137.400029125102549,35.523082339198531],[137.40009696563402,35.523226588260052],[137.400220426409959,35.523343620941866],[137.400384990909629,35.523419676350031],[137.400571309385128,35.523445811735776],[137.401169227393524,35.523444650790438],[137.401335008461928,35.523423452600348],[137.401485310236183,35.523362466650468],[137.401606208933373,35.523267342628749],[137.401686504749904,35.523146892720554],[137.401718759390462,35.5230122752303],[137.401729289569232,35.522800634657941],[137.401714514467443,35.522677110838679],[137.401629186665019,35.52238653272574],[137.40156420901215,35.522257631612078],[137.401454153064265,35.522151132314761],[137.401309550201603,35.522077225728616],[137.401144237466724,35.522042983936835],[137.400974033530673,35.522051683513254],[137.400376601120172,35.522159738753231]]]]}},
{"type":"Feature","properties":{"整理NO":2332,"name":"E260075","仮箇所":"26-ｋ1"},"geometry":{"type":"MultiPolygon","coordinates":[[[[137.411937963379444,35.523080056851285],[137.412120624631797,35.523070973963478],[137.412289585582727,35.523013510475586],[137.412426229041415,35.522913998095888],[137.412515498910437,35.522783401726599],[137.412526156150051,35.522734440529433],[137.41255373894802,35.522684094119072],[137.412569695915465,35.522637892246777],[137.412585111231039,35.522452921237658],[137.412426267539871,35.52152561244516],[137.412381766719449,35.521400874491846],[137.412295586563346,35.521291699397565],[137.412174890147497,35.521207161330388],[137.412029709296291,35.521154286709958],[137.411872110784088,35.521137470223913],[137.411455341968662,35.521142535232094],[137.411283941584145,35.521167071486772],[137.411130433645383,35.52123406036899],[137.410622162446941,35.521549152775684],[137.410501768265846,35.521652004094712],[137.410426619169499,35.521780423696036],[137.410204527517976,35.522394171094781],[137.410181885335135,35.522524025137763],[137.410205937201681,35.522653709678949],[137.410274646141659,35.522772240454671],[137.410382192669118,35.522869577879518],[137.410519467650829,35.522937477418623],[137.410674843839757,35.522970187926198],[137.411937963379444,35.523080056851285]]]]}},
{"type":"Feature","properties":{"整理NO":2335,"name":"E260077","仮箇所":"h-83"},"geometry":{"type":"MultiPolygon","coordinates":[[[[137.413717158592988,35.519202363106658],[137.413737055218064,35.519328284670657],[137.41381769816644,35.5194614581644],[137.413946931042773,35.519565952393286],[137.414110704887491,35.519630407623417],[137.415412816947509,35.519940017231441],[137.415596000946863,35.519957313751945],[137.415775913847199,35.519924252882653],[137.415932424980753,35.519844533846921],[137.416048022245434,35.519727076490476],[137.416109771588367,35.519585023192029],[137.416202741135464,35.519151143552484],[137.416201011545041,35.518987926076022],[137.416128289063181,35.518835915980951],[137.416067116489188,35.518755236642413],[137.416037465966269,35.518312414214115],[137.415995900431682,35.518163735107784],[137.415896063042567,35.518034902400522],[137.415749386470139,35.517940668792534],[137.41557266678447,35.517891824981419],[137.415386140148286,35.517893964062516],[137.41521116566426,35.5179468410917],[137.4139044431424,35.518564303804361],[137.413773043188741,35.518650757561403],[137.413679766382643,35.518765646287775],[137.413633344585776,35.518898215195456],[137.413638123618142,35.519036054391314],[137.413693656361403,35.519166260563665],[137.413717158592988,35.519202363106658]]]]}},
{"type":"Feature","properties":{"整理NO":1156,"name":"E257001","仮箇所":"ks-1"},"geometry":{"type":"MultiPolygon","coordinates":[[[[137.361283205941987,35.776128160892299],[137.361204617642585,35.776058805129857],[137.361067853444524,35.775971022631659],[137.360904378779594,35.775922235561694],[137.360730392749502,35.775917278341282],[137.360563136001673,35.775956642192938],[137.360419182396726,35.77603642646605],[137.360312796733638,35.776148725143543],[137.359828774952661,35.776871787033038],[137.3597728586046,35.776995698444509],[137.359763405655855,35.777127497421517],[137.35980122755663,35.777255873357227],[137.359883078739131,35.777369809348755],[137.36000193507553,35.777459527650826],[137.360147596631919,35.77751732880099],[137.360368734438822,35.777574290032362],[137.360463671825443,35.777591437961227],[137.360829942972828,35.777630488809322],[137.36099192043946,35.777628258596835],[137.36114615569565,35.777587876966166],[137.361279414741631,35.777512808827723],[137.361380263499456,35.777409495323077],[137.361440048915284,35.777286801128369],[137.361622637184837,35.776654159116447],[137.361634363297242,35.776504393540094],[137.36158509584908,35.776359793538525],[137.361480297950152,35.776236392450883],[137.361331589821816,35.776147873002394],[137.361283205941987,35.776128160892299]]]]}},
{"type":"Feature","properties":{"整理NO":1157,"name":"E257004","仮箇所":"ks-2"},"geometry":{"type":"MultiPolygon","coordinates":[[[[137.342823995477403,35.762236869700189],[137.342757722507486,35.762316407657963],[137.342709425247619,35.76244519202065],[137.342709968239774,35.762579857488696],[137.342759303241792,35.76270838031116],[137.342922495078568,35.762981505203037],[137.343012664336726,35.763089290895103],[137.343136933726555,35.763171511398362],[137.343284890597943,35.763221277323211],[137.343444137403196,35.763234418692356],[137.343765532448259,35.763222796119841],[137.343900521160407,35.76320408278864],[137.34402572913325,35.763158908204687],[137.34449646487974,35.76292846599349],[137.344612375389204,35.762852753980539],[137.344968646157469,35.762547522247637],[137.34505808424538,35.762445632984821],[137.345109653128247,35.762327613184659],[137.345119367999899,35.762202582810708],[137.345086478341415,35.762080203525201],[137.344996759644914,35.761882993191819],[137.344930941309485,35.761780816337136],[137.344835444259473,35.76169561301284],[137.344788169082307,35.761663014559232],[137.344827144520593,35.761581300752304],[137.34483686771307,35.761440310385865],[137.344808131225278,35.761209578164411],[137.344759799369712,35.761065763291953],[137.344656538068364,35.760942674272094],[137.344626169825432,35.760924296898878],[137.344719984043365,35.760817326906746],[137.344772119607626,35.760687514783946],[137.344774148256533,35.760550934458827],[137.344701429315592,35.76013039608624],[137.344647674541818,35.759990458287248],[137.344541647929873,35.759871993421243],[137.344394574024619,35.759787542591965],[137.344222022624336,35.759746046026734],[137.343213829219707,35.759644035974553],[137.343043067003094,35.759648436185202],[137.342882104275503,35.759695115942883],[137.342746308429753,35.75977961865803],[137.342648644235965,35.759893876704268],[137.342598436081488,35.76002698162074],[137.342552514402485,35.760286636045294],[137.342445849834036,35.760555782344227],[137.342423769631608,35.760635743132212],[137.342376214950917,35.760931467225063],[137.342382151912631,35.76107796564586],[137.34244164240738,35.761321714220209],[137.342464451426707,35.761388124531393],[137.342585277648539,35.761658301322299],[137.342616972235248,35.761716164171652],[137.342672996300536,35.761801719658934],[137.342678620852297,35.761936343053549],[137.34270408636678,35.762057026817715],[137.342768471299991,35.762167668275879],[137.342823995477403,35.762236869700189]]]]}},
{"type":"Feature","properties":{"整理NO":1159,"name":"E257006","仮箇所":"ks-4"},"geometry":{"type":"MultiPolygon","coordinates":[[[[137.342729139052295,35.75603466208343],[137.342467399310095,35.7557755406864],[137.342316904801152,35.755671653665523],[137.342131253047938,35.755617428106838],[137.341934063058915,35.755619762689747],[137.341600902183131,35.755673067303718],[137.341462268435038,35.755711341638396],[137.341340813622509,35.755777926786912],[137.341245049540419,35.755868156357984],[137.341053358354173,35.756106411280321],[137.340978129098943,35.756248181825725],[137.340966047624875,35.756402331396899],[137.341026348525986,35.756853897062655],[137.341057410132265,35.756961412219219],[137.341119623274693,35.757059539740929],[137.341436393164145,35.757437082887421],[137.341568025375437,35.757547417984746],[137.341737529239197,35.757615218171232],[137.34203924675208,35.757687166817703],[137.34221468135155,35.757704997104632],[137.342388052308479,35.757676781047103],[137.34254163413604,35.757605403463444],[137.342659724683188,35.757498162004964],[137.342801604002631,35.757318095372263],[137.342804304645682,35.757316814095347],[137.342960677544738,35.757206009977523],[137.343056029993249,35.757056067211742],[137.34314539375643,35.756811730916041],[137.343168395523378,35.756688565173789],[137.343149148592687,35.756564972301163],[137.343089123956389,35.756450396970237],[137.342992908694782,35.756353594716643],[137.342938145458561,35.756311907806236],[137.342898653162962,35.756223653183355],[137.342817211309921,35.75610302899392],[137.342729139052295,35.75603466208343]]]]}},
{"type":"Feature","properties":{"整理NO":1161,"name":"E257007","仮箇所":"ks-6"},"geometry":{"type":"MultiPolygon","coordinates":[[[[137.329650501519183,35.746128587697157],[137.32965057275095,35.746130637617917],[137.329651549527853,35.746133003372712],[137.329666593799658,35.746196390792313],[137.329672803503001,35.746210614871842],[137.329701953724395,35.746255082196029],[137.329702645980234,35.746256758834967],[137.329704253662925,35.746258590644175],[137.329750102748221,35.746328531195921],[137.329861726594459,35.746418956181003],[137.330274429279541,35.74676646471228],[137.330404392303478,35.746847515440194],[137.330557766380338,35.746894002308224],[137.330721114726998,35.74690185269165],[137.33088012669225,35.746870378833393],[137.331020871546031,35.746802338099769],[137.331131018976237,35.746703691401706],[137.33126136127666,35.746544963776643],[137.331280377767371,35.746520092978102],[137.331497686824093,35.746214153000828],[137.33157036844068,35.746024000116591],[137.331587529962604,35.745847850659878],[137.331574347854314,35.745708179917216],[137.331509196096562,35.745578555855289],[137.331398369421947,35.745471501837407],[137.331252575232099,35.745397360624729],[137.331085899101026,35.745363295165625],[137.330914443962797,35.745372596594422],[137.33011022467025,35.745520920153687],[137.329927048890028,35.745584693531235],[137.32990102812829,35.745598735996808],[137.329782403754933,35.745685125546061],[137.329698862858862,35.745795474310675],[137.329657321627934,35.745920646936149],[137.329657153923762,35.745921782111949],[137.329653353196107,35.745928871062397],[137.329635042100534,35.746063450985439],[137.329650501519183,35.746128587697157]]]]}},
{"type":"Feature","properties":{"整理NO":1162,"name":"E257008","仮箇所":"ks-7"},"geometry":{"type":"MultiPolygon","coordinates":[[[[137.331269159789514,35.749278784136003],[137.331246066727402,35.74924075243667],[137.331074661004322,35.748989020500218],[137.330957007316613,35.748869767820231],[137.330797183527807,35.748789485093987],[137.330613618006396,35.748757429218827],[137.330427476507708,35.748777296349857],[137.33026022179294,35.74884679573892],[137.329854390015811,35.74909414844317],[137.329721965483543,35.749209404112477],[137.329646444318172,35.749354824551062],[137.329637098932352,35.749512555803591],[137.329695077088445,35.749663232353427],[137.329697698893483,35.74966733705206],[137.329689137770742,35.749889166304307],[137.32969643275888,35.749977654348591],[137.329766221600806,35.750317931018422],[137.329808517477375,35.750577519447667],[137.329817929439685,35.75087423425461],[137.32980269132338,35.751068387513577],[137.329810349033522,35.751177188031271],[137.329849820881435,35.751281309220303],[137.330003071899114,35.751560360638244],[137.330108214292977,35.751687781271016],[137.33025973680077,35.751779027784657],[137.330440047139746,35.751823506074309],[137.330753182518464,35.751854969488221],[137.330964005073128,35.751842977768398],[137.331153905724221,35.751767382018585],[137.331573866673523,35.751508973004896],[137.331704854793117,35.751394221340163],[137.331779706036627,35.751249839156671],[137.331789366384271,35.75109329155724],[137.331747324726223,35.750819507036283],[137.331667279443423,35.750636246550862],[137.331391663504121,35.750277555182009],[137.33136252641188,35.750201757195214],[137.331468905002254,35.749980015600357],[137.331506768493057,35.749806916970982],[137.331460497459773,35.749635181485516],[137.331269159789514,35.749278784136003]]]]}},
{"type":"Feature","properties":{"整理NO":1163,"name":"E257009","仮箇所":"ks-8"},"geometry":{"type":"MultiPolygon","coordinates":[[[[137.330334896616932,35.753183822191794],[137.330325093190538,35.753294996375203],[137.330342324953648,35.753443389348689],[137.330417994701122,35.753579084487043],[137.330543825363833,35.753687238420497],[137.330706052730505,35.753756020395386],[137.330886931065436,35.753777906458694],[137.331793086112043,35.753764037966334],[137.331953287374887,35.753742130607009],[137.332098763657484,35.753683218220793],[137.332216957271669,35.753592386213832],[137.332297665700708,35.753477475320494],[137.332543101979809,35.752965507289957],[137.332577932383202,35.752849068685144],[137.332573881718474,35.752729264070425],[137.332531236618081,35.752614566012063],[137.332470082354092,35.752505189157709],[137.332362703190171,35.752377351033246],[137.331852687983712,35.751951276514177],[137.331761495679359,35.751889862450007],[137.331604920634732,35.751805635081404],[137.33138000313528,35.751597641359091],[137.331230878125268,35.751500395287536],[137.331050061738154,35.751450308480884],[137.330859127375447,35.751453356842703],[137.330680855567039,35.751509176671426],[137.329976558282482,35.751853562040047],[137.329854831466861,35.751934242082854],[137.329765806832825,35.752039545952954],[137.329716652975634,35.752160994354867],[137.329711328072051,35.752288807960397],[137.329750261104124,35.752412694852936],[137.329933568601973,35.752772981163382],[137.330027561996786,35.752896521743686],[137.330334896616932,35.753183822191794]]]]}},
{"type":"Feature","properties":{"整理NO":1164,"name":"E257010","仮箇所":"ks-9"},"geometry":{"type":"MultiPolygon","coordinates":[[[[137.331415657053157,35.755278776122736],[137.331419520019267,35.755287826194994],[137.331534099745681,35.755405693222329],[137.331689875500643,35.755486270016107],[137.332127452282975,35.755636159907276],[137.332300105278733,35.755670081555458],[137.33247704527389,35.755657634962823],[137.332640015935681,35.755600104345838],[137.332772202327106,35.75550342559697],[137.332859965893647,35.755377573805227],[137.332894251653329,35.755235534014325],[137.332906777791379,35.754925953788593],[137.332900908643524,35.754843958858665],[137.332866339724546,35.7546569204249],[137.332798818806737,35.754499261383081],[137.332665507687636,35.754372465129677],[137.332521082301184,35.754278059499043],[137.33251465221818,35.754250412456372],[137.33245141360436,35.754110662179791],[137.33233574415928,35.753995347633932],[137.332180279334267,35.753917065312677],[137.332002001503298,35.753884366430661],[137.331820384919808,35.753900822862711],[137.331655268530369,35.753964636985948],[137.331524688959604,35.754068838034406],[137.331095472247597,35.754548678422047],[137.331013850526148,35.754681464695786],[137.330989611670475,35.754828666465485],[137.331025388422773,35.754974297073787],[137.331117295580526,35.755102540414661],[137.331255351820772,35.755199468645735],[137.331415657053157,35.755278776122736]]]]}},
{"type":"Feature","properties":{"整理NO":1169,"name":"E257018","仮箇所":"ks-14"},"geometry":{"type":"MultiPolygon","coordinates":[[[[137.340963815993348,35.733771352120201],[137.341068991726985,35.733652240522581],[137.341121649679224,35.733511890823017],[137.341116205399771,35.733365188054144],[137.341053236595059,35.733227690954728],[137.340873513322435,35.732972306805983],[137.340760520623917,35.732859189501454],[137.340609131332229,35.732781427984854],[137.34043520869119,35.73274717041231],[137.340256976971204,35.732760006419817],[137.340093111942821,35.732818591004346],[137.339943258218625,35.732897910484233],[137.339889560795825,35.7329302521564],[137.339869383007624,35.732944015547154],[137.339834757524699,35.732952932392067],[137.339672782896685,35.733020201564194],[137.339546329544675,35.73312667340803],[137.339469073406093,35.733260833123822],[137.339449369932737,35.733408171439521],[137.33948935036338,35.733552753747212],[137.339637708748285,35.733849611650228],[137.339734173098179,35.733976847624298],[137.339876400716719,35.734071332442092],[137.340048723655912,35.734122657470685],[137.340232158466733,35.734125168630158],[137.340350261068011,35.734110621483822],[137.34048140767112,35.734080629183069],[137.340599576978718,35.734025398843627],[137.340777403394583,35.733916536481651],[137.34083552844956,35.733875501050385],[137.340963815993348,35.733771352120201]]]]}},
{"type":"Feature","properties":{"整理NO":1170,"name":"E257024","仮箇所":"ks-15"},"geometry":{"type":"MultiPolygon","coordinates":[[[[137.340497725895545,35.732243721288839],[137.340462194536002,35.732129409946744],[137.340391510895444,35.732026527183962],[137.340290514502357,35.731942116942236],[137.340061085987827,35.731794957771527],[137.339925232295059,35.731730926168169],[137.339772784556345,35.73170060338218],[137.339616029271923,35.731706433272265],[137.339467600091211,35.731747945980523],[137.339339459655577,35.73182179579856],[137.339186484601385,35.731939805321247],[137.339078502151125,35.732055327443092],[137.339002915797636,35.732171044530077],[137.338958544295338,35.732261279731716],[137.338933763115307,35.732333375844952],[137.338655610464031,35.732779162636433],[137.338558037123249,35.732866280556948],[137.338457126432445,35.732994609497069],[137.338414457655915,35.733143026506141],[137.338434912791513,35.733294551408967],[137.338516151922704,35.733431848368149],[137.338648880777441,35.733539209272912],[137.338908981530551,35.733687895573738],[137.339063107529768,35.733749467233793],[137.339232967600225,35.733769523577777],[137.339402184572066,35.733746130860609],[137.339554443283674,35.733681544507299],[137.339675063688986,35.733581991644272],[137.33982173476906,35.733415686565245],[137.339834602114081,35.733400446151073],[137.340227451706312,35.732914058265884],[137.340298118288047,35.732849245022635],[137.340370323172465,35.732788819748251],[137.340465738275554,35.732680797319091],[137.340518286723665,35.732554759658129],[137.340523383944372,35.732421703377568],[137.340497725895545,35.732243721288839]]]]}},
{"type":"Feature","properties":{"整理NO":1172,"name":"E257013","仮箇所":"ks-17"},"geometry":{"type":"MultiPolygon","coordinates":[[[[137.342697833360347,35.742183884552674],[137.342797580532533,35.742015238131408],[137.34285244110464,35.741817757351562],[137.342851073552197,35.7415282510933],[137.34283224778261,35.741413361564142],[137.342688273354042,35.740975222180346],[137.342611973335295,35.740839079447596],[137.342485190499218,35.740730818066183],[137.342321909641555,35.740662379677985],[137.342140141268544,35.740641313274132],[137.341763084466095,35.740649190671057],[137.341585385756645,35.74067705715877],[137.341428245542886,35.740750214576103],[137.341308502177185,35.740860823778519],[137.341238986914192,35.740997032455468],[137.341227148949031,35.741144245124282],[137.341261024806641,35.741422448754172],[137.341185556548055,35.741660272498308],[137.341175226074142,35.741700204217615],[137.34112166519796,35.741966426876168],[137.341118129345688,35.742091802525238],[137.341159218911542,35.742377798972441],[137.341162831703144,35.742398697297475],[137.341205086257503,35.742607597746094],[137.341252490149344,35.742889511961238],[137.341238715993171,35.743085916827354],[137.341238925971936,35.743140204789327],[137.341258021500607,35.743385346710163],[137.341141041334481,35.743547752548771],[137.341074613449564,35.743691970048566],[137.341071644422101,35.743846001127757],[137.341146312254608,35.744232937292232],[137.341198661558622,35.744365590443124],[137.341337668505759,35.744590638816874],[137.341467278613493,35.744727038273751],[137.341592722632299,35.744816568410997],[137.341723932006971,35.744886193932324],[137.341873822912703,35.744923040449201],[137.34203037408227,35.744924152863923],[137.342181030068446,35.744889441961092],[137.342313708242244,35.744821691562969],[137.342784212135314,35.744497523301256],[137.342891820352861,35.744397741253103],[137.342959063432829,35.744276715751191],[137.342980097497787,35.744144965071641],[137.3429530947204,35.744013939559196],[137.342880402102594,35.743895026481098],[137.342849120075442,35.74386809871573],[137.342875539079472,35.743818345179761],[137.342892232023758,35.743679482046531],[137.342856534689474,35.743175963448223],[137.342910091057576,35.74298448864981],[137.342918843993203,35.742945262550222],[137.342966772159429,35.742659091269346],[137.342964420742874,35.742524462932586],[137.342913392773198,35.74239640888171],[137.342818242861625,35.742286358315454],[137.342697833360347,35.742183884552674]]]]}},
{"type":"Feature","properties":{"整理NO":1173,"name":"E257014","仮箇所":"ks-18"},"geometry":{"type":"MultiPolygon","coordinates":[[[[137.343356126548002,35.740169273042127],[137.343286639039803,35.740034310266616],[137.343167766008634,35.739924620317275],[137.34301204625055,35.739851773197913],[137.342835904973043,35.739823452736992],[137.342527153394968,35.739815494713085],[137.342349754832014,35.739834543185395],[137.34218911228561,35.739898790998822],[137.342062056501845,35.740001506842304],[137.341981899438338,35.740131929035911],[137.341957039536936,35.740276393009914],[137.34196587105555,35.740587068092886],[137.341957921244813,35.740658550105636],[137.341968734958726,35.740796675707394],[137.342030452584424,35.740925612303826],[137.342137253459782,35.741033199264329],[137.342279064792621,35.741109289502447],[137.342442511648898,35.741146706528369],[137.342825917445822,35.741184264347496],[137.343001020838614,35.74117860890852],[137.343165154529714,35.741128554984847],[137.343301824085955,35.741039132700443],[137.343397295169382,35.740919328443873],[137.343441973760008,35.74078118175904],[137.343460172076135,35.740631240570245],[137.343447752963101,35.740482226400893],[137.343356126548002,35.740169273042127]]]]}},
{"type":"Feature","properties":{"整理NO":1174,"name":"E257015","仮箇所":"ks-19"},"geometry":{"type":"MultiPolygon","coordinates":[[[[137.343111366497169,35.740104131428545],[137.343241922713645,35.740000572895475],[137.343324107252386,35.739868042389517],[137.343348996771198,35.739720930069616],[137.343313889092258,35.739575209307695],[137.34322259647314,35.739446702298551],[137.343085031550771,35.739349362119242],[137.342916130968689,35.739293757762262],[137.342261978423267,35.739175464083146],[137.342093997644469,35.739166492480685],[137.341930493943948,35.739199156793255],[137.341786630343506,35.739270427797656],[137.341675748560789,35.739373695949681],[137.341608131747165,35.739499384316929],[137.341553392880968,35.739666824473467],[137.341428763100453,35.740040914500398],[137.341410345151871,35.740184896251854],[137.341448867995751,35.740326210900491],[137.341540357289603,35.740450278201116],[137.341675373727327,35.740544297356273],[137.341839986888033,35.740598567785717],[137.342201176176616,35.740665337016608],[137.342394584047355,35.740672743282126],[137.342579260797066,35.740625319818463],[137.342732549920072,35.740528884637818],[137.342835645768616,35.740395268583164],[137.342929346499233,35.740207004156403],[137.343111366497169,35.740104131428545]]]]}},
{"type":"Feature","properties":{"整理NO":1175,"name":"E257016","仮箇所":"ks-20"},"geometry":{"type":"MultiPolygon","coordinates":[[[[137.342972838427926,35.73759091900223],[137.34295111858313,35.737619700333504],[137.34288057239803,35.737764695719768],[137.342874876532704,35.737920613168754],[137.342934713687185,35.738068774610184],[137.343052915983776,35.73819143100603],[137.343276157332753,35.738354610569239],[137.343433732108707,35.738435458401803],[137.343615291582694,35.738469068582006],[137.343800239472756,35.738451628337259],[137.343967595094085,35.738385116108404],[137.344098373537861,35.738277077102651],[137.344357166508047,35.737974928232923],[137.344434484570826,35.73784346811707],[137.34449142172943,35.737684825402646],[137.344512860278201,35.737582611422567],[137.344528617137485,35.737345223465837],[137.344487310561533,35.737148329178638],[137.344251317986419,35.736684043591765],[137.344152958435757,35.736556390528129],[137.34400846726831,35.736462325971409],[137.343834011593856,35.736412374718931],[137.34364911107977,35.736412125756956],[137.343474453999249,35.736461606942505],[137.343019223600294,35.736665559233558],[137.342888501079329,35.736746875166858],[137.342792898636759,35.736855943900828],[137.342740875317702,35.736983115050748],[137.342737034369407,35.737117136484869],[137.342781715877351,35.737246149901075],[137.342972838427926,35.73759091900223]]]]}},
{"type":"Feature","properties":{"整理NO":1176,"name":"E257017","仮箇所":"ks-21"},"geometry":{"type":"MultiPolygon","coordinates":[[[[137.342265503100464,35.734025917496801],[137.342308151777388,35.733983374835127],[137.342371096375331,35.733848675395443],[137.342378662143403,35.733704662288083],[137.342330075417436,35.73356606761687],[137.342230306715834,35.733447069124594],[137.342089562172532,35.733359839878709],[137.3417002131863,35.73319077944258],[137.341521926909309,35.733142816926438],[137.341334234925881,35.733146277034407],[137.341158789497683,35.733200760607204],[137.341015830181732,35.733299982379684],[137.340921849061516,35.733432496022431],[137.340851150016675,35.733588651301304],[137.340818562665334,35.733779158011153],[137.340834248291969,35.733946058655455],[137.340877450750213,35.734089395380394],[137.340975135068476,35.73421366412483],[137.341116823610804,35.734305535523745],[137.341287318581863,35.734355155191956],[137.341468332194864,35.734357200771143],[137.341836675921201,35.734311614999065],[137.342009409665565,35.734265604097089],[137.342154509168239,35.734176408954454],[137.342256292357007,35.734053669678431],[137.342265503100464,35.734025917496801]]]]}},
{"type":"Feature","properties":{"整理NO":1177,"name":"E257019","仮箇所":"ks-22"},"geometry":{"type":"MultiPolygon","coordinates":[[[[137.345357457006884,35.743961790066606],[137.345584556733456,35.743841215194436],[137.345705632596236,35.743753950000894],[137.34573047772372,35.743729909779816],[137.345824604653814,35.743599336734995],[137.345860357877342,35.743450715780675],[137.345833700041766,35.743300830951959],[137.345747641978363,35.743166608925598],[137.345646392987163,35.743058135334969],[137.345635893818098,35.743036866294133],[137.345526738215426,35.742929689800704],[137.344873781807337,35.742460274375077],[137.344729798914443,35.742385429906811],[137.344564667437822,35.74234998001247],[137.344394143524312,35.742357307168788],[137.344234497819571,35.74240671225121],[137.344100963066978,35.742493481237943],[137.343715472515129,35.742835737159716],[137.343630530770838,35.742935266897],[137.343581209911974,35.743049655765681],[137.343546860335437,35.743185640542571],[137.343535505438268,35.743274320594452],[137.34353455833724,35.743430969534899],[137.343554051940714,35.743551835897563],[137.343725297744982,35.744063430884594],[137.343828109017636,35.744227512295396],[137.343983003535072,35.744384265137796],[137.34412202465893,35.744484477685333],[137.344293891827277,35.744541539019487],[137.344479238269344,35.744549019197187],[137.34465717823457,35.744506075316224],[137.344807660610542,35.744417546501637],[137.345357457006884,35.743961790066606]]]]}},
{"type":"Feature","properties":{"整理NO":1182,"name":"E257025","仮箇所":"ks-27"},"geometry":{"type":"MultiPolygon","coordinates":[[[[137.340276388919506,35.732488029347465],[137.340371258264923,35.732555677007127],[137.340528997325578,35.732634595508891],[137.340867031319789,35.732745372668035],[137.34116992990451,35.732875955675752],[137.341321713335105,35.732919761706668],[137.341482540569558,35.732926043490949],[137.341638764682841,35.73289426799122],[137.341777129364772,35.732827131502511],[137.341885893825321,35.732730330848945],[137.342094644396468,35.732479114331667],[137.342167390426511,35.732353302986652],[137.342189620451506,35.732215396779239],[137.342159217301031,35.732078531393036],[137.342079077140909,35.731955743308419],[137.341956833520072,35.731858728083175],[137.341687113489542,35.731702733557924],[137.341345283887961,35.73148658273039],[137.341342099595067,35.731484584252023],[137.341062733304,35.731310566729995],[137.340879326051123,35.731235426693743],[137.340730211585054,35.731200615529055],[137.340570461155551,35.731183248816571],[137.340411357469321,35.731204194046597],[137.340266426923108,35.731261670535496],[137.340147991021951,35.731350791843042],[137.3400661188806,35.731463981182131],[137.339858693097057,35.731879492759553],[137.339818600230558,35.732026850947193],[137.339840429859748,35.732176738506176],[137.339921733690744,35.732312342600203],[137.34005339212186,35.732418452487323],[137.3402206370952,35.732483165746601],[137.340276388919506,35.732488029347465]]]]}},
{"type":"Feature","properties":{"整理NO":1185,"name":"E257031","仮箇所":"ks-30"},"geometry":{"type":"MultiPolygon","coordinates":[[[[137.349364174036054,35.726195311935108],[137.349440813027883,35.726179327533259],[137.349584558608598,35.726106124497996],[137.349694344015631,35.72600084604435],[137.349816736862778,35.725838342247279],[137.349881737404303,35.725712525475451],[137.349897553672577,35.725576610557972],[137.349862734493655,35.725443070076977],[137.349780475361342,35.725324158659241],[137.349658325113609,35.725230788415161],[137.349507493149019,35.725171527593226],[137.348374864326217,35.724888907987797],[137.348197121023105,35.72486937098239],[137.348021064424699,35.724897272621945],[137.347865233835904,35.724969674779445],[137.347746038795208,35.725078953273467],[137.347676031136444,35.725213600686907],[137.347653388210915,35.725289700843362],[137.347638280282951,35.725414643734474],[137.347666026763733,35.72553813701456],[137.347784552117901,35.725828864805798],[137.347813509830701,35.725886322715269],[137.348016833182527,35.72622189159538],[137.34814692485611,35.726360377673203],[137.348331766376816,35.72644820523233],[137.348640912322907,35.726535350677644],[137.348824487785805,35.726560077778835],[137.349007723807148,35.726533729777778],[137.349169853974445,35.72645929273471],[137.349292503939694,35.726345202698994],[137.349361773856572,35.726204389602259],[137.349364174036054,35.726195311935108]]]]}},
{"type":"Feature","properties":{"整理NO":1186,"name":"E257030","仮箇所":"ks-31"},"geometry":{"type":"MultiPolygon","coordinates":[[[[137.347436010749391,35.726545295186732],[137.347350434297653,35.726299232036503],[137.34728240266071,35.72617694193157],[137.347173204531231,35.726076424815858],[137.347032534482651,35.726006604444976],[137.346872881009403,35.725973679345941],[137.346708417843899,35.725980572544934],[137.346553745693456,35.726026672078277],[137.345924256000103,35.726307061228461],[137.345781384460423,35.726398403834722],[137.34568251684874,35.726522566882316],[137.345638321052348,35.726666153365393],[137.345653566050203,35.726813670444308],[137.34572660722597,35.726949201089305],[137.345797174376088,35.727037213371879],[137.345891947955977,35.72712697335637],[137.346012127925292,35.72719349953249],[137.346197995074107,35.727269461345486],[137.346260130535768,35.727324770427941],[137.346381645464959,35.727405978551339],[137.346526273804159,35.727456025533165],[137.34688910272223,35.727534324930936],[137.347069578700058,35.72754819713839],[137.347245851874391,35.727513710405717],[137.347398960183057,35.72743457454402],[137.347512433564788,35.727319302347425],[137.347574065706482,35.727180293820027],[137.347577227053051,35.727032502250616],[137.347529824179645,35.726771980302239],[137.347497714145788,35.726673701988183],[137.347436010749391,35.726545295186732]]]]}},
{"type":"Feature","properties":{"整理NO":1189,"name":"E257026","仮箇所":"ks-33"},"geometry":{"type":"MultiPolygon","coordinates":[[[[137.350608153414669,35.730751176736391],[137.35067152231332,35.730627604487935],[137.350687552148003,35.730494304067157],[137.350654827324519,35.730363049169164],[137.350576238459041,35.7302454327642],[137.350458726991462,35.730151843168748],[137.350312672043287,35.7300905465314],[137.349825580219544,35.729956192661746],[137.349653472001535,35.72993244532752],[137.349480864121489,35.729953644870321],[137.349324971483497,35.730017676972402],[137.349201341986515,35.730118155436905],[137.349122305908224,35.730245059084275],[137.349040367887341,35.730452686073285],[137.349013948050157,35.730601217598313],[137.349048810237775,35.730748586695867],[137.349141088462545,35.730878449767175],[137.349280549033324,35.730976404604391],[137.349451725424217,35.731031587675844],[137.349907555296738,35.731110502738701],[137.350077252967736,35.731118101546002],[137.350241760078205,35.731083301769196],[137.350385523275691,35.731009393562601],[137.350494950531356,35.730903364582886],[137.350608153414669,35.730751176736391]]]]}},
{"type":"Feature","properties":{"整理NO":1190,"name":"E257027","仮箇所":"ks-34"},"geometry":{"type":"MultiPolygon","coordinates":[[[[137.351601775528309,35.729208993717577],[137.351614461317496,35.729117611006245],[137.3515815898879,35.728982025846932],[137.351499874145844,35.728860938630099],[137.351376999171947,35.728765736894957],[137.350670374403535,35.728366515082293],[137.350514670969915,35.728305351668183],[137.350343412980379,35.728286389893057],[137.350173345402339,35.728311483769247],[137.350021096815482,35.728378179711761],[137.34990155360299,35.728479956429581],[137.349745709442317,35.728663008130773],[137.34968093860337,35.728764586883308],[137.349649647779501,35.728876195877497],[137.349608276213672,35.729221507916478],[137.349613960243005,35.729343149948868],[137.349659362550256,35.729459114349623],[137.34974117092284,35.729560940812362],[137.349890649323044,35.72970119975222],[137.349998915528431,35.729779291966139],[137.350128311241605,35.729831825078953],[137.35026998659626,35.729855206138872],[137.351013394924138,35.729896830179868],[137.35118166111485,35.729885166157175],[137.351337754136779,35.72983261914203],[137.351467102740202,35.729744094399202],[137.351557632366905,35.729627855693295],[137.351600892309705,35.729494753840711],[137.351620203887592,35.729346323751017],[137.351601775528309,35.729208993717577]]]]}},
{"type":"Feature","properties":{"整理NO":1191,"name":"E257029","仮箇所":"ks-35"},"geometry":{"type":"MultiPolygon","coordinates":[[[[137.352503609757008,35.727190953685472],[137.352574354943386,35.72706551134101],[137.352595206115097,35.726928491492565],[137.352564206501938,35.726792754379296],[137.352484265861136,35.726671039784762],[137.352292616365645,35.72646352621453],[137.352166873034861,35.726364754173538],[137.352009619515968,35.72630289391676],[137.35183654826119,35.726284118508993],[137.35166493010891,35.726310301555152],[137.351511890899587,35.726378830240911],[137.351149976766948,35.72660824564926],[137.350704281666395,35.726886615132429],[137.350576610752597,35.726999219748919],[137.350502635625702,35.727140212856895],[137.350490921781784,35.727293269585395],[137.350542825861424,35.727440668185594],[137.350709249729618,35.727721179445631],[137.350808030865466,35.727836983962028],[137.350945877996793,35.727922215540971],[137.351109286533472,35.727968524166556],[137.351282247562324,35.727971373038791],[137.351447816279858,35.727930483057634],[137.351981996241818,35.727719409578953],[137.352104837474513,35.727653076362117],[137.352201821917561,35.72756263687134],[137.352503609757008,35.727190953685472]]]]}},
{"type":"Feature","properties":{"整理NO":1192,"name":"E257035","仮箇所":"ks-36"},"geometry":{"type":"MultiPolygon","coordinates":[[[[137.363213670845482,35.723877932466344],[137.363231582151911,35.72390271718465],[137.363706517599979,35.724376210982491],[137.363829269457455,35.724466687392685],[137.363979364045321,35.724523478982078],[137.364143347992865,35.724541495357549],[137.364401631193942,35.724538055089077],[137.364442698930276,35.724581501025405],[137.364557921396766,35.724672353028531],[137.364694046539682,35.724752116088027],[137.364744911675416,35.724778611303101],[137.364822774906258,35.724814445653308],[137.364991691491525,35.724961123219771],[137.365161886250036,35.725114779781052],[137.365279840409926,35.725195242804993],[137.365420417913271,35.725246088019091],[137.36557273471405,35.725263378782991],[137.365724997820053,35.725245776375225],[137.366110296062345,35.725155290504354],[137.366270350789023,35.725093648841721],[137.366398298891653,35.724993908363054],[137.366481016548136,35.724866299701887],[137.366510019462112,35.724723911948068],[137.366482333042597,35.724581350043444],[137.366320167055051,35.724179466813268],[137.366187493726869,35.724002889397873],[137.36602053800874,35.723865684880394],[137.365983136811451,35.723775872201486],[137.365920428526152,35.723671730496164],[137.365827195154736,35.723584093714592],[137.365686993771476,35.723482366761196],[137.365353643002322,35.723207523729315],[137.365236913880693,35.723134085229816],[137.365100528822751,35.723088424906621],[137.364662232251078,35.722994952523898],[137.364632295382137,35.72297366583588],[137.364531951521343,35.722824172163506],[137.364443174050336,35.722726199182972],[137.364325462974676,35.722651193571281],[137.364187418321904,35.722604635232756],[137.363913513124601,35.722546027134577],[137.363912120148939,35.722545730655469],[137.363881222830173,35.722539189545572],[137.363758275614032,35.722474677899108],[137.363679995231479,35.722440518469853],[137.363452770368269,35.72235977650827],[137.363290969167167,35.722324827954644],[137.363123758421153,35.722330981220679],[137.362966475055146,35.722377671916433],[137.362833545476576,35.722460617467853],[137.362737162401515,35.722572209906772],[137.362591058552113,35.72281171491835],[137.362539383151272,35.722945296602575],[137.362540497419047,35.723085364227579],[137.362594293990611,35.72321838794047],[137.362695576593865,35.723331518233415],[137.362763516850436,35.723386782291485],[137.362853243994778,35.723586817651949],[137.362948908338495,35.723721687774898],[137.363095174165579,35.723821935348504],[137.363213670845482,35.723877932466344]]]]}},
{"type":"Feature","properties":{"整理NO":1193,"name":"E257034","仮箇所":"ks-37"},"geometry":{"type":"MultiPolygon","coordinates":[[[[137.363333406514244,35.722939543830606],[137.3633064080922,35.722797130995062],[137.363225666868885,35.722668947245744],[137.363099437919601,35.722568097872752],[137.362940626766118,35.722504893503917],[137.362639260907457,35.722430625539545],[137.36242960772563,35.722413186725284],[137.362227191328515,35.722461010616108],[137.36203837048069,35.722539970331958],[137.36187263304069,35.722646092294937],[137.3617676516144,35.722795086454951],[137.361731089102648,35.722882217478755],[137.361701693052623,35.723044638687846],[137.361745593447893,35.72320486887844],[137.361797855147273,35.723304835536787],[137.361874269260568,35.72340920180671],[137.361982107956237,35.723493119407578],[137.36234375031222,35.723706668893591],[137.362487983210514,35.723767774880272],[137.362647777197964,35.723792024903076],[137.36280931162409,35.723777321567162],[137.362958615300272,35.723724936571656],[137.363082774930461,35.723639400714568],[137.363171052023461,35.72352811200534],[137.363272408613511,35.723346249532518],[137.363320951933645,35.723186619451042],[137.363331774527495,35.723038678951234],[137.363332741039244,35.72301507921923],[137.363333406514244,35.722939543830606]]]]}},
{"type":"Feature","properties":{"整理NO":1195,"name":"E257028","仮箇所":"ks-39"},"geometry":{"type":"MultiPolygon","coordinates":[[[[137.353877320147006,35.728697709240279],[137.35399655869756,35.72859088612951],[137.354068227127783,35.728458790762801],[137.354084963699336,35.728314992348999],[137.354045049483375,35.728174262193946],[137.353952584817563,35.728051056351454],[137.353240877657072,35.727376022282876],[137.353120881163591,35.727290847043285],[137.352976101758657,35.727237071455306],[137.352818534853043,35.727219150976588],[137.352661235287826,35.727238570367362],[137.35251723575584,35.727293720679697],[137.352398467057213,35.727380032556695],[137.352216186357708,35.727557062119878],[137.352140484887457,35.727653055393617],[137.352096782222958,35.727761476408531],[137.352059803394724,35.727917757666624],[137.352054602623809,35.728062453447279],[137.352105927980006,35.728201029637383],[137.352208484556996,35.728319189495942],[137.352351691860747,35.728404742555114],[137.353239035694116,35.728773190326791],[137.353427743747403,35.728819408858044],[137.353624343925418,35.72880871492579],[137.35380385087791,35.728742467592085],[137.353822011267397,35.728732244925972],[137.353851856485733,35.728714207747075],[137.353877320147006,35.728697709240279]]]]}},
{"type":"Feature","properties":{"整理NO":1206,"name":"E257046","仮箇所":"ks-50"},"geometry":{"type":"MultiPolygon","coordinates":[[[[137.367221983413998,35.713695938033304],[137.367231188770234,35.713686935895325],[137.367325820579197,35.713553002717866],[137.367353570563182,35.713427255830034],[137.367462550676748,35.713329638238349],[137.367533477649232,35.713202940763431],[137.367553584827135,35.713064631789116],[137.367520952142343,35.712927920459023],[137.367438696404662,35.712805863270113],[137.367244937934942,35.712601278943758],[137.36712801794971,35.712509586841804],[137.366983491569187,35.712449531188462],[137.366823810935841,35.712426286257028],[137.366662733791316,35.712441854781169],[137.366514138192315,35.712494895411467],[137.366393790787015,35.712556410109421],[137.366221754407633,35.712595130681201],[137.366050997250142,35.712660855506037],[137.365917339245186,35.712769628627989],[137.365775252878336,35.712933750030061],[137.365686639482419,35.713098117355827],[137.365672315522431,35.713151948784144],[137.365488099029477,35.713211195604131],[137.365366772440524,35.713265395578439],[137.365265752947437,35.71334247251616],[137.365223889819447,35.713383571719298],[137.365139000249201,35.713497946033819],[137.36509898846333,35.713627598372874],[137.365107375809345,35.71376111903799],[137.365163424411577,35.713886757853693],[137.365262202026173,35.71399345821704],[137.366099187007109,35.714662311257186],[137.366235165322053,35.714742006134202],[137.366394169926053,35.714784827264964],[137.366561601397166,35.71478684291084],[137.366722086541046,35.714747868000423],[137.366860889990761,35.714671481122956],[137.366965267228721,35.714564695935415],[137.367245749157206,35.714166023726911],[137.367306629698589,35.714036721934804],[137.367316488191307,35.713898448548264],[137.367274393755338,35.713764263541854],[137.367221983413998,35.713695938033304]]]]}},
{"type":"Feature","properties":{"整理NO":1207,"name":"E257047","仮箇所":"ks-51"},"geometry":{"type":"MultiPolygon","coordinates":[[[[137.371411666838668,35.718222596344475],[137.371530100649238,35.71809925728509],[137.371589608095462,35.717950308156901],[137.371582999583921,35.717793745591415],[137.371353554535176,35.716911934498825],[137.371291197212344,35.71677964149724],[137.371181543456004,35.716669683683783],[137.371035437852981,35.71659293555112],[137.370867329831839,35.71655698723081],[137.370693844688617,35.716565393884039],[137.370532139472715,35.716617324124144],[137.370159514145627,35.716796614247677],[137.370030238648013,35.716882672376499],[137.369938356813464,35.716996277293525],[137.369892246919079,35.717127070106677],[137.3698961136717,35.717263124619059],[137.369949604730408,35.717392034792155],[137.3704452507844,35.718172499317397],[137.370543875469906,35.718282826538747],[137.370678486406547,35.718364006545059],[137.370836729500127,35.718408588884436],[137.371004081674755,35.718412481917888],[137.371165183809836,35.718375328354419],[137.371305250423745,35.718300538043522],[137.371411666838668,35.718222596344475]]]]}},
{"type":"Feature","properties":{"整理NO":1210,"name":"E257049","仮箇所":"ks-54"},"geometry":{"type":"MultiPolygon","coordinates":[[[[137.373323747802971,35.715768573806614],[137.373405197116995,35.715640054380202],[137.373432518871908,35.715497110438797],[137.373402898032737,35.715354471390469],[137.373319387097155,35.715226835151149],[137.373190591445649,35.715127353643382],[137.372842020045709,35.714934103777694],[137.372695530397891,35.714876488589056],[137.372534819787489,35.714856144914009],[137.372373807486355,35.714874834734658],[137.37222643889524,35.714930939312005],[137.372105477777154,35.715019599379517],[137.371895956687951,35.715226216172937],[137.371807834856156,35.715347871214192],[137.371770233635402,35.715485800138296],[137.371786849225515,35.71562644549352],[137.371856048693786,35.715755982752938],[137.371971030378063,35.715861679182161],[137.372310252236474,35.71608893799435],[137.37246447637969,35.716161902156301],[137.372639161548648,35.71619102091298],[137.372816123862094,35.716173263142267],[137.372976942388306,35.716110477344337],[137.373104876763449,35.716009199212436],[137.373323747802971,35.715768573806614]]]]}},
{"type":"Feature","properties":{"整理NO":1212,"name":"E257051","仮箇所":"ks-56"},"geometry":{"type":"MultiPolygon","coordinates":[[[[137.37985414208859,35.711368431869531],[137.379863686274831,35.711302768845698],[137.379825718497671,35.711158350464935],[137.379732541962596,35.711031698814743],[137.379260066601262,35.710578850064472],[137.379129510070669,35.710487432423946],[137.3789708055522,35.710433199574616],[137.3787993417927,35.710421410180381],[137.37863174467509,35.710453207393975],[137.378484265174194,35.710525508016602],[137.378172935233408,35.710738318075741],[137.378040220779951,35.710871776382099],[137.377978398558753,35.711036046344411],[137.377936280958977,35.711358890206839],[137.377939857682776,35.71147642823373],[137.377973340195439,35.711650477175944],[137.378059334939593,35.711830449364243],[137.378102098036095,35.711882813809304],[137.378145538301993,35.712012546549417],[137.378226037893825,35.712152415744974],[137.37835973319261,35.712261889611099],[137.378530909856352,35.712328100612865],[137.378719447814007,35.712343266299719],[137.379658796437013,35.712286498116661],[137.379886807094067,35.712230796156412],[137.379897227589709,35.712226063548613],[137.380038114141342,35.712134716581296],[137.380135534427524,35.71201129017269],[137.380179153981061,35.711868877826767],[137.380164345798562,35.711722587070007],[137.380092681072853,35.711587936782209],[137.379971762391619,35.711479210922576],[137.379869992076692,35.71141338126359],[137.37985414208859,35.711368431869531]]]]}},
{"type":"Feature","properties":{"整理NO":1213,"name":"E257052","仮箇所":"ks-57"},"geometry":{"type":"MultiPolygon","coordinates":[[[[137.377287299517747,35.702742030573155],[137.377310434923203,35.702724333824868],[137.377395605783022,35.702592793174993],[137.377423636365364,35.70244580199094],[137.377391473066751,35.70229937487332],[137.377302620349326,35.702169464884676],[137.377166758806311,35.702070225496406],[137.376757851514753,35.701859001526557],[137.376604320677558,35.701804227785857],[137.37643772041838,35.70178951456829],[137.376273374806061,35.701816215212112],[137.376126400535185,35.701881873763888],[137.37601031653702,35.701980450869179],[137.375908991162106,35.702097939930717],[137.375851932350201,35.70218185591294],[137.375742376148736,35.702393380713566],[137.375713416584546,35.70246586115374],[137.375686620841748,35.70255905184117],[137.375622691462866,35.702761056756117],[137.375610379397614,35.702935536796588],[137.375617148375028,35.7029753976283],[137.375608633612245,35.703025085292168],[137.375609488414739,35.703154661546002],[137.375655508397926,35.703278683686122],[137.375742889490255,35.703386899356147],[137.375864408404567,35.703470362812922],[137.376010019725072,35.703522174453219],[137.376308046356513,35.70358869038234],[137.376489771708265,35.703603718091664],[137.376667574187735,35.703569598512495],[137.376822023052085,35.703490060329628],[137.37693623981761,35.703373795682786],[137.37705345898911,35.703202655692536],[137.37706801825351,35.703179900455517],[137.377111763210877,35.703106506816219],[137.377144363383593,35.703021223094055],[137.377200817492252,35.702973107908463],[137.377277585091491,35.702834547801984],[137.377287299517747,35.702742030573155]]]]}},
{"type":"Feature","properties":{"整理NO":1214,"name":"E257053","仮箇所":"ks-58"},"geometry":{"type":"MultiPolygon","coordinates":[[[[137.376559947500368,35.705885801044225],[137.376602703464897,35.705746692836989],[137.376589714070434,35.705603671905877],[137.376522294898592,35.705471220444167],[137.376407272974689,35.70536275032272],[137.376256295387947,35.705289245044781],[137.375621682114087,35.70508348486802],[137.375456993979356,35.705052756462308],[137.375288620206561,35.705064051676615],[137.37513230067367,35.705116314615097],[137.375002648459656,35.705204659640451],[137.374911783832175,35.705320828072615],[137.37481657374471,35.705497372106137],[137.374810050130804,35.705509984877054],[137.374732469533711,35.705666578182687],[137.374701226948218,35.705754403054847],[137.374644233885732,35.7060087499068],[137.374638672154248,35.706140000172148],[137.374679737969217,35.706266985724298],[137.374763944468896,35.706378923692945],[137.374884141459205,35.706466308919964],[137.375030122530745,35.706521721105133],[137.375462388599686,35.706626684238316],[137.37563315854004,35.706645292817463],[137.375802654200697,35.706620099117977],[137.375954397314359,35.706553552458026],[137.376180823354588,35.706413194403943],[137.376335493594723,35.706264208529525],[137.376462904576613,35.706066668445438],[137.3764816532792,35.706034590865855],[137.376559947500368,35.705885801044225]]]]}},
{"type":"Feature","properties":{"整理NO":1218,"name":"E257056","仮箇所":"ks-62"},"geometry":{"type":"MultiPolygon","coordinates":[[[[137.379191573397605,35.687838947100545],[137.379035478463067,35.687741898661564],[137.378596761501541,35.687558909707199],[137.378443369179905,35.687516665648012],[137.378281552734734,35.687512513729381],[137.378125209698396,35.687546810537839],[137.377987767545022,35.687616610505899],[137.37788103052452,35.687715918879448],[137.3778141658766,35.687836206555325],[137.377694655135343,35.68817694423344],[137.377673640367419,35.68831579434093],[137.377705832116277,35.688453211797849],[137.377788128463607,35.688575954297029],[137.377912599044805,35.688672193636776],[137.378153896961066,35.688807660334639],[137.378273925997973,35.688858633061308],[137.378405543690008,35.688884271747483],[137.378618339605083,35.688903727390141],[137.378784628473056,35.688898353242386],[137.378941410142971,35.688852822161387],[137.379074456715102,35.688771266090029],[137.379171694337344,35.688661086219156],[137.379334779704152,35.688400978706369],[137.379387483173616,35.688271701337705],[137.379390425638235,35.688135482584968],[137.379343338453253,35.688004770536004],[137.379250524796333,35.687891510002153],[137.379191573397605,35.687838947100545]]]]}},
{"type":"Feature","properties":{"整理NO":1221,"name":"E257059","仮箇所":"ks-65"},"geometry":{"type":"MultiPolygon","coordinates":[[[[137.386543268661171,35.689279993934448],[137.386277794745524,35.68905029622632],[137.386145629336738,35.688966183532372],[137.385988625917975,35.688918279889251],[137.38582123927182,35.688910995618542],[137.385658880083497,35.68894500135778],[137.38551649620095,35.689017166319843],[137.385407196496516,35.689120846520204],[137.384747410049357,35.689983229004461],[137.384682710353331,35.690104391558442],[137.384663874480054,35.690235655242134],[137.384692522382835,35.690365732456215],[137.384766190784234,35.690483437575622],[137.384840273246709,35.690568230270216],[137.384859786805009,35.690589237016432],[137.385150605402373,35.690883988793253],[137.385312395873001,35.690995243024453],[137.385513587171403,35.691048718408375],[137.385904920584409,35.691087946003719],[137.385980333354553,35.691091262478082],[137.386167819312874,35.691089036898532],[137.386315233992747,35.691070874370496],[137.386665348550423,35.690987119899937],[137.386838688751737,35.690916820633227],[137.386971659148713,35.690802053819418],[137.38724369567538,35.690464146491756],[137.387311592362408,35.690344843113351],[137.387334372444315,35.690214628129681],[137.38731009573354,35.690084593244926],[137.387153245737892,35.689667384805546],[137.387089377834883,35.689555302926536],[137.386990588816644,35.689461590520821],[137.386864309030727,35.689393296002486],[137.386652672423452,35.689310351414946],[137.386543268661171,35.689279993934448]]]]}},
{"type":"Feature","properties":{"整理NO":1222,"name":"E257060","仮箇所":"ks-66"},"geometry":{"type":"MultiPolygon","coordinates":[[[[137.390771207341544,35.690865522333553],[137.390907987800944,35.690761781459258],[137.390994580429322,35.690626789151992],[137.39102108913761,35.6904759731922],[137.390984484692069,35.690326569700112],[137.390888950766026,35.69019565327995],[137.390581199859128,35.68990166793612],[137.390463296148368,35.689817069158586],[137.390320979712641,35.689762948395554],[137.390165747421349,35.689743677718198],[137.39001013948473,35.689760813880063],[137.389866726457939,35.68981297256272],[137.38952640891614,35.689987792483102],[137.389430126094652,35.690050495684346],[137.389192857232985,35.69024407068499],[137.389092138957125,35.690356757309793],[137.389038471846618,35.690489168083332],[137.389036995038737,35.690628624000098],[137.389087850210217,35.690761771381148],[137.3891861679123,35.690875860562841],[137.38942831319298,35.691080356810971],[137.389553527897078,35.691159451005618],[137.389701103880952,35.691206316466712],[137.38985891453666,35.691217102160167],[137.390013992211919,35.691190921802423],[137.390284240120195,35.691110973528822],[137.390398260493384,35.691064480969125],[137.390771207341544,35.690865522333553]]]]}},
{"type":"Feature","properties":{"整理NO":1224,"name":"E257062","仮箇所":"ks-68"},"geometry":{"type":"MultiPolygon","coordinates":[[[[137.392104357132666,35.688185882046177],[137.39208178973297,35.688190036708129],[137.391633338678815,35.68832535974375],[137.391485232012059,35.68839268182532],[137.39136912642428,35.688493476494571],[137.391295957966832,35.688618249962651],[137.39127261857044,35.688755249844213],[137.391301306831053,35.688891572090036],[137.391486275467344,35.689340766284147],[137.391571679240911,35.689471610186203],[137.391704499321008,35.689572771651548],[137.391870366294654,35.689633306210467],[137.392051335320502,35.689646664724094],[137.392227827613937,35.689611401954892],[137.392589421116611,35.68948480276174],[137.392732460066043,35.689411859210665],[137.392884924163468,35.689304529490705],[137.393276322083636,35.689041879952441],[137.3933796930109,35.688950228907942],[137.393448368291416,35.688838996337537],[137.393477103419144,35.688716676953121],[137.393487122326064,35.688555712941834],[137.393563393556036,35.688432768372444],[137.39367021602709,35.688277508110524],[137.393727068455519,35.688157184658536],[137.393739826952384,35.688028652190162],[137.393707447194032,35.687902433602702],[137.393632580286152,35.687788862309681],[137.393521355657555,35.687697236261073],[137.393242444566965,35.687525437856991],[137.393098313526849,35.687461552267621],[137.392937542209296,35.687435009909414],[137.392774304805499,35.687448150854244],[137.392622992915989,35.687499816549618],[137.392496946793841,35.68758545195589],[137.392407279257441,35.68769750711806],[137.392314527268184,35.687862783976144],[137.392166760037867,35.688063135943871],[137.392104416364077,35.688185397220082],[137.392104357132666,35.688185882046177]]]]}},
{"type":"Feature","properties":{"整理NO":1227,"name":"E257064","仮箇所":"ks-71"},"geometry":{"type":"MultiPolygon","coordinates":[[[[137.369491770497206,35.678469742406307],[137.369550953503392,35.678586932378359],[137.369655530606366,35.67869040971118],[137.36979279879705,35.678764195369943],[137.370028841029239,35.678853265645934],[137.37013014722254,35.678935431114986],[137.370278223691628,35.67902119086115],[137.370452383027839,35.679063138380641],[137.370597342534779,35.679077630735925],[137.370703275547982,35.679145402607972],[137.370750655706814,35.679166171015545],[137.370752641641246,35.679163154950018],[137.370858190214932,35.679204223388396],[137.371020444414739,35.679223817445695],[137.37174458017995,35.679222586202705],[137.371927259889617,35.679196895863541],[137.372089235241901,35.679123340785424],[137.372212263705933,35.679010205170279],[137.372302351060426,35.678892215202488],[137.372369998589392,35.678761217042087],[137.37238427403517,35.678619543916625],[137.372343757486163,35.678481290139295],[137.372226994253225,35.678251531939416],[137.372139389110515,35.678133974926077],[137.372012397996201,35.67804346035814],[137.371857855450287,35.677988423381827],[137.371690163451916,35.677973992937034],[137.371363688411151,35.677986830037113],[137.371347155933648,35.677854980715956],[137.371308732525989,35.677729873803031],[137.37122845425182,35.67761876923322],[137.371112895753072,35.677530766050758],[137.370971520895949,35.677473071358165],[137.370835672659695,35.677436314856656],[137.370581960781095,35.677336850885787],[137.370438473966118,35.677299212841909],[137.370006514915673,35.677237189700982],[137.369841915518009,35.67723388542268],[137.369683435009875,35.677270313661516],[137.369545154843024,35.677343237667159],[137.369439361689757,35.677446177925255],[137.369375455754465,35.677569987858909],[137.36935911551177,35.677703666507547],[137.369392363649411,35.678243675681898],[137.369431380564038,35.678388862177577],[137.369491770497206,35.678469742406307]]]]}},
{"type":"Feature","properties":{"整理NO":1228,"name":"E257065","仮箇所":"ks-72"},"geometry":{"type":"MultiPolygon","coordinates":[[[[137.372471554879866,35.678616756590429],[137.372393627692105,35.678516482764444],[137.372286309762984,35.67843629336452],[137.372157049591181,35.678381753954334],[137.371920115980004,35.678312247822618],[137.371761188658127,35.67828624590522],[137.371599853596166,35.678299003432969],[137.371450003490395,35.678349421845219],[137.371324542104247,35.678433159565998],[137.371114647822964,35.678621505958624],[137.371024925403105,35.678730415095828],[137.370977457919707,35.678855795773892],[137.370976269866816,35.678987018221747],[137.371021462189134,35.679112957351904],[137.371109203650462,35.679222935949277],[137.371184244340355,35.67929230349916],[137.371276424806069,35.679452354678148],[137.371296944725543,35.67948454815204],[137.371448127989282,35.679700070117036],[137.371559972271086,35.679812620231303],[137.371779398202193,35.679972212795413],[137.371826951891364,35.680003140411578],[137.372010337792233,35.680109486895311],[137.372153926212746,35.680169217165187],[137.372312534672233,35.680192587080398],[137.372472659557445,35.6801776069723],[137.372620668143782,35.680125552219202],[137.372743959313169,35.680040854657818],[137.372960398030074,35.679841353320619],[137.373057268255053,35.679714799064712],[137.373098186081165,35.679569374848519],[137.373078666956786,35.679421020101294],[137.373000850609714,35.679285995372233],[137.372909794679629,35.679178749902356],[137.372712401483966,35.678918246798759],[137.37263441979249,35.678837596124012],[137.372563826559997,35.678779623713936],[137.372471554879866,35.678616756590429]]]]}},
{"type":"Feature","properties":{"整理NO":1238,"name":"E257076","仮箇所":"ks-82"},"geometry":{"type":"MultiPolygon","coordinates":[[[[137.390456288760106,35.673472513108457],[137.39062302893953,35.673427866304813],[137.390764188910197,35.673342794155566],[137.390865518793561,35.673225884621466],[137.390916789651726,35.673088939576807],[137.390912826038658,35.672945783393018],[137.390791366677803,35.672407638725034],[137.390740321706261,35.672284691749574],[137.390648447994039,35.672178716494088],[137.390523367582261,35.672098504731373],[137.390375457264042,35.672050710857079],[137.390284164237158,35.672033069345325],[137.390079116462829,35.672025428760641],[137.389884808991155,35.672079412561686],[137.389799111972991,35.672118993874228],[137.389763573559179,35.672116385923651],[137.389565805139199,35.67213112277161],[137.389387208224292,35.672201984927746],[137.389272636856759,35.672270628887624],[137.389136588460104,35.672388093277185],[137.389060075749768,35.672537169891001],[137.389052938885897,35.672698686927966],[137.389096579121713,35.672943842289911],[137.389140916905916,35.673066567481762],[137.389225734584869,35.673174180222574],[137.389344196284128,35.673258007288993],[137.38948675444405,35.673311292479781],[137.389624582175884,35.673344500825898],[137.389802214985139,35.673397288345072],[137.389839754514554,35.67340721973526],[137.390123064002296,35.673473143348957],[137.390361189300449,35.67348484029597],[137.390456288760106,35.673472513108457]]]]}},
{"type":"Feature","properties":{"整理NO":2500,"name":"E257002","仮箇所":"11-k1"},"geometry":{"type":"MultiPolygon","coordinates":[[[[137.336559043360182,35.759246422017867],[137.336604073071726,35.759396038979183],[137.336708294785836,35.759524553626036],[137.336859530961959,35.759616949666544],[137.337040110465523,35.759662431044895],[137.337184977051322,35.759677620979744],[137.337348436747249,35.759674896267029],[137.337503773001316,35.759633328308581],[137.337637404415034,35.759556551490491],[137.337737647376287,35.759451278578766],[137.33811034301786,35.758910266163277],[137.338169267165171,35.758782527866821],[137.338178581526705,35.758646270235239],[137.338137432293081,35.758513987077478],[137.3380495927575,35.758397807714402],[137.337923117254917,35.758308384828844],[137.337769602600275,35.75825391772689],[137.33719714543534,35.758130505341597],[137.337023828226165,35.758116275285325],[137.336853680665456,35.758146701916139],[137.336703590299152,35.75821876532175],[137.336588454038292,35.758325313030831],[137.336519699635318,35.758455769885146],[137.336504151421934,35.758597187621532],[137.336559043360182,35.759246422017867]]]]}},
{"type":"Feature","properties":{"整理NO":2503,"name":"E257021","仮箇所":"25-K1"},"geometry":{"type":"MultiPolygon","coordinates":[[[[137.345756282428795,35.736266233822818],[137.345924068136242,35.736266726702247],[137.346084305476325,35.736226153728154],[137.346222230495755,35.736148253220122],[137.346325135144411,35.736040202772223],[137.3464790185038,35.735814782326983],[137.346617974108199,35.735674868153772],[137.346672283860443,35.735620185671799],[137.346759260090778,35.73549699101136],[137.346794849025201,35.735357837317821],[137.346775510524139,35.735216567681505],[137.346703168659559,35.735087235617449],[137.346585020201957,35.73498270702791],[137.346309481386157,35.734805514287771],[137.346081275932818,35.734718400007054],[137.345878833846825,35.73468357560796],[137.34568971702285,35.734678036101982],[137.345509391305114,35.734724830824732],[137.345358991913059,35.734818475171785],[137.345197495488179,35.734960787640532],[137.345077641292733,35.735127293993926],[137.344878696360126,35.735625321085131],[137.344851717329902,35.735752912077047],[137.344870342787118,35.735881491648378],[137.344933035742116,35.736000447844383],[137.345034622163553,35.736099962905008],[137.345166717955038,35.736171823564973],[137.345318420898963,35.736210098938514],[137.345756282428795,35.736266233822818]]]]}},
{"type":"Feature","properties":{"整理NO":2507,"name":"E257072","仮箇所":"55-K1"},"geometry":{"type":"MultiPolygon","coordinates":[[[[137.378911818811901,35.684679072600836],[137.379081975708431,35.684655537515248],[137.379234926194357,35.684590311979655],[137.379355740983925,35.684489762593074],[137.379432627640682,35.684363703850245],[137.37945808160643,35.684224440130578],[137.379457598423727,35.684179778131842],[137.379456689382636,35.684157607438074],[137.37945329251437,35.684109921987442],[137.379416350856502,35.683972070256992],[137.379328969727311,35.68385029543235],[137.379199715244681,35.683756535021196],[137.379041258211515,35.683699980261387],[137.378157446043048,35.683511869890054],[137.377996302721982,35.683497621934222],[137.377837027512527,35.683522146195294],[137.377693333272532,35.68358333124953],[137.377577591471692,35.683675909341453],[137.377499767092331,35.683791909894929],[137.377436501183439,35.683931760442505],[137.37737771970896,35.684017117750649],[137.377319370865393,35.684142698702892],[137.377308969395557,35.684276731282417],[137.377347439188185,35.684407313364076],[137.377431364323684,35.684522849172801],[137.377553292335648,35.684613079007505],[137.377702395953179,35.684669990335017],[137.377865434574517,35.684688529338466],[137.378911818811901,35.684679072600836]]]]}},
{"type":"Feature","properties":{"整理NO":2508,"name":"E257067","仮箇所":"55-K2"},"geometry":{"type":"MultiPolygon","coordinates":[[[[137.374601898666185,35.677007380675285],[137.374598763396875,35.676997470100076],[137.374507955933581,35.676879876788234],[137.374377552151799,35.676790451881772],[137.374219954394107,35.676737700263942],[137.374050151215471,35.676726638940387],[137.373884291927567,35.676758319910981],[137.373738150772681,35.676829730122698],[137.373725689388351,35.67683819739571],[137.373632524769931,35.676919352037935],[137.373566548240831,35.677016648422125],[137.373320118364575,35.677517611702598],[137.373280695683235,35.677670006576612],[137.37330720435466,35.677824249981313],[137.373396478710674,35.677961920080243],[137.373537856625887,35.678066574360798],[137.373811110792332,35.6782073312664],[137.373971921111576,35.678263447609922],[137.374146172914976,35.67827572892093],[137.374316395322637,35.678242943848467],[137.374628695936963,35.678137963052144],[137.374781935419691,35.67806049154678],[137.37489644067756,35.67794688716279],[137.374960015438063,35.677809250399889],[137.374965888375868,35.677662241485493],[137.374913434252534,35.677521518831746],[137.374601898666185,35.677007380675285]]]]}},
{"type":"Feature","properties":{"整理NO":2510,"name":"E257074","仮箇所":"ks-81"},"geometry":{"type":"MultiPolygon","coordinates":[[[[137.387249231111724,35.674730337728491],[137.387205802728715,35.674765423070269],[137.387127708629322,35.674885701737416],[137.387097185814241,35.67501951903143],[137.387117018665066,35.675154668785154],[137.387185398358582,35.675278823231544],[137.38729608777416,35.675380657494813],[137.387438990357595,35.675450882620495],[137.388099834667315,35.675672839424898],[137.388294804464721,35.675706593103158],[137.388491763220628,35.675681686671801],[137.388628582717985,35.675642801789728],[137.388782462493651,35.675575174935823],[137.38890274176967,35.675471703570771],[137.38897737698494,35.675342748406869],[137.388998895087184,35.675201221825766],[137.388965141739959,35.675061294926266],[137.388769317019552,35.674627907759046],[137.388765212222665,35.674619107571488],[137.388735490862217,35.67455733737863],[137.388670393723288,35.674459606084632],[137.388577943811242,35.674377860761261],[137.388420967686386,35.674269579868131],[137.388282484524211,35.674199698147483],[137.388125047322717,35.674165799752664],[137.38796233785024,35.674170830554765],[137.387808496029322,35.67421435336334],[137.387539701654987,35.674329005335778],[137.387405474944615,35.674409357376788],[137.38730668665562,35.674518693184389],[137.38725231113753,35.674647080402352],[137.387249231111724,35.674730337728491]]]]}},
{"type":"Feature","properties":{"整理NO":2511,"name":"E257075","仮箇所":"58-ｋ2"},"geometry":{"type":"MultiPolygon","coordinates":[[[[137.387455131499337,35.674659561605075],[137.387641250119771,35.67464777228691],[137.387811925415349,35.674586067485635],[137.387947661097741,35.674481495778593],[137.388032952203901,35.674346002419561],[137.388058056219933,35.674195064784001],[137.388052659734257,35.674069008997044],[137.38803128610806,35.6739596276187],[137.387986551615001,35.673833310631387],[137.387899968005598,35.673690394921273],[137.387757821492585,35.673581018004064],[137.386918692030605,35.673134105842657],[137.386772443269848,35.673079090654866],[137.386612962660138,35.673060836313944],[137.386453807833846,35.673080894643292],[137.38630850873011,35.673137560461818],[137.386189417450964,35.673226016536383],[137.385871819683274,35.673542561692322],[137.385813129871934,35.673614014546104],[137.385629474960155,35.673891691453264],[137.385570800058247,35.674031266351001],[137.385570519510821,35.674178823981684],[137.385628663702562,35.67431854671991],[137.385739000040047,35.674435456735004],[137.38588970095978,35.674517021590454],[137.38606461176613,35.674554497724678],[137.387455131499337,35.674659561605075]]]]}}
]
}
