{
"type": "FeatureCollection",
"name": "A31a-42-25_21_8505090024_10",
"crs": { "type": "name", "properties": { "name": "urn:ogc:def:crs:EPSG::6668" } },
"xy_coordinate_resolution": 1e-09,
"features": [
{ "type": "Feature", "properties": { "A31a_401": "8505090024", "A31a_402": "境川", "A31a_403": "21", "A31a_404": "岐阜県", "A31a_405": 2 }, "geometry": { "type": "Polygon", "coordinates": [ [ [ 136.69250003, 35.34541654 ], [ 136.69250003, 35.345624873 ], [ 136.69281253, 35.345624873 ], [ 136.69281253, 35.34541654 ], [ 136.69250003, 35.34541654 ] ] ] } },
{ "type": "Feature", "properties": { "A31a_401": "8505090024", "A31a_402": "境川", "A31a_403": "21", "A31a_404": "岐阜県", "A31a_405": 2 }, "geometry": { "type": "Polygon", "coordinates": [ [ [ 136.815625201, 35.403124838 ], [ 136.815625202, 35.403333171 ], [ 136.815312701, 35.403333171 ], [ 136.815312702, 35.403541504 ], [ 136.815312702, 35.403749837 ], [ 136.815625203, 35.403749837 ], [ 136.815625203, 35.403958169 ], [ 136.815937703, 35.403958169 ], [ 136.815937704, 35.404166503 ], [ 136.816250204, 35.404166503 ], [ 136.816250205, 35.404374835 ], [ 136.816250205, 35.404583168 ], [ 136.816562705, 35.404583168 ], [ 136.816562706, 35.404791502 ], [ 136.816875206, 35.404791502 ], [ 136.816875207, 35.404999834 ], [ 136.816875207, 35.405208167 ], [ 136.817187707, 35.405208167 ], [ 136.817187708, 35.4054165 ], [ 136.817500208, 35.4054165 ], [ 136.817500208, 35.405624833 ], [ 136.817812709, 35.405624833 ], [ 136.817812709, 35.405833165 ], [ 136.81812521, 35.405833165 ], [ 136.81843771, 35.405833165 ], [ 136.81843771, 35.406041499 ], [ 136.818437711, 35.406249831 ], [ 136.818437711, 35.406458164 ], [ 136.818437712, 35.406666498 ], [ 136.818437712, 35.40687483 ], [ 136.818437712, 35.407083163 ], [ 136.818437713, 35.407291497 ], [ 136.818437713, 35.407499829 ], [ 136.818750214, 35.407499829 ], [ 136.818750214, 35.407708162 ], [ 136.818750214, 35.407916495 ], [ 136.818750215, 35.408124828 ], [ 136.818437715, 35.408124828 ], [ 136.818437715, 35.408333161 ], [ 136.818437715, 35.408541495 ], [ 136.818125215, 35.408541495 ], [ 136.818125215, 35.408749827 ], [ 136.818125216, 35.40895816 ], [ 136.818437716, 35.40895816 ], [ 136.818437717, 35.409166494 ], [ 136.818750217, 35.409166494 ], [ 136.818750217, 35.409374826 ], [ 136.818750218, 35.409583159 ], [ 136.819062718, 35.409583159 ], [ 136.819062719, 35.409791492 ], [ 136.819375219, 35.409791492 ], [ 136.819687719, 35.409791492 ], [ 136.81968772, 35.409999825 ], [ 136.82000022, 35.409999825 ], [ 136.82000022, 35.410208157 ], [ 136.820000221, 35.410416491 ], [ 136.820312721, 35.410416491 ], [ 136.820312722, 35.410624824 ], [ 136.820312722, 35.410833156 ], [ 136.820625222, 35.410833156 ], [ 136.820625223, 35.41104149 ], [ 136.820937723, 35.41104149 ], [ 136.820937724, 35.411249823 ], [ 136.821250224, 35.411249822 ], [ 136.821562724, 35.411249822 ], [ 136.821875225, 35.411249822 ], [ 136.822187725, 35.411249822 ], [ 136.822500225, 35.411249822 ], [ 136.822812726, 35.411249822 ], [ 136.823125226, 35.411249822 ], [ 136.823437726, 35.411249822 ], [ 136.823750227, 35.411249822 ], [ 136.824062727, 35.411249821 ], [ 136.824375227, 35.411249821 ], [ 136.824687728, 35.411249821 ], [ 136.825000228, 35.411249821 ], [ 136.825312728, 35.411249821 ], [ 136.825312729, 35.411458154 ], [ 136.825625229, 35.411458154 ], [ 136.82593773, 35.411458153 ], [ 136.82593773, 35.411666487 ], [ 136.826250231, 35.411666487 ], [ 136.826250231, 35.41187482 ], [ 136.826562732, 35.41187482 ], [ 136.826875232, 35.411874819 ], [ 136.827187732, 35.411874819 ], [ 136.827187733, 35.412083152 ], [ 136.827500233, 35.412083152 ], [ 136.827812734, 35.412083152 ], [ 136.828125234, 35.412083152 ], [ 136.828437735, 35.412083151 ], [ 136.828750235, 35.412083151 ], [ 136.829062736, 35.412083151 ], [ 136.829375236, 35.412083151 ], [ 136.829687736, 35.412083151 ], [ 136.829687736, 35.411874818 ], [ 136.830000236, 35.411874818 ], [ 136.830312737, 35.411874818 ], [ 136.830312737, 35.412083151 ], [ 136.830625238, 35.412083151 ], [ 136.830937738, 35.41208315 ], [ 136.831250239, 35.41208315 ], [ 136.831562739, 35.41208315 ], [ 136.83187524, 35.41208315 ], [ 136.83218774, 35.41208315 ], [ 136.83250024, 35.41208315 ], [ 136.832812741, 35.41208315 ], [ 136.833125241, 35.412083149 ], [ 136.833437742, 35.412083149 ], [ 136.833750242, 35.412083149 ], [ 136.834062743, 35.412083149 ], [ 136.834375243, 35.412083149 ], [ 136.834687744, 35.412083149 ], [ 136.835000244, 35.412083149 ], [ 136.835312745, 35.412083148 ], [ 136.835625245, 35.412083148 ], [ 136.835937745, 35.412083148 ], [ 136.835937746, 35.412291482 ], [ 136.836250246, 35.412291482 ], [ 136.836562747, 35.412291482 ], [ 136.836875247, 35.412291481 ], [ 136.837187748, 35.412291481 ], [ 136.837500248, 35.412291481 ], [ 136.837812749, 35.412291481 ], [ 136.838125249, 35.412291481 ], [ 136.83843775, 35.41229148 ], [ 136.83875025, 35.41229148 ], [ 136.839062751, 35.41229148 ], [ 136.839062751, 35.412499813 ], [ 136.839375252, 35.412499812 ], [ 136.839687752, 35.412499812 ], [ 136.840000253, 35.412499812 ], [ 136.840312753, 35.412499812 ], [ 136.840625254, 35.412499811 ], [ 136.840625254, 35.412708144 ], [ 136.840937755, 35.412708144 ], [ 136.840937755, 35.412916478 ], [ 136.840937756, 35.41312481 ], [ 136.840937756, 35.413333143 ], [ 136.841250257, 35.413333143 ], [ 136.841250257, 35.413541476 ], [ 136.841250258, 35.413749809 ], [ 136.841562758, 35.413749809 ], [ 136.841562759, 35.413958142 ], [ 136.841562759, 35.414166475 ], [ 136.84187526, 35.414166475 ], [ 136.84187526, 35.414374808 ], [ 136.842187761, 35.414374808 ], [ 136.842187761, 35.41458314 ], [ 136.842187761, 35.414791474 ], [ 136.842187762, 35.414999807 ], [ 136.842187762, 35.415208139 ], [ 136.842500263, 35.415208139 ], [ 136.842500263, 35.415416473 ], [ 136.842500264, 35.415624805 ], [ 136.842500264, 35.415833138 ], [ 136.842500265, 35.416041472 ], [ 136.842812765, 35.416041472 ], [ 136.842812766, 35.416249804 ], [ 136.843125266, 35.416249804 ], [ 136.843437767, 35.416249804 ], [ 136.843437766, 35.416041471 ], [ 136.843437766, 35.415833137 ], [ 136.843125265, 35.415833138 ], [ 136.843125265, 35.415624805 ], [ 136.843125264, 35.415416472 ], [ 136.843125264, 35.415208138 ], [ 136.843125263, 35.414999806 ], [ 136.843125263, 35.414791473 ], [ 136.842812762, 35.414791473 ], [ 136.842812762, 35.41458314 ], [ 136.842812762, 35.414374807 ], [ 136.842812761, 35.414166474 ], [ 136.842812761, 35.413958141 ], [ 136.84250026, 35.413958141 ], [ 136.84250026, 35.413749808 ], [ 136.842187759, 35.413749808 ], [ 136.842187759, 35.413541476 ], [ 136.842187758, 35.413333142 ], [ 136.841875258, 35.413333142 ], [ 136.841875257, 35.41312481 ], [ 136.841875257, 35.412916477 ], [ 136.841875256, 35.412708143 ], [ 136.841562756, 35.412708143 ], [ 136.841562755, 35.412499811 ], [ 136.841562755, 35.412291478 ], [ 136.841250254, 35.412291478 ], [ 136.841250254, 35.412083145 ], [ 136.840937753, 35.412083145 ], [ 136.840937753, 35.411874812 ], [ 136.840625252, 35.411874812 ], [ 136.840312752, 35.411874813 ], [ 136.840000251, 35.411874813 ], [ 136.839687751, 35.411874813 ], [ 136.83937525, 35.411874813 ], [ 136.83906275, 35.411874814 ], [ 136.838750249, 35.411874814 ], [ 136.838437749, 35.411874814 ], [ 136.838125248, 35.411874814 ], [ 136.837812748, 35.411874814 ], [ 136.837500247, 35.411874815 ], [ 136.837500247, 35.411666482 ], [ 136.837187746, 35.411666482 ], [ 136.836875246, 35.411666482 ], [ 136.836562745, 35.411666482 ], [ 136.836250245, 35.411666483 ], [ 136.835937744, 35.411666483 ], [ 136.835625244, 35.411666483 ], [ 136.835312744, 35.411666483 ], [ 136.835000243, 35.411666483 ], [ 136.834687743, 35.411666483 ], [ 136.834375242, 35.411666483 ], [ 136.834375242, 35.41145815 ], [ 136.834062741, 35.41145815 ], [ 136.833750241, 35.41145815 ], [ 136.83343774, 35.41145815 ], [ 136.83312524, 35.41145815 ], [ 136.83281274, 35.41145815 ], [ 136.832500239, 35.411458151 ], [ 136.832187739, 35.411458151 ], [ 136.831875238, 35.411458151 ], [ 136.831562738, 35.411458151 ], [ 136.831250237, 35.411458151 ], [ 136.830937737, 35.411458151 ], [ 136.830937736, 35.411249818 ], [ 136.830625236, 35.411249819 ], [ 136.830312736, 35.411249819 ], [ 136.830312736, 35.411458151 ], [ 136.830000236, 35.411458152 ], [ 136.829687735, 35.411458152 ], [ 136.829375235, 35.411458152 ], [ 136.829062734, 35.411458152 ], [ 136.828750234, 35.411458152 ], [ 136.828437733, 35.411458152 ], [ 136.828125233, 35.411458152 ], [ 136.827812732, 35.411458153 ], [ 136.827500232, 35.411458153 ], [ 136.827500232, 35.41124982 ], [ 136.827187731, 35.41124982 ], [ 136.826875231, 35.41124982 ], [ 136.82656273, 35.41124982 ], [ 136.82656273, 35.411041488 ], [ 136.826250229, 35.411041488 ], [ 136.825937729, 35.411041488 ], [ 136.825937729, 35.410833154 ], [ 136.825625228, 35.410833154 ], [ 136.825625228, 35.410624822 ], [ 136.825312727, 35.410624822 ], [ 136.825000227, 35.410624822 ], [ 136.824687726, 35.410624822 ], [ 136.824375226, 35.410624822 ], [ 136.824062726, 35.410624822 ], [ 136.824062725, 35.41041649 ], [ 136.823750225, 35.41041649 ], [ 136.823437725, 35.41041649 ], [ 136.823437725, 35.410624823 ], [ 136.823125225, 35.410624823 ], [ 136.822812724, 35.410624823 ], [ 136.822500224, 35.410624823 ], [ 136.822500224, 35.410833156 ], [ 136.822187724, 35.410833156 ], [ 136.822187724, 35.410624823 ], [ 136.821875223, 35.410624823 ], [ 136.821875223, 35.41041649 ], [ 136.821562723, 35.410416491 ], [ 136.821562722, 35.410208157 ], [ 136.821250222, 35.410208157 ], [ 136.820937721, 35.410208157 ], [ 136.820937721, 35.409999824 ], [ 136.820937721, 35.409791492 ], [ 136.82062522, 35.409791492 ], [ 136.82062522, 35.409583158 ], [ 136.820625219, 35.409374825 ], [ 136.820312719, 35.409374826 ], [ 136.820312719, 35.409166493 ], [ 136.820000218, 35.409166493 ], [ 136.819687718, 35.409166493 ], [ 136.819687718, 35.408958159 ], [ 136.819687717, 35.408749827 ], [ 136.819687717, 35.408541494 ], [ 136.819687716, 35.40833316 ], [ 136.819687716, 35.408124828 ], [ 136.819687715, 35.407916495 ], [ 136.819687715, 35.407708161 ], [ 136.819687715, 35.407499829 ], [ 136.819375214, 35.407499829 ], [ 136.819375214, 35.407291496 ], [ 136.819375213, 35.407083163 ], [ 136.819375213, 35.40687483 ], [ 136.819375213, 35.406666497 ], [ 136.819375212, 35.406458164 ], [ 136.819375212, 35.406249831 ], [ 136.819062711, 35.406249831 ], [ 136.819062711, 35.406041498 ], [ 136.819062711, 35.405833165 ], [ 136.81906271, 35.405624832 ], [ 136.81875021, 35.405624832 ], [ 136.818750209, 35.4054165 ], [ 136.818437709, 35.4054165 ], [ 136.818437709, 35.405208166 ], [ 136.818125208, 35.405208166 ], [ 136.818125208, 35.404999834 ], [ 136.817812708, 35.404999834 ], [ 136.817812707, 35.404791501 ], [ 136.817500207, 35.404791501 ], [ 136.817500206, 35.404583168 ], [ 136.817187706, 35.404583168 ], [ 136.817187706, 35.404374835 ], [ 136.816875205, 35.404374835 ], [ 136.816875205, 35.404166503 ], [ 136.816875204, 35.403958169 ], [ 136.816562704, 35.403958169 ], [ 136.816562704, 35.403749836 ], [ 136.816250203, 35.403749837 ], [ 136.816250203, 35.403541504 ], [ 136.815937703, 35.403541504 ], [ 136.815937702, 35.40333317 ], [ 136.815937702, 35.403124838 ], [ 136.815625201, 35.403124838 ] ] ] } },
{ "type": "Feature", "properties": { "A31a_401": "8505090024", "A31a_402": "境川", "A31a_403": "21", "A31a_404": "岐阜県", "A31a_405": 2 }, "geometry": { "type": "Polygon", "coordinates": [ [ [ 136.692812531, 35.346249873 ], [ 136.692812532, 35.346458206 ], [ 136.692812532, 35.346666539 ], [ 136.692500032, 35.346666539 ], [ 136.692500032, 35.346874872 ], [ 136.692500032, 35.347083205 ], [ 136.692500033, 35.347291539 ], [ 136.692500033, 35.347499872 ], [ 136.692500033, 35.347708205 ], [ 136.692500034, 35.347916538 ], [ 136.692500034, 35.348124871 ], [ 136.692500034, 35.348333204 ], [ 136.692500035, 35.348541538 ], [ 136.692500035, 35.348749871 ], [ 136.692500035, 35.348958204 ], [ 136.692500035, 35.349166538 ], [ 136.692500036, 35.34937487 ], [ 136.692500036, 35.349583203 ], [ 136.692500036, 35.349791537 ], [ 136.692812537, 35.349791537 ], [ 136.692812537, 35.34999987 ], [ 136.692812537, 35.350208203 ], [ 136.692812538, 35.350416537 ], [ 136.692812538, 35.35062487 ], [ 136.692812538, 35.350833203 ], [ 136.692812539, 35.351041537 ], [ 136.692812539, 35.35124987 ], [ 136.692812539, 35.351458203 ], [ 136.69281254, 35.351666536 ], [ 136.69312504, 35.351666537 ], [ 136.69312504, 35.35187487 ], [ 136.693125041, 35.352083202 ], [ 136.693125041, 35.352291536 ], [ 136.693125041, 35.352499869 ], [ 136.693125042, 35.352708202 ], [ 136.693125042, 35.352916536 ], [ 136.693125042, 35.353124869 ], [ 136.693437543, 35.353124869 ], [ 136.693437543, 35.353333202 ], [ 136.693437543, 35.353541536 ], [ 136.693437544, 35.353749869 ], [ 136.693437544, 35.353958202 ], [ 136.693437544, 35.354166536 ], [ 136.693437545, 35.354374868 ], [ 136.693437545, 35.354583201 ], [ 136.693437545, 35.354791535 ], [ 136.693750045, 35.354791535 ], [ 136.693750046, 35.354999868 ], [ 136.693750046, 35.355208201 ], [ 136.694062546, 35.355208201 ], [ 136.694062547, 35.355416535 ], [ 136.694062547, 35.355624868 ], [ 136.694375047, 35.355624868 ], [ 136.694375048, 35.355833201 ], [ 136.694687548, 35.355833201 ], [ 136.694687548, 35.356041535 ], [ 136.695000048, 35.356041535 ], [ 136.695312549, 35.356041536 ], [ 136.695312549, 35.356249868 ], [ 136.695625049, 35.356249869 ], [ 136.695937549, 35.356249869 ], [ 136.69625005, 35.356249869 ], [ 136.69656255, 35.356249869 ], [ 136.69656255, 35.356458202 ], [ 136.69687505, 35.356458202 ], [ 136.697187551, 35.356458202 ], [ 136.697500051, 35.356458202 ], [ 136.697812551, 35.356458203 ], [ 136.697812551, 35.356666536 ], [ 136.698125052, 35.356666537 ], [ 136.698437552, 35.356666537 ], [ 136.698750052, 35.356666537 ], [ 136.699062552, 35.356666537 ], [ 136.699375052, 35.356666537 ], [ 136.699687553, 35.356666537 ], [ 136.699687552, 35.356458204 ], [ 136.700000052, 35.356458204 ], [ 136.700000052, 35.356249871 ], [ 136.700312552, 35.356249871 ], [ 136.700312552, 35.356041538 ], [ 136.700625052, 35.356041538 ], [ 136.700625052, 35.355833205 ], [ 136.700937552, 35.355833205 ], [ 136.700937551, 35.355624872 ], [ 136.701250052, 35.355624872 ], [ 136.701250051, 35.355416539 ], [ 136.701562551, 35.355416539 ], [ 136.701562551, 35.355208206 ], [ 136.701875051, 35.355208206 ], [ 136.701875051, 35.354999873 ], [ 136.702187551, 35.354999873 ], [ 136.702187551, 35.35479154 ], [ 136.70218755, 35.354583206 ], [ 136.70250005, 35.354583207 ], [ 136.70250005, 35.354374874 ], [ 136.70281255, 35.354374874 ], [ 136.70281255, 35.354166541 ], [ 136.70312505, 35.354166541 ], [ 136.70343755, 35.354166542 ], [ 136.70343755, 35.353958208 ], [ 136.70375005, 35.353958208 ], [ 136.70375005, 35.353749875 ], [ 136.70406255, 35.353749875 ], [ 136.704062549, 35.353541542 ], [ 136.70437505, 35.353541543 ], [ 136.70468755, 35.353541543 ], [ 136.704687549, 35.353333209 ], [ 136.705000049, 35.353333209 ], [ 136.705000049, 35.353124876 ], [ 136.705312549, 35.353124876 ], [ 136.705312549, 35.352916544 ], [ 136.705625049, 35.352916544 ], [ 136.705625049, 35.35270821 ], [ 136.705937549, 35.35270821 ], [ 136.706250049, 35.35270821 ], [ 136.706250049, 35.352499878 ], [ 136.706562549, 35.352499878 ], [ 136.706562548, 35.352291545 ], [ 136.706875049, 35.352291545 ], [ 136.707187549, 35.352291545 ], [ 136.707187548, 35.352083211 ], [ 136.707500048, 35.352083212 ], [ 136.707812549, 35.352083212 ], [ 136.707812548, 35.351874879 ], [ 136.708125048, 35.351874879 ], [ 136.708437549, 35.351874879 ], [ 136.708437548, 35.351666547 ], [ 136.708750048, 35.351666547 ], [ 136.709062548, 35.351666547 ], [ 136.709375049, 35.351666547 ], [ 136.709375048, 35.351458213 ], [ 136.709687548, 35.351458213 ], [ 136.710000049, 35.351458214 ], [ 136.710312549, 35.351458214 ], [ 136.710312548, 35.351249881 ], [ 136.710625048, 35.351249881 ], [ 136.710937549, 35.351249881 ], [ 136.711250049, 35.351249882 ], [ 136.711562549, 35.351249882 ], [ 136.711562549, 35.351041549 ], [ 136.711875049, 35.351041549 ], [ 136.712187549, 35.351041549 ], [ 136.712500049, 35.35104155 ], [ 136.712812549, 35.35104155 ], [ 136.713125049, 35.35104155 ], [ 136.713125049, 35.350833216 ], [ 136.713437549, 35.350833216 ], [ 136.713750049, 35.350833217 ], [ 136.71406255, 35.350833217 ], [ 136.71437505, 35.350833217 ], [ 136.71468755, 35.350833217 ], [ 136.71500005, 35.350833217 ], [ 136.71531255, 35.350833218 ], [ 136.715625051, 35.350833218 ], [ 136.715937551, 35.350833218 ], [ 136.716250051, 35.350833218 ], [ 136.716562551, 35.350833218 ], [ 136.716875052, 35.350833219 ], [ 136.717187552, 35.350833219 ], [ 136.717500052, 35.350833219 ], [ 136.717812552, 35.350833219 ], [ 136.718125052, 35.35083322 ], [ 136.718125053, 35.351041553 ], [ 136.718437553, 35.351041554 ], [ 136.718750053, 35.351041554 ], [ 136.719062553, 35.351041554 ], [ 136.719375054, 35.351041554 ], [ 136.719687554, 35.351041554 ], [ 136.720000054, 35.351041555 ], [ 136.720000054, 35.351249888 ], [ 136.720312555, 35.351249888 ], [ 136.720625055, 35.351249888 ], [ 136.720937555, 35.351249888 ], [ 136.721250055, 35.351249888 ], [ 136.721250055, 35.351458221 ], [ 136.721562556, 35.351458221 ], [ 136.721562556, 35.351666555 ], [ 136.721875056, 35.351666555 ], [ 136.722187556, 35.351666556 ], [ 136.722187557, 35.351874889 ], [ 136.722500057, 35.351874889 ], [ 136.722812557, 35.351874889 ], [ 136.722812558, 35.352083222 ], [ 136.723125058, 35.352083222 ], [ 136.723437558, 35.352083222 ], [ 136.723437558, 35.352291556 ], [ 136.723750059, 35.352291556 ], [ 136.724062559, 35.352291557 ], [ 136.724062559, 35.352499889 ], [ 136.724375059, 35.35249989 ], [ 136.72437506, 35.352708222 ], [ 136.72468756, 35.352708223 ], [ 136.72468756, 35.352916557 ], [ 136.72500006, 35.352916557 ], [ 136.725000061, 35.35312489 ], [ 136.725312561, 35.35312489 ], [ 136.725312561, 35.353333223 ], [ 136.725625061, 35.353333223 ], [ 136.725625062, 35.353541557 ], [ 136.725937562, 35.353541557 ], [ 136.725937562, 35.35374989 ], [ 136.725937563, 35.353958223 ], [ 136.726250063, 35.353958223 ], [ 136.726250063, 35.354166557 ], [ 136.726250063, 35.354374889 ], [ 136.726562564, 35.35437489 ], [ 136.726562564, 35.354583222 ], [ 136.726562564, 35.354791556 ], [ 136.726562565, 35.354999889 ], [ 136.726250064, 35.354999889 ], [ 136.726250064, 35.354791556 ], [ 136.726250064, 35.354583222 ], [ 136.726250063, 35.354374889 ], [ 136.725937563, 35.354374889 ], [ 136.725937563, 35.354166556 ], [ 136.725937563, 35.353958223 ], [ 136.725625062, 35.353958222 ], [ 136.725625062, 35.35374989 ], [ 136.725312562, 35.353749889 ], [ 136.725312562, 35.353541556 ], [ 136.725312561, 35.353333223 ], [ 136.725000061, 35.353333222 ], [ 136.725000061, 35.35312489 ], [ 136.724687561, 35.353124889 ], [ 136.72468756, 35.352916557 ], [ 136.72437506, 35.352916556 ], [ 136.72406256, 35.352916556 ], [ 136.724062559, 35.352708222 ], [ 136.723750059, 35.352708222 ], [ 136.723750059, 35.352499889 ], [ 136.723437559, 35.352499889 ], [ 136.723125058, 35.352499889 ], [ 136.723125058, 35.352291556 ], [ 136.722812558, 35.352291556 ], [ 136.722500058, 35.352291555 ], [ 136.722500057, 35.352083222 ], [ 136.722187557, 35.352083221 ], [ 136.721875057, 35.352083221 ], [ 136.721875057, 35.351874888 ], [ 136.721562556, 35.351874888 ], [ 136.721250056, 35.351874888 ], [ 136.720937556, 35.351874888 ], [ 136.720625056, 35.351874888 ], [ 136.720625055, 35.351666555 ], [ 136.720312555, 35.351666554 ], [ 136.720000055, 35.351666554 ], [ 136.720000055, 35.35145822 ], [ 136.719687554, 35.35145822 ], [ 136.719375054, 35.35145822 ], [ 136.719062554, 35.35145822 ], [ 136.718750054, 35.35145822 ], [ 136.718750053, 35.351249887 ], [ 136.718437553, 35.351249886 ], [ 136.718125053, 35.351249886 ], [ 136.717812553, 35.351249886 ], [ 136.717500053, 35.351249886 ], [ 136.717187552, 35.351249886 ], [ 136.716875052, 35.351249885 ], [ 136.716562552, 35.351249885 ], [ 136.716250052, 35.351249885 ], [ 136.715937552, 35.351249885 ], [ 136.715625051, 35.351249885 ], [ 136.715312551, 35.351249884 ], [ 136.715000051, 35.351249884 ], [ 136.714687551, 35.351249884 ], [ 136.714375051, 35.351249884 ], [ 136.71406255, 35.351249884 ], [ 136.71375005, 35.351249883 ], [ 136.71343755, 35.351249883 ], [ 136.71312505, 35.351249883 ], [ 136.71281255, 35.351249883 ], [ 136.712500049, 35.351249883 ], [ 136.71250005, 35.351458215 ], [ 136.71218755, 35.351458215 ], [ 136.711875049, 35.351458215 ], [ 136.711562549, 35.351458215 ], [ 136.711250049, 35.351458215 ], [ 136.710937549, 35.351458214 ], [ 136.710937549, 35.351666548 ], [ 136.710625049, 35.351666548 ], [ 136.710312549, 35.351666548 ], [ 136.710000049, 35.351666548 ], [ 136.710000049, 35.35187488 ], [ 136.709687549, 35.35187488 ], [ 136.709375049, 35.35187488 ], [ 136.709062549, 35.35187488 ], [ 136.709062549, 35.352083213 ], [ 136.708750049, 35.352083212 ], [ 136.708437549, 35.352083212 ], [ 136.708125049, 35.352083212 ], [ 136.708125049, 35.352291546 ], [ 136.707812549, 35.352291546 ], [ 136.707500049, 35.352291545 ], [ 136.707500049, 35.352499878 ], [ 136.707187549, 35.352499878 ], [ 136.706875049, 35.352499878 ], [ 136.706875049, 35.352708211 ], [ 136.706562549, 35.352708211 ], [ 136.706250049, 35.35270821 ], [ 136.706250049, 35.352916544 ], [ 136.705937549, 35.352916544 ], [ 136.70593755, 35.353124877 ], [ 136.705625049, 35.353124877 ], [ 136.70562505, 35.35333321 ], [ 136.70531255, 35.353333209 ], [ 136.70531255, 35.353541543 ], [ 136.70500005, 35.353541543 ], [ 136.70468755, 35.353541543 ], [ 136.70468755, 35.353749876 ], [ 136.70437505, 35.353749875 ], [ 136.70437505, 35.353958208 ], [ 136.70406255, 35.353958208 ], [ 136.70406255, 35.354166542 ], [ 136.70375005, 35.354166542 ], [ 136.703750051, 35.354374875 ], [ 136.70343755, 35.354374874 ], [ 136.703437551, 35.354583207 ], [ 136.703125051, 35.354583207 ], [ 136.703125051, 35.354791541 ], [ 136.702812551, 35.354791541 ], [ 136.702812551, 35.354999874 ], [ 136.702500051, 35.354999873 ], [ 136.702500051, 35.355208206 ], [ 136.702187551, 35.355208206 ], [ 136.702187552, 35.35541654 ], [ 136.701875052, 35.35541654 ], [ 136.701875052, 35.355624873 ], [ 136.701562552, 35.355624872 ], [ 136.701562552, 35.355833205 ], [ 136.701250052, 35.355833205 ], [ 136.701250052, 35.356041539 ], [ 136.700937552, 35.356041539 ], [ 136.700937553, 35.356249871 ], [ 136.700625052, 35.356249871 ], [ 136.700625053, 35.356458204 ], [ 136.700312553, 35.356458204 ], [ 136.700312553, 35.356666538 ], [ 136.700000053, 35.356666538 ], [ 136.700000053, 35.35687487 ], [ 136.700000053, 35.357083203 ], [ 136.700312554, 35.357083203 ], [ 136.700312553, 35.356874871 ], [ 136.700625053, 35.356874871 ], [ 136.700937554, 35.356874871 ], [ 136.700937553, 35.356666538 ], [ 136.701250053, 35.356666538 ], [ 136.701250053, 35.356458205 ], [ 136.701562553, 35.356458205 ], [ 136.701562553, 35.356249872 ], [ 136.701875053, 35.356249872 ], [ 136.701875053, 35.356041539 ], [ 136.702187553, 35.356041539 ], [ 136.702187552, 35.355833206 ], [ 136.702500053, 35.355833206 ], [ 136.702500052, 35.355624873 ], [ 136.702812552, 35.355624873 ], [ 136.702812552, 35.35541654 ], [ 136.703125052, 35.35541654 ], [ 136.703125052, 35.355208207 ], [ 136.703437552, 35.355208207 ], [ 136.703437552, 35.354999874 ], [ 136.703750052, 35.354999874 ], [ 136.703750051, 35.354791541 ], [ 136.704062551, 35.354791542 ], [ 136.704062551, 35.354583208 ], [ 136.704375051, 35.354583208 ], [ 136.704375051, 35.354374875 ], [ 136.704687551, 35.354374875 ], [ 136.704687551, 35.354166542 ], [ 136.705000051, 35.354166543 ], [ 136.70500005, 35.353958209 ], [ 136.705312551, 35.353958209 ], [ 136.70531255, 35.353749876 ], [ 136.70562505, 35.353749876 ], [ 136.70562505, 35.353541543 ], [ 136.70593755, 35.353541544 ], [ 136.70625005, 35.353541544 ], [ 136.70625005, 35.35333321 ], [ 136.70656255, 35.35333321 ], [ 136.70656255, 35.353124877 ], [ 136.70687505, 35.353124877 ], [ 136.70687505, 35.352916545 ], [ 136.70718755, 35.352916545 ], [ 136.70750005, 35.352916545 ], [ 136.70750005, 35.352708211 ], [ 136.70781255, 35.352708211 ], [ 136.70812505, 35.352708212 ], [ 136.708125049, 35.352499879 ], [ 136.70843755, 35.352499879 ], [ 136.70875005, 35.352499879 ], [ 136.70906255, 35.352499879 ], [ 136.70906255, 35.352291547 ], [ 136.70937505, 35.352291547 ], [ 136.70968755, 35.352291547 ], [ 136.709687549, 35.352083213 ], [ 136.71000005, 35.352083213 ], [ 136.71031255, 35.352083213 ], [ 136.71062505, 35.352083214 ], [ 136.71093755, 35.352083214 ], [ 136.71093755, 35.351874881 ], [ 136.71125005, 35.351874881 ], [ 136.71156255, 35.351874881 ], [ 136.71187505, 35.351874882 ], [ 136.71218755, 35.351874882 ], [ 136.71218755, 35.351666549 ], [ 136.71250005, 35.351666549 ], [ 136.71281255, 35.351666549 ], [ 136.71312505, 35.35166655 ], [ 136.713437551, 35.35166655 ], [ 136.713750051, 35.35166655 ], [ 136.714062551, 35.35166655 ], [ 136.714375051, 35.35166655 ], [ 136.714375051, 35.351458217 ], [ 136.714687551, 35.351458217 ], [ 136.714687551, 35.351666551 ], [ 136.715000052, 35.351666551 ], [ 136.715312552, 35.351666551 ], [ 136.715312552, 35.351458217 ], [ 136.715625052, 35.351458217 ], [ 136.715937552, 35.351458218 ], [ 136.716250052, 35.351458218 ], [ 136.716562552, 35.351458218 ], [ 136.716875053, 35.351458218 ], [ 136.716875053, 35.351666552 ], [ 136.717187553, 35.351666552 ], [ 136.717500053, 35.351666553 ], [ 136.717812554, 35.351666553 ], [ 136.718125054, 35.351666553 ], [ 136.718437554, 35.351666553 ], [ 136.718750054, 35.351666553 ], [ 136.719062554, 35.351666554 ], [ 136.719062555, 35.351874886 ], [ 136.719375055, 35.351874887 ], [ 136.719687555, 35.351874887 ], [ 136.720000055, 35.351874887 ], [ 136.720000056, 35.35208322 ], [ 136.720312556, 35.35208322 ], [ 136.720625056, 35.35208322 ], [ 136.720625056, 35.352291554 ], [ 136.720937557, 35.352291554 ], [ 136.721250057, 35.352291555 ], [ 136.721562557, 35.352291555 ], [ 136.721875057, 35.352291555 ], [ 136.721875058, 35.352499888 ], [ 136.722187558, 35.352499888 ], [ 136.722187558, 35.352708221 ], [ 136.722500058, 35.352708221 ], [ 136.722812559, 35.352708221 ], [ 136.722812559, 35.352916555 ], [ 136.723125059, 35.352916555 ], [ 136.723437559, 35.352916556 ], [ 136.72343756, 35.353124889 ], [ 136.72375006, 35.353124889 ], [ 136.72406256, 35.353124889 ], [ 136.72406256, 35.353333222 ], [ 136.724375061, 35.353333222 ], [ 136.724375061, 35.353541556 ], [ 136.724687561, 35.353541556 ], [ 136.724687562, 35.353749889 ], [ 136.725000062, 35.353749889 ], [ 136.725000062, 35.353958222 ], [ 136.725000063, 35.354166556 ], [ 136.725312563, 35.354166556 ], [ 136.725312563, 35.354374889 ], [ 136.725312563, 35.354583222 ], [ 136.725625063, 35.354583222 ], [ 136.725625064, 35.354791556 ], [ 136.725625064, 35.354999889 ], [ 136.725625065, 35.355208222 ], [ 136.725937565, 35.355208222 ], [ 136.725937565, 35.355416556 ], [ 136.726250065, 35.355416556 ], [ 136.726250065, 35.355624889 ], [ 136.726250066, 35.355833221 ], [ 136.726250066, 35.356041555 ], [ 136.726250067, 35.356249888 ], [ 136.726250067, 35.356458221 ], [ 136.726250067, 35.356666555 ], [ 136.726250068, 35.356874888 ], [ 136.726562568, 35.356874888 ], [ 136.726562568, 35.357083221 ], [ 136.726562568, 35.357291555 ], [ 136.726562569, 35.357499887 ], [ 136.726562569, 35.35770822 ], [ 136.726562569, 35.357916554 ], [ 136.72656257, 35.358124887 ], [ 136.72656257, 35.35833322 ], [ 136.72656257, 35.358541554 ], [ 136.726562571, 35.358749886 ], [ 136.726562571, 35.358958219 ], [ 136.726250071, 35.358958219 ], [ 136.726250071, 35.359166553 ], [ 136.726250072, 35.359374886 ], [ 136.726250072, 35.359583218 ], [ 136.726250072, 35.359791552 ], [ 136.726250073, 35.359999885 ], [ 136.725937573, 35.359999885 ], [ 136.725937573, 35.360208218 ], [ 136.725937573, 35.360416551 ], [ 136.725937574, 35.360624884 ], [ 136.725937574, 35.360833217 ], [ 136.725937574, 35.361041551 ], [ 136.725625074, 35.361041551 ], [ 136.725625075, 35.361249883 ], [ 136.725625075, 35.361458216 ], [ 136.725625075, 35.36166655 ], [ 136.725625076, 35.361874883 ], [ 136.725312575, 35.361874883 ], [ 136.725312576, 35.362083216 ], [ 136.725312576, 35.362291549 ], [ 136.725312577, 35.362499882 ], [ 136.725312577, 35.362708215 ], [ 136.725312577, 35.362916549 ], [ 136.725000077, 35.362916549 ], [ 136.725000077, 35.363124881 ], [ 136.725000078, 35.363333214 ], [ 136.725000078, 35.363541548 ], [ 136.725000078, 35.363749881 ], [ 136.724687578, 35.363749881 ], [ 136.724687579, 35.363958213 ], [ 136.724687579, 35.364166547 ], [ 136.724687579, 35.36437488 ], [ 136.72468758, 35.364583213 ], [ 136.72468758, 35.364791546 ], [ 136.72437508, 35.364791546 ], [ 136.72437508, 35.364999879 ], [ 136.724375081, 35.365208212 ], [ 136.724375081, 35.365416546 ], [ 136.724375081, 35.365624879 ], [ 136.724375082, 35.365833211 ], [ 136.724375082, 35.366041545 ], [ 136.724375082, 35.366249878 ], [ 136.724375083, 35.366458211 ], [ 136.724687583, 35.366458211 ], [ 136.724687583, 35.366666545 ], [ 136.724687584, 35.366874877 ], [ 136.724687584, 35.36708321 ], [ 136.725000084, 35.36708321 ], [ 136.725000085, 35.367291544 ], [ 136.725312585, 35.367291544 ], [ 136.725312585, 35.367499877 ], [ 136.725312586, 35.36770821 ], [ 136.725625086, 35.36770821 ], [ 136.725937586, 35.36770821 ], [ 136.725937586, 35.367916544 ], [ 136.726250086, 35.367916544 ], [ 136.726250087, 35.368124877 ], [ 136.726562587, 35.368124877 ], [ 136.726562587, 35.36833321 ], [ 136.726875088, 35.36833321 ], [ 136.726875088, 35.368541544 ], [ 136.727187588, 35.368541544 ], [ 136.727500088, 35.368541544 ], [ 136.727500089, 35.368749877 ], [ 136.727812589, 35.368749877 ], [ 136.727812589, 35.36895821 ], [ 136.728125089, 35.36895821 ], [ 136.72812509, 35.369166544 ], [ 136.72843759, 35.369166544 ], [ 136.72843759, 35.369374877 ], [ 136.72875009, 35.369374877 ], [ 136.728750091, 35.36958321 ], [ 136.729062591, 35.36958321 ], [ 136.729062591, 35.369791543 ], [ 136.729375092, 35.369791544 ], [ 136.729375092, 35.369999876 ], [ 136.729375092, 35.370208209 ], [ 136.729687593, 35.370208209 ], [ 136.729687593, 35.370416543 ], [ 136.730000093, 35.370416543 ], [ 136.730000093, 35.370624876 ], [ 136.730312594, 35.370624876 ], [ 136.730312594, 35.370833209 ], [ 136.730625094, 35.370833209 ], [ 136.730625095, 35.371041543 ], [ 136.730625095, 35.371249876 ], [ 136.730937595, 35.371249876 ], [ 136.730937596, 35.371458209 ], [ 136.730937596, 35.371666542 ], [ 136.730937596, 35.371874875 ], [ 136.730937597, 35.372083208 ], [ 136.731250097, 35.372083208 ], [ 136.731250097, 35.372291542 ], [ 136.731562598, 35.372291542 ], [ 136.731562598, 35.372499875 ], [ 136.731875098, 35.372499875 ], [ 136.732187598, 35.372499875 ], [ 136.732187599, 35.372708208 ], [ 136.732500099, 35.372708208 ], [ 136.732812599, 35.372708208 ], [ 136.733125099, 35.372708208 ], [ 136.733437599, 35.372708208 ], [ 136.733750099, 35.372708209 ], [ 136.734062599, 35.372708209 ], [ 136.7343751, 35.372708209 ], [ 136.7346876, 35.372708209 ], [ 136.7350001, 35.372708209 ], [ 136.7353126, 35.372708209 ], [ 136.7353126, 35.372499877 ], [ 136.7356251, 35.372499877 ], [ 136.7359376, 35.372499877 ], [ 136.7362501, 35.372499877 ], [ 136.7365626, 35.372499877 ], [ 136.7368751, 35.372499877 ], [ 136.7371876, 35.372499877 ], [ 136.737500101, 35.372499878 ], [ 136.737812601, 35.372499878 ], [ 136.738125101, 35.372499878 ], [ 136.738437601, 35.372499878 ], [ 136.738750101, 35.372499878 ], [ 136.739062601, 35.372499878 ], [ 136.739375101, 35.372499878 ], [ 136.739687602, 35.372499878 ], [ 136.739687601, 35.372291545 ], [ 136.740000101, 35.372291545 ], [ 136.740312601, 35.372291546 ], [ 136.740625102, 35.372291546 ], [ 136.740937602, 35.372291546 ], [ 136.741250102, 35.372291546 ], [ 136.741562602, 35.372291546 ], [ 136.741875102, 35.372291546 ], [ 136.741875102, 35.372083212 ], [ 136.742187602, 35.372083212 ], [ 136.742500102, 35.372083212 ], [ 136.742812602, 35.372083213 ], [ 136.743125102, 35.372083213 ], [ 136.743125102, 35.37187488 ], [ 136.743437602, 35.37187488 ], [ 136.743437602, 35.372083213 ], [ 136.743750103, 35.372083213 ], [ 136.743750102, 35.37187488 ], [ 136.744062602, 35.37187488 ], [ 136.744375102, 35.37187488 ], [ 136.744687602, 35.37187488 ], [ 136.745000103, 35.37187488 ], [ 136.745312603, 35.371874881 ], [ 136.745625103, 35.371874881 ], [ 136.745625102, 35.371666548 ], [ 136.745937603, 35.371666548 ], [ 136.746250103, 35.371666548 ], [ 136.746562603, 35.371666548 ], [ 136.746875103, 35.371666548 ], [ 136.747187603, 35.371666548 ], [ 136.747500103, 35.371666548 ], [ 136.747812603, 35.371666549 ], [ 136.748125104, 35.371666549 ], [ 136.748125103, 35.371458215 ], [ 136.748437603, 35.371458215 ], [ 136.748750103, 35.371458215 ], [ 136.749062604, 35.371458215 ], [ 136.749062604, 35.371666549 ], [ 136.749375104, 35.371666549 ], [ 136.749687604, 35.371666549 ], [ 136.749687605, 35.371874882 ], [ 136.750000105, 35.371874882 ], [ 136.750000105, 35.372083215 ], [ 136.750312605, 35.372083215 ], [ 136.750312606, 35.372291549 ], [ 136.750625106, 35.372291549 ], [ 136.750625106, 35.372499881 ], [ 136.750937607, 35.372499882 ], [ 136.750937607, 35.372708214 ], [ 136.751250107, 35.372708214 ], [ 136.751250108, 35.372916548 ], [ 136.751562608, 35.372916548 ], [ 136.751562608, 35.373124881 ], [ 136.751875108, 35.373124881 ], [ 136.751875109, 35.373333214 ], [ 136.752187609, 35.373333214 ], [ 136.752500109, 35.373333214 ], [ 136.752500109, 35.373541548 ], [ 136.752812609, 35.373541548 ], [ 136.75281261, 35.373749881 ], [ 136.75281261, 35.373958213 ], [ 136.75312511, 35.373958214 ], [ 136.753125111, 35.374166547 ], [ 136.753437611, 35.374166547 ], [ 136.753437611, 35.37437488 ], [ 136.753750112, 35.37437488 ], [ 136.753750112, 35.374583213 ], [ 136.753750112, 35.374791547 ], [ 136.754062612, 35.374791547 ], [ 136.754062613, 35.37499988 ], [ 136.754375113, 35.37499988 ], [ 136.754375113, 35.375208212 ], [ 136.754375114, 35.375416546 ], [ 136.754375114, 35.375624879 ], [ 136.754687614, 35.375624879 ], [ 136.754687615, 35.375833212 ], [ 136.755000115, 35.375833212 ], [ 136.755000115, 35.376041545 ], [ 136.755312615, 35.376041546 ], [ 136.755312616, 35.376249878 ], [ 136.755625116, 35.376249878 ], [ 136.755937616, 35.376249879 ], [ 136.755937616, 35.376458211 ], [ 136.756250117, 35.376458211 ], [ 136.756250117, 35.376666545 ], [ 136.756562617, 35.376666545 ], [ 136.756875117, 35.376666545 ], [ 136.756875118, 35.376874878 ], [ 136.756875118, 35.377083211 ], [ 136.757187618, 35.377083211 ], [ 136.757187618, 35.377291544 ], [ 136.757187619, 35.377499877 ], [ 136.757500119, 35.377499877 ], [ 136.757500119, 35.37770821 ], [ 136.75750012, 35.377916544 ], [ 136.75781262, 35.377916544 ], [ 136.75781262, 35.378124876 ], [ 136.757812621, 35.378333209 ], [ 136.758125121, 35.378333209 ], [ 136.758125121, 35.378541543 ], [ 136.758125121, 35.378749876 ], [ 136.758437622, 35.378749876 ], [ 136.758437622, 35.378958208 ], [ 136.758437622, 35.379166542 ], [ 136.758750122, 35.379166542 ], [ 136.758750123, 35.379374875 ], [ 136.759062623, 35.379374875 ], [ 136.759062623, 35.379583208 ], [ 136.759062624, 35.379791541 ], [ 136.759062624, 35.379999874 ], [ 136.759375124, 35.379999874 ], [ 136.759375124, 35.380208207 ], [ 136.759375125, 35.38041654 ], [ 136.759687625, 35.38041654 ], [ 136.759687625, 35.380624873 ], [ 136.759687626, 35.380833206 ], [ 136.760000126, 35.380833206 ], [ 136.760000126, 35.38104154 ], [ 136.760000126, 35.381249872 ], [ 136.760312626, 35.381249872 ], [ 136.760312627, 35.381458205 ], [ 136.760312627, 35.381666539 ], [ 136.760312628, 35.381874871 ], [ 136.760625128, 35.381874871 ], [ 136.760625128, 35.382083204 ], [ 136.760312628, 35.382083204 ], [ 136.760312628, 35.382291538 ], [ 136.760312629, 35.38249987 ], [ 136.760312629, 35.382708203 ], [ 136.760312629, 35.382916537 ], [ 136.760000129, 35.382916537 ], [ 136.76000013, 35.383124869 ], [ 136.76000013, 35.383333202 ], [ 136.76000013, 35.383541536 ], [ 136.760000131, 35.383749868 ], [ 136.759687631, 35.383749868 ], [ 136.759687631, 35.383958201 ], [ 136.759687632, 35.384166535 ], [ 136.759687632, 35.384374867 ], [ 136.759687632, 35.3845832 ], [ 136.759375132, 35.3845832 ], [ 136.759375133, 35.384791534 ], [ 136.759375133, 35.384999867 ], [ 136.759375133, 35.385208199 ], [ 136.759062633, 35.385208199 ], [ 136.759062634, 35.385416533 ], [ 136.759062634, 35.385624866 ], [ 136.759062635, 35.385833198 ], [ 136.759062635, 35.386041532 ], [ 136.758750135, 35.386041532 ], [ 136.758750135, 35.386249865 ], [ 136.758750136, 35.386458197 ], [ 136.758750136, 35.386666531 ], [ 136.758750136, 35.386874864 ], [ 136.758437636, 35.386874864 ], [ 136.758437637, 35.387083197 ], [ 136.758437637, 35.38729153 ], [ 136.758437638, 35.387499863 ], [ 136.758125137, 35.387499863 ], [ 136.758125138, 35.387708196 ], [ 136.758125138, 35.387916529 ], [ 136.758125139, 35.388124862 ], [ 136.758125139, 35.388333195 ], [ 136.758125139, 35.388541529 ], [ 136.757812639, 35.388541528 ], [ 136.75781264, 35.388749861 ], [ 136.75781264, 35.388958194 ], [ 136.75781264, 35.389166528 ], [ 136.757812641, 35.38937486 ], [ 136.757812641, 35.389583193 ], [ 136.757812642, 35.389791527 ], [ 136.758125142, 35.389791527 ], [ 136.758125142, 35.38999986 ], [ 136.758125143, 35.390208192 ], [ 136.758125143, 35.390416526 ], [ 136.758125143, 35.390624859 ], [ 136.758125144, 35.390833191 ], [ 136.758125144, 35.391041525 ], [ 136.758125144, 35.391249858 ], [ 136.758437645, 35.391249858 ], [ 136.758437645, 35.391458191 ], [ 136.758437645, 35.391666524 ], [ 136.758437646, 35.391874857 ], [ 136.758437646, 35.39208319 ], [ 136.758437647, 35.392291524 ], [ 136.758437647, 35.392499856 ], [ 136.758750147, 35.392499856 ], [ 136.758750147, 35.392708189 ], [ 136.758750148, 35.392916523 ], [ 136.758750148, 35.393124856 ], [ 136.758750149, 35.393333188 ], [ 136.759062649, 35.393333188 ], [ 136.759062649, 35.393541522 ], [ 136.759062649, 35.393749855 ], [ 136.75906265, 35.393958188 ], [ 136.75906265, 35.394166521 ], [ 136.75906265, 35.394374854 ], [ 136.759062651, 35.394583187 ], [ 136.759062651, 35.39479152 ], [ 136.759375151, 35.39479152 ], [ 136.759375152, 35.394999853 ], [ 136.759375152, 35.395208186 ], [ 136.759375152, 35.39541652 ], [ 136.759375153, 35.395624852 ], [ 136.759375153, 35.395833185 ], [ 136.759375153, 35.396041519 ], [ 136.759687654, 35.396041519 ], [ 136.759687654, 35.396249852 ], [ 136.759687654, 35.396458184 ], [ 136.759687655, 35.396666518 ], [ 136.760000155, 35.396666518 ], [ 136.760000155, 35.396874851 ], [ 136.760312655, 35.396874851 ], [ 136.760312656, 35.397083184 ], [ 136.760312656, 35.397291517 ], [ 136.760625156, 35.397291517 ], [ 136.760625156, 35.39749985 ], [ 136.760937656, 35.39749985 ], [ 136.760937657, 35.397708183 ], [ 136.761250157, 35.397708183 ], [ 136.761250157, 35.397916517 ], [ 136.761250158, 35.398124849 ], [ 136.761562658, 35.39812485 ], [ 136.761562658, 35.398333182 ], [ 136.761875158, 35.398333182 ], [ 136.761875159, 35.398541516 ], [ 136.761875159, 35.398749849 ], [ 136.762187659, 35.398749849 ], [ 136.762187659, 35.398958182 ], [ 136.76218766, 35.399166515 ], [ 136.76250016, 35.399166515 ], [ 136.76250016, 35.399374848 ], [ 136.76250016, 35.399583181 ], [ 136.762500161, 35.399791515 ], [ 136.762500161, 35.399999847 ], [ 136.762500161, 35.40020818 ], [ 136.762500162, 35.400416514 ], [ 136.762500162, 35.400624846 ], [ 136.762500163, 35.400833179 ], [ 136.762500163, 35.401041512 ], [ 136.762500163, 35.401249845 ], [ 136.762812663, 35.401249845 ], [ 136.762812664, 35.401458178 ], [ 136.762812664, 35.401666511 ], [ 136.762812664, 35.401874844 ], [ 136.763125165, 35.401874844 ], [ 136.763125165, 35.402083177 ], [ 136.763437665, 35.402083177 ], [ 136.763437665, 35.40229151 ], [ 136.763750165, 35.40229151 ], [ 136.763750166, 35.402499843 ], [ 136.764062666, 35.402499843 ], [ 136.764375166, 35.402499843 ], [ 136.764375166, 35.402708176 ], [ 136.764687667, 35.402708176 ], [ 136.764687667, 35.402916509 ], [ 136.765000167, 35.402916509 ], [ 136.765000167, 35.403124842 ], [ 136.765312668, 35.403124842 ], [ 136.765625168, 35.403124842 ], [ 136.765625168, 35.403333175 ], [ 136.765937668, 35.403333175 ], [ 136.765937669, 35.403541508 ], [ 136.766250169, 35.403541508 ], [ 136.766562669, 35.403541508 ], [ 136.766875169, 35.403541508 ], [ 136.767187669, 35.403541508 ], [ 136.767500169, 35.403541508 ], [ 136.767812669, 35.403541508 ], [ 136.76812517, 35.403541508 ], [ 136.76812517, 35.403749841 ], [ 136.76843767, 35.403749841 ], [ 136.76875017, 35.403749841 ], [ 136.76875017, 35.403958174 ], [ 136.769062671, 35.403958174 ], [ 136.769375171, 35.403958174 ], [ 136.769375171, 35.404166507 ], [ 136.769687671, 35.404166507 ], [ 136.769687672, 35.40437484 ], [ 136.770000172, 35.40437484 ], [ 136.770312672, 35.40437484 ], [ 136.770312672, 35.404166507 ], [ 136.770625172, 35.404166507 ], [ 136.770625172, 35.40437484 ], [ 136.770312672, 35.40437484 ], [ 136.770312672, 35.404583173 ], [ 136.770312673, 35.404791506 ], [ 136.770625173, 35.404791506 ], [ 136.770937673, 35.404791506 ], [ 136.770937673, 35.404999839 ], [ 136.771250173, 35.404999839 ], [ 136.771250174, 35.405208172 ], [ 136.771562674, 35.405208172 ], [ 136.771562674, 35.405416505 ], [ 136.771875174, 35.405416505 ], [ 136.771875175, 35.405624838 ], [ 136.772187675, 35.405624838 ], [ 136.772187675, 35.405833171 ], [ 136.772500175, 35.405833171 ], [ 136.772500176, 35.406041504 ], [ 136.772812676, 35.406041504 ], [ 136.773125176, 35.406041504 ], [ 136.773125176, 35.406249837 ], [ 136.773437676, 35.406249837 ], [ 136.773437677, 35.406458169 ], [ 136.773750177, 35.406458169 ], [ 136.773750177, 35.406666503 ], [ 136.773750178, 35.406874836 ], [ 136.773750178, 35.407083168 ], [ 136.773750178, 35.407291502 ], [ 136.774062678, 35.407291502 ], [ 136.774062679, 35.407499835 ], [ 136.774062679, 35.407708167 ], [ 136.774062679, 35.407916501 ], [ 136.77406268, 35.408124834 ], [ 136.77406268, 35.408333166 ], [ 136.774062681, 35.4085415 ], [ 136.774375181, 35.4085415 ], [ 136.774375181, 35.408749833 ], [ 136.774375182, 35.408958165 ], [ 136.774375182, 35.409166499 ], [ 136.774375182, 35.409374832 ], [ 136.774687682, 35.409374832 ], [ 136.774687683, 35.409583164 ], [ 136.775000183, 35.409583164 ], [ 136.775000183, 35.409791498 ], [ 136.775312684, 35.409791498 ], [ 136.775312684, 35.409999831 ], [ 136.775312684, 35.410208163 ], [ 136.775312685, 35.410416497 ], [ 136.775625185, 35.410416497 ], [ 136.775625186, 35.41062483 ], [ 136.775625186, 35.410833162 ], [ 136.775625186, 35.411041496 ], [ 136.775937687, 35.411041496 ], [ 136.775937687, 35.411249828 ], [ 136.776250187, 35.411249828 ], [ 136.776562687, 35.411249828 ], [ 136.776875187, 35.411249828 ], [ 136.777187688, 35.411249828 ], [ 136.777500188, 35.411249828 ], [ 136.777812688, 35.411249828 ], [ 136.778125188, 35.411249828 ], [ 136.778437688, 35.411249828 ], [ 136.778750189, 35.411249828 ], [ 136.779062689, 35.411249828 ], [ 136.779375189, 35.411249828 ], [ 136.779687689, 35.411249828 ], [ 136.780000189, 35.411249828 ], [ 136.78031269, 35.411249828 ], [ 136.78062519, 35.411249828 ], [ 136.78093769, 35.411249828 ], [ 136.78125019, 35.411249828 ], [ 136.78156269, 35.411249828 ], [ 136.78187519, 35.411249828 ], [ 136.78187519, 35.411041496 ], [ 136.78218769, 35.411041496 ], [ 136.78250019, 35.411041496 ], [ 136.782812691, 35.411041496 ], [ 136.783125191, 35.411041496 ], [ 136.783437691, 35.411041496 ], [ 136.783750191, 35.411041496 ], [ 136.784062691, 35.411041496 ], [ 136.784375192, 35.411041496 ], [ 136.784375191, 35.410833162 ], [ 136.784687691, 35.410833162 ], [ 136.785000192, 35.410833162 ], [ 136.785312692, 35.410833162 ], [ 136.785312691, 35.41062483 ], [ 136.785625192, 35.41062483 ], [ 136.785937692, 35.41062483 ], [ 136.785937691, 35.410416497 ], [ 136.786250192, 35.410416497 ], [ 136.786562692, 35.410416497 ], [ 136.786562691, 35.410208163 ], [ 136.786562691, 35.409999831 ], [ 136.786875191, 35.409999831 ], [ 136.786875191, 35.409791498 ], [ 136.787187691, 35.409791498 ], [ 136.787187691, 35.409583164 ], [ 136.78718769, 35.409374832 ], [ 136.787500191, 35.409374832 ], [ 136.78750019, 35.409166499 ], [ 136.78750019, 35.408958165 ], [ 136.78750019, 35.408749833 ], [ 136.78781269, 35.408749833 ], [ 136.787812689, 35.4085415 ], [ 136.787812689, 35.408333166 ], [ 136.788125189, 35.408333166 ], [ 136.788125189, 35.408124834 ], [ 136.788125189, 35.407916501 ], [ 136.788437689, 35.407916501 ], [ 136.788437688, 35.407708167 ], [ 136.788750189, 35.407708167 ], [ 136.788750188, 35.407499835 ], [ 136.789062689, 35.407499835 ], [ 136.789062688, 35.407291502 ], [ 136.789375188, 35.407291502 ], [ 136.789687689, 35.407291502 ], [ 136.789687688, 35.407083168 ], [ 136.790000188, 35.407083168 ], [ 136.790000188, 35.406874836 ], [ 136.790312688, 35.406874836 ], [ 136.790625189, 35.406874836 ], [ 136.790937689, 35.406874836 ], [ 136.791250189, 35.406874836 ], [ 136.791562689, 35.406874836 ], [ 136.791875189, 35.406874836 ], [ 136.791875189, 35.406666503 ], [ 136.792187689, 35.406666503 ], [ 136.792500189, 35.406666503 ], [ 136.79281269, 35.406666503 ], [ 136.792812689, 35.406458169 ], [ 136.79312519, 35.406458169 ], [ 136.79343769, 35.406458169 ], [ 136.793437689, 35.406249837 ], [ 136.79375019, 35.406249837 ], [ 136.79406269, 35.406249837 ], [ 136.794062689, 35.406041504 ], [ 136.79437519, 35.406041504 ], [ 136.79468769, 35.406041504 ], [ 136.79468769, 35.405833171 ], [ 136.79500019, 35.405833171 ], [ 136.795000189, 35.405624838 ], [ 136.79531269, 35.405624838 ], [ 136.795312689, 35.405416505 ], [ 136.795625189, 35.405416505 ], [ 136.79593769, 35.405416505 ], [ 136.795937689, 35.405208172 ], [ 136.79625019, 35.405208172 ], [ 136.796250189, 35.404999839 ], [ 136.796562689, 35.404999839 ], [ 136.79687519, 35.404999839 ], [ 136.796875189, 35.404791506 ], [ 136.797187689, 35.404791506 ], [ 136.797187689, 35.404583173 ], [ 136.797500189, 35.404583173 ], [ 136.797500189, 35.40437484 ], [ 136.797812689, 35.40437484 ], [ 136.798125189, 35.40437484 ], [ 136.79843769, 35.40437484 ], [ 136.79875019, 35.40437484 ], [ 136.798750189, 35.404166507 ], [ 136.79906269, 35.404166507 ], [ 136.79937519, 35.404166507 ], [ 136.79968769, 35.404166507 ], [ 136.80000019, 35.404166507 ], [ 136.80000019, 35.403958174 ], [ 136.80031269, 35.403958174 ], [ 136.80062519, 35.403958173 ], [ 136.800937691, 35.403958173 ], [ 136.801250191, 35.403958173 ], [ 136.801562691, 35.403958173 ], [ 136.801875191, 35.403958173 ], [ 136.802187692, 35.403958173 ], [ 136.802500192, 35.403958173 ], [ 136.802812692, 35.403958173 ], [ 136.803125192, 35.403958173 ], [ 136.803437693, 35.403958173 ], [ 136.803750193, 35.403958173 ], [ 136.804062693, 35.403958173 ], [ 136.804062693, 35.40374984 ], [ 136.804375193, 35.40374984 ], [ 136.804375193, 35.403541507 ], [ 136.804687693, 35.403541507 ], [ 136.805000193, 35.403541507 ], [ 136.805000193, 35.403333174 ], [ 136.805312693, 35.403333173 ], [ 136.805312693, 35.403124841 ], [ 136.805625193, 35.403124841 ], [ 136.805937693, 35.403124841 ], [ 136.805937693, 35.402916508 ], [ 136.806250193, 35.402916508 ], [ 136.806562693, 35.402916508 ], [ 136.806562693, 35.402708174 ], [ 136.806875193, 35.402708174 ], [ 136.807187693, 35.402708174 ], [ 136.807500193, 35.402708174 ], [ 136.807812694, 35.402708174 ], [ 136.808125194, 35.402708174 ], [ 136.808437694, 35.402708174 ], [ 136.808750194, 35.402708174 ], [ 136.809062695, 35.402708174 ], [ 136.809375195, 35.402708174 ], [ 136.809687695, 35.402708174 ], [ 136.810000195, 35.402708173 ], [ 136.810312695, 35.402708173 ], [ 136.810625196, 35.402708173 ], [ 136.810937696, 35.402708173 ], [ 136.811250196, 35.402708173 ], [ 136.811562696, 35.402708173 ], [ 136.811875197, 35.402708173 ], [ 136.811875197, 35.402916507 ], [ 136.812187697, 35.402916507 ], [ 136.812500198, 35.402916507 ], [ 136.812812698, 35.402916506 ], [ 136.813125198, 35.402916506 ], [ 136.813437699, 35.402916506 ], [ 136.813750199, 35.402916506 ], [ 136.814062699, 35.402916506 ], [ 136.814062699, 35.402708172 ], [ 136.814062698, 35.40249984 ], [ 136.813750198, 35.40249984 ], [ 136.813437698, 35.40249984 ], [ 136.813125197, 35.40249984 ], [ 136.812812697, 35.40249984 ], [ 136.812500197, 35.40249984 ], [ 136.812187696, 35.40249984 ], [ 136.811875196, 35.40249984 ], [ 136.811562696, 35.40249984 ], [ 136.811250196, 35.402499841 ], [ 136.810937696, 35.402499841 ], [ 136.810625195, 35.402499841 ], [ 136.810312695, 35.402499841 ], [ 136.810000195, 35.402499841 ], [ 136.809687695, 35.402499841 ], [ 136.809687694, 35.402291508 ], [ 136.809375194, 35.402291508 ], [ 136.809062694, 35.402291508 ], [ 136.808750194, 35.402291508 ], [ 136.808437693, 35.402291509 ], [ 136.808125193, 35.402291509 ], [ 136.807812693, 35.402291509 ], [ 136.807500193, 35.402291509 ], [ 136.807187692, 35.402291509 ], [ 136.806875192, 35.402291509 ], [ 136.806562692, 35.402291509 ], [ 136.806250192, 35.402291509 ], [ 136.806250192, 35.402499842 ], [ 136.805937692, 35.402499842 ], [ 136.805625192, 35.402499842 ], [ 136.805312691, 35.402499842 ], [ 136.805312692, 35.402708175 ], [ 136.805000192, 35.402708175 ], [ 136.805000192, 35.402916508 ], [ 136.804687692, 35.402916508 ], [ 136.804687692, 35.403124841 ], [ 136.804375192, 35.403124841 ], [ 136.804062692, 35.403124841 ], [ 136.804062692, 35.403333174 ], [ 136.803750192, 35.403333174 ], [ 136.803750192, 35.403541507 ], [ 136.803437692, 35.403541508 ], [ 136.803125192, 35.403541508 ], [ 136.802812691, 35.403541508 ], [ 136.802500191, 35.403541508 ], [ 136.802187691, 35.403541508 ], [ 136.801875191, 35.403541508 ], [ 136.80156269, 35.403541508 ], [ 136.80125019, 35.403541508 ], [ 136.80093769, 35.403541508 ], [ 136.80062519, 35.403541508 ], [ 136.800312689, 35.403541508 ], [ 136.800000189, 35.403541508 ], [ 136.799687689, 35.403541508 ], [ 136.799687689, 35.403749841 ], [ 136.799375189, 35.403749841 ], [ 136.799062689, 35.403749841 ], [ 136.798750189, 35.403749841 ], [ 136.798437689, 35.403749841 ], [ 136.798437689, 35.403958174 ], [ 136.798125189, 35.403958174 ], [ 136.797812688, 35.403958174 ], [ 136.797500188, 35.403958174 ], [ 136.797187688, 35.403958174 ], [ 136.797187688, 35.404166507 ], [ 136.796875188, 35.404166507 ], [ 136.796562688, 35.404166507 ], [ 136.796562688, 35.40437484 ], [ 136.796250188, 35.40437484 ], [ 136.796250188, 35.404583173 ], [ 136.795937688, 35.404583173 ], [ 136.795937689, 35.404791506 ], [ 136.795625188, 35.404791506 ], [ 136.795312688, 35.404791506 ], [ 136.795312689, 35.404999839 ], [ 136.795000188, 35.404999839 ], [ 136.795000189, 35.405208172 ], [ 136.794687688, 35.405208172 ], [ 136.794687689, 35.405416505 ], [ 136.794375189, 35.405416505 ], [ 136.794375189, 35.405624838 ], [ 136.794062689, 35.405624838 ], [ 136.793750189, 35.405624838 ], [ 136.793750189, 35.405833171 ], [ 136.793437689, 35.405833171 ], [ 136.793125188, 35.405833171 ], [ 136.793125189, 35.406041504 ], [ 136.792812689, 35.406041504 ], [ 136.792500188, 35.406041504 ], [ 136.792187688, 35.406041504 ], [ 136.792187689, 35.406249837 ], [ 136.791875188, 35.406249837 ], [ 136.791562688, 35.406249837 ], [ 136.791250188, 35.406249837 ], [ 136.791250188, 35.406458169 ], [ 136.790937688, 35.406458169 ], [ 136.790625188, 35.406458169 ], [ 136.790312688, 35.406458169 ], [ 136.790000187, 35.406458169 ], [ 136.789687687, 35.406458169 ], [ 136.789375187, 35.406458169 ], [ 136.789375187, 35.406666503 ], [ 136.789062687, 35.406666503 ], [ 136.788750187, 35.406666503 ], [ 136.788750187, 35.406874836 ], [ 136.788437687, 35.406874836 ], [ 136.788437687, 35.407083168 ], [ 136.788125187, 35.407083168 ], [ 136.788125188, 35.407291502 ], [ 136.787812687, 35.407291502 ], [ 136.787812688, 35.407499835 ], [ 136.787812688, 35.407708167 ], [ 136.787500188, 35.407708167 ], [ 136.787500188, 35.407916501 ], [ 136.787500189, 35.408124834 ], [ 136.787187688, 35.408124834 ], [ 136.787187689, 35.408333166 ], [ 136.787187689, 35.4085415 ], [ 136.786875189, 35.4085415 ], [ 136.786875189, 35.408749833 ], [ 136.78687519, 35.408958165 ], [ 136.786562689, 35.408958165 ], [ 136.78656269, 35.409166499 ], [ 136.78656269, 35.409374832 ], [ 136.78625019, 35.409374832 ], [ 136.78625019, 35.409583164 ], [ 136.78593769, 35.409583164 ], [ 136.78593769, 35.409791498 ], [ 136.78562519, 35.409791498 ], [ 136.785625191, 35.409999831 ], [ 136.78531269, 35.409999831 ], [ 136.78500019, 35.409999831 ], [ 136.78500019, 35.410208163 ], [ 136.78468769, 35.410208163 ], [ 136.78437519, 35.410208163 ], [ 136.78437519, 35.410416497 ], [ 136.78406269, 35.410416497 ], [ 136.78375019, 35.410416497 ], [ 136.78343769, 35.410416497 ], [ 136.78312519, 35.410416497 ], [ 136.782812689, 35.410416497 ], [ 136.782500189, 35.410416497 ], [ 136.782187689, 35.410416497 ], [ 136.782187689, 35.41062483 ], [ 136.781875189, 35.41062483 ], [ 136.781562689, 35.41062483 ], [ 136.781250189, 35.41062483 ], [ 136.780937689, 35.41062483 ], [ 136.780625189, 35.41062483 ], [ 136.780312688, 35.41062483 ], [ 136.780000188, 35.41062483 ], [ 136.779687688, 35.41062483 ], [ 136.779375188, 35.41062483 ], [ 136.779062688, 35.41062483 ], [ 136.778750187, 35.41062483 ], [ 136.778437687, 35.41062483 ], [ 136.778125187, 35.41062483 ], [ 136.777812687, 35.41062483 ], [ 136.777500187, 35.41062483 ], [ 136.777187686, 35.41062483 ], [ 136.776875186, 35.41062483 ], [ 136.776562686, 35.41062483 ], [ 136.776562686, 35.410416497 ], [ 136.776250185, 35.410416497 ], [ 136.776250185, 35.410208163 ], [ 136.776250185, 35.409999831 ], [ 136.776250184, 35.409791498 ], [ 136.776250184, 35.409583164 ], [ 136.776250183, 35.409374832 ], [ 136.775937683, 35.409374832 ], [ 136.775937683, 35.409166499 ], [ 136.775625183, 35.409166499 ], [ 136.775625182, 35.408958165 ], [ 136.775312682, 35.408958165 ], [ 136.775312682, 35.408749833 ], [ 136.775312681, 35.4085415 ], [ 136.775312681, 35.408333166 ], [ 136.775000181, 35.408333166 ], [ 136.77500018, 35.408124834 ], [ 136.77500018, 35.407916501 ], [ 136.77500018, 35.407708167 ], [ 136.775000179, 35.407499835 ], [ 136.775000179, 35.407291502 ], [ 136.774687679, 35.407291502 ], [ 136.774687678, 35.407083168 ], [ 136.774687678, 35.406874836 ], [ 136.774687678, 35.406666503 ], [ 136.774687677, 35.406458169 ], [ 136.774687677, 35.406249837 ], [ 136.774375177, 35.406249837 ], [ 136.774375176, 35.406041504 ], [ 136.774375176, 35.405833171 ], [ 136.774062676, 35.405833171 ], [ 136.774062676, 35.405624838 ], [ 136.773750175, 35.405624838 ], [ 136.773750175, 35.405416505 ], [ 136.773437675, 35.405416505 ], [ 136.773437675, 35.405208172 ], [ 136.773125175, 35.405208172 ], [ 136.773125174, 35.404999839 ], [ 136.772812674, 35.404999839 ], [ 136.772812674, 35.404791506 ], [ 136.772500174, 35.404791506 ], [ 136.772500173, 35.404583173 ], [ 136.772187673, 35.404583173 ], [ 136.771875173, 35.404583173 ], [ 136.771875173, 35.40437484 ], [ 136.771562672, 35.40437484 ], [ 136.771562672, 35.404166507 ], [ 136.771250172, 35.404166507 ], [ 136.771250172, 35.403958174 ], [ 136.770937671, 35.403958174 ], [ 136.770937671, 35.403749841 ], [ 136.770625171, 35.403749841 ], [ 136.770312671, 35.403749841 ], [ 136.77031267, 35.403541508 ], [ 136.77000017, 35.403541508 ], [ 136.77000017, 35.403333175 ], [ 136.76968767, 35.403333175 ], [ 136.76937517, 35.403333175 ], [ 136.769375169, 35.403124842 ], [ 136.769062669, 35.403124842 ], [ 136.768750169, 35.403124842 ], [ 136.768750169, 35.402916509 ], [ 136.768437669, 35.402916509 ], [ 136.768125168, 35.402916509 ], [ 136.768125168, 35.402708176 ], [ 136.767812668, 35.402708176 ], [ 136.767500168, 35.402708176 ], [ 136.767187668, 35.402708176 ], [ 136.766875168, 35.402708176 ], [ 136.766562667, 35.402708176 ], [ 136.766562667, 35.402499843 ], [ 136.766250167, 35.402499843 ], [ 136.765937667, 35.402499843 ], [ 136.765937666, 35.40229151 ], [ 136.765625166, 35.40229151 ], [ 136.765312666, 35.40229151 ], [ 136.765312666, 35.402083177 ], [ 136.765000166, 35.402083177 ], [ 136.765000165, 35.401874844 ], [ 136.764687665, 35.401874844 ], [ 136.764687665, 35.401666511 ], [ 136.764375165, 35.401666511 ], [ 136.764375164, 35.401458178 ], [ 136.764062664, 35.401458178 ], [ 136.764062664, 35.401249845 ], [ 136.763750164, 35.401249845 ], [ 136.763750163, 35.401041512 ], [ 136.763750163, 35.400833179 ], [ 136.763750163, 35.400624846 ], [ 136.763750162, 35.400416514 ], [ 136.763750162, 35.40020818 ], [ 136.763750162, 35.399999847 ], [ 136.763750161, 35.399791515 ], [ 136.763750161, 35.399583181 ], [ 136.763437661, 35.399583181 ], [ 136.76343766, 35.399374848 ], [ 136.76343766, 35.399166515 ], [ 136.76343766, 35.398958182 ], [ 136.763437659, 35.398749849 ], [ 136.763125159, 35.398749849 ], [ 136.763125159, 35.398541516 ], [ 136.763125159, 35.398333182 ], [ 136.762812658, 35.398333182 ], [ 136.762812658, 35.39812485 ], [ 136.762812658, 35.397916517 ], [ 136.762500158, 35.397916517 ], [ 136.762500157, 35.397708183 ], [ 136.762500157, 35.397499851 ], [ 136.762187657, 35.39749985 ], [ 136.762187657, 35.397291518 ], [ 136.761875156, 35.397291518 ], [ 136.761875156, 35.397083184 ], [ 136.761562656, 35.397083184 ], [ 136.761562656, 35.396874851 ], [ 136.761562655, 35.396666518 ], [ 136.761250155, 35.396666518 ], [ 136.761250155, 35.396458185 ], [ 136.760937655, 35.396458185 ], [ 136.760937654, 35.396249852 ], [ 136.760625154, 35.396249852 ], [ 136.760625154, 35.396041519 ], [ 136.760625154, 35.395833185 ], [ 136.760625153, 35.395624853 ], [ 136.760312653, 35.395624853 ], [ 136.760312653, 35.39541652 ], [ 136.760312652, 35.395208186 ], [ 136.760312652, 35.394999853 ], [ 136.760312652, 35.394791521 ], [ 136.760312651, 35.394583187 ], [ 136.760312651, 35.394374854 ], [ 136.760312651, 35.394166522 ], [ 136.76000015, 35.394166521 ], [ 136.76000015, 35.393958188 ], [ 136.76000015, 35.393749855 ], [ 136.760000149, 35.393541522 ], [ 136.760000149, 35.393333189 ], [ 136.760000149, 35.393124856 ], [ 136.760000148, 35.392916523 ], [ 136.759687648, 35.392916523 ], [ 136.759687648, 35.392708189 ], [ 136.759687647, 35.392499857 ], [ 136.759687647, 35.392291524 ], [ 136.759687647, 35.39208319 ], [ 136.759687646, 35.391874857 ], [ 136.759687646, 35.391666525 ], [ 136.759375146, 35.391666525 ], [ 136.759375145, 35.391458191 ], [ 136.759375145, 35.391249858 ], [ 136.759375145, 35.391041525 ], [ 136.759375144, 35.390833192 ], [ 136.759375144, 35.390624859 ], [ 136.759375143, 35.390416526 ], [ 136.759062643, 35.390416526 ], [ 136.759062643, 35.390208193 ], [ 136.759062643, 35.38999986 ], [ 136.759062642, 35.389791527 ], [ 136.759062642, 35.389583193 ], [ 136.759062641, 35.389374861 ], [ 136.759062641, 35.389166528 ], [ 136.759062641, 35.388958194 ], [ 136.75906264, 35.388749861 ], [ 136.75906264, 35.388541529 ], [ 136.759062639, 35.388333195 ], [ 136.759062639, 35.388124862 ], [ 136.759375139, 35.388124862 ], [ 136.759375139, 35.38791653 ], [ 136.759375138, 35.387708196 ], [ 136.759375138, 35.387499863 ], [ 136.759375137, 35.38729153 ], [ 136.759687638, 35.387291531 ], [ 136.759687637, 35.387083197 ], [ 136.759687637, 35.386874864 ], [ 136.759687636, 35.386666531 ], [ 136.760000136, 35.386666531 ], [ 136.760000136, 35.386458198 ], [ 136.760000136, 35.386249865 ], [ 136.760000135, 35.386041532 ], [ 136.760000135, 35.385833199 ], [ 136.760312635, 35.385833199 ], [ 136.760312635, 35.385624866 ], [ 136.760312634, 35.385416533 ], [ 136.760312634, 35.385208199 ], [ 136.760312633, 35.384999867 ], [ 136.760000133, 35.384999867 ], [ 136.760000133, 35.384791534 ], [ 136.760000132, 35.3845832 ], [ 136.760000132, 35.384374867 ], [ 136.760312632, 35.384374868 ], [ 136.760312632, 35.3845832 ], [ 136.760312633, 35.384791534 ], [ 136.760312633, 35.384999867 ], [ 136.760625133, 35.384999867 ], [ 136.760625133, 35.384791534 ], [ 136.760625133, 35.3845832 ], [ 136.760625132, 35.384374868 ], [ 136.760625132, 35.384166535 ], [ 136.760937632, 35.384166535 ], [ 136.760937631, 35.383958201 ], [ 136.760937631, 35.383749869 ], [ 136.760937631, 35.383541536 ], [ 136.761250131, 35.383541536 ], [ 136.76125013, 35.383333202 ], [ 136.76125013, 35.38312487 ], [ 136.76125013, 35.382916537 ], [ 136.76156263, 35.382916537 ], [ 136.761562629, 35.382708203 ], [ 136.761562629, 35.382499871 ], [ 136.761562629, 35.382291538 ], [ 136.761562628, 35.382083204 ], [ 136.761562628, 35.381874872 ], [ 136.761562628, 35.381666539 ], [ 136.761562627, 35.381458205 ], [ 136.761562627, 35.381249873 ], [ 136.761250127, 35.381249873 ], [ 136.761250126, 35.38104154 ], [ 136.761250126, 35.380833206 ], [ 136.760937626, 35.380833206 ], [ 136.760937626, 35.380624873 ], [ 136.760937625, 35.380416541 ], [ 136.760625125, 35.380416541 ], [ 136.760625125, 35.380208207 ], [ 136.760625124, 35.379999874 ], [ 136.760312624, 35.379999874 ], [ 136.760312624, 35.379791542 ], [ 136.760312624, 35.379583208 ], [ 136.760000124, 35.379583208 ], [ 136.760000123, 35.379374875 ], [ 136.760000123, 35.379166543 ], [ 136.759687623, 35.379166542 ], [ 136.759687622, 35.378958209 ], [ 136.760000122, 35.378958209 ], [ 136.760000123, 35.379166543 ], [ 136.760312623, 35.379166543 ], [ 136.760312623, 35.379374875 ], [ 136.760312624, 35.379583208 ], [ 136.760625124, 35.379583208 ], [ 136.760625124, 35.379791542 ], [ 136.760937624, 35.379791542 ], [ 136.760937625, 35.379999875 ], [ 136.761250125, 35.379999875 ], [ 136.761250125, 35.380208207 ], [ 136.761562625, 35.380208207 ], [ 136.761562625, 35.380416541 ], [ 136.761875126, 35.380416541 ], [ 136.761875126, 35.380624874 ], [ 136.761875126, 35.380833206 ], [ 136.762187626, 35.380833207 ], [ 136.762187627, 35.38104154 ], [ 136.762500127, 35.38104154 ], [ 136.762500127, 35.381249873 ], [ 136.762812627, 35.381249873 ], [ 136.762812628, 35.381458206 ], [ 136.762812628, 35.381666539 ], [ 136.763125128, 35.381666539 ], [ 136.763125128, 35.381874872 ], [ 136.763125129, 35.382083205 ], [ 136.763437629, 35.382083205 ], [ 136.763437629, 35.382291538 ], [ 136.76343763, 35.382499871 ], [ 136.76343763, 35.382708204 ], [ 136.76343763, 35.382916537 ], [ 136.76375013, 35.382916537 ], [ 136.763750131, 35.38312487 ], [ 136.763750131, 35.383333203 ], [ 136.763750132, 35.383541536 ], [ 136.764062632, 35.383541537 ], [ 136.764062632, 35.383749869 ], [ 136.764062632, 35.383958202 ], [ 136.764062633, 35.384166536 ], [ 136.764062633, 35.384374868 ], [ 136.764375133, 35.384374868 ], [ 136.764375134, 35.384583201 ], [ 136.764375134, 35.384791535 ], [ 136.764375135, 35.384999868 ], [ 136.764375135, 35.3852082 ], [ 136.764687635, 35.3852082 ], [ 136.764687636, 35.385416534 ], [ 136.764687636, 35.385624867 ], [ 136.764687637, 35.385833199 ], [ 136.765000137, 35.3858332 ], [ 136.765000137, 35.386041533 ], [ 136.765000138, 35.386249866 ], [ 136.765000138, 35.386458199 ], [ 136.765312638, 35.386458199 ], [ 136.765312638, 35.386666532 ], [ 136.765312639, 35.386874865 ], [ 136.765625139, 35.386874865 ], [ 136.765625139, 35.387083198 ], [ 136.76562514, 35.387291532 ], [ 136.76562514, 35.387499864 ], [ 136.76593764, 35.387499864 ], [ 136.765937641, 35.387708197 ], [ 136.765937641, 35.387916531 ], [ 136.766250141, 35.387916531 ], [ 136.766250142, 35.388124863 ], [ 136.766250142, 35.388333196 ], [ 136.766250143, 35.38854153 ], [ 136.766250143, 35.388749863 ], [ 136.766562643, 35.388749863 ], [ 136.766562644, 35.388958195 ], [ 136.766562644, 35.389166529 ], [ 136.766562644, 35.389374862 ], [ 136.766562645, 35.389583194 ], [ 136.766875145, 35.389583194 ], [ 136.766875145, 35.389791528 ], [ 136.766875146, 35.389999861 ], [ 136.766875146, 35.390208193 ], [ 136.766875147, 35.390416527 ], [ 136.766875147, 35.39062486 ], [ 136.766875148, 35.390833193 ], [ 136.767187648, 35.390833193 ], [ 136.767187648, 35.391041526 ], [ 136.767187648, 35.391249859 ], [ 136.767187649, 35.391458192 ], [ 136.767187649, 35.391666525 ], [ 136.76718765, 35.391874858 ], [ 136.76718765, 35.392083191 ], [ 136.76750015, 35.392083191 ], [ 136.76750015, 35.392291525 ], [ 136.767500151, 35.392499857 ], [ 136.767812651, 35.392499857 ], [ 136.767812651, 35.39270819 ], [ 136.767812652, 35.392916524 ], [ 136.768125152, 35.392916524 ], [ 136.768125152, 35.393124856 ], [ 136.768125153, 35.393333189 ], [ 136.768437653, 35.393333189 ], [ 136.768437653, 35.393541523 ], [ 136.768437653, 35.393749856 ], [ 136.768437654, 35.393958188 ], [ 136.768750154, 35.393958188 ], [ 136.768750154, 35.394166522 ], [ 136.768750155, 35.394374855 ], [ 136.769062655, 35.394374855 ], [ 136.769062655, 35.394583187 ], [ 136.769375155, 35.394583187 ], [ 136.769375155, 35.394791521 ], [ 136.769687656, 35.394791521 ], [ 136.769687656, 35.394999854 ], [ 136.770000156, 35.394999854 ], [ 136.770000156, 35.395208187 ], [ 136.770000157, 35.39541652 ], [ 136.770312657, 35.39541652 ], [ 136.770312657, 35.395624853 ], [ 136.770625157, 35.395624853 ], [ 136.770625158, 35.395833186 ], [ 136.770625158, 35.39604152 ], [ 136.770937658, 35.39604152 ], [ 136.770937659, 35.396249852 ], [ 136.771250159, 35.396249852 ], [ 136.771250159, 35.396458185 ], [ 136.771562659, 35.396458185 ], [ 136.77156266, 35.396666519 ], [ 136.77187516, 35.396666519 ], [ 136.77187516, 35.396874851 ], [ 136.77218766, 35.396874851 ], [ 136.772187661, 35.397083184 ], [ 136.772500161, 35.397083184 ], [ 136.772500161, 35.397291518 ], [ 136.772812661, 35.397291518 ], [ 136.773125161, 35.397291518 ], [ 136.773437661, 35.397291518 ], [ 136.773750162, 35.397291518 ], [ 136.773750162, 35.397499851 ], [ 136.774062662, 35.397499851 ], [ 136.774375162, 35.397499851 ], [ 136.774375163, 35.397708183 ], [ 136.774687663, 35.397708183 ], [ 136.775000163, 35.397708183 ], [ 136.775000163, 35.397916517 ], [ 136.775312663, 35.397916517 ], [ 136.775625164, 35.397916517 ], [ 136.775625164, 35.39812485 ], [ 136.775937664, 35.39812485 ], [ 136.776250164, 35.39812485 ], [ 136.776250165, 35.398333182 ], [ 136.776562665, 35.398333183 ], [ 136.776875165, 35.398333183 ], [ 136.776875165, 35.398541516 ], [ 136.777187666, 35.398541516 ], [ 136.777500166, 35.398541516 ], [ 136.777500166, 35.398749849 ], [ 136.777812666, 35.398749849 ], [ 136.778125167, 35.398749849 ], [ 136.778125167, 35.398958182 ], [ 136.778437667, 35.398958182 ], [ 136.778750167, 35.398958182 ], [ 136.779062668, 35.398958182 ], [ 136.779375168, 35.398958182 ], [ 136.779687668, 35.398958182 ], [ 136.780000168, 35.398958182 ], [ 136.780312668, 35.398958182 ], [ 136.780625169, 35.398958182 ], [ 136.780625169, 35.399166515 ], [ 136.780937669, 35.399166515 ], [ 136.780937669, 35.399374848 ], [ 136.78125017, 35.399374848 ], [ 136.78125017, 35.399583181 ], [ 136.78125017, 35.399791515 ], [ 136.781562671, 35.399791515 ], [ 136.781562671, 35.399999847 ], [ 136.781875171, 35.399999847 ], [ 136.782187671, 35.399999847 ], [ 136.782500172, 35.399999847 ], [ 136.782500172, 35.40020818 ], [ 136.782812672, 35.40020818 ], [ 136.783125172, 35.40020818 ], [ 136.783437673, 35.40020818 ], [ 136.783750173, 35.40020818 ], [ 136.783750173, 35.400416514 ], [ 136.784062673, 35.400416514 ], [ 136.784375174, 35.400416514 ], [ 136.784687674, 35.400416514 ], [ 136.785000174, 35.400416514 ], [ 136.785312674, 35.400416514 ], [ 136.785625174, 35.400416514 ], [ 136.785937675, 35.400416514 ], [ 136.786250175, 35.400416514 ], [ 136.786562675, 35.400416514 ], [ 136.786875175, 35.400416514 ], [ 136.786875175, 35.40020818 ], [ 136.787187675, 35.40020818 ], [ 136.787500175, 35.40020818 ], [ 136.787812676, 35.40020818 ], [ 136.788125176, 35.40020818 ], [ 136.788437676, 35.40020818 ], [ 136.788437676, 35.399999847 ], [ 136.788750176, 35.399999847 ], [ 136.789062676, 35.399999847 ], [ 136.789062676, 35.399791515 ], [ 136.789375176, 35.399791515 ], [ 136.789687676, 35.399791515 ], [ 136.789687676, 35.399583181 ], [ 136.790000176, 35.399583181 ], [ 136.790000175, 35.399374848 ], [ 136.790312676, 35.399374848 ], [ 136.790625176, 35.399374848 ], [ 136.790625175, 35.399166516 ], [ 136.790937676, 35.399166516 ], [ 136.790937675, 35.398958182 ], [ 136.791250175, 35.398958182 ], [ 136.791250175, 35.398749849 ], [ 136.791562675, 35.398749849 ], [ 136.791562675, 35.398541516 ], [ 136.791875175, 35.398541516 ], [ 136.791875175, 35.398333183 ], [ 136.791875174, 35.39812485 ], [ 136.792187674, 35.39812485 ], [ 136.792187674, 35.397916517 ], [ 136.792500174, 35.397916517 ], [ 136.792500174, 35.397708184 ], [ 136.792500173, 35.397499851 ], [ 136.792812674, 35.397499851 ], [ 136.792812673, 35.397291518 ], [ 136.792812673, 35.397083185 ], [ 136.792812672, 35.396874852 ], [ 136.793125173, 35.396874852 ], [ 136.793125172, 35.396666519 ], [ 136.793437672, 35.396666519 ], [ 136.793437672, 35.396458186 ], [ 136.793750172, 35.396458186 ], [ 136.793750172, 35.396249853 ], [ 136.794062672, 35.396249853 ], [ 136.794062671, 35.39604152 ], [ 136.794375172, 35.39604152 ], [ 136.794375171, 35.395833186 ], [ 136.794687671, 35.395833186 ], [ 136.794687671, 35.395624854 ], [ 136.795000171, 35.395624854 ], [ 136.795000171, 35.395416521 ], [ 136.79500017, 35.395208187 ], [ 136.795312671, 35.395208187 ], [ 136.79531267, 35.394999855 ], [ 136.79562517, 35.394999854 ], [ 136.79562517, 35.394791522 ], [ 136.79593767, 35.394791522 ], [ 136.79625017, 35.394791522 ], [ 136.79625017, 35.394583188 ], [ 136.79656267, 35.394583188 ], [ 136.79687517, 35.394583188 ], [ 136.797187671, 35.394583188 ], [ 136.797500171, 35.394583188 ], [ 136.79750017, 35.394374855 ], [ 136.797812671, 35.394374855 ], [ 136.79781267, 35.394166522 ], [ 136.79812517, 35.394166522 ], [ 136.79812517, 35.393958189 ], [ 136.79812517, 35.393749856 ], [ 136.79843767, 35.393749856 ], [ 136.798437669, 35.393541523 ], [ 136.798437669, 35.393333189 ], [ 136.798437669, 35.393124857 ], [ 136.798437668, 35.392916524 ], [ 136.798437668, 35.39270819 ], [ 136.798750168, 35.39270819 ], [ 136.798750168, 35.392499857 ], [ 136.798750167, 35.392291525 ], [ 136.799062667, 35.392291525 ], [ 136.799062668, 35.392499857 ], [ 136.799375168, 35.392499857 ], [ 136.799375168, 35.39270819 ], [ 136.799375169, 35.392916524 ], [ 136.799687669, 35.392916524 ], [ 136.799687669, 35.393124856 ], [ 136.79968767, 35.393333189 ], [ 136.80000017, 35.393333189 ], [ 136.80000017, 35.393541523 ], [ 136.800312671, 35.393541523 ], [ 136.800312671, 35.393749856 ], [ 136.800625171, 35.393749856 ], [ 136.800937671, 35.393749856 ], [ 136.801250172, 35.393749855 ], [ 136.801562672, 35.393749855 ], [ 136.801875172, 35.393749855 ], [ 136.801875173, 35.393958188 ], [ 136.802187673, 35.393958188 ], [ 136.802500173, 35.393958188 ], [ 136.802500173, 35.394166522 ], [ 136.802812674, 35.394166522 ], [ 136.803125174, 35.394166522 ], [ 136.803125174, 35.394374854 ], [ 136.803437674, 35.394374854 ], [ 136.803750175, 35.394374854 ], [ 136.804062675, 35.394374854 ], [ 136.804375175, 35.394374854 ], [ 136.804687675, 35.394374854 ], [ 136.804687676, 35.394583187 ], [ 136.804687676, 35.394791521 ], [ 136.805000176, 35.394791521 ], [ 136.805000177, 35.394999853 ], [ 136.805000177, 35.395208186 ], [ 136.805312677, 35.395208186 ], [ 136.805312678, 35.39541652 ], [ 136.805625178, 35.39541652 ], [ 136.805625178, 35.395624852 ], [ 136.805937679, 35.395624852 ], [ 136.806250179, 35.395624852 ], [ 136.806562679, 35.395624852 ], [ 136.806875179, 35.395624852 ], [ 136.807187679, 35.395624852 ], [ 136.807187679, 35.39541652 ], [ 136.807500179, 35.39541652 ], [ 136.807812679, 35.39541652 ], [ 136.80812518, 35.39541652 ], [ 136.80843768, 35.395416519 ], [ 136.80875018, 35.395416519 ], [ 136.80906268, 35.395416519 ], [ 136.80937518, 35.395416519 ], [ 136.80937518, 35.395208186 ], [ 136.80937518, 35.394999853 ], [ 136.80968768, 35.394999853 ], [ 136.809687679, 35.39479152 ], [ 136.81000018, 35.39479152 ], [ 136.810000179, 35.394583187 ], [ 136.810312679, 35.394583187 ], [ 136.81031268, 35.39479152 ], [ 136.81031268, 35.394999853 ], [ 136.810312681, 35.395208186 ], [ 136.810312681, 35.395416519 ], [ 136.810312681, 35.395624852 ], [ 136.810312682, 35.395833185 ], [ 136.810625182, 35.395833185 ], [ 136.810625183, 35.396041518 ], [ 136.810625183, 35.396249851 ], [ 136.810625183, 35.396458184 ], [ 136.810625184, 35.396666517 ], [ 136.810937684, 35.396666517 ], [ 136.810937684, 35.39687485 ], [ 136.810937685, 35.397083183 ], [ 136.811250185, 35.397083182 ], [ 136.811250185, 35.397291516 ], [ 136.811250186, 35.397499849 ], [ 136.811562686, 35.397499849 ], [ 136.811562686, 35.397708181 ], [ 136.811562687, 35.397916515 ], [ 136.811562687, 35.398124848 ], [ 136.811875188, 35.398124848 ], [ 136.811875188, 35.39833318 ], [ 136.811875188, 35.398541514 ], [ 136.811875189, 35.398749847 ], [ 136.811875189, 35.398958179 ], [ 136.812187689, 35.398958179 ], [ 136.81218769, 35.399166513 ], [ 136.81218769, 35.399374846 ], [ 136.812187691, 35.399583178 ], [ 136.812187691, 35.399791512 ], [ 136.812187691, 35.399999845 ], [ 136.812500192, 35.399999844 ], [ 136.812500192, 35.400208177 ], [ 136.812500193, 35.400416511 ], [ 136.812812693, 35.400416511 ], [ 136.812812693, 35.400624843 ], [ 136.812812694, 35.400833176 ], [ 136.812812694, 35.40104151 ], [ 136.813125194, 35.401041509 ], [ 136.813125195, 35.401249842 ], [ 136.813125195, 35.401458175 ], [ 136.813437696, 35.401458175 ], [ 136.813437696, 35.401666508 ], [ 136.813750196, 35.401666508 ], [ 136.813750197, 35.401874841 ], [ 136.813750197, 35.402083173 ], [ 136.814062698, 35.402083173 ], [ 136.814062697, 35.401874841 ], [ 136.814375197, 35.40187484 ], [ 136.814375198, 35.402083173 ], [ 136.814062698, 35.402083173 ], [ 136.814062698, 35.402291507 ], [ 136.814062698, 35.40249984 ], [ 136.814375199, 35.402499839 ], [ 136.814375199, 35.402708172 ], [ 136.8146877, 35.402708172 ], [ 136.814687699, 35.402499839 ], [ 136.815000199, 35.402499839 ], [ 136.8150002, 35.402708172 ], [ 136.8146877, 35.402708172 ], [ 136.8146877, 35.402916506 ], [ 136.8146877, 35.403124838 ], [ 136.815000201, 35.403124838 ], [ 136.815000201, 35.403333171 ], [ 136.815312701, 35.403333171 ], [ 136.815312701, 35.403124838 ], [ 136.815625201, 35.403124838 ], [ 136.815625201, 35.402916505 ], [ 136.815625201, 35.402708172 ], [ 136.8153127, 35.402708172 ], [ 136.8153127, 35.402499839 ], [ 136.815312699, 35.402291506 ], [ 136.815000199, 35.402291507 ], [ 136.815000199, 35.402083173 ], [ 136.814687698, 35.402083173 ], [ 136.814687698, 35.40187484 ], [ 136.814687697, 35.401666508 ], [ 136.814375197, 35.401666508 ], [ 136.814375197, 35.401458174 ], [ 136.814375196, 35.401249842 ], [ 136.814375196, 35.401041509 ], [ 136.814062695, 35.401041509 ], [ 136.813750195, 35.401041509 ], [ 136.813750195, 35.400833176 ], [ 136.813437694, 35.400833176 ], [ 136.813437694, 35.400624843 ], [ 136.813437694, 35.40041651 ], [ 136.813437693, 35.400208177 ], [ 136.813437693, 35.399999844 ], [ 136.813125192, 35.399999844 ], [ 136.813125192, 35.399791512 ], [ 136.813125192, 35.399583178 ], [ 136.812812691, 35.399583178 ], [ 136.812812691, 35.399374845 ], [ 136.81281269, 35.399166513 ], [ 136.81281269, 35.398958179 ], [ 136.81281269, 35.398749846 ], [ 136.812812689, 35.398541514 ], [ 136.812500189, 35.398541514 ], [ 136.812500188, 35.39833318 ], [ 136.812500188, 35.398124848 ], [ 136.812500187, 35.397916515 ], [ 136.812500187, 35.397708181 ], [ 136.812500187, 35.397499849 ], [ 136.812187686, 35.397499849 ], [ 136.812187686, 35.397291516 ], [ 136.812187686, 35.397083182 ], [ 136.811875185, 35.397083182 ], [ 136.811875185, 35.39687485 ], [ 136.811875185, 35.396666517 ], [ 136.811562684, 35.396666517 ], [ 136.811562684, 35.396458183 ], [ 136.811562684, 35.396249851 ], [ 136.811250183, 35.396249851 ], [ 136.811250183, 35.396041518 ], [ 136.811250183, 35.395833185 ], [ 136.811250182, 35.395624852 ], [ 136.811250182, 35.395416519 ], [ 136.811250181, 35.395208186 ], [ 136.810937681, 35.395208186 ], [ 136.810937681, 35.394999853 ], [ 136.81093768, 35.39479152 ], [ 136.81093768, 35.394583187 ], [ 136.810937679, 35.394374854 ], [ 136.810625179, 35.394374854 ], [ 136.810625179, 35.394166521 ], [ 136.810625178, 35.393958188 ], [ 136.810312678, 35.393958188 ], [ 136.810000178, 35.393958188 ], [ 136.809687678, 35.393958188 ], [ 136.809687678, 35.394166521 ], [ 136.809375178, 35.394166521 ], [ 136.809375178, 35.394374854 ], [ 136.809062678, 35.394374854 ], [ 136.809062679, 35.394583187 ], [ 136.808750178, 35.394583187 ], [ 136.808750179, 35.39479152 ], [ 136.808437679, 35.39479152 ], [ 136.808437679, 35.394999853 ], [ 136.808125179, 35.394999853 ], [ 136.807812679, 35.394999853 ], [ 136.807500178, 35.394999853 ], [ 136.807500178, 35.394791521 ], [ 136.807187678, 35.394791521 ], [ 136.806875178, 35.394791521 ], [ 136.806562677, 35.394791521 ], [ 136.806562678, 35.394999853 ], [ 136.806250178, 35.394999853 ], [ 136.805937677, 35.394999853 ], [ 136.805937677, 35.394791521 ], [ 136.805625177, 35.394791521 ], [ 136.805625176, 35.394583187 ], [ 136.805625176, 35.394374854 ], [ 136.805312676, 35.394374854 ], [ 136.805312675, 35.394166522 ], [ 136.805312675, 35.393958188 ], [ 136.805000175, 35.393958188 ], [ 136.805000174, 35.393749855 ], [ 136.804687674, 35.393749855 ], [ 136.804375174, 35.393749855 ], [ 136.804062674, 35.393749855 ], [ 136.804062674, 35.393958188 ], [ 136.803750174, 35.393958188 ], [ 136.803750173, 35.393749855 ], [ 136.803437673, 35.393749855 ], [ 136.803125173, 35.393749855 ], [ 136.803125173, 35.393541523 ], [ 136.802812672, 35.393541523 ], [ 136.802500172, 35.393541523 ], [ 136.802500172, 35.393333189 ], [ 136.802187671, 35.393333189 ], [ 136.801875171, 35.393333189 ], [ 136.801562671, 35.393333189 ], [ 136.801250171, 35.393333189 ], [ 136.800937671, 35.393333189 ], [ 136.80093767, 35.393124856 ], [ 136.80062517, 35.393124856 ], [ 136.80062517, 35.392916524 ], [ 136.800312669, 35.392916524 ], [ 136.800312669, 35.39270819 ], [ 136.800312669, 35.392499857 ], [ 136.800000168, 35.392499857 ], [ 136.800000168, 35.392291525 ], [ 136.800000168, 35.392083191 ], [ 136.799687667, 35.392083191 ], [ 136.799687667, 35.391874858 ], [ 136.799375167, 35.391874858 ], [ 136.799375166, 35.391666525 ], [ 136.799062666, 35.391666526 ], [ 136.798750166, 35.391666526 ], [ 136.798437666, 35.391666526 ], [ 136.798437666, 35.391874858 ], [ 136.798125166, 35.391874858 ], [ 136.798125166, 35.392083191 ], [ 136.798125167, 35.392291525 ], [ 136.797812666, 35.392291525 ], [ 136.797812667, 35.392499858 ], [ 136.797812667, 35.39270819 ], [ 136.797812668, 35.392916524 ], [ 136.797812668, 35.393124857 ], [ 136.797500168, 35.393124857 ], [ 136.797500168, 35.39333319 ], [ 136.797500169, 35.393541523 ], [ 136.797187669, 35.393541523 ], [ 136.797187669, 35.393749856 ], [ 136.796875169, 35.393749856 ], [ 136.796875169, 35.393958189 ], [ 136.796562669, 35.393958189 ], [ 136.796250169, 35.393958189 ], [ 136.795937669, 35.393958189 ], [ 136.795937669, 35.394166523 ], [ 136.795625169, 35.394166523 ], [ 136.795312669, 35.394166523 ], [ 136.795000168, 35.394166523 ], [ 136.795000169, 35.394374855 ], [ 136.794687669, 35.394374856 ], [ 136.794687669, 35.394583188 ], [ 136.794375169, 35.394583188 ], [ 136.794375169, 35.394791522 ], [ 136.794062669, 35.394791522 ], [ 136.794062669, 35.394999855 ], [ 136.793750169, 35.394999855 ], [ 136.79375017, 35.395208187 ], [ 136.793437669, 35.395208187 ], [ 136.79343767, 35.395416521 ], [ 136.79312517, 35.395416521 ], [ 136.79312517, 35.395624854 ], [ 136.79281267, 35.395624854 ], [ 136.79281267, 35.395833187 ], [ 136.792812671, 35.39604152 ], [ 136.79250017, 35.39604152 ], [ 136.792500171, 35.396249853 ], [ 136.792187671, 35.396249853 ], [ 136.792187671, 35.396458186 ], [ 136.792187671, 35.396666519 ], [ 136.791875171, 35.396666519 ], [ 136.791875172, 35.396874852 ], [ 136.791875172, 35.397083185 ], [ 136.791562672, 35.397083185 ], [ 136.791562672, 35.397291518 ], [ 136.791562673, 35.397499851 ], [ 136.791250173, 35.397499851 ], [ 136.791250173, 35.397708184 ], [ 136.791250173, 35.397916517 ], [ 136.790937673, 35.397916518 ], [ 136.790937674, 35.39812485 ], [ 136.790625173, 35.39812485 ], [ 136.790625174, 35.398333183 ], [ 136.790312674, 35.398333183 ], [ 136.790312674, 35.398541517 ], [ 136.790000174, 35.398541517 ], [ 136.790000174, 35.398749849 ], [ 136.789687674, 35.398749849 ], [ 136.789687674, 35.398958182 ], [ 136.789375174, 35.398958182 ], [ 136.789062674, 35.398958182 ], [ 136.789062674, 35.399166516 ], [ 136.788750174, 35.399166516 ], [ 136.788437674, 35.399166516 ], [ 136.788437674, 35.399374848 ], [ 136.788125174, 35.399374848 ], [ 136.787812674, 35.399374848 ], [ 136.787500174, 35.399374848 ], [ 136.787187674, 35.399374848 ], [ 136.787187674, 35.399583181 ], [ 136.786875174, 35.399583181 ], [ 136.786562674, 35.399583181 ], [ 136.786250173, 35.399583181 ], [ 136.785937673, 35.399583181 ], [ 136.785625173, 35.399583181 ], [ 136.785312673, 35.399583181 ], [ 136.785312673, 35.399791515 ], [ 136.785000173, 35.399791515 ], [ 136.785000173, 35.399583181 ], [ 136.784687672, 35.399583181 ], [ 136.784375172, 35.399583181 ], [ 136.784062672, 35.399583181 ], [ 136.783750172, 35.399583181 ], [ 136.783750171, 35.399374848 ], [ 136.783437671, 35.399374848 ], [ 136.783125171, 35.399374848 ], [ 136.782812671, 35.399374848 ], [ 136.782500171, 35.399374848 ], [ 136.78250017, 35.399166516 ], [ 136.78218767, 35.399166515 ], [ 136.78218767, 35.398958182 ], [ 136.781875169, 35.398958182 ], [ 136.781875169, 35.398749849 ], [ 136.781562669, 35.398749849 ], [ 136.781562668, 35.398541516 ], [ 136.781250168, 35.398541516 ], [ 136.781250168, 35.398333183 ], [ 136.780937668, 35.398333183 ], [ 136.780625167, 35.398333183 ], [ 136.780312667, 35.398333183 ], [ 136.780000167, 35.398333183 ], [ 136.780000167, 35.39812485 ], [ 136.779687666, 35.39812485 ], [ 136.779375166, 35.39812485 ], [ 136.779062666, 35.39812485 ], [ 136.778750166, 35.39812485 ], [ 136.778437666, 35.39812485 ], [ 136.778437665, 35.397916517 ], [ 136.778125165, 35.397916517 ], [ 136.777812665, 35.397916517 ], [ 136.777500165, 35.397916517 ], [ 136.777500164, 35.397708183 ], [ 136.777187664, 35.397708183 ], [ 136.776875164, 35.397708183 ], [ 136.776875164, 35.397499851 ], [ 136.776562663, 35.397499851 ], [ 136.776250163, 35.397499851 ], [ 136.776250163, 35.397291518 ], [ 136.775937663, 35.397291518 ], [ 136.775625163, 35.397291518 ], [ 136.775625162, 35.397083184 ], [ 136.775312662, 35.397083184 ], [ 136.775000162, 35.397083184 ], [ 136.775000161, 35.396874851 ], [ 136.774687661, 35.396874851 ], [ 136.774375161, 35.396874851 ], [ 136.774062661, 35.396874851 ], [ 136.774062661, 35.396666519 ], [ 136.773750161, 35.396666519 ], [ 136.77343766, 35.396666519 ], [ 136.77312516, 35.396666519 ], [ 136.77312516, 35.396458185 ], [ 136.77281266, 35.396458185 ], [ 136.772812659, 35.396249852 ], [ 136.772500159, 35.396249852 ], [ 136.772500159, 35.39604152 ], [ 136.772187659, 35.39604152 ], [ 136.772187658, 35.395833186 ], [ 136.771875158, 35.395833186 ], [ 136.771875158, 35.395624853 ], [ 136.771562658, 35.395624853 ], [ 136.771562658, 35.39541652 ], [ 136.771562657, 35.395208187 ], [ 136.771250157, 35.395208187 ], [ 136.770937657, 35.395208187 ], [ 136.770937657, 35.394999854 ], [ 136.770937656, 35.394791521 ], [ 136.770625156, 35.394791521 ], [ 136.770625156, 35.394583187 ], [ 136.770312656, 35.394583187 ], [ 136.770312655, 35.394374855 ], [ 136.770312655, 35.394166522 ], [ 136.770000155, 35.394166522 ], [ 136.770000154, 35.393958188 ], [ 136.769687654, 35.393958188 ], [ 136.769687654, 35.393749856 ], [ 136.769687654, 35.393541523 ], [ 136.769375153, 35.393541523 ], [ 136.769375153, 35.393333189 ], [ 136.769062653, 35.393333189 ], [ 136.769062653, 35.393124856 ], [ 136.769062652, 35.392916524 ], [ 136.769062652, 35.39270819 ], [ 136.769062652, 35.392499857 ], [ 136.768750151, 35.392499857 ], [ 136.768750151, 35.392291525 ], [ 136.768750151, 35.392083191 ], [ 136.768437651, 35.392083191 ], [ 136.76843765, 35.391874858 ], [ 136.76843765, 35.391666525 ], [ 136.76812515, 35.391666525 ], [ 136.768125149, 35.391458192 ], [ 136.768125149, 35.391249859 ], [ 136.768125148, 35.391041526 ], [ 136.768125148, 35.390833193 ], [ 136.768125148, 35.39062486 ], [ 136.768125147, 35.390416527 ], [ 136.768125147, 35.390208193 ], [ 136.767812647, 35.390208193 ], [ 136.767812646, 35.389999861 ], [ 136.767812646, 35.389791528 ], [ 136.767812645, 35.389583194 ], [ 136.767812645, 35.389374862 ], [ 136.767812645, 35.389166529 ], [ 136.767500144, 35.389166529 ], [ 136.767500144, 35.388958195 ], [ 136.767500144, 35.388749863 ], [ 136.767500143, 35.38854153 ], [ 136.767500143, 35.388333196 ], [ 136.767187643, 35.388333196 ], [ 136.767187642, 35.388124863 ], [ 136.767187642, 35.387916531 ], [ 136.767187641, 35.387708197 ], [ 136.766875141, 35.387708197 ], [ 136.766875141, 35.387499864 ], [ 136.76687514, 35.387291532 ], [ 136.76687514, 35.387083198 ], [ 136.76656264, 35.387083198 ], [ 136.766562639, 35.386874865 ], [ 136.766562639, 35.386666533 ], [ 136.766250139, 35.386666533 ], [ 136.766250138, 35.386458199 ], [ 136.766250138, 35.386249866 ], [ 136.766250138, 35.386041533 ], [ 136.765937638, 35.386041533 ], [ 136.765937637, 35.3858332 ], [ 136.765937637, 35.385624867 ], [ 136.765937636, 35.385416534 ], [ 136.765625136, 35.385416534 ], [ 136.765625136, 35.3852082 ], [ 136.765625135, 35.384999868 ], [ 136.765625135, 35.384791535 ], [ 136.765625134, 35.384583201 ], [ 136.765312634, 35.384583201 ], [ 136.765312634, 35.384374869 ], [ 136.765312633, 35.384166536 ], [ 136.765312633, 35.383958202 ], [ 136.765312633, 35.383749869 ], [ 136.765000133, 35.383749869 ], [ 136.765000132, 35.383541537 ], [ 136.765000132, 35.383333203 ], [ 136.765000131, 35.38312487 ], [ 136.765000131, 35.382916538 ], [ 136.764687631, 35.382916538 ], [ 136.76468763, 35.382708204 ], [ 136.76468763, 35.382499871 ], [ 136.76468763, 35.382291539 ], [ 136.764687629, 35.382083205 ], [ 136.764375129, 35.382083205 ], [ 136.764375129, 35.381874872 ], [ 136.764375129, 35.38166654 ], [ 136.764375128, 35.381458206 ], [ 136.764062628, 35.381458206 ], [ 136.764062628, 35.381249873 ], [ 136.764062627, 35.381041541 ], [ 136.763750127, 35.381041541 ], [ 136.763750127, 35.380833207 ], [ 136.763437627, 35.380833207 ], [ 136.763437626, 35.380624874 ], [ 136.763437626, 35.380416542 ], [ 136.763125126, 35.380416541 ], [ 136.763125126, 35.380208208 ], [ 136.762812625, 35.380208208 ], [ 136.762812625, 35.379999875 ], [ 136.762500125, 35.379999875 ], [ 136.762500125, 35.379791542 ], [ 136.762500124, 35.379583209 ], [ 136.762187624, 35.379583209 ], [ 136.762187624, 35.379374876 ], [ 136.761875124, 35.379374876 ], [ 136.761875123, 35.379166543 ], [ 136.761562623, 35.379166543 ], [ 136.761562623, 35.378958209 ], [ 136.761250123, 35.378958209 ], [ 136.761250122, 35.378749877 ], [ 136.761250122, 35.378541544 ], [ 136.760937622, 35.378541544 ], [ 136.760937622, 35.37833321 ], [ 136.760625122, 35.37833321 ], [ 136.760625121, 35.378124877 ], [ 136.760312621, 35.378124877 ], [ 136.760312621, 35.377916545 ], [ 136.76031262, 35.377708211 ], [ 136.76000012, 35.377708211 ], [ 136.76000012, 35.377499878 ], [ 136.75968762, 35.377499878 ], [ 136.759687619, 35.377291545 ], [ 136.759375119, 35.377291545 ], [ 136.759375119, 35.377083212 ], [ 136.759062619, 35.377083212 ], [ 136.759062618, 35.376874879 ], [ 136.758750118, 35.376874879 ], [ 136.758750118, 35.376666546 ], [ 136.758437618, 35.376666546 ], [ 136.758437617, 35.376458212 ], [ 136.758437617, 35.37624988 ], [ 136.758125117, 35.376249879 ], [ 136.758125117, 35.376041547 ], [ 136.757812616, 35.376041547 ], [ 136.757500116, 35.376041547 ], [ 136.757500116, 35.375833213 ], [ 136.757187616, 35.375833213 ], [ 136.757187615, 35.37562488 ], [ 136.756875115, 35.37562488 ], [ 136.756562615, 35.37562488 ], [ 136.756562615, 35.375416547 ], [ 136.756250115, 35.375416547 ], [ 136.756250114, 35.375208213 ], [ 136.755937614, 35.375208213 ], [ 136.755937614, 35.37499988 ], [ 136.755937613, 35.374791548 ], [ 136.755625113, 35.374791548 ], [ 136.755625113, 35.374583214 ], [ 136.755312613, 35.374583214 ], [ 136.755312612, 35.374374881 ], [ 136.755312612, 35.374166548 ], [ 136.755000112, 35.374166548 ], [ 136.755000111, 35.373958214 ], [ 136.754687611, 35.373958214 ], [ 136.754687611, 35.373749882 ], [ 136.75468761, 35.373541549 ], [ 136.75437511, 35.373541549 ], [ 136.75437511, 35.373333215 ], [ 136.75406261, 35.373333215 ], [ 136.75406261, 35.373541549 ], [ 136.75406261, 35.373749881 ], [ 136.754062611, 35.373958214 ], [ 136.754375111, 35.373958214 ], [ 136.754375111, 35.374166548 ], [ 136.754375112, 35.374374881 ], [ 136.754687612, 35.374374881 ], [ 136.754687612, 35.374583213 ], [ 136.755000112, 35.374583214 ], [ 136.755000113, 35.374791547 ], [ 136.755000113, 35.37499988 ], [ 136.755312613, 35.37499988 ], [ 136.755312614, 35.375208213 ], [ 136.755625114, 35.375208213 ], [ 136.755625114, 35.375416547 ], [ 136.755937615, 35.375416547 ], [ 136.755937615, 35.375624879 ], [ 136.756250115, 35.37562488 ], [ 136.756250115, 35.375833212 ], [ 136.756562616, 35.375833212 ], [ 136.756562616, 35.376041546 ], [ 136.756875116, 35.376041546 ], [ 136.756875116, 35.376249879 ], [ 136.756562616, 35.376249879 ], [ 136.756562616, 35.376041546 ], [ 136.756250116, 35.376041546 ], [ 136.756250115, 35.375833212 ], [ 136.755937615, 35.375833212 ], [ 136.755625115, 35.375833212 ], [ 136.755625115, 35.375624879 ], [ 136.755312615, 35.375624879 ], [ 136.755312614, 35.375416547 ], [ 136.755000114, 35.375416546 ], [ 136.755000114, 35.375208213 ], [ 136.755000113, 35.37499988 ], [ 136.754687613, 35.37499988 ], [ 136.754687613, 35.374791547 ], [ 136.754687612, 35.374583213 ], [ 136.754375112, 35.374583213 ], [ 136.754375112, 35.374374881 ], [ 136.754062612, 35.37437488 ], [ 136.754062611, 35.374166548 ], [ 136.754062611, 35.373958214 ], [ 136.753750111, 35.373958214 ], [ 136.75375011, 35.373749881 ], [ 136.75343761, 35.373749881 ], [ 136.75343761, 35.373541548 ], [ 136.75312511, 35.373541548 ], [ 136.753125109, 35.373333214 ], [ 136.752812609, 35.373333214 ], [ 136.752812609, 35.373124882 ], [ 136.752812608, 35.372916549 ], [ 136.752500108, 35.372916549 ], [ 136.752500108, 35.372708215 ], [ 136.752187608, 35.372708215 ], [ 136.752187607, 35.372499882 ], [ 136.751875107, 35.372499882 ], [ 136.751875107, 35.372291549 ], [ 136.751562606, 35.372291549 ], [ 136.751250106, 35.372291549 ], [ 136.751250106, 35.372083215 ], [ 136.750937606, 35.372083215 ], [ 136.750937605, 35.371874882 ], [ 136.750625105, 35.371874882 ], [ 136.750625105, 35.37166655 ], [ 136.750312605, 35.371666549 ], [ 136.750312604, 35.371458216 ], [ 136.750000104, 35.371458216 ], [ 136.749687604, 35.371458215 ], [ 136.749687603, 35.371249883 ], [ 136.749375103, 35.371249883 ], [ 136.749062603, 35.371249882 ], [ 136.748750103, 35.371249882 ], [ 136.748437603, 35.371249882 ], [ 136.748125103, 35.371249882 ], [ 136.747812603, 35.371249882 ], [ 136.747500103, 35.371249882 ], [ 136.747187602, 35.371249882 ], [ 136.746875102, 35.371249882 ], [ 136.746562602, 35.371249882 ], [ 136.746250102, 35.371249882 ], [ 136.745937602, 35.371249881 ], [ 136.745937602, 35.371458214 ], [ 136.745625102, 35.371458214 ], [ 136.745312602, 35.371458214 ], [ 136.745000102, 35.371458214 ], [ 136.744687602, 35.371458214 ], [ 136.744375102, 35.371458214 ], [ 136.744062601, 35.371458214 ], [ 136.744062602, 35.371666547 ], [ 136.743750102, 35.371666547 ], [ 136.743437602, 35.371666547 ], [ 136.743437601, 35.371458213 ], [ 136.743125101, 35.371458213 ], [ 136.742812601, 35.371458213 ], [ 136.742812601, 35.371666547 ], [ 136.742500101, 35.371666547 ], [ 136.742187601, 35.371666547 ], [ 136.742187601, 35.37187488 ], [ 136.741875101, 35.371874879 ], [ 136.741562601, 35.371874879 ], [ 136.741250101, 35.371874879 ], [ 136.740937601, 35.371874879 ], [ 136.740625101, 35.371874879 ], [ 136.740312601, 35.371874879 ], [ 136.7400001, 35.371874879 ], [ 136.740000101, 35.372083212 ], [ 136.739687601, 35.372083212 ], [ 136.739375101, 35.372083211 ], [ 136.7390626, 35.372083211 ], [ 136.7387501, 35.372083211 ], [ 136.7384376, 35.372083211 ], [ 136.7381251, 35.372083211 ], [ 136.7378126, 35.372083211 ], [ 136.7375001, 35.372083211 ], [ 136.7371876, 35.372083211 ], [ 136.736875099, 35.372083211 ], [ 136.7368751, 35.372291544 ], [ 136.7365626, 35.372291544 ], [ 136.7362501, 35.372291544 ], [ 136.735937599, 35.372291544 ], [ 136.735625099, 35.372291544 ], [ 136.735312599, 35.372291544 ], [ 136.735000099, 35.372291544 ], [ 136.734687599, 35.372291543 ], [ 136.734375099, 35.372291543 ], [ 136.734062599, 35.372291543 ], [ 136.733750098, 35.372291543 ], [ 136.733437598, 35.372291543 ], [ 136.733125098, 35.372291543 ], [ 136.732812598, 35.372291543 ], [ 136.732500098, 35.372291542 ], [ 136.732187598, 35.372291542 ], [ 136.732187597, 35.372083209 ], [ 136.731875097, 35.372083208 ], [ 136.731875097, 35.371874876 ], [ 136.731562597, 35.371874875 ], [ 136.731562596, 35.371666543 ], [ 136.731562596, 35.371458209 ], [ 136.731562595, 35.371249876 ], [ 136.731562595, 35.371041543 ], [ 136.731250095, 35.371041543 ], [ 136.731250094, 35.370833209 ], [ 136.730937594, 35.370833209 ], [ 136.730937594, 35.370624876 ], [ 136.730625094, 35.370624876 ], [ 136.730625093, 35.370416544 ], [ 136.730625093, 35.37020821 ], [ 136.730312593, 35.37020821 ], [ 136.730312592, 35.369999877 ], [ 136.730000092, 35.369999877 ], [ 136.730000092, 35.369791544 ], [ 136.729687592, 35.369791544 ], [ 136.729687591, 35.36958321 ], [ 136.729375091, 35.36958321 ], [ 136.729375091, 35.369374877 ], [ 136.72937509, 35.369166544 ], [ 136.72906259, 35.369166544 ], [ 136.72906259, 35.36895821 ], [ 136.72875009, 35.36895821 ], [ 136.728750089, 35.368749877 ], [ 136.728437589, 35.368749877 ], [ 136.728437589, 35.368541544 ], [ 136.728125088, 35.368541544 ], [ 136.728125088, 35.368333211 ], [ 136.727812588, 35.36833321 ], [ 136.727500088, 35.36833321 ], [ 136.727500087, 35.368124877 ], [ 136.727187587, 35.368124877 ], [ 136.727187587, 35.367916545 ], [ 136.726875087, 35.367916544 ], [ 136.726875086, 35.367708211 ], [ 136.726562586, 35.36770821 ], [ 136.726250086, 35.36770821 ], [ 136.726250086, 35.367499878 ], [ 136.725937585, 35.367499877 ], [ 136.725937585, 35.367291545 ], [ 136.725625085, 35.367291544 ], [ 136.725625084, 35.367083211 ], [ 136.725312584, 35.36708321 ], [ 136.725312584, 35.366874878 ], [ 136.725625084, 35.366874878 ], [ 136.725625084, 35.367083211 ], [ 136.725937585, 35.367083211 ], [ 136.725937585, 35.367291545 ], [ 136.726250085, 35.367291545 ], [ 136.726562585, 35.367291545 ], [ 136.726562586, 35.367499878 ], [ 136.726875086, 35.367499878 ], [ 136.726875086, 35.367708211 ], [ 136.727187586, 35.367708211 ], [ 136.727500087, 35.367708211 ], [ 136.727500087, 35.367916545 ], [ 136.727812587, 35.367916545 ], [ 136.727812588, 35.368124878 ], [ 136.728125088, 35.368124878 ], [ 136.728125088, 35.368333211 ], [ 136.728437588, 35.368333211 ], [ 136.728437589, 35.368541544 ], [ 136.728750089, 35.368541545 ], [ 136.728750089, 35.368749877 ], [ 136.729062589, 35.368749877 ], [ 136.72906259, 35.36895821 ], [ 136.72937509, 35.36895821 ], [ 136.72937509, 35.369166544 ], [ 136.72968759, 35.369166544 ], [ 136.729687591, 35.369374877 ], [ 136.730000091, 35.369374877 ], [ 136.730000091, 35.36958321 ], [ 136.730312592, 35.36958321 ], [ 136.730312592, 35.369791544 ], [ 136.730312592, 35.369999877 ], [ 136.730625092, 35.369999877 ], [ 136.730625093, 35.37020821 ], [ 136.730937593, 35.37020821 ], [ 136.730937593, 35.370416544 ], [ 136.731250094, 35.370416544 ], [ 136.731250094, 35.370624877 ], [ 136.731562594, 35.370624877 ], [ 136.731562595, 35.37083321 ], [ 136.731562595, 35.371041543 ], [ 136.731875095, 35.371041543 ], [ 136.731875096, 35.371249876 ], [ 136.732187596, 35.371249876 ], [ 136.732187596, 35.371458209 ], [ 136.732500096, 35.371458209 ], [ 136.732500097, 35.371666543 ], [ 136.732812597, 35.371666543 ], [ 136.732812597, 35.371874876 ], [ 136.733125097, 35.371874876 ], [ 136.733437598, 35.371874876 ], [ 136.733750098, 35.371874876 ], [ 136.734062598, 35.371874877 ], [ 136.734375098, 35.371874877 ], [ 136.734687598, 35.371874877 ], [ 136.735000098, 35.371874877 ], [ 136.735312598, 35.371874877 ], [ 136.735625098, 35.371874877 ], [ 136.735937599, 35.371874877 ], [ 136.736250099, 35.371874878 ], [ 136.736562599, 35.371874878 ], [ 136.736875099, 35.371874878 ], [ 136.737187599, 35.371874878 ], [ 136.737500099, 35.371874878 ], [ 136.737812599, 35.371874878 ], [ 136.7381251, 35.371874878 ], [ 136.7384376, 35.371874878 ], [ 136.738437599, 35.371666546 ], [ 136.738750099, 35.371666546 ], [ 136.7390626, 35.371666546 ], [ 136.7393751, 35.371666546 ], [ 136.7396876, 35.371666546 ], [ 136.7400001, 35.371666546 ], [ 136.7403126, 35.371666546 ], [ 136.7406251, 35.371666546 ], [ 136.7406251, 35.371458213 ], [ 136.7409376, 35.371458213 ], [ 136.7412501, 35.371458213 ], [ 136.7415626, 35.371458213 ], [ 136.7418751, 35.371458213 ], [ 136.742187601, 35.371458213 ], [ 136.742500101, 35.371458213 ], [ 136.7425001, 35.37124988 ], [ 136.7428126, 35.37124988 ], [ 136.743125101, 35.371249881 ], [ 136.743437601, 35.371249881 ], [ 136.743750101, 35.371249881 ], [ 136.744062601, 35.371249881 ], [ 136.744375101, 35.371249881 ], [ 136.744687601, 35.371249881 ], [ 136.744687601, 35.371041548 ], [ 136.745000101, 35.371041548 ], [ 136.745312601, 35.371041549 ], [ 136.745625101, 35.371041549 ], [ 136.745937601, 35.371041549 ], [ 136.746250102, 35.371041549 ], [ 136.746562602, 35.371041549 ], [ 136.746875102, 35.371041549 ], [ 136.746875101, 35.370833215 ], [ 136.747187602, 35.370833215 ], [ 136.747500102, 35.370833216 ], [ 136.747812602, 35.370833216 ], [ 136.748125102, 35.370833216 ], [ 136.748437602, 35.370833216 ], [ 136.748750102, 35.370833216 ], [ 136.749062602, 35.370833216 ], [ 136.749375103, 35.370833216 ], [ 136.749375103, 35.37104155 ], [ 136.749687603, 35.37104155 ], [ 136.750000103, 35.37104155 ], [ 136.750000104, 35.371249883 ], [ 136.750312604, 35.371249883 ], [ 136.750312604, 35.371458216 ], [ 136.750625104, 35.371458216 ], [ 136.750937604, 35.371458216 ], [ 136.750937605, 35.37166655 ], [ 136.751250105, 35.37166655 ], [ 136.751250105, 35.371874883 ], [ 136.751562606, 35.371874883 ], [ 136.751562606, 35.372083215 ], [ 136.751875106, 35.372083216 ], [ 136.752187606, 35.372083216 ], [ 136.752187607, 35.372291549 ], [ 136.752500107, 35.37229155 ], [ 136.752500107, 35.372499882 ], [ 136.752812607, 35.372499882 ], [ 136.752812608, 35.372708215 ], [ 136.753125108, 35.372708215 ], [ 136.753125108, 35.372916549 ], [ 136.753437608, 35.372916549 ], [ 136.753437609, 35.373124882 ], [ 136.753437609, 35.373333215 ], [ 136.753750109, 35.373333215 ], [ 136.75406261, 35.373333215 ], [ 136.754062609, 35.373124882 ], [ 136.754062609, 35.372916549 ], [ 136.753750109, 35.372916549 ], [ 136.753750108, 35.372708216 ], [ 136.753437608, 35.372708215 ], [ 136.753437608, 35.372499883 ], [ 136.753125108, 35.372499883 ], [ 136.753125107, 35.37229155 ], [ 136.753125107, 35.372083216 ], [ 136.752812607, 35.372083216 ], [ 136.752500106, 35.372083216 ], [ 136.752500106, 35.371874883 ], [ 136.752187606, 35.371874883 ], [ 136.752187605, 35.37166655 ], [ 136.751875105, 35.37166655 ], [ 136.751875105, 35.371458216 ], [ 136.751562605, 35.371458216 ], [ 136.751562604, 35.371249883 ], [ 136.751250104, 35.371249883 ], [ 136.751250104, 35.371041551 ], [ 136.750937604, 35.37104155 ], [ 136.750625103, 35.37104155 ], [ 136.750625103, 35.370833217 ], [ 136.750312603, 35.370833216 ], [ 136.750312602, 35.370624884 ], [ 136.750000102, 35.370624884 ], [ 136.749687602, 35.370624884 ], [ 136.749375102, 35.370624883 ], [ 136.749375102, 35.370416551 ], [ 136.749062602, 35.370416551 ], [ 136.748750101, 35.37041655 ], [ 136.748437601, 35.37041655 ], [ 136.748125101, 35.37041655 ], [ 136.747812601, 35.37041655 ], [ 136.747500101, 35.37041655 ], [ 136.747500101, 35.370624883 ], [ 136.747187601, 35.370624883 ], [ 136.746875101, 35.370624883 ], [ 136.746562601, 35.370624882 ], [ 136.746250101, 35.370624882 ], [ 136.745937601, 35.370624882 ], [ 136.7456251, 35.370624882 ], [ 136.7453126, 35.370624882 ], [ 136.745312601, 35.370833215 ], [ 136.745000101, 35.370833215 ], [ 136.7446876, 35.370833215 ], [ 136.7443751, 35.370833214 ], [ 136.7440626, 35.370833214 ], [ 136.7437501, 35.370833214 ], [ 136.7434376, 35.370833214 ], [ 136.7431251, 35.370833214 ], [ 136.7428126, 35.370833214 ], [ 136.7428126, 35.371041548 ], [ 136.7425001, 35.371041548 ], [ 136.7421876, 35.371041547 ], [ 136.7418751, 35.371041547 ], [ 136.741562599, 35.371041547 ], [ 136.741250099, 35.371041547 ], [ 136.7412501, 35.37124988 ], [ 136.7409376, 35.37124988 ], [ 136.740625099, 35.37124988 ], [ 136.740312599, 35.37124988 ], [ 136.740000099, 35.37124988 ], [ 136.739687599, 35.371249879 ], [ 136.739375099, 35.371249879 ], [ 136.739062599, 35.371249879 ], [ 136.738750099, 35.371249879 ], [ 136.738750099, 35.371458212 ], [ 136.738437599, 35.371458212 ], [ 136.738125099, 35.371458212 ], [ 136.737812599, 35.371458212 ], [ 136.737500098, 35.371458212 ], [ 136.737187598, 35.371458211 ], [ 136.736875098, 35.371458211 ], [ 136.736562598, 35.371458211 ], [ 136.736250098, 35.371458211 ], [ 136.735937598, 35.371458211 ], [ 136.735625098, 35.371458211 ], [ 136.735625098, 35.371666544 ], [ 136.735312598, 35.371666544 ], [ 136.735000098, 35.371666544 ], [ 136.734687598, 35.371666544 ], [ 136.734375098, 35.371666544 ], [ 136.734062597, 35.371666544 ], [ 136.733750097, 35.371666544 ], [ 136.733437597, 35.371666544 ], [ 136.733437597, 35.37145821 ], [ 136.733125097, 35.37145821 ], [ 136.733125096, 35.371249877 ], [ 136.732812596, 35.371249877 ], [ 136.732812596, 35.371041544 ], [ 136.732500095, 35.371041544 ], [ 136.732500095, 35.37083321 ], [ 136.732187595, 35.37083321 ], [ 136.732187594, 35.370624877 ], [ 136.731875094, 35.370624877 ], [ 136.731875094, 35.370416544 ], [ 136.731562594, 35.370416544 ], [ 136.731562593, 35.37020821 ], [ 136.731562593, 35.369999877 ], [ 136.731250093, 35.369999877 ], [ 136.731250092, 35.369791544 ], [ 136.730937592, 35.369791544 ], [ 136.730937592, 35.369583211 ], [ 136.730625092, 35.36958321 ], [ 136.730625091, 35.369374878 ], [ 136.730312591, 35.369374877 ], [ 136.730312591, 35.369166545 ], [ 136.730000091, 35.369166545 ], [ 136.73000009, 35.368958211 ], [ 136.73000009, 35.368749878 ], [ 136.72968759, 35.368749878 ], [ 136.729687589, 35.368541545 ], [ 136.729375089, 35.368541545 ], [ 136.729375089, 35.368333211 ], [ 136.729062588, 35.368333211 ], [ 136.729062588, 35.368124878 ], [ 136.728750088, 35.368124878 ], [ 136.728750088, 35.367916545 ], [ 136.728437587, 35.367916545 ], [ 136.728437587, 35.367708211 ], [ 136.728125087, 35.367708211 ], [ 136.728125086, 35.367499878 ], [ 136.727812586, 35.367499878 ], [ 136.727500086, 35.367499878 ], [ 136.727500086, 35.367291545 ], [ 136.727187586, 35.367291545 ], [ 136.726875085, 35.367291545 ], [ 136.726875085, 35.367083211 ], [ 136.726562585, 35.367083211 ], [ 136.726562584, 35.366874878 ], [ 136.726250084, 35.366874878 ], [ 136.726250084, 35.366666545 ], [ 136.725937584, 35.366666545 ], [ 136.725625084, 35.366666545 ], [ 136.725625083, 35.366458211 ], [ 136.725625083, 35.366249878 ], [ 136.725625083, 35.366041546 ], [ 136.725625082, 35.365833212 ], [ 136.725625082, 35.365624879 ], [ 136.725625082, 35.365416546 ], [ 136.725625081, 35.365208213 ], [ 136.725625081, 35.36499988 ], [ 136.725937581, 35.36499988 ], [ 136.725937581, 35.364791547 ], [ 136.72593758, 35.364583213 ], [ 136.72593758, 35.36437488 ], [ 136.72593758, 35.364166548 ], [ 136.72625008, 35.364166548 ], [ 136.726250079, 35.363958214 ], [ 136.726250079, 35.363749881 ], [ 136.726250079, 35.363541548 ], [ 136.726250078, 35.363333215 ], [ 136.726562578, 35.363333215 ], [ 136.726562578, 35.363124882 ], [ 136.726562578, 35.362916549 ], [ 136.726562577, 35.362708215 ], [ 136.726562577, 35.362499883 ], [ 136.726562577, 35.36229155 ], [ 136.726875077, 35.36229155 ], [ 136.726875077, 35.362083216 ], [ 136.726875076, 35.361874883 ], [ 136.726875076, 35.361666551 ], [ 136.726875075, 35.361458217 ], [ 136.726875075, 35.361249884 ], [ 136.727187575, 35.361249884 ], [ 136.727187575, 35.361041551 ], [ 136.727187575, 35.360833218 ], [ 136.727187574, 35.360624885 ], [ 136.727187574, 35.360416552 ], [ 136.727500074, 35.360416552 ], [ 136.727500074, 35.360208218 ], [ 136.727500073, 35.359999886 ], [ 136.727500073, 35.359791553 ], [ 136.727500073, 35.359583219 ], [ 136.727500072, 35.359374886 ], [ 136.727812572, 35.359374886 ], [ 136.727812572, 35.359166554 ], [ 136.727812572, 35.35895822 ], [ 136.727812571, 35.358749887 ], [ 136.727812571, 35.358541554 ], [ 136.727812571, 35.35833322 ], [ 136.72781257, 35.358124888 ], [ 136.72781257, 35.357916555 ], [ 136.72781257, 35.357708221 ], [ 136.727812569, 35.357499888 ], [ 136.727500069, 35.357499888 ], [ 136.727500069, 35.357291555 ], [ 136.727500068, 35.357083221 ], [ 136.727500068, 35.356874888 ], [ 136.727500068, 35.356666555 ], [ 136.727500067, 35.356458222 ], [ 136.727187567, 35.356458221 ], [ 136.727187567, 35.356249889 ], [ 136.727187567, 35.356041556 ], [ 136.727187566, 35.355833222 ], [ 136.727187566, 35.355624889 ], [ 136.727187566, 35.355416556 ], [ 136.727187565, 35.355208222 ], [ 136.727187565, 35.35499989 ], [ 136.727187565, 35.354791557 ], [ 136.727187564, 35.354583223 ], [ 136.726875064, 35.354583223 ], [ 136.726875064, 35.35437489 ], [ 136.726875063, 35.354166557 ], [ 136.726875063, 35.353958223 ], [ 136.726562563, 35.353958223 ], [ 136.726562563, 35.35374989 ], [ 136.726562562, 35.353541557 ], [ 136.726250062, 35.353541557 ], [ 136.726250062, 35.353333223 ], [ 136.726250061, 35.35312489 ], [ 136.725937561, 35.35312489 ], [ 136.725937561, 35.352916557 ], [ 136.725625061, 35.352916557 ], [ 136.72562506, 35.352708223 ], [ 136.72531256, 35.352708223 ], [ 136.72531256, 35.35249989 ], [ 136.72500006, 35.35249989 ], [ 136.725000059, 35.352291557 ], [ 136.724687559, 35.352291557 ], [ 136.724687559, 35.352083223 ], [ 136.724375059, 35.352083223 ], [ 136.724062558, 35.352083223 ], [ 136.724062558, 35.35187489 ], [ 136.723750058, 35.35187489 ], [ 136.723750058, 35.351666557 ], [ 136.723437557, 35.351666557 ], [ 136.723125057, 35.351666556 ], [ 136.722812557, 35.351666556 ], [ 136.722812557, 35.351458222 ], [ 136.722500056, 35.351458222 ], [ 136.722187556, 35.351458222 ], [ 136.722187556, 35.351249889 ], [ 136.721875056, 35.351249889 ], [ 136.721875055, 35.351041556 ], [ 136.721562555, 35.351041556 ], [ 136.721250055, 35.351041555 ], [ 136.721250054, 35.350833222 ], [ 136.720937554, 35.350833221 ], [ 136.720625054, 35.350833221 ], [ 136.720312554, 35.350833221 ], [ 136.720000054, 35.350833221 ], [ 136.719687553, 35.350833221 ], [ 136.719687553, 35.350624888 ], [ 136.719375053, 35.350624888 ], [ 136.719062553, 35.350624887 ], [ 136.718750052, 35.350624887 ], [ 136.718437552, 35.350624887 ], [ 136.718125052, 35.350624887 ], [ 136.717812552, 35.350624886 ], [ 136.717500052, 35.350624886 ], [ 136.717187551, 35.350624886 ], [ 136.716875051, 35.350624886 ], [ 136.716562551, 35.350624886 ], [ 136.716250051, 35.350624885 ], [ 136.715937551, 35.350624885 ], [ 136.71562505, 35.350624885 ], [ 136.71562505, 35.350416552 ], [ 136.71531255, 35.350416552 ], [ 136.71500005, 35.350416552 ], [ 136.714687549, 35.350416552 ], [ 136.714375049, 35.350416551 ], [ 136.71437505, 35.350624884 ], [ 136.714062549, 35.350624884 ], [ 136.713750049, 35.350624884 ], [ 136.713437549, 35.350624884 ], [ 136.713125049, 35.350624883 ], [ 136.712812548, 35.350624883 ], [ 136.712500048, 35.350624883 ], [ 136.712187548, 35.350624883 ], [ 136.711875048, 35.350624882 ], [ 136.711875048, 35.350833215 ], [ 136.711562548, 35.350833215 ], [ 136.711250048, 35.350833215 ], [ 136.710937548, 35.350833215 ], [ 136.710625048, 35.350833215 ], [ 136.710625048, 35.351041548 ], [ 136.710312548, 35.351041548 ], [ 136.710000048, 35.351041548 ], [ 136.709687548, 35.351041548 ], [ 136.709375048, 35.351041548 ], [ 136.709375048, 35.35124988 ], [ 136.709062548, 35.35124988 ], [ 136.708750048, 35.35124988 ], [ 136.708437547, 35.35124988 ], [ 136.708437548, 35.351458213 ], [ 136.708125048, 35.351458212 ], [ 136.707812548, 35.351458212 ], [ 136.707500047, 35.351458212 ], [ 136.707500048, 35.351666546 ], [ 136.707187548, 35.351666546 ], [ 136.706875048, 35.351666545 ], [ 136.706875048, 35.351874878 ], [ 136.706562548, 35.351874878 ], [ 136.706562548, 35.352083211 ], [ 136.706250048, 35.352083211 ], [ 136.705937548, 35.352083211 ], [ 136.705937548, 35.352291544 ], [ 136.705625048, 35.352291544 ], [ 136.705312548, 35.352291544 ], [ 136.705312548, 35.352499877 ], [ 136.705000048, 35.352499877 ], [ 136.705000048, 35.35270821 ], [ 136.704687548, 35.352708209 ], [ 136.704687549, 35.352916543 ], [ 136.704375048, 35.352916543 ], [ 136.704062548, 35.352916543 ], [ 136.704062549, 35.353124876 ], [ 136.703750049, 35.353124875 ], [ 136.703750049, 35.353333208 ], [ 136.703437549, 35.353333208 ], [ 136.703437549, 35.353541542 ], [ 136.703125049, 35.353541542 ], [ 136.703125049, 35.353749875 ], [ 136.702812549, 35.353749874 ], [ 136.70281255, 35.353958207 ], [ 136.702500049, 35.353958207 ], [ 136.702187549, 35.353958207 ], [ 136.70218755, 35.354166541 ], [ 136.70218755, 35.354374874 ], [ 136.70187505, 35.354374873 ], [ 136.70187505, 35.354583206 ], [ 136.70156255, 35.354583206 ], [ 136.70156255, 35.35479154 ], [ 136.70125005, 35.35479154 ], [ 136.701250051, 35.354999873 ], [ 136.70093755, 35.354999872 ], [ 136.700937551, 35.355208205 ], [ 136.700625051, 35.355208205 ], [ 136.700625051, 35.355416539 ], [ 136.700312551, 35.355416539 ], [ 136.700312551, 35.355624871 ], [ 136.700000051, 35.355624871 ], [ 136.700000051, 35.355833204 ], [ 136.699687551, 35.355833204 ], [ 136.699687552, 35.356041538 ], [ 136.699375051, 35.356041538 ], [ 136.699375052, 35.356249871 ], [ 136.699062551, 35.35624987 ], [ 136.698750051, 35.35624987 ], [ 136.698437551, 35.35624987 ], [ 136.698125051, 35.35624987 ], [ 136.697812551, 35.35624987 ], [ 136.69750005, 35.35624987 ], [ 136.69750005, 35.356041537 ], [ 136.69718755, 35.356041537 ], [ 136.69687505, 35.356041536 ], [ 136.696562549, 35.356041536 ], [ 136.696562549, 35.355833202 ], [ 136.696250049, 35.355833202 ], [ 136.695937549, 35.355833202 ], [ 136.695625048, 35.355833202 ], [ 136.695312548, 35.355833202 ], [ 136.695312548, 35.355624869 ], [ 136.695000048, 35.355624869 ], [ 136.695000047, 35.355416536 ], [ 136.694687547, 35.355416536 ], [ 136.694687547, 35.355208202 ], [ 136.694375047, 35.355208202 ], [ 136.694375046, 35.354999869 ], [ 136.694375046, 35.354791536 ], [ 136.694375046, 35.354583202 ], [ 136.694062545, 35.354583202 ], [ 136.694062545, 35.354374869 ], [ 136.694062545, 35.354166536 ], [ 136.694062544, 35.353958202 ], [ 136.694062544, 35.353749869 ], [ 136.694062544, 35.353541536 ], [ 136.694062543, 35.353333202 ], [ 136.694062543, 35.353124869 ], [ 136.693750043, 35.353124869 ], [ 136.693750042, 35.352916536 ], [ 136.693750042, 35.352708202 ], [ 136.693750042, 35.35249987 ], [ 136.693750041, 35.352291537 ], [ 136.693750041, 35.352083203 ], [ 136.693750041, 35.35187487 ], [ 136.69375004, 35.351666537 ], [ 136.69375004, 35.351458203 ], [ 136.69343754, 35.351458203 ], [ 136.693437539, 35.35124987 ], [ 136.693437539, 35.351041537 ], [ 136.693437539, 35.350833203 ], [ 136.693437538, 35.35062487 ], [ 136.693437538, 35.350416537 ], [ 136.693437538, 35.350208204 ], [ 136.693437537, 35.349999871 ], [ 136.693437537, 35.349791538 ], [ 136.693125037, 35.349791538 ], [ 136.693125036, 35.349583204 ], [ 136.693125036, 35.349374871 ], [ 136.693125036, 35.349166538 ], [ 136.693125036, 35.348958204 ], [ 136.693125035, 35.348749871 ], [ 136.693125035, 35.348541538 ], [ 136.693125035, 35.348333205 ], [ 136.693125034, 35.348124872 ], [ 136.692812534, 35.348124871 ], [ 136.692812534, 35.347916539 ], [ 136.692812533, 35.347708205 ], [ 136.692812533, 35.347499872 ], [ 136.692812533, 35.347291539 ], [ 136.692812533, 35.347083205 ], [ 136.693125033, 35.347083205 ], [ 136.693125032, 35.346874873 ], [ 136.693125032, 35.34666654 ], [ 136.693437532, 35.34666654 ], [ 136.693437532, 35.346458206 ], [ 136.693437532, 35.346249873 ], [ 136.693125032, 35.346249873 ], [ 136.692812531, 35.346249873 ] ], [ [ 136.776250186, 35.410833162 ], [ 136.776562686, 35.410833162 ], [ 136.776562687, 35.411041496 ], [ 136.776250187, 35.411041496 ], [ 136.776250186, 35.410833162 ] ], [ [ 136.767812669, 35.403124842 ], [ 136.768125169, 35.403124842 ], [ 136.768437669, 35.403124842 ], [ 136.768437669, 35.403333175 ], [ 136.768125169, 35.403333175 ], [ 136.767812669, 35.403333175 ], [ 136.767812669, 35.403124842 ] ], [ [ 136.765937668, 35.402916509 ], [ 136.766250168, 35.402916509 ], [ 136.766250168, 35.403124842 ], [ 136.765937668, 35.403124842 ], [ 136.765937668, 35.402916509 ] ], [ [ 136.765000166, 35.402499843 ], [ 136.765312667, 35.402499843 ], [ 136.765312667, 35.402708176 ], [ 136.765000167, 35.402708176 ], [ 136.765000166, 35.402499843 ] ], [ [ 136.813750196, 35.401249842 ], [ 136.814062696, 35.401249842 ], [ 136.814062696, 35.401458174 ], [ 136.813750196, 35.401458174 ], [ 136.813750196, 35.401249842 ] ], [ [ 136.763125163, 35.401041512 ], [ 136.763437663, 35.401041512 ], [ 136.763437664, 35.401249845 ], [ 136.763125163, 35.401249845 ], [ 136.763125163, 35.401041512 ] ], [ [ 136.785000173, 35.399999847 ], [ 136.785312674, 35.399999847 ], [ 136.785625174, 35.399999847 ], [ 136.785625174, 35.40020818 ], [ 136.785312674, 35.40020818 ], [ 136.785000174, 35.40020818 ], [ 136.785000173, 35.399999847 ] ], [ [ 136.786875174, 35.399791515 ], [ 136.787187674, 35.399791515 ], [ 136.787187675, 35.399999847 ], [ 136.786875175, 35.399999847 ], [ 136.786875174, 35.399791515 ] ], [ [ 136.783750172, 35.399791515 ], [ 136.784062672, 35.399791515 ], [ 136.784062673, 35.399999847 ], [ 136.783750173, 35.399999847 ], [ 136.783750172, 35.399791515 ] ], [ [ 136.788437675, 35.399583181 ], [ 136.788750175, 35.399583181 ], [ 136.788750175, 35.399791515 ], [ 136.788437675, 35.399791515 ], [ 136.788437675, 35.399583181 ] ], [ [ 136.789062675, 35.399374848 ], [ 136.789375175, 35.399374848 ], [ 136.789375175, 35.399583181 ], [ 136.789062675, 35.399583181 ], [ 136.789062675, 35.399374848 ] ], [ [ 136.790312674, 35.398749849 ], [ 136.790625175, 35.398749849 ], [ 136.790625175, 35.398958182 ], [ 136.790312675, 35.398958182 ], [ 136.790312674, 35.398749849 ] ], [ [ 136.790625174, 35.398541517 ], [ 136.790937674, 35.398541517 ], [ 136.790937675, 35.398749849 ], [ 136.790625175, 35.398749849 ], [ 136.790625174, 35.398541517 ] ], [ [ 136.778125166, 35.398333183 ], [ 136.778437666, 35.398333183 ], [ 136.778750166, 35.398333183 ], [ 136.778750167, 35.398541516 ], [ 136.778437666, 35.398541516 ], [ 136.778125166, 35.398541516 ], [ 136.778125166, 35.398333183 ] ], [ [ 136.777500165, 35.39812485 ], [ 136.777812665, 35.39812485 ], [ 136.777812666, 35.398333183 ], [ 136.777500165, 35.398333183 ], [ 136.777500165, 35.39812485 ] ], [ [ 136.762187658, 35.39812485 ], [ 136.762500158, 35.39812485 ], [ 136.762500158, 35.398333182 ], [ 136.762187658, 35.398333182 ], [ 136.762187658, 35.39812485 ] ], [ [ 136.776875164, 35.397916517 ], [ 136.777187665, 35.397916517 ], [ 136.777187665, 35.39812485 ], [ 136.776875165, 35.39812485 ], [ 136.776875164, 35.397916517 ] ], [ [ 136.775937663, 35.397708183 ], [ 136.776250164, 35.397708183 ], [ 136.776562664, 35.397708183 ], [ 136.776562664, 35.397916517 ], [ 136.776250164, 35.397916517 ], [ 136.775937664, 35.397916517 ], [ 136.775937663, 35.397708183 ] ], [ [ 136.761875157, 35.397708183 ], [ 136.762187657, 35.397708183 ], [ 136.762187658, 35.397916517 ], [ 136.761875157, 35.397916517 ], [ 136.761875157, 35.397708183 ] ], [ [ 136.775625163, 35.397499851 ], [ 136.775937663, 35.397499851 ], [ 136.775937663, 35.397708183 ], [ 136.775625163, 35.397708183 ], [ 136.775625163, 35.397499851 ] ], [ [ 136.774687662, 35.397291518 ], [ 136.775000162, 35.397291518 ], [ 136.775000163, 35.397499851 ], [ 136.774687662, 35.397499851 ], [ 136.774687662, 35.397291518 ] ], [ [ 136.774062661, 35.397083184 ], [ 136.774375162, 35.397083184 ], [ 136.774375162, 35.397291518 ], [ 136.774062662, 35.397291518 ], [ 136.774062661, 35.397083184 ] ], [ [ 136.760625155, 35.396666518 ], [ 136.760937655, 35.396666518 ], [ 136.760937655, 35.396874851 ], [ 136.760625155, 35.396874851 ], [ 136.760625155, 35.396666518 ] ], [ [ 136.760000154, 35.396041519 ], [ 136.760312654, 35.396041519 ], [ 136.760312654, 35.396249852 ], [ 136.760000154, 35.396249852 ], [ 136.760000154, 35.396041519 ] ], [ [ 136.79406267, 35.395208187 ], [ 136.79437517, 35.395208187 ], [ 136.79437517, 35.395416521 ], [ 136.79406267, 35.395416521 ], [ 136.79406267, 35.395208187 ] ], [ [ 136.79437517, 35.394999855 ], [ 136.79468767, 35.394999855 ], [ 136.79468767, 35.395208187 ], [ 136.79437517, 35.395208187 ], [ 136.79437517, 35.394999855 ] ], [ [ 136.759687651, 35.394374854 ], [ 136.760000151, 35.394374854 ], [ 136.760000151, 35.394583187 ], [ 136.760000152, 35.394791521 ], [ 136.760000152, 35.394999853 ], [ 136.760000152, 35.395208186 ], [ 136.760000153, 35.39541652 ], [ 136.760000153, 35.395624853 ], [ 136.760000153, 35.395833185 ], [ 136.759687653, 35.395833185 ], [ 136.759687653, 35.395624852 ], [ 136.759687653, 35.39541652 ], [ 136.759687652, 35.395208186 ], [ 136.759687652, 35.394999853 ], [ 136.759687651, 35.394791521 ], [ 136.759687651, 35.394583187 ], [ 136.759687651, 35.394374854 ] ], [ [ 136.759375149, 35.393749855 ], [ 136.75968765, 35.393749855 ], [ 136.75968765, 35.393958188 ], [ 136.75968765, 35.394166521 ], [ 136.75937515, 35.394166521 ], [ 136.75937515, 35.393958188 ], [ 136.759375149, 35.393749855 ] ], [ [ 136.759062646, 35.391874857 ], [ 136.759375146, 35.391874857 ], [ 136.759375147, 35.39208319 ], [ 136.759375147, 35.392291524 ], [ 136.759375147, 35.392499857 ], [ 136.759375148, 35.392708189 ], [ 136.759062648, 35.392708189 ], [ 136.759062647, 35.392499856 ], [ 136.759062647, 35.392291524 ], [ 136.759062646, 35.39208319 ], [ 136.759062646, 35.391874857 ] ], [ [ 136.758750144, 35.391041525 ], [ 136.759062645, 35.391041525 ], [ 136.759062645, 35.391249858 ], [ 136.759062645, 35.391458191 ], [ 136.758750145, 35.391458191 ], [ 136.758750145, 35.391249858 ], [ 136.758750144, 35.391041525 ] ], [ [ 136.758437642, 35.38999986 ], [ 136.758750142, 35.38999986 ], [ 136.758750143, 35.390208192 ], [ 136.758437643, 35.390208192 ], [ 136.758437642, 35.38999986 ] ], [ [ 136.767187646, 35.389791528 ], [ 136.767500146, 35.389791528 ], [ 136.767500146, 35.389999861 ], [ 136.767187646, 35.389999861 ], [ 136.767187646, 35.389791528 ] ], [ [ 136.758437639, 35.388124862 ], [ 136.758750139, 35.388124862 ], [ 136.758750139, 35.388333195 ], [ 136.758437639, 35.388333195 ], [ 136.758437639, 35.388124862 ] ], [ [ 136.758750138, 35.387499863 ], [ 136.759062638, 35.387499863 ], [ 136.759062638, 35.387708196 ], [ 136.758750138, 35.387708196 ], [ 136.758750138, 35.387499863 ] ], [ [ 136.759062636, 35.386666531 ], [ 136.759375136, 35.386666531 ], [ 136.759375137, 35.386874864 ], [ 136.759062637, 35.386874864 ], [ 136.759062636, 35.386666531 ] ], [ [ 136.765312637, 35.3858332 ], [ 136.765625137, 35.3858332 ], [ 136.765625137, 35.386041533 ], [ 136.765312637, 35.386041533 ], [ 136.765312637, 35.3858332 ] ], [ [ 136.759375135, 35.385833198 ], [ 136.759687635, 35.385833198 ], [ 136.759687635, 35.386041532 ], [ 136.759375135, 35.386041532 ], [ 136.759375135, 35.385833198 ] ], [ [ 136.76031263, 35.383541536 ], [ 136.760625131, 35.383541536 ], [ 136.760625131, 35.383749868 ], [ 136.760312631, 35.383749868 ], [ 136.76031263, 35.383541536 ] ], [ [ 136.76406263, 35.382708204 ], [ 136.76437513, 35.382708204 ], [ 136.764375131, 35.382916538 ], [ 136.764062631, 35.382916537 ], [ 136.76406263, 35.382708204 ] ], [ [ 136.760625129, 35.382708203 ], [ 136.760937629, 35.382708203 ], [ 136.760937629, 35.382916537 ], [ 136.760625129, 35.382916537 ], [ 136.760625129, 35.382708203 ] ], [ [ 136.763750129, 35.382083205 ], [ 136.764062629, 35.382083205 ], [ 136.764062629, 35.382291539 ], [ 136.763750129, 35.382291538 ], [ 136.763750129, 35.382083205 ] ], [ [ 136.760937627, 35.381666539 ], [ 136.761250127, 35.381666539 ], [ 136.761250128, 35.381874872 ], [ 136.761250128, 35.382083204 ], [ 136.761250129, 35.382291538 ], [ 136.760937628, 35.382291538 ], [ 136.760937628, 35.382083204 ], [ 136.760937628, 35.381874871 ], [ 136.760937627, 35.381666539 ] ], [ [ 136.760312625, 35.380624873 ], [ 136.760625125, 35.380624873 ], [ 136.760625126, 35.380833206 ], [ 136.760312626, 35.380833206 ], [ 136.760312625, 35.380624873 ] ], [ [ 136.760000125, 35.380208207 ], [ 136.760312625, 35.380208207 ], [ 136.760312625, 35.380416541 ], [ 136.760000125, 35.380416541 ], [ 136.760000125, 35.380208207 ] ], [ [ 136.760937623, 35.379166543 ], [ 136.761250123, 35.379166543 ], [ 136.761250124, 35.379374876 ], [ 136.760937623, 35.379374876 ], [ 136.760937623, 35.379166543 ] ], [ [ 136.760625123, 35.378958209 ], [ 136.760937623, 35.378958209 ], [ 136.760937623, 35.379166543 ], [ 136.760625123, 35.379166543 ], [ 136.760625123, 35.378958209 ] ], [ [ 136.760312622, 35.378541544 ], [ 136.760625122, 35.378541544 ], [ 136.760625122, 35.378749876 ], [ 136.760312622, 35.378749876 ], [ 136.760312622, 35.378541544 ] ], [ [ 136.759375121, 35.378541543 ], [ 136.759687622, 35.378541543 ], [ 136.759687622, 35.378749876 ], [ 136.759375122, 35.378749876 ], [ 136.759375121, 35.378541543 ] ], [ [ 136.760000121, 35.37833321 ], [ 136.760312621, 35.37833321 ], [ 136.760312622, 35.378541544 ], [ 136.760000122, 35.378541544 ], [ 136.760000121, 35.37833321 ] ], [ [ 136.758750119, 35.377291545 ], [ 136.759062619, 35.377291545 ], [ 136.75906262, 35.377499878 ], [ 136.758750119, 35.377499878 ], [ 136.758750119, 35.377291545 ] ], [ [ 136.758437619, 35.377083211 ], [ 136.758750119, 35.377083211 ], [ 136.758750119, 35.377291545 ], [ 136.758437619, 35.377291545 ], [ 136.758437619, 35.377083211 ] ], [ [ 136.725000083, 35.366249878 ], [ 136.725312583, 35.366249878 ], [ 136.725312583, 35.366458211 ], [ 136.725312583, 35.366666545 ], [ 136.725000083, 35.366666545 ], [ 136.725000083, 35.366458211 ], [ 136.725000083, 35.366249878 ] ], [ [ 136.724687581, 35.365624879 ], [ 136.725000082, 35.365624879 ], [ 136.725000082, 35.365833212 ], [ 136.724687582, 35.365833211 ], [ 136.724687581, 35.365624879 ] ], [ [ 136.725312578, 35.363541548 ], [ 136.725625078, 35.363541548 ], [ 136.725625079, 35.363749881 ], [ 136.725625079, 35.363958214 ], [ 136.725625079, 35.364166548 ], [ 136.72562508, 35.36437488 ], [ 136.72562508, 35.364583213 ], [ 136.72531258, 35.364583213 ], [ 136.72531258, 35.364791547 ], [ 136.725312581, 35.36499988 ], [ 136.725312581, 35.365208212 ], [ 136.725312581, 35.365416546 ], [ 136.725000081, 35.365416546 ], [ 136.725000081, 35.365208212 ], [ 136.725000081, 35.364999879 ], [ 136.72500008, 35.364791547 ], [ 136.72500008, 35.364583213 ], [ 136.72500008, 35.36437488 ], [ 136.72531258, 35.36437488 ], [ 136.725312579, 35.364166547 ], [ 136.725312579, 35.363958214 ], [ 136.725312579, 35.363749881 ], [ 136.725312578, 35.363541548 ] ], [ [ 136.725937575, 35.36166655 ], [ 136.726250076, 35.36166655 ], [ 136.726250076, 35.361874883 ], [ 136.726250076, 35.362083216 ], [ 136.726250077, 35.36229155 ], [ 136.726250077, 35.362499883 ], [ 136.726250077, 35.362708215 ], [ 136.725937577, 35.362708215 ], [ 136.725937578, 35.362916549 ], [ 136.725937578, 35.363124882 ], [ 136.725937578, 35.363333215 ], [ 136.725937579, 35.363541548 ], [ 136.725625078, 35.363541548 ], [ 136.725625078, 35.363333214 ], [ 136.725625078, 35.363124882 ], [ 136.725625077, 35.362916549 ], [ 136.725625077, 35.362708215 ], [ 136.725625077, 35.362499882 ], [ 136.725937577, 35.362499882 ], [ 136.725937576, 35.36229155 ], [ 136.725937576, 35.362083216 ], [ 136.725937576, 35.361874883 ], [ 136.725937575, 35.36166655 ] ], [ [ 136.726250074, 35.360624884 ], [ 136.726562574, 35.360624885 ], [ 136.726562574, 35.360833217 ], [ 136.726562575, 35.361041551 ], [ 136.726562575, 35.361249884 ], [ 136.726562575, 35.361458217 ], [ 136.726562576, 35.36166655 ], [ 136.726250076, 35.36166655 ], [ 136.726250075, 35.361458217 ], [ 136.726250075, 35.361249884 ], [ 136.726250075, 35.361041551 ], [ 136.726250074, 35.360833217 ], [ 136.726250074, 35.360624884 ] ], [ [ 136.726562573, 35.359791552 ], [ 136.726875073, 35.359791552 ], [ 136.726875073, 35.359999885 ], [ 136.726875073, 35.360208218 ], [ 136.726875074, 35.360416552 ], [ 136.726875074, 35.360624885 ], [ 136.726562574, 35.360624885 ], [ 136.726562574, 35.360416552 ], [ 136.726562573, 35.360208218 ], [ 136.726562573, 35.359999885 ], [ 136.726562573, 35.359791552 ] ], [ [ 136.726875071, 35.358749887 ], [ 136.727187571, 35.358749887 ], [ 136.727187571, 35.358958219 ], [ 136.727187572, 35.359166553 ], [ 136.727187572, 35.359374886 ], [ 136.727187573, 35.359583219 ], [ 136.727187573, 35.359791553 ], [ 136.726875073, 35.359791552 ], [ 136.726875072, 35.359583219 ], [ 136.726875072, 35.359374886 ], [ 136.726875072, 35.359166553 ], [ 136.726875071, 35.358958219 ], [ 136.726875071, 35.358749887 ] ], [ [ 136.727187569, 35.357708221 ], [ 136.72750007, 35.357708221 ], [ 136.72750007, 35.357916555 ], [ 136.72750007, 35.358124887 ], [ 136.727500071, 35.35833322 ], [ 136.727500071, 35.358541554 ], [ 136.727500071, 35.358749887 ], [ 136.727187571, 35.358749887 ], [ 136.727187571, 35.358541554 ], [ 136.72718757, 35.35833322 ], [ 136.72718757, 35.358124887 ], [ 136.72718757, 35.357916554 ], [ 136.727187569, 35.357708221 ] ], [ [ 136.726562565, 35.355208222 ], [ 136.726875065, 35.355208222 ], [ 136.726875065, 35.355416556 ], [ 136.726875066, 35.355624889 ], [ 136.726562566, 35.355624889 ], [ 136.726562565, 35.355416556 ], [ 136.726562565, 35.355208222 ] ] ] } }
]
}
