{
"type": "FeatureCollection",
"name": "A31a-10-25_21_8505090063_20",
"crs": { "type": "name", "properties": { "name": "urn:ogc:def:crs:EPSG::6668" } },
"xy_coordinate_resolution": 1e-09,
"features": [
{ "type": "Feature", "properties": { "A31a_101": "8505090063", "A31a_102": "山田川", "A31a_103": "21", "A31a_104": "岐阜県", "A31a_105": 1 }, "geometry": { "type": "Polygon", "coordinates": [ [ [ 136.8498125, 35.453791667 ], [ 136.8498125, 35.45375 ], [ 136.849875, 35.45375 ], [ 136.8499375, 35.45375 ], [ 136.85, 35.45375 ], [ 136.8500625, 35.45375 ], [ 136.8500625, 35.453708333 ], [ 136.85, 35.453708333 ], [ 136.8499375, 35.453708333 ], [ 136.849875, 35.453708333 ], [ 136.849875, 35.453666667 ], [ 136.8498125, 35.453666667 ], [ 136.8498125, 35.453625 ], [ 136.849875, 35.453625 ], [ 136.849875, 35.453583333 ], [ 136.849875, 35.453541667 ], [ 136.8498125, 35.453541667 ], [ 136.84975, 35.453541667 ], [ 136.8496875, 35.453541667 ], [ 136.8496875, 35.453583333 ], [ 136.8496875, 35.453625 ], [ 136.849625, 35.453625 ], [ 136.849625, 35.453666667 ], [ 136.8496875, 35.453666667 ], [ 136.8496875, 35.453708333 ], [ 136.849625, 35.453708333 ], [ 136.8495625, 35.453708333 ], [ 136.8495, 35.453708333 ], [ 136.8495, 35.45375 ], [ 136.8495625, 35.45375 ], [ 136.849625, 35.45375 ], [ 136.8496875, 35.45375 ], [ 136.84975, 35.45375 ], [ 136.84975, 35.453791667 ], [ 136.84975, 35.453833333 ], [ 136.84975, 35.453875 ], [ 136.84975, 35.453916667 ], [ 136.8498125, 35.453916667 ], [ 136.8498125, 35.453875 ], [ 136.8498125, 35.453833333 ], [ 136.8498125, 35.453791667 ] ] ] } },
{ "type": "Feature", "properties": { "A31a_101": "8505090063", "A31a_102": "山田川", "A31a_103": "21", "A31a_104": "岐阜県", "A31a_105": 1 }, "geometry": { "type": "Polygon", "coordinates": [ [ [ 136.8525, 35.454333333 ], [ 136.8525, 35.454291667 ], [ 136.8525, 35.45425 ], [ 136.8525, 35.454208333 ], [ 136.8525, 35.454166667 ], [ 136.8525, 35.454125 ], [ 136.8524375, 35.454125 ], [ 136.8524375, 35.454083333 ], [ 136.8524375, 35.454041667 ], [ 136.8525, 35.454041667 ], [ 136.8525, 35.454 ], [ 136.8525, 35.453958333 ], [ 136.8525, 35.453916667 ], [ 136.8525, 35.453875 ], [ 136.8524375, 35.453875 ], [ 136.8524375, 35.453833333 ], [ 136.852375, 35.453833333 ], [ 136.8523125, 35.453833333 ], [ 136.85225, 35.453833333 ], [ 136.8521875, 35.453833333 ], [ 136.852125, 35.453833333 ], [ 136.8520625, 35.453833333 ], [ 136.852, 35.453833333 ], [ 136.8519375, 35.453833333 ], [ 136.8519375, 35.453791667 ], [ 136.851875, 35.453791667 ], [ 136.8518125, 35.453791667 ], [ 136.8518125, 35.45375 ], [ 136.8518125, 35.453708333 ], [ 136.8518125, 35.453666667 ], [ 136.8518125, 35.453625 ], [ 136.8518125, 35.453583333 ], [ 136.8518125, 35.453541667 ], [ 136.85175, 35.453541667 ], [ 136.8516875, 35.453541667 ], [ 136.851625, 35.453541667 ], [ 136.8515625, 35.453541667 ], [ 136.8515, 35.453541667 ], [ 136.8514375, 35.453541667 ], [ 136.851375, 35.453541667 ], [ 136.8513125, 35.453541667 ], [ 136.85125, 35.453541667 ], [ 136.8511875, 35.453541667 ], [ 136.851125, 35.453541667 ], [ 136.8510625, 35.453541667 ], [ 136.851, 35.453541667 ], [ 136.8509375, 35.453541667 ], [ 136.8509375, 35.4535 ], [ 136.8509375, 35.453458333 ], [ 136.8509375, 35.453416667 ], [ 136.8509375, 35.453375 ], [ 136.8509375, 35.453333333 ], [ 136.8509375, 35.453291667 ], [ 136.8509375, 35.45325 ], [ 136.850875, 35.45325 ], [ 136.8508125, 35.45325 ], [ 136.85075, 35.45325 ], [ 136.8506875, 35.45325 ], [ 136.8506875, 35.453291667 ], [ 136.8506875, 35.453333333 ], [ 136.8506875, 35.453375 ], [ 136.8506875, 35.453416667 ], [ 136.8506875, 35.453458333 ], [ 136.8506875, 35.4535 ], [ 136.8506875, 35.453541667 ], [ 136.8506875, 35.453583333 ], [ 136.8506875, 35.453625 ], [ 136.8506875, 35.453666667 ], [ 136.8506875, 35.453708333 ], [ 136.8506875, 35.45375 ], [ 136.850625, 35.45375 ], [ 136.850625, 35.453791667 ], [ 136.8505625, 35.453791667 ], [ 136.8505625, 35.45375 ], [ 136.8505625, 35.453708333 ], [ 136.8505625, 35.453666667 ], [ 136.8505625, 35.453625 ], [ 136.8505625, 35.453583333 ], [ 136.8505625, 35.453541667 ], [ 136.8505625, 35.4535 ], [ 136.8505625, 35.453458333 ], [ 136.8505625, 35.453416667 ], [ 136.8505625, 35.453375 ], [ 136.8505625, 35.453333333 ], [ 136.8505625, 35.453291667 ], [ 136.8505625, 35.45325 ], [ 136.8505625, 35.453208333 ], [ 136.8505, 35.453208333 ], [ 136.8504375, 35.453208333 ], [ 136.850375, 35.453208333 ], [ 136.8503125, 35.453208333 ], [ 136.8503125, 35.45325 ], [ 136.8503125, 35.453291667 ], [ 136.8503125, 35.453333333 ], [ 136.8503125, 35.453375 ], [ 136.8503125, 35.453416667 ], [ 136.8503125, 35.453458333 ], [ 136.8503125, 35.4535 ], [ 136.8503125, 35.453541667 ], [ 136.8503125, 35.453583333 ], [ 136.8503125, 35.453625 ], [ 136.8503125, 35.453666667 ], [ 136.8503125, 35.453708333 ], [ 136.85025, 35.453708333 ], [ 136.85025, 35.45375 ], [ 136.8501875, 35.45375 ], [ 136.850125, 35.45375 ], [ 136.850125, 35.453791667 ], [ 136.8501875, 35.453791667 ], [ 136.85025, 35.453791667 ], [ 136.8503125, 35.453791667 ], [ 136.8503125, 35.453833333 ], [ 136.8503125, 35.453875 ], [ 136.8503125, 35.453916667 ], [ 136.8503125, 35.453958333 ], [ 136.8503125, 35.454 ], [ 136.8503125, 35.454041667 ], [ 136.8503125, 35.454083333 ], [ 136.8503125, 35.454125 ], [ 136.8503125, 35.454166667 ], [ 136.8503125, 35.454208333 ], [ 136.8503125, 35.45425 ], [ 136.8503125, 35.454291667 ], [ 136.85025, 35.454291667 ], [ 136.8501875, 35.454291667 ], [ 136.850125, 35.454291667 ], [ 136.8500625, 35.454291667 ], [ 136.8500625, 35.45425 ], [ 136.8500625, 35.454208333 ], [ 136.8500625, 35.454166667 ], [ 136.8500625, 35.454125 ], [ 136.850125, 35.454125 ], [ 136.8501875, 35.454125 ], [ 136.8501875, 35.454083333 ], [ 136.850125, 35.454083333 ], [ 136.8500625, 35.454083333 ], [ 136.85, 35.454083333 ], [ 136.85, 35.454125 ], [ 136.85, 35.454166667 ], [ 136.85, 35.454208333 ], [ 136.85, 35.45425 ], [ 136.85, 35.454291667 ], [ 136.8499375, 35.454291667 ], [ 136.849875, 35.454291667 ], [ 136.8498125, 35.454291667 ], [ 136.8498125, 35.45425 ], [ 136.8498125, 35.454208333 ], [ 136.8498125, 35.454166667 ], [ 136.8498125, 35.454125 ], [ 136.8498125, 35.454083333 ], [ 136.8498125, 35.454041667 ], [ 136.84975, 35.454041667 ], [ 136.84975, 35.454083333 ], [ 136.84975, 35.454125 ], [ 136.84975, 35.454166667 ], [ 136.84975, 35.454208333 ], [ 136.84975, 35.45425 ], [ 136.8496875, 35.45425 ], [ 136.849625, 35.45425 ], [ 136.8495625, 35.45425 ], [ 136.8495, 35.45425 ], [ 136.8494375, 35.45425 ], [ 136.8494375, 35.454208333 ], [ 136.849375, 35.454208333 ], [ 136.849375, 35.45425 ], [ 136.849375, 35.454291667 ], [ 136.849375, 35.454333333 ], [ 136.8494375, 35.454333333 ], [ 136.8495, 35.454333333 ], [ 136.8495625, 35.454333333 ], [ 136.849625, 35.454333333 ], [ 136.8496875, 35.454333333 ], [ 136.84975, 35.454333333 ], [ 136.8498125, 35.454333333 ], [ 136.849875, 35.454333333 ], [ 136.8499375, 35.454333333 ], [ 136.85, 35.454333333 ], [ 136.8500625, 35.454333333 ], [ 136.850125, 35.454333333 ], [ 136.8501875, 35.454333333 ], [ 136.85025, 35.454333333 ], [ 136.8503125, 35.454333333 ], [ 136.850375, 35.454333333 ], [ 136.850375, 35.454375 ], [ 136.8504375, 35.454375 ], [ 136.8504375, 35.454333333 ], [ 136.8505, 35.454333333 ], [ 136.8505625, 35.454333333 ], [ 136.8505625, 35.454291667 ], [ 136.8505625, 35.45425 ], [ 136.8505625, 35.454208333 ], [ 136.8505625, 35.454166667 ], [ 136.8505625, 35.454125 ], [ 136.850625, 35.454125 ], [ 136.850625, 35.454083333 ], [ 136.8505625, 35.454083333 ], [ 136.8505625, 35.454041667 ], [ 136.8505625, 35.454 ], [ 136.8505625, 35.453958333 ], [ 136.8505625, 35.453916667 ], [ 136.8505625, 35.453875 ], [ 136.850625, 35.453875 ], [ 136.850625, 35.453916667 ], [ 136.850625, 35.453958333 ], [ 136.850625, 35.454 ], [ 136.850625, 35.454041667 ], [ 136.8506875, 35.454041667 ], [ 136.85075, 35.454041667 ], [ 136.8508125, 35.454041667 ], [ 136.850875, 35.454041667 ], [ 136.8509375, 35.454041667 ], [ 136.8509375, 35.454083333 ], [ 136.851, 35.454083333 ], [ 136.851, 35.454125 ], [ 136.851, 35.454166667 ], [ 136.851, 35.454208333 ], [ 136.851, 35.45425 ], [ 136.851, 35.454291667 ], [ 136.851, 35.454333333 ], [ 136.8510625, 35.454333333 ], [ 136.851125, 35.454333333 ], [ 136.8511875, 35.454333333 ], [ 136.85125, 35.454333333 ], [ 136.8513125, 35.454333333 ], [ 136.851375, 35.454333333 ], [ 136.8514375, 35.454333333 ], [ 136.8515, 35.454333333 ], [ 136.8515625, 35.454333333 ], [ 136.851625, 35.454333333 ], [ 136.8516875, 35.454333333 ], [ 136.8516875, 35.454375 ], [ 136.85175, 35.454375 ], [ 136.85175, 35.454333333 ], [ 136.8518125, 35.454333333 ], [ 136.8518125, 35.454291667 ], [ 136.8518125, 35.45425 ], [ 136.8518125, 35.454208333 ], [ 136.8518125, 35.454166667 ], [ 136.8518125, 35.454125 ], [ 136.8518125, 35.454083333 ], [ 136.8518125, 35.454041667 ], [ 136.8518125, 35.454 ], [ 136.8518125, 35.453958333 ], [ 136.8518125, 35.453916667 ], [ 136.8518125, 35.453875 ], [ 136.8518125, 35.453833333 ], [ 136.851875, 35.453833333 ], [ 136.851875, 35.453875 ], [ 136.851875, 35.453916667 ], [ 136.851875, 35.453958333 ], [ 136.851875, 35.454 ], [ 136.851875, 35.454041667 ], [ 136.851875, 35.454083333 ], [ 136.851875, 35.454125 ], [ 136.851875, 35.454166667 ], [ 136.851875, 35.454208333 ], [ 136.851875, 35.45425 ], [ 136.851875, 35.454291667 ], [ 136.851875, 35.454333333 ], [ 136.851875, 35.454375 ], [ 136.8519375, 35.454375 ], [ 136.852, 35.454375 ], [ 136.8520625, 35.454375 ], [ 136.8520625, 35.454333333 ], [ 136.852125, 35.454333333 ], [ 136.852125, 35.454375 ], [ 136.8521875, 35.454375 ], [ 136.85225, 35.454375 ], [ 136.8523125, 35.454375 ], [ 136.852375, 35.454375 ], [ 136.8524375, 35.454375 ], [ 136.8525, 35.454375 ], [ 136.8525, 35.454333333 ] ], [ [ 136.85225, 35.454041667 ], [ 136.85225, 35.454 ], [ 136.8523125, 35.454 ], [ 136.8523125, 35.454041667 ], [ 136.8523125, 35.454083333 ], [ 136.8523125, 35.454125 ], [ 136.8523125, 35.454166667 ], [ 136.85225, 35.454166667 ], [ 136.85225, 35.454125 ], [ 136.85225, 35.454083333 ], [ 136.85225, 35.454041667 ] ] ] } },
{ "type": "Feature", "properties": { "A31a_101": "8505090063", "A31a_102": "山田川", "A31a_103": "21", "A31a_104": "岐阜県", "A31a_105": 1 }, "geometry": { "type": "Polygon", "coordinates": [ [ [ 136.85175, 35.454958333 ], [ 136.8518125, 35.454958333 ], [ 136.8518125, 35.454916667 ], [ 136.85175, 35.454916667 ], [ 136.85175, 35.454958333 ] ] ] } },
{ "type": "Feature", "properties": { "A31a_101": "8505090063", "A31a_102": "山田川", "A31a_103": "21", "A31a_104": "岐阜県", "A31a_105": 1 }, "geometry": { "type": "Polygon", "coordinates": [ [ [ 136.8505, 35.454916667 ], [ 136.8505, 35.454875 ], [ 136.8504375, 35.454875 ], [ 136.850375, 35.454875 ], [ 136.8503125, 35.454875 ], [ 136.8503125, 35.454916667 ], [ 136.850375, 35.454916667 ], [ 136.850375, 35.454958333 ], [ 136.8504375, 35.454958333 ], [ 136.8505, 35.454958333 ], [ 136.8505, 35.454916667 ] ] ] } },
{ "type": "Feature", "properties": { "A31a_101": "8505090063", "A31a_102": "山田川", "A31a_103": "21", "A31a_104": "岐阜県", "A31a_105": 1 }, "geometry": { "type": "Polygon", "coordinates": [ [ [ 136.853125, 35.455 ], [ 136.853125, 35.454958333 ], [ 136.8530625, 35.454958333 ], [ 136.8530625, 35.455 ], [ 136.853, 35.455 ], [ 136.8529375, 35.455 ], [ 136.8529375, 35.455041667 ], [ 136.853, 35.455041667 ], [ 136.8530625, 35.455041667 ], [ 136.853125, 35.455041667 ], [ 136.853125, 35.455 ] ] ] } },
{ "type": "Feature", "properties": { "A31a_101": "8505090063", "A31a_102": "山田川", "A31a_103": "21", "A31a_104": "岐阜県", "A31a_105": 1 }, "geometry": { "type": "Polygon", "coordinates": [ [ [ 136.8788125, 35.455291667 ], [ 136.878875, 35.455291667 ], [ 136.8789375, 35.455291667 ], [ 136.879, 35.455291667 ], [ 136.8790625, 35.455291667 ], [ 136.8790625, 35.45525 ], [ 136.879, 35.45525 ], [ 136.8789375, 35.45525 ], [ 136.878875, 35.45525 ], [ 136.8788125, 35.45525 ], [ 136.8788125, 35.455291667 ] ] ] } },
{ "type": "Feature", "properties": { "A31a_101": "8505090063", "A31a_102": "山田川", "A31a_103": "21", "A31a_104": "岐阜県", "A31a_105": 1 }, "geometry": { "type": "Polygon", "coordinates": [ [ [ 136.8788125, 35.455291667 ], [ 136.87875, 35.455291667 ], [ 136.8786875, 35.455291667 ], [ 136.8786875, 35.455333333 ], [ 136.87875, 35.455333333 ], [ 136.8788125, 35.455333333 ], [ 136.8788125, 35.455291667 ] ] ] } },
{ "type": "Feature", "properties": { "A31a_101": "8505090063", "A31a_102": "山田川", "A31a_103": "21", "A31a_104": "岐阜県", "A31a_105": 1 }, "geometry": { "type": "Polygon", "coordinates": [ [ [ 136.8785625, 35.455416667 ], [ 136.8785625, 35.455375 ], [ 136.8785, 35.455375 ], [ 136.8785, 35.455416667 ], [ 136.8785625, 35.455416667 ] ] ] } },
{ "type": "Feature", "properties": { "A31a_101": "8505090063", "A31a_102": "山田川", "A31a_103": "21", "A31a_104": "岐阜県", "A31a_105": 1 }, "geometry": { "type": "Polygon", "coordinates": [ [ [ 136.8519375, 35.4555 ], [ 136.852, 35.4555 ], [ 136.852, 35.455458333 ], [ 136.8519375, 35.455458333 ], [ 136.8519375, 35.4555 ] ] ] } },
{ "type": "Feature", "properties": { "A31a_101": "8505090063", "A31a_102": "山田川", "A31a_103": "21", "A31a_104": "岐阜県", "A31a_105": 1 }, "geometry": { "type": "Polygon", "coordinates": [ [ [ 136.8519375, 35.4555 ], [ 136.851875, 35.4555 ], [ 136.8518125, 35.4555 ], [ 136.85175, 35.4555 ], [ 136.8516875, 35.4555 ], [ 136.851625, 35.4555 ], [ 136.8515625, 35.4555 ], [ 136.8515625, 35.455541667 ], [ 136.851625, 35.455541667 ], [ 136.8516875, 35.455541667 ], [ 136.85175, 35.455541667 ], [ 136.8518125, 35.455541667 ], [ 136.851875, 35.455541667 ], [ 136.8519375, 35.455541667 ], [ 136.8519375, 35.4555 ] ] ] } },
{ "type": "Feature", "properties": { "A31a_101": "8505090063", "A31a_102": "山田川", "A31a_103": "21", "A31a_104": "岐阜県", "A31a_105": 1 }, "geometry": { "type": "Polygon", "coordinates": [ [ [ 136.8518125, 35.454958333 ], [ 136.8518125, 35.455 ], [ 136.85175, 35.455 ], [ 136.85175, 35.454958333 ], [ 136.8516875, 35.454958333 ], [ 136.8516875, 35.455 ], [ 136.851625, 35.455 ], [ 136.8515625, 35.455 ], [ 136.8515625, 35.454958333 ], [ 136.851625, 35.454958333 ], [ 136.8516875, 35.454958333 ], [ 136.8516875, 35.454916667 ], [ 136.851625, 35.454916667 ], [ 136.851625, 35.454875 ], [ 136.851625, 35.454833333 ], [ 136.851625, 35.454791667 ], [ 136.851625, 35.45475 ], [ 136.851625, 35.454708333 ], [ 136.8516875, 35.454708333 ], [ 136.8516875, 35.454666667 ], [ 136.851625, 35.454666667 ], [ 136.851625, 35.454625 ], [ 136.851625, 35.454583333 ], [ 136.8516875, 35.454583333 ], [ 136.8516875, 35.454541667 ], [ 136.8516875, 35.4545 ], [ 136.8516875, 35.454458333 ], [ 136.8516875, 35.454416667 ], [ 136.851625, 35.454416667 ], [ 136.8515625, 35.454416667 ], [ 136.8515, 35.454416667 ], [ 136.8514375, 35.454416667 ], [ 136.851375, 35.454416667 ], [ 136.8513125, 35.454416667 ], [ 136.85125, 35.454416667 ], [ 136.85125, 35.454375 ], [ 136.8511875, 35.454375 ], [ 136.851125, 35.454375 ], [ 136.8510625, 35.454375 ], [ 136.851, 35.454375 ], [ 136.8509375, 35.454375 ], [ 136.850875, 35.454375 ], [ 136.8508125, 35.454375 ], [ 136.85075, 35.454375 ], [ 136.8506875, 35.454375 ], [ 136.850625, 35.454375 ], [ 136.850625, 35.454416667 ], [ 136.8505625, 35.454416667 ], [ 136.8505625, 35.454458333 ], [ 136.8505625, 35.4545 ], [ 136.8505625, 35.454541667 ], [ 136.8505625, 35.454583333 ], [ 136.8505625, 35.454625 ], [ 136.8505625, 35.454666667 ], [ 136.8505625, 35.454708333 ], [ 136.8505625, 35.45475 ], [ 136.8505625, 35.454791667 ], [ 136.8505625, 35.454833333 ], [ 136.8505625, 35.454875 ], [ 136.8505625, 35.454916667 ], [ 136.8505625, 35.454958333 ], [ 136.8505625, 35.455 ], [ 136.8505625, 35.455041667 ], [ 136.8505625, 35.455083333 ], [ 136.8505625, 35.455125 ], [ 136.8505625, 35.455166667 ], [ 136.8505625, 35.455208333 ], [ 136.8505625, 35.45525 ], [ 136.8505625, 35.455291667 ], [ 136.8505625, 35.455333333 ], [ 136.8505625, 35.455375 ], [ 136.8505625, 35.455416667 ], [ 136.8505625, 35.455458333 ], [ 136.850625, 35.455458333 ], [ 136.8506875, 35.455458333 ], [ 136.85075, 35.455458333 ], [ 136.8508125, 35.455458333 ], [ 136.850875, 35.455458333 ], [ 136.850875, 35.455416667 ], [ 136.8509375, 35.455416667 ], [ 136.8509375, 35.455458333 ], [ 136.851, 35.455458333 ], [ 136.8510625, 35.455458333 ], [ 136.851125, 35.455458333 ], [ 136.8511875, 35.455458333 ], [ 136.8511875, 35.4555 ], [ 136.85125, 35.4555 ], [ 136.8513125, 35.4555 ], [ 136.8513125, 35.455458333 ], [ 136.851375, 35.455458333 ], [ 136.851375, 35.4555 ], [ 136.8514375, 35.4555 ], [ 136.8515, 35.4555 ], [ 136.8515625, 35.4555 ], [ 136.8515625, 35.455458333 ], [ 136.8515625, 35.455416667 ], [ 136.851625, 35.455416667 ], [ 136.8516875, 35.455416667 ], [ 136.85175, 35.455416667 ], [ 136.8518125, 35.455416667 ], [ 136.851875, 35.455416667 ], [ 136.8519375, 35.455416667 ], [ 136.852, 35.455416667 ], [ 136.8520625, 35.455416667 ], [ 136.852125, 35.455416667 ], [ 136.8521875, 35.455416667 ], [ 136.8521875, 35.455458333 ], [ 136.852125, 35.455458333 ], [ 136.852125, 35.4555 ], [ 136.8520625, 35.4555 ], [ 136.852, 35.4555 ], [ 136.852, 35.455541667 ], [ 136.8520625, 35.455541667 ], [ 136.852125, 35.455541667 ], [ 136.8521875, 35.455541667 ], [ 136.85225, 35.455541667 ], [ 136.8523125, 35.455541667 ], [ 136.852375, 35.455541667 ], [ 136.8524375, 35.455541667 ], [ 136.8525, 35.455541667 ], [ 136.8525625, 35.455541667 ], [ 136.852625, 35.455541667 ], [ 136.8526875, 35.455541667 ], [ 136.85275, 35.455541667 ], [ 136.8528125, 35.455541667 ], [ 136.8528125, 35.4555 ], [ 136.8528125, 35.455458333 ], [ 136.8528125, 35.455416667 ], [ 136.8528125, 35.455375 ], [ 136.8528125, 35.455333333 ], [ 136.8528125, 35.455291667 ], [ 136.8528125, 35.45525 ], [ 136.8528125, 35.455208333 ], [ 136.8528125, 35.455166667 ], [ 136.8528125, 35.455125 ], [ 136.8528125, 35.455083333 ], [ 136.8528125, 35.455041667 ], [ 136.8528125, 35.455 ], [ 136.85275, 35.455 ], [ 136.8526875, 35.455 ], [ 136.852625, 35.455 ], [ 136.8525625, 35.455 ], [ 136.8525, 35.455 ], [ 136.8525, 35.454958333 ], [ 136.8525625, 35.454958333 ], [ 136.852625, 35.454958333 ], [ 136.8526875, 35.454958333 ], [ 136.85275, 35.454958333 ], [ 136.85275, 35.454916667 ], [ 136.85275, 35.454875 ], [ 136.85275, 35.454833333 ], [ 136.85275, 35.454791667 ], [ 136.85275, 35.45475 ], [ 136.85275, 35.454708333 ], [ 136.85275, 35.454666667 ], [ 136.85275, 35.454625 ], [ 136.85275, 35.454583333 ], [ 136.85275, 35.454541667 ], [ 136.85275, 35.4545 ], [ 136.85275, 35.454458333 ], [ 136.8526875, 35.454458333 ], [ 136.852625, 35.454458333 ], [ 136.8525625, 35.454458333 ], [ 136.8525, 35.454458333 ], [ 136.8524375, 35.454458333 ], [ 136.852375, 35.454458333 ], [ 136.8523125, 35.454458333 ], [ 136.85225, 35.454458333 ], [ 136.85225, 35.454416667 ], [ 136.8521875, 35.454416667 ], [ 136.852125, 35.454416667 ], [ 136.8520625, 35.454416667 ], [ 136.852, 35.454416667 ], [ 136.8519375, 35.454416667 ], [ 136.851875, 35.454416667 ], [ 136.851875, 35.454458333 ], [ 136.851875, 35.4545 ], [ 136.851875, 35.454541667 ], [ 136.851875, 35.454583333 ], [ 136.851875, 35.454625 ], [ 136.851875, 35.454666667 ], [ 136.851875, 35.454708333 ], [ 136.851875, 35.45475 ], [ 136.851875, 35.454791667 ], [ 136.851875, 35.454833333 ], [ 136.851875, 35.454875 ], [ 136.851875, 35.454916667 ], [ 136.8519375, 35.454916667 ], [ 136.852, 35.454916667 ], [ 136.8520625, 35.454916667 ], [ 136.8520625, 35.454958333 ], [ 136.852, 35.454958333 ], [ 136.8519375, 35.454958333 ], [ 136.851875, 35.454958333 ], [ 136.8518125, 35.454958333 ] ], [ [ 136.8521875, 35.454916667 ], [ 136.8521875, 35.454875 ], [ 136.8521875, 35.454833333 ], [ 136.8521875, 35.454791667 ], [ 136.8521875, 35.45475 ], [ 136.8521875, 35.454708333 ], [ 136.85225, 35.454708333 ], [ 136.8523125, 35.454708333 ], [ 136.8523125, 35.45475 ], [ 136.8523125, 35.454791667 ], [ 136.8523125, 35.454833333 ], [ 136.8523125, 35.454875 ], [ 136.8523125, 35.454916667 ], [ 136.8523125, 35.454958333 ], [ 136.85225, 35.454958333 ], [ 136.8521875, 35.454958333 ], [ 136.8521875, 35.454916667 ] ], [ [ 136.852375, 35.454666667 ], [ 136.852375, 35.454625 ], [ 136.8524375, 35.454625 ], [ 136.8524375, 35.454666667 ], [ 136.852375, 35.454666667 ] ], [ [ 136.851125, 35.455083333 ], [ 136.851125, 35.455125 ], [ 136.851125, 35.455166667 ], [ 136.851125, 35.455208333 ], [ 136.851125, 35.45525 ], [ 136.8510625, 35.45525 ], [ 136.8510625, 35.455208333 ], [ 136.851, 35.455208333 ], [ 136.851, 35.45525 ], [ 136.851, 35.455291667 ], [ 136.8509375, 35.455291667 ], [ 136.8509375, 35.45525 ], [ 136.8509375, 35.455208333 ], [ 136.8509375, 35.455166667 ], [ 136.8509375, 35.455125 ], [ 136.8509375, 35.455083333 ], [ 136.8509375, 35.455041667 ], [ 136.8509375, 35.455 ], [ 136.8509375, 35.454958333 ], [ 136.850875, 35.454958333 ], [ 136.8508125, 35.454958333 ], [ 136.85075, 35.454958333 ], [ 136.8506875, 35.454958333 ], [ 136.850625, 35.454958333 ], [ 136.850625, 35.454916667 ], [ 136.8506875, 35.454916667 ], [ 136.85075, 35.454916667 ], [ 136.8508125, 35.454916667 ], [ 136.850875, 35.454916667 ], [ 136.8509375, 35.454916667 ], [ 136.851, 35.454916667 ], [ 136.851, 35.454958333 ], [ 136.8510625, 35.454958333 ], [ 136.851125, 35.454958333 ], [ 136.851125, 35.454916667 ], [ 136.8511875, 35.454916667 ], [ 136.85125, 35.454916667 ], [ 136.85125, 35.454958333 ], [ 136.8511875, 35.454958333 ], [ 136.8511875, 35.455 ], [ 136.851125, 35.455 ], [ 136.851125, 35.455041667 ], [ 136.851125, 35.455083333 ] ], [ [ 136.852625, 35.455208333 ], [ 136.852625, 35.455166667 ], [ 136.8526875, 35.455166667 ], [ 136.8526875, 35.455208333 ], [ 136.852625, 35.455208333 ] ], [ [ 136.8525, 35.455125 ], [ 136.8525, 35.455083333 ], [ 136.8525625, 35.455083333 ], [ 136.8525625, 35.455125 ], [ 136.8525, 35.455125 ] ], [ [ 136.85225, 35.455416667 ], [ 136.8523125, 35.455416667 ], [ 136.852375, 35.455416667 ], [ 136.852375, 35.455458333 ], [ 136.852375, 35.4555 ], [ 136.8523125, 35.4555 ], [ 136.8523125, 35.455458333 ], [ 136.85225, 35.455458333 ], [ 136.85225, 35.455416667 ] ] ] } },
{ "type": "Feature", "properties": { "A31a_101": "8505090063", "A31a_102": "山田川", "A31a_103": "21", "A31a_104": "岐阜県", "A31a_105": 1 }, "geometry": { "type": "Polygon", "coordinates": [ [ [ 136.8785625, 35.455416667 ], [ 136.8785625, 35.455458333 ], [ 136.8785625, 35.4555 ], [ 136.8785, 35.4555 ], [ 136.8784375, 35.4555 ], [ 136.878375, 35.4555 ], [ 136.878375, 35.455541667 ], [ 136.8783125, 35.455541667 ], [ 136.8783125, 35.455583333 ], [ 136.87825, 35.455583333 ], [ 136.87825, 35.455625 ], [ 136.8783125, 35.455625 ], [ 136.878375, 35.455625 ], [ 136.878375, 35.455583333 ], [ 136.8784375, 35.455583333 ], [ 136.8785, 35.455583333 ], [ 136.8785625, 35.455583333 ], [ 136.8785625, 35.455541667 ], [ 136.878625, 35.455541667 ], [ 136.8786875, 35.455541667 ], [ 136.87875, 35.455541667 ], [ 136.87875, 35.4555 ], [ 136.8788125, 35.4555 ], [ 136.878875, 35.4555 ], [ 136.878875, 35.455541667 ], [ 136.878875, 35.455583333 ], [ 136.8789375, 35.455583333 ], [ 136.8789375, 35.455541667 ], [ 136.879, 35.455541667 ], [ 136.879, 35.455583333 ], [ 136.8790625, 35.455583333 ], [ 136.8790625, 35.455541667 ], [ 136.8790625, 35.4555 ], [ 136.879125, 35.4555 ], [ 136.879125, 35.455458333 ], [ 136.8790625, 35.455458333 ], [ 136.8790625, 35.455416667 ], [ 136.879, 35.455416667 ], [ 136.8789375, 35.455416667 ], [ 136.878875, 35.455416667 ], [ 136.8788125, 35.455416667 ], [ 136.87875, 35.455416667 ], [ 136.8786875, 35.455416667 ], [ 136.878625, 35.455416667 ], [ 136.8785625, 35.455416667 ] ] ] } },
{ "type": "Feature", "properties": { "A31a_101": "8505090063", "A31a_102": "山田川", "A31a_103": "21", "A31a_104": "岐阜県", "A31a_105": 1 }, "geometry": { "type": "Polygon", "coordinates": [ [ [ 136.848, 35.455666667 ], [ 136.8479375, 35.455666667 ], [ 136.8479375, 35.455708333 ], [ 136.848, 35.455708333 ], [ 136.848, 35.455666667 ] ] ] } },
{ "type": "Feature", "properties": { "A31a_101": "8505090063", "A31a_102": "山田川", "A31a_103": "21", "A31a_104": "岐阜県", "A31a_105": 1 }, "geometry": { "type": "Polygon", "coordinates": [ [ [ 136.8780625, 35.45575 ], [ 136.878, 35.45575 ], [ 136.878, 35.455791667 ], [ 136.8780625, 35.455791667 ], [ 136.8780625, 35.45575 ] ] ] } },
{ "type": "Feature", "properties": { "A31a_101": "8505090063", "A31a_102": "山田川", "A31a_103": "21", "A31a_104": "岐阜県", "A31a_105": 1 }, "geometry": { "type": "Polygon", "coordinates": [ [ [ 136.878375, 35.455791667 ], [ 136.878375, 35.45575 ], [ 136.8783125, 35.45575 ], [ 136.8783125, 35.455708333 ], [ 136.87825, 35.455708333 ], [ 136.8781875, 35.455708333 ], [ 136.8781875, 35.45575 ], [ 136.8781875, 35.455791667 ], [ 136.87825, 35.455791667 ], [ 136.8783125, 35.455791667 ], [ 136.878375, 35.455791667 ] ] ] } },
{ "type": "Feature", "properties": { "A31a_101": "8505090063", "A31a_102": "山田川", "A31a_103": "21", "A31a_104": "岐阜県", "A31a_105": 1 }, "geometry": { "type": "Polygon", "coordinates": [ [ [ 136.8479375, 35.455791667 ], [ 136.847875, 35.455791667 ], [ 136.847875, 35.455833333 ], [ 136.8479375, 35.455833333 ], [ 136.8479375, 35.455791667 ] ] ] } },
{ "type": "Feature", "properties": { "A31a_101": "8505090063", "A31a_102": "山田川", "A31a_103": "21", "A31a_104": "岐阜県", "A31a_105": 1 }, "geometry": { "type": "Polygon", "coordinates": [ [ [ 136.8784375, 35.455791667 ], [ 136.878375, 35.455791667 ], [ 136.878375, 35.455833333 ], [ 136.8784375, 35.455833333 ], [ 136.8784375, 35.455791667 ] ] ] } },
{ "type": "Feature", "properties": { "A31a_101": "8505090063", "A31a_102": "山田川", "A31a_103": "21", "A31a_104": "岐阜県", "A31a_105": 1 }, "geometry": { "type": "Polygon", "coordinates": [ [ [ 136.8484375, 35.455791667 ], [ 136.848375, 35.455791667 ], [ 136.848375, 35.455833333 ], [ 136.848375, 35.455875 ], [ 136.848375, 35.455916667 ], [ 136.8484375, 35.455916667 ], [ 136.8484375, 35.455875 ], [ 136.8484375, 35.455833333 ], [ 136.8484375, 35.455791667 ] ] ] } },
{ "type": "Feature", "properties": { "A31a_101": "8505090063", "A31a_102": "山田川", "A31a_103": "21", "A31a_104": "岐阜県", "A31a_105": 1 }, "geometry": { "type": "Polygon", "coordinates": [ [ [ 136.877875, 35.455875 ], [ 136.8778125, 35.455875 ], [ 136.8778125, 35.455916667 ], [ 136.877875, 35.455916667 ], [ 136.877875, 35.455875 ] ] ] } },
{ "type": "Feature", "properties": { "A31a_101": "8505090063", "A31a_102": "山田川", "A31a_103": "21", "A31a_104": "岐阜県", "A31a_105": 1 }, "geometry": { "type": "Polygon", "coordinates": [ [ [ 136.8776875, 35.455958333 ], [ 136.877625, 35.455958333 ], [ 136.877625, 35.456 ], [ 136.8776875, 35.456 ], [ 136.8776875, 35.455958333 ] ] ] } },
{ "type": "Feature", "properties": { "A31a_101": "8505090063", "A31a_102": "山田川", "A31a_103": "21", "A31a_104": "岐阜県", "A31a_105": 1 }, "geometry": { "type": "Polygon", "coordinates": [ [ [ 136.848375, 35.455958333 ], [ 136.8483125, 35.455958333 ], [ 136.8483125, 35.456 ], [ 136.8483125, 35.456041667 ], [ 136.848375, 35.456041667 ], [ 136.848375, 35.456 ], [ 136.848375, 35.455958333 ] ] ] } },
{ "type": "Feature", "properties": { "A31a_101": "8505090063", "A31a_102": "山田川", "A31a_103": "21", "A31a_104": "岐阜県", "A31a_105": 1 }, "geometry": { "type": "Polygon", "coordinates": [ [ [ 136.850625, 35.456 ], [ 136.850625, 35.455958333 ], [ 136.850625, 35.455916667 ], [ 136.850625, 35.455875 ], [ 136.850625, 35.455833333 ], [ 136.8506875, 35.455833333 ], [ 136.8506875, 35.455791667 ], [ 136.8506875, 35.45575 ], [ 136.8506875, 35.455708333 ], [ 136.8506875, 35.455666667 ], [ 136.8506875, 35.455625 ], [ 136.850625, 35.455625 ], [ 136.850625, 35.455666667 ], [ 136.8505625, 35.455666667 ], [ 136.8505625, 35.455708333 ], [ 136.850625, 35.455708333 ], [ 136.850625, 35.45575 ], [ 136.8505625, 35.45575 ], [ 136.8505, 35.45575 ], [ 136.8505, 35.455708333 ], [ 136.8505, 35.455666667 ], [ 136.8505, 35.455625 ], [ 136.8504375, 35.455625 ], [ 136.850375, 35.455625 ], [ 136.8503125, 35.455625 ], [ 136.85025, 35.455625 ], [ 136.85025, 35.455666667 ], [ 136.8503125, 35.455666667 ], [ 136.850375, 35.455666667 ], [ 136.850375, 35.455708333 ], [ 136.850375, 35.45575 ], [ 136.8504375, 35.45575 ], [ 136.8504375, 35.455791667 ], [ 136.8504375, 35.455833333 ], [ 136.8505, 35.455833333 ], [ 136.8505, 35.455875 ], [ 136.8504375, 35.455875 ], [ 136.8504375, 35.455916667 ], [ 136.8504375, 35.455958333 ], [ 136.8504375, 35.456 ], [ 136.8505, 35.456 ], [ 136.8505, 35.456041667 ], [ 136.8505625, 35.456041667 ], [ 136.850625, 35.456041667 ], [ 136.850625, 35.456 ] ] ] } },
{ "type": "Feature", "properties": { "A31a_101": "8505090063", "A31a_102": "山田川", "A31a_103": "21", "A31a_104": "岐阜県", "A31a_105": 1 }, "geometry": { "type": "Polygon", "coordinates": [ [ [ 136.8775, 35.456083333 ], [ 136.8775625, 35.456083333 ], [ 136.8775625, 35.456041667 ], [ 136.8775, 35.456041667 ], [ 136.8775, 35.456083333 ] ] ] } },
{ "type": "Feature", "properties": { "A31a_101": "8505090063", "A31a_102": "山田川", "A31a_103": "21", "A31a_104": "岐阜県", "A31a_105": 1 }, "geometry": { "type": "Polygon", "coordinates": [ [ [ 136.85425, 35.456083333 ], [ 136.8541875, 35.456083333 ], [ 136.8541875, 35.456125 ], [ 136.85425, 35.456125 ], [ 136.8543125, 35.456125 ], [ 136.8543125, 35.456083333 ], [ 136.85425, 35.456083333 ] ] ] } },
{ "type": "Feature", "properties": { "A31a_101": "8505090063", "A31a_102": "山田川", "A31a_103": "21", "A31a_104": "岐阜県", "A31a_105": 1 }, "geometry": { "type": "Polygon", "coordinates": [ [ [ 136.8775, 35.456083333 ], [ 136.8774375, 35.456083333 ], [ 136.877375, 35.456083333 ], [ 136.877375, 35.456125 ], [ 136.8774375, 35.456125 ], [ 136.8775, 35.456125 ], [ 136.8775, 35.456083333 ] ] ] } },
{ "type": "Feature", "properties": { "A31a_101": "8505090063", "A31a_102": "山田川", "A31a_103": "21", "A31a_104": "岐阜県", "A31a_105": 1 }, "geometry": { "type": "Polygon", "coordinates": [ [ [ 136.8775625, 35.456083333 ], [ 136.8775625, 35.456125 ], [ 136.877625, 35.456125 ], [ 136.877625, 35.456083333 ], [ 136.8775625, 35.456083333 ] ] ] } },
{ "type": "Feature", "properties": { "A31a_101": "8505090063", "A31a_102": "山田川", "A31a_103": "21", "A31a_104": "岐阜県", "A31a_105": 1 }, "geometry": { "type": "Polygon", "coordinates": [ [ [ 136.8505, 35.456166667 ], [ 136.8505, 35.456125 ], [ 136.8504375, 35.456125 ], [ 136.8504375, 35.456083333 ], [ 136.8504375, 35.456041667 ], [ 136.850375, 35.456041667 ], [ 136.8503125, 35.456041667 ], [ 136.8503125, 35.456083333 ], [ 136.850375, 35.456083333 ], [ 136.850375, 35.456125 ], [ 136.850375, 35.456166667 ], [ 136.8504375, 35.456166667 ], [ 136.8505, 35.456166667 ] ] ] } },
{ "type": "Feature", "properties": { "A31a_101": "8505090063", "A31a_102": "山田川", "A31a_103": "21", "A31a_104": "岐阜県", "A31a_105": 1 }, "geometry": { "type": "Polygon", "coordinates": [ [ [ 136.8580625, 35.456166667 ], [ 136.858125, 35.456166667 ], [ 136.8581875, 35.456166667 ], [ 136.85825, 35.456166667 ], [ 136.85825, 35.456125 ], [ 136.8583125, 35.456125 ], [ 136.858375, 35.456125 ], [ 136.8584375, 35.456125 ], [ 136.8585, 35.456125 ], [ 136.8585625, 35.456125 ], [ 136.8585625, 35.456083333 ], [ 136.8585625, 35.456041667 ], [ 136.8585625, 35.456 ], [ 136.8585625, 35.455958333 ], [ 136.8585625, 35.455916667 ], [ 136.8585625, 35.455875 ], [ 136.8585625, 35.455833333 ], [ 136.8585625, 35.455791667 ], [ 136.8585, 35.455791667 ], [ 136.8584375, 35.455791667 ], [ 136.858375, 35.455791667 ], [ 136.858375, 35.455833333 ], [ 136.8583125, 35.455833333 ], [ 136.85825, 35.455833333 ], [ 136.8581875, 35.455833333 ], [ 136.858125, 35.455833333 ], [ 136.858125, 35.455875 ], [ 136.8580625, 35.455875 ], [ 136.8580625, 35.455916667 ], [ 136.8580625, 35.455958333 ], [ 136.8580625, 35.456 ], [ 136.8580625, 35.456041667 ], [ 136.8580625, 35.456083333 ], [ 136.858, 35.456083333 ], [ 136.858, 35.456125 ], [ 136.8580625, 35.456125 ], [ 136.8580625, 35.456166667 ] ] ] } },
{ "type": "Feature", "properties": { "A31a_101": "8505090063", "A31a_102": "山田川", "A31a_103": "21", "A31a_104": "岐阜県", "A31a_105": 1 }, "geometry": { "type": "Polygon", "coordinates": [ [ [ 136.8485, 35.456166667 ], [ 136.8484375, 35.456166667 ], [ 136.8484375, 35.456208333 ], [ 136.8485, 35.456208333 ], [ 136.8485, 35.456166667 ] ] ] } },
{ "type": "Feature", "properties": { "A31a_101": "8505090063", "A31a_102": "山田川", "A31a_103": "21", "A31a_104": "岐阜県", "A31a_105": 1 }, "geometry": { "type": "Polygon", "coordinates": [ [ [ 136.8586875, 35.456166667 ], [ 136.858625, 35.456166667 ], [ 136.858625, 35.456208333 ], [ 136.8586875, 35.456208333 ], [ 136.85875, 35.456208333 ], [ 136.85875, 35.456166667 ], [ 136.8586875, 35.456166667 ] ] ] } },
{ "type": "Feature", "properties": { "A31a_101": "8505090063", "A31a_102": "山田川", "A31a_103": "21", "A31a_104": "岐阜県", "A31a_105": 1 }, "geometry": { "type": "Polygon", "coordinates": [ [ [ 136.878, 35.456041667 ], [ 136.8780625, 35.456041667 ], [ 136.878125, 35.456041667 ], [ 136.878125, 35.456083333 ], [ 136.878125, 35.456125 ], [ 136.8781875, 35.456125 ], [ 136.8781875, 35.456166667 ], [ 136.87825, 35.456166667 ], [ 136.8783125, 35.456166667 ], [ 136.8783125, 35.456208333 ], [ 136.878375, 35.456208333 ], [ 136.878375, 35.456166667 ], [ 136.8784375, 35.456166667 ], [ 136.8784375, 35.456125 ], [ 136.8784375, 35.456083333 ], [ 136.8784375, 35.456041667 ], [ 136.878375, 35.456041667 ], [ 136.878375, 35.456 ], [ 136.878375, 35.455958333 ], [ 136.878375, 35.455916667 ], [ 136.8783125, 35.455916667 ], [ 136.8783125, 35.455875 ], [ 136.8783125, 35.455833333 ], [ 136.87825, 35.455833333 ], [ 136.8781875, 35.455833333 ], [ 136.878125, 35.455833333 ], [ 136.8780625, 35.455833333 ], [ 136.878, 35.455833333 ], [ 136.8779375, 35.455833333 ], [ 136.8779375, 35.455875 ], [ 136.8779375, 35.455916667 ], [ 136.878, 35.455916667 ], [ 136.878, 35.455958333 ], [ 136.878, 35.456 ], [ 136.878, 35.456041667 ] ] ] } },
{ "type": "Feature", "properties": { "A31a_101": "8505090063", "A31a_102": "山田川", "A31a_103": "21", "A31a_104": "岐阜県", "A31a_105": 1 }, "geometry": { "type": "Polygon", "coordinates": [ [ [ 136.848125, 35.456208333 ], [ 136.8480625, 35.456208333 ], [ 136.8480625, 35.45625 ], [ 136.848125, 35.45625 ], [ 136.8481875, 35.45625 ], [ 136.8481875, 35.456208333 ], [ 136.848125, 35.456208333 ] ] ] } },
{ "type": "Feature", "properties": { "A31a_101": "8505090063", "A31a_102": "山田川", "A31a_103": "21", "A31a_104": "岐阜県", "A31a_105": 1 }, "geometry": { "type": "Polygon", "coordinates": [ [ [ 136.852625, 35.45625 ], [ 136.8526875, 35.45625 ], [ 136.8526875, 35.456208333 ], [ 136.8526875, 35.456166667 ], [ 136.8526875, 35.456125 ], [ 136.8526875, 35.456083333 ], [ 136.8526875, 35.456041667 ], [ 136.85275, 35.456041667 ], [ 136.85275, 35.456083333 ], [ 136.8528125, 35.456083333 ], [ 136.852875, 35.456083333 ], [ 136.8529375, 35.456083333 ], [ 136.853, 35.456083333 ], [ 136.8530625, 35.456083333 ], [ 136.853125, 35.456083333 ], [ 136.853125, 35.456041667 ], [ 136.8530625, 35.456041667 ], [ 136.853, 35.456041667 ], [ 136.853, 35.456 ], [ 136.853, 35.455958333 ], [ 136.853, 35.455916667 ], [ 136.853, 35.455875 ], [ 136.853, 35.455833333 ], [ 136.8529375, 35.455833333 ], [ 136.852875, 35.455833333 ], [ 136.8528125, 35.455833333 ], [ 136.85275, 35.455833333 ], [ 136.85275, 35.455791667 ], [ 136.8528125, 35.455791667 ], [ 136.8528125, 35.45575 ], [ 136.8528125, 35.455708333 ], [ 136.85275, 35.455708333 ], [ 136.85275, 35.455666667 ], [ 136.8526875, 35.455666667 ], [ 136.852625, 35.455666667 ], [ 136.8525625, 35.455666667 ], [ 136.8525, 35.455666667 ], [ 136.8525, 35.455708333 ], [ 136.8524375, 35.455708333 ], [ 136.8524375, 35.455666667 ], [ 136.852375, 35.455666667 ], [ 136.852375, 35.455625 ], [ 136.8523125, 35.455625 ], [ 136.85225, 35.455625 ], [ 136.8521875, 35.455625 ], [ 136.852125, 35.455625 ], [ 136.8520625, 35.455625 ], [ 136.852, 35.455625 ], [ 136.8519375, 35.455625 ], [ 136.851875, 35.455625 ], [ 136.8518125, 35.455625 ], [ 136.8518125, 35.455666667 ], [ 136.8518125, 35.455708333 ], [ 136.85175, 35.455708333 ], [ 136.85175, 35.455666667 ], [ 136.85175, 35.455625 ], [ 136.8516875, 35.455625 ], [ 136.8516875, 35.455583333 ], [ 136.851625, 35.455583333 ], [ 136.8515625, 35.455583333 ], [ 136.8515625, 35.455625 ], [ 136.8515625, 35.455666667 ], [ 136.8515625, 35.455708333 ], [ 136.8515625, 35.45575 ], [ 136.851625, 35.45575 ], [ 136.8516875, 35.45575 ], [ 136.85175, 35.45575 ], [ 136.8518125, 35.45575 ], [ 136.851875, 35.45575 ], [ 136.8519375, 35.45575 ], [ 136.852, 35.45575 ], [ 136.8520625, 35.45575 ], [ 136.8520625, 35.455791667 ], [ 136.852125, 35.455791667 ], [ 136.8521875, 35.455791667 ], [ 136.85225, 35.455791667 ], [ 136.85225, 35.455833333 ], [ 136.8521875, 35.455833333 ], [ 136.8521875, 35.455875 ], [ 136.85225, 35.455875 ], [ 136.8523125, 35.455875 ], [ 136.8523125, 35.455916667 ], [ 136.852375, 35.455916667 ], [ 136.8524375, 35.455916667 ], [ 136.8525, 35.455916667 ], [ 136.8525625, 35.455916667 ], [ 136.852625, 35.455916667 ], [ 136.8526875, 35.455916667 ], [ 136.8526875, 35.455958333 ], [ 136.852625, 35.455958333 ], [ 136.852625, 35.456 ], [ 136.852625, 35.456041667 ], [ 136.852625, 35.456083333 ], [ 136.852625, 35.456125 ], [ 136.852625, 35.456166667 ], [ 136.852625, 35.456208333 ], [ 136.852625, 35.45625 ] ] ] } },
{ "type": "Feature", "properties": { "A31a_101": "8505090063", "A31a_102": "山田川", "A31a_103": "21", "A31a_104": "岐阜県", "A31a_105": 1 }, "geometry": { "type": "Polygon", "coordinates": [ [ [ 136.854125, 35.456208333 ], [ 136.8540625, 35.456208333 ], [ 136.8540625, 35.45625 ], [ 136.854125, 35.45625 ], [ 136.854125, 35.456208333 ] ] ] } },
{ "type": "Feature", "properties": { "A31a_101": "8505090063", "A31a_102": "山田川", "A31a_103": "21", "A31a_104": "岐阜県", "A31a_105": 1 }, "geometry": { "type": "Polygon", "coordinates": [ [ [ 136.8584375, 35.45625 ], [ 136.8584375, 35.456208333 ], [ 136.8585, 35.456208333 ], [ 136.8585625, 35.456208333 ], [ 136.8585625, 35.456166667 ], [ 136.8585, 35.456166667 ], [ 136.8584375, 35.456166667 ], [ 136.858375, 35.456166667 ], [ 136.8583125, 35.456166667 ], [ 136.8583125, 35.456208333 ], [ 136.858375, 35.456208333 ], [ 136.858375, 35.45625 ], [ 136.8584375, 35.45625 ] ] ] } },
{ "type": "Feature", "properties": { "A31a_101": "8505090063", "A31a_102": "山田川", "A31a_103": "21", "A31a_104": "岐阜県", "A31a_105": 1 }, "geometry": { "type": "Polygon", "coordinates": [ [ [ 136.8784375, 35.455791667 ], [ 136.8785, 35.455791667 ], [ 136.8785625, 35.455791667 ], [ 136.8785625, 35.455833333 ], [ 136.8785625, 35.455875 ], [ 136.8785625, 35.455916667 ], [ 136.878625, 35.455916667 ], [ 136.878625, 35.455875 ], [ 136.8786875, 35.455875 ], [ 136.8786875, 35.455916667 ], [ 136.8786875, 35.455958333 ], [ 136.878625, 35.455958333 ], [ 136.878625, 35.456 ], [ 136.878625, 35.456041667 ], [ 136.878625, 35.456083333 ], [ 136.8786875, 35.456083333 ], [ 136.8786875, 35.456041667 ], [ 136.87875, 35.456041667 ], [ 136.87875, 35.456083333 ], [ 136.87875, 35.456125 ], [ 136.8786875, 35.456125 ], [ 136.8786875, 35.456166667 ], [ 136.8786875, 35.456208333 ], [ 136.8786875, 35.45625 ], [ 136.87875, 35.45625 ], [ 136.87875, 35.456208333 ], [ 136.87875, 35.456166667 ], [ 136.8788125, 35.456166667 ], [ 136.8788125, 35.456125 ], [ 136.878875, 35.456125 ], [ 136.878875, 35.456083333 ], [ 136.8789375, 35.456083333 ], [ 136.8789375, 35.456041667 ], [ 136.8789375, 35.456 ], [ 136.8789375, 35.455958333 ], [ 136.879, 35.455958333 ], [ 136.879, 35.455916667 ], [ 136.8790625, 35.455916667 ], [ 136.8790625, 35.455875 ], [ 136.879125, 35.455875 ], [ 136.879125, 35.455833333 ], [ 136.879125, 35.455791667 ], [ 136.8791875, 35.455791667 ], [ 136.8791875, 35.45575 ], [ 136.8791875, 35.455708333 ], [ 136.879125, 35.455708333 ], [ 136.879125, 35.455666667 ], [ 136.8790625, 35.455666667 ], [ 136.8790625, 35.455625 ], [ 136.879, 35.455625 ], [ 136.8789375, 35.455625 ], [ 136.878875, 35.455625 ], [ 136.8788125, 35.455625 ], [ 136.87875, 35.455625 ], [ 136.87875, 35.455666667 ], [ 136.8786875, 35.455666667 ], [ 136.878625, 35.455666667 ], [ 136.8785625, 35.455666667 ], [ 136.8785, 35.455666667 ], [ 136.8785, 35.455708333 ], [ 136.8784375, 35.455708333 ], [ 136.8784375, 35.45575 ], [ 136.8784375, 35.455791667 ] ], [ [ 136.87875, 35.45575 ], [ 136.87875, 35.455708333 ], [ 136.8788125, 35.455708333 ], [ 136.8788125, 35.45575 ], [ 136.87875, 35.45575 ] ], [ [ 136.878625, 35.455708333 ], [ 136.878625, 35.45575 ], [ 136.8785625, 35.45575 ], [ 136.8785625, 35.455708333 ], [ 136.878625, 35.455708333 ] ] ] } },
{ "type": "Feature", "properties": { "A31a_101": "8505090063", "A31a_102": "山田川", "A31a_103": "21", "A31a_104": "岐阜県", "A31a_105": 1 }, "geometry": { "type": "Polygon", "coordinates": [ [ [ 136.8560625, 35.456208333 ], [ 136.856, 35.456208333 ], [ 136.856, 35.45625 ], [ 136.8560625, 35.45625 ], [ 136.856125, 35.45625 ], [ 136.8561875, 35.45625 ], [ 136.85625, 35.45625 ], [ 136.85625, 35.456208333 ], [ 136.8561875, 35.456208333 ], [ 136.856125, 35.456208333 ], [ 136.8560625, 35.456208333 ] ] ] } },
{ "type": "Feature", "properties": { "A31a_101": "8505090063", "A31a_102": "山田川", "A31a_103": "21", "A31a_104": "岐阜県", "A31a_105": 1 }, "geometry": { "type": "Polygon", "coordinates": [ [ [ 136.847875, 35.45625 ], [ 136.8478125, 35.45625 ], [ 136.8478125, 35.456291667 ], [ 136.847875, 35.456291667 ], [ 136.8479375, 35.456291667 ], [ 136.8479375, 35.45625 ], [ 136.847875, 35.45625 ] ] ] } },
{ "type": "Feature", "properties": { "A31a_101": "8505090063", "A31a_102": "山田川", "A31a_103": "21", "A31a_104": "岐阜県", "A31a_105": 1 }, "geometry": { "type": "Polygon", "coordinates": [ [ [ 136.8503125, 35.45625 ], [ 136.85025, 35.45625 ], [ 136.85025, 35.456291667 ], [ 136.8503125, 35.456291667 ], [ 136.8503125, 35.45625 ] ] ] } },
{ "type": "Feature", "properties": { "A31a_101": "8505090063", "A31a_102": "山田川", "A31a_103": "21", "A31a_104": "岐阜県", "A31a_105": 1 }, "geometry": { "type": "Polygon", "coordinates": [ [ [ 136.8535, 35.456291667 ], [ 136.8535, 35.45625 ], [ 136.8535, 35.456208333 ], [ 136.8535625, 35.456208333 ], [ 136.853625, 35.456208333 ], [ 136.853625, 35.456166667 ], [ 136.8536875, 35.456166667 ], [ 136.85375, 35.456166667 ], [ 136.85375, 35.456125 ], [ 136.8536875, 35.456125 ], [ 136.8536875, 35.456083333 ], [ 136.853625, 35.456083333 ], [ 136.8535625, 35.456083333 ], [ 136.8535, 35.456083333 ], [ 136.8534375, 35.456083333 ], [ 136.853375, 35.456083333 ], [ 136.853375, 35.456125 ], [ 136.8533125, 35.456125 ], [ 136.85325, 35.456125 ], [ 136.85325, 35.456166667 ], [ 136.85325, 35.456208333 ], [ 136.8533125, 35.456208333 ], [ 136.8533125, 35.456166667 ], [ 136.853375, 35.456166667 ], [ 136.853375, 35.456208333 ], [ 136.8534375, 35.456208333 ], [ 136.8534375, 35.45625 ], [ 136.8534375, 35.456291667 ], [ 136.8535, 35.456291667 ] ] ] } },
{ "type": "Feature", "properties": { "A31a_101": "8505090063", "A31a_102": "山田川", "A31a_103": "21", "A31a_104": "岐阜県", "A31a_105": 1 }, "geometry": { "type": "Polygon", "coordinates": [ [ [ 136.8565, 35.456291667 ], [ 136.8565625, 35.456291667 ], [ 136.8565625, 35.45625 ], [ 136.8565, 35.45625 ], [ 136.8565, 35.456291667 ] ] ] } },
{ "type": "Feature", "properties": { "A31a_101": "8505090063", "A31a_102": "山田川", "A31a_103": "21", "A31a_104": "岐阜県", "A31a_105": 1 }, "geometry": { "type": "Polygon", "coordinates": [ [ [ 136.8770625, 35.45625 ], [ 136.877, 35.45625 ], [ 136.877, 35.456291667 ], [ 136.8770625, 35.456291667 ], [ 136.877125, 35.456291667 ], [ 136.8771875, 35.456291667 ], [ 136.87725, 35.456291667 ], [ 136.8773125, 35.456291667 ], [ 136.877375, 35.456291667 ], [ 136.877375, 35.45625 ], [ 136.8773125, 35.45625 ], [ 136.87725, 35.45625 ], [ 136.8771875, 35.45625 ], [ 136.877125, 35.45625 ], [ 136.8770625, 35.45625 ] ] ] } },
{ "type": "Feature", "properties": { "A31a_101": "8505090063", "A31a_102": "山田川", "A31a_103": "21", "A31a_104": "岐阜県", "A31a_105": 1 }, "geometry": { "type": "Polygon", "coordinates": [ [ [ 136.8485, 35.45625 ], [ 136.8484375, 35.45625 ], [ 136.8484375, 35.456291667 ], [ 136.8484375, 35.456333333 ], [ 136.8485, 35.456333333 ], [ 136.8485, 35.456291667 ], [ 136.8485, 35.45625 ] ] ] } },
{ "type": "Feature", "properties": { "A31a_101": "8505090063", "A31a_102": "山田川", "A31a_103": "21", "A31a_104": "岐阜県", "A31a_105": 1 }, "geometry": { "type": "Polygon", "coordinates": [ [ [ 136.8489375, 35.45625 ], [ 136.848875, 35.45625 ], [ 136.848875, 35.456291667 ], [ 136.848875, 35.456333333 ], [ 136.8489375, 35.456333333 ], [ 136.8489375, 35.456291667 ], [ 136.8489375, 35.45625 ] ] ] } },
{ "type": "Feature", "properties": { "A31a_101": "8505090063", "A31a_102": "山田川", "A31a_103": "21", "A31a_104": "岐阜県", "A31a_105": 1 }, "geometry": { "type": "Polygon", "coordinates": [ [ [ 136.855375, 35.456333333 ], [ 136.8554375, 35.456333333 ], [ 136.8554375, 35.456291667 ], [ 136.855375, 35.456291667 ], [ 136.855375, 35.456333333 ] ] ] } },
{ "type": "Feature", "properties": { "A31a_101": "8505090063", "A31a_102": "山田川", "A31a_103": "21", "A31a_104": "岐阜県", "A31a_105": 1 }, "geometry": { "type": "Polygon", "coordinates": [ [ [ 136.8580625, 35.456166667 ], [ 136.858, 35.456166667 ], [ 136.858, 35.456208333 ], [ 136.858, 35.45625 ], [ 136.858, 35.456291667 ], [ 136.8580625, 35.456291667 ], [ 136.858125, 35.456291667 ], [ 136.858125, 35.456333333 ], [ 136.8581875, 35.456333333 ], [ 136.85825, 35.456333333 ], [ 136.85825, 35.456291667 ], [ 136.8583125, 35.456291667 ], [ 136.8583125, 35.45625 ], [ 136.85825, 35.45625 ], [ 136.8581875, 35.45625 ], [ 136.858125, 35.45625 ], [ 136.8580625, 35.45625 ], [ 136.8580625, 35.456208333 ], [ 136.8580625, 35.456166667 ] ] ] } },
{ "type": "Feature", "properties": { "A31a_101": "8505090063", "A31a_102": "山田川", "A31a_103": "21", "A31a_104": "岐阜県", "A31a_105": 1 }, "geometry": { "type": "Polygon", "coordinates": [ [ [ 136.8584375, 35.456291667 ], [ 136.858375, 35.456291667 ], [ 136.858375, 35.456333333 ], [ 136.8584375, 35.456333333 ], [ 136.8584375, 35.456291667 ] ] ] } },
{ "type": "Feature", "properties": { "A31a_101": "8505090063", "A31a_102": "山田川", "A31a_103": "21", "A31a_104": "岐阜県", "A31a_105": 1 }, "geometry": { "type": "Polygon", "coordinates": [ [ [ 136.852625, 35.45625 ], [ 136.8525625, 35.45625 ], [ 136.8525, 35.45625 ], [ 136.8525, 35.456291667 ], [ 136.8525, 35.456333333 ], [ 136.8525, 35.456375 ], [ 136.8525625, 35.456375 ], [ 136.8525625, 35.456333333 ], [ 136.8525625, 35.456291667 ], [ 136.852625, 35.456291667 ], [ 136.852625, 35.45625 ] ] ] } },
{ "type": "Feature", "properties": { "A31a_101": "8505090063", "A31a_102": "山田川", "A31a_103": "21", "A31a_104": "岐阜県", "A31a_105": 1 }, "geometry": { "type": "Polygon", "coordinates": [ [ [ 136.858125, 35.456333333 ], [ 136.8580625, 35.456333333 ], [ 136.8580625, 35.456375 ], [ 136.858125, 35.456375 ], [ 136.858125, 35.456333333 ] ] ] } },
{ "type": "Feature", "properties": { "A31a_101": "8505090063", "A31a_102": "山田川", "A31a_103": "21", "A31a_104": "岐阜県", "A31a_105": 1 }, "geometry": { "type": "Polygon", "coordinates": [ [ [ 136.878, 35.456041667 ], [ 136.8779375, 35.456041667 ], [ 136.877875, 35.456041667 ], [ 136.8778125, 35.456041667 ], [ 136.87775, 35.456041667 ], [ 136.8776875, 35.456041667 ], [ 136.8776875, 35.456083333 ], [ 136.8776875, 35.456125 ], [ 136.8776875, 35.456166667 ], [ 136.87775, 35.456166667 ], [ 136.8778125, 35.456166667 ], [ 136.8778125, 35.456125 ], [ 136.877875, 35.456125 ], [ 136.877875, 35.456166667 ], [ 136.8779375, 35.456166667 ], [ 136.8779375, 35.456208333 ], [ 136.8779375, 35.45625 ], [ 136.878, 35.45625 ], [ 136.878, 35.456291667 ], [ 136.878, 35.456333333 ], [ 136.878, 35.456375 ], [ 136.8780625, 35.456375 ], [ 136.8780625, 35.456333333 ], [ 136.878125, 35.456333333 ], [ 136.878125, 35.456291667 ], [ 136.878125, 35.45625 ], [ 136.878125, 35.456208333 ], [ 136.878125, 35.456166667 ], [ 136.8780625, 35.456166667 ], [ 136.8780625, 35.456125 ], [ 136.8780625, 35.456083333 ], [ 136.878, 35.456083333 ], [ 136.878, 35.456041667 ] ] ] } },
{ "type": "Feature", "properties": { "A31a_101": "8505090063", "A31a_102": "山田川", "A31a_103": "21", "A31a_104": "岐阜県", "A31a_105": 1 }, "geometry": { "type": "Polygon", "coordinates": [ [ [ 136.87675, 35.456375 ], [ 136.87675, 35.456333333 ], [ 136.8766875, 35.456333333 ], [ 136.876625, 35.456333333 ], [ 136.876625, 35.456375 ], [ 136.8766875, 35.456375 ], [ 136.8766875, 35.456416667 ], [ 136.87675, 35.456416667 ], [ 136.87675, 35.456375 ] ] ] } },
{ "type": "Feature", "properties": { "A31a_101": "8505090063", "A31a_102": "山田川", "A31a_103": "21", "A31a_104": "岐阜県", "A31a_105": 1 }, "geometry": { "type": "Polygon", "coordinates": [ [ [ 136.8769375, 35.456416667 ], [ 136.8769375, 35.456375 ], [ 136.877, 35.456375 ], [ 136.877, 35.456333333 ], [ 136.8769375, 35.456333333 ], [ 136.876875, 35.456333333 ], [ 136.8768125, 35.456333333 ], [ 136.8768125, 35.456375 ], [ 136.8768125, 35.456416667 ], [ 136.876875, 35.456416667 ], [ 136.8769375, 35.456416667 ] ] ] } },
{ "type": "Feature", "properties": { "A31a_101": "8505090063", "A31a_102": "山田川", "A31a_103": "21", "A31a_104": "岐阜県", "A31a_105": 1 }, "geometry": { "type": "Polygon", "coordinates": [ [ [ 136.8524375, 35.456458333 ], [ 136.8525, 35.456458333 ], [ 136.8525, 35.456416667 ], [ 136.8524375, 35.456416667 ], [ 136.8524375, 35.456458333 ] ] ] } },
{ "type": "Feature", "properties": { "A31a_101": "8505090063", "A31a_102": "山田川", "A31a_103": "21", "A31a_104": "岐阜県", "A31a_105": 1 }, "geometry": { "type": "Polygon", "coordinates": [ [ [ 136.850125, 35.456375 ], [ 136.850125, 35.456333333 ], [ 136.8500625, 35.456333333 ], [ 136.85, 35.456333333 ], [ 136.85, 35.456375 ], [ 136.8500625, 35.456375 ], [ 136.8500625, 35.456416667 ], [ 136.8500625, 35.456458333 ], [ 136.850125, 35.456458333 ], [ 136.850125, 35.456416667 ], [ 136.850125, 35.456375 ] ] ] } },
{ "type": "Feature", "properties": { "A31a_101": "8505090063", "A31a_102": "山田川", "A31a_103": "21", "A31a_104": "岐阜県", "A31a_105": 1 }, "geometry": { "type": "Polygon", "coordinates": [ [ [ 136.8516875, 35.456458333 ], [ 136.8516875, 35.456416667 ], [ 136.851625, 35.456416667 ], [ 136.8515625, 35.456416667 ], [ 136.8515, 35.456416667 ], [ 136.8514375, 35.456416667 ], [ 136.851375, 35.456416667 ], [ 136.8513125, 35.456416667 ], [ 136.85125, 35.456416667 ], [ 136.8511875, 35.456416667 ], [ 136.851125, 35.456416667 ], [ 136.851125, 35.456458333 ], [ 136.8511875, 35.456458333 ], [ 136.85125, 35.456458333 ], [ 136.8513125, 35.456458333 ], [ 136.851375, 35.456458333 ], [ 136.8514375, 35.456458333 ], [ 136.8515, 35.456458333 ], [ 136.8515625, 35.456458333 ], [ 136.851625, 35.456458333 ], [ 136.8516875, 35.456458333 ] ] ] } },
{ "type": "Feature", "properties": { "A31a_101": "8505090063", "A31a_102": "山田川", "A31a_103": "21", "A31a_104": "岐阜県", "A31a_105": 1 }, "geometry": { "type": "Polygon", "coordinates": [ [ [ 136.854125, 35.456333333 ], [ 136.8540625, 35.456333333 ], [ 136.8540625, 35.456375 ], [ 136.8540625, 35.456416667 ], [ 136.8540625, 35.456458333 ], [ 136.854125, 35.456458333 ], [ 136.854125, 35.456416667 ], [ 136.854125, 35.456375 ], [ 136.854125, 35.456333333 ] ] ] } },
{ "type": "Feature", "properties": { "A31a_101": "8505090063", "A31a_102": "山田川", "A31a_103": "21", "A31a_104": "岐阜県", "A31a_105": 1 }, "geometry": { "type": "Polygon", "coordinates": [ [ [ 136.8763125, 35.456416667 ], [ 136.87625, 35.456416667 ], [ 136.87625, 35.456458333 ], [ 136.8763125, 35.456458333 ], [ 136.8763125, 35.456416667 ] ] ] } },
{ "type": "Feature", "properties": { "A31a_101": "8505090063", "A31a_102": "山田川", "A31a_103": "21", "A31a_104": "岐阜県", "A31a_105": 1 }, "geometry": { "type": "Polygon", "coordinates": [ [ [ 136.8505, 35.456166667 ], [ 136.8505, 35.456208333 ], [ 136.8505, 35.45625 ], [ 136.8504375, 35.45625 ], [ 136.850375, 35.45625 ], [ 136.850375, 35.456291667 ], [ 136.8504375, 35.456291667 ], [ 136.8504375, 35.456333333 ], [ 136.850375, 35.456333333 ], [ 136.850375, 35.456375 ], [ 136.8504375, 35.456375 ], [ 136.8504375, 35.456416667 ], [ 136.8504375, 35.456458333 ], [ 136.8504375, 35.4565 ], [ 136.8505, 35.4565 ], [ 136.8505, 35.456458333 ], [ 136.8505625, 35.456458333 ], [ 136.8505625, 35.456416667 ], [ 136.8505625, 35.456375 ], [ 136.8505625, 35.456333333 ], [ 136.8505625, 35.456291667 ], [ 136.8505625, 35.45625 ], [ 136.8505625, 35.456208333 ], [ 136.8505625, 35.456166667 ], [ 136.8505, 35.456166667 ] ] ] } },
{ "type": "Feature", "properties": { "A31a_101": "8505090063", "A31a_102": "山田川", "A31a_103": "21", "A31a_104": "岐阜県", "A31a_105": 1 }, "geometry": { "type": "Polygon", "coordinates": [ [ [ 136.8524375, 35.456458333 ], [ 136.852375, 35.456458333 ], [ 136.8523125, 35.456458333 ], [ 136.85225, 35.456458333 ], [ 136.8521875, 35.456458333 ], [ 136.8521875, 35.4565 ], [ 136.85225, 35.4565 ], [ 136.8523125, 35.4565 ], [ 136.852375, 35.4565 ], [ 136.8524375, 35.4565 ], [ 136.8524375, 35.456458333 ] ] ] } },
{ "type": "Feature", "properties": { "A31a_101": "8505090063", "A31a_102": "山田川", "A31a_103": "21", "A31a_104": "岐阜県", "A31a_105": 1 }, "geometry": { "type": "Polygon", "coordinates": [ [ [ 136.8778125, 35.456458333 ], [ 136.87775, 35.456458333 ], [ 136.87775, 35.4565 ], [ 136.8778125, 35.4565 ], [ 136.8778125, 35.456458333 ] ] ] } },
{ "type": "Feature", "properties": { "A31a_101": "8505090063", "A31a_102": "山田川", "A31a_103": "21", "A31a_104": "岐阜県", "A31a_105": 1 }, "geometry": { "type": "Polygon", "coordinates": [ [ [ 136.8780625, 35.456416667 ], [ 136.878, 35.456416667 ], [ 136.878, 35.456458333 ], [ 136.8780625, 35.456458333 ], [ 136.8780625, 35.4565 ], [ 136.878125, 35.4565 ], [ 136.878125, 35.456458333 ], [ 136.878125, 35.456416667 ], [ 136.8780625, 35.456416667 ] ] ] } },
{ "type": "Feature", "properties": { "A31a_101": "8505090063", "A31a_102": "山田川", "A31a_103": "21", "A31a_104": "岐阜県", "A31a_105": 1 }, "geometry": { "type": "Polygon", "coordinates": [ [ [ 136.8481875, 35.4565 ], [ 136.848125, 35.4565 ], [ 136.848125, 35.456541667 ], [ 136.8481875, 35.456541667 ], [ 136.8481875, 35.4565 ] ] ] } },
{ "type": "Feature", "properties": { "A31a_101": "8505090063", "A31a_102": "山田川", "A31a_103": "21", "A31a_104": "岐阜県", "A31a_105": 1 }, "geometry": { "type": "Polygon", "coordinates": [ [ [ 136.85, 35.456541667 ], [ 136.8500625, 35.456541667 ], [ 136.850125, 35.456541667 ], [ 136.850125, 35.4565 ], [ 136.8500625, 35.4565 ], [ 136.85, 35.4565 ], [ 136.85, 35.456541667 ] ] ] } },
{ "type": "Feature", "properties": { "A31a_101": "8505090063", "A31a_102": "山田川", "A31a_103": "21", "A31a_104": "岐阜県", "A31a_105": 1 }, "geometry": { "type": "Polygon", "coordinates": [ [ [ 136.853, 35.4565 ], [ 136.853, 35.456458333 ], [ 136.853, 35.456416667 ], [ 136.853, 35.456375 ], [ 136.853, 35.456333333 ], [ 136.853, 35.456291667 ], [ 136.853, 35.45625 ], [ 136.853, 35.456208333 ], [ 136.853, 35.456166667 ], [ 136.8529375, 35.456166667 ], [ 136.852875, 35.456166667 ], [ 136.852875, 35.456125 ], [ 136.8528125, 35.456125 ], [ 136.85275, 35.456125 ], [ 136.85275, 35.456166667 ], [ 136.85275, 35.456208333 ], [ 136.8528125, 35.456208333 ], [ 136.8528125, 35.45625 ], [ 136.8528125, 35.456291667 ], [ 136.8528125, 35.456333333 ], [ 136.85275, 35.456333333 ], [ 136.85275, 35.456375 ], [ 136.8528125, 35.456375 ], [ 136.8528125, 35.456416667 ], [ 136.852875, 35.456416667 ], [ 136.852875, 35.456375 ], [ 136.852875, 35.456333333 ], [ 136.8529375, 35.456333333 ], [ 136.8529375, 35.456375 ], [ 136.8529375, 35.456416667 ], [ 136.8529375, 35.456458333 ], [ 136.8529375, 35.4565 ], [ 136.852875, 35.4565 ], [ 136.8528125, 35.4565 ], [ 136.8528125, 35.456541667 ], [ 136.852875, 35.456541667 ], [ 136.8529375, 35.456541667 ], [ 136.853, 35.456541667 ], [ 136.853, 35.4565 ] ] ] } },
{ "type": "Feature", "properties": { "A31a_101": "8505090063", "A31a_102": "山田川", "A31a_103": "21", "A31a_104": "岐阜県", "A31a_105": 1 }, "geometry": { "type": "Polygon", "coordinates": [ [ [ 136.8505625, 35.456541667 ], [ 136.8505, 35.456541667 ], [ 136.8505, 35.456583333 ], [ 136.8505625, 35.456583333 ], [ 136.8505625, 35.456541667 ] ] ] } },
{ "type": "Feature", "properties": { "A31a_101": "8505090063", "A31a_102": "山田川", "A31a_103": "21", "A31a_104": "岐阜県", "A31a_105": 1 }, "geometry": { "type": "Polygon", "coordinates": [ [ [ 136.8506875, 35.456541667 ], [ 136.850625, 35.456541667 ], [ 136.850625, 35.456583333 ], [ 136.8506875, 35.456583333 ], [ 136.8506875, 35.456541667 ] ] ] } },
{ "type": "Feature", "properties": { "A31a_101": "8505090063", "A31a_102": "山田川", "A31a_103": "21", "A31a_104": "岐阜県", "A31a_105": 1 }, "geometry": { "type": "Polygon", "coordinates": [ [ [ 136.851375, 35.456541667 ], [ 136.8513125, 35.456541667 ], [ 136.8513125, 35.456583333 ], [ 136.851375, 35.456583333 ], [ 136.8514375, 35.456583333 ], [ 136.8515, 35.456583333 ], [ 136.8515, 35.456541667 ], [ 136.8514375, 35.456541667 ], [ 136.851375, 35.456541667 ] ] ] } },
{ "type": "Feature", "properties": { "A31a_101": "8505090063", "A31a_102": "山田川", "A31a_103": "21", "A31a_104": "岐阜県", "A31a_105": 1 }, "geometry": { "type": "Polygon", "coordinates": [ [ [ 136.878125, 35.456541667 ], [ 136.8780625, 35.456541667 ], [ 136.8780625, 35.456583333 ], [ 136.878125, 35.456583333 ], [ 136.878125, 35.456541667 ] ] ] } },
{ "type": "Feature", "properties": { "A31a_101": "8505090063", "A31a_102": "山田川", "A31a_103": "21", "A31a_104": "岐阜県", "A31a_105": 1 }, "geometry": { "type": "Polygon", "coordinates": [ [ [ 136.876875, 35.456583333 ], [ 136.876875, 35.456541667 ], [ 136.876875, 35.4565 ], [ 136.876875, 35.456458333 ], [ 136.8768125, 35.456458333 ], [ 136.87675, 35.456458333 ], [ 136.8766875, 35.456458333 ], [ 136.876625, 35.456458333 ], [ 136.8765625, 35.456458333 ], [ 136.8765, 35.456458333 ], [ 136.8765, 35.4565 ], [ 136.8765625, 35.4565 ], [ 136.8765625, 35.456541667 ], [ 136.8765625, 35.456583333 ], [ 136.876625, 35.456583333 ], [ 136.8766875, 35.456583333 ], [ 136.87675, 35.456583333 ], [ 136.8768125, 35.456583333 ], [ 136.8768125, 35.456625 ], [ 136.876875, 35.456625 ], [ 136.876875, 35.456583333 ] ] ] } },
{ "type": "Feature", "properties": { "A31a_101": "8505090063", "A31a_102": "山田川", "A31a_103": "21", "A31a_104": "岐阜県", "A31a_105": 1 }, "geometry": { "type": "Polygon", "coordinates": [ [ [ 136.8779375, 35.456625 ], [ 136.878, 35.456625 ], [ 136.878, 35.456583333 ], [ 136.8779375, 35.456583333 ], [ 136.8779375, 35.456625 ] ] ] } },
{ "type": "Feature", "properties": { "A31a_101": "8505090063", "A31a_102": "山田川", "A31a_103": "21", "A31a_104": "岐阜県", "A31a_105": 1 }, "geometry": { "type": "Polygon", "coordinates": [ [ [ 136.850875, 35.456583333 ], [ 136.8508125, 35.456583333 ], [ 136.8508125, 35.456625 ], [ 136.850875, 35.456625 ], [ 136.850875, 35.456583333 ] ] ] } },
{ "type": "Feature", "properties": { "A31a_101": "8505090063", "A31a_102": "山田川", "A31a_103": "21", "A31a_104": "岐阜県", "A31a_105": 1 }, "geometry": { "type": "Polygon", "coordinates": [ [ [ 136.851, 35.456583333 ], [ 136.8509375, 35.456583333 ], [ 136.8509375, 35.456625 ], [ 136.851, 35.456625 ], [ 136.851, 35.456583333 ] ] ] } },
{ "type": "Feature", "properties": { "A31a_101": "8505090063", "A31a_102": "山田川", "A31a_103": "21", "A31a_104": "岐阜県", "A31a_105": 1 }, "geometry": { "type": "Polygon", "coordinates": [ [ [ 136.85425, 35.456583333 ], [ 136.8541875, 35.456583333 ], [ 136.8541875, 35.456625 ], [ 136.85425, 35.456625 ], [ 136.85425, 35.456583333 ] ] ] } },
{ "type": "Feature", "properties": { "A31a_101": "8505090063", "A31a_102": "山田川", "A31a_103": "21", "A31a_104": "岐阜県", "A31a_105": 1 }, "geometry": { "type": "Polygon", "coordinates": [ [ [ 136.848, 35.456625 ], [ 136.848, 35.456583333 ], [ 136.8479375, 35.456583333 ], [ 136.8479375, 35.456541667 ], [ 136.8479375, 35.4565 ], [ 136.8479375, 35.456458333 ], [ 136.847875, 35.456458333 ], [ 136.8478125, 35.456458333 ], [ 136.8478125, 35.4565 ], [ 136.8478125, 35.456541667 ], [ 136.8478125, 35.456583333 ], [ 136.8478125, 35.456625 ], [ 136.8478125, 35.456666667 ], [ 136.847875, 35.456666667 ], [ 136.8479375, 35.456666667 ], [ 136.848, 35.456666667 ], [ 136.848, 35.456625 ] ] ] } },
{ "type": "Feature", "properties": { "A31a_101": "8505090063", "A31a_102": "山田川", "A31a_103": "21", "A31a_104": "岐阜県", "A31a_105": 1 }, "geometry": { "type": "Polygon", "coordinates": [ [ [ 136.85025, 35.456666667 ], [ 136.8503125, 35.456666667 ], [ 136.8503125, 35.456625 ], [ 136.8503125, 35.456583333 ], [ 136.85025, 35.456583333 ], [ 136.85025, 35.456625 ], [ 136.85025, 35.456666667 ] ] ] } },
{ "type": "Feature", "properties": { "A31a_101": "8505090063", "A31a_102": "山田川", "A31a_103": "21", "A31a_104": "岐阜県", "A31a_105": 1 }, "geometry": { "type": "Polygon", "coordinates": [ [ [ 136.8543125, 35.456666667 ], [ 136.854375, 35.456666667 ], [ 136.854375, 35.456625 ], [ 136.854375, 35.456583333 ], [ 136.8543125, 35.456583333 ], [ 136.8543125, 35.456625 ], [ 136.8543125, 35.456666667 ] ] ] } },
{ "type": "Feature", "properties": { "A31a_101": "8505090063", "A31a_102": "山田川", "A31a_103": "21", "A31a_104": "岐阜県", "A31a_105": 1 }, "geometry": { "type": "Polygon", "coordinates": [ [ [ 136.8779375, 35.456625 ], [ 136.877875, 35.456625 ], [ 136.877875, 35.456666667 ], [ 136.8779375, 35.456666667 ], [ 136.8779375, 35.456625 ] ] ] } },
{ "type": "Feature", "properties": { "A31a_101": "8505090063", "A31a_102": "山田川", "A31a_103": "21", "A31a_104": "岐阜県", "A31a_105": 1 }, "geometry": { "type": "Polygon", "coordinates": [ [ [ 136.8481875, 35.456708333 ], [ 136.8481875, 35.456666667 ], [ 136.84825, 35.456666667 ], [ 136.8483125, 35.456666667 ], [ 136.848375, 35.456666667 ], [ 136.8484375, 35.456666667 ], [ 136.8484375, 35.456625 ], [ 136.8484375, 35.456583333 ], [ 136.8484375, 35.456541667 ], [ 136.848375, 35.456541667 ], [ 136.848375, 35.456583333 ], [ 136.848375, 35.456625 ], [ 136.8483125, 35.456625 ], [ 136.84825, 35.456625 ], [ 136.8481875, 35.456625 ], [ 136.848125, 35.456625 ], [ 136.848125, 35.456666667 ], [ 136.848125, 35.456708333 ], [ 136.8481875, 35.456708333 ] ] ] } },
{ "type": "Feature", "properties": { "A31a_101": "8505090063", "A31a_102": "山田川", "A31a_103": "21", "A31a_104": "岐阜県", "A31a_105": 1 }, "geometry": { "type": "Polygon", "coordinates": [ [ [ 136.84875, 35.456625 ], [ 136.8486875, 35.456625 ], [ 136.848625, 35.456625 ], [ 136.8485625, 35.456625 ], [ 136.8485, 35.456625 ], [ 136.8485, 35.456666667 ], [ 136.8485, 35.456708333 ], [ 136.8485625, 35.456708333 ], [ 136.848625, 35.456708333 ], [ 136.8486875, 35.456708333 ], [ 136.8486875, 35.456666667 ], [ 136.84875, 35.456666667 ], [ 136.84875, 35.456625 ] ] ] } },
{ "type": "Feature", "properties": { "A31a_101": "8505090063", "A31a_102": "山田川", "A31a_103": "21", "A31a_104": "岐阜県", "A31a_105": 1 }, "geometry": { "type": "Polygon", "coordinates": [ [ [ 136.85025, 35.456666667 ], [ 136.8501875, 35.456666667 ], [ 136.8501875, 35.456708333 ], [ 136.85025, 35.456708333 ], [ 136.85025, 35.456666667 ] ] ] } },
{ "type": "Feature", "properties": { "A31a_101": "8505090063", "A31a_102": "山田川", "A31a_103": "21", "A31a_104": "岐阜県", "A31a_105": 1 }, "geometry": { "type": "Polygon", "coordinates": [ [ [ 136.8543125, 35.456666667 ], [ 136.85425, 35.456666667 ], [ 136.8541875, 35.456666667 ], [ 136.8541875, 35.456708333 ], [ 136.85425, 35.456708333 ], [ 136.8543125, 35.456708333 ], [ 136.8543125, 35.456666667 ] ] ] } },
{ "type": "Feature", "properties": { "A31a_101": "8505090063", "A31a_102": "山田川", "A31a_103": "21", "A31a_104": "岐阜県", "A31a_105": 1 }, "geometry": { "type": "Polygon", "coordinates": [ [ [ 136.8776875, 35.456708333 ], [ 136.87775, 35.456708333 ], [ 136.8778125, 35.456708333 ], [ 136.8778125, 35.456666667 ], [ 136.87775, 35.456666667 ], [ 136.8776875, 35.456666667 ], [ 136.8776875, 35.456708333 ] ] ] } },
{ "type": "Feature", "properties": { "A31a_101": "8505090063", "A31a_102": "山田川", "A31a_103": "21", "A31a_104": "岐阜県", "A31a_105": 1 }, "geometry": { "type": "Polygon", "coordinates": [ [ [ 136.84775, 35.456708333 ], [ 136.8476875, 35.456708333 ], [ 136.8476875, 35.45675 ], [ 136.84775, 35.45675 ], [ 136.84775, 35.456708333 ] ] ] } },
{ "type": "Feature", "properties": { "A31a_101": "8505090063", "A31a_102": "山田川", "A31a_103": "21", "A31a_104": "岐阜県", "A31a_105": 1 }, "geometry": { "type": "Polygon", "coordinates": [ [ [ 136.8484375, 35.45675 ], [ 136.8484375, 35.456708333 ], [ 136.848375, 35.456708333 ], [ 136.8483125, 35.456708333 ], [ 136.8483125, 35.45675 ], [ 136.848375, 35.45675 ], [ 136.8484375, 35.45675 ] ] ] } },
{ "type": "Feature", "properties": { "A31a_101": "8505090063", "A31a_102": "山田川", "A31a_103": "21", "A31a_104": "岐阜県", "A31a_105": 1 }, "geometry": { "type": "Polygon", "coordinates": [ [ [ 136.8543125, 35.456708333 ], [ 136.8543125, 35.45675 ], [ 136.854375, 35.45675 ], [ 136.854375, 35.456708333 ], [ 136.8543125, 35.456708333 ] ] ] } },
{ "type": "Feature", "properties": { "A31a_101": "8505090063", "A31a_102": "山田川", "A31a_103": "21", "A31a_104": "岐阜県", "A31a_105": 1 }, "geometry": { "type": "Polygon", "coordinates": [ [ [ 136.8759375, 35.45675 ], [ 136.876, 35.45675 ], [ 136.876, 35.456708333 ], [ 136.8759375, 35.456708333 ], [ 136.8759375, 35.45675 ] ] ] } },
{ "type": "Feature", "properties": { "A31a_101": "8505090063", "A31a_102": "山田川", "A31a_103": "21", "A31a_104": "岐阜県", "A31a_105": 1 }, "geometry": { "type": "Polygon", "coordinates": [ [ [ 136.8776875, 35.456708333 ], [ 136.877625, 35.456708333 ], [ 136.877625, 35.45675 ], [ 136.8776875, 35.45675 ], [ 136.8776875, 35.456708333 ] ] ] } },
{ "type": "Feature", "properties": { "A31a_101": "8505090063", "A31a_102": "山田川", "A31a_103": "21", "A31a_104": "岐阜県", "A31a_105": 1 }, "geometry": { "type": "Polygon", "coordinates": [ [ [ 136.84725, 35.45675 ], [ 136.8471875, 35.45675 ], [ 136.8471875, 35.456791667 ], [ 136.84725, 35.456791667 ], [ 136.84725, 35.45675 ] ] ] } },
{ "type": "Feature", "properties": { "A31a_101": "8505090063", "A31a_102": "山田川", "A31a_103": "21", "A31a_104": "岐阜県", "A31a_105": 1 }, "geometry": { "type": "Polygon", "coordinates": [ [ [ 136.8479375, 35.45675 ], [ 136.847875, 35.45675 ], [ 136.847875, 35.456791667 ], [ 136.8479375, 35.456791667 ], [ 136.8479375, 35.45675 ] ] ] } },
{ "type": "Feature", "properties": { "A31a_101": "8505090063", "A31a_102": "山田川", "A31a_103": "21", "A31a_104": "岐阜県", "A31a_105": 1 }, "geometry": { "type": "Polygon", "coordinates": [ [ [ 136.856125, 35.45675 ], [ 136.8560625, 35.45675 ], [ 136.8560625, 35.456791667 ], [ 136.856125, 35.456791667 ], [ 136.856125, 35.45675 ] ] ] } },
{ "type": "Feature", "properties": { "A31a_101": "8505090063", "A31a_102": "山田川", "A31a_103": "21", "A31a_104": "岐阜県", "A31a_105": 1 }, "geometry": { "type": "Polygon", "coordinates": [ [ [ 136.877625, 35.45675 ], [ 136.8775625, 35.45675 ], [ 136.8775625, 35.456791667 ], [ 136.877625, 35.456791667 ], [ 136.877625, 35.45675 ] ] ] } },
{ "type": "Feature", "properties": { "A31a_101": "8505090063", "A31a_102": "山田川", "A31a_103": "21", "A31a_104": "岐阜県", "A31a_105": 1 }, "geometry": { "type": "Polygon", "coordinates": [ [ [ 136.8466875, 35.456791667 ], [ 136.846625, 35.456791667 ], [ 136.846625, 35.456833333 ], [ 136.8466875, 35.456833333 ], [ 136.84675, 35.456833333 ], [ 136.84675, 35.456791667 ], [ 136.8466875, 35.456791667 ] ] ] } },
{ "type": "Feature", "properties": { "A31a_101": "8505090063", "A31a_102": "山田川", "A31a_103": "21", "A31a_104": "岐阜県", "A31a_105": 1 }, "geometry": { "type": "Polygon", "coordinates": [ [ [ 136.8475, 35.456791667 ], [ 136.8474375, 35.456791667 ], [ 136.8474375, 35.456833333 ], [ 136.8475, 35.456833333 ], [ 136.8475, 35.456791667 ] ] ] } },
{ "type": "Feature", "properties": { "A31a_101": "8505090063", "A31a_102": "山田川", "A31a_103": "21", "A31a_104": "岐阜県", "A31a_105": 1 }, "geometry": { "type": "Polygon", "coordinates": [ [ [ 136.85, 35.456541667 ], [ 136.8499375, 35.456541667 ], [ 136.8499375, 35.456583333 ], [ 136.849875, 35.456583333 ], [ 136.849875, 35.456625 ], [ 136.849875, 35.456666667 ], [ 136.849875, 35.456708333 ], [ 136.849875, 35.45675 ], [ 136.8499375, 35.45675 ], [ 136.8499375, 35.456791667 ], [ 136.8499375, 35.456833333 ], [ 136.85, 35.456833333 ], [ 136.8500625, 35.456833333 ], [ 136.850125, 35.456833333 ], [ 136.850125, 35.456791667 ], [ 136.8500625, 35.456791667 ], [ 136.85, 35.456791667 ], [ 136.85, 35.45675 ], [ 136.85, 35.456708333 ], [ 136.85, 35.456666667 ], [ 136.85, 35.456625 ], [ 136.85, 35.456583333 ], [ 136.85, 35.456541667 ] ] ] } },
{ "type": "Feature", "properties": { "A31a_101": "8505090063", "A31a_102": "山田川", "A31a_103": "21", "A31a_104": "岐阜県", "A31a_105": 1 }, "geometry": { "type": "Polygon", "coordinates": [ [ [ 136.850375, 35.456791667 ], [ 136.8503125, 35.456791667 ], [ 136.8503125, 35.456833333 ], [ 136.850375, 35.456833333 ], [ 136.850375, 35.456791667 ] ] ] } },
{ "type": "Feature", "properties": { "A31a_101": "8505090063", "A31a_102": "山田川", "A31a_103": "21", "A31a_104": "岐阜県", "A31a_105": 1 }, "geometry": { "type": "Polygon", "coordinates": [ [ [ 136.851625, 35.456708333 ], [ 136.8515625, 35.456708333 ], [ 136.8515625, 35.45675 ], [ 136.8515625, 35.456791667 ], [ 136.8515625, 35.456833333 ], [ 136.851625, 35.456833333 ], [ 136.851625, 35.456791667 ], [ 136.851625, 35.45675 ], [ 136.851625, 35.456708333 ] ] ] } },
{ "type": "Feature", "properties": { "A31a_101": "8505090063", "A31a_102": "山田川", "A31a_103": "21", "A31a_104": "岐阜県", "A31a_105": 1 }, "geometry": { "type": "Polygon", "coordinates": [ [ [ 136.852625, 35.456791667 ], [ 136.8525625, 35.456791667 ], [ 136.8525625, 35.456833333 ], [ 136.852625, 35.456833333 ], [ 136.852625, 35.456791667 ] ] ] } },
{ "type": "Feature", "properties": { "A31a_101": "8505090063", "A31a_102": "山田川", "A31a_103": "21", "A31a_104": "岐阜県", "A31a_105": 1 }, "geometry": { "type": "Polygon", "coordinates": [ [ [ 136.877375, 35.456791667 ], [ 136.8773125, 35.456791667 ], [ 136.8773125, 35.456833333 ], [ 136.877375, 35.456833333 ], [ 136.877375, 35.456791667 ] ] ] } },
{ "type": "Feature", "properties": { "A31a_101": "8505090063", "A31a_102": "山田川", "A31a_103": "21", "A31a_104": "岐阜県", "A31a_105": 1 }, "geometry": { "type": "Polygon", "coordinates": [ [ [ 136.8775, 35.456791667 ], [ 136.8774375, 35.456791667 ], [ 136.8774375, 35.456833333 ], [ 136.8775, 35.456833333 ], [ 136.8775, 35.456791667 ] ] ] } },
{ "type": "Feature", "properties": { "A31a_101": "8505090063", "A31a_102": "山田川", "A31a_103": "21", "A31a_104": "岐阜県", "A31a_105": 1 }, "geometry": { "type": "Polygon", "coordinates": [ [ [ 136.847125, 35.456833333 ], [ 136.8470625, 35.456833333 ], [ 136.8470625, 35.456875 ], [ 136.847125, 35.456875 ], [ 136.847125, 35.456833333 ] ] ] } },
{ "type": "Feature", "properties": { "A31a_101": "8505090063", "A31a_102": "山田川", "A31a_103": "21", "A31a_104": "岐阜県", "A31a_105": 1 }, "geometry": { "type": "Polygon", "coordinates": [ [ [ 136.8484375, 35.45675 ], [ 136.8484375, 35.456791667 ], [ 136.8484375, 35.456833333 ], [ 136.8484375, 35.456875 ], [ 136.8485, 35.456875 ], [ 136.8485, 35.456833333 ], [ 136.8485, 35.456791667 ], [ 136.8485, 35.45675 ], [ 136.8484375, 35.45675 ] ] ] } },
{ "type": "Feature", "properties": { "A31a_101": "8505090063", "A31a_102": "山田川", "A31a_103": "21", "A31a_104": "岐阜県", "A31a_105": 1 }, "geometry": { "type": "Polygon", "coordinates": [ [ [ 136.84875, 35.456625 ], [ 136.8488125, 35.456625 ], [ 136.848875, 35.456625 ], [ 136.8489375, 35.456625 ], [ 136.8489375, 35.456666667 ], [ 136.849, 35.456666667 ], [ 136.849, 35.456625 ], [ 136.8490625, 35.456625 ], [ 136.8490625, 35.456666667 ], [ 136.849125, 35.456666667 ], [ 136.8491875, 35.456666667 ], [ 136.84925, 35.456666667 ], [ 136.84925, 35.456625 ], [ 136.84925, 35.456583333 ], [ 136.8493125, 35.456583333 ], [ 136.849375, 35.456583333 ], [ 136.8494375, 35.456583333 ], [ 136.8494375, 35.456625 ], [ 136.8494375, 35.456666667 ], [ 136.8494375, 35.456708333 ], [ 136.8495, 35.456708333 ], [ 136.8495, 35.45675 ], [ 136.8495, 35.456791667 ], [ 136.8495, 35.456833333 ], [ 136.8495, 35.456875 ], [ 136.8495625, 35.456875 ], [ 136.849625, 35.456875 ], [ 136.849625, 35.456833333 ], [ 136.849625, 35.456791667 ], [ 136.849625, 35.45675 ], [ 136.8496875, 35.45675 ], [ 136.84975, 35.45675 ], [ 136.84975, 35.456708333 ], [ 136.84975, 35.456666667 ], [ 136.84975, 35.456625 ], [ 136.8498125, 35.456625 ], [ 136.8498125, 35.456583333 ], [ 136.84975, 35.456583333 ], [ 136.8496875, 35.456583333 ], [ 136.8496875, 35.456541667 ], [ 136.84975, 35.456541667 ], [ 136.8498125, 35.456541667 ], [ 136.849875, 35.456541667 ], [ 136.849875, 35.4565 ], [ 136.8498125, 35.4565 ], [ 136.84975, 35.4565 ], [ 136.84975, 35.456458333 ], [ 136.84975, 35.456416667 ], [ 136.8496875, 35.456416667 ], [ 136.8496875, 35.456375 ], [ 136.849625, 35.456375 ], [ 136.849625, 35.456333333 ], [ 136.849625, 35.456291667 ], [ 136.849625, 35.45625 ], [ 136.8495625, 35.45625 ], [ 136.8495, 35.45625 ], [ 136.8495, 35.456291667 ], [ 136.8495, 35.456333333 ], [ 136.8495, 35.456375 ], [ 136.8495, 35.456416667 ], [ 136.8495, 35.456458333 ], [ 136.8495, 35.4565 ], [ 136.8495, 35.456541667 ], [ 136.8494375, 35.456541667 ], [ 136.8494375, 35.4565 ], [ 136.849375, 35.4565 ], [ 136.849375, 35.456541667 ], [ 136.8493125, 35.456541667 ], [ 136.84925, 35.456541667 ], [ 136.8491875, 35.456541667 ], [ 136.849125, 35.456541667 ], [ 136.849125, 35.4565 ], [ 136.8490625, 35.4565 ], [ 136.8490625, 35.456541667 ], [ 136.849, 35.456541667 ], [ 136.849, 35.4565 ], [ 136.8489375, 35.4565 ], [ 136.8489375, 35.456541667 ], [ 136.848875, 35.456541667 ], [ 136.8488125, 35.456541667 ], [ 136.8488125, 35.456583333 ], [ 136.84875, 35.456583333 ], [ 136.84875, 35.456625 ] ], [ [ 136.8491875, 35.456583333 ], [ 136.8491875, 35.456625 ], [ 136.849125, 35.456625 ], [ 136.849125, 35.456583333 ], [ 136.8491875, 35.456583333 ] ], [ [ 136.8496875, 35.456625 ], [ 136.8496875, 35.456666667 ], [ 136.849625, 35.456666667 ], [ 136.849625, 35.456625 ], [ 136.8496875, 35.456625 ] ] ] } },
{ "type": "Feature", "properties": { "A31a_101": "8505090063", "A31a_102": "山田川", "A31a_103": "21", "A31a_104": "岐阜県", "A31a_105": 1 }, "geometry": { "type": "Polygon", "coordinates": [ [ [ 136.84975, 35.456791667 ], [ 136.8496875, 35.456791667 ], [ 136.8496875, 35.456833333 ], [ 136.8496875, 35.456875 ], [ 136.84975, 35.456875 ], [ 136.8498125, 35.456875 ], [ 136.8498125, 35.456833333 ], [ 136.8498125, 35.456791667 ], [ 136.84975, 35.456791667 ] ] ] } },
{ "type": "Feature", "properties": { "A31a_101": "8505090063", "A31a_102": "山田川", "A31a_103": "21", "A31a_104": "岐阜県", "A31a_105": 1 }, "geometry": { "type": "Polygon", "coordinates": [ [ [ 136.8525625, 35.456833333 ], [ 136.8525, 35.456833333 ], [ 136.8525, 35.456875 ], [ 136.8525625, 35.456875 ], [ 136.8525625, 35.456833333 ] ] ] } },
{ "type": "Feature", "properties": { "A31a_101": "8505090063", "A31a_102": "山田川", "A31a_103": "21", "A31a_104": "岐阜県", "A31a_105": 1 }, "geometry": { "type": "Polygon", "coordinates": [ [ [ 136.8556875, 35.456875 ], [ 136.85575, 35.456875 ], [ 136.85575, 35.456833333 ], [ 136.85575, 35.456791667 ], [ 136.8558125, 35.456791667 ], [ 136.8558125, 35.45675 ], [ 136.85575, 35.45675 ], [ 136.8556875, 35.45675 ], [ 136.8556875, 35.456791667 ], [ 136.8556875, 35.456833333 ], [ 136.8556875, 35.456875 ] ] ] } },
{ "type": "Feature", "properties": { "A31a_101": "8505090063", "A31a_102": "山田川", "A31a_103": "21", "A31a_104": "岐阜県", "A31a_105": 1 }, "geometry": { "type": "Polygon", "coordinates": [ [ [ 136.8771875, 35.456833333 ], [ 136.877125, 35.456833333 ], [ 136.877125, 35.456875 ], [ 136.8771875, 35.456875 ], [ 136.8771875, 35.456833333 ] ] ] } },
{ "type": "Feature", "properties": { "A31a_101": "8505090063", "A31a_102": "山田川", "A31a_103": "21", "A31a_104": "岐阜県", "A31a_105": 1 }, "geometry": { "type": "Polygon", "coordinates": [ [ [ 136.846625, 35.456875 ], [ 136.8465625, 35.456875 ], [ 136.8465625, 35.456916667 ], [ 136.846625, 35.456916667 ], [ 136.8466875, 35.456916667 ], [ 136.8466875, 35.456875 ], [ 136.846625, 35.456875 ] ] ] } },
{ "type": "Feature", "properties": { "A31a_101": "8505090063", "A31a_102": "山田川", "A31a_103": "21", "A31a_104": "岐阜県", "A31a_105": 1 }, "geometry": { "type": "Polygon", "coordinates": [ [ [ 136.8525, 35.456875 ], [ 136.8524375, 35.456875 ], [ 136.8524375, 35.456916667 ], [ 136.8525, 35.456916667 ], [ 136.8525, 35.456875 ] ] ] } },
{ "type": "Feature", "properties": { "A31a_101": "8505090063", "A31a_102": "山田川", "A31a_103": "21", "A31a_104": "岐阜県", "A31a_105": 1 }, "geometry": { "type": "Polygon", "coordinates": [ [ [ 136.85575, 35.456875 ], [ 136.85575, 35.456916667 ], [ 136.8558125, 35.456916667 ], [ 136.8558125, 35.456875 ], [ 136.85575, 35.456875 ] ] ] } },
{ "type": "Feature", "properties": { "A31a_101": "8505090063", "A31a_102": "山田川", "A31a_103": "21", "A31a_104": "岐阜県", "A31a_105": 1 }, "geometry": { "type": "Polygon", "coordinates": [ [ [ 136.859625, 35.456875 ], [ 136.8595625, 35.456875 ], [ 136.8595625, 35.456916667 ], [ 136.859625, 35.456916667 ], [ 136.859625, 35.456875 ] ] ] } },
{ "type": "Feature", "properties": { "A31a_101": "8505090063", "A31a_102": "山田川", "A31a_103": "21", "A31a_104": "岐阜県", "A31a_105": 1 }, "geometry": { "type": "Polygon", "coordinates": [ [ [ 136.8755625, 35.456916667 ], [ 136.875625, 35.456916667 ], [ 136.875625, 35.456875 ], [ 136.8755625, 35.456875 ], [ 136.8755625, 35.456916667 ] ] ] } },
{ "type": "Feature", "properties": { "A31a_101": "8505090063", "A31a_102": "山田川", "A31a_103": "21", "A31a_104": "岐阜県", "A31a_105": 1 }, "geometry": { "type": "Polygon", "coordinates": [ [ [ 136.8770625, 35.456875 ], [ 136.877, 35.456875 ], [ 136.877, 35.456916667 ], [ 136.8770625, 35.456916667 ], [ 136.8770625, 35.456875 ] ] ] } },
{ "type": "Feature", "properties": { "A31a_101": "8505090063", "A31a_102": "山田川", "A31a_103": "21", "A31a_104": "岐阜県", "A31a_105": 1 }, "geometry": { "type": "Polygon", "coordinates": [ [ [ 136.8465, 35.456916667 ], [ 136.8464375, 35.456916667 ], [ 136.8464375, 35.456958333 ], [ 136.8465, 35.456958333 ], [ 136.8465, 35.456916667 ] ] ] } },
{ "type": "Feature", "properties": { "A31a_101": "8505090063", "A31a_102": "山田川", "A31a_103": "21", "A31a_104": "岐阜県", "A31a_105": 1 }, "geometry": { "type": "Polygon", "coordinates": [ [ [ 136.851375, 35.456958333 ], [ 136.851375, 35.456916667 ], [ 136.851375, 35.456875 ], [ 136.851375, 35.456833333 ], [ 136.8513125, 35.456833333 ], [ 136.8513125, 35.456791667 ], [ 136.8513125, 35.45675 ], [ 136.8513125, 35.456708333 ], [ 136.85125, 35.456708333 ], [ 136.8511875, 35.456708333 ], [ 136.851125, 35.456708333 ], [ 136.8510625, 35.456708333 ], [ 136.851, 35.456708333 ], [ 136.851, 35.456666667 ], [ 136.8509375, 35.456666667 ], [ 136.850875, 35.456666667 ], [ 136.850875, 35.456708333 ], [ 136.8509375, 35.456708333 ], [ 136.8509375, 35.45675 ], [ 136.8509375, 35.456791667 ], [ 136.851, 35.456791667 ], [ 136.851, 35.456833333 ], [ 136.8510625, 35.456833333 ], [ 136.8510625, 35.456875 ], [ 136.851125, 35.456875 ], [ 136.8511875, 35.456875 ], [ 136.85125, 35.456875 ], [ 136.85125, 35.456916667 ], [ 136.85125, 35.456958333 ], [ 136.8513125, 35.456958333 ], [ 136.851375, 35.456958333 ] ] ] } },
{ "type": "Feature", "properties": { "A31a_101": "8505090063", "A31a_102": "山田川", "A31a_103": "21", "A31a_104": "岐阜県", "A31a_105": 1 }, "geometry": { "type": "Polygon", "coordinates": [ [ [ 136.8755625, 35.456916667 ], [ 136.8755, 35.456916667 ], [ 136.8755, 35.456958333 ], [ 136.8755625, 35.456958333 ], [ 136.8755625, 35.456916667 ] ] ] } },
{ "type": "Feature", "properties": { "A31a_101": "8505090063", "A31a_102": "山田川", "A31a_103": "21", "A31a_104": "岐阜県", "A31a_105": 1 }, "geometry": { "type": "Polygon", "coordinates": [ [ [ 136.8759375, 35.45675 ], [ 136.875875, 35.45675 ], [ 136.875875, 35.456708333 ], [ 136.8758125, 35.456708333 ], [ 136.87575, 35.456708333 ], [ 136.87575, 35.45675 ], [ 136.8756875, 35.45675 ], [ 136.8756875, 35.456791667 ], [ 136.8756875, 35.456833333 ], [ 136.87575, 35.456833333 ], [ 136.87575, 35.456875 ], [ 136.87575, 35.456916667 ], [ 136.87575, 35.456958333 ], [ 136.8758125, 35.456958333 ], [ 136.8758125, 35.456916667 ], [ 136.875875, 35.456916667 ], [ 136.875875, 35.456875 ], [ 136.875875, 35.456833333 ], [ 136.875875, 35.456791667 ], [ 136.8759375, 35.456791667 ], [ 136.8759375, 35.45675 ] ] ] } },
{ "type": "Feature", "properties": { "A31a_101": "8505090063", "A31a_102": "山田川", "A31a_103": "21", "A31a_104": "岐阜県", "A31a_105": 1 }, "geometry": { "type": "Polygon", "coordinates": [ [ [ 136.8769375, 35.456916667 ], [ 136.876875, 35.456916667 ], [ 136.876875, 35.456958333 ], [ 136.8769375, 35.456958333 ], [ 136.8769375, 35.456916667 ] ] ] } },
{ "type": "Feature", "properties": { "A31a_101": "8505090063", "A31a_102": "山田川", "A31a_103": "21", "A31a_104": "岐阜県", "A31a_105": 1 }, "geometry": { "type": "Polygon", "coordinates": [ [ [ 136.851, 35.457 ], [ 136.851, 35.456958333 ], [ 136.8509375, 35.456958333 ], [ 136.850875, 35.456958333 ], [ 136.8508125, 35.456958333 ], [ 136.8508125, 35.457 ], [ 136.850875, 35.457 ], [ 136.8509375, 35.457 ], [ 136.851, 35.457 ] ] ] } },
{ "type": "Feature", "properties": { "A31a_101": "8505090063", "A31a_102": "山田川", "A31a_103": "21", "A31a_104": "岐阜県", "A31a_105": 1 }, "geometry": { "type": "Polygon", "coordinates": [ [ [ 136.8524375, 35.456916667 ], [ 136.852375, 35.456916667 ], [ 136.8523125, 35.456916667 ], [ 136.8523125, 35.456875 ], [ 136.85225, 35.456875 ], [ 136.85225, 35.456916667 ], [ 136.8521875, 35.456916667 ], [ 136.852125, 35.456916667 ], [ 136.8520625, 35.456916667 ], [ 136.8520625, 35.456958333 ], [ 136.852, 35.456958333 ], [ 136.852, 35.457 ], [ 136.8520625, 35.457 ], [ 136.852125, 35.457 ], [ 136.8521875, 35.457 ], [ 136.85225, 35.457 ], [ 136.8523125, 35.457 ], [ 136.852375, 35.457 ], [ 136.852375, 35.456958333 ], [ 136.8524375, 35.456958333 ], [ 136.8524375, 35.456916667 ] ] ] } },
{ "type": "Feature", "properties": { "A31a_101": "8505090063", "A31a_102": "山田川", "A31a_103": "21", "A31a_104": "岐阜県", "A31a_105": 1 }, "geometry": { "type": "Polygon", "coordinates": [ [ [ 136.8755, 35.456958333 ], [ 136.8754375, 35.456958333 ], [ 136.8754375, 35.457 ], [ 136.8755, 35.457 ], [ 136.8755, 35.456958333 ] ] ] } },
{ "type": "Feature", "properties": { "A31a_101": "8505090063", "A31a_102": "山田川", "A31a_103": "21", "A31a_104": "岐阜県", "A31a_105": 1 }, "geometry": { "type": "Polygon", "coordinates": [ [ [ 136.876125, 35.457 ], [ 136.876125, 35.456958333 ], [ 136.8760625, 35.456958333 ], [ 136.876, 35.456958333 ], [ 136.876, 35.457 ], [ 136.8760625, 35.457 ], [ 136.876125, 35.457 ] ] ] } },
{ "type": "Feature", "properties": { "A31a_101": "8505090063", "A31a_102": "山田川", "A31a_103": "21", "A31a_104": "岐阜県", "A31a_105": 1 }, "geometry": { "type": "Polygon", "coordinates": [ [ [ 136.852, 35.457 ], [ 136.8519375, 35.457 ], [ 136.851875, 35.457 ], [ 136.8518125, 35.457 ], [ 136.85175, 35.457 ], [ 136.8516875, 35.457 ], [ 136.8516875, 35.456958333 ], [ 136.8516875, 35.456916667 ], [ 136.8516875, 35.456875 ], [ 136.851625, 35.456875 ], [ 136.851625, 35.456916667 ], [ 136.851625, 35.456958333 ], [ 136.8515625, 35.456958333 ], [ 136.8515, 35.456958333 ], [ 136.8515, 35.457 ], [ 136.8514375, 35.457 ], [ 136.8514375, 35.456958333 ], [ 136.851375, 35.456958333 ], [ 136.851375, 35.457 ], [ 136.8513125, 35.457 ], [ 136.85125, 35.457 ], [ 136.8511875, 35.457 ], [ 136.851125, 35.457 ], [ 136.8510625, 35.457 ], [ 136.851, 35.457 ], [ 136.851, 35.457041667 ], [ 136.8510625, 35.457041667 ], [ 136.851125, 35.457041667 ], [ 136.8511875, 35.457041667 ], [ 136.85125, 35.457041667 ], [ 136.8513125, 35.457041667 ], [ 136.851375, 35.457041667 ], [ 136.8514375, 35.457041667 ], [ 136.8515, 35.457041667 ], [ 136.8515625, 35.457041667 ], [ 136.851625, 35.457041667 ], [ 136.8516875, 35.457041667 ], [ 136.85175, 35.457041667 ], [ 136.8518125, 35.457041667 ], [ 136.851875, 35.457041667 ], [ 136.8519375, 35.457041667 ], [ 136.852, 35.457041667 ], [ 136.852, 35.457 ] ] ] } },
{ "type": "Feature", "properties": { "A31a_101": "8505090063", "A31a_102": "山田川", "A31a_103": "21", "A31a_104": "岐阜県", "A31a_105": 1 }, "geometry": { "type": "Polygon", "coordinates": [ [ [ 136.8546875, 35.456958333 ], [ 136.854625, 35.456958333 ], [ 136.854625, 35.457 ], [ 136.854625, 35.457041667 ], [ 136.8546875, 35.457041667 ], [ 136.8546875, 35.457 ], [ 136.8546875, 35.456958333 ] ] ] } },
{ "type": "Feature", "properties": { "A31a_101": "8505090063", "A31a_102": "山田川", "A31a_103": "21", "A31a_104": "岐阜県", "A31a_105": 1 }, "geometry": { "type": "Polygon", "coordinates": [ [ [ 136.876, 35.457 ], [ 136.8759375, 35.457 ], [ 136.8759375, 35.457041667 ], [ 136.876, 35.457041667 ], [ 136.876, 35.457 ] ] ] } },
{ "type": "Feature", "properties": { "A31a_101": "8505090063", "A31a_102": "山田川", "A31a_103": "21", "A31a_104": "岐阜県", "A31a_105": 1 }, "geometry": { "type": "Polygon", "coordinates": [ [ [ 136.8761875, 35.457041667 ], [ 136.8761875, 35.457 ], [ 136.876125, 35.457 ], [ 136.876125, 35.457041667 ], [ 136.8761875, 35.457041667 ] ] ] } },
{ "type": "Feature", "properties": { "A31a_101": "8505090063", "A31a_102": "山田川", "A31a_103": "21", "A31a_104": "岐阜県", "A31a_105": 1 }, "geometry": { "type": "Polygon", "coordinates": [ [ [ 136.8465, 35.457041667 ], [ 136.8465, 35.457 ], [ 136.8464375, 35.457 ], [ 136.846375, 35.457 ], [ 136.846375, 35.457041667 ], [ 136.8464375, 35.457041667 ], [ 136.8464375, 35.457083333 ], [ 136.8465, 35.457083333 ], [ 136.8465, 35.457041667 ] ] ] } },
{ "type": "Feature", "properties": { "A31a_101": "8505090063", "A31a_102": "山田川", "A31a_103": "21", "A31a_104": "岐阜県", "A31a_105": 1 }, "geometry": { "type": "Polygon", "coordinates": [ [ [ 136.8548125, 35.456916667 ], [ 136.8548125, 35.456875 ], [ 136.8548125, 35.456833333 ], [ 136.8548125, 35.456791667 ], [ 136.8548125, 35.45675 ], [ 136.85475, 35.45675 ], [ 136.8546875, 35.45675 ], [ 136.8546875, 35.456791667 ], [ 136.8546875, 35.456833333 ], [ 136.8546875, 35.456875 ], [ 136.8546875, 35.456916667 ], [ 136.85475, 35.456916667 ], [ 136.85475, 35.456958333 ], [ 136.85475, 35.457 ], [ 136.85475, 35.457041667 ], [ 136.85475, 35.457083333 ], [ 136.8548125, 35.457083333 ], [ 136.8548125, 35.457041667 ], [ 136.8548125, 35.457 ], [ 136.8548125, 35.456958333 ], [ 136.8548125, 35.456916667 ] ] ] } },
{ "type": "Feature", "properties": { "A31a_101": "8505090063", "A31a_102": "山田川", "A31a_103": "21", "A31a_104": "岐阜県", "A31a_105": 1 }, "geometry": { "type": "Polygon", "coordinates": [ [ [ 136.875875, 35.457041667 ], [ 136.8758125, 35.457041667 ], [ 136.8758125, 35.457083333 ], [ 136.875875, 35.457083333 ], [ 136.875875, 35.457041667 ] ] ] } },
{ "type": "Feature", "properties": { "A31a_101": "8505090063", "A31a_102": "山田川", "A31a_103": "21", "A31a_104": "岐阜県", "A31a_105": 1 }, "geometry": { "type": "Polygon", "coordinates": [ [ [ 136.8761875, 35.457041667 ], [ 136.8761875, 35.457083333 ], [ 136.87625, 35.457083333 ], [ 136.87625, 35.457041667 ], [ 136.8761875, 35.457041667 ] ] ] } },
{ "type": "Feature", "properties": { "A31a_101": "8505090063", "A31a_102": "山田川", "A31a_103": "21", "A31a_104": "岐阜県", "A31a_105": 1 }, "geometry": { "type": "Polygon", "coordinates": [ [ [ 136.876625, 35.457041667 ], [ 136.8765625, 35.457041667 ], [ 136.8765625, 35.457083333 ], [ 136.876625, 35.457083333 ], [ 136.876625, 35.457041667 ] ] ] } },
{ "type": "Feature", "properties": { "A31a_101": "8505090063", "A31a_102": "山田川", "A31a_103": "21", "A31a_104": "岐阜県", "A31a_105": 1 }, "geometry": { "type": "Polygon", "coordinates": [ [ [ 136.8529375, 35.457083333 ], [ 136.8529375, 35.457125 ], [ 136.853, 35.457125 ], [ 136.8530625, 35.457125 ], [ 136.853125, 35.457125 ], [ 136.853125, 35.457083333 ], [ 136.8530625, 35.457083333 ], [ 136.853, 35.457083333 ], [ 136.8529375, 35.457083333 ] ] ] } },
{ "type": "Feature", "properties": { "A31a_101": "8505090063", "A31a_102": "山田川", "A31a_103": "21", "A31a_104": "岐阜県", "A31a_105": 1 }, "geometry": { "type": "Polygon", "coordinates": [ [ [ 136.856125, 35.456958333 ], [ 136.8560625, 35.456958333 ], [ 136.8560625, 35.457 ], [ 136.8560625, 35.457041667 ], [ 136.8560625, 35.457083333 ], [ 136.8560625, 35.457125 ], [ 136.856125, 35.457125 ], [ 136.856125, 35.457083333 ], [ 136.856125, 35.457041667 ], [ 136.856125, 35.457 ], [ 136.856125, 35.456958333 ] ] ] } },
{ "type": "Feature", "properties": { "A31a_101": "8505090063", "A31a_102": "山田川", "A31a_103": "21", "A31a_104": "岐阜県", "A31a_105": 1 }, "geometry": { "type": "Polygon", "coordinates": [ [ [ 136.8575, 35.457083333 ], [ 136.8574375, 35.457083333 ], [ 136.857375, 35.457083333 ], [ 136.8573125, 35.457083333 ], [ 136.8573125, 35.457125 ], [ 136.857375, 35.457125 ], [ 136.8574375, 35.457125 ], [ 136.8575, 35.457125 ], [ 136.8575, 35.457083333 ] ] ] } },
{ "type": "Feature", "properties": { "A31a_101": "8505090063", "A31a_102": "山田川", "A31a_103": "21", "A31a_104": "岐阜県", "A31a_105": 1 }, "geometry": { "type": "Polygon", "coordinates": [ [ [ 136.87575, 35.457083333 ], [ 136.8756875, 35.457083333 ], [ 136.8756875, 35.457125 ], [ 136.87575, 35.457125 ], [ 136.87575, 35.457083333 ] ] ] } },
{ "type": "Feature", "properties": { "A31a_101": "8505090063", "A31a_102": "山田川", "A31a_103": "21", "A31a_104": "岐阜県", "A31a_105": 1 }, "geometry": { "type": "Polygon", "coordinates": [ [ [ 136.8764375, 35.457125 ], [ 136.8765, 35.457125 ], [ 136.8765, 35.457083333 ], [ 136.8764375, 35.457083333 ], [ 136.8764375, 35.457125 ] ] ] } },
{ "type": "Feature", "properties": { "A31a_101": "8505090063", "A31a_102": "山田川", "A31a_103": "21", "A31a_104": "岐阜県", "A31a_105": 1 }, "geometry": { "type": "Polygon", "coordinates": [ [ [ 136.8536875, 35.457125 ], [ 136.853625, 35.457125 ], [ 136.8535625, 35.457125 ], [ 136.8535625, 35.457166667 ], [ 136.853625, 35.457166667 ], [ 136.8536875, 35.457166667 ], [ 136.8536875, 35.457125 ] ] ] } },
{ "type": "Feature", "properties": { "A31a_101": "8505090063", "A31a_102": "山田川", "A31a_103": "21", "A31a_104": "岐阜県", "A31a_105": 1 }, "geometry": { "type": "Polygon", "coordinates": [ [ [ 136.857625, 35.457125 ], [ 136.8575625, 35.457125 ], [ 136.8575625, 35.457166667 ], [ 136.857625, 35.457166667 ], [ 136.8576875, 35.457166667 ], [ 136.85775, 35.457166667 ], [ 136.85775, 35.457125 ], [ 136.8576875, 35.457125 ], [ 136.857625, 35.457125 ] ] ] } },
{ "type": "Feature", "properties": { "A31a_101": "8505090063", "A31a_102": "山田川", "A31a_103": "21", "A31a_104": "岐阜県", "A31a_105": 1 }, "geometry": { "type": "Polygon", "coordinates": [ [ [ 136.8764375, 35.457125 ], [ 136.876375, 35.457125 ], [ 136.876375, 35.457166667 ], [ 136.876375, 35.457208333 ], [ 136.8764375, 35.457208333 ], [ 136.8764375, 35.457166667 ], [ 136.8764375, 35.457125 ] ] ] } },
{ "type": "Feature", "properties": { "A31a_101": "8505090063", "A31a_102": "山田川", "A31a_103": "21", "A31a_104": "岐阜県", "A31a_105": 1 }, "geometry": { "type": "Polygon", "coordinates": [ [ [ 136.8541875, 35.456708333 ], [ 136.854125, 35.456708333 ], [ 136.854125, 35.45675 ], [ 136.8540625, 35.45675 ], [ 136.8540625, 35.456708333 ], [ 136.8540625, 35.456666667 ], [ 136.8540625, 35.456625 ], [ 136.8540625, 35.456583333 ], [ 136.8540625, 35.456541667 ], [ 136.854125, 35.456541667 ], [ 136.8541875, 35.456541667 ], [ 136.85425, 35.456541667 ], [ 136.8543125, 35.456541667 ], [ 136.854375, 35.456541667 ], [ 136.854375, 35.4565 ], [ 136.8544375, 35.4565 ], [ 136.8545, 35.4565 ], [ 136.8545625, 35.4565 ], [ 136.854625, 35.4565 ], [ 136.854625, 35.456541667 ], [ 136.8546875, 35.456541667 ], [ 136.8546875, 35.4565 ], [ 136.8546875, 35.456458333 ], [ 136.8546875, 35.456416667 ], [ 136.8546875, 35.456375 ], [ 136.85475, 35.456375 ], [ 136.85475, 35.456416667 ], [ 136.85475, 35.456458333 ], [ 136.85475, 35.4565 ], [ 136.85475, 35.456541667 ], [ 136.8546875, 35.456541667 ], [ 136.8546875, 35.456583333 ], [ 136.854625, 35.456583333 ], [ 136.8545625, 35.456583333 ], [ 136.8545, 35.456583333 ], [ 136.8544375, 35.456583333 ], [ 136.8544375, 35.456625 ], [ 136.8545, 35.456625 ], [ 136.8545, 35.456666667 ], [ 136.8545625, 35.456666667 ], [ 136.854625, 35.456666667 ], [ 136.8546875, 35.456666667 ], [ 136.85475, 35.456666667 ], [ 136.8548125, 35.456666667 ], [ 136.854875, 35.456666667 ], [ 136.8549375, 35.456666667 ], [ 136.8549375, 35.456708333 ], [ 136.855, 35.456708333 ], [ 136.855, 35.45675 ], [ 136.855, 35.456791667 ], [ 136.855, 35.456833333 ], [ 136.855, 35.456875 ], [ 136.8550625, 35.456875 ], [ 136.8550625, 35.456833333 ], [ 136.855125, 35.456833333 ], [ 136.8551875, 35.456833333 ], [ 136.8551875, 35.456875 ], [ 136.855125, 35.456875 ], [ 136.8550625, 35.456875 ], [ 136.8550625, 35.456916667 ], [ 136.855, 35.456916667 ], [ 136.855, 35.456958333 ], [ 136.855, 35.457 ], [ 136.855, 35.457041667 ], [ 136.8549375, 35.457041667 ], [ 136.8549375, 35.457083333 ], [ 136.855, 35.457083333 ], [ 136.8550625, 35.457083333 ], [ 136.855125, 35.457083333 ], [ 136.8551875, 35.457083333 ], [ 136.85525, 35.457083333 ], [ 136.8553125, 35.457083333 ], [ 136.855375, 35.457083333 ], [ 136.8554375, 35.457083333 ], [ 136.8555, 35.457083333 ], [ 136.8555, 35.457041667 ], [ 136.8555, 35.457 ], [ 136.8555, 35.456958333 ], [ 136.8554375, 35.456958333 ], [ 136.855375, 35.456958333 ], [ 136.855375, 35.456916667 ], [ 136.8554375, 35.456916667 ], [ 136.8555, 35.456916667 ], [ 136.8555, 35.456875 ], [ 136.8554375, 35.456875 ], [ 136.8554375, 35.456833333 ], [ 136.8554375, 35.456791667 ], [ 136.8554375, 35.45675 ], [ 136.855375, 35.45675 ], [ 136.8553125, 35.45675 ], [ 136.85525, 35.45675 ], [ 136.85525, 35.456708333 ], [ 136.8553125, 35.456708333 ], [ 136.855375, 35.456708333 ], [ 136.8554375, 35.456708333 ], [ 136.8555, 35.456708333 ], [ 136.8555625, 35.456708333 ], [ 136.8555625, 35.45675 ], [ 136.855625, 35.45675 ], [ 136.855625, 35.456708333 ], [ 136.855625, 35.456666667 ], [ 136.8556875, 35.456666667 ], [ 136.85575, 35.456666667 ], [ 136.8558125, 35.456666667 ], [ 136.855875, 35.456666667 ], [ 136.855875, 35.456625 ], [ 136.855875, 35.456583333 ], [ 136.855875, 35.456541667 ], [ 136.8558125, 35.456541667 ], [ 136.8558125, 35.4565 ], [ 136.8558125, 35.456458333 ], [ 136.8558125, 35.456416667 ], [ 136.8558125, 35.456375 ], [ 136.8558125, 35.456333333 ], [ 136.8558125, 35.456291667 ], [ 136.855875, 35.456291667 ], [ 136.8559375, 35.456291667 ], [ 136.8559375, 35.45625 ], [ 136.8559375, 35.456208333 ], [ 136.855875, 35.456208333 ], [ 136.8558125, 35.456208333 ], [ 136.85575, 35.456208333 ], [ 136.8556875, 35.456208333 ], [ 136.855625, 35.456208333 ], [ 136.8555625, 35.456208333 ], [ 136.8555, 35.456208333 ], [ 136.8555, 35.456166667 ], [ 136.8554375, 35.456166667 ], [ 136.855375, 35.456166667 ], [ 136.8553125, 35.456166667 ], [ 136.85525, 35.456166667 ], [ 136.8551875, 35.456166667 ], [ 136.855125, 35.456166667 ], [ 136.855125, 35.456208333 ], [ 136.8550625, 35.456208333 ], [ 136.8550625, 35.45625 ], [ 136.855125, 35.45625 ], [ 136.855125, 35.456291667 ], [ 136.855125, 35.456333333 ], [ 136.8551875, 35.456333333 ], [ 136.85525, 35.456333333 ], [ 136.85525, 35.456375 ], [ 136.8553125, 35.456375 ], [ 136.855375, 35.456375 ], [ 136.855375, 35.456333333 ], [ 136.8553125, 35.456333333 ], [ 136.8553125, 35.456291667 ], [ 136.85525, 35.456291667 ], [ 136.85525, 35.45625 ], [ 136.85525, 35.456208333 ], [ 136.8553125, 35.456208333 ], [ 136.855375, 35.456208333 ], [ 136.8554375, 35.456208333 ], [ 136.8554375, 35.45625 ], [ 136.8555, 35.45625 ], [ 136.8555625, 35.45625 ], [ 136.855625, 35.45625 ], [ 136.8556875, 35.45625 ], [ 136.85575, 35.45625 ], [ 136.85575, 35.456291667 ], [ 136.85575, 35.456333333 ], [ 136.85575, 35.456375 ], [ 136.85575, 35.456416667 ], [ 136.85575, 35.456458333 ], [ 136.85575, 35.4565 ], [ 136.85575, 35.456541667 ], [ 136.85575, 35.456583333 ], [ 136.8556875, 35.456583333 ], [ 136.855625, 35.456583333 ], [ 136.855625, 35.456625 ], [ 136.8555625, 35.456625 ], [ 136.8555625, 35.456583333 ], [ 136.8555, 35.456583333 ], [ 136.8555, 35.456625 ], [ 136.8554375, 35.456625 ], [ 136.855375, 35.456625 ], [ 136.8553125, 35.456625 ], [ 136.8553125, 35.456583333 ], [ 136.85525, 35.456583333 ], [ 136.85525, 35.456541667 ], [ 136.8553125, 35.456541667 ], [ 136.855375, 35.456541667 ], [ 136.8554375, 35.456541667 ], [ 136.8554375, 35.4565 ], [ 136.855375, 35.4565 ], [ 136.8553125, 35.4565 ], [ 136.85525, 35.4565 ], [ 136.8551875, 35.4565 ], [ 136.855125, 35.4565 ], [ 136.8550625, 35.4565 ], [ 136.8550625, 35.456458333 ], [ 136.8550625, 35.456416667 ], [ 136.855, 35.456416667 ], [ 136.8549375, 35.456416667 ], [ 136.854875, 35.456416667 ], [ 136.854875, 35.456375 ], [ 136.8548125, 35.456375 ], [ 136.8548125, 35.456333333 ], [ 136.854875, 35.456333333 ], [ 136.854875, 35.456291667 ], [ 136.8549375, 35.456291667 ], [ 136.8549375, 35.456333333 ], [ 136.855, 35.456333333 ], [ 136.8550625, 35.456333333 ], [ 136.8550625, 35.456291667 ], [ 136.8550625, 35.45625 ], [ 136.855, 35.45625 ], [ 136.8549375, 35.45625 ], [ 136.854875, 35.45625 ], [ 136.8548125, 35.45625 ], [ 136.85475, 35.45625 ], [ 136.85475, 35.456208333 ], [ 136.8548125, 35.456208333 ], [ 136.854875, 35.456208333 ], [ 136.8549375, 35.456208333 ], [ 136.855, 35.456208333 ], [ 136.8550625, 35.456208333 ], [ 136.8550625, 35.456166667 ], [ 136.855, 35.456166667 ], [ 136.8549375, 35.456166667 ], [ 136.854875, 35.456166667 ], [ 136.8548125, 35.456166667 ], [ 136.85475, 35.456166667 ], [ 136.85475, 35.456125 ], [ 136.8546875, 35.456125 ], [ 136.854625, 35.456125 ], [ 136.8545625, 35.456125 ], [ 136.8545625, 35.456166667 ], [ 136.854625, 35.456166667 ], [ 136.8546875, 35.456166667 ], [ 136.8546875, 35.456208333 ], [ 136.854625, 35.456208333 ], [ 136.854625, 35.45625 ], [ 136.854625, 35.456291667 ], [ 136.854625, 35.456333333 ], [ 136.854625, 35.456375 ], [ 136.854625, 35.456416667 ], [ 136.8545625, 35.456416667 ], [ 136.8545625, 35.456375 ], [ 136.8545, 35.456375 ], [ 136.8544375, 35.456375 ], [ 136.8544375, 35.456333333 ], [ 136.8544375, 35.456291667 ], [ 136.8544375, 35.45625 ], [ 136.8544375, 35.456208333 ], [ 136.854375, 35.456208333 ], [ 136.854375, 35.456166667 ], [ 136.8543125, 35.456166667 ], [ 136.8543125, 35.456208333 ], [ 136.8543125, 35.45625 ], [ 136.8543125, 35.456291667 ], [ 136.8543125, 35.456333333 ], [ 136.8543125, 35.456375 ], [ 136.85425, 35.456375 ], [ 136.85425, 35.456416667 ], [ 136.85425, 35.456458333 ], [ 136.85425, 35.4565 ], [ 136.8541875, 35.4565 ], [ 136.854125, 35.4565 ], [ 136.8540625, 35.4565 ], [ 136.854, 35.4565 ], [ 136.8539375, 35.4565 ], [ 136.853875, 35.4565 ], [ 136.853875, 35.456458333 ], [ 136.8538125, 35.456458333 ], [ 136.8538125, 35.456416667 ], [ 136.85375, 35.456416667 ], [ 136.85375, 35.456458333 ], [ 136.8536875, 35.456458333 ], [ 136.8536875, 35.456416667 ], [ 136.853625, 35.456416667 ], [ 136.853625, 35.456375 ], [ 136.853625, 35.456333333 ], [ 136.8535625, 35.456333333 ], [ 136.8535625, 35.456291667 ], [ 136.8535, 35.456291667 ], [ 136.8535, 35.456333333 ], [ 136.8534375, 35.456333333 ], [ 136.853375, 35.456333333 ], [ 136.8533125, 35.456333333 ], [ 136.85325, 35.456333333 ], [ 136.85325, 35.456291667 ], [ 136.8531875, 35.456291667 ], [ 136.8531875, 35.456333333 ], [ 136.8531875, 35.456375 ], [ 136.85325, 35.456375 ], [ 136.85325, 35.456416667 ], [ 136.8531875, 35.456416667 ], [ 136.8531875, 35.456458333 ], [ 136.8531875, 35.4565 ], [ 136.8531875, 35.456541667 ], [ 136.853125, 35.456541667 ], [ 136.853125, 35.456583333 ], [ 136.8530625, 35.456583333 ], [ 136.8530625, 35.456625 ], [ 136.853, 35.456625 ], [ 136.8529375, 35.456625 ], [ 136.8529375, 35.456666667 ], [ 136.852875, 35.456666667 ], [ 136.8528125, 35.456666667 ], [ 136.8528125, 35.456708333 ], [ 136.85275, 35.456708333 ], [ 136.85275, 35.45675 ], [ 136.8526875, 35.45675 ], [ 136.852625, 35.45675 ], [ 136.852625, 35.456791667 ], [ 136.8526875, 35.456791667 ], [ 136.8526875, 35.456833333 ], [ 136.85275, 35.456833333 ], [ 136.85275, 35.456875 ], [ 136.85275, 35.456916667 ], [ 136.85275, 35.456958333 ], [ 136.85275, 35.457 ], [ 136.85275, 35.457041667 ], [ 136.8528125, 35.457041667 ], [ 136.8528125, 35.457083333 ], [ 136.852875, 35.457083333 ], [ 136.8529375, 35.457083333 ], [ 136.8529375, 35.457041667 ], [ 136.8529375, 35.457 ], [ 136.852875, 35.457 ], [ 136.852875, 35.456958333 ], [ 136.8529375, 35.456958333 ], [ 136.8529375, 35.456916667 ], [ 136.8529375, 35.456875 ], [ 136.8529375, 35.456833333 ], [ 136.8529375, 35.456791667 ], [ 136.8529375, 35.45675 ], [ 136.8529375, 35.456708333 ], [ 136.853, 35.456708333 ], [ 136.8530625, 35.456708333 ], [ 136.8530625, 35.456666667 ], [ 136.853125, 35.456666667 ], [ 136.8531875, 35.456666667 ], [ 136.85325, 35.456666667 ], [ 136.85325, 35.456625 ], [ 136.8533125, 35.456625 ], [ 136.853375, 35.456625 ], [ 136.8534375, 35.456625 ], [ 136.8535, 35.456625 ], [ 136.8535625, 35.456625 ], [ 136.853625, 35.456625 ], [ 136.8536875, 35.456625 ], [ 136.85375, 35.456625 ], [ 136.8538125, 35.456625 ], [ 136.8538125, 35.456666667 ], [ 136.85375, 35.456666667 ], [ 136.85375, 35.456708333 ], [ 136.85375, 35.45675 ], [ 136.85375, 35.456791667 ], [ 136.8536875, 35.456791667 ], [ 136.8536875, 35.456833333 ], [ 136.8536875, 35.456875 ], [ 136.8536875, 35.456916667 ], [ 136.8536875, 35.456958333 ], [ 136.8536875, 35.457 ], [ 136.8536875, 35.457041667 ], [ 136.8536875, 35.457083333 ], [ 136.8536875, 35.457125 ], [ 136.85375, 35.457125 ], [ 136.85375, 35.457166667 ], [ 136.8538125, 35.457166667 ], [ 136.853875, 35.457166667 ], [ 136.8539375, 35.457166667 ], [ 136.854, 35.457166667 ], [ 136.854, 35.457125 ], [ 136.8539375, 35.457125 ], [ 136.853875, 35.457125 ], [ 136.853875, 35.457083333 ], [ 136.853875, 35.457041667 ], [ 136.8539375, 35.457041667 ], [ 136.854, 35.457041667 ], [ 136.854, 35.457 ], [ 136.8540625, 35.457 ], [ 136.8540625, 35.457041667 ], [ 136.8540625, 35.457083333 ], [ 136.8540625, 35.457125 ], [ 136.8540625, 35.457166667 ], [ 136.8540625, 35.457208333 ], [ 136.854125, 35.457208333 ], [ 136.8541875, 35.457208333 ], [ 136.85425, 35.457208333 ], [ 136.8543125, 35.457208333 ], [ 136.854375, 35.457208333 ], [ 136.854375, 35.457166667 ], [ 136.8543125, 35.457166667 ], [ 136.8543125, 35.457125 ], [ 136.8543125, 35.457083333 ], [ 136.85425, 35.457083333 ], [ 136.85425, 35.457125 ], [ 136.85425, 35.457166667 ], [ 136.8541875, 35.457166667 ], [ 136.8541875, 35.457125 ], [ 136.8541875, 35.457083333 ], [ 136.8541875, 35.457041667 ], [ 136.8541875, 35.457 ], [ 136.8541875, 35.456958333 ], [ 136.8541875, 35.456916667 ], [ 136.8541875, 35.456875 ], [ 136.85425, 35.456875 ], [ 136.85425, 35.456916667 ], [ 136.8543125, 35.456916667 ], [ 136.8543125, 35.456958333 ], [ 136.854375, 35.456958333 ], [ 136.854375, 35.456916667 ], [ 136.854375, 35.456875 ], [ 136.854375, 35.456833333 ], [ 136.8543125, 35.456833333 ], [ 136.85425, 35.456833333 ], [ 136.8541875, 35.456833333 ], [ 136.8541875, 35.456791667 ], [ 136.8541875, 35.45675 ], [ 136.8541875, 35.456708333 ] ], [ [ 136.853875, 35.456666667 ], [ 136.853875, 35.456625 ], [ 136.8539375, 35.456625 ], [ 136.854, 35.456625 ], [ 136.854, 35.456666667 ], [ 136.854, 35.456708333 ], [ 136.8539375, 35.456708333 ], [ 136.853875, 35.456708333 ], [ 136.853875, 35.456666667 ] ], [ [ 136.8551875, 35.456708333 ], [ 136.8551875, 35.45675 ], [ 136.855125, 35.45675 ], [ 136.855125, 35.456708333 ], [ 136.8551875, 35.456708333 ] ], [ [ 136.8553125, 35.456833333 ], [ 136.8553125, 35.456875 ], [ 136.85525, 35.456875 ], [ 136.85525, 35.456833333 ], [ 136.8553125, 35.456833333 ] ] ] } },
{ "type": "Feature", "properties": { "A31a_101": "8505090063", "A31a_102": "山田川", "A31a_103": "21", "A31a_104": "岐阜県", "A31a_105": 1 }, "geometry": { "type": "Polygon", "coordinates": [ [ [ 136.854875, 35.457166667 ], [ 136.8548125, 35.457166667 ], [ 136.8548125, 35.457208333 ], [ 136.854875, 35.457208333 ], [ 136.854875, 35.457166667 ] ] ] } },
{ "type": "Feature", "properties": { "A31a_101": "8505090063", "A31a_102": "山田川", "A31a_103": "21", "A31a_104": "岐阜県", "A31a_105": 1 }, "geometry": { "type": "Polygon", "coordinates": [ [ [ 136.855625, 35.457166667 ], [ 136.855625, 35.457125 ], [ 136.855625, 35.457083333 ], [ 136.8555625, 35.457083333 ], [ 136.8555625, 35.457125 ], [ 136.8555625, 35.457166667 ], [ 136.8555, 35.457166667 ], [ 136.8554375, 35.457166667 ], [ 136.8554375, 35.457208333 ], [ 136.8555, 35.457208333 ], [ 136.8555625, 35.457208333 ], [ 136.855625, 35.457208333 ], [ 136.855625, 35.457166667 ] ] ] } },
{ "type": "Feature", "properties": { "A31a_101": "8505090063", "A31a_102": "山田川", "A31a_103": "21", "A31a_104": "岐阜県", "A31a_105": 1 }, "geometry": { "type": "Polygon", "coordinates": [ [ [ 136.8556875, 35.456875 ], [ 136.855625, 35.456875 ], [ 136.855625, 35.456916667 ], [ 136.855625, 35.456958333 ], [ 136.855625, 35.457 ], [ 136.8556875, 35.457 ], [ 136.8556875, 35.457041667 ], [ 136.8556875, 35.457083333 ], [ 136.8556875, 35.457125 ], [ 136.8556875, 35.457166667 ], [ 136.8556875, 35.457208333 ], [ 136.85575, 35.457208333 ], [ 136.85575, 35.457166667 ], [ 136.85575, 35.457125 ], [ 136.85575, 35.457083333 ], [ 136.85575, 35.457041667 ], [ 136.85575, 35.457 ], [ 136.85575, 35.456958333 ], [ 136.8556875, 35.456958333 ], [ 136.8556875, 35.456916667 ], [ 136.8556875, 35.456875 ] ] ] } },
{ "type": "Feature", "properties": { "A31a_101": "8505090063", "A31a_102": "山田川", "A31a_103": "21", "A31a_104": "岐阜県", "A31a_105": 1 }, "geometry": { "type": "Polygon", "coordinates": [ [ [ 136.857, 35.457208333 ], [ 136.857, 35.457166667 ], [ 136.8569375, 35.457166667 ], [ 136.8569375, 35.457208333 ], [ 136.857, 35.457208333 ] ] ] } },
{ "type": "Feature", "properties": { "A31a_101": "8505090063", "A31a_102": "山田川", "A31a_103": "21", "A31a_104": "岐阜県", "A31a_105": 1 }, "geometry": { "type": "Polygon", "coordinates": [ [ [ 136.857375, 35.457166667 ], [ 136.8573125, 35.457166667 ], [ 136.8573125, 35.457208333 ], [ 136.857375, 35.457208333 ], [ 136.8574375, 35.457208333 ], [ 136.8574375, 35.457166667 ], [ 136.857375, 35.457166667 ] ] ] } },
{ "type": "Feature", "properties": { "A31a_101": "8505090063", "A31a_102": "山田川", "A31a_103": "21", "A31a_104": "岐阜県", "A31a_105": 1 }, "geometry": { "type": "Polygon", "coordinates": [ [ [ 136.855, 35.457208333 ], [ 136.8549375, 35.457208333 ], [ 136.8549375, 35.45725 ], [ 136.855, 35.45725 ], [ 136.8550625, 35.45725 ], [ 136.8550625, 35.457208333 ], [ 136.855, 35.457208333 ] ] ] } },
{ "type": "Feature", "properties": { "A31a_101": "8505090063", "A31a_102": "山田川", "A31a_103": "21", "A31a_104": "岐阜県", "A31a_105": 1 }, "geometry": { "type": "Polygon", "coordinates": [ [ [ 136.8559375, 35.457208333 ], [ 136.855875, 35.457208333 ], [ 136.855875, 35.45725 ], [ 136.8559375, 35.45725 ], [ 136.8559375, 35.457208333 ] ] ] } },
{ "type": "Feature", "properties": { "A31a_101": "8505090063", "A31a_102": "山田川", "A31a_103": "21", "A31a_104": "岐阜県", "A31a_105": 1 }, "geometry": { "type": "Polygon", "coordinates": [ [ [ 136.8564375, 35.457208333 ], [ 136.856375, 35.457208333 ], [ 136.856375, 35.45725 ], [ 136.8564375, 35.45725 ], [ 136.8564375, 35.457208333 ] ] ] } },
{ "type": "Feature", "properties": { "A31a_101": "8505090063", "A31a_102": "山田川", "A31a_103": "21", "A31a_104": "岐阜県", "A31a_105": 1 }, "geometry": { "type": "Polygon", "coordinates": [ [ [ 136.8555625, 35.45725 ], [ 136.8555, 35.45725 ], [ 136.8555, 35.457291667 ], [ 136.8555625, 35.457291667 ], [ 136.855625, 35.457291667 ], [ 136.855625, 35.45725 ], [ 136.8555625, 35.45725 ] ] ] } },
{ "type": "Feature", "properties": { "A31a_101": "8505090063", "A31a_102": "山田川", "A31a_103": "21", "A31a_104": "岐阜県", "A31a_105": 1 }, "geometry": { "type": "Polygon", "coordinates": [ [ [ 136.8558125, 35.457291667 ], [ 136.85575, 35.457291667 ], [ 136.85575, 35.457333333 ], [ 136.8558125, 35.457333333 ], [ 136.855875, 35.457333333 ], [ 136.8559375, 35.457333333 ], [ 136.8559375, 35.457291667 ], [ 136.855875, 35.457291667 ], [ 136.8558125, 35.457291667 ] ] ] } },
{ "type": "Feature", "properties": { "A31a_101": "8505090063", "A31a_102": "山田川", "A31a_103": "21", "A31a_104": "岐阜県", "A31a_105": 1 }, "geometry": { "type": "Polygon", "coordinates": [ [ [ 136.8588125, 35.457291667 ], [ 136.85875, 35.457291667 ], [ 136.8586875, 35.457291667 ], [ 136.8586875, 35.457333333 ], [ 136.85875, 35.457333333 ], [ 136.8588125, 35.457333333 ], [ 136.8588125, 35.457291667 ] ] ] } },
{ "type": "Feature", "properties": { "A31a_101": "8505090063", "A31a_102": "山田川", "A31a_103": "21", "A31a_104": "岐阜県", "A31a_105": 1 }, "geometry": { "type": "Polygon", "coordinates": [ [ [ 136.8468125, 35.457333333 ], [ 136.8468125, 35.457291667 ], [ 136.84675, 35.457291667 ], [ 136.84675, 35.457333333 ], [ 136.8466875, 35.457333333 ], [ 136.846625, 35.457333333 ], [ 136.846625, 35.457375 ], [ 136.8466875, 35.457375 ], [ 136.84675, 35.457375 ], [ 136.8468125, 35.457375 ], [ 136.8468125, 35.457333333 ] ] ] } },
{ "type": "Feature", "properties": { "A31a_101": "8505090063", "A31a_102": "山田川", "A31a_103": "21", "A31a_104": "岐阜県", "A31a_105": 1 }, "geometry": { "type": "Polygon", "coordinates": [ [ [ 136.856375, 35.457333333 ], [ 136.8563125, 35.457333333 ], [ 136.8563125, 35.457375 ], [ 136.856375, 35.457375 ], [ 136.8564375, 35.457375 ], [ 136.8564375, 35.457333333 ], [ 136.856375, 35.457333333 ] ] ] } },
{ "type": "Feature", "properties": { "A31a_101": "8505090063", "A31a_102": "山田川", "A31a_103": "21", "A31a_104": "岐阜県", "A31a_105": 1 }, "geometry": { "type": "Polygon", "coordinates": [ [ [ 136.8586875, 35.457333333 ], [ 136.858625, 35.457333333 ], [ 136.8585625, 35.457333333 ], [ 136.8585625, 35.457375 ], [ 136.858625, 35.457375 ], [ 136.8586875, 35.457375 ], [ 136.8586875, 35.457333333 ] ] ] } },
{ "type": "Feature", "properties": { "A31a_101": "8505090063", "A31a_102": "山田川", "A31a_103": "21", "A31a_104": "岐阜県", "A31a_105": 1 }, "geometry": { "type": "Polygon", "coordinates": [ [ [ 136.8761875, 35.457375 ], [ 136.8761875, 35.457333333 ], [ 136.87625, 35.457333333 ], [ 136.87625, 35.457291667 ], [ 136.87625, 35.45725 ], [ 136.87625, 35.457208333 ], [ 136.8761875, 35.457208333 ], [ 136.876125, 35.457208333 ], [ 136.876125, 35.45725 ], [ 136.8760625, 35.45725 ], [ 136.8760625, 35.457291667 ], [ 136.876125, 35.457291667 ], [ 136.876125, 35.457333333 ], [ 136.876125, 35.457375 ], [ 136.8761875, 35.457375 ] ] ] } },
{ "type": "Feature", "properties": { "A31a_101": "8505090063", "A31a_102": "山田川", "A31a_103": "21", "A31a_104": "岐阜県", "A31a_105": 1 }, "geometry": { "type": "Polygon", "coordinates": [ [ [ 136.846875, 35.457375 ], [ 136.8469375, 35.457375 ], [ 136.847, 35.457375 ], [ 136.8470625, 35.457375 ], [ 136.8470625, 35.457333333 ], [ 136.8470625, 35.457291667 ], [ 136.8470625, 35.45725 ], [ 136.8470625, 35.457208333 ], [ 136.8470625, 35.457166667 ], [ 136.8470625, 35.457125 ], [ 136.8470625, 35.457083333 ], [ 136.8470625, 35.457041667 ], [ 136.8470625, 35.457 ], [ 136.8470625, 35.456958333 ], [ 136.8470625, 35.456916667 ], [ 136.847, 35.456916667 ], [ 136.847, 35.456875 ], [ 136.8469375, 35.456875 ], [ 136.846875, 35.456875 ], [ 136.8468125, 35.456875 ], [ 136.8468125, 35.456916667 ], [ 136.8468125, 35.456958333 ], [ 136.8468125, 35.457 ], [ 136.8468125, 35.457041667 ], [ 136.8468125, 35.457083333 ], [ 136.846875, 35.457083333 ], [ 136.846875, 35.457125 ], [ 136.846875, 35.457166667 ], [ 136.846875, 35.457208333 ], [ 136.846875, 35.45725 ], [ 136.846875, 35.457291667 ], [ 136.846875, 35.457333333 ], [ 136.846875, 35.457375 ] ] ] } },
{ "type": "Feature", "properties": { "A31a_101": "8505090063", "A31a_102": "山田川", "A31a_103": "21", "A31a_104": "岐阜県", "A31a_105": 1 }, "geometry": { "type": "Polygon", "coordinates": [ [ [ 136.8585, 35.457375 ], [ 136.8584375, 35.457375 ], [ 136.8584375, 35.457416667 ], [ 136.8585, 35.457416667 ], [ 136.8585, 35.457375 ] ] ] } },
{ "type": "Feature", "properties": { "A31a_101": "8505090063", "A31a_102": "山田川", "A31a_103": "21", "A31a_104": "岐阜県", "A31a_105": 1 }, "geometry": { "type": "Polygon", "coordinates": [ [ [ 136.8589375, 35.456958333 ], [ 136.8589375, 35.456916667 ], [ 136.859, 35.456916667 ], [ 136.8590625, 35.456916667 ], [ 136.8590625, 35.456958333 ], [ 136.8590625, 35.457 ], [ 136.8590625, 35.457041667 ], [ 136.859, 35.457041667 ], [ 136.859, 35.457 ], [ 136.859, 35.456958333 ], [ 136.8589375, 35.456958333 ], [ 136.8589375, 35.457 ], [ 136.8589375, 35.457041667 ], [ 136.858875, 35.457041667 ], [ 136.858875, 35.457083333 ], [ 136.8588125, 35.457083333 ], [ 136.8588125, 35.457125 ], [ 136.8588125, 35.457166667 ], [ 136.858875, 35.457166667 ], [ 136.858875, 35.457125 ], [ 136.8589375, 35.457125 ], [ 136.8589375, 35.457166667 ], [ 136.8589375, 35.457208333 ], [ 136.858875, 35.457208333 ], [ 136.8588125, 35.457208333 ], [ 136.8588125, 35.45725 ], [ 136.8588125, 35.457291667 ], [ 136.858875, 35.457291667 ], [ 136.8589375, 35.457291667 ], [ 136.859, 35.457291667 ], [ 136.859, 35.45725 ], [ 136.8590625, 35.45725 ], [ 136.859125, 35.45725 ], [ 136.8591875, 35.45725 ], [ 136.8591875, 35.457208333 ], [ 136.85925, 35.457208333 ], [ 136.8593125, 35.457208333 ], [ 136.859375, 35.457208333 ], [ 136.859375, 35.457166667 ], [ 136.8593125, 35.457166667 ], [ 136.8593125, 35.457125 ], [ 136.8593125, 35.457083333 ], [ 136.8593125, 35.457041667 ], [ 136.8593125, 35.457 ], [ 136.8593125, 35.456958333 ], [ 136.8593125, 35.456916667 ], [ 136.859375, 35.456916667 ], [ 136.8594375, 35.456916667 ], [ 136.8595, 35.456916667 ], [ 136.8595, 35.456875 ], [ 136.8595, 35.456833333 ], [ 136.8594375, 35.456833333 ], [ 136.859375, 35.456833333 ], [ 136.8593125, 35.456833333 ], [ 136.8593125, 35.456791667 ], [ 136.859375, 35.456791667 ], [ 136.8594375, 35.456791667 ], [ 136.8594375, 35.45675 ], [ 136.8595, 35.45675 ], [ 136.8595, 35.456708333 ], [ 136.8595, 35.456666667 ], [ 136.8595625, 35.456666667 ], [ 136.8595625, 35.456625 ], [ 136.8595625, 35.456583333 ], [ 136.8595625, 35.456541667 ], [ 136.8595625, 35.4565 ], [ 136.8595, 35.4565 ], [ 136.8594375, 35.4565 ], [ 136.8594375, 35.456458333 ], [ 136.859375, 35.456458333 ], [ 136.8593125, 35.456458333 ], [ 136.8593125, 35.4565 ], [ 136.8593125, 35.456541667 ], [ 136.859375, 35.456541667 ], [ 136.859375, 35.456583333 ], [ 136.859375, 35.456625 ], [ 136.8593125, 35.456625 ], [ 136.8593125, 35.456666667 ], [ 136.8593125, 35.456708333 ], [ 136.85925, 35.456708333 ], [ 136.85925, 35.456666667 ], [ 136.8591875, 35.456666667 ], [ 136.859125, 35.456666667 ], [ 136.859125, 35.456625 ], [ 136.8590625, 35.456625 ], [ 136.8590625, 35.456666667 ], [ 136.859, 35.456666667 ], [ 136.859, 35.456625 ], [ 136.859, 35.456583333 ], [ 136.859, 35.456541667 ], [ 136.859, 35.4565 ], [ 136.8590625, 35.4565 ], [ 136.8590625, 35.456541667 ], [ 136.859125, 35.456541667 ], [ 136.8591875, 35.456541667 ], [ 136.8591875, 35.4565 ], [ 136.8591875, 35.456458333 ], [ 136.859125, 35.456458333 ], [ 136.8590625, 35.456458333 ], [ 136.859, 35.456458333 ], [ 136.8589375, 35.456458333 ], [ 136.858875, 35.456458333 ], [ 136.8588125, 35.456458333 ], [ 136.85875, 35.456458333 ], [ 136.8586875, 35.456458333 ], [ 136.8586875, 35.4565 ], [ 136.858625, 35.4565 ], [ 136.858625, 35.456458333 ], [ 136.8585625, 35.456458333 ], [ 136.8585625, 35.4565 ], [ 136.8585625, 35.456541667 ], [ 136.8585625, 35.456583333 ], [ 136.858625, 35.456583333 ], [ 136.8586875, 35.456583333 ], [ 136.8586875, 35.456625 ], [ 136.8586875, 35.456666667 ], [ 136.858625, 35.456666667 ], [ 136.8585625, 35.456666667 ], [ 136.8585625, 35.456708333 ], [ 136.8585, 35.456708333 ], [ 136.8584375, 35.456708333 ], [ 136.858375, 35.456708333 ], [ 136.858375, 35.456666667 ], [ 136.858375, 35.456625 ], [ 136.858375, 35.456583333 ], [ 136.858375, 35.456541667 ], [ 136.858375, 35.4565 ], [ 136.858375, 35.456458333 ], [ 136.8583125, 35.456458333 ], [ 136.8583125, 35.4565 ], [ 136.8583125, 35.456541667 ], [ 136.8583125, 35.456583333 ], [ 136.85825, 35.456583333 ], [ 136.8581875, 35.456583333 ], [ 136.858125, 35.456583333 ], [ 136.8580625, 35.456583333 ], [ 136.8580625, 35.456625 ], [ 136.8580625, 35.456666667 ], [ 136.858, 35.456666667 ], [ 136.858, 35.456625 ], [ 136.858, 35.456583333 ], [ 136.858, 35.456541667 ], [ 136.858, 35.4565 ], [ 136.858, 35.456458333 ], [ 136.858, 35.456416667 ], [ 136.8580625, 35.456416667 ], [ 136.8580625, 35.456375 ], [ 136.858, 35.456375 ], [ 136.858, 35.456333333 ], [ 136.8579375, 35.456333333 ], [ 136.8579375, 35.456291667 ], [ 136.8579375, 35.45625 ], [ 136.857875, 35.45625 ], [ 136.857875, 35.456291667 ], [ 136.8578125, 35.456291667 ], [ 136.85775, 35.456291667 ], [ 136.8576875, 35.456291667 ], [ 136.8576875, 35.45625 ], [ 136.857625, 35.45625 ], [ 136.8575625, 35.45625 ], [ 136.8575, 35.45625 ], [ 136.8575, 35.456291667 ], [ 136.8575, 35.456333333 ], [ 136.8575, 35.456375 ], [ 136.8575625, 35.456375 ], [ 136.857625, 35.456375 ], [ 136.857625, 35.456416667 ], [ 136.8576875, 35.456416667 ], [ 136.8576875, 35.456458333 ], [ 136.8576875, 35.4565 ], [ 136.857625, 35.4565 ], [ 136.857625, 35.456458333 ], [ 136.8575625, 35.456458333 ], [ 136.8575625, 35.4565 ], [ 136.8575625, 35.456541667 ], [ 136.8575, 35.456541667 ], [ 136.8575, 35.456583333 ], [ 136.8575, 35.456625 ], [ 136.8575, 35.456666667 ], [ 136.8575, 35.456708333 ], [ 136.8575, 35.45675 ], [ 136.8575, 35.456791667 ], [ 136.8575625, 35.456791667 ], [ 136.857625, 35.456791667 ], [ 136.857625, 35.45675 ], [ 136.8575625, 35.45675 ], [ 136.8575625, 35.456708333 ], [ 136.857625, 35.456708333 ], [ 136.8576875, 35.456708333 ], [ 136.8576875, 35.456666667 ], [ 136.85775, 35.456666667 ], [ 136.8578125, 35.456666667 ], [ 136.8578125, 35.456625 ], [ 136.85775, 35.456625 ], [ 136.85775, 35.456583333 ], [ 136.85775, 35.456541667 ], [ 136.85775, 35.4565 ], [ 136.85775, 35.456458333 ], [ 136.85775, 35.456416667 ], [ 136.8578125, 35.456416667 ], [ 136.857875, 35.456416667 ], [ 136.8579375, 35.456416667 ], [ 136.8579375, 35.456458333 ], [ 136.8579375, 35.4565 ], [ 136.8579375, 35.456541667 ], [ 136.8579375, 35.456583333 ], [ 136.8579375, 35.456625 ], [ 136.857875, 35.456625 ], [ 136.857875, 35.456666667 ], [ 136.8578125, 35.456666667 ], [ 136.8578125, 35.456708333 ], [ 136.8578125, 35.45675 ], [ 136.8578125, 35.456791667 ], [ 136.857875, 35.456791667 ], [ 136.857875, 35.45675 ], [ 136.8579375, 35.45675 ], [ 136.8579375, 35.456708333 ], [ 136.858, 35.456708333 ], [ 136.8580625, 35.456708333 ], [ 136.858125, 35.456708333 ], [ 136.858125, 35.456666667 ], [ 136.8581875, 35.456666667 ], [ 136.8581875, 35.456625 ], [ 136.85825, 35.456625 ], [ 136.8583125, 35.456625 ], [ 136.8583125, 35.456666667 ], [ 136.8583125, 35.456708333 ], [ 136.85825, 35.456708333 ], [ 136.8581875, 35.456708333 ], [ 136.858125, 35.456708333 ], [ 136.858125, 35.45675 ], [ 136.858125, 35.456791667 ], [ 136.858125, 35.456833333 ], [ 136.8581875, 35.456833333 ], [ 136.8581875, 35.456875 ], [ 136.858125, 35.456875 ], [ 136.858125, 35.456916667 ], [ 136.858125, 35.456958333 ], [ 136.858125, 35.457 ], [ 136.8581875, 35.457 ], [ 136.8581875, 35.457041667 ], [ 136.8581875, 35.457083333 ], [ 136.858125, 35.457083333 ], [ 136.858125, 35.457125 ], [ 136.858125, 35.457166667 ], [ 136.8580625, 35.457166667 ], [ 136.858, 35.457166667 ], [ 136.858, 35.457125 ], [ 136.858, 35.457083333 ], [ 136.858, 35.457041667 ], [ 136.858, 35.457 ], [ 136.858, 35.456958333 ], [ 136.858, 35.456916667 ], [ 136.858, 35.456875 ], [ 136.858, 35.456833333 ], [ 136.8580625, 35.456833333 ], [ 136.8580625, 35.456791667 ], [ 136.858, 35.456791667 ], [ 136.8579375, 35.456791667 ], [ 136.857875, 35.456791667 ], [ 136.857875, 35.456833333 ], [ 136.8578125, 35.456833333 ], [ 136.85775, 35.456833333 ], [ 136.85775, 35.456791667 ], [ 136.8576875, 35.456791667 ], [ 136.8576875, 35.456833333 ], [ 136.857625, 35.456833333 ], [ 136.8575625, 35.456833333 ], [ 136.8575, 35.456833333 ], [ 136.8575, 35.456791667 ], [ 136.8574375, 35.456791667 ], [ 136.8574375, 35.456833333 ], [ 136.857375, 35.456833333 ], [ 136.8573125, 35.456833333 ], [ 136.8573125, 35.456791667 ], [ 136.857375, 35.456791667 ], [ 136.8574375, 35.456791667 ], [ 136.8574375, 35.45675 ], [ 136.857375, 35.45675 ], [ 136.857375, 35.456708333 ], [ 136.8574375, 35.456708333 ], [ 136.8574375, 35.456666667 ], [ 136.857375, 35.456666667 ], [ 136.857375, 35.456625 ], [ 136.857375, 35.456583333 ], [ 136.8574375, 35.456583333 ], [ 136.8574375, 35.456541667 ], [ 136.857375, 35.456541667 ], [ 136.857375, 35.4565 ], [ 136.8574375, 35.4565 ], [ 136.8574375, 35.456458333 ], [ 136.857375, 35.456458333 ], [ 136.857375, 35.456416667 ], [ 136.8574375, 35.456416667 ], [ 136.8574375, 35.456375 ], [ 136.8574375, 35.456333333 ], [ 136.8574375, 35.456291667 ], [ 136.857375, 35.456291667 ], [ 136.8573125, 35.456291667 ], [ 136.8573125, 35.45625 ], [ 136.85725, 35.45625 ], [ 136.8571875, 35.45625 ], [ 136.857125, 35.45625 ], [ 136.8570625, 35.45625 ], [ 136.857, 35.45625 ], [ 136.8569375, 35.45625 ], [ 136.856875, 35.45625 ], [ 136.8568125, 35.45625 ], [ 136.85675, 35.45625 ], [ 136.8566875, 35.45625 ], [ 136.8566875, 35.456291667 ], [ 136.85675, 35.456291667 ], [ 136.8568125, 35.456291667 ], [ 136.856875, 35.456291667 ], [ 136.8569375, 35.456291667 ], [ 136.857, 35.456291667 ], [ 136.8570625, 35.456291667 ], [ 136.8570625, 35.456333333 ], [ 136.857, 35.456333333 ], [ 136.857, 35.456375 ], [ 136.8569375, 35.456375 ], [ 136.856875, 35.456375 ], [ 136.8568125, 35.456375 ], [ 136.85675, 35.456375 ], [ 136.85675, 35.456333333 ], [ 136.8566875, 35.456333333 ], [ 136.856625, 35.456333333 ], [ 136.8565625, 35.456333333 ], [ 136.8565625, 35.456375 ], [ 136.8565625, 35.456416667 ], [ 136.8565625, 35.456458333 ], [ 136.856625, 35.456458333 ], [ 136.8566875, 35.456458333 ], [ 136.8566875, 35.4565 ], [ 136.85675, 35.4565 ], [ 136.85675, 35.456541667 ], [ 136.8568125, 35.456541667 ], [ 136.8568125, 35.4565 ], [ 136.856875, 35.4565 ], [ 136.856875, 35.456541667 ], [ 136.856875, 35.456583333 ], [ 136.8568125, 35.456583333 ], [ 136.85675, 35.456583333 ], [ 136.8566875, 35.456583333 ], [ 136.856625, 35.456583333 ], [ 136.856625, 35.456541667 ], [ 136.8565625, 35.456541667 ], [ 136.8565625, 35.4565 ], [ 136.8565, 35.4565 ], [ 136.8565, 35.456458333 ], [ 136.8565, 35.456416667 ], [ 136.8565, 35.456375 ], [ 136.8565, 35.456333333 ], [ 136.8565, 35.456291667 ], [ 136.8564375, 35.456291667 ], [ 136.856375, 35.456291667 ], [ 136.8563125, 35.456291667 ], [ 136.85625, 35.456291667 ], [ 136.85625, 35.456333333 ], [ 136.8563125, 35.456333333 ], [ 136.856375, 35.456333333 ], [ 136.856375, 35.456375 ], [ 136.8563125, 35.456375 ], [ 136.8563125, 35.456416667 ], [ 136.85625, 35.456416667 ], [ 136.85625, 35.456458333 ], [ 136.85625, 35.4565 ], [ 136.8561875, 35.4565 ], [ 136.8561875, 35.456458333 ], [ 136.856125, 35.456458333 ], [ 136.856125, 35.456416667 ], [ 136.856125, 35.456375 ], [ 136.856125, 35.456333333 ], [ 136.856125, 35.456291667 ], [ 136.8560625, 35.456291667 ], [ 136.856, 35.456291667 ], [ 136.856, 35.456333333 ], [ 136.8560625, 35.456333333 ], [ 136.8560625, 35.456375 ], [ 136.856, 35.456375 ], [ 136.856, 35.456416667 ], [ 136.856, 35.456458333 ], [ 136.856, 35.4565 ], [ 136.856, 35.456541667 ], [ 136.856, 35.456583333 ], [ 136.8560625, 35.456583333 ], [ 136.8560625, 35.456625 ], [ 136.856, 35.456625 ], [ 136.856, 35.456583333 ], [ 136.8559375, 35.456583333 ], [ 136.8559375, 35.456625 ], [ 136.8559375, 35.456666667 ], [ 136.856, 35.456666667 ], [ 136.856, 35.456708333 ], [ 136.8560625, 35.456708333 ], [ 136.856125, 35.456708333 ], [ 136.8561875, 35.456708333 ], [ 136.85625, 35.456708333 ], [ 136.8563125, 35.456708333 ], [ 136.856375, 35.456708333 ], [ 136.856375, 35.45675 ], [ 136.8564375, 35.45675 ], [ 136.8565, 35.45675 ], [ 136.8565625, 35.45675 ], [ 136.8565625, 35.456791667 ], [ 136.8565, 35.456791667 ], [ 136.8564375, 35.456791667 ], [ 136.856375, 35.456791667 ], [ 136.856375, 35.456833333 ], [ 136.856375, 35.456875 ], [ 136.856375, 35.456916667 ], [ 136.856375, 35.456958333 ], [ 136.856375, 35.457 ], [ 136.856375, 35.457041667 ], [ 136.8564375, 35.457041667 ], [ 136.8565, 35.457041667 ], [ 136.8565, 35.457 ], [ 136.8565625, 35.457 ], [ 136.856625, 35.457 ], [ 136.8566875, 35.457 ], [ 136.85675, 35.457 ], [ 136.8568125, 35.457 ], [ 136.8568125, 35.457041667 ], [ 136.856875, 35.457041667 ], [ 136.856875, 35.457 ], [ 136.8569375, 35.457 ], [ 136.8569375, 35.457041667 ], [ 136.856875, 35.457041667 ], [ 136.856875, 35.457083333 ], [ 136.856875, 35.457125 ], [ 136.8568125, 35.457125 ], [ 136.8568125, 35.457166667 ], [ 136.856875, 35.457166667 ], [ 136.8569375, 35.457166667 ], [ 136.8569375, 35.457125 ], [ 136.8569375, 35.457083333 ], [ 136.857, 35.457083333 ], [ 136.857, 35.457125 ], [ 136.8570625, 35.457125 ], [ 136.8570625, 35.457166667 ], [ 136.8570625, 35.457208333 ], [ 136.857, 35.457208333 ], [ 136.857, 35.45725 ], [ 136.8570625, 35.45725 ], [ 136.857125, 35.45725 ], [ 136.8571875, 35.45725 ], [ 136.85725, 35.45725 ], [ 136.85725, 35.457208333 ], [ 136.8571875, 35.457208333 ], [ 136.8571875, 35.457166667 ], [ 136.8571875, 35.457125 ], [ 136.85725, 35.457125 ], [ 136.85725, 35.457083333 ], [ 136.8573125, 35.457083333 ], [ 136.8573125, 35.457041667 ], [ 136.857375, 35.457041667 ], [ 136.857375, 35.457 ], [ 136.857375, 35.456958333 ], [ 136.8574375, 35.456958333 ], [ 136.8574375, 35.456916667 ], [ 136.8575, 35.456916667 ], [ 136.8575, 35.456958333 ], [ 136.8575, 35.457 ], [ 136.8575, 35.457041667 ], [ 136.8575, 35.457083333 ], [ 136.8575625, 35.457083333 ], [ 136.857625, 35.457083333 ], [ 136.8576875, 35.457083333 ], [ 136.85775, 35.457083333 ], [ 136.8578125, 35.457083333 ], [ 136.8578125, 35.457125 ], [ 136.857875, 35.457125 ], [ 136.857875, 35.457166667 ], [ 136.857875, 35.457208333 ], [ 136.8578125, 35.457208333 ], [ 136.8578125, 35.45725 ], [ 136.85775, 35.45725 ], [ 136.85775, 35.457291667 ], [ 136.85775, 35.457333333 ], [ 136.8578125, 35.457333333 ], [ 136.8578125, 35.457375 ], [ 136.8578125, 35.457416667 ], [ 136.8578125, 35.457458333 ], [ 136.857875, 35.457458333 ], [ 136.857875, 35.457416667 ], [ 136.857875, 35.457375 ], [ 136.857875, 35.457333333 ], [ 136.8579375, 35.457333333 ], [ 136.8579375, 35.457291667 ], [ 136.858, 35.457291667 ], [ 136.858, 35.45725 ], [ 136.8580625, 35.45725 ], [ 136.858125, 35.45725 ], [ 136.8581875, 35.45725 ], [ 136.85825, 35.45725 ], [ 136.8583125, 35.45725 ], [ 136.8583125, 35.457208333 ], [ 136.8583125, 35.457166667 ], [ 136.8583125, 35.457125 ], [ 136.858375, 35.457125 ], [ 136.858375, 35.457083333 ], [ 136.8584375, 35.457083333 ], [ 136.8585, 35.457083333 ], [ 136.8585625, 35.457083333 ], [ 136.858625, 35.457083333 ], [ 136.8586875, 35.457083333 ], [ 136.8586875, 35.457041667 ], [ 136.8586875, 35.457 ], [ 136.8586875, 35.456958333 ], [ 136.8586875, 35.456916667 ], [ 136.8586875, 35.456875 ], [ 136.858625, 35.456875 ], [ 136.8585625, 35.456875 ], [ 136.8585625, 35.456833333 ], [ 136.858625, 35.456833333 ], [ 136.8586875, 35.456833333 ], [ 136.85875, 35.456833333 ], [ 136.8588125, 35.456833333 ], [ 136.8588125, 35.456875 ], [ 136.8588125, 35.456916667 ], [ 136.8588125, 35.456958333 ], [ 136.8588125, 35.457 ], [ 136.858875, 35.457 ], [ 136.858875, 35.456958333 ], [ 136.8589375, 35.456958333 ] ], [ [ 136.858375, 35.456958333 ], [ 136.858375, 35.457 ], [ 136.8584375, 35.457 ], [ 136.8584375, 35.457041667 ], [ 136.858375, 35.457041667 ], [ 136.8583125, 35.457041667 ], [ 136.8583125, 35.457 ], [ 136.8583125, 35.456958333 ], [ 136.858375, 35.456958333 ] ], [ [ 136.8578125, 35.457041667 ], [ 136.85775, 35.457041667 ], [ 136.8576875, 35.457041667 ], [ 136.8576875, 35.457 ], [ 136.85775, 35.457 ], [ 136.8578125, 35.457 ], [ 136.8578125, 35.457041667 ] ], [ [ 136.8578125, 35.456916667 ], [ 136.8578125, 35.456875 ], [ 136.857875, 35.456875 ], [ 136.857875, 35.456916667 ], [ 136.8578125, 35.456916667 ] ], [ [ 136.8568125, 35.456916667 ], [ 136.8568125, 35.456958333 ], [ 136.85675, 35.456958333 ], [ 136.85675, 35.456916667 ], [ 136.8568125, 35.456916667 ] ], [ [ 136.857125, 35.456958333 ], [ 136.857125, 35.456916667 ], [ 136.8571875, 35.456916667 ], [ 136.8571875, 35.456958333 ], [ 136.857125, 35.456958333 ] ], [ [ 136.8570625, 35.457041667 ], [ 136.857125, 35.457041667 ], [ 136.8571875, 35.457041667 ], [ 136.8571875, 35.457083333 ], [ 136.857125, 35.457083333 ], [ 136.8570625, 35.457083333 ], [ 136.8570625, 35.457041667 ] ], [ [ 136.8570625, 35.456833333 ], [ 136.857, 35.456833333 ], [ 136.857, 35.456791667 ], [ 136.8570625, 35.456791667 ], [ 136.8570625, 35.45675 ], [ 136.857125, 35.45675 ], [ 136.857125, 35.456791667 ], [ 136.8570625, 35.456791667 ], [ 136.8570625, 35.456833333 ], [ 136.857125, 35.456833333 ], [ 136.857125, 35.456875 ], [ 136.8570625, 35.456875 ], [ 136.8570625, 35.456833333 ] ], [ [ 136.856875, 35.456791667 ], [ 136.856875, 35.456833333 ], [ 136.856875, 35.456875 ], [ 136.8568125, 35.456875 ], [ 136.85675, 35.456875 ], [ 136.85675, 35.456833333 ], [ 136.85675, 35.456791667 ], [ 136.8566875, 35.456791667 ], [ 136.856625, 35.456791667 ], [ 136.856625, 35.45675 ], [ 136.8566875, 35.45675 ], [ 136.85675, 35.45675 ], [ 136.8568125, 35.45675 ], [ 136.8568125, 35.456791667 ], [ 136.856875, 35.456791667 ], [ 136.856875, 35.45675 ], [ 136.8569375, 35.45675 ], [ 136.8569375, 35.456791667 ], [ 136.856875, 35.456791667 ] ], [ [ 136.856625, 35.456833333 ], [ 136.856625, 35.456875 ], [ 136.8565625, 35.456875 ], [ 136.8565625, 35.456833333 ], [ 136.856625, 35.456833333 ] ], [ [ 136.8565, 35.456625 ], [ 136.8565, 35.456583333 ], [ 136.8565625, 35.456583333 ], [ 136.8565625, 35.456625 ], [ 136.8565, 35.456625 ] ], [ [ 136.8583125, 35.456791667 ], [ 136.8583125, 35.45675 ], [ 136.858375, 35.45675 ], [ 136.8584375, 35.45675 ], [ 136.8584375, 35.456791667 ], [ 136.858375, 35.456791667 ], [ 136.8583125, 35.456791667 ] ], [ [ 136.858875, 35.456708333 ], [ 136.858875, 35.456666667 ], [ 136.8588125, 35.456666667 ], [ 136.8588125, 35.456625 ], [ 136.85875, 35.456625 ], [ 136.85875, 35.456583333 ], [ 136.85875, 35.456541667 ], [ 136.8588125, 35.456541667 ], [ 136.8588125, 35.4565 ], [ 136.858875, 35.4565 ], [ 136.858875, 35.456541667 ], [ 136.8589375, 35.456541667 ], [ 136.8589375, 35.456583333 ], [ 136.8589375, 35.456625 ], [ 136.8589375, 35.456666667 ], [ 136.8589375, 35.456708333 ], [ 136.858875, 35.456708333 ] ], [ [ 136.85925, 35.457083333 ], [ 136.85925, 35.457125 ], [ 136.8591875, 35.457125 ], [ 136.8591875, 35.457083333 ], [ 136.85925, 35.457083333 ] ] ] } },
{ "type": "Feature", "properties": { "A31a_101": "8505090063", "A31a_102": "山田川", "A31a_103": "21", "A31a_104": "岐阜県", "A31a_105": 1 }, "geometry": { "type": "Polygon", "coordinates": [ [ [ 136.85825, 35.457416667 ], [ 136.8581875, 35.457416667 ], [ 136.8581875, 35.457458333 ], [ 136.85825, 35.457458333 ], [ 136.8583125, 35.457458333 ], [ 136.858375, 35.457458333 ], [ 136.858375, 35.457416667 ], [ 136.8583125, 35.457416667 ], [ 136.85825, 35.457416667 ] ] ] } },
{ "type": "Feature", "properties": { "A31a_101": "8505090063", "A31a_102": "山田川", "A31a_103": "21", "A31a_104": "岐阜県", "A31a_105": 1 }, "geometry": { "type": "Polygon", "coordinates": [ [ [ 136.8760625, 35.457458333 ], [ 136.876125, 35.457458333 ], [ 136.876125, 35.457416667 ], [ 136.8760625, 35.457416667 ], [ 136.8760625, 35.457458333 ] ] ] } },
{ "type": "Feature", "properties": { "A31a_101": "8505090063", "A31a_102": "山田川", "A31a_103": "21", "A31a_104": "岐阜県", "A31a_105": 1 }, "geometry": { "type": "Polygon", "coordinates": [ [ [ 136.8760625, 35.457458333 ], [ 136.876, 35.457458333 ], [ 136.876, 35.4575 ], [ 136.8760625, 35.4575 ], [ 136.8760625, 35.457458333 ] ] ] } },
{ "type": "Feature", "properties": { "A31a_101": "8505090063", "A31a_102": "山田川", "A31a_103": "21", "A31a_104": "岐阜県", "A31a_105": 1 }, "geometry": { "type": "Polygon", "coordinates": [ [ [ 136.8759375, 35.4575 ], [ 136.8759375, 35.457458333 ], [ 136.8759375, 35.457416667 ], [ 136.8759375, 35.457375 ], [ 136.8759375, 35.457333333 ], [ 136.8759375, 35.457291667 ], [ 136.875875, 35.457291667 ], [ 136.8758125, 35.457291667 ], [ 136.87575, 35.457291667 ], [ 136.8756875, 35.457291667 ], [ 136.875625, 35.457291667 ], [ 136.875625, 35.457333333 ], [ 136.875625, 35.457375 ], [ 136.875625, 35.457416667 ], [ 136.875625, 35.457458333 ], [ 136.875625, 35.4575 ], [ 136.8756875, 35.4575 ], [ 136.87575, 35.4575 ], [ 136.8758125, 35.4575 ], [ 136.8758125, 35.457541667 ], [ 136.875875, 35.457541667 ], [ 136.8759375, 35.457541667 ], [ 136.8759375, 35.4575 ] ] ] } },
{ "type": "Feature", "properties": { "A31a_101": "8505090063", "A31a_102": "山田川", "A31a_103": "21", "A31a_104": "岐阜県", "A31a_105": 1 }, "geometry": { "type": "Polygon", "coordinates": [ [ [ 136.8759375, 35.457625 ], [ 136.875875, 35.457625 ], [ 136.875875, 35.457666667 ], [ 136.8759375, 35.457666667 ], [ 136.8759375, 35.457625 ] ] ] } },
{ "type": "Feature", "properties": { "A31a_101": "8505090063", "A31a_102": "山田川", "A31a_103": "21", "A31a_104": "岐阜県", "A31a_105": 1 }, "geometry": { "type": "Polygon", "coordinates": [ [ [ 136.875875, 35.457708333 ], [ 136.8758125, 35.457708333 ], [ 136.8758125, 35.45775 ], [ 136.875875, 35.45775 ], [ 136.875875, 35.457708333 ] ] ] } },
{ "type": "Feature", "properties": { "A31a_101": "8505090063", "A31a_102": "山田川", "A31a_103": "21", "A31a_104": "岐阜県", "A31a_105": 1 }, "geometry": { "type": "Polygon", "coordinates": [ [ [ 136.8735, 35.457875 ], [ 136.8735, 35.457833333 ], [ 136.8735625, 35.457833333 ], [ 136.873625, 35.457833333 ], [ 136.873625, 35.457791667 ], [ 136.8736875, 35.457791667 ], [ 136.8736875, 35.45775 ], [ 136.8736875, 35.457708333 ], [ 136.8736875, 35.457666667 ], [ 136.8736875, 35.457625 ], [ 136.873625, 35.457625 ], [ 136.873625, 35.457583333 ], [ 136.873625, 35.457541667 ], [ 136.8735625, 35.457541667 ], [ 136.8735625, 35.4575 ], [ 136.8735, 35.4575 ], [ 136.8734375, 35.4575 ], [ 136.873375, 35.4575 ], [ 136.8733125, 35.4575 ], [ 136.87325, 35.4575 ], [ 136.8731875, 35.4575 ], [ 136.8731875, 35.457541667 ], [ 136.8731875, 35.457583333 ], [ 136.87325, 35.457583333 ], [ 136.87325, 35.457625 ], [ 136.87325, 35.457666667 ], [ 136.87325, 35.457708333 ], [ 136.8733125, 35.457708333 ], [ 136.8733125, 35.45775 ], [ 136.8733125, 35.457791667 ], [ 136.873375, 35.457791667 ], [ 136.873375, 35.457833333 ], [ 136.873375, 35.457875 ], [ 136.8733125, 35.457875 ], [ 136.87325, 35.457875 ], [ 136.8731875, 35.457875 ], [ 136.873125, 35.457875 ], [ 136.873125, 35.457916667 ], [ 136.8731875, 35.457916667 ], [ 136.87325, 35.457916667 ], [ 136.8733125, 35.457916667 ], [ 136.873375, 35.457916667 ], [ 136.8734375, 35.457916667 ], [ 136.8735, 35.457916667 ], [ 136.8735, 35.457875 ] ] ] } },
{ "type": "Feature", "properties": { "A31a_101": "8505090063", "A31a_102": "山田川", "A31a_103": "21", "A31a_104": "岐阜県", "A31a_105": 1 }, "geometry": { "type": "Polygon", "coordinates": [ [ [ 136.873875, 35.457916667 ], [ 136.8738125, 35.457916667 ], [ 136.8738125, 35.457958333 ], [ 136.873875, 35.457958333 ], [ 136.873875, 35.457916667 ] ] ] } },
{ "type": "Feature", "properties": { "A31a_101": "8505090063", "A31a_102": "山田川", "A31a_103": "21", "A31a_104": "岐阜県", "A31a_105": 1 }, "geometry": { "type": "Polygon", "coordinates": [ [ [ 136.8739375, 35.458041667 ], [ 136.8739375, 35.458 ], [ 136.873875, 35.458 ], [ 136.873875, 35.458041667 ], [ 136.8739375, 35.458041667 ] ] ] } },
{ "type": "Feature", "properties": { "A31a_101": "8505090063", "A31a_102": "山田川", "A31a_103": "21", "A31a_104": "岐阜県", "A31a_105": 1 }, "geometry": { "type": "Polygon", "coordinates": [ [ [ 136.87375, 35.458041667 ], [ 136.8736875, 35.458041667 ], [ 136.8736875, 35.458083333 ], [ 136.8736875, 35.458125 ], [ 136.87375, 35.458125 ], [ 136.87375, 35.458083333 ], [ 136.87375, 35.458041667 ] ] ] } },
{ "type": "Feature", "properties": { "A31a_101": "8505090063", "A31a_102": "山田川", "A31a_103": "21", "A31a_104": "岐阜県", "A31a_105": 1 }, "geometry": { "type": "Polygon", "coordinates": [ [ [ 136.8749375, 35.458041667 ], [ 136.874875, 35.458041667 ], [ 136.874875, 35.458083333 ], [ 136.8748125, 35.458083333 ], [ 136.8748125, 35.458125 ], [ 136.874875, 35.458125 ], [ 136.8749375, 35.458125 ], [ 136.8749375, 35.458083333 ], [ 136.8749375, 35.458041667 ] ] ] } },
{ "type": "Feature", "properties": { "A31a_101": "8505090063", "A31a_102": "山田川", "A31a_103": "21", "A31a_104": "岐阜県", "A31a_105": 1 }, "geometry": { "type": "Polygon", "coordinates": [ [ [ 136.8733125, 35.458166667 ], [ 136.87325, 35.458166667 ], [ 136.87325, 35.458208333 ], [ 136.8733125, 35.458208333 ], [ 136.8733125, 35.458166667 ] ] ] } },
{ "type": "Feature", "properties": { "A31a_101": "8505090063", "A31a_102": "山田川", "A31a_103": "21", "A31a_104": "岐阜県", "A31a_105": 1 }, "geometry": { "type": "Polygon", "coordinates": [ [ [ 136.8755, 35.458166667 ], [ 136.8754375, 35.458166667 ], [ 136.8754375, 35.458208333 ], [ 136.8755, 35.458208333 ], [ 136.8755, 35.458166667 ] ] ] } },
{ "type": "Feature", "properties": { "A31a_101": "8505090063", "A31a_102": "山田川", "A31a_103": "21", "A31a_104": "岐阜県", "A31a_105": 1 }, "geometry": { "type": "Polygon", "coordinates": [ [ [ 136.8748125, 35.458208333 ], [ 136.87475, 35.458208333 ], [ 136.87475, 35.45825 ], [ 136.87475, 35.458291667 ], [ 136.8748125, 35.458291667 ], [ 136.8748125, 35.45825 ], [ 136.8748125, 35.458208333 ] ] ] } },
{ "type": "Feature", "properties": { "A31a_101": "8505090063", "A31a_102": "山田川", "A31a_103": "21", "A31a_104": "岐阜県", "A31a_105": 1 }, "geometry": { "type": "Polygon", "coordinates": [ [ [ 136.8735625, 35.458416667 ], [ 136.8735, 35.458416667 ], [ 136.8735, 35.458458333 ], [ 136.8735625, 35.458458333 ], [ 136.8735625, 35.458416667 ] ] ] } },
{ "type": "Feature", "properties": { "A31a_101": "8505090063", "A31a_102": "山田川", "A31a_103": "21", "A31a_104": "岐阜県", "A31a_105": 1 }, "geometry": { "type": "Polygon", "coordinates": [ [ [ 136.875375, 35.458416667 ], [ 136.8753125, 35.458416667 ], [ 136.8753125, 35.458458333 ], [ 136.875375, 35.458458333 ], [ 136.8754375, 35.458458333 ], [ 136.8754375, 35.458416667 ], [ 136.875375, 35.458416667 ] ] ] } },
{ "type": "Feature", "properties": { "A31a_101": "8505090063", "A31a_102": "山田川", "A31a_103": "21", "A31a_104": "岐阜県", "A31a_105": 1 }, "geometry": { "type": "Polygon", "coordinates": [ [ [ 136.8755, 35.4585 ], [ 136.8754375, 35.4585 ], [ 136.8754375, 35.458541667 ], [ 136.8755, 35.458541667 ], [ 136.8755, 35.4585 ] ] ] } },
{ "type": "Feature", "properties": { "A31a_101": "8505090063", "A31a_102": "山田川", "A31a_103": "21", "A31a_104": "岐阜県", "A31a_105": 1 }, "geometry": { "type": "Polygon", "coordinates": [ [ [ 136.8736875, 35.458541667 ], [ 136.873625, 35.458541667 ], [ 136.873625, 35.458583333 ], [ 136.8736875, 35.458583333 ], [ 136.8736875, 35.458541667 ] ] ] } },
{ "type": "Feature", "properties": { "A31a_101": "8505090063", "A31a_102": "山田川", "A31a_103": "21", "A31a_104": "岐阜県", "A31a_105": 1 }, "geometry": { "type": "Polygon", "coordinates": [ [ [ 136.8755, 35.457458333 ], [ 136.8755, 35.4575 ], [ 136.8754375, 35.4575 ], [ 136.8754375, 35.457541667 ], [ 136.8755, 35.457541667 ], [ 136.8755, 35.457583333 ], [ 136.8755, 35.457625 ], [ 136.8755, 35.457666667 ], [ 136.8755625, 35.457666667 ], [ 136.8755625, 35.457708333 ], [ 136.8755, 35.457708333 ], [ 136.8754375, 35.457708333 ], [ 136.875375, 35.457708333 ], [ 136.875375, 35.457666667 ], [ 136.8753125, 35.457666667 ], [ 136.8753125, 35.457625 ], [ 136.8753125, 35.457583333 ], [ 136.8753125, 35.457541667 ], [ 136.8753125, 35.4575 ], [ 136.8753125, 35.457458333 ], [ 136.8753125, 35.457416667 ], [ 136.8753125, 35.457375 ], [ 136.875375, 35.457375 ], [ 136.875375, 35.457416667 ], [ 136.875375, 35.457458333 ], [ 136.8754375, 35.457458333 ], [ 136.8755, 35.457458333 ], [ 136.8755, 35.457416667 ], [ 136.8755, 35.457375 ], [ 136.8754375, 35.457375 ], [ 136.8754375, 35.457333333 ], [ 136.8754375, 35.457291667 ], [ 136.875375, 35.457291667 ], [ 136.8753125, 35.457291667 ], [ 136.8753125, 35.457333333 ], [ 136.87525, 35.457333333 ], [ 136.87525, 35.457375 ], [ 136.8751875, 35.457375 ], [ 136.875125, 35.457375 ], [ 136.8750625, 35.457375 ], [ 136.875, 35.457375 ], [ 136.875, 35.457416667 ], [ 136.875, 35.457458333 ], [ 136.875, 35.4575 ], [ 136.8750625, 35.4575 ], [ 136.8750625, 35.457541667 ], [ 136.8750625, 35.457583333 ], [ 136.875125, 35.457583333 ], [ 136.875125, 35.457625 ], [ 136.8750625, 35.457625 ], [ 136.8750625, 35.457583333 ], [ 136.875, 35.457583333 ], [ 136.875, 35.457625 ], [ 136.875, 35.457666667 ], [ 136.875, 35.457708333 ], [ 136.875, 35.45775 ], [ 136.875, 35.457791667 ], [ 136.8749375, 35.457791667 ], [ 136.8749375, 35.45775 ], [ 136.8749375, 35.457708333 ], [ 136.8749375, 35.457666667 ], [ 136.874875, 35.457666667 ], [ 136.874875, 35.457625 ], [ 136.874875, 35.457583333 ], [ 136.874875, 35.457541667 ], [ 136.8748125, 35.457541667 ], [ 136.87475, 35.457541667 ], [ 136.8746875, 35.457541667 ], [ 136.8746875, 35.457583333 ], [ 136.8746875, 35.457625 ], [ 136.8746875, 35.457666667 ], [ 136.874625, 35.457666667 ], [ 136.874625, 35.457708333 ], [ 136.874625, 35.45775 ], [ 136.8746875, 35.45775 ], [ 136.8746875, 35.457791667 ], [ 136.8746875, 35.457833333 ], [ 136.8746875, 35.457875 ], [ 136.8746875, 35.457916667 ], [ 136.874625, 35.457916667 ], [ 136.8745625, 35.457916667 ], [ 136.8745625, 35.457875 ], [ 136.8745625, 35.457833333 ], [ 136.8745, 35.457833333 ], [ 136.8745, 35.457791667 ], [ 136.8745, 35.45775 ], [ 136.8745625, 35.45775 ], [ 136.8745625, 35.457708333 ], [ 136.8745625, 35.457666667 ], [ 136.874625, 35.457666667 ], [ 136.874625, 35.457625 ], [ 136.8745625, 35.457625 ], [ 136.8745, 35.457625 ], [ 136.8745, 35.457666667 ], [ 136.8744375, 35.457666667 ], [ 136.874375, 35.457666667 ], [ 136.874375, 35.457708333 ], [ 136.874375, 35.45775 ], [ 136.874375, 35.457791667 ], [ 136.874375, 35.457833333 ], [ 136.874375, 35.457875 ], [ 136.874375, 35.457916667 ], [ 136.874375, 35.457958333 ], [ 136.874375, 35.458 ], [ 136.8743125, 35.458 ], [ 136.8743125, 35.457958333 ], [ 136.8743125, 35.457916667 ], [ 136.8743125, 35.457875 ], [ 136.8743125, 35.457833333 ], [ 136.87425, 35.457833333 ], [ 136.87425, 35.457791667 ], [ 136.87425, 35.45775 ], [ 136.8741875, 35.45775 ], [ 136.8741875, 35.457791667 ], [ 136.874125, 35.457791667 ], [ 136.8740625, 35.457791667 ], [ 136.8740625, 35.457833333 ], [ 136.874125, 35.457833333 ], [ 136.874125, 35.457875 ], [ 136.874125, 35.457916667 ], [ 136.8740625, 35.457916667 ], [ 136.8740625, 35.457875 ], [ 136.8740625, 35.457833333 ], [ 136.874, 35.457833333 ], [ 136.874, 35.457875 ], [ 136.8739375, 35.457875 ], [ 136.873875, 35.457875 ], [ 136.873875, 35.457916667 ], [ 136.8739375, 35.457916667 ], [ 136.874, 35.457916667 ], [ 136.874, 35.457958333 ], [ 136.874, 35.458 ], [ 136.874, 35.458041667 ], [ 136.8739375, 35.458041667 ], [ 136.8739375, 35.458083333 ], [ 136.8739375, 35.458125 ], [ 136.874, 35.458125 ], [ 136.874, 35.458166667 ], [ 136.874, 35.458208333 ], [ 136.8740625, 35.458208333 ], [ 136.8740625, 35.45825 ], [ 136.8740625, 35.458291667 ], [ 136.8740625, 35.458333333 ], [ 136.874125, 35.458333333 ], [ 136.8741875, 35.458333333 ], [ 136.8741875, 35.458291667 ], [ 136.87425, 35.458291667 ], [ 136.87425, 35.45825 ], [ 136.8743125, 35.45825 ], [ 136.874375, 35.45825 ], [ 136.8744375, 35.45825 ], [ 136.8744375, 35.458208333 ], [ 136.8745, 35.458208333 ], [ 136.8745, 35.45825 ], [ 136.8744375, 35.45825 ], [ 136.8744375, 35.458291667 ], [ 136.874375, 35.458291667 ], [ 136.874375, 35.458333333 ], [ 136.8744375, 35.458333333 ], [ 136.8745, 35.458333333 ], [ 136.8745625, 35.458333333 ], [ 136.8745625, 35.458375 ], [ 136.874625, 35.458375 ], [ 136.874625, 35.458416667 ], [ 136.874625, 35.458458333 ], [ 136.874625, 35.4585 ], [ 136.8746875, 35.4585 ], [ 136.87475, 35.4585 ], [ 136.8748125, 35.4585 ], [ 136.874875, 35.4585 ], [ 136.874875, 35.458541667 ], [ 136.8749375, 35.458541667 ], [ 136.8749375, 35.4585 ], [ 136.8749375, 35.458458333 ], [ 136.874875, 35.458458333 ], [ 136.874875, 35.458416667 ], [ 136.874875, 35.458375 ], [ 136.874875, 35.458333333 ], [ 136.8748125, 35.458333333 ], [ 136.87475, 35.458333333 ], [ 136.8746875, 35.458333333 ], [ 136.8746875, 35.458291667 ], [ 136.8746875, 35.45825 ], [ 136.8746875, 35.458208333 ], [ 136.8746875, 35.458166667 ], [ 136.87475, 35.458166667 ], [ 136.87475, 35.458125 ], [ 136.8746875, 35.458125 ], [ 136.8746875, 35.458083333 ], [ 136.87475, 35.458083333 ], [ 136.87475, 35.458041667 ], [ 136.8748125, 35.458041667 ], [ 136.8748125, 35.458 ], [ 136.874875, 35.458 ], [ 136.8749375, 35.458 ], [ 136.8749375, 35.458041667 ], [ 136.875, 35.458041667 ], [ 136.875, 35.458083333 ], [ 136.875, 35.458125 ], [ 136.875, 35.458166667 ], [ 136.875, 35.458208333 ], [ 136.875, 35.45825 ], [ 136.875, 35.458291667 ], [ 136.8750625, 35.458291667 ], [ 136.8750625, 35.458333333 ], [ 136.875, 35.458333333 ], [ 136.875, 35.458375 ], [ 136.875, 35.458416667 ], [ 136.875, 35.458458333 ], [ 136.875, 35.4585 ], [ 136.875, 35.458541667 ], [ 136.875, 35.458583333 ], [ 136.875, 35.458625 ], [ 136.875, 35.458666667 ], [ 136.8750625, 35.458666667 ], [ 136.8750625, 35.458625 ], [ 136.875125, 35.458625 ], [ 136.875125, 35.458666667 ], [ 136.8751875, 35.458666667 ], [ 136.8751875, 35.458625 ], [ 136.8751875, 35.458583333 ], [ 136.87525, 35.458583333 ], [ 136.87525, 35.458541667 ], [ 136.87525, 35.4585 ], [ 136.87525, 35.458458333 ], [ 136.87525, 35.458416667 ], [ 136.8751875, 35.458416667 ], [ 136.875125, 35.458416667 ], [ 136.875125, 35.458375 ], [ 136.875125, 35.458333333 ], [ 136.8751875, 35.458333333 ], [ 136.87525, 35.458333333 ], [ 136.8753125, 35.458333333 ], [ 136.8753125, 35.458291667 ], [ 136.8753125, 35.45825 ], [ 136.87525, 35.45825 ], [ 136.87525, 35.458208333 ], [ 136.87525, 35.458166667 ], [ 136.87525, 35.458125 ], [ 136.8751875, 35.458125 ], [ 136.8751875, 35.458083333 ], [ 136.8751875, 35.458041667 ], [ 136.87525, 35.458041667 ], [ 136.8753125, 35.458041667 ], [ 136.8753125, 35.458 ], [ 136.8753125, 35.457958333 ], [ 136.875375, 35.457958333 ], [ 136.875375, 35.458 ], [ 136.875375, 35.458041667 ], [ 136.875375, 35.458083333 ], [ 136.8754375, 35.458083333 ], [ 136.8754375, 35.458125 ], [ 136.8755, 35.458125 ], [ 136.8755625, 35.458125 ], [ 136.8755625, 35.458083333 ], [ 136.8755625, 35.458041667 ], [ 136.8755625, 35.458 ], [ 136.875625, 35.458 ], [ 136.875625, 35.457958333 ], [ 136.875625, 35.457916667 ], [ 136.8755625, 35.457916667 ], [ 136.8755625, 35.457875 ], [ 136.8755, 35.457875 ], [ 136.8755, 35.457833333 ], [ 136.8755, 35.457791667 ], [ 136.8755625, 35.457791667 ], [ 136.8755625, 35.45775 ], [ 136.875625, 35.45775 ], [ 136.875625, 35.457708333 ], [ 136.875625, 35.457666667 ], [ 136.875625, 35.457625 ], [ 136.875625, 35.457583333 ], [ 136.875625, 35.457541667 ], [ 136.8755625, 35.457541667 ], [ 136.8755625, 35.4575 ], [ 136.8755625, 35.457458333 ], [ 136.8755, 35.457458333 ] ], [ [ 136.8753125, 35.45775 ], [ 136.8753125, 35.457791667 ], [ 136.8753125, 35.457833333 ], [ 136.8753125, 35.457875 ], [ 136.8753125, 35.457916667 ], [ 136.87525, 35.457916667 ], [ 136.8751875, 35.457916667 ], [ 136.875125, 35.457916667 ], [ 136.875125, 35.457958333 ], [ 136.8750625, 35.457958333 ], [ 136.8750625, 35.458 ], [ 136.875, 35.458 ], [ 136.875, 35.457958333 ], [ 136.875, 35.457916667 ], [ 136.875, 35.457875 ], [ 136.875, 35.457833333 ], [ 136.8750625, 35.457833333 ], [ 136.875125, 35.457833333 ], [ 136.8751875, 35.457833333 ], [ 136.87525, 35.457833333 ], [ 136.87525, 35.457791667 ], [ 136.87525, 35.45775 ], [ 136.8751875, 35.45775 ], [ 136.8751875, 35.457708333 ], [ 136.87525, 35.457708333 ], [ 136.8753125, 35.457708333 ], [ 136.8753125, 35.45775 ] ], [ [ 136.875375, 35.457833333 ], [ 136.875375, 35.457791667 ], [ 136.8754375, 35.457791667 ], [ 136.8754375, 35.457833333 ], [ 136.875375, 35.457833333 ] ], [ [ 136.875125, 35.458541667 ], [ 136.875125, 35.458583333 ], [ 136.8750625, 35.458583333 ], [ 136.8750625, 35.458541667 ], [ 136.875125, 35.458541667 ] ], [ [ 136.8744375, 35.458125 ], [ 136.8745, 35.458125 ], [ 136.8745625, 35.458125 ], [ 136.874625, 35.458125 ], [ 136.874625, 35.458166667 ], [ 136.8745625, 35.458166667 ], [ 136.8745, 35.458166667 ], [ 136.8744375, 35.458166667 ], [ 136.8744375, 35.458125 ], [ 136.874375, 35.458125 ], [ 136.874375, 35.458083333 ], [ 136.874375, 35.458041667 ], [ 136.8744375, 35.458041667 ], [ 136.8744375, 35.458083333 ], [ 136.8744375, 35.458125 ] ], [ [ 136.8741875, 35.458083333 ], [ 136.8741875, 35.458125 ], [ 136.874125, 35.458125 ], [ 136.874125, 35.458083333 ], [ 136.8741875, 35.458083333 ] ], [ [ 136.87425, 35.458166667 ], [ 136.87425, 35.458208333 ], [ 136.8741875, 35.458208333 ], [ 136.8741875, 35.458166667 ], [ 136.87425, 35.458166667 ] ], [ [ 136.87475, 35.458375 ], [ 136.87475, 35.458416667 ], [ 136.8746875, 35.458416667 ], [ 136.8746875, 35.458375 ], [ 136.87475, 35.458375 ] ] ] } },
{ "type": "Feature", "properties": { "A31a_101": "8505090063", "A31a_102": "山田川", "A31a_103": "21", "A31a_104": "岐阜県", "A31a_105": 1 }, "geometry": { "type": "Polygon", "coordinates": [ [ [ 136.873875, 35.45875 ], [ 136.8738125, 35.45875 ], [ 136.8738125, 35.458791667 ], [ 136.873875, 35.458791667 ], [ 136.873875, 35.45875 ] ] ] } },
{ "type": "Feature", "properties": { "A31a_101": "8505090063", "A31a_102": "山田川", "A31a_103": "21", "A31a_104": "岐阜県", "A31a_105": 1 }, "geometry": { "type": "Polygon", "coordinates": [ [ [ 136.874, 35.458916667 ], [ 136.8739375, 35.458916667 ], [ 136.8739375, 35.458958333 ], [ 136.874, 35.458958333 ], [ 136.874, 35.458916667 ] ] ] } },
{ "type": "Feature", "properties": { "A31a_101": "8505090063", "A31a_102": "山田川", "A31a_103": "21", "A31a_104": "岐阜県", "A31a_105": 1 }, "geometry": { "type": "Polygon", "coordinates": [ [ [ 136.8754375, 35.458875 ], [ 136.875375, 35.458875 ], [ 136.875375, 35.458916667 ], [ 136.875375, 35.458958333 ], [ 136.8754375, 35.458958333 ], [ 136.8754375, 35.458916667 ], [ 136.8754375, 35.458875 ] ] ] } },
{ "type": "Feature", "properties": { "A31a_101": "8505090063", "A31a_102": "山田川", "A31a_103": "21", "A31a_104": "岐阜県", "A31a_105": 1 }, "geometry": { "type": "Polygon", "coordinates": [ [ [ 136.875125, 35.459083333 ], [ 136.875125, 35.459041667 ], [ 136.8750625, 35.459041667 ], [ 136.8750625, 35.459083333 ], [ 136.875125, 35.459083333 ] ] ] } },
{ "type": "Feature", "properties": { "A31a_101": "8505090063", "A31a_102": "山田川", "A31a_103": "21", "A31a_104": "岐阜県", "A31a_105": 1 }, "geometry": { "type": "Polygon", "coordinates": [ [ [ 136.8750625, 35.459041667 ], [ 136.8750625, 35.459 ], [ 136.875, 35.459 ], [ 136.875, 35.458958333 ], [ 136.8750625, 35.458958333 ], [ 136.875125, 35.458958333 ], [ 136.8751875, 35.458958333 ], [ 136.8751875, 35.459 ], [ 136.875125, 35.459 ], [ 136.875125, 35.459041667 ], [ 136.8751875, 35.459041667 ], [ 136.8751875, 35.459083333 ], [ 136.87525, 35.459083333 ], [ 136.87525, 35.459041667 ], [ 136.87525, 35.459 ], [ 136.87525, 35.458958333 ], [ 136.87525, 35.458916667 ], [ 136.8751875, 35.458916667 ], [ 136.8751875, 35.458875 ], [ 136.8751875, 35.458833333 ], [ 136.875125, 35.458833333 ], [ 136.875125, 35.458791667 ], [ 136.875125, 35.45875 ], [ 136.8751875, 35.45875 ], [ 136.87525, 35.45875 ], [ 136.87525, 35.458708333 ], [ 136.8751875, 35.458708333 ], [ 136.875125, 35.458708333 ], [ 136.875125, 35.458666667 ], [ 136.8750625, 35.458666667 ], [ 136.8750625, 35.458708333 ], [ 136.8750625, 35.45875 ], [ 136.875, 35.45875 ], [ 136.875, 35.458791667 ], [ 136.875, 35.458833333 ], [ 136.875, 35.458875 ], [ 136.875, 35.458916667 ], [ 136.8749375, 35.458916667 ], [ 136.8749375, 35.458875 ], [ 136.8749375, 35.458833333 ], [ 136.8749375, 35.458791667 ], [ 136.874875, 35.458791667 ], [ 136.874875, 35.45875 ], [ 136.874875, 35.458708333 ], [ 136.8748125, 35.458708333 ], [ 136.8748125, 35.458666667 ], [ 136.8748125, 35.458625 ], [ 136.8748125, 35.458583333 ], [ 136.874875, 35.458583333 ], [ 136.874875, 35.458541667 ], [ 136.8748125, 35.458541667 ], [ 136.87475, 35.458541667 ], [ 136.87475, 35.458583333 ], [ 136.87475, 35.458625 ], [ 136.8746875, 35.458625 ], [ 136.874625, 35.458625 ], [ 136.874625, 35.458666667 ], [ 136.8745625, 35.458666667 ], [ 136.8745625, 35.458625 ], [ 136.8745, 35.458625 ], [ 136.8745, 35.458583333 ], [ 136.8745, 35.458541667 ], [ 136.8745, 35.4585 ], [ 136.8744375, 35.4585 ], [ 136.8744375, 35.458458333 ], [ 136.874375, 35.458458333 ], [ 136.874375, 35.458416667 ], [ 136.874375, 35.458375 ], [ 136.874375, 35.458333333 ], [ 136.8743125, 35.458333333 ], [ 136.87425, 35.458333333 ], [ 136.87425, 35.458375 ], [ 136.8741875, 35.458375 ], [ 136.874125, 35.458375 ], [ 136.874125, 35.458416667 ], [ 136.8741875, 35.458416667 ], [ 136.8741875, 35.458458333 ], [ 136.8741875, 35.4585 ], [ 136.8741875, 35.458541667 ], [ 136.87425, 35.458541667 ], [ 136.87425, 35.458583333 ], [ 136.87425, 35.458625 ], [ 136.8743125, 35.458625 ], [ 136.8743125, 35.458666667 ], [ 136.8743125, 35.458708333 ], [ 136.874375, 35.458708333 ], [ 136.874375, 35.45875 ], [ 136.8744375, 35.45875 ], [ 136.8744375, 35.458791667 ], [ 136.8745, 35.458791667 ], [ 136.8745, 35.45875 ], [ 136.8745625, 35.45875 ], [ 136.874625, 35.45875 ], [ 136.874625, 35.458791667 ], [ 136.8746875, 35.458791667 ], [ 136.8746875, 35.458833333 ], [ 136.8746875, 35.458875 ], [ 136.8746875, 35.458916667 ], [ 136.87475, 35.458916667 ], [ 136.87475, 35.458958333 ], [ 136.87475, 35.459 ], [ 136.8748125, 35.459 ], [ 136.8748125, 35.459041667 ], [ 136.8748125, 35.459083333 ], [ 136.8748125, 35.459125 ], [ 136.874875, 35.459125 ], [ 136.874875, 35.459083333 ], [ 136.8749375, 35.459083333 ], [ 136.875, 35.459083333 ], [ 136.875, 35.459041667 ], [ 136.8750625, 35.459041667 ] ] ] } },
{ "type": "Feature", "properties": { "A31a_101": "8505090063", "A31a_102": "山田川", "A31a_103": "21", "A31a_104": "岐阜県", "A31a_105": 1 }, "geometry": { "type": "Polygon", "coordinates": [ [ [ 136.874125, 35.459125 ], [ 136.8740625, 35.459125 ], [ 136.8740625, 35.459166667 ], [ 136.874125, 35.459166667 ], [ 136.874125, 35.459125 ] ] ] } },
{ "type": "Feature", "properties": { "A31a_101": "8505090063", "A31a_102": "山田川", "A31a_103": "21", "A31a_104": "岐阜県", "A31a_105": 1 }, "geometry": { "type": "Polygon", "coordinates": [ [ [ 136.87525, 35.459333333 ], [ 136.8751875, 35.459333333 ], [ 136.8751875, 35.459375 ], [ 136.87525, 35.459375 ], [ 136.87525, 35.459333333 ] ] ] } },
{ "type": "Feature", "properties": { "A31a_101": "8505090063", "A31a_102": "山田川", "A31a_103": "21", "A31a_104": "岐阜県", "A31a_105": 1 }, "geometry": { "type": "Polygon", "coordinates": [ [ [ 136.8751875, 35.459083333 ], [ 136.875125, 35.459083333 ], [ 136.875125, 35.459125 ], [ 136.8750625, 35.459125 ], [ 136.8750625, 35.459166667 ], [ 136.8750625, 35.459208333 ], [ 136.875125, 35.459208333 ], [ 136.875125, 35.45925 ], [ 136.875125, 35.459291667 ], [ 136.8751875, 35.459291667 ], [ 136.87525, 35.459291667 ], [ 136.87525, 35.459333333 ], [ 136.8753125, 35.459333333 ], [ 136.8753125, 35.459375 ], [ 136.875375, 35.459375 ], [ 136.8754375, 35.459375 ], [ 136.8754375, 35.459333333 ], [ 136.875375, 35.459333333 ], [ 136.875375, 35.459291667 ], [ 136.8753125, 35.459291667 ], [ 136.8753125, 35.45925 ], [ 136.8753125, 35.459208333 ], [ 136.8753125, 35.459166667 ], [ 136.8753125, 35.459125 ], [ 136.87525, 35.459125 ], [ 136.8751875, 35.459125 ], [ 136.8751875, 35.459083333 ] ] ] } },
{ "type": "Feature", "properties": { "A31a_101": "8505090063", "A31a_102": "山田川", "A31a_103": "21", "A31a_104": "岐阜県", "A31a_105": 1 }, "geometry": { "type": "Polygon", "coordinates": [ [ [ 136.8743125, 35.4595 ], [ 136.87425, 35.4595 ], [ 136.87425, 35.459541667 ], [ 136.8743125, 35.459541667 ], [ 136.8743125, 35.4595 ] ] ] } },
{ "type": "Feature", "properties": { "A31a_101": "8505090063", "A31a_102": "山田川", "A31a_103": "21", "A31a_104": "岐阜県", "A31a_105": 1 }, "geometry": { "type": "Polygon", "coordinates": [ [ [ 136.8754375, 35.459583333 ], [ 136.875375, 35.459583333 ], [ 136.875375, 35.459625 ], [ 136.8754375, 35.459625 ], [ 136.8754375, 35.459583333 ] ] ] } },
{ "type": "Feature", "properties": { "A31a_101": "8505090063", "A31a_102": "山田川", "A31a_103": "21", "A31a_104": "岐阜県", "A31a_105": 1 }, "geometry": { "type": "Polygon", "coordinates": [ [ [ 136.8745, 35.459833333 ], [ 136.8744375, 35.459833333 ], [ 136.8744375, 35.459875 ], [ 136.8745, 35.459875 ], [ 136.8745, 35.459833333 ] ] ] } },
{ "type": "Feature", "properties": { "A31a_101": "8505090063", "A31a_102": "山田川", "A31a_103": "21", "A31a_104": "岐阜県", "A31a_105": 1 }, "geometry": { "type": "Polygon", "coordinates": [ [ [ 136.874625, 35.459833333 ], [ 136.874625, 35.459791667 ], [ 136.8746875, 35.459791667 ], [ 136.87475, 35.459791667 ], [ 136.87475, 35.45975 ], [ 136.8748125, 35.45975 ], [ 136.8748125, 35.459708333 ], [ 136.874875, 35.459708333 ], [ 136.8749375, 35.459708333 ], [ 136.8749375, 35.459666667 ], [ 136.875, 35.459666667 ], [ 136.875, 35.459625 ], [ 136.8750625, 35.459625 ], [ 136.875125, 35.459625 ], [ 136.8751875, 35.459625 ], [ 136.8751875, 35.459583333 ], [ 136.87525, 35.459583333 ], [ 136.8753125, 35.459583333 ], [ 136.8753125, 35.459541667 ], [ 136.875375, 35.459541667 ], [ 136.875375, 35.4595 ], [ 136.875375, 35.459458333 ], [ 136.875375, 35.459416667 ], [ 136.8753125, 35.459416667 ], [ 136.87525, 35.459416667 ], [ 136.87525, 35.459458333 ], [ 136.87525, 35.4595 ], [ 136.8751875, 35.4595 ], [ 136.8751875, 35.459541667 ], [ 136.875125, 35.459541667 ], [ 136.875125, 35.459583333 ], [ 136.8750625, 35.459583333 ], [ 136.875, 35.459583333 ], [ 136.875, 35.459541667 ], [ 136.875, 35.4595 ], [ 136.875, 35.459458333 ], [ 136.8749375, 35.459458333 ], [ 136.8749375, 35.459416667 ], [ 136.8749375, 35.459375 ], [ 136.874875, 35.459375 ], [ 136.874875, 35.459416667 ], [ 136.8748125, 35.459416667 ], [ 136.87475, 35.459416667 ], [ 136.87475, 35.459458333 ], [ 136.8746875, 35.459458333 ], [ 136.8746875, 35.4595 ], [ 136.874625, 35.4595 ], [ 136.874625, 35.459541667 ], [ 136.8745625, 35.459541667 ], [ 136.8745, 35.459541667 ], [ 136.8745, 35.459583333 ], [ 136.8745, 35.459625 ], [ 136.8744375, 35.459625 ], [ 136.8744375, 35.459666667 ], [ 136.8745, 35.459666667 ], [ 136.8745, 35.459708333 ], [ 136.8745, 35.45975 ], [ 136.8745, 35.459791667 ], [ 136.8745625, 35.459791667 ], [ 136.8745625, 35.459833333 ], [ 136.8745625, 35.459875 ], [ 136.8745625, 35.459916667 ], [ 136.874625, 35.459916667 ], [ 136.874625, 35.459875 ], [ 136.874625, 35.459833333 ] ] ] } },
{ "type": "Feature", "properties": { "A31a_101": "8505090063", "A31a_102": "山田川", "A31a_103": "21", "A31a_104": "岐阜県", "A31a_105": 1 }, "geometry": { "type": "Polygon", "coordinates": [ [ [ 136.8745625, 35.459958333 ], [ 136.8745, 35.459958333 ], [ 136.8745, 35.46 ], [ 136.8745625, 35.46 ], [ 136.8745625, 35.459958333 ] ] ] } },
{ "type": "Feature", "properties": { "A31a_101": "8505090063", "A31a_102": "山田川", "A31a_103": "21", "A31a_104": "岐阜県", "A31a_105": 2 }, "geometry": { "type": "Polygon", "coordinates": [ [ [ 136.8503125, 35.454083333 ], [ 136.8503125, 35.454041667 ], [ 136.8503125, 35.454 ], [ 136.8503125, 35.453958333 ], [ 136.8503125, 35.453916667 ], [ 136.8503125, 35.453875 ], [ 136.8503125, 35.453833333 ], [ 136.8503125, 35.453791667 ], [ 136.85025, 35.453791667 ], [ 136.8501875, 35.453791667 ], [ 136.850125, 35.453791667 ], [ 136.850125, 35.45375 ], [ 136.8500625, 35.45375 ], [ 136.85, 35.45375 ], [ 136.8499375, 35.45375 ], [ 136.849875, 35.45375 ], [ 136.8498125, 35.45375 ], [ 136.8498125, 35.453791667 ], [ 136.8498125, 35.453833333 ], [ 136.8498125, 35.453875 ], [ 136.8498125, 35.453916667 ], [ 136.8498125, 35.453958333 ], [ 136.8498125, 35.454 ], [ 136.8498125, 35.454041667 ], [ 136.8498125, 35.454083333 ], [ 136.8498125, 35.454125 ], [ 136.8498125, 35.454166667 ], [ 136.8498125, 35.454208333 ], [ 136.8498125, 35.45425 ], [ 136.8498125, 35.454291667 ], [ 136.849875, 35.454291667 ], [ 136.8499375, 35.454291667 ], [ 136.85, 35.454291667 ], [ 136.85, 35.45425 ], [ 136.85, 35.454208333 ], [ 136.85, 35.454166667 ], [ 136.85, 35.454125 ], [ 136.85, 35.454083333 ], [ 136.8500625, 35.454083333 ], [ 136.850125, 35.454083333 ], [ 136.8501875, 35.454083333 ], [ 136.8501875, 35.454125 ], [ 136.8501875, 35.454166667 ], [ 136.8501875, 35.454208333 ], [ 136.8501875, 35.45425 ], [ 136.8501875, 35.454291667 ], [ 136.85025, 35.454291667 ], [ 136.8503125, 35.454291667 ], [ 136.8503125, 35.45425 ], [ 136.8503125, 35.454208333 ], [ 136.8503125, 35.454166667 ], [ 136.8503125, 35.454125 ], [ 136.8503125, 35.454083333 ] ] ] } },
{ "type": "Feature", "properties": { "A31a_101": "8505090063", "A31a_102": "山田川", "A31a_103": "21", "A31a_104": "岐阜県", "A31a_105": 2 }, "geometry": { "type": "Polygon", "coordinates": [ [ [ 136.8506875, 35.454916667 ], [ 136.850625, 35.454916667 ], [ 136.850625, 35.454958333 ], [ 136.8506875, 35.454958333 ], [ 136.85075, 35.454958333 ], [ 136.8508125, 35.454958333 ], [ 136.850875, 35.454958333 ], [ 136.8509375, 35.454958333 ], [ 136.851, 35.454958333 ], [ 136.851, 35.454916667 ], [ 136.8509375, 35.454916667 ], [ 136.850875, 35.454916667 ], [ 136.8508125, 35.454916667 ], [ 136.85075, 35.454916667 ], [ 136.8506875, 35.454916667 ] ] ] } },
{ "type": "Feature", "properties": { "A31a_101": "8505090063", "A31a_102": "山田川", "A31a_103": "21", "A31a_104": "岐阜県", "A31a_105": 2 }, "geometry": { "type": "Polygon", "coordinates": [ [ [ 136.8511875, 35.454916667 ], [ 136.851125, 35.454916667 ], [ 136.851125, 35.454958333 ], [ 136.8511875, 35.454958333 ], [ 136.85125, 35.454958333 ], [ 136.85125, 35.454916667 ], [ 136.8511875, 35.454916667 ] ] ] } },
{ "type": "Feature", "properties": { "A31a_101": "8505090063", "A31a_102": "山田川", "A31a_103": "21", "A31a_104": "岐阜県", "A31a_105": 2 }, "geometry": { "type": "Polygon", "coordinates": [ [ [ 136.851625, 35.454958333 ], [ 136.8515625, 35.454958333 ], [ 136.8515625, 35.455 ], [ 136.851625, 35.455 ], [ 136.8516875, 35.455 ], [ 136.8516875, 35.454958333 ], [ 136.851625, 35.454958333 ] ] ] } },
{ "type": "Feature", "properties": { "A31a_101": "8505090063", "A31a_102": "山田川", "A31a_103": "21", "A31a_104": "岐阜県", "A31a_105": 2 }, "geometry": { "type": "Polygon", "coordinates": [ [ [ 136.8518125, 35.454958333 ], [ 136.85175, 35.454958333 ], [ 136.85175, 35.455 ], [ 136.8518125, 35.455 ], [ 136.8518125, 35.454958333 ] ] ] } },
{ "type": "Feature", "properties": { "A31a_101": "8505090063", "A31a_102": "山田川", "A31a_103": "21", "A31a_104": "岐阜県", "A31a_105": 2 }, "geometry": { "type": "Polygon", "coordinates": [ [ [ 136.8790625, 35.455375 ], [ 136.8790625, 35.455333333 ], [ 136.8790625, 35.455291667 ], [ 136.879, 35.455291667 ], [ 136.8789375, 35.455291667 ], [ 136.878875, 35.455291667 ], [ 136.8788125, 35.455291667 ], [ 136.8788125, 35.455333333 ], [ 136.87875, 35.455333333 ], [ 136.8786875, 35.455333333 ], [ 136.878625, 35.455333333 ], [ 136.878625, 35.455375 ], [ 136.8785625, 35.455375 ], [ 136.8785625, 35.455416667 ], [ 136.878625, 35.455416667 ], [ 136.8786875, 35.455416667 ], [ 136.87875, 35.455416667 ], [ 136.8788125, 35.455416667 ], [ 136.878875, 35.455416667 ], [ 136.8789375, 35.455416667 ], [ 136.879, 35.455416667 ], [ 136.8790625, 35.455416667 ], [ 136.8790625, 35.455375 ] ] ] } },
{ "type": "Feature", "properties": { "A31a_101": "8505090063", "A31a_102": "山田川", "A31a_103": "21", "A31a_104": "岐阜県", "A31a_105": 2 }, "geometry": { "type": "Polygon", "coordinates": [ [ [ 136.852125, 35.4555 ], [ 136.852125, 35.455458333 ], [ 136.8521875, 35.455458333 ], [ 136.8521875, 35.455416667 ], [ 136.852125, 35.455416667 ], [ 136.8520625, 35.455416667 ], [ 136.852, 35.455416667 ], [ 136.8519375, 35.455416667 ], [ 136.851875, 35.455416667 ], [ 136.8518125, 35.455416667 ], [ 136.85175, 35.455416667 ], [ 136.8516875, 35.455416667 ], [ 136.851625, 35.455416667 ], [ 136.8515625, 35.455416667 ], [ 136.8515625, 35.455458333 ], [ 136.8515625, 35.4555 ], [ 136.851625, 35.4555 ], [ 136.8516875, 35.4555 ], [ 136.85175, 35.4555 ], [ 136.8518125, 35.4555 ], [ 136.851875, 35.4555 ], [ 136.8519375, 35.4555 ], [ 136.8519375, 35.455458333 ], [ 136.852, 35.455458333 ], [ 136.852, 35.4555 ], [ 136.8520625, 35.4555 ], [ 136.852125, 35.4555 ] ] ] } },
{ "type": "Feature", "properties": { "A31a_101": "8505090063", "A31a_102": "山田川", "A31a_103": "21", "A31a_104": "岐阜県", "A31a_105": 2 }, "geometry": { "type": "Polygon", "coordinates": [ [ [ 136.852375, 35.455458333 ], [ 136.852375, 35.455416667 ], [ 136.8523125, 35.455416667 ], [ 136.85225, 35.455416667 ], [ 136.85225, 35.455458333 ], [ 136.8523125, 35.455458333 ], [ 136.8523125, 35.4555 ], [ 136.852375, 35.4555 ], [ 136.852375, 35.455458333 ] ] ] } },
{ "type": "Feature", "properties": { "A31a_101": "8505090063", "A31a_102": "山田川", "A31a_103": "21", "A31a_104": "岐阜県", "A31a_105": 2 }, "geometry": { "type": "Polygon", "coordinates": [ [ [ 136.879125, 35.455583333 ], [ 136.879125, 35.455541667 ], [ 136.879125, 35.4555 ], [ 136.8790625, 35.4555 ], [ 136.8790625, 35.455541667 ], [ 136.8790625, 35.455583333 ], [ 136.879, 35.455583333 ], [ 136.879, 35.455541667 ], [ 136.8789375, 35.455541667 ], [ 136.8789375, 35.455583333 ], [ 136.878875, 35.455583333 ], [ 136.878875, 35.455541667 ], [ 136.878875, 35.4555 ], [ 136.8788125, 35.4555 ], [ 136.87875, 35.4555 ], [ 136.87875, 35.455541667 ], [ 136.8786875, 35.455541667 ], [ 136.878625, 35.455541667 ], [ 136.8785625, 35.455541667 ], [ 136.8785625, 35.455583333 ], [ 136.8785, 35.455583333 ], [ 136.8784375, 35.455583333 ], [ 136.878375, 35.455583333 ], [ 136.878375, 35.455625 ], [ 136.8784375, 35.455625 ], [ 136.8785, 35.455625 ], [ 136.8785625, 35.455625 ], [ 136.878625, 35.455625 ], [ 136.8786875, 35.455625 ], [ 136.87875, 35.455625 ], [ 136.8788125, 35.455625 ], [ 136.878875, 35.455625 ], [ 136.8789375, 35.455625 ], [ 136.879, 35.455625 ], [ 136.8790625, 35.455625 ], [ 136.879125, 35.455625 ], [ 136.879125, 35.455583333 ] ] ] } },
{ "type": "Feature", "properties": { "A31a_101": "8505090063", "A31a_102": "山田川", "A31a_103": "21", "A31a_104": "岐阜県", "A31a_105": 2 }, "geometry": { "type": "Polygon", "coordinates": [ [ [ 136.8788125, 35.455708333 ], [ 136.87875, 35.455708333 ], [ 136.87875, 35.45575 ], [ 136.8788125, 35.45575 ], [ 136.8788125, 35.455708333 ] ] ] } },
{ "type": "Feature", "properties": { "A31a_101": "8505090063", "A31a_102": "山田川", "A31a_103": "21", "A31a_104": "岐阜県", "A31a_105": 2 }, "geometry": { "type": "Polygon", "coordinates": [ [ [ 136.878375, 35.455833333 ], [ 136.878375, 35.455791667 ], [ 136.8783125, 35.455791667 ], [ 136.87825, 35.455791667 ], [ 136.8781875, 35.455791667 ], [ 136.8781875, 35.45575 ], [ 136.878125, 35.45575 ], [ 136.8780625, 35.45575 ], [ 136.8780625, 35.455791667 ], [ 136.878, 35.455791667 ], [ 136.8779375, 35.455791667 ], [ 136.8779375, 35.455833333 ], [ 136.878, 35.455833333 ], [ 136.8780625, 35.455833333 ], [ 136.878125, 35.455833333 ], [ 136.8781875, 35.455833333 ], [ 136.87825, 35.455833333 ], [ 136.8783125, 35.455833333 ], [ 136.878375, 35.455833333 ] ] ] } },
{ "type": "Feature", "properties": { "A31a_101": "8505090063", "A31a_102": "山田川", "A31a_103": "21", "A31a_104": "岐阜県", "A31a_105": 2 }, "geometry": { "type": "Polygon", "coordinates": [ [ [ 136.879, 35.455958333 ], [ 136.8790625, 35.455958333 ], [ 136.8790625, 35.455916667 ], [ 136.879, 35.455916667 ], [ 136.879, 35.455958333 ] ] ] } },
{ "type": "Feature", "properties": { "A31a_101": "8505090063", "A31a_102": "山田川", "A31a_103": "21", "A31a_104": "岐阜県", "A31a_105": 2 }, "geometry": { "type": "Polygon", "coordinates": [ [ [ 136.879, 35.455958333 ], [ 136.8789375, 35.455958333 ], [ 136.8789375, 35.456 ], [ 136.8789375, 35.456041667 ], [ 136.879, 35.456041667 ], [ 136.8790625, 35.456041667 ], [ 136.8790625, 35.456 ], [ 136.879, 35.456 ], [ 136.879, 35.455958333 ] ] ] } },
{ "type": "Feature", "properties": { "A31a_101": "8505090063", "A31a_102": "山田川", "A31a_103": "21", "A31a_104": "岐阜県", "A31a_105": 2 }, "geometry": { "type": "Polygon", "coordinates": [ [ [ 136.8505, 35.456 ], [ 136.8504375, 35.456 ], [ 136.8504375, 35.456041667 ], [ 136.8504375, 35.456083333 ], [ 136.8504375, 35.456125 ], [ 136.8505, 35.456125 ], [ 136.8505, 35.456083333 ], [ 136.8505, 35.456041667 ], [ 136.8505, 35.456 ] ] ] } },
{ "type": "Feature", "properties": { "A31a_101": "8505090063", "A31a_102": "山田川", "A31a_103": "21", "A31a_104": "岐阜県", "A31a_105": 2 }, "geometry": { "type": "Polygon", "coordinates": [ [ [ 136.8788125, 35.456166667 ], [ 136.878875, 35.456166667 ], [ 136.878875, 35.456125 ], [ 136.8788125, 35.456125 ], [ 136.8788125, 35.456166667 ] ] ] } },
{ "type": "Feature", "properties": { "A31a_101": "8505090063", "A31a_102": "山田川", "A31a_103": "21", "A31a_104": "岐阜県", "A31a_105": 2 }, "geometry": { "type": "Polygon", "coordinates": [ [ [ 136.8788125, 35.456166667 ], [ 136.87875, 35.456166667 ], [ 136.87875, 35.456208333 ], [ 136.8788125, 35.456208333 ], [ 136.8788125, 35.456166667 ] ] ] } },
{ "type": "Feature", "properties": { "A31a_101": "8505090063", "A31a_102": "山田川", "A31a_103": "21", "A31a_104": "岐阜県", "A31a_105": 2 }, "geometry": { "type": "Polygon", "coordinates": [ [ [ 136.8548125, 35.456208333 ], [ 136.85475, 35.456208333 ], [ 136.85475, 35.45625 ], [ 136.8548125, 35.45625 ], [ 136.854875, 35.45625 ], [ 136.8549375, 35.45625 ], [ 136.855, 35.45625 ], [ 136.8550625, 35.45625 ], [ 136.8550625, 35.456208333 ], [ 136.855, 35.456208333 ], [ 136.8549375, 35.456208333 ], [ 136.854875, 35.456208333 ], [ 136.8548125, 35.456208333 ] ] ] } },
{ "type": "Feature", "properties": { "A31a_101": "8505090063", "A31a_102": "山田川", "A31a_103": "21", "A31a_104": "岐阜県", "A31a_105": 2 }, "geometry": { "type": "Polygon", "coordinates": [ [ [ 136.8565, 35.456291667 ], [ 136.8565, 35.45625 ], [ 136.8564375, 35.45625 ], [ 136.856375, 35.45625 ], [ 136.8563125, 35.45625 ], [ 136.85625, 35.45625 ], [ 136.8561875, 35.45625 ], [ 136.856125, 35.45625 ], [ 136.8560625, 35.45625 ], [ 136.856, 35.45625 ], [ 136.856, 35.456208333 ], [ 136.8559375, 35.456208333 ], [ 136.8559375, 35.45625 ], [ 136.8559375, 35.456291667 ], [ 136.856, 35.456291667 ], [ 136.8560625, 35.456291667 ], [ 136.856125, 35.456291667 ], [ 136.8561875, 35.456291667 ], [ 136.85625, 35.456291667 ], [ 136.8563125, 35.456291667 ], [ 136.856375, 35.456291667 ], [ 136.8564375, 35.456291667 ], [ 136.8565, 35.456291667 ] ] ] } },
{ "type": "Feature", "properties": { "A31a_101": "8505090063", "A31a_102": "山田川", "A31a_103": "21", "A31a_104": "岐阜県", "A31a_105": 2 }, "geometry": { "type": "Polygon", "coordinates": [ [ [ 136.8580625, 35.456375 ], [ 136.8580625, 35.456333333 ], [ 136.858125, 35.456333333 ], [ 136.858125, 35.456291667 ], [ 136.8580625, 35.456291667 ], [ 136.858, 35.456291667 ], [ 136.858, 35.456333333 ], [ 136.858, 35.456375 ], [ 136.8580625, 35.456375 ] ] ] } },
{ "type": "Feature", "properties": { "A31a_101": "8505090063", "A31a_102": "山田川", "A31a_103": "21", "A31a_104": "岐阜県", "A31a_105": 2 }, "geometry": { "type": "Polygon", "coordinates": [ [ [ 136.8781875, 35.456375 ], [ 136.8781875, 35.456333333 ], [ 136.87825, 35.456333333 ], [ 136.8783125, 35.456333333 ], [ 136.878375, 35.456333333 ], [ 136.8784375, 35.456333333 ], [ 136.8785, 35.456333333 ], [ 136.8785, 35.456291667 ], [ 136.8785625, 35.456291667 ], [ 136.878625, 35.456291667 ], [ 136.8786875, 35.456291667 ], [ 136.8786875, 35.45625 ], [ 136.8786875, 35.456208333 ], [ 136.8786875, 35.456166667 ], [ 136.8786875, 35.456125 ], [ 136.8786875, 35.456083333 ], [ 136.878625, 35.456083333 ], [ 136.878625, 35.456041667 ], [ 136.878625, 35.456 ], [ 136.878625, 35.455958333 ], [ 136.878625, 35.455916667 ], [ 136.8785625, 35.455916667 ], [ 136.8785625, 35.455875 ], [ 136.8785625, 35.455833333 ], [ 136.8785625, 35.455791667 ], [ 136.8785, 35.455791667 ], [ 136.8784375, 35.455791667 ], [ 136.8784375, 35.455833333 ], [ 136.8784375, 35.455875 ], [ 136.8784375, 35.455916667 ], [ 136.8784375, 35.455958333 ], [ 136.8784375, 35.456 ], [ 136.8784375, 35.456041667 ], [ 136.8784375, 35.456083333 ], [ 136.8784375, 35.456125 ], [ 136.8784375, 35.456166667 ], [ 136.878375, 35.456166667 ], [ 136.878375, 35.456208333 ], [ 136.8783125, 35.456208333 ], [ 136.8783125, 35.456166667 ], [ 136.87825, 35.456166667 ], [ 136.8781875, 35.456166667 ], [ 136.8781875, 35.456125 ], [ 136.878125, 35.456125 ], [ 136.878125, 35.456166667 ], [ 136.878125, 35.456208333 ], [ 136.878125, 35.45625 ], [ 136.878125, 35.456291667 ], [ 136.878125, 35.456333333 ], [ 136.8780625, 35.456333333 ], [ 136.8780625, 35.456375 ], [ 136.878125, 35.456375 ], [ 136.8781875, 35.456375 ] ] ] } },
{ "type": "Feature", "properties": { "A31a_101": "8505090063", "A31a_102": "山田川", "A31a_103": "21", "A31a_104": "岐阜県", "A31a_105": 2 }, "geometry": { "type": "Polygon", "coordinates": [ [ [ 136.854625, 35.456375 ], [ 136.854625, 35.456333333 ], [ 136.854625, 35.456291667 ], [ 136.854625, 35.45625 ], [ 136.854625, 35.456208333 ], [ 136.8546875, 35.456208333 ], [ 136.8546875, 35.456166667 ], [ 136.854625, 35.456166667 ], [ 136.8545625, 35.456166667 ], [ 136.8545625, 35.456125 ], [ 136.8545, 35.456125 ], [ 136.8544375, 35.456125 ], [ 136.854375, 35.456125 ], [ 136.8543125, 35.456125 ], [ 136.85425, 35.456125 ], [ 136.8541875, 35.456125 ], [ 136.854125, 35.456125 ], [ 136.854125, 35.456083333 ], [ 136.854125, 35.456041667 ], [ 136.8540625, 35.456041667 ], [ 136.8540625, 35.456083333 ], [ 136.8540625, 35.456125 ], [ 136.8540625, 35.456166667 ], [ 136.854125, 35.456166667 ], [ 136.8541875, 35.456166667 ], [ 136.85425, 35.456166667 ], [ 136.8543125, 35.456166667 ], [ 136.854375, 35.456166667 ], [ 136.854375, 35.456208333 ], [ 136.8544375, 35.456208333 ], [ 136.8544375, 35.45625 ], [ 136.8544375, 35.456291667 ], [ 136.8544375, 35.456333333 ], [ 136.8544375, 35.456375 ], [ 136.8545, 35.456375 ], [ 136.8545625, 35.456375 ], [ 136.8545625, 35.456416667 ], [ 136.854625, 35.456416667 ], [ 136.854625, 35.456375 ] ] ] } },
{ "type": "Feature", "properties": { "A31a_101": "8505090063", "A31a_102": "山田川", "A31a_103": "21", "A31a_104": "岐阜県", "A31a_105": 2 }, "geometry": { "type": "Polygon", "coordinates": [ [ [ 136.8500625, 35.456375 ], [ 136.85, 35.456375 ], [ 136.85, 35.456416667 ], [ 136.85, 35.456458333 ], [ 136.8500625, 35.456458333 ], [ 136.8500625, 35.456416667 ], [ 136.8500625, 35.456375 ] ] ] } },
{ "type": "Feature", "properties": { "A31a_101": "8505090063", "A31a_102": "山田川", "A31a_103": "21", "A31a_104": "岐阜県", "A31a_105": 2 }, "geometry": { "type": "Polygon", "coordinates": [ [ [ 136.8565, 35.456291667 ], [ 136.8565, 35.456333333 ], [ 136.8565, 35.456375 ], [ 136.8565, 35.456416667 ], [ 136.8565, 35.456458333 ], [ 136.8565, 35.4565 ], [ 136.8565625, 35.4565 ], [ 136.8565625, 35.456458333 ], [ 136.8565625, 35.456416667 ], [ 136.8565625, 35.456375 ], [ 136.8565625, 35.456333333 ], [ 136.856625, 35.456333333 ], [ 136.8566875, 35.456333333 ], [ 136.85675, 35.456333333 ], [ 136.85675, 35.456375 ], [ 136.8568125, 35.456375 ], [ 136.856875, 35.456375 ], [ 136.8569375, 35.456375 ], [ 136.857, 35.456375 ], [ 136.857, 35.456333333 ], [ 136.8570625, 35.456333333 ], [ 136.8570625, 35.456291667 ], [ 136.857, 35.456291667 ], [ 136.8569375, 35.456291667 ], [ 136.856875, 35.456291667 ], [ 136.8568125, 35.456291667 ], [ 136.85675, 35.456291667 ], [ 136.8566875, 35.456291667 ], [ 136.8566875, 35.45625 ], [ 136.856625, 35.45625 ], [ 136.8565625, 35.45625 ], [ 136.8565625, 35.456291667 ], [ 136.8565, 35.456291667 ] ] ] } },
{ "type": "Feature", "properties": { "A31a_101": "8505090063", "A31a_102": "山田川", "A31a_103": "21", "A31a_104": "岐阜県", "A31a_105": 2 }, "geometry": { "type": "Polygon", "coordinates": [ [ [ 136.8546875, 35.456541667 ], [ 136.85475, 35.456541667 ], [ 136.85475, 35.4565 ], [ 136.85475, 35.456458333 ], [ 136.85475, 35.456416667 ], [ 136.85475, 35.456375 ], [ 136.8546875, 35.456375 ], [ 136.8546875, 35.456416667 ], [ 136.8546875, 35.456458333 ], [ 136.8546875, 35.4565 ], [ 136.8546875, 35.456541667 ] ] ] } },
{ "type": "Feature", "properties": { "A31a_101": "8505090063", "A31a_102": "山田川", "A31a_103": "21", "A31a_104": "岐阜県", "A31a_105": 2 }, "geometry": { "type": "Polygon", "coordinates": [ [ [ 136.84975, 35.456541667 ], [ 136.8496875, 35.456541667 ], [ 136.8496875, 35.456583333 ], [ 136.84975, 35.456583333 ], [ 136.8498125, 35.456583333 ], [ 136.849875, 35.456583333 ], [ 136.8499375, 35.456583333 ], [ 136.8499375, 35.456541667 ], [ 136.849875, 35.456541667 ], [ 136.8498125, 35.456541667 ], [ 136.84975, 35.456541667 ] ] ] } },
{ "type": "Feature", "properties": { "A31a_101": "8505090063", "A31a_102": "山田川", "A31a_103": "21", "A31a_104": "岐阜県", "A31a_105": 2 }, "geometry": { "type": "Polygon", "coordinates": [ [ [ 136.8491875, 35.456583333 ], [ 136.849125, 35.456583333 ], [ 136.849125, 35.456625 ], [ 136.8491875, 35.456625 ], [ 136.8491875, 35.456583333 ] ] ] } },
{ "type": "Feature", "properties": { "A31a_101": "8505090063", "A31a_102": "山田川", "A31a_103": "21", "A31a_104": "岐阜県", "A31a_105": 2 }, "geometry": { "type": "Polygon", "coordinates": [ [ [ 136.8493125, 35.456583333 ], [ 136.84925, 35.456583333 ], [ 136.84925, 35.456625 ], [ 136.8493125, 35.456625 ], [ 136.849375, 35.456625 ], [ 136.8494375, 35.456625 ], [ 136.8494375, 35.456583333 ], [ 136.849375, 35.456583333 ], [ 136.8493125, 35.456583333 ] ] ] } },
{ "type": "Feature", "properties": { "A31a_101": "8505090063", "A31a_102": "山田川", "A31a_103": "21", "A31a_104": "岐阜県", "A31a_105": 2 }, "geometry": { "type": "Polygon", "coordinates": [ [ [ 136.855375, 35.456333333 ], [ 136.855375, 35.456291667 ], [ 136.8554375, 35.456291667 ], [ 136.8554375, 35.456333333 ], [ 136.855375, 35.456333333 ], [ 136.855375, 35.456375 ], [ 136.8553125, 35.456375 ], [ 136.85525, 35.456375 ], [ 136.85525, 35.456416667 ], [ 136.85525, 35.456458333 ], [ 136.85525, 35.4565 ], [ 136.8553125, 35.4565 ], [ 136.855375, 35.4565 ], [ 136.8554375, 35.4565 ], [ 136.8554375, 35.456541667 ], [ 136.855375, 35.456541667 ], [ 136.8553125, 35.456541667 ], [ 136.85525, 35.456541667 ], [ 136.85525, 35.456583333 ], [ 136.8553125, 35.456583333 ], [ 136.8553125, 35.456625 ], [ 136.855375, 35.456625 ], [ 136.8554375, 35.456625 ], [ 136.8555, 35.456625 ], [ 136.8555, 35.456583333 ], [ 136.8555625, 35.456583333 ], [ 136.8555625, 35.456625 ], [ 136.855625, 35.456625 ], [ 136.855625, 35.456583333 ], [ 136.8556875, 35.456583333 ], [ 136.85575, 35.456583333 ], [ 136.85575, 35.456541667 ], [ 136.85575, 35.4565 ], [ 136.85575, 35.456458333 ], [ 136.85575, 35.456416667 ], [ 136.85575, 35.456375 ], [ 136.85575, 35.456333333 ], [ 136.85575, 35.456291667 ], [ 136.85575, 35.45625 ], [ 136.8556875, 35.45625 ], [ 136.855625, 35.45625 ], [ 136.8555625, 35.45625 ], [ 136.8555, 35.45625 ], [ 136.8554375, 35.45625 ], [ 136.8554375, 35.456208333 ], [ 136.855375, 35.456208333 ], [ 136.8553125, 35.456208333 ], [ 136.85525, 35.456208333 ], [ 136.85525, 35.45625 ], [ 136.85525, 35.456291667 ], [ 136.8553125, 35.456291667 ], [ 136.8553125, 35.456333333 ], [ 136.855375, 35.456333333 ] ] ] } },
{ "type": "Feature", "properties": { "A31a_101": "8505090063", "A31a_102": "山田川", "A31a_103": "21", "A31a_104": "岐阜県", "A31a_105": 2 }, "geometry": { "type": "Polygon", "coordinates": [ [ [ 136.8560625, 35.456583333 ], [ 136.856, 35.456583333 ], [ 136.856, 35.456625 ], [ 136.8560625, 35.456625 ], [ 136.8560625, 35.456583333 ] ] ] } },
{ "type": "Feature", "properties": { "A31a_101": "8505090063", "A31a_102": "山田川", "A31a_103": "21", "A31a_104": "岐阜県", "A31a_105": 2 }, "geometry": { "type": "Polygon", "coordinates": [ [ [ 136.8565625, 35.456583333 ], [ 136.8565, 35.456583333 ], [ 136.8565, 35.456625 ], [ 136.8565625, 35.456625 ], [ 136.8565625, 35.456583333 ] ] ] } },
{ "type": "Feature", "properties": { "A31a_101": "8505090063", "A31a_102": "山田川", "A31a_103": "21", "A31a_104": "岐阜県", "A31a_105": 2 }, "geometry": { "type": "Polygon", "coordinates": [ [ [ 136.8488125, 35.456625 ], [ 136.84875, 35.456625 ], [ 136.84875, 35.456666667 ], [ 136.8488125, 35.456666667 ], [ 136.848875, 35.456666667 ], [ 136.8489375, 35.456666667 ], [ 136.8489375, 35.456625 ], [ 136.848875, 35.456625 ], [ 136.8488125, 35.456625 ] ] ] } },
{ "type": "Feature", "properties": { "A31a_101": "8505090063", "A31a_102": "山田川", "A31a_103": "21", "A31a_104": "岐阜県", "A31a_105": 2 }, "geometry": { "type": "Polygon", "coordinates": [ [ [ 136.8490625, 35.456625 ], [ 136.849, 35.456625 ], [ 136.849, 35.456666667 ], [ 136.8490625, 35.456666667 ], [ 136.8490625, 35.456625 ] ] ] } },
{ "type": "Feature", "properties": { "A31a_101": "8505090063", "A31a_102": "山田川", "A31a_103": "21", "A31a_104": "岐阜県", "A31a_105": 2 }, "geometry": { "type": "Polygon", "coordinates": [ [ [ 136.858125, 35.456333333 ], [ 136.858125, 35.456375 ], [ 136.8580625, 35.456375 ], [ 136.8580625, 35.456416667 ], [ 136.858, 35.456416667 ], [ 136.858, 35.456458333 ], [ 136.858, 35.4565 ], [ 136.858, 35.456541667 ], [ 136.858, 35.456583333 ], [ 136.858, 35.456625 ], [ 136.858, 35.456666667 ], [ 136.8580625, 35.456666667 ], [ 136.8580625, 35.456625 ], [ 136.8580625, 35.456583333 ], [ 136.858125, 35.456583333 ], [ 136.8581875, 35.456583333 ], [ 136.85825, 35.456583333 ], [ 136.8583125, 35.456583333 ], [ 136.8583125, 35.456541667 ], [ 136.8583125, 35.4565 ], [ 136.8583125, 35.456458333 ], [ 136.858375, 35.456458333 ], [ 136.858375, 35.456416667 ], [ 136.858375, 35.456375 ], [ 136.858375, 35.456333333 ], [ 136.858375, 35.456291667 ], [ 136.858375, 35.45625 ], [ 136.858375, 35.456208333 ], [ 136.8583125, 35.456208333 ], [ 136.8583125, 35.456166667 ], [ 136.85825, 35.456166667 ], [ 136.8581875, 35.456166667 ], [ 136.858125, 35.456166667 ], [ 136.8580625, 35.456166667 ], [ 136.8580625, 35.456208333 ], [ 136.8580625, 35.45625 ], [ 136.858125, 35.45625 ], [ 136.8581875, 35.45625 ], [ 136.85825, 35.45625 ], [ 136.8583125, 35.45625 ], [ 136.8583125, 35.456291667 ], [ 136.85825, 35.456291667 ], [ 136.85825, 35.456333333 ], [ 136.8581875, 35.456333333 ], [ 136.858125, 35.456333333 ] ] ] } },
{ "type": "Feature", "properties": { "A31a_101": "8505090063", "A31a_102": "山田川", "A31a_103": "21", "A31a_104": "岐阜県", "A31a_105": 2 }, "geometry": { "type": "Polygon", "coordinates": [ [ [ 136.8539375, 35.456625 ], [ 136.853875, 35.456625 ], [ 136.853875, 35.456666667 ], [ 136.853875, 35.456708333 ], [ 136.8539375, 35.456708333 ], [ 136.854, 35.456708333 ], [ 136.854, 35.456666667 ], [ 136.854, 35.456625 ], [ 136.8539375, 35.456625 ] ] ] } },
{ "type": "Feature", "properties": { "A31a_101": "8505090063", "A31a_102": "山田川", "A31a_103": "21", "A31a_104": "岐阜県", "A31a_105": 2 }, "geometry": { "type": "Polygon", "coordinates": [ [ [ 136.8583125, 35.456666667 ], [ 136.8583125, 35.456625 ], [ 136.85825, 35.456625 ], [ 136.8581875, 35.456625 ], [ 136.8581875, 35.456666667 ], [ 136.858125, 35.456666667 ], [ 136.858125, 35.456708333 ], [ 136.8581875, 35.456708333 ], [ 136.85825, 35.456708333 ], [ 136.8583125, 35.456708333 ], [ 136.8583125, 35.456666667 ] ] ] } },
{ "type": "Feature", "properties": { "A31a_101": "8505090063", "A31a_102": "山田川", "A31a_103": "21", "A31a_104": "岐阜県", "A31a_105": 2 }, "geometry": { "type": "Polygon", "coordinates": [ [ [ 136.8551875, 35.456708333 ], [ 136.855125, 35.456708333 ], [ 136.855125, 35.45675 ], [ 136.8551875, 35.45675 ], [ 136.8551875, 35.456708333 ] ] ] } },
{ "type": "Feature", "properties": { "A31a_101": "8505090063", "A31a_102": "山田川", "A31a_103": "21", "A31a_104": "岐阜県", "A31a_105": 2 }, "geometry": { "type": "Polygon", "coordinates": [ [ [ 136.8553125, 35.456708333 ], [ 136.85525, 35.456708333 ], [ 136.85525, 35.45675 ], [ 136.8553125, 35.45675 ], [ 136.855375, 35.45675 ], [ 136.8554375, 35.45675 ], [ 136.8555, 35.45675 ], [ 136.8555625, 35.45675 ], [ 136.8555625, 35.456708333 ], [ 136.8555, 35.456708333 ], [ 136.8554375, 35.456708333 ], [ 136.855375, 35.456708333 ], [ 136.8553125, 35.456708333 ] ] ] } },
{ "type": "Feature", "properties": { "A31a_101": "8505090063", "A31a_102": "山田川", "A31a_103": "21", "A31a_104": "岐阜県", "A31a_105": 2 }, "geometry": { "type": "Polygon", "coordinates": [ [ [ 136.850125, 35.456791667 ], [ 136.850125, 35.45675 ], [ 136.8501875, 35.45675 ], [ 136.8501875, 35.456708333 ], [ 136.8501875, 35.456666667 ], [ 136.85025, 35.456666667 ], [ 136.85025, 35.456625 ], [ 136.85025, 35.456583333 ], [ 136.85025, 35.456541667 ], [ 136.8501875, 35.456541667 ], [ 136.850125, 35.456541667 ], [ 136.8500625, 35.456541667 ], [ 136.85, 35.456541667 ], [ 136.85, 35.456583333 ], [ 136.85, 35.456625 ], [ 136.85, 35.456666667 ], [ 136.85, 35.456708333 ], [ 136.85, 35.45675 ], [ 136.85, 35.456791667 ], [ 136.8500625, 35.456791667 ], [ 136.850125, 35.456791667 ] ] ] } },
{ "type": "Feature", "properties": { "A31a_101": "8505090063", "A31a_102": "山田川", "A31a_103": "21", "A31a_104": "岐阜県", "A31a_105": 2 }, "geometry": { "type": "Polygon", "coordinates": [ [ [ 136.8566875, 35.45675 ], [ 136.856625, 35.45675 ], [ 136.856625, 35.456791667 ], [ 136.8566875, 35.456791667 ], [ 136.85675, 35.456791667 ], [ 136.8568125, 35.456791667 ], [ 136.8568125, 35.45675 ], [ 136.85675, 35.45675 ], [ 136.8566875, 35.45675 ] ] ] } },
{ "type": "Feature", "properties": { "A31a_101": "8505090063", "A31a_102": "山田川", "A31a_103": "21", "A31a_104": "岐阜県", "A31a_105": 2 }, "geometry": { "type": "Polygon", "coordinates": [ [ [ 136.8569375, 35.45675 ], [ 136.856875, 35.45675 ], [ 136.856875, 35.456791667 ], [ 136.8569375, 35.456791667 ], [ 136.8569375, 35.45675 ] ] ] } },
{ "type": "Feature", "properties": { "A31a_101": "8505090063", "A31a_102": "山田川", "A31a_103": "21", "A31a_104": "岐阜県", "A31a_105": 2 }, "geometry": { "type": "Polygon", "coordinates": [ [ [ 136.8570625, 35.456791667 ], [ 136.857125, 35.456791667 ], [ 136.857125, 35.45675 ], [ 136.8570625, 35.45675 ], [ 136.8570625, 35.456791667 ] ] ] } },
{ "type": "Feature", "properties": { "A31a_101": "8505090063", "A31a_102": "山田川", "A31a_103": "21", "A31a_104": "岐阜県", "A31a_105": 2 }, "geometry": { "type": "Polygon", "coordinates": [ [ [ 136.8570625, 35.456791667 ], [ 136.857, 35.456791667 ], [ 136.857, 35.456833333 ], [ 136.8570625, 35.456833333 ], [ 136.8570625, 35.456791667 ] ] ] } },
{ "type": "Feature", "properties": { "A31a_101": "8505090063", "A31a_102": "山田川", "A31a_103": "21", "A31a_104": "岐阜県", "A31a_105": 2 }, "geometry": { "type": "Polygon", "coordinates": [ [ [ 136.857375, 35.456791667 ], [ 136.8573125, 35.456791667 ], [ 136.8573125, 35.456833333 ], [ 136.857375, 35.456833333 ], [ 136.8574375, 35.456833333 ], [ 136.8574375, 35.456791667 ], [ 136.857375, 35.456791667 ] ] ] } },
{ "type": "Feature", "properties": { "A31a_101": "8505090063", "A31a_102": "山田川", "A31a_103": "21", "A31a_104": "岐阜県", "A31a_105": 2 }, "geometry": { "type": "Polygon", "coordinates": [ [ [ 136.8575625, 35.456791667 ], [ 136.8575, 35.456791667 ], [ 136.8575, 35.456833333 ], [ 136.8575625, 35.456833333 ], [ 136.857625, 35.456833333 ], [ 136.8576875, 35.456833333 ], [ 136.8576875, 35.456791667 ], [ 136.857625, 35.456791667 ], [ 136.8575625, 35.456791667 ] ] ] } },
{ "type": "Feature", "properties": { "A31a_101": "8505090063", "A31a_102": "山田川", "A31a_103": "21", "A31a_104": "岐阜県", "A31a_105": 2 }, "geometry": { "type": "Polygon", "coordinates": [ [ [ 136.8578125, 35.456791667 ], [ 136.85775, 35.456791667 ], [ 136.85775, 35.456833333 ], [ 136.8578125, 35.456833333 ], [ 136.857875, 35.456833333 ], [ 136.857875, 35.456791667 ], [ 136.8578125, 35.456791667 ] ] ] } },
{ "type": "Feature", "properties": { "A31a_101": "8505090063", "A31a_102": "山田川", "A31a_103": "21", "A31a_104": "岐阜県", "A31a_105": 2 }, "geometry": { "type": "Polygon", "coordinates": [ [ [ 136.876875, 35.456666667 ], [ 136.876875, 35.456625 ], [ 136.8768125, 35.456625 ], [ 136.8768125, 35.456583333 ], [ 136.87675, 35.456583333 ], [ 136.8766875, 35.456583333 ], [ 136.876625, 35.456583333 ], [ 136.8765625, 35.456583333 ], [ 136.8765625, 35.456541667 ], [ 136.8765625, 35.4565 ], [ 136.8765, 35.4565 ], [ 136.8765, 35.456458333 ], [ 136.8765625, 35.456458333 ], [ 136.876625, 35.456458333 ], [ 136.8766875, 35.456458333 ], [ 136.87675, 35.456458333 ], [ 136.8768125, 35.456458333 ], [ 136.876875, 35.456458333 ], [ 136.876875, 35.4565 ], [ 136.876875, 35.456541667 ], [ 136.876875, 35.456583333 ], [ 136.876875, 35.456625 ], [ 136.8769375, 35.456625 ], [ 136.877, 35.456625 ], [ 136.877, 35.456583333 ], [ 136.8770625, 35.456583333 ], [ 136.877125, 35.456583333 ], [ 136.877125, 35.456541667 ], [ 136.8771875, 35.456541667 ], [ 136.87725, 35.456541667 ], [ 136.8773125, 35.456541667 ], [ 136.8773125, 35.4565 ], [ 136.877375, 35.4565 ], [ 136.8774375, 35.4565 ], [ 136.8774375, 35.456458333 ], [ 136.8775, 35.456458333 ], [ 136.8775625, 35.456458333 ], [ 136.877625, 35.456458333 ], [ 136.877625, 35.456416667 ], [ 136.8776875, 35.456416667 ], [ 136.87775, 35.456416667 ], [ 136.8778125, 35.456416667 ], [ 136.8778125, 35.456375 ], [ 136.877875, 35.456375 ], [ 136.8779375, 35.456375 ], [ 136.878, 35.456375 ], [ 136.878, 35.456333333 ], [ 136.878, 35.456291667 ], [ 136.878, 35.45625 ], [ 136.8779375, 35.45625 ], [ 136.8779375, 35.456208333 ], [ 136.8779375, 35.456166667 ], [ 136.877875, 35.456166667 ], [ 136.877875, 35.456125 ], [ 136.8778125, 35.456125 ], [ 136.8778125, 35.456166667 ], [ 136.87775, 35.456166667 ], [ 136.8776875, 35.456166667 ], [ 136.8776875, 35.456125 ], [ 136.8776875, 35.456083333 ], [ 136.8776875, 35.456041667 ], [ 136.87775, 35.456041667 ], [ 136.8778125, 35.456041667 ], [ 136.877875, 35.456041667 ], [ 136.8779375, 35.456041667 ], [ 136.878, 35.456041667 ], [ 136.878, 35.456 ], [ 136.878, 35.455958333 ], [ 136.878, 35.455916667 ], [ 136.8779375, 35.455916667 ], [ 136.8779375, 35.455875 ], [ 136.877875, 35.455875 ], [ 136.877875, 35.455916667 ], [ 136.8778125, 35.455916667 ], [ 136.87775, 35.455916667 ], [ 136.87775, 35.455958333 ], [ 136.8776875, 35.455958333 ], [ 136.8776875, 35.456 ], [ 136.877625, 35.456 ], [ 136.8775625, 35.456 ], [ 136.8775625, 35.456041667 ], [ 136.8775625, 35.456083333 ], [ 136.877625, 35.456083333 ], [ 136.877625, 35.456125 ], [ 136.8775625, 35.456125 ], [ 136.8775625, 35.456083333 ], [ 136.8775, 35.456083333 ], [ 136.8775, 35.456125 ], [ 136.8774375, 35.456125 ], [ 136.877375, 35.456125 ], [ 136.8773125, 35.456125 ], [ 136.87725, 35.456125 ], [ 136.87725, 35.456166667 ], [ 136.8771875, 35.456166667 ], [ 136.877125, 35.456166667 ], [ 136.877125, 35.456208333 ], [ 136.8770625, 35.456208333 ], [ 136.877, 35.456208333 ], [ 136.877, 35.45625 ], [ 136.8770625, 35.45625 ], [ 136.877125, 35.45625 ], [ 136.8771875, 35.45625 ], [ 136.87725, 35.45625 ], [ 136.8773125, 35.45625 ], [ 136.877375, 35.45625 ], [ 136.8774375, 35.45625 ], [ 136.8775, 35.45625 ], [ 136.8775, 35.456291667 ], [ 136.8775, 35.456333333 ], [ 136.8775, 35.456375 ], [ 136.8774375, 35.456375 ], [ 136.877375, 35.456375 ], [ 136.877375, 35.456333333 ], [ 136.877375, 35.456291667 ], [ 136.8773125, 35.456291667 ], [ 136.87725, 35.456291667 ], [ 136.8771875, 35.456291667 ], [ 136.877125, 35.456291667 ], [ 136.8770625, 35.456291667 ], [ 136.877, 35.456291667 ], [ 136.877, 35.456333333 ], [ 136.877, 35.456375 ], [ 136.8769375, 35.456375 ], [ 136.8769375, 35.456416667 ], [ 136.876875, 35.456416667 ], [ 136.8768125, 35.456416667 ], [ 136.87675, 35.456416667 ], [ 136.8766875, 35.456416667 ], [ 136.8766875, 35.456375 ], [ 136.876625, 35.456375 ], [ 136.876625, 35.456333333 ], [ 136.8765625, 35.456333333 ], [ 136.8765625, 35.456375 ], [ 136.8765, 35.456375 ], [ 136.8764375, 35.456375 ], [ 136.8764375, 35.456416667 ], [ 136.876375, 35.456416667 ], [ 136.8763125, 35.456416667 ], [ 136.8763125, 35.456458333 ], [ 136.8763125, 35.4565 ], [ 136.87625, 35.4565 ], [ 136.87625, 35.456541667 ], [ 136.8761875, 35.456541667 ], [ 136.8761875, 35.456583333 ], [ 136.876125, 35.456583333 ], [ 136.876125, 35.456625 ], [ 136.8760625, 35.456625 ], [ 136.8760625, 35.456666667 ], [ 136.876, 35.456666667 ], [ 136.876, 35.456708333 ], [ 136.876, 35.45675 ], [ 136.8759375, 35.45675 ], [ 136.8759375, 35.456791667 ], [ 136.875875, 35.456791667 ], [ 136.875875, 35.456833333 ], [ 136.875875, 35.456875 ], [ 136.8759375, 35.456875 ], [ 136.876, 35.456875 ], [ 136.8760625, 35.456875 ], [ 136.8760625, 35.456833333 ], [ 136.876125, 35.456833333 ], [ 136.8761875, 35.456833333 ], [ 136.87625, 35.456833333 ], [ 136.87625, 35.456791667 ], [ 136.8763125, 35.456791667 ], [ 136.876375, 35.456791667 ], [ 136.876375, 35.45675 ], [ 136.8764375, 35.45675 ], [ 136.8765, 35.45675 ], [ 136.8765625, 35.45675 ], [ 136.8765625, 35.456708333 ], [ 136.876625, 35.456708333 ], [ 136.8766875, 35.456708333 ], [ 136.8766875, 35.456666667 ], [ 136.87675, 35.456666667 ], [ 136.8768125, 35.456666667 ], [ 136.876875, 35.456666667 ] ] ] } },
{ "type": "Feature", "properties": { "A31a_101": "8505090063", "A31a_102": "山田川", "A31a_103": "21", "A31a_104": "岐阜県", "A31a_105": 2 }, "geometry": { "type": "Polygon", "coordinates": [ [ [ 136.857875, 35.456875 ], [ 136.8578125, 35.456875 ], [ 136.8578125, 35.456916667 ], [ 136.857875, 35.456916667 ], [ 136.857875, 35.456875 ] ] ] } },
{ "type": "Feature", "properties": { "A31a_101": "8505090063", "A31a_102": "山田川", "A31a_103": "21", "A31a_104": "岐阜県", "A31a_105": 2 }, "geometry": { "type": "Polygon", "coordinates": [ [ [ 136.8554375, 35.456916667 ], [ 136.855375, 35.456916667 ], [ 136.855375, 35.456958333 ], [ 136.8554375, 35.456958333 ], [ 136.8554375, 35.456916667 ] ] ] } },
{ "type": "Feature", "properties": { "A31a_101": "8505090063", "A31a_102": "山田川", "A31a_103": "21", "A31a_104": "岐阜県", "A31a_105": 2 }, "geometry": { "type": "Polygon", "coordinates": [ [ [ 136.85575, 35.456875 ], [ 136.8556875, 35.456875 ], [ 136.8556875, 35.456916667 ], [ 136.8556875, 35.456958333 ], [ 136.85575, 35.456958333 ], [ 136.85575, 35.456916667 ], [ 136.85575, 35.456875 ] ] ] } },
{ "type": "Feature", "properties": { "A31a_101": "8505090063", "A31a_102": "山田川", "A31a_103": "21", "A31a_104": "岐阜県", "A31a_105": 2 }, "geometry": { "type": "Polygon", "coordinates": [ [ [ 136.8510625, 35.456958333 ], [ 136.851, 35.456958333 ], [ 136.851, 35.457 ], [ 136.8510625, 35.457 ], [ 136.851125, 35.457 ], [ 136.8511875, 35.457 ], [ 136.85125, 35.457 ], [ 136.8513125, 35.457 ], [ 136.851375, 35.457 ], [ 136.851375, 35.456958333 ], [ 136.8513125, 35.456958333 ], [ 136.85125, 35.456958333 ], [ 136.8511875, 35.456958333 ], [ 136.851125, 35.456958333 ], [ 136.8510625, 35.456958333 ] ] ] } },
{ "type": "Feature", "properties": { "A31a_101": "8505090063", "A31a_102": "山田川", "A31a_103": "21", "A31a_104": "岐阜県", "A31a_105": 2 }, "geometry": { "type": "Polygon", "coordinates": [ [ [ 136.852, 35.457 ], [ 136.852, 35.456958333 ], [ 136.8520625, 35.456958333 ], [ 136.8520625, 35.456916667 ], [ 136.852125, 35.456916667 ], [ 136.8521875, 35.456916667 ], [ 136.85225, 35.456916667 ], [ 136.85225, 35.456875 ], [ 136.8523125, 35.456875 ], [ 136.8523125, 35.456916667 ], [ 136.852375, 35.456916667 ], [ 136.8524375, 35.456916667 ], [ 136.8524375, 35.456875 ], [ 136.8525, 35.456875 ], [ 136.8525, 35.456833333 ], [ 136.8525625, 35.456833333 ], [ 136.8525625, 35.456791667 ], [ 136.852625, 35.456791667 ], [ 136.852625, 35.45675 ], [ 136.8526875, 35.45675 ], [ 136.85275, 35.45675 ], [ 136.85275, 35.456708333 ], [ 136.8528125, 35.456708333 ], [ 136.8528125, 35.456666667 ], [ 136.852875, 35.456666667 ], [ 136.8529375, 35.456666667 ], [ 136.8529375, 35.456625 ], [ 136.853, 35.456625 ], [ 136.8530625, 35.456625 ], [ 136.8530625, 35.456583333 ], [ 136.853125, 35.456583333 ], [ 136.853125, 35.456541667 ], [ 136.8531875, 35.456541667 ], [ 136.8531875, 35.4565 ], [ 136.8531875, 35.456458333 ], [ 136.8531875, 35.456416667 ], [ 136.85325, 35.456416667 ], [ 136.85325, 35.456375 ], [ 136.8531875, 35.456375 ], [ 136.8531875, 35.456333333 ], [ 136.8531875, 35.456291667 ], [ 136.85325, 35.456291667 ], [ 136.85325, 35.45625 ], [ 136.85325, 35.456208333 ], [ 136.85325, 35.456166667 ], [ 136.85325, 35.456125 ], [ 136.8533125, 35.456125 ], [ 136.853375, 35.456125 ], [ 136.853375, 35.456083333 ], [ 136.8533125, 35.456083333 ], [ 136.85325, 35.456083333 ], [ 136.8531875, 35.456083333 ], [ 136.853125, 35.456083333 ], [ 136.8530625, 35.456083333 ], [ 136.853, 35.456083333 ], [ 136.8529375, 35.456083333 ], [ 136.852875, 35.456083333 ], [ 136.8528125, 35.456083333 ], [ 136.85275, 35.456083333 ], [ 136.85275, 35.456041667 ], [ 136.8526875, 35.456041667 ], [ 136.8526875, 35.456083333 ], [ 136.8526875, 35.456125 ], [ 136.8526875, 35.456166667 ], [ 136.8526875, 35.456208333 ], [ 136.8526875, 35.45625 ], [ 136.852625, 35.45625 ], [ 136.852625, 35.456291667 ], [ 136.8525625, 35.456291667 ], [ 136.8525625, 35.456333333 ], [ 136.8525625, 35.456375 ], [ 136.8525, 35.456375 ], [ 136.8525, 35.456416667 ], [ 136.8525, 35.456458333 ], [ 136.8524375, 35.456458333 ], [ 136.8524375, 35.4565 ], [ 136.852375, 35.4565 ], [ 136.8523125, 35.4565 ], [ 136.85225, 35.4565 ], [ 136.8521875, 35.4565 ], [ 136.8521875, 35.456458333 ], [ 136.852125, 35.456458333 ], [ 136.8520625, 35.456458333 ], [ 136.852, 35.456458333 ], [ 136.8519375, 35.456458333 ], [ 136.851875, 35.456458333 ], [ 136.8518125, 35.456458333 ], [ 136.85175, 35.456458333 ], [ 136.8516875, 35.456458333 ], [ 136.851625, 35.456458333 ], [ 136.8515625, 35.456458333 ], [ 136.8515, 35.456458333 ], [ 136.8514375, 35.456458333 ], [ 136.851375, 35.456458333 ], [ 136.8513125, 35.456458333 ], [ 136.85125, 35.456458333 ], [ 136.8511875, 35.456458333 ], [ 136.851125, 35.456458333 ], [ 136.851125, 35.456416667 ], [ 136.8510625, 35.456416667 ], [ 136.851, 35.456416667 ], [ 136.8509375, 35.456416667 ], [ 136.850875, 35.456416667 ], [ 136.8508125, 35.456416667 ], [ 136.85075, 35.456416667 ], [ 136.8506875, 35.456416667 ], [ 136.850625, 35.456416667 ], [ 136.8505625, 35.456416667 ], [ 136.8505625, 35.456458333 ], [ 136.8505, 35.456458333 ], [ 136.8505, 35.4565 ], [ 136.8504375, 35.4565 ], [ 136.8504375, 35.456541667 ], [ 136.8505, 35.456541667 ], [ 136.8505625, 35.456541667 ], [ 136.850625, 35.456541667 ], [ 136.8506875, 35.456541667 ], [ 136.85075, 35.456541667 ], [ 136.8508125, 35.456541667 ], [ 136.8508125, 35.456583333 ], [ 136.850875, 35.456583333 ], [ 136.850875, 35.456625 ], [ 136.850875, 35.456666667 ], [ 136.8509375, 35.456666667 ], [ 136.8509375, 35.456625 ], [ 136.8509375, 35.456583333 ], [ 136.851, 35.456583333 ], [ 136.851, 35.456541667 ], [ 136.8510625, 35.456541667 ], [ 136.851125, 35.456541667 ], [ 136.8511875, 35.456541667 ], [ 136.85125, 35.456541667 ], [ 136.8513125, 35.456541667 ], [ 136.851375, 35.456541667 ], [ 136.8514375, 35.456541667 ], [ 136.8515, 35.456541667 ], [ 136.8515, 35.456583333 ], [ 136.8515625, 35.456583333 ], [ 136.8515625, 35.456625 ], [ 136.8515625, 35.456666667 ], [ 136.8515625, 35.456708333 ], [ 136.851625, 35.456708333 ], [ 136.851625, 35.45675 ], [ 136.851625, 35.456791667 ], [ 136.851625, 35.456833333 ], [ 136.851625, 35.456875 ], [ 136.8516875, 35.456875 ], [ 136.8516875, 35.456916667 ], [ 136.8516875, 35.456958333 ], [ 136.8516875, 35.457 ], [ 136.85175, 35.457 ], [ 136.8518125, 35.457 ], [ 136.851875, 35.457 ], [ 136.8519375, 35.457 ], [ 136.852, 35.457 ] ], [ [ 136.853, 35.456541667 ], [ 136.8529375, 35.456541667 ], [ 136.852875, 35.456541667 ], [ 136.8528125, 35.456541667 ], [ 136.8528125, 35.4565 ], [ 136.8528125, 35.456458333 ], [ 136.8528125, 35.456416667 ], [ 136.8528125, 35.456375 ], [ 136.85275, 35.456375 ], [ 136.85275, 35.456333333 ], [ 136.8528125, 35.456333333 ], [ 136.8528125, 35.456291667 ], [ 136.8528125, 35.45625 ], [ 136.8528125, 35.456208333 ], [ 136.85275, 35.456208333 ], [ 136.85275, 35.456166667 ], [ 136.85275, 35.456125 ], [ 136.8528125, 35.456125 ], [ 136.852875, 35.456125 ], [ 136.8529375, 35.456125 ], [ 136.853, 35.456125 ], [ 136.853, 35.456166667 ], [ 136.853, 35.456208333 ], [ 136.853, 35.45625 ], [ 136.853, 35.456291667 ], [ 136.853, 35.456333333 ], [ 136.853, 35.456375 ], [ 136.853, 35.456416667 ], [ 136.853, 35.456458333 ], [ 136.853, 35.4565 ], [ 136.853, 35.456541667 ] ] ] } },
{ "type": "Feature", "properties": { "A31a_101": "8505090063", "A31a_102": "山田川", "A31a_103": "21", "A31a_104": "岐阜県", "A31a_105": 2 }, "geometry": { "type": "Polygon", "coordinates": [ [ [ 136.8569375, 35.457 ], [ 136.856875, 35.457 ], [ 136.856875, 35.457041667 ], [ 136.8569375, 35.457041667 ], [ 136.8569375, 35.457 ] ] ] } },
{ "type": "Feature", "properties": { "A31a_101": "8505090063", "A31a_102": "山田川", "A31a_103": "21", "A31a_104": "岐阜県", "A31a_105": 2 }, "geometry": { "type": "Polygon", "coordinates": [ [ [ 136.846375, 35.457041667 ], [ 136.846375, 35.457 ], [ 136.8464375, 35.457 ], [ 136.8464375, 35.456958333 ], [ 136.8464375, 35.456916667 ], [ 136.8465, 35.456916667 ], [ 136.8465625, 35.456916667 ], [ 136.8465625, 35.456875 ], [ 136.846625, 35.456875 ], [ 136.8466875, 35.456875 ], [ 136.84675, 35.456875 ], [ 136.8468125, 35.456875 ], [ 136.846875, 35.456875 ], [ 136.8469375, 35.456875 ], [ 136.847, 35.456875 ], [ 136.8470625, 35.456875 ], [ 136.8470625, 35.456833333 ], [ 136.847125, 35.456833333 ], [ 136.8471875, 35.456833333 ], [ 136.84725, 35.456833333 ], [ 136.8473125, 35.456833333 ], [ 136.847375, 35.456833333 ], [ 136.8474375, 35.456833333 ], [ 136.8474375, 35.456791667 ], [ 136.8475, 35.456791667 ], [ 136.8475625, 35.456791667 ], [ 136.847625, 35.456791667 ], [ 136.8476875, 35.456791667 ], [ 136.84775, 35.456791667 ], [ 136.8478125, 35.456791667 ], [ 136.847875, 35.456791667 ], [ 136.847875, 35.45675 ], [ 136.8479375, 35.45675 ], [ 136.848, 35.45675 ], [ 136.8480625, 35.45675 ], [ 136.848125, 35.45675 ], [ 136.8481875, 35.45675 ], [ 136.84825, 35.45675 ], [ 136.8483125, 35.45675 ], [ 136.8483125, 35.456708333 ], [ 136.848375, 35.456708333 ], [ 136.8484375, 35.456708333 ], [ 136.8485, 35.456708333 ], [ 136.8485, 35.456666667 ], [ 136.8485, 35.456625 ], [ 136.8485, 35.456583333 ], [ 136.8485, 35.456541667 ], [ 136.8485, 35.4565 ], [ 136.8485, 35.456458333 ], [ 136.8485, 35.456416667 ], [ 136.8485, 35.456375 ], [ 136.8485, 35.456333333 ], [ 136.8484375, 35.456333333 ], [ 136.8484375, 35.456291667 ], [ 136.8484375, 35.45625 ], [ 136.8484375, 35.456208333 ], [ 136.8484375, 35.456166667 ], [ 136.8484375, 35.456125 ], [ 136.8484375, 35.456083333 ], [ 136.8484375, 35.456041667 ], [ 136.8484375, 35.456 ], [ 136.8484375, 35.455958333 ], [ 136.8484375, 35.455916667 ], [ 136.848375, 35.455916667 ], [ 136.848375, 35.455875 ], [ 136.848375, 35.455833333 ], [ 136.848375, 35.455791667 ], [ 136.848375, 35.45575 ], [ 136.848375, 35.455708333 ], [ 136.848375, 35.455666667 ], [ 136.848375, 35.455625 ], [ 136.8483125, 35.455625 ], [ 136.8483125, 35.455666667 ], [ 136.8483125, 35.455708333 ], [ 136.8483125, 35.45575 ], [ 136.8483125, 35.455791667 ], [ 136.8483125, 35.455833333 ], [ 136.8483125, 35.455875 ], [ 136.8483125, 35.455916667 ], [ 136.8483125, 35.455958333 ], [ 136.848375, 35.455958333 ], [ 136.848375, 35.456 ], [ 136.848375, 35.456041667 ], [ 136.848375, 35.456083333 ], [ 136.848375, 35.456125 ], [ 136.848375, 35.456166667 ], [ 136.848375, 35.456208333 ], [ 136.848375, 35.45625 ], [ 136.848375, 35.456291667 ], [ 136.848375, 35.456333333 ], [ 136.848375, 35.456375 ], [ 136.848375, 35.456416667 ], [ 136.848375, 35.456458333 ], [ 136.848375, 35.4565 ], [ 136.848375, 35.456541667 ], [ 136.8484375, 35.456541667 ], [ 136.8484375, 35.456583333 ], [ 136.8484375, 35.456625 ], [ 136.8484375, 35.456666667 ], [ 136.848375, 35.456666667 ], [ 136.8483125, 35.456666667 ], [ 136.84825, 35.456666667 ], [ 136.8481875, 35.456666667 ], [ 136.8481875, 35.456708333 ], [ 136.848125, 35.456708333 ], [ 136.8480625, 35.456708333 ], [ 136.848, 35.456708333 ], [ 136.8479375, 35.456708333 ], [ 136.847875, 35.456708333 ], [ 136.8478125, 35.456708333 ], [ 136.84775, 35.456708333 ], [ 136.84775, 35.45675 ], [ 136.8476875, 35.45675 ], [ 136.847625, 35.45675 ], [ 136.8475625, 35.45675 ], [ 136.8475, 35.45675 ], [ 136.8474375, 35.45675 ], [ 136.847375, 35.45675 ], [ 136.8473125, 35.45675 ], [ 136.84725, 35.45675 ], [ 136.84725, 35.456791667 ], [ 136.8471875, 35.456791667 ], [ 136.847125, 35.456791667 ], [ 136.8470625, 35.456791667 ], [ 136.847, 35.456791667 ], [ 136.8469375, 35.456791667 ], [ 136.846875, 35.456791667 ], [ 136.8468125, 35.456791667 ], [ 136.84675, 35.456791667 ], [ 136.84675, 35.456833333 ], [ 136.8466875, 35.456833333 ], [ 136.846625, 35.456833333 ], [ 136.8465625, 35.456833333 ], [ 136.8465, 35.456833333 ], [ 136.8464375, 35.456833333 ], [ 136.8464375, 35.456875 ], [ 136.846375, 35.456875 ], [ 136.846375, 35.456916667 ], [ 136.846375, 35.456958333 ], [ 136.8463125, 35.456958333 ], [ 136.8463125, 35.457 ], [ 136.8463125, 35.457041667 ], [ 136.84625, 35.457041667 ], [ 136.84625, 35.457083333 ], [ 136.8463125, 35.457083333 ], [ 136.846375, 35.457083333 ], [ 136.846375, 35.457041667 ] ] ] } },
{ "type": "Feature", "properties": { "A31a_101": "8505090063", "A31a_102": "山田川", "A31a_103": "21", "A31a_104": "岐阜県", "A31a_105": 2 }, "geometry": { "type": "Polygon", "coordinates": [ [ [ 136.8755625, 35.457083333 ], [ 136.8755625, 35.457041667 ], [ 136.875625, 35.457041667 ], [ 136.875625, 35.457 ], [ 136.8756875, 35.457 ], [ 136.87575, 35.457 ], [ 136.87575, 35.456958333 ], [ 136.87575, 35.456916667 ], [ 136.87575, 35.456875 ], [ 136.87575, 35.456833333 ], [ 136.8756875, 35.456833333 ], [ 136.8756875, 35.456875 ], [ 136.875625, 35.456875 ], [ 136.875625, 35.456916667 ], [ 136.8755625, 35.456916667 ], [ 136.8755625, 35.456958333 ], [ 136.8755, 35.456958333 ], [ 136.8755, 35.457 ], [ 136.8754375, 35.457 ], [ 136.875375, 35.457 ], [ 136.875375, 35.457041667 ], [ 136.8753125, 35.457041667 ], [ 136.8753125, 35.457083333 ], [ 136.875375, 35.457083333 ], [ 136.8754375, 35.457083333 ], [ 136.8755, 35.457083333 ], [ 136.8755625, 35.457083333 ] ] ] } },
{ "type": "Feature", "properties": { "A31a_101": "8505090063", "A31a_102": "山田川", "A31a_103": "21", "A31a_104": "岐阜県", "A31a_105": 2 }, "geometry": { "type": "Polygon", "coordinates": [ [ [ 136.8536875, 35.457083333 ], [ 136.8536875, 35.457041667 ], [ 136.8536875, 35.457 ], [ 136.8536875, 35.456958333 ], [ 136.8536875, 35.456916667 ], [ 136.8536875, 35.456875 ], [ 136.8536875, 35.456833333 ], [ 136.8536875, 35.456791667 ], [ 136.85375, 35.456791667 ], [ 136.85375, 35.45675 ], [ 136.85375, 35.456708333 ], [ 136.85375, 35.456666667 ], [ 136.8538125, 35.456666667 ], [ 136.8538125, 35.456625 ], [ 136.85375, 35.456625 ], [ 136.8536875, 35.456625 ], [ 136.853625, 35.456625 ], [ 136.8535625, 35.456625 ], [ 136.8535, 35.456625 ], [ 136.8534375, 35.456625 ], [ 136.853375, 35.456625 ], [ 136.8533125, 35.456625 ], [ 136.85325, 35.456625 ], [ 136.85325, 35.456666667 ], [ 136.8531875, 35.456666667 ], [ 136.853125, 35.456666667 ], [ 136.8530625, 35.456666667 ], [ 136.8530625, 35.456708333 ], [ 136.853, 35.456708333 ], [ 136.8529375, 35.456708333 ], [ 136.8529375, 35.45675 ], [ 136.8529375, 35.456791667 ], [ 136.8529375, 35.456833333 ], [ 136.8529375, 35.456875 ], [ 136.8529375, 35.456916667 ], [ 136.8529375, 35.456958333 ], [ 136.8529375, 35.457 ], [ 136.8529375, 35.457041667 ], [ 136.8529375, 35.457083333 ], [ 136.853, 35.457083333 ], [ 136.8530625, 35.457083333 ], [ 136.853125, 35.457083333 ], [ 136.853125, 35.457125 ], [ 136.8531875, 35.457125 ], [ 136.85325, 35.457125 ], [ 136.8533125, 35.457125 ], [ 136.853375, 35.457125 ], [ 136.8534375, 35.457125 ], [ 136.8535, 35.457125 ], [ 136.8535625, 35.457125 ], [ 136.853625, 35.457125 ], [ 136.8536875, 35.457125 ], [ 136.8536875, 35.457083333 ] ] ] } },
{ "type": "Feature", "properties": { "A31a_101": "8505090063", "A31a_102": "山田川", "A31a_103": "21", "A31a_104": "岐阜県", "A31a_105": 2 }, "geometry": { "type": "Polygon", "coordinates": [ [ [ 136.85925, 35.457083333 ], [ 136.8591875, 35.457083333 ], [ 136.8591875, 35.457125 ], [ 136.85925, 35.457125 ], [ 136.85925, 35.457083333 ] ] ] } },
{ "type": "Feature", "properties": { "A31a_101": "8505090063", "A31a_102": "山田川", "A31a_103": "21", "A31a_104": "岐阜県", "A31a_105": 2 }, "geometry": { "type": "Polygon", "coordinates": [ [ [ 136.8570625, 35.457166667 ], [ 136.8570625, 35.457125 ], [ 136.857, 35.457125 ], [ 136.857, 35.457083333 ], [ 136.8569375, 35.457083333 ], [ 136.8569375, 35.457125 ], [ 136.8569375, 35.457166667 ], [ 136.857, 35.457166667 ], [ 136.857, 35.457208333 ], [ 136.8570625, 35.457208333 ], [ 136.8570625, 35.457166667 ] ] ] } },
{ "type": "Feature", "properties": { "A31a_101": "8505090063", "A31a_102": "山田川", "A31a_103": "21", "A31a_104": "岐阜県", "A31a_105": 2 }, "geometry": { "type": "Polygon", "coordinates": [ [ [ 136.8573125, 35.457208333 ], [ 136.8573125, 35.457166667 ], [ 136.857375, 35.457166667 ], [ 136.8574375, 35.457166667 ], [ 136.8575, 35.457166667 ], [ 136.8575625, 35.457166667 ], [ 136.8575625, 35.457125 ], [ 136.857625, 35.457125 ], [ 136.8576875, 35.457125 ], [ 136.85775, 35.457125 ], [ 136.8578125, 35.457125 ], [ 136.8578125, 35.457083333 ], [ 136.85775, 35.457083333 ], [ 136.8576875, 35.457083333 ], [ 136.857625, 35.457083333 ], [ 136.8575625, 35.457083333 ], [ 136.8575, 35.457083333 ], [ 136.8575, 35.457125 ], [ 136.8574375, 35.457125 ], [ 136.857375, 35.457125 ], [ 136.8573125, 35.457125 ], [ 136.8573125, 35.457083333 ], [ 136.85725, 35.457083333 ], [ 136.85725, 35.457125 ], [ 136.8571875, 35.457125 ], [ 136.8571875, 35.457166667 ], [ 136.8571875, 35.457208333 ], [ 136.85725, 35.457208333 ], [ 136.8573125, 35.457208333 ] ] ] } },
{ "type": "Feature", "properties": { "A31a_101": "8505090063", "A31a_102": "山田川", "A31a_103": "21", "A31a_104": "岐阜県", "A31a_105": 2 }, "geometry": { "type": "Polygon", "coordinates": [ [ [ 136.8546875, 35.456541667 ], [ 136.854625, 35.456541667 ], [ 136.854625, 35.4565 ], [ 136.8545625, 35.4565 ], [ 136.8545, 35.4565 ], [ 136.8544375, 35.4565 ], [ 136.854375, 35.4565 ], [ 136.854375, 35.456541667 ], [ 136.8543125, 35.456541667 ], [ 136.85425, 35.456541667 ], [ 136.8541875, 35.456541667 ], [ 136.854125, 35.456541667 ], [ 136.8540625, 35.456541667 ], [ 136.8540625, 35.456583333 ], [ 136.8540625, 35.456625 ], [ 136.8540625, 35.456666667 ], [ 136.8540625, 35.456708333 ], [ 136.8540625, 35.45675 ], [ 136.854125, 35.45675 ], [ 136.854125, 35.456708333 ], [ 136.8541875, 35.456708333 ], [ 136.8541875, 35.456666667 ], [ 136.85425, 35.456666667 ], [ 136.8543125, 35.456666667 ], [ 136.8543125, 35.456625 ], [ 136.8543125, 35.456583333 ], [ 136.854375, 35.456583333 ], [ 136.854375, 35.456625 ], [ 136.854375, 35.456666667 ], [ 136.8543125, 35.456666667 ], [ 136.8543125, 35.456708333 ], [ 136.854375, 35.456708333 ], [ 136.854375, 35.45675 ], [ 136.8543125, 35.45675 ], [ 136.8543125, 35.456791667 ], [ 136.8543125, 35.456833333 ], [ 136.854375, 35.456833333 ], [ 136.854375, 35.456875 ], [ 136.854375, 35.456916667 ], [ 136.854375, 35.456958333 ], [ 136.8543125, 35.456958333 ], [ 136.8543125, 35.457 ], [ 136.8543125, 35.457041667 ], [ 136.8543125, 35.457083333 ], [ 136.8543125, 35.457125 ], [ 136.8543125, 35.457166667 ], [ 136.854375, 35.457166667 ], [ 136.8544375, 35.457166667 ], [ 136.8545, 35.457166667 ], [ 136.8545625, 35.457166667 ], [ 136.854625, 35.457166667 ], [ 136.854625, 35.457125 ], [ 136.854625, 35.457083333 ], [ 136.854625, 35.457041667 ], [ 136.854625, 35.457 ], [ 136.854625, 35.456958333 ], [ 136.8546875, 35.456958333 ], [ 136.8546875, 35.456916667 ], [ 136.8546875, 35.456875 ], [ 136.8546875, 35.456833333 ], [ 136.8546875, 35.456791667 ], [ 136.8546875, 35.45675 ], [ 136.85475, 35.45675 ], [ 136.8548125, 35.45675 ], [ 136.8548125, 35.456791667 ], [ 136.8548125, 35.456833333 ], [ 136.8548125, 35.456875 ], [ 136.8548125, 35.456916667 ], [ 136.8548125, 35.456958333 ], [ 136.8548125, 35.457 ], [ 136.8548125, 35.457041667 ], [ 136.8548125, 35.457083333 ], [ 136.85475, 35.457083333 ], [ 136.85475, 35.457125 ], [ 136.85475, 35.457166667 ], [ 136.8548125, 35.457166667 ], [ 136.854875, 35.457166667 ], [ 136.854875, 35.457208333 ], [ 136.8549375, 35.457208333 ], [ 136.855, 35.457208333 ], [ 136.8550625, 35.457208333 ], [ 136.8550625, 35.45725 ], [ 136.855125, 35.45725 ], [ 136.8551875, 35.45725 ], [ 136.85525, 35.45725 ], [ 136.8553125, 35.45725 ], [ 136.855375, 35.45725 ], [ 136.8554375, 35.45725 ], [ 136.8555, 35.45725 ], [ 136.8555625, 35.45725 ], [ 136.855625, 35.45725 ], [ 136.855625, 35.457291667 ], [ 136.8556875, 35.457291667 ], [ 136.85575, 35.457291667 ], [ 136.8558125, 35.457291667 ], [ 136.855875, 35.457291667 ], [ 136.8559375, 35.457291667 ], [ 136.8559375, 35.457333333 ], [ 136.856, 35.457333333 ], [ 136.8560625, 35.457333333 ], [ 136.856125, 35.457333333 ], [ 136.8561875, 35.457333333 ], [ 136.85625, 35.457333333 ], [ 136.8563125, 35.457333333 ], [ 136.856375, 35.457333333 ], [ 136.8564375, 35.457333333 ], [ 136.8564375, 35.457291667 ], [ 136.8564375, 35.45725 ], [ 136.856375, 35.45725 ], [ 136.856375, 35.457208333 ], [ 136.856375, 35.457166667 ], [ 136.856375, 35.457125 ], [ 136.856375, 35.457083333 ], [ 136.856375, 35.457041667 ], [ 136.856375, 35.457 ], [ 136.856375, 35.456958333 ], [ 136.856375, 35.456916667 ], [ 136.856375, 35.456875 ], [ 136.856375, 35.456833333 ], [ 136.856375, 35.456791667 ], [ 136.8564375, 35.456791667 ], [ 136.8565, 35.456791667 ], [ 136.8565625, 35.456791667 ], [ 136.8565625, 35.45675 ], [ 136.8565, 35.45675 ], [ 136.8564375, 35.45675 ], [ 136.856375, 35.45675 ], [ 136.856375, 35.456708333 ], [ 136.8563125, 35.456708333 ], [ 136.85625, 35.456708333 ], [ 136.8561875, 35.456708333 ], [ 136.856125, 35.456708333 ], [ 136.8560625, 35.456708333 ], [ 136.856, 35.456708333 ], [ 136.856, 35.456666667 ], [ 136.8559375, 35.456666667 ], [ 136.855875, 35.456666667 ], [ 136.8558125, 35.456666667 ], [ 136.85575, 35.456666667 ], [ 136.8556875, 35.456666667 ], [ 136.855625, 35.456666667 ], [ 136.855625, 35.456708333 ], [ 136.855625, 35.45675 ], [ 136.8556875, 35.45675 ], [ 136.85575, 35.45675 ], [ 136.8558125, 35.45675 ], [ 136.855875, 35.45675 ], [ 136.8559375, 35.45675 ], [ 136.856, 35.45675 ], [ 136.8560625, 35.45675 ], [ 136.856125, 35.45675 ], [ 136.856125, 35.456791667 ], [ 136.856125, 35.456833333 ], [ 136.856125, 35.456875 ], [ 136.856125, 35.456916667 ], [ 136.856125, 35.456958333 ], [ 136.856125, 35.457 ], [ 136.856125, 35.457041667 ], [ 136.856125, 35.457083333 ], [ 136.856125, 35.457125 ], [ 136.8560625, 35.457125 ], [ 136.8560625, 35.457166667 ], [ 136.8560625, 35.457208333 ], [ 136.8560625, 35.45725 ], [ 136.856, 35.45725 ], [ 136.8559375, 35.45725 ], [ 136.855875, 35.45725 ], [ 136.8558125, 35.45725 ], [ 136.85575, 35.45725 ], [ 136.85575, 35.457208333 ], [ 136.8556875, 35.457208333 ], [ 136.8556875, 35.457166667 ], [ 136.8556875, 35.457125 ], [ 136.8556875, 35.457083333 ], [ 136.8556875, 35.457041667 ], [ 136.8556875, 35.457 ], [ 136.855625, 35.457 ], [ 136.855625, 35.457041667 ], [ 136.855625, 35.457083333 ], [ 136.855625, 35.457125 ], [ 136.855625, 35.457166667 ], [ 136.855625, 35.457208333 ], [ 136.8555625, 35.457208333 ], [ 136.8555, 35.457208333 ], [ 136.8554375, 35.457208333 ], [ 136.8554375, 35.457166667 ], [ 136.8554375, 35.457125 ], [ 136.8554375, 35.457083333 ], [ 136.855375, 35.457083333 ], [ 136.8553125, 35.457083333 ], [ 136.85525, 35.457083333 ], [ 136.8551875, 35.457083333 ], [ 136.855125, 35.457083333 ], [ 136.8550625, 35.457083333 ], [ 136.855, 35.457083333 ], [ 136.8549375, 35.457083333 ], [ 136.8549375, 35.457041667 ], [ 136.855, 35.457041667 ], [ 136.855, 35.457 ], [ 136.855, 35.456958333 ], [ 136.855, 35.456916667 ], [ 136.8550625, 35.456916667 ], [ 136.8550625, 35.456875 ], [ 136.855, 35.456875 ], [ 136.855, 35.456833333 ], [ 136.855, 35.456791667 ], [ 136.855, 35.45675 ], [ 136.855, 35.456708333 ], [ 136.8549375, 35.456708333 ], [ 136.8549375, 35.456666667 ], [ 136.854875, 35.456666667 ], [ 136.8548125, 35.456666667 ], [ 136.85475, 35.456666667 ], [ 136.8546875, 35.456666667 ], [ 136.854625, 35.456666667 ], [ 136.8545625, 35.456666667 ], [ 136.8545, 35.456666667 ], [ 136.8545, 35.456625 ], [ 136.8544375, 35.456625 ], [ 136.8544375, 35.456583333 ], [ 136.8545, 35.456583333 ], [ 136.8545625, 35.456583333 ], [ 136.854625, 35.456583333 ], [ 136.8546875, 35.456583333 ], [ 136.8546875, 35.456541667 ] ], [ [ 136.85425, 35.456583333 ], [ 136.85425, 35.456625 ], [ 136.8541875, 35.456625 ], [ 136.8541875, 35.456583333 ], [ 136.85425, 35.456583333 ] ] ] } },
{ "type": "Feature", "properties": { "A31a_101": "8505090063", "A31a_102": "山田川", "A31a_103": "21", "A31a_104": "岐阜県", "A31a_105": 2 }, "geometry": { "type": "Polygon", "coordinates": [ [ [ 136.8584375, 35.457416667 ], [ 136.8584375, 35.457375 ], [ 136.8585, 35.457375 ], [ 136.8585625, 35.457375 ], [ 136.8585625, 35.457333333 ], [ 136.858625, 35.457333333 ], [ 136.8586875, 35.457333333 ], [ 136.8586875, 35.457291667 ], [ 136.85875, 35.457291667 ], [ 136.8588125, 35.457291667 ], [ 136.8588125, 35.45725 ], [ 136.8588125, 35.457208333 ], [ 136.8588125, 35.457166667 ], [ 136.8588125, 35.457125 ], [ 136.8588125, 35.457083333 ], [ 136.8588125, 35.457041667 ], [ 136.8588125, 35.457 ], [ 136.8588125, 35.456958333 ], [ 136.8588125, 35.456916667 ], [ 136.8588125, 35.456875 ], [ 136.8588125, 35.456833333 ], [ 136.85875, 35.456833333 ], [ 136.8586875, 35.456833333 ], [ 136.858625, 35.456833333 ], [ 136.8585625, 35.456833333 ], [ 136.8585625, 35.456875 ], [ 136.858625, 35.456875 ], [ 136.8586875, 35.456875 ], [ 136.8586875, 35.456916667 ], [ 136.8586875, 35.456958333 ], [ 136.8586875, 35.457 ], [ 136.8586875, 35.457041667 ], [ 136.8586875, 35.457083333 ], [ 136.858625, 35.457083333 ], [ 136.8585625, 35.457083333 ], [ 136.8585, 35.457083333 ], [ 136.8584375, 35.457083333 ], [ 136.858375, 35.457083333 ], [ 136.858375, 35.457125 ], [ 136.8583125, 35.457125 ], [ 136.8583125, 35.457166667 ], [ 136.8583125, 35.457208333 ], [ 136.8583125, 35.45725 ], [ 136.8583125, 35.457291667 ], [ 136.8583125, 35.457333333 ], [ 136.8583125, 35.457375 ], [ 136.8583125, 35.457416667 ], [ 136.858375, 35.457416667 ], [ 136.8584375, 35.457416667 ] ] ] } },
{ "type": "Feature", "properties": { "A31a_101": "8505090063", "A31a_102": "山田川", "A31a_103": "21", "A31a_104": "岐阜県", "A31a_105": 2 }, "geometry": { "type": "Polygon", "coordinates": [ [ [ 136.877625, 35.456458333 ], [ 136.877625, 35.4565 ], [ 136.8775625, 35.4565 ], [ 136.8775, 35.4565 ], [ 136.8775, 35.456541667 ], [ 136.8775, 35.456583333 ], [ 136.8775, 35.456625 ], [ 136.8775, 35.456666667 ], [ 136.8774375, 35.456666667 ], [ 136.877375, 35.456666667 ], [ 136.8773125, 35.456666667 ], [ 136.87725, 35.456666667 ], [ 136.8771875, 35.456666667 ], [ 136.8771875, 35.456625 ], [ 136.877125, 35.456625 ], [ 136.8770625, 35.456625 ], [ 136.8770625, 35.456666667 ], [ 136.877, 35.456666667 ], [ 136.8769375, 35.456666667 ], [ 136.876875, 35.456666667 ], [ 136.876875, 35.456708333 ], [ 136.8768125, 35.456708333 ], [ 136.87675, 35.456708333 ], [ 136.87675, 35.45675 ], [ 136.8766875, 35.45675 ], [ 136.876625, 35.45675 ], [ 136.876625, 35.456791667 ], [ 136.8765625, 35.456791667 ], [ 136.8765, 35.456791667 ], [ 136.8764375, 35.456791667 ], [ 136.8764375, 35.456833333 ], [ 136.876375, 35.456833333 ], [ 136.8763125, 35.456833333 ], [ 136.8763125, 35.456875 ], [ 136.87625, 35.456875 ], [ 136.87625, 35.456916667 ], [ 136.87625, 35.456958333 ], [ 136.87625, 35.457 ], [ 136.87625, 35.457041667 ], [ 136.87625, 35.457083333 ], [ 136.8761875, 35.457083333 ], [ 136.8761875, 35.457041667 ], [ 136.876125, 35.457041667 ], [ 136.876125, 35.457 ], [ 136.8760625, 35.457 ], [ 136.876, 35.457 ], [ 136.876, 35.457041667 ], [ 136.8759375, 35.457041667 ], [ 136.875875, 35.457041667 ], [ 136.875875, 35.457083333 ], [ 136.8758125, 35.457083333 ], [ 136.87575, 35.457083333 ], [ 136.87575, 35.457125 ], [ 136.8756875, 35.457125 ], [ 136.875625, 35.457125 ], [ 136.875625, 35.457166667 ], [ 136.875625, 35.457208333 ], [ 136.875625, 35.45725 ], [ 136.875625, 35.457291667 ], [ 136.8756875, 35.457291667 ], [ 136.87575, 35.457291667 ], [ 136.8758125, 35.457291667 ], [ 136.875875, 35.457291667 ], [ 136.8759375, 35.457291667 ], [ 136.8759375, 35.457333333 ], [ 136.8759375, 35.457375 ], [ 136.8759375, 35.457416667 ], [ 136.8759375, 35.457458333 ], [ 136.8759375, 35.4575 ], [ 136.8759375, 35.457541667 ], [ 136.876, 35.457541667 ], [ 136.876, 35.4575 ], [ 136.876, 35.457458333 ], [ 136.8760625, 35.457458333 ], [ 136.8760625, 35.457416667 ], [ 136.876125, 35.457416667 ], [ 136.876125, 35.457375 ], [ 136.876125, 35.457333333 ], [ 136.876125, 35.457291667 ], [ 136.8760625, 35.457291667 ], [ 136.8760625, 35.45725 ], [ 136.876125, 35.45725 ], [ 136.876125, 35.457208333 ], [ 136.8761875, 35.457208333 ], [ 136.87625, 35.457208333 ], [ 136.87625, 35.45725 ], [ 136.87625, 35.457291667 ], [ 136.8763125, 35.457291667 ], [ 136.876375, 35.457291667 ], [ 136.876375, 35.45725 ], [ 136.876375, 35.457208333 ], [ 136.876375, 35.457166667 ], [ 136.876375, 35.457125 ], [ 136.8764375, 35.457125 ], [ 136.8764375, 35.457083333 ], [ 136.8765, 35.457083333 ], [ 136.8765625, 35.457083333 ], [ 136.8765625, 35.457041667 ], [ 136.876625, 35.457041667 ], [ 136.8766875, 35.457041667 ], [ 136.8766875, 35.457 ], [ 136.87675, 35.457 ], [ 136.87675, 35.456958333 ], [ 136.8768125, 35.456958333 ], [ 136.876875, 35.456958333 ], [ 136.876875, 35.456916667 ], [ 136.8769375, 35.456916667 ], [ 136.877, 35.456916667 ], [ 136.877, 35.456875 ], [ 136.8770625, 35.456875 ], [ 136.877125, 35.456875 ], [ 136.877125, 35.456833333 ], [ 136.8771875, 35.456833333 ], [ 136.8771875, 35.456875 ], [ 136.87725, 35.456875 ], [ 136.87725, 35.456833333 ], [ 136.8773125, 35.456833333 ], [ 136.8773125, 35.456791667 ], [ 136.877375, 35.456791667 ], [ 136.8774375, 35.456791667 ], [ 136.8775, 35.456791667 ], [ 136.8775625, 35.456791667 ], [ 136.8775625, 35.45675 ], [ 136.877625, 35.45675 ], [ 136.877625, 35.456708333 ], [ 136.8776875, 35.456708333 ], [ 136.8776875, 35.456666667 ], [ 136.87775, 35.456666667 ], [ 136.8778125, 35.456666667 ], [ 136.877875, 35.456666667 ], [ 136.877875, 35.456625 ], [ 136.8779375, 35.456625 ], [ 136.8779375, 35.456583333 ], [ 136.878, 35.456583333 ], [ 136.8780625, 35.456583333 ], [ 136.8780625, 35.456541667 ], [ 136.878125, 35.456541667 ], [ 136.878125, 35.4565 ], [ 136.8780625, 35.4565 ], [ 136.8780625, 35.456458333 ], [ 136.878, 35.456458333 ], [ 136.878, 35.456416667 ], [ 136.8779375, 35.456416667 ], [ 136.877875, 35.456416667 ], [ 136.877875, 35.456458333 ], [ 136.8778125, 35.456458333 ], [ 136.8778125, 35.4565 ], [ 136.87775, 35.4565 ], [ 136.87775, 35.456458333 ], [ 136.8776875, 35.456458333 ], [ 136.877625, 35.456458333 ] ] ] } },
{ "type": "Feature", "properties": { "A31a_101": "8505090063", "A31a_102": "山田川", "A31a_103": "21", "A31a_104": "岐阜県", "A31a_105": 2 }, "geometry": { "type": "Polygon", "coordinates": [ [ [ 136.8750625, 35.457583333 ], [ 136.8750625, 35.457541667 ], [ 136.8750625, 35.4575 ], [ 136.875, 35.4575 ], [ 136.875, 35.457541667 ], [ 136.875, 35.457583333 ], [ 136.8750625, 35.457583333 ] ] ] } },
{ "type": "Feature", "properties": { "A31a_101": "8505090063", "A31a_102": "山田川", "A31a_103": "21", "A31a_104": "岐阜県", "A31a_105": 2 }, "geometry": { "type": "Polygon", "coordinates": [ [ [ 136.8750625, 35.457583333 ], [ 136.8750625, 35.457625 ], [ 136.875125, 35.457625 ], [ 136.875125, 35.457583333 ], [ 136.8750625, 35.457583333 ] ] ] } },
{ "type": "Feature", "properties": { "A31a_101": "8505090063", "A31a_102": "山田川", "A31a_103": "21", "A31a_104": "岐阜県", "A31a_105": 2 }, "geometry": { "type": "Polygon", "coordinates": [ [ [ 136.8755625, 35.457708333 ], [ 136.8755625, 35.457666667 ], [ 136.8755, 35.457666667 ], [ 136.8755, 35.457625 ], [ 136.8755, 35.457583333 ], [ 136.8755, 35.457541667 ], [ 136.8754375, 35.457541667 ], [ 136.8754375, 35.4575 ], [ 136.8754375, 35.457458333 ], [ 136.875375, 35.457458333 ], [ 136.875375, 35.457416667 ], [ 136.875375, 35.457375 ], [ 136.8753125, 35.457375 ], [ 136.8753125, 35.457416667 ], [ 136.8753125, 35.457458333 ], [ 136.8753125, 35.4575 ], [ 136.8753125, 35.457541667 ], [ 136.8753125, 35.457583333 ], [ 136.8753125, 35.457625 ], [ 136.8753125, 35.457666667 ], [ 136.875375, 35.457666667 ], [ 136.875375, 35.457708333 ], [ 136.8754375, 35.457708333 ], [ 136.8755, 35.457708333 ], [ 136.8755625, 35.457708333 ] ] ] } },
{ "type": "Feature", "properties": { "A31a_101": "8505090063", "A31a_102": "山田川", "A31a_103": "21", "A31a_104": "岐阜県", "A31a_105": 2 }, "geometry": { "type": "Polygon", "coordinates": [ [ [ 136.8754375, 35.457791667 ], [ 136.875375, 35.457791667 ], [ 136.875375, 35.457833333 ], [ 136.8754375, 35.457833333 ], [ 136.8754375, 35.457791667 ] ] ] } },
{ "type": "Feature", "properties": { "A31a_101": "8505090063", "A31a_102": "山田川", "A31a_103": "21", "A31a_104": "岐阜県", "A31a_105": 2 }, "geometry": { "type": "Polygon", "coordinates": [ [ [ 136.873375, 35.457833333 ], [ 136.873375, 35.457791667 ], [ 136.8733125, 35.457791667 ], [ 136.8733125, 35.45775 ], [ 136.8733125, 35.457708333 ], [ 136.87325, 35.457708333 ], [ 136.87325, 35.457666667 ], [ 136.87325, 35.457625 ], [ 136.87325, 35.457583333 ], [ 136.8731875, 35.457583333 ], [ 136.8731875, 35.457541667 ], [ 136.8731875, 35.4575 ], [ 136.873125, 35.4575 ], [ 136.873125, 35.457541667 ], [ 136.873125, 35.457583333 ], [ 136.873125, 35.457625 ], [ 136.873125, 35.457666667 ], [ 136.873125, 35.457708333 ], [ 136.873125, 35.45775 ], [ 136.873125, 35.457791667 ], [ 136.873125, 35.457833333 ], [ 136.873125, 35.457875 ], [ 136.8731875, 35.457875 ], [ 136.87325, 35.457875 ], [ 136.8733125, 35.457875 ], [ 136.873375, 35.457875 ], [ 136.873375, 35.457833333 ] ] ] } },
{ "type": "Feature", "properties": { "A31a_101": "8505090063", "A31a_102": "山田川", "A31a_103": "21", "A31a_104": "岐阜県", "A31a_105": 2 }, "geometry": { "type": "Polygon", "coordinates": [ [ [ 136.8759375, 35.457541667 ], [ 136.875875, 35.457541667 ], [ 136.8758125, 35.457541667 ], [ 136.8758125, 35.4575 ], [ 136.87575, 35.4575 ], [ 136.8756875, 35.4575 ], [ 136.875625, 35.4575 ], [ 136.875625, 35.457541667 ], [ 136.875625, 35.457583333 ], [ 136.875625, 35.457625 ], [ 136.875625, 35.457666667 ], [ 136.875625, 35.457708333 ], [ 136.875625, 35.45775 ], [ 136.875625, 35.457791667 ], [ 136.875625, 35.457833333 ], [ 136.875625, 35.457875 ], [ 136.875625, 35.457916667 ], [ 136.8756875, 35.457916667 ], [ 136.8756875, 35.457875 ], [ 136.87575, 35.457875 ], [ 136.87575, 35.457833333 ], [ 136.87575, 35.457791667 ], [ 136.8758125, 35.457791667 ], [ 136.8758125, 35.45775 ], [ 136.8758125, 35.457708333 ], [ 136.875875, 35.457708333 ], [ 136.875875, 35.457666667 ], [ 136.875875, 35.457625 ], [ 136.8759375, 35.457625 ], [ 136.8759375, 35.457583333 ], [ 136.8759375, 35.457541667 ] ] ] } },
{ "type": "Feature", "properties": { "A31a_101": "8505090063", "A31a_102": "山田川", "A31a_103": "21", "A31a_104": "岐阜県", "A31a_105": 2 }, "geometry": { "type": "Polygon", "coordinates": [ [ [ 136.874125, 35.457833333 ], [ 136.8740625, 35.457833333 ], [ 136.8740625, 35.457875 ], [ 136.8740625, 35.457916667 ], [ 136.874125, 35.457916667 ], [ 136.874125, 35.457875 ], [ 136.874125, 35.457833333 ] ] ] } },
{ "type": "Feature", "properties": { "A31a_101": "8505090063", "A31a_102": "山田川", "A31a_103": "21", "A31a_104": "岐阜県", "A31a_105": 2 }, "geometry": { "type": "Polygon", "coordinates": [ [ [ 136.8750625, 35.458 ], [ 136.8750625, 35.457958333 ], [ 136.875125, 35.457958333 ], [ 136.875125, 35.457916667 ], [ 136.8751875, 35.457916667 ], [ 136.87525, 35.457916667 ], [ 136.8753125, 35.457916667 ], [ 136.8753125, 35.457875 ], [ 136.8753125, 35.457833333 ], [ 136.87525, 35.457833333 ], [ 136.8751875, 35.457833333 ], [ 136.875125, 35.457833333 ], [ 136.8750625, 35.457833333 ], [ 136.875, 35.457833333 ], [ 136.875, 35.457875 ], [ 136.875, 35.457916667 ], [ 136.875, 35.457958333 ], [ 136.875, 35.458 ], [ 136.8750625, 35.458 ] ] ] } },
{ "type": "Feature", "properties": { "A31a_101": "8505090063", "A31a_102": "山田川", "A31a_103": "21", "A31a_104": "岐阜県", "A31a_105": 2 }, "geometry": { "type": "Polygon", "coordinates": [ [ [ 136.8741875, 35.458083333 ], [ 136.874125, 35.458083333 ], [ 136.874125, 35.458125 ], [ 136.8741875, 35.458125 ], [ 136.8741875, 35.458083333 ] ] ] } },
{ "type": "Feature", "properties": { "A31a_101": "8505090063", "A31a_102": "山田川", "A31a_103": "21", "A31a_104": "岐阜県", "A31a_105": 2 }, "geometry": { "type": "Polygon", "coordinates": [ [ [ 136.8744375, 35.458041667 ], [ 136.874375, 35.458041667 ], [ 136.874375, 35.458083333 ], [ 136.874375, 35.458125 ], [ 136.8744375, 35.458125 ], [ 136.8744375, 35.458083333 ], [ 136.8744375, 35.458041667 ] ] ] } },
{ "type": "Feature", "properties": { "A31a_101": "8505090063", "A31a_102": "山田川", "A31a_103": "21", "A31a_104": "岐阜県", "A31a_105": 2 }, "geometry": { "type": "Polygon", "coordinates": [ [ [ 136.8748125, 35.458125 ], [ 136.8748125, 35.458083333 ], [ 136.874875, 35.458083333 ], [ 136.874875, 35.458041667 ], [ 136.8749375, 35.458041667 ], [ 136.8749375, 35.458 ], [ 136.874875, 35.458 ], [ 136.8748125, 35.458 ], [ 136.8748125, 35.458041667 ], [ 136.87475, 35.458041667 ], [ 136.87475, 35.458083333 ], [ 136.8746875, 35.458083333 ], [ 136.8746875, 35.458125 ], [ 136.87475, 35.458125 ], [ 136.8748125, 35.458125 ] ] ] } },
{ "type": "Feature", "properties": { "A31a_101": "8505090063", "A31a_102": "山田川", "A31a_103": "21", "A31a_104": "岐阜県", "A31a_105": 2 }, "geometry": { "type": "Polygon", "coordinates": [ [ [ 136.87325, 35.458125 ], [ 136.8731875, 35.458125 ], [ 136.8731875, 35.458166667 ], [ 136.87325, 35.458166667 ], [ 136.87325, 35.458125 ] ] ] } },
{ "type": "Feature", "properties": { "A31a_101": "8505090063", "A31a_102": "山田川", "A31a_103": "21", "A31a_104": "岐阜県", "A31a_105": 2 }, "geometry": { "type": "Polygon", "coordinates": [ [ [ 136.87425, 35.458166667 ], [ 136.8741875, 35.458166667 ], [ 136.8741875, 35.458208333 ], [ 136.87425, 35.458208333 ], [ 136.87425, 35.458166667 ] ] ] } },
{ "type": "Feature", "properties": { "A31a_101": "8505090063", "A31a_102": "山田川", "A31a_103": "21", "A31a_104": "岐阜県", "A31a_105": 2 }, "geometry": { "type": "Polygon", "coordinates": [ [ [ 136.8744375, 35.45825 ], [ 136.8745, 35.45825 ], [ 136.8745, 35.458208333 ], [ 136.8744375, 35.458208333 ], [ 136.8744375, 35.45825 ] ] ] } },
{ "type": "Feature", "properties": { "A31a_101": "8505090063", "A31a_102": "山田川", "A31a_103": "21", "A31a_104": "岐阜県", "A31a_105": 2 }, "geometry": { "type": "Polygon", "coordinates": [ [ [ 136.8750625, 35.458291667 ], [ 136.875, 35.458291667 ], [ 136.875, 35.458333333 ], [ 136.8750625, 35.458333333 ], [ 136.8750625, 35.458291667 ] ] ] } },
{ "type": "Feature", "properties": { "A31a_101": "8505090063", "A31a_102": "山田川", "A31a_103": "21", "A31a_104": "岐阜県", "A31a_105": 2 }, "geometry": { "type": "Polygon", "coordinates": [ [ [ 136.8754375, 35.458208333 ], [ 136.8754375, 35.458166667 ], [ 136.8755, 35.458166667 ], [ 136.8755, 35.458125 ], [ 136.8754375, 35.458125 ], [ 136.8754375, 35.458083333 ], [ 136.875375, 35.458083333 ], [ 136.875375, 35.458041667 ], [ 136.875375, 35.458 ], [ 136.875375, 35.457958333 ], [ 136.8753125, 35.457958333 ], [ 136.8753125, 35.458 ], [ 136.8753125, 35.458041667 ], [ 136.8753125, 35.458083333 ], [ 136.8753125, 35.458125 ], [ 136.8753125, 35.458166667 ], [ 136.8753125, 35.458208333 ], [ 136.8753125, 35.45825 ], [ 136.8753125, 35.458291667 ], [ 136.8753125, 35.458333333 ], [ 136.875375, 35.458333333 ], [ 136.8754375, 35.458333333 ], [ 136.8754375, 35.458291667 ], [ 136.8754375, 35.45825 ], [ 136.8754375, 35.458208333 ] ] ] } },
{ "type": "Feature", "properties": { "A31a_101": "8505090063", "A31a_102": "山田川", "A31a_103": "21", "A31a_104": "岐阜県", "A31a_105": 2 }, "geometry": { "type": "Polygon", "coordinates": [ [ [ 136.8748125, 35.458333333 ], [ 136.8748125, 35.458291667 ], [ 136.87475, 35.458291667 ], [ 136.87475, 35.45825 ], [ 136.87475, 35.458208333 ], [ 136.87475, 35.458166667 ], [ 136.8746875, 35.458166667 ], [ 136.8746875, 35.458208333 ], [ 136.8746875, 35.45825 ], [ 136.8746875, 35.458291667 ], [ 136.8746875, 35.458333333 ], [ 136.87475, 35.458333333 ], [ 136.8748125, 35.458333333 ] ] ] } },
{ "type": "Feature", "properties": { "A31a_101": "8505090063", "A31a_102": "山田川", "A31a_103": "21", "A31a_104": "岐阜県", "A31a_105": 2 }, "geometry": { "type": "Polygon", "coordinates": [ [ [ 136.87475, 35.458375 ], [ 136.8746875, 35.458375 ], [ 136.8746875, 35.458416667 ], [ 136.87475, 35.458416667 ], [ 136.87475, 35.458375 ] ] ] } },
{ "type": "Feature", "properties": { "A31a_101": "8505090063", "A31a_102": "山田川", "A31a_103": "21", "A31a_104": "岐阜県", "A31a_105": 2 }, "geometry": { "type": "Polygon", "coordinates": [ [ [ 136.874375, 35.458333333 ], [ 136.874375, 35.458375 ], [ 136.874375, 35.458416667 ], [ 136.874375, 35.458458333 ], [ 136.8744375, 35.458458333 ], [ 136.8744375, 35.4585 ], [ 136.8745, 35.4585 ], [ 136.8745, 35.458541667 ], [ 136.8745, 35.458583333 ], [ 136.8745, 35.458625 ], [ 136.8745625, 35.458625 ], [ 136.8745625, 35.458666667 ], [ 136.874625, 35.458666667 ], [ 136.874625, 35.458625 ], [ 136.8746875, 35.458625 ], [ 136.87475, 35.458625 ], [ 136.87475, 35.458583333 ], [ 136.87475, 35.458541667 ], [ 136.8748125, 35.458541667 ], [ 136.874875, 35.458541667 ], [ 136.874875, 35.4585 ], [ 136.8748125, 35.4585 ], [ 136.87475, 35.4585 ], [ 136.8746875, 35.4585 ], [ 136.874625, 35.4585 ], [ 136.874625, 35.458458333 ], [ 136.874625, 35.458416667 ], [ 136.874625, 35.458375 ], [ 136.8745625, 35.458375 ], [ 136.8745625, 35.458333333 ], [ 136.8745, 35.458333333 ], [ 136.8744375, 35.458333333 ], [ 136.874375, 35.458333333 ] ] ] } },
{ "type": "Feature", "properties": { "A31a_101": "8505090063", "A31a_102": "山田川", "A31a_103": "21", "A31a_104": "岐阜県", "A31a_105": 2 }, "geometry": { "type": "Polygon", "coordinates": [ [ [ 136.8750625, 35.458666667 ], [ 136.875, 35.458666667 ], [ 136.875, 35.458708333 ], [ 136.875, 35.45875 ], [ 136.8750625, 35.45875 ], [ 136.8750625, 35.458708333 ], [ 136.8750625, 35.458666667 ] ] ] } },
{ "type": "Feature", "properties": { "A31a_101": "8505090063", "A31a_102": "山田川", "A31a_103": "21", "A31a_104": "岐阜県", "A31a_105": 2 }, "geometry": { "type": "Polygon", "coordinates": [ [ [ 136.875375, 35.458916667 ], [ 136.8753125, 35.458916667 ], [ 136.8753125, 35.458958333 ], [ 136.875375, 35.458958333 ], [ 136.875375, 35.458916667 ] ] ] } },
{ "type": "Feature", "properties": { "A31a_101": "8505090063", "A31a_102": "山田川", "A31a_103": "21", "A31a_104": "岐阜県", "A31a_105": 2 }, "geometry": { "type": "Polygon", "coordinates": [ [ [ 136.874375, 35.458333333 ], [ 136.874375, 35.458291667 ], [ 136.8744375, 35.458291667 ], [ 136.8744375, 35.45825 ], [ 136.874375, 35.45825 ], [ 136.8743125, 35.45825 ], [ 136.87425, 35.45825 ], [ 136.87425, 35.458291667 ], [ 136.8741875, 35.458291667 ], [ 136.8741875, 35.458333333 ], [ 136.874125, 35.458333333 ], [ 136.8740625, 35.458333333 ], [ 136.8740625, 35.458291667 ], [ 136.8740625, 35.45825 ], [ 136.8740625, 35.458208333 ], [ 136.874, 35.458208333 ], [ 136.874, 35.458166667 ], [ 136.874, 35.458125 ], [ 136.8739375, 35.458125 ], [ 136.8739375, 35.458083333 ], [ 136.8739375, 35.458041667 ], [ 136.873875, 35.458041667 ], [ 136.873875, 35.458 ], [ 136.8739375, 35.458 ], [ 136.8739375, 35.458041667 ], [ 136.874, 35.458041667 ], [ 136.874, 35.458 ], [ 136.874, 35.457958333 ], [ 136.874, 35.457916667 ], [ 136.8739375, 35.457916667 ], [ 136.873875, 35.457916667 ], [ 136.873875, 35.457958333 ], [ 136.8738125, 35.457958333 ], [ 136.8738125, 35.457916667 ], [ 136.87375, 35.457916667 ], [ 136.87375, 35.457958333 ], [ 136.8736875, 35.457958333 ], [ 136.8736875, 35.458 ], [ 136.873625, 35.458 ], [ 136.8735625, 35.458 ], [ 136.8735625, 35.458041667 ], [ 136.8735, 35.458041667 ], [ 136.8734375, 35.458041667 ], [ 136.8734375, 35.458083333 ], [ 136.8734375, 35.458125 ], [ 136.873375, 35.458125 ], [ 136.873375, 35.458166667 ], [ 136.873375, 35.458208333 ], [ 136.8733125, 35.458208333 ], [ 136.8733125, 35.45825 ], [ 136.873375, 35.45825 ], [ 136.873375, 35.458291667 ], [ 136.873375, 35.458333333 ], [ 136.8734375, 35.458333333 ], [ 136.8734375, 35.458291667 ], [ 136.8735, 35.458291667 ], [ 136.8735, 35.458333333 ], [ 136.8734375, 35.458333333 ], [ 136.8734375, 35.458375 ], [ 136.8735, 35.458375 ], [ 136.8735, 35.458416667 ], [ 136.8735625, 35.458416667 ], [ 136.8735625, 35.458458333 ], [ 136.8735625, 35.4585 ], [ 136.873625, 35.4585 ], [ 136.873625, 35.458541667 ], [ 136.8736875, 35.458541667 ], [ 136.8736875, 35.458583333 ], [ 136.8736875, 35.458625 ], [ 136.87375, 35.458625 ], [ 136.87375, 35.458666667 ], [ 136.87375, 35.458708333 ], [ 136.8738125, 35.458708333 ], [ 136.8738125, 35.45875 ], [ 136.873875, 35.45875 ], [ 136.873875, 35.458791667 ], [ 136.873875, 35.458833333 ], [ 136.873875, 35.458875 ], [ 136.8739375, 35.458875 ], [ 136.8739375, 35.458916667 ], [ 136.874, 35.458916667 ], [ 136.874, 35.458958333 ], [ 136.874, 35.459 ], [ 136.874, 35.459041667 ], [ 136.8740625, 35.459041667 ], [ 136.8740625, 35.459083333 ], [ 136.8740625, 35.459125 ], [ 136.874125, 35.459125 ], [ 136.874125, 35.459166667 ], [ 136.874125, 35.459208333 ], [ 136.874125, 35.45925 ], [ 136.8741875, 35.45925 ], [ 136.8741875, 35.459291667 ], [ 136.8741875, 35.459333333 ], [ 136.8741875, 35.459375 ], [ 136.87425, 35.459375 ], [ 136.87425, 35.459416667 ], [ 136.87425, 35.459458333 ], [ 136.87425, 35.4595 ], [ 136.8743125, 35.4595 ], [ 136.8743125, 35.459541667 ], [ 136.8743125, 35.459583333 ], [ 136.874375, 35.459583333 ], [ 136.874375, 35.459625 ], [ 136.874375, 35.459666667 ], [ 136.874375, 35.459708333 ], [ 136.874375, 35.45975 ], [ 136.8744375, 35.45975 ], [ 136.8744375, 35.459791667 ], [ 136.8744375, 35.459833333 ], [ 136.8745, 35.459833333 ], [ 136.8745, 35.459875 ], [ 136.8745, 35.459916667 ], [ 136.8745, 35.459958333 ], [ 136.8745625, 35.459958333 ], [ 136.8745625, 35.46 ], [ 136.874625, 35.46 ], [ 136.874625, 35.459958333 ], [ 136.874625, 35.459916667 ], [ 136.8745625, 35.459916667 ], [ 136.8745625, 35.459875 ], [ 136.8745625, 35.459833333 ], [ 136.8745625, 35.459791667 ], [ 136.8745, 35.459791667 ], [ 136.8745, 35.45975 ], [ 136.8745, 35.459708333 ], [ 136.8745, 35.459666667 ], [ 136.8744375, 35.459666667 ], [ 136.8744375, 35.459625 ], [ 136.8745, 35.459625 ], [ 136.8745, 35.459583333 ], [ 136.8745, 35.459541667 ], [ 136.8745625, 35.459541667 ], [ 136.874625, 35.459541667 ], [ 136.874625, 35.4595 ], [ 136.8746875, 35.4595 ], [ 136.8746875, 35.459458333 ], [ 136.87475, 35.459458333 ], [ 136.87475, 35.459416667 ], [ 136.8748125, 35.459416667 ], [ 136.874875, 35.459416667 ], [ 136.874875, 35.459375 ], [ 136.8749375, 35.459375 ], [ 136.8749375, 35.459416667 ], [ 136.8749375, 35.459458333 ], [ 136.875, 35.459458333 ], [ 136.875, 35.4595 ], [ 136.875, 35.459541667 ], [ 136.875, 35.459583333 ], [ 136.8750625, 35.459583333 ], [ 136.875125, 35.459583333 ], [ 136.875125, 35.459541667 ], [ 136.8751875, 35.459541667 ], [ 136.8751875, 35.4595 ], [ 136.87525, 35.4595 ], [ 136.87525, 35.459458333 ], [ 136.87525, 35.459416667 ], [ 136.87525, 35.459375 ], [ 136.8751875, 35.459375 ], [ 136.8751875, 35.459333333 ], [ 136.8751875, 35.459291667 ], [ 136.875125, 35.459291667 ], [ 136.875125, 35.45925 ], [ 136.875125, 35.459208333 ], [ 136.8750625, 35.459208333 ], [ 136.8750625, 35.459166667 ], [ 136.8750625, 35.459125 ], [ 136.8750625, 35.459083333 ], [ 136.8750625, 35.459041667 ], [ 136.875, 35.459041667 ], [ 136.875, 35.459083333 ], [ 136.8749375, 35.459083333 ], [ 136.874875, 35.459083333 ], [ 136.874875, 35.459125 ], [ 136.8748125, 35.459125 ], [ 136.8748125, 35.459083333 ], [ 136.8748125, 35.459041667 ], [ 136.8748125, 35.459 ], [ 136.87475, 35.459 ], [ 136.87475, 35.458958333 ], [ 136.87475, 35.458916667 ], [ 136.8746875, 35.458916667 ], [ 136.8746875, 35.458875 ], [ 136.8746875, 35.458833333 ], [ 136.8746875, 35.458791667 ], [ 136.874625, 35.458791667 ], [ 136.874625, 35.45875 ], [ 136.8745625, 35.45875 ], [ 136.8745, 35.45875 ], [ 136.8745, 35.458791667 ], [ 136.8744375, 35.458791667 ], [ 136.8744375, 35.45875 ], [ 136.874375, 35.45875 ], [ 136.874375, 35.458708333 ], [ 136.8743125, 35.458708333 ], [ 136.8743125, 35.458666667 ], [ 136.8743125, 35.458625 ], [ 136.87425, 35.458625 ], [ 136.87425, 35.458583333 ], [ 136.87425, 35.458541667 ], [ 136.8741875, 35.458541667 ], [ 136.8741875, 35.4585 ], [ 136.8741875, 35.458458333 ], [ 136.8741875, 35.458416667 ], [ 136.874125, 35.458416667 ], [ 136.874125, 35.458375 ], [ 136.8741875, 35.458375 ], [ 136.87425, 35.458375 ], [ 136.87425, 35.458333333 ], [ 136.8743125, 35.458333333 ], [ 136.874375, 35.458333333 ] ], [ [ 136.8736875, 35.458125 ], [ 136.8736875, 35.458083333 ], [ 136.8736875, 35.458041667 ], [ 136.87375, 35.458041667 ], [ 136.87375, 35.458083333 ], [ 136.87375, 35.458125 ], [ 136.8736875, 35.458125 ] ] ] } },
{ "type": "Feature", "properties": { "A31a_101": "8505090063", "A31a_102": "山田川", "A31a_103": "21", "A31a_104": "岐阜県", "A31a_105": 3 }, "geometry": { "type": "Polygon", "coordinates": [ [ [ 136.873375, 35.458166667 ], [ 136.873375, 35.458125 ], [ 136.8733125, 35.458125 ], [ 136.87325, 35.458125 ], [ 136.87325, 35.458166667 ], [ 136.8733125, 35.458166667 ], [ 136.8733125, 35.458208333 ], [ 136.873375, 35.458208333 ], [ 136.873375, 35.458166667 ] ] ] } },
{ "type": "Feature", "properties": { "A31a_101": "8505090063", "A31a_102": "山田川", "A31a_103": "21", "A31a_104": "岐阜県", "A31a_105": 3 }, "geometry": { "type": "Polygon", "coordinates": [ [ [ 136.8735, 35.458291667 ], [ 136.8734375, 35.458291667 ], [ 136.8734375, 35.458333333 ], [ 136.8735, 35.458333333 ], [ 136.8735, 35.458291667 ] ] ] } },
{ "type": "Feature", "properties": { "A31a_101": "8505090063", "A31a_102": "山田川", "A31a_103": "21", "A31a_104": "岐阜県", "A31a_105": 6 }, "geometry": { "type": "Polygon", "coordinates": [ [ [ 136.8593125, 35.45725 ], [ 136.85925, 35.45725 ], [ 136.85925, 35.457291667 ], [ 136.8593125, 35.457291667 ], [ 136.8593125, 35.45725 ] ] ] } },
{ "type": "Feature", "properties": { "A31a_101": "8505090063", "A31a_102": "山田川", "A31a_103": "21", "A31a_104": "岐阜県", "A31a_105": 6 }, "geometry": { "type": "Polygon", "coordinates": [ [ [ 136.85525, 35.457291667 ], [ 136.8551875, 35.457291667 ], [ 136.8551875, 35.457333333 ], [ 136.85525, 35.457333333 ], [ 136.85525, 35.457291667 ] ] ] } },
{ "type": "Feature", "properties": { "A31a_101": "8505090063", "A31a_102": "山田川", "A31a_103": "21", "A31a_104": "岐阜県", "A31a_105": 6 }, "geometry": { "type": "Polygon", "coordinates": [ [ [ 136.859125, 35.457291667 ], [ 136.8590625, 35.457291667 ], [ 136.8590625, 35.457333333 ], [ 136.859125, 35.457333333 ], [ 136.859125, 35.457291667 ] ] ] } },
{ "type": "Feature", "properties": { "A31a_101": "8505090063", "A31a_102": "山田川", "A31a_103": "21", "A31a_104": "岐阜県", "A31a_105": 6 }, "geometry": { "type": "Polygon", "coordinates": [ [ [ 136.8589375, 35.457333333 ], [ 136.858875, 35.457333333 ], [ 136.858875, 35.457375 ], [ 136.8589375, 35.457375 ], [ 136.8589375, 35.457333333 ] ] ] } }
]
}
