{
"type": "FeatureCollection",
"name": "A31a-30-25_21_8505090066_10",
"crs": { "type": "name", "properties": { "name": "urn:ogc:def:crs:EPSG::6668" } },
"xy_coordinate_resolution": 1e-09,
"features": [
{ "type": "Feature", "properties": { "A31a_301": "8505090066", "A31a_302": "津保川", "A31a_303": "21", "A31a_304": "岐阜県", "A31a_305": 1 }, "geometry": { "type": "Polygon", "coordinates": [ [ [ 136.962813729, 35.492082661 ], [ 136.962813729, 35.492291662 ], [ 136.96312573, 35.492291661 ], [ 136.96312573, 35.492082661 ], [ 136.962813729, 35.492082661 ] ] ] } },
{ "type": "Feature", "properties": { "A31a_301": "8505090066", "A31a_302": "津保川", "A31a_303": "21", "A31a_304": "岐阜県", "A31a_305": 1 }, "geometry": { "type": "Polygon", "coordinates": [ [ [ 136.862188371, 35.485416756 ], [ 136.862188371, 35.485207756 ], [ 136.861875371, 35.485207756 ], [ 136.861875371, 35.484999756 ], [ 136.861875371, 35.484791756 ], [ 136.862188371, 35.484791756 ], [ 136.862500372, 35.484791756 ], [ 136.862813372, 35.484791756 ], [ 136.862813372, 35.484582756 ], [ 136.863125373, 35.484582756 ], [ 136.863125373, 35.484374756 ], [ 136.862813372, 35.484374756 ], [ 136.862813373, 35.484166756 ], [ 136.862813373, 35.483957756 ], [ 136.862813373, 35.483749756 ], [ 136.862813373, 35.483541756 ], [ 136.862813373, 35.483332756 ], [ 136.862813373, 35.483124756 ], [ 136.863125373, 35.483124756 ], [ 136.863438374, 35.483124756 ], [ 136.863438374, 35.483332756 ], [ 136.863438374, 35.483541756 ], [ 136.863750375, 35.483541756 ], [ 136.863750375, 35.483749756 ], [ 136.864063375, 35.483749756 ], [ 136.864375376, 35.483749756 ], [ 136.864375376, 35.483957756 ], [ 136.864688376, 35.483957756 ], [ 136.864688376, 35.484166756 ], [ 136.864375376, 35.484166756 ], [ 136.864063375, 35.484166756 ], [ 136.864063375, 35.484374756 ], [ 136.864375376, 35.484374756 ], [ 136.864688376, 35.484374756 ], [ 136.864688376, 35.484582757 ], [ 136.864688376, 35.484791757 ], [ 136.864375375, 35.484791757 ], [ 136.864375375, 35.484999757 ], [ 136.864375375, 35.485207757 ], [ 136.864688376, 35.485207757 ], [ 136.864688376, 35.485416757 ], [ 136.864688376, 35.485624757 ], [ 136.864688376, 35.485832757 ], [ 136.864688376, 35.486041757 ], [ 136.865000376, 35.486041757 ], [ 136.865000376, 35.486249757 ], [ 136.865313377, 35.486249757 ], [ 136.865313377, 35.486041757 ], [ 136.865313377, 35.485832757 ], [ 136.865625377, 35.485832757 ], [ 136.865625377, 35.486041757 ], [ 136.865938378, 35.486041757 ], [ 136.865938378, 35.486249758 ], [ 136.866250378, 35.486249758 ], [ 136.866250378, 35.486457758 ], [ 136.866563379, 35.486457758 ], [ 136.866563379, 35.486666758 ], [ 136.866250378, 35.486666758 ], [ 136.866250378, 35.486874758 ], [ 136.866563379, 35.486874758 ], [ 136.866875379, 35.486874758 ], [ 136.866875379, 35.487082758 ], [ 136.86718838, 35.487082758 ], [ 136.86750038, 35.487082758 ], [ 136.867813381, 35.487082759 ], [ 136.868125382, 35.487082759 ], [ 136.868437382, 35.487082759 ], [ 136.868438382, 35.487082759 ], [ 136.868750383, 35.487082759 ], [ 136.868750383, 35.487291759 ], [ 136.869063383, 35.487291759 ], [ 136.869375384, 35.487291759 ], [ 136.869375384, 35.487499759 ], [ 136.869687384, 35.487499759 ], [ 136.869688384, 35.487499759 ], [ 136.870000385, 35.487499759 ], [ 136.870000385, 35.487291759 ], [ 136.870000385, 35.487082759 ], [ 136.870313386, 35.487082759 ], [ 136.870313386, 35.486874759 ], [ 136.870625387, 35.486874759 ], [ 136.870625387, 35.486666759 ], [ 136.870938387, 35.486666759 ], [ 136.870938387, 35.486874759 ], [ 136.871250388, 35.48687476 ], [ 136.871563388, 35.48687476 ], [ 136.871875389, 35.48687476 ], [ 136.871875389, 35.48666676 ], [ 136.87218839, 35.48666676 ], [ 136.87218839, 35.48645776 ], [ 136.87250039, 35.48645776 ], [ 136.87250039, 35.48666676 ], [ 136.87250039, 35.48687476 ], [ 136.872813391, 35.48687476 ], [ 136.873125391, 35.48687476 ], [ 136.873438392, 35.48687476 ], [ 136.873438392, 35.48666676 ], [ 136.873750393, 35.48666676 ], [ 136.873750392, 35.48687476 ], [ 136.874063393, 35.48687476 ], [ 136.874375394, 35.48687476 ], [ 136.874688394, 35.486874761 ], [ 136.875000395, 35.486874761 ], [ 136.875313396, 35.486874761 ], [ 136.875625396, 35.486874761 ], [ 136.875625396, 35.487082761 ], [ 136.875938397, 35.487082761 ], [ 136.875938397, 35.486874761 ], [ 136.875938397, 35.48666676 ], [ 136.876250398, 35.48666676 ], [ 136.876250398, 35.48645776 ], [ 136.876563399, 35.48645776 ], [ 136.876563399, 35.48666676 ], [ 136.876875399, 35.48666676 ], [ 136.8768754, 35.48645776 ], [ 136.8768754, 35.48624976 ], [ 136.8771874, 35.48624976 ], [ 136.8771884, 35.48624976 ], [ 136.877500401, 35.48624976 ], [ 136.877500401, 35.48604176 ], [ 136.877500402, 35.485832759 ], [ 136.877500402, 35.485624759 ], [ 136.877500402, 35.485416759 ], [ 136.877500402, 35.485207759 ], [ 136.877813403, 35.485207759 ], [ 136.877813403, 35.484999759 ], [ 136.878125404, 35.484999758 ], [ 136.878125404, 35.484791758 ], [ 136.878438405, 35.484791758 ], [ 136.878438405, 35.484582758 ], [ 136.878438405, 35.484374758 ], [ 136.878750406, 35.484374758 ], [ 136.878750406, 35.484166757 ], [ 136.878438405, 35.484166758 ], [ 136.878438405, 35.483957757 ], [ 136.878125404, 35.483957758 ], [ 136.878125405, 35.483749757 ], [ 136.878125405, 35.483541757 ], [ 136.878125405, 35.483332757 ], [ 136.878438406, 35.483332757 ], [ 136.878438406, 35.483124757 ], [ 136.878750407, 35.483124756 ], [ 136.878750407, 35.482916756 ], [ 136.878750407, 35.482707756 ], [ 136.879063407, 35.482707756 ], [ 136.879375408, 35.482707756 ], [ 136.879375408, 35.482916756 ], [ 136.879687409, 35.482916756 ], [ 136.879688409, 35.482916756 ], [ 136.88000041, 35.482916756 ], [ 136.88031341, 35.482916755 ], [ 136.880625411, 35.482916755 ], [ 136.880937412, 35.482916755 ], [ 136.880937412, 35.483124755 ], [ 136.881250413, 35.483124755 ], [ 136.881563413, 35.483124755 ], [ 136.881875414, 35.483124755 ], [ 136.881875414, 35.482916755 ], [ 136.881875414, 35.482707755 ], [ 136.881563414, 35.482707755 ], [ 136.881563414, 35.482499754 ], [ 136.881250413, 35.482499755 ], [ 136.881250413, 35.482291754 ], [ 136.881250413, 35.482082754 ], [ 136.881250413, 35.481874754 ], [ 136.881250414, 35.481666754 ], [ 136.881563414, 35.481666753 ], [ 136.881563415, 35.481457753 ], [ 136.881563415, 35.481249753 ], [ 136.881875415, 35.481249753 ], [ 136.881875415, 35.481457753 ], [ 136.881875415, 35.481666753 ], [ 136.882187416, 35.481666753 ], [ 136.882187416, 35.481874753 ], [ 136.882187416, 35.482082754 ], [ 136.882187416, 35.482291754 ], [ 136.882500416, 35.482291754 ], [ 136.882500416, 35.482499754 ], [ 136.882812417, 35.482499754 ], [ 136.883125418, 35.482499754 ], [ 136.883438419, 35.482499754 ], [ 136.883750419, 35.482499753 ], [ 136.883750419, 35.482291753 ], [ 136.88406242, 35.482291753 ], [ 136.88406242, 35.482499753 ], [ 136.88406242, 35.482707754 ], [ 136.884375421, 35.482707753 ], [ 136.884688421, 35.482707753 ], [ 136.884688422, 35.482499753 ], [ 136.885000422, 35.482499753 ], [ 136.885312423, 35.482499753 ], [ 136.885312423, 35.482707753 ], [ 136.885625424, 35.482707753 ], [ 136.885938425, 35.482707753 ], [ 136.886250425, 35.482707753 ], [ 136.886562426, 35.482707752 ], [ 136.886875427, 35.482707752 ], [ 136.886875427, 35.482916753 ], [ 136.886875426, 35.483124753 ], [ 136.886875426, 35.483332753 ], [ 136.887188427, 35.483332753 ], [ 136.887188427, 35.483541753 ], [ 136.887188427, 35.483749754 ], [ 136.887188426, 35.483957754 ], [ 136.887500427, 35.483957754 ], [ 136.887812428, 35.483957754 ], [ 136.887812428, 35.483749753 ], [ 136.887812429, 35.483541753 ], [ 136.887812429, 35.483332753 ], [ 136.88812543, 35.483332752 ], [ 136.88812543, 35.483541753 ], [ 136.888437431, 35.483541752 ], [ 136.88843743, 35.483749753 ], [ 136.888750432, 35.483749752 ], [ 136.888750432, 35.483541752 ], [ 136.889062433, 35.483541752 ], [ 136.889062433, 35.483749752 ], [ 136.889375434, 35.483749752 ], [ 136.889687435, 35.483749752 ], [ 136.889688435, 35.483749752 ], [ 136.890000436, 35.483749751 ], [ 136.890000436, 35.483541751 ], [ 136.890312437, 35.483541751 ], [ 136.890312437, 35.483749751 ], [ 136.890625438, 35.483749751 ], [ 136.890937439, 35.48374975 ], [ 136.890937439, 35.483957751 ], [ 136.89125044, 35.483957751 ], [ 136.891562441, 35.48395775 ], [ 136.891875442, 35.48395775 ], [ 136.892187443, 35.48395775 ], [ 136.892188443, 35.48395775 ], [ 136.892500444, 35.483957749 ], [ 136.892500443, 35.48416675 ], [ 136.892812445, 35.48416675 ], [ 136.893125446, 35.484166749 ], [ 136.893437447, 35.484166749 ], [ 136.893438447, 35.484166749 ], [ 136.893750448, 35.484166749 ], [ 136.894062449, 35.484166748 ], [ 136.89437545, 35.484166748 ], [ 136.89437545, 35.483957748 ], [ 136.89437545, 35.483749747 ], [ 136.89437545, 35.483541747 ], [ 136.894375451, 35.483332747 ], [ 136.894375451, 35.483124746 ], [ 136.894375451, 35.482916746 ], [ 136.894375451, 35.482707746 ], [ 136.894375452, 35.482499745 ], [ 136.894375452, 35.482291745 ], [ 136.894688453, 35.482291745 ], [ 136.894688453, 35.482082744 ], [ 136.894688453, 35.481874744 ], [ 136.894688453, 35.481666744 ], [ 136.894688454, 35.481457744 ], [ 136.894688454, 35.481249743 ], [ 136.894688454, 35.481041743 ], [ 136.895000455, 35.481041743 ], [ 136.895000455, 35.481249743 ], [ 136.895000455, 35.481457743 ], [ 136.895000454, 35.481666744 ], [ 136.895000454, 35.481874744 ], [ 136.895000454, 35.482082744 ], [ 136.895312455, 35.482082744 ], [ 136.895312455, 35.482291744 ], [ 136.895312455, 35.482499745 ], [ 136.895312454, 35.482707745 ], [ 136.895625455, 35.482707745 ], [ 136.895625455, 35.482916745 ], [ 136.895938456, 35.482916745 ], [ 136.895938456, 35.483124745 ], [ 136.895625455, 35.483124745 ], [ 136.895312454, 35.483124746 ], [ 136.895312454, 35.483332746 ], [ 136.895000453, 35.483332746 ], [ 136.895000453, 35.483541747 ], [ 136.895000452, 35.483749747 ], [ 136.895000452, 35.483957747 ], [ 136.895000452, 35.484166748 ], [ 136.895000452, 35.484374748 ], [ 136.895312453, 35.484374748 ], [ 136.895312453, 35.484166747 ], [ 136.895625454, 35.484166747 ], [ 136.895938455, 35.484166747 ], [ 136.895938455, 35.483957746 ], [ 136.896250456, 35.483957746 ], [ 136.896562457, 35.483957746 ], [ 136.896562457, 35.483749746 ], [ 136.896875459, 35.483749745 ], [ 136.896875459, 35.483541745 ], [ 136.896875459, 35.483332744 ], [ 136.896875459, 35.483124744 ], [ 136.89718846, 35.483124744 ], [ 136.89718846, 35.483332744 ], [ 136.89718846, 35.483541745 ], [ 136.897500461, 35.483541744 ], [ 136.897500461, 35.483749745 ], [ 136.89750046, 35.483957745 ], [ 136.897812461, 35.483957745 ], [ 136.897812461, 35.484166745 ], [ 136.898125462, 35.484166745 ], [ 136.898438463, 35.484166745 ], [ 136.898438463, 35.483957744 ], [ 136.898750464, 35.483957744 ], [ 136.899062466, 35.483957744 ], [ 136.899375467, 35.483957743 ], [ 136.899687468, 35.483957743 ], [ 136.899687468, 35.483749743 ], [ 136.900000469, 35.483749743 ], [ 136.900000469, 35.483541742 ], [ 136.900000469, 35.483332742 ], [ 136.900313471, 35.483332741 ], [ 136.900313471, 35.483124741 ], [ 136.900313471, 35.482916741 ], [ 136.900625472, 35.48291674 ], [ 136.900937474, 35.48291674 ], [ 136.900938474, 35.48291674 ], [ 136.901250475, 35.482916739 ], [ 136.901250475, 35.482707739 ], [ 136.901250475, 35.482499739 ], [ 136.901250476, 35.482291738 ], [ 136.901250476, 35.482082738 ], [ 136.901563477, 35.482082737 ], [ 136.901563477, 35.481874737 ], [ 136.901875478, 35.481874737 ], [ 136.901875479, 35.481666736 ], [ 136.90218848, 35.481666736 ], [ 136.90218848, 35.481457736 ], [ 136.902500481, 35.481457735 ], [ 136.902813483, 35.481457735 ], [ 136.902813483, 35.481249734 ], [ 136.902813483, 35.481041734 ], [ 136.903125484, 35.481041733 ], [ 136.903437486, 35.481041733 ], [ 136.903438486, 35.481041733 ], [ 136.903750487, 35.481041733 ], [ 136.903750487, 35.480832732 ], [ 136.904063488, 35.480832732 ], [ 136.904063489, 35.480624731 ], [ 136.90437549, 35.480624731 ], [ 136.90437549, 35.480416731 ], [ 136.904688491, 35.48041673 ], [ 136.904688492, 35.48020773 ], [ 136.904688492, 35.479999729 ], [ 136.904688492, 35.479791729 ], [ 136.904375491, 35.47979173 ], [ 136.904375491, 35.479582729 ], [ 136.90406349, 35.47958273 ], [ 136.90406349, 35.47979173 ], [ 136.903750488, 35.47979173 ], [ 136.903438487, 35.479791731 ], [ 136.903437487, 35.479791731 ], [ 136.903437487, 35.47958273 ], [ 136.903125486, 35.479582731 ], [ 136.903125486, 35.479791731 ], [ 136.902813485, 35.479791732 ], [ 136.902813484, 35.479999732 ], [ 136.902813484, 35.480207732 ], [ 136.902813484, 35.480416733 ], [ 136.902813484, 35.480624733 ], [ 136.902813483, 35.480832734 ], [ 136.902500482, 35.480832734 ], [ 136.902500482, 35.481041734 ], [ 136.902188481, 35.481041735 ], [ 136.902187481, 35.481041735 ], [ 136.901875479, 35.481041735 ], [ 136.901875479, 35.481249736 ], [ 136.901875479, 35.481457736 ], [ 136.901563478, 35.481457736 ], [ 136.901250476, 35.481457737 ], [ 136.900938475, 35.481457737 ], [ 136.900937475, 35.481457737 ], [ 136.900625474, 35.481457738 ], [ 136.900625474, 35.481666738 ], [ 136.900313472, 35.481666738 ], [ 136.900000471, 35.481666739 ], [ 136.89968747, 35.481666739 ], [ 136.89968747, 35.48187474 ], [ 136.899375469, 35.48187474 ], [ 136.899062468, 35.48187474 ], [ 136.899062468, 35.48166674 ], [ 136.898750467, 35.48166674 ], [ 136.898750467, 35.48145774 ], [ 136.898750467, 35.481249739 ], [ 136.898750468, 35.481041739 ], [ 136.898750468, 35.480832739 ], [ 136.899062469, 35.480832738 ], [ 136.899062469, 35.480624738 ], [ 136.89937547, 35.480624738 ], [ 136.89937547, 35.480416737 ], [ 136.899062469, 35.480416738 ], [ 136.898750468, 35.480416738 ], [ 136.898750468, 35.480207738 ], [ 136.899062469, 35.480207737 ], [ 136.89906247, 35.479999737 ], [ 136.89906247, 35.479791737 ], [ 136.898750469, 35.479791737 ], [ 136.898438468, 35.479791737 ], [ 136.898125467, 35.479791738 ], [ 136.897812466, 35.479791738 ], [ 136.897812465, 35.479999738 ], [ 136.897500464, 35.479999739 ], [ 136.897500464, 35.480207739 ], [ 136.897812465, 35.480207739 ], [ 136.897812465, 35.480416739 ], [ 136.897812465, 35.480624739 ], [ 136.898125466, 35.480624739 ], [ 136.898438467, 35.480624739 ], [ 136.898438467, 35.480832739 ], [ 136.898438467, 35.481041739 ], [ 136.898438466, 35.48124974 ], [ 136.898125465, 35.48124974 ], [ 136.897812464, 35.48124974 ], [ 136.897500463, 35.481249741 ], [ 136.897188462, 35.481249741 ], [ 136.897188462, 35.481041741 ], [ 136.897188463, 35.48083274 ], [ 136.897188463, 35.48062474 ], [ 136.896875462, 35.48062474 ], [ 136.896562461, 35.48062474 ], [ 136.896562461, 35.48041674 ], [ 136.896562461, 35.48020774 ], [ 136.89625046, 35.48020774 ], [ 136.89625046, 35.48041674 ], [ 136.89625046, 35.480624741 ], [ 136.895938459, 35.480624741 ], [ 136.895625458, 35.480624741 ], [ 136.895312457, 35.480624742 ], [ 136.895312456, 35.480832742 ], [ 136.895000455, 35.480832742 ], [ 136.894688454, 35.480832743 ], [ 136.894687454, 35.480832743 ], [ 136.894375453, 35.480832743 ], [ 136.894375453, 35.481041743 ], [ 136.894062452, 35.481041743 ], [ 136.893750451, 35.481041744 ], [ 136.89343845, 35.481041744 ], [ 136.89343845, 35.481249744 ], [ 136.89343745, 35.481249744 ], [ 136.893125449, 35.481249745 ], [ 136.893125449, 35.481041744 ], [ 136.892812448, 35.481041745 ], [ 136.892500447, 35.481041745 ], [ 136.892500447, 35.480832745 ], [ 136.892188446, 35.480832745 ], [ 136.892187446, 35.480832745 ], [ 136.892187446, 35.480624745 ], [ 136.892187446, 35.480416744 ], [ 136.892187447, 35.480207744 ], [ 136.892188447, 35.480207744 ], [ 136.892500448, 35.480207744 ], [ 136.892812449, 35.480207743 ], [ 136.892812449, 35.479999743 ], [ 136.892812449, 35.479791743 ], [ 136.892812449, 35.479582743 ], [ 136.892500448, 35.479582743 ], [ 136.892188447, 35.479582743 ], [ 136.892187447, 35.479582743 ], [ 136.892187447, 35.479374743 ], [ 136.891875446, 35.479374743 ], [ 136.891875447, 35.479166743 ], [ 136.891562445, 35.479166743 ], [ 136.891250444, 35.479166743 ], [ 136.891250445, 35.478957743 ], [ 136.890938444, 35.478957743 ], [ 136.890937444, 35.478957743 ], [ 136.890937444, 35.478749743 ], [ 136.890625443, 35.478749744 ], [ 136.890312442, 35.478749744 ], [ 136.890000441, 35.478749744 ], [ 136.88968844, 35.478749744 ], [ 136.88968744, 35.478749744 ], [ 136.889375439, 35.478749745 ], [ 136.889062438, 35.478749745 ], [ 136.888750437, 35.478749745 ], [ 136.888438435, 35.478749746 ], [ 136.888437435, 35.478749746 ], [ 136.888125434, 35.478749746 ], [ 136.887812433, 35.478749746 ], [ 136.887500432, 35.478749747 ], [ 136.887188432, 35.478749747 ], [ 136.887188432, 35.478541747 ], [ 136.886875431, 35.478541747 ], [ 136.886875431, 35.478749747 ], [ 136.88656243, 35.478749747 ], [ 136.886250429, 35.478749747 ], [ 136.885938428, 35.478749748 ], [ 136.885938428, 35.478957748 ], [ 136.885625427, 35.478957748 ], [ 136.885312426, 35.478957748 ], [ 136.885312426, 35.479166748 ], [ 136.885000425, 35.479166749 ], [ 136.884688424, 35.479166749 ], [ 136.884375424, 35.479166749 ], [ 136.884062423, 35.479166749 ], [ 136.884062423, 35.479374749 ], [ 136.883750422, 35.47937475 ], [ 136.883438421, 35.47937475 ], [ 136.883438421, 35.47958275 ], [ 136.88312542, 35.47958275 ], [ 136.882812419, 35.47958275 ], [ 136.882812419, 35.479791751 ], [ 136.882500418, 35.479791751 ], [ 136.882187417, 35.479791751 ], [ 136.882187417, 35.479999751 ], [ 136.881875416, 35.479999751 ], [ 136.881563416, 35.479999751 ], [ 136.881563415, 35.480207752 ], [ 136.881250415, 35.480207752 ], [ 136.880937414, 35.480207752 ], [ 136.880937414, 35.480416752 ], [ 136.880625413, 35.480416752 ], [ 136.880625413, 35.480624753 ], [ 136.880313412, 35.480624753 ], [ 136.880313412, 35.480832753 ], [ 136.880000411, 35.480832753 ], [ 136.87968741, 35.480832753 ], [ 136.87968741, 35.481041754 ], [ 136.879375409, 35.481041754 ], [ 136.879375409, 35.481249754 ], [ 136.879063408, 35.481249754 ], [ 136.879063408, 35.481457754 ], [ 136.878750407, 35.481457755 ], [ 136.878437407, 35.481457755 ], [ 136.878437406, 35.481666755 ], [ 136.878125406, 35.481666755 ], [ 136.878125406, 35.481874755 ], [ 136.877813405, 35.481874756 ], [ 136.877813405, 35.482082756 ], [ 136.877500404, 35.482082756 ], [ 136.877500404, 35.482291756 ], [ 136.877187403, 35.482291756 ], [ 136.877187403, 35.482499756 ], [ 136.876875402, 35.482499757 ], [ 136.876875402, 35.482707757 ], [ 136.876563401, 35.482707757 ], [ 136.876250401, 35.482707757 ], [ 136.8762504, 35.482916757 ], [ 136.8759384, 35.482916757 ], [ 136.8759374, 35.482916757 ], [ 136.875625399, 35.482916758 ], [ 136.875625399, 35.483124758 ], [ 136.875313398, 35.483124758 ], [ 136.875000397, 35.483124758 ], [ 136.875000397, 35.483332758 ], [ 136.874688397, 35.483332758 ], [ 136.874688396, 35.483541758 ], [ 136.874375396, 35.483541758 ], [ 136.874375396, 35.483749758 ], [ 136.874063395, 35.483749758 ], [ 136.873750394, 35.483749758 ], [ 136.873438394, 35.483749758 ], [ 136.873438394, 35.483957758 ], [ 136.873438394, 35.484166759 ], [ 136.873125393, 35.484166758 ], [ 136.872813392, 35.484166758 ], [ 136.872500392, 35.484166758 ], [ 136.872500392, 35.484374758 ], [ 136.872813392, 35.484374758 ], [ 136.872813392, 35.484582759 ], [ 136.872500391, 35.484582759 ], [ 136.872500391, 35.484791759 ], [ 136.872188391, 35.484791759 ], [ 136.87187539, 35.484791758 ], [ 136.87156339, 35.484791758 ], [ 136.871563389, 35.484999759 ], [ 136.871563389, 35.485207759 ], [ 136.871563389, 35.485416759 ], [ 136.871250389, 35.485416759 ], [ 136.871250388, 35.485624759 ], [ 136.871250388, 35.485832759 ], [ 136.870938388, 35.485832759 ], [ 136.870625387, 35.485832759 ], [ 136.870625387, 35.485624759 ], [ 136.870625387, 35.485416759 ], [ 136.870625387, 35.485207758 ], [ 136.870625388, 35.484999758 ], [ 136.870625388, 35.484791758 ], [ 136.870625388, 35.484582758 ], [ 136.870625388, 35.484374758 ], [ 136.870313387, 35.484374758 ], [ 136.870313387, 35.484582758 ], [ 136.870313387, 35.484791758 ], [ 136.870313387, 35.484999758 ], [ 136.870313387, 35.485207758 ], [ 136.870313387, 35.485416758 ], [ 136.870313387, 35.485624759 ], [ 136.870313386, 35.485832759 ], [ 136.870000386, 35.485832759 ], [ 136.869688385, 35.485832758 ], [ 136.869687385, 35.485832758 ], [ 136.869375385, 35.485832758 ], [ 136.869375385, 35.485624758 ], [ 136.869063384, 35.485624758 ], [ 136.869063384, 35.485416758 ], [ 136.868750384, 35.485416758 ], [ 136.868438383, 35.485416758 ], [ 136.868437383, 35.485416758 ], [ 136.868437383, 35.485207758 ], [ 136.868125383, 35.485207758 ], [ 136.868125383, 35.484999758 ], [ 136.868125383, 35.484791758 ], [ 136.868125383, 35.484582757 ], [ 136.867813382, 35.484582757 ], [ 136.867500382, 35.484582757 ], [ 136.867188381, 35.484582757 ], [ 136.867188381, 35.484374757 ], [ 136.866875381, 35.484374757 ], [ 136.866875381, 35.484166757 ], [ 136.866875381, 35.483957757 ], [ 136.86656338, 35.483957757 ], [ 136.86656338, 35.484166757 ], [ 136.866250379, 35.484166757 ], [ 136.866250379, 35.483957757 ], [ 136.865938379, 35.483957757 ], [ 136.865938379, 35.483749756 ], [ 136.865625378, 35.483749756 ], [ 136.865625378, 35.483957757 ], [ 136.865313378, 35.483957756 ], [ 136.865313378, 35.483749756 ], [ 136.865000377, 35.483749756 ], [ 136.865000377, 35.483541756 ], [ 136.865313378, 35.483541756 ], [ 136.865313378, 35.483332756 ], [ 136.865000377, 35.483332756 ], [ 136.865000377, 35.483124756 ], [ 136.865000377, 35.482916756 ], [ 136.864688377, 35.482916756 ], [ 136.864688377, 35.482707756 ], [ 136.864688377, 35.482499756 ], [ 136.864688377, 35.482291756 ], [ 136.864688377, 35.482082756 ], [ 136.864688377, 35.481874756 ], [ 136.864688377, 35.481666756 ], [ 136.865000377, 35.481666756 ], [ 136.865313378, 35.481666756 ], [ 136.865313378, 35.481457756 ], [ 136.865313378, 35.481249756 ], [ 136.865625379, 35.481249756 ], [ 136.865625379, 35.481041756 ], [ 136.865625379, 35.480832756 ], [ 136.865625379, 35.480624756 ], [ 136.865625379, 35.480416756 ], [ 136.865313378, 35.480416756 ], [ 136.865313378, 35.480207755 ], [ 136.865313378, 35.479999755 ], [ 136.865313378, 35.479791755 ], [ 136.865000377, 35.479791755 ], [ 136.865000377, 35.479582755 ], [ 136.865000377, 35.479374755 ], [ 136.864688377, 35.479374755 ], [ 136.864688377, 35.479166755 ], [ 136.864688377, 35.478957755 ], [ 136.864375376, 35.478957755 ], [ 136.864375376, 35.478749755 ], [ 136.864375376, 35.478541755 ], [ 136.864063376, 35.478541755 ], [ 136.864063376, 35.478332755 ], [ 136.863750375, 35.478332755 ], [ 136.863750375, 35.478124755 ], [ 136.863438374, 35.478124755 ], [ 136.863438374, 35.477916755 ], [ 136.863125374, 35.477916755 ], [ 136.863125374, 35.477707755 ], [ 136.862813373, 35.477707755 ], [ 136.862813373, 35.477499755 ], [ 136.862500372, 35.477499756 ], [ 136.862500372, 35.477707756 ], [ 136.862188372, 35.477707755 ], [ 136.861875371, 35.477707755 ], [ 136.861562371, 35.477707755 ], [ 136.861562371, 35.477916755 ], [ 136.861562371, 35.478124755 ], [ 136.86125037, 35.478124755 ], [ 136.86093837, 35.478124755 ], [ 136.86093837, 35.477916755 ], [ 136.86093837, 35.477707755 ], [ 136.860625369, 35.477707755 ], [ 136.860625369, 35.477499755 ], [ 136.86093837, 35.477499755 ], [ 136.86125037, 35.477499755 ], [ 136.86125037, 35.477707755 ], [ 136.861562371, 35.477707755 ], [ 136.861562371, 35.477499755 ], [ 136.861562371, 35.477291755 ], [ 136.861875371, 35.477291755 ], [ 136.861875371, 35.477082755 ], [ 136.861562371, 35.477082755 ], [ 136.861562371, 35.476874755 ], [ 136.86125037, 35.476874755 ], [ 136.86125037, 35.477082755 ], [ 136.86093837, 35.477082755 ], [ 136.86093837, 35.476874755 ], [ 136.860625369, 35.476874755 ], [ 136.860625369, 35.476666755 ], [ 136.860625369, 35.476457755 ], [ 136.860625369, 35.476249755 ], [ 136.860312368, 35.476249755 ], [ 136.860312368, 35.476457755 ], [ 136.860000368, 35.476457755 ], [ 136.860000368, 35.476666755 ], [ 136.860000368, 35.476874755 ], [ 136.859688367, 35.476874755 ], [ 136.859375367, 35.476874755 ], [ 136.859375367, 35.477082755 ], [ 136.859062366, 35.477082755 ], [ 136.858750366, 35.477082755 ], [ 136.858750366, 35.477291755 ], [ 136.859062366, 35.477291755 ], [ 136.859062366, 35.477499755 ], [ 136.859062366, 35.477707755 ], [ 136.858750366, 35.477707755 ], [ 136.858750366, 35.477916755 ], [ 136.858750366, 35.478124755 ], [ 136.858438365, 35.478124755 ], [ 136.858438365, 35.477916755 ], [ 136.858438365, 35.477707755 ], [ 136.858438365, 35.477499755 ], [ 136.858438365, 35.477291755 ], [ 136.858438365, 35.477082755 ], [ 136.858438365, 35.476874755 ], [ 136.858438365, 35.476666755 ], [ 136.858438365, 35.476457755 ], [ 136.858438365, 35.476249755 ], [ 136.858438365, 35.476041755 ], [ 136.858125365, 35.476041755 ], [ 136.858125365, 35.475832755 ], [ 136.858125365, 35.475624755 ], [ 136.857812364, 35.475624755 ], [ 136.857812364, 35.475416755 ], [ 136.857812364, 35.475207755 ], [ 136.857812364, 35.474999755 ], [ 136.857812364, 35.474791754 ], [ 136.857500363, 35.474791754 ], [ 136.857500363, 35.474582754 ], [ 136.857500363, 35.474374754 ], [ 136.857812364, 35.474374754 ], [ 136.857812364, 35.474166754 ], [ 136.857812364, 35.473957754 ], [ 136.857812363, 35.473749754 ], [ 136.857812363, 35.473541754 ], [ 136.857812363, 35.473332754 ], [ 136.857500363, 35.473332754 ], [ 136.857188362, 35.473332754 ], [ 136.857187362, 35.473332754 ], [ 136.857187362, 35.473124754 ], [ 136.857188362, 35.473124754 ], [ 136.857500363, 35.473124754 ], [ 136.857500363, 35.472916754 ], [ 136.857500363, 35.472707754 ], [ 136.857500363, 35.472499754 ], [ 136.857500362, 35.472291754 ], [ 136.857188362, 35.472291754 ], [ 136.857188362, 35.472082754 ], [ 136.857188362, 35.471874754 ], [ 136.856875361, 35.471874754 ], [ 136.856875361, 35.471666754 ], [ 136.856562361, 35.471666754 ], [ 136.85656236, 35.471457754 ], [ 136.85625036, 35.471457754 ], [ 136.855938359, 35.471457754 ], [ 136.855938359, 35.471249754 ], [ 136.855625359, 35.471249754 ], [ 136.855625359, 35.471041754 ], [ 136.855312358, 35.471041754 ], [ 136.855000358, 35.471041754 ], [ 136.855000357, 35.470832754 ], [ 136.854688357, 35.470832754 ], [ 136.854687357, 35.470832754 ], [ 136.854375356, 35.470832754 ], [ 136.854375356, 35.470624754 ], [ 136.854062356, 35.470624754 ], [ 136.854062356, 35.470416754 ], [ 136.853750355, 35.470416754 ], [ 136.853750355, 35.470207754 ], [ 136.853438355, 35.470207754 ], [ 136.853437355, 35.470207754 ], [ 136.853125354, 35.470207754 ], [ 136.853125354, 35.469999754 ], [ 136.852812353, 35.469999754 ], [ 136.852500353, 35.469999754 ], [ 136.852500353, 35.469791754 ], [ 136.852188352, 35.469791754 ], [ 136.852188352, 35.469582754 ], [ 136.851875352, 35.469582754 ], [ 136.851562351, 35.469582754 ], [ 136.851562351, 35.469374755 ], [ 136.85125035, 35.469374755 ], [ 136.85093835, 35.469374755 ], [ 136.85093835, 35.469166755 ], [ 136.850625349, 35.469166755 ], [ 136.850625349, 35.468957755 ], [ 136.850313349, 35.468957755 ], [ 136.850000348, 35.468957755 ], [ 136.849688348, 35.468957755 ], [ 136.849688347, 35.468749755 ], [ 136.849375347, 35.468749755 ], [ 136.849063347, 35.468749755 ], [ 136.849063346, 35.468541755 ], [ 136.848750346, 35.468541755 ], [ 136.848750346, 35.468749755 ], [ 136.848438346, 35.468749755 ], [ 136.848125345, 35.468749755 ], [ 136.848125345, 35.468541755 ], [ 136.847813345, 35.468541755 ], [ 136.847500344, 35.468541755 ], [ 136.847500344, 35.468749755 ], [ 136.847188344, 35.468749755 ], [ 136.847188344, 35.468541755 ], [ 136.846875343, 35.468541755 ], [ 136.846875343, 35.468332755 ], [ 136.846875343, 35.468124755 ], [ 136.846875343, 35.467916755 ], [ 136.846563342, 35.467916755 ], [ 136.846563342, 35.468124755 ], [ 136.846563343, 35.468332755 ], [ 136.846563343, 35.468541755 ], [ 136.846563343, 35.468749755 ], [ 136.846563343, 35.468957755 ], [ 136.846563343, 35.469166754 ], [ 136.846563343, 35.469374754 ], [ 136.846250343, 35.469374754 ], [ 136.846250343, 35.469582754 ], [ 136.846250343, 35.469791754 ], [ 136.846250343, 35.469999754 ], [ 136.846250343, 35.470207754 ], [ 136.846250343, 35.470416754 ], [ 136.846250343, 35.470624754 ], [ 136.846250343, 35.470832754 ], [ 136.846563344, 35.470832754 ], [ 136.846563344, 35.471041754 ], [ 136.846563344, 35.471249754 ], [ 136.846563344, 35.471457754 ], [ 136.846875344, 35.471457754 ], [ 136.846875344, 35.471666753 ], [ 136.846875345, 35.471874753 ], [ 136.846875345, 35.472082753 ], [ 136.847188345, 35.472082753 ], [ 136.847188345, 35.472291753 ], [ 136.847188345, 35.472499753 ], [ 136.847188345, 35.472707753 ], [ 136.847500346, 35.472707753 ], [ 136.847500346, 35.472916753 ], [ 136.847500346, 35.473124753 ], [ 136.847500346, 35.473332753 ], [ 136.847813346, 35.473332753 ], [ 136.847813347, 35.473541753 ], [ 136.847813347, 35.473749753 ], [ 136.848125347, 35.473749753 ], [ 136.848125347, 35.473957753 ], [ 136.848125347, 35.474166753 ], [ 136.848438348, 35.474166753 ], [ 136.848438348, 35.474374753 ], [ 136.848750348, 35.474374753 ], [ 136.848750348, 35.474582753 ], [ 136.848750348, 35.474791753 ], [ 136.849063349, 35.474791753 ], [ 136.849063349, 35.474999753 ], [ 136.849375349, 35.474999753 ], [ 136.849375349, 35.475207753 ], [ 136.849375349, 35.475416753 ], [ 136.84968835, 35.475416753 ], [ 136.84968835, 35.475624753 ], [ 136.84968835, 35.475832753 ], [ 136.85000035, 35.475832753 ], [ 136.85000035, 35.476041753 ], [ 136.850313351, 35.476041753 ], [ 136.850313351, 35.476249753 ], [ 136.850313351, 35.476457753 ], [ 136.850625352, 35.476457753 ], [ 136.850625352, 35.476666753 ], [ 136.850625352, 35.476874753 ], [ 136.850937352, 35.476874753 ], [ 136.850937352, 35.477082753 ], [ 136.850937352, 35.477291753 ], [ 136.850937352, 35.477499753 ], [ 136.851250353, 35.477499753 ], [ 136.851250353, 35.477707753 ], [ 136.851562354, 35.477707753 ], [ 136.851562354, 35.477916753 ], [ 136.851562354, 35.478124753 ], [ 136.851562354, 35.478332753 ], [ 136.851875354, 35.478332753 ], [ 136.851875354, 35.478541753 ], [ 136.852187355, 35.478541753 ], [ 136.852187355, 35.478749753 ], [ 136.852187355, 35.478957753 ], [ 136.852187355, 35.479166753 ], [ 136.852500356, 35.479166753 ], [ 136.852500356, 35.479374753 ], [ 136.852500356, 35.479582753 ], [ 136.852500356, 35.479791753 ], [ 136.852812356, 35.479791753 ], [ 136.852812356, 35.479999753 ], [ 136.853125357, 35.479999753 ], [ 136.853125357, 35.480207753 ], [ 136.853125357, 35.480416753 ], [ 136.853437357, 35.480416754 ], [ 136.853437357, 35.480624754 ], [ 136.853437358, 35.480832754 ], [ 136.853437358, 35.481041754 ], [ 136.853750358, 35.481041754 ], [ 136.853750358, 35.481249754 ], [ 136.853750358, 35.481457754 ], [ 136.854062359, 35.481457754 ], [ 136.854062359, 35.481666754 ], [ 136.854062359, 35.481874754 ], [ 136.854062359, 35.482082754 ], [ 136.854375359, 35.482082754 ], [ 136.854375359, 35.482291754 ], [ 136.854375359, 35.482499754 ], [ 136.85468736, 35.482499754 ], [ 136.85468736, 35.482707754 ], [ 136.85468736, 35.482916754 ], [ 136.85500036, 35.482916754 ], [ 136.855000361, 35.483124754 ], [ 136.855000361, 35.483332754 ], [ 136.855312361, 35.483332754 ], [ 136.855312361, 35.483541754 ], [ 136.855312361, 35.483749754 ], [ 136.855625362, 35.483749754 ], [ 136.855625362, 35.483957754 ], [ 136.855937362, 35.483957754 ], [ 136.855937362, 35.484166754 ], [ 136.856250363, 35.484166754 ], [ 136.856250363, 35.484374754 ], [ 136.856250363, 35.484582754 ], [ 136.856250363, 35.484791754 ], [ 136.856562363, 35.484791754 ], [ 136.856562363, 35.484999754 ], [ 136.856562363, 35.485207754 ], [ 136.856562363, 35.485416754 ], [ 136.856562363, 35.485624754 ], [ 136.856562363, 35.485832754 ], [ 136.856875363, 35.485832754 ], [ 136.856875363, 35.486041754 ], [ 136.857187364, 35.486041755 ], [ 136.857187364, 35.486249755 ], [ 136.857187364, 35.486457755 ], [ 136.857500364, 35.486457755 ], [ 136.857812365, 35.486457755 ], [ 136.857812365, 35.486666755 ], [ 136.858125365, 35.486666755 ], [ 136.858125365, 35.486874755 ], [ 136.858438365, 35.486874755 ], [ 136.858750366, 35.486874755 ], [ 136.858750366, 35.487082755 ], [ 136.859062366, 35.487082755 ], [ 136.859062366, 35.487291755 ], [ 136.859375367, 35.487291756 ], [ 136.859375367, 35.487499756 ], [ 136.859688367, 35.487499756 ], [ 136.860000367, 35.487499756 ], [ 136.860000367, 35.487707756 ], [ 136.860000367, 35.487916756 ], [ 136.860000367, 35.488124756 ], [ 136.860312368, 35.488124756 ], [ 136.860312368, 35.488332756 ], [ 136.860312368, 35.488541756 ], [ 136.860625368, 35.488541756 ], [ 136.860625368, 35.488749756 ], [ 136.860938368, 35.488749757 ], [ 136.860938368, 35.488957757 ], [ 136.861250369, 35.488957757 ], [ 136.861250369, 35.489166757 ], [ 136.861562369, 35.489166757 ], [ 136.861875369, 35.489166757 ], [ 136.86187537, 35.488957757 ], [ 136.861562369, 35.488957757 ], [ 136.861562369, 35.488749757 ], [ 136.861562369, 35.488541757 ], [ 136.861250369, 35.488541757 ], [ 136.861250369, 35.488332757 ], [ 136.861250369, 35.488124757 ], [ 136.861562369, 35.488124757 ], [ 136.861562369, 35.487916757 ], [ 136.861250369, 35.487916757 ], [ 136.861250369, 35.487707756 ], [ 136.86156237, 35.487707757 ], [ 136.86156237, 35.487499757 ], [ 136.86156237, 35.487291756 ], [ 136.86187537, 35.487291757 ], [ 136.86187537, 35.487499757 ], [ 136.86218837, 35.487499757 ], [ 136.86218837, 35.487291757 ], [ 136.862500371, 35.487291757 ], [ 136.862813371, 35.487291757 ], [ 136.862813372, 35.487082757 ], [ 136.863125372, 35.487082757 ], [ 136.863125372, 35.486874757 ], [ 136.862813372, 35.486874757 ], [ 136.862813372, 35.486666757 ], [ 136.862813372, 35.486457757 ], [ 136.862500371, 35.486457757 ], [ 136.862500371, 35.486249757 ], [ 136.862500371, 35.486041756 ], [ 136.862188371, 35.486041756 ], [ 136.862188371, 35.485832756 ], [ 136.861875371, 35.485832756 ], [ 136.861875371, 35.485624756 ], [ 136.861875371, 35.485416756 ], [ 136.862188371, 35.485416756 ] ], [ [ 136.860312369, 35.484166755 ], [ 136.860312369, 35.483957755 ], [ 136.860625369, 35.483957755 ], [ 136.860625369, 35.483749755 ], [ 136.860625369, 35.483541755 ], [ 136.86093837, 35.483541755 ], [ 136.86125037, 35.483541755 ], [ 136.86125037, 35.483749755 ], [ 136.86125037, 35.483957755 ], [ 136.86125037, 35.484166756 ], [ 136.86093837, 35.484166755 ], [ 136.860625369, 35.484166755 ], [ 136.860312369, 35.484166755 ] ], [ [ 136.855625361, 35.481666754 ], [ 136.855625361, 35.481457754 ], [ 136.855625361, 35.481249754 ], [ 136.855937362, 35.481249754 ], [ 136.855937362, 35.481457754 ], [ 136.855937362, 35.481666754 ], [ 136.855625361, 35.481666754 ], [ 136.855625361, 35.481874754 ], [ 136.855937362, 35.481874754 ], [ 136.855937362, 35.482082754 ], [ 136.856250362, 35.482082754 ], [ 136.856250362, 35.482291754 ], [ 136.856250362, 35.482499754 ], [ 136.856250362, 35.482707754 ], [ 136.856562363, 35.482707754 ], [ 136.856562363, 35.482916754 ], [ 136.856875363, 35.482916754 ], [ 136.857187364, 35.482916754 ], [ 136.857187364, 35.483124754 ], [ 136.857187364, 35.483332754 ], [ 136.857187364, 35.483541754 ], [ 136.856875363, 35.483541754 ], [ 136.856875363, 35.483749754 ], [ 136.856875363, 35.483957754 ], [ 136.856562363, 35.483957754 ], [ 136.856562363, 35.483749754 ], [ 136.856250363, 35.483749754 ], [ 136.855938362, 35.483749754 ], [ 136.855938362, 35.483541754 ], [ 136.855938362, 35.483332754 ], [ 136.855625362, 35.483332754 ], [ 136.855625361, 35.483124754 ], [ 136.855625361, 35.482916754 ], [ 136.855625361, 35.482707754 ], [ 136.855312361, 35.482707754 ], [ 136.855312361, 35.482499754 ], [ 136.855625361, 35.482499754 ], [ 136.855625361, 35.482291754 ], [ 136.855625361, 35.482082754 ], [ 136.855312361, 35.482082754 ], [ 136.855312361, 35.481874754 ], [ 136.855312361, 35.481666754 ], [ 136.855625361, 35.481666754 ] ], [ [ 136.859062367, 35.482916755 ], [ 136.859062367, 35.482707755 ], [ 136.859062367, 35.482499755 ], [ 136.859375367, 35.482499755 ], [ 136.859375367, 35.482291755 ], [ 136.859688368, 35.482291755 ], [ 136.859688368, 35.482499755 ], [ 136.860000368, 35.482499755 ], [ 136.860000368, 35.482707755 ], [ 136.860000368, 35.482916755 ], [ 136.859688368, 35.482916755 ], [ 136.859375367, 35.482916755 ], [ 136.859375367, 35.483124755 ], [ 136.859062367, 35.483124755 ], [ 136.859062367, 35.482916755 ] ], [ [ 136.862813373, 35.482707756 ], [ 136.862813373, 35.482499756 ], [ 136.863125373, 35.482499756 ], [ 136.863125373, 35.482707756 ], [ 136.862813373, 35.482707756 ] ], [ [ 136.861875371, 35.482291755 ], [ 136.861875371, 35.482082755 ], [ 136.862188372, 35.482082755 ], [ 136.862500372, 35.482082756 ], [ 136.862500372, 35.482291756 ], [ 136.862188372, 35.482291755 ], [ 136.861875371, 35.482291755 ] ], [ [ 136.858125365, 35.482707755 ], [ 136.858125365, 35.482916755 ], [ 136.857812365, 35.482916755 ], [ 136.857812365, 35.482707755 ], [ 136.858125365, 35.482707755 ] ], [ [ 136.858438366, 35.482916755 ], [ 136.858438366, 35.482707755 ], [ 136.858750366, 35.482707755 ], [ 136.858750366, 35.482916755 ], [ 136.858438366, 35.482916755 ] ], [ [ 136.862813373, 35.481874756 ], [ 136.862813373, 35.481666756 ], [ 136.863125374, 35.481666756 ], [ 136.863125373, 35.481874756 ], [ 136.862813373, 35.481874756 ] ], [ [ 136.861562371, 35.479166755 ], [ 136.861562371, 35.478957755 ], [ 136.861875371, 35.478957755 ], [ 136.861875371, 35.478749755 ], [ 136.861875371, 35.478541755 ], [ 136.862188372, 35.478541755 ], [ 136.862188372, 35.478749755 ], [ 136.862188372, 35.478957755 ], [ 136.862188372, 35.479166755 ], [ 136.862188372, 35.479374755 ], [ 136.861875371, 35.479374755 ], [ 136.861875371, 35.479166755 ], [ 136.861562371, 35.479166755 ] ], [ [ 136.862500372, 35.478332756 ], [ 136.862500372, 35.478124756 ], [ 136.862813373, 35.478124755 ], [ 136.862813373, 35.478332755 ], [ 136.862500372, 35.478332756 ] ], [ [ 136.854062358, 35.478124754 ], [ 136.854062358, 35.478332754 ], [ 136.853750357, 35.478332754 ], [ 136.853438357, 35.478332754 ], [ 136.853437357, 35.478332754 ], [ 136.853437357, 35.478124754 ], [ 136.853437357, 35.477916754 ], [ 136.853125356, 35.477916753 ], [ 136.852812356, 35.477916753 ], [ 136.852812356, 35.477707753 ], [ 136.852500355, 35.477707753 ], [ 136.852500355, 35.477499753 ], [ 136.852500355, 35.477291753 ], [ 136.852812356, 35.477291753 ], [ 136.853125356, 35.477291753 ], [ 136.853437357, 35.477291754 ], [ 136.853438357, 35.477291754 ], [ 136.853750357, 35.477291754 ], [ 136.854062358, 35.477291754 ], [ 136.854062358, 35.477499754 ], [ 136.854062358, 35.477707754 ], [ 136.854062358, 35.477916754 ], [ 136.854062358, 35.478124754 ] ], [ [ 136.851250352, 35.475207753 ], [ 136.851250352, 35.474999753 ], [ 136.851562353, 35.474999753 ], [ 136.851562353, 35.474791753 ], [ 136.851250352, 35.474791753 ], [ 136.851250352, 35.474582753 ], [ 136.851562353, 35.474582753 ], [ 136.851562353, 35.474374753 ], [ 136.851875353, 35.474374753 ], [ 136.851875353, 35.474582753 ], [ 136.852187354, 35.474582753 ], [ 136.852188354, 35.474582753 ], [ 136.852188354, 35.474791753 ], [ 136.852500354, 35.474791753 ], [ 136.852500354, 35.474999753 ], [ 136.852500354, 35.475207753 ], [ 136.852812355, 35.475207753 ], [ 136.853125356, 35.475207753 ], [ 136.853125356, 35.475416753 ], [ 136.852812355, 35.475416753 ], [ 136.852812355, 35.475624753 ], [ 136.852500355, 35.475624753 ], [ 136.852188354, 35.475624753 ], [ 136.852188354, 35.475832753 ], [ 136.852187354, 35.475832753 ], [ 136.851875354, 35.475832753 ], [ 136.851562353, 35.475832753 ], [ 136.851562353, 35.475624753 ], [ 136.851562353, 35.475416753 ], [ 136.851250352, 35.475416753 ], [ 136.851250352, 35.475207753 ] ], [ [ 136.854062357, 35.474374754 ], [ 136.854062357, 35.474166754 ], [ 136.854062357, 35.473957754 ], [ 136.854062357, 35.473749754 ], [ 136.854062357, 35.473541754 ], [ 136.854375357, 35.473541754 ], [ 136.854687358, 35.473541754 ], [ 136.854688358, 35.473541754 ], [ 136.855000358, 35.473541754 ], [ 136.855000358, 35.473749754 ], [ 136.855000359, 35.473957754 ], [ 136.855312359, 35.473957754 ], [ 136.855312359, 35.474166754 ], [ 136.855312359, 35.474374754 ], [ 136.855000359, 35.474374754 ], [ 136.855000359, 35.474582754 ], [ 136.854688358, 35.474582754 ], [ 136.854688358, 35.474791754 ], [ 136.854688358, 35.474999754 ], [ 136.854687358, 35.474999754 ], [ 136.854375358, 35.474999754 ], [ 136.854375358, 35.474791754 ], [ 136.854062357, 35.474791754 ], [ 136.854062357, 35.474582754 ], [ 136.854062357, 35.474374754 ] ], [ [ 136.856875361, 35.472707754 ], [ 136.856875361, 35.472499754 ], [ 136.857187362, 35.472499754 ], [ 136.857188362, 35.472499754 ], [ 136.857188362, 35.472707754 ], [ 136.857188362, 35.472916754 ], [ 136.857187362, 35.472916754 ], [ 136.856875362, 35.472916754 ], [ 136.856875361, 35.472707754 ] ], [ [ 136.856562361, 35.472291754 ], [ 136.856562361, 35.472082754 ], [ 136.856875361, 35.472082754 ], [ 136.856875361, 35.472291754 ], [ 136.856562361, 35.472291754 ] ], [ [ 136.874063394, 35.484791759 ], [ 136.874063395, 35.484582759 ], [ 136.874375395, 35.484582759 ], [ 136.874375395, 35.484791759 ], [ 136.874063394, 35.484791759 ] ], [ [ 136.897812463, 35.482082742 ], [ 136.897812463, 35.482291742 ], [ 136.897500462, 35.482291742 ], [ 136.897500462, 35.482082742 ], [ 136.897812463, 35.482082742 ] ], [ [ 136.897188461, 35.482291743 ], [ 136.897188461, 35.482499743 ], [ 136.89687546, 35.482499743 ], [ 136.89687546, 35.482291743 ], [ 136.897188461, 35.482291743 ] ], [ [ 136.899062466, 35.483749743 ], [ 136.898750465, 35.483749744 ], [ 136.898750465, 35.483541743 ], [ 136.899062466, 35.483541743 ], [ 136.899062466, 35.483749743 ] ], [ [ 136.898125463, 35.483541744 ], [ 136.898125463, 35.483749744 ], [ 136.897812462, 35.483749744 ], [ 136.897812462, 35.483541744 ], [ 136.898125463, 35.483541744 ] ], [ [ 136.891875443, 35.482291747 ], [ 136.891875443, 35.482499748 ], [ 136.891562442, 35.482499748 ], [ 136.891250441, 35.482499748 ], [ 136.891250441, 35.482291748 ], [ 136.891562442, 35.482291748 ], [ 136.891875443, 35.482291747 ] ], [ [ 136.875313396, 35.48583276 ], [ 136.875313396, 35.48604176 ], [ 136.875000395, 35.48604176 ], [ 136.875000396, 35.48583276 ], [ 136.875313396, 35.48583276 ] ], [ [ 136.867500381, 35.486457758 ], [ 136.867500381, 35.486666758 ], [ 136.86718838, 35.486666758 ], [ 136.86718838, 35.486457758 ], [ 136.867500381, 35.486457758 ] ], [ [ 136.871250388, 35.486666759 ], [ 136.871250388, 35.486457759 ], [ 136.871563389, 35.486457759 ], [ 136.871563388, 35.486666759 ], [ 136.871250388, 35.486666759 ] ] ] } },
{ "type": "Feature", "properties": { "A31a_301": "8505090066", "A31a_302": "津保川", "A31a_303": "21", "A31a_304": "岐阜県", "A31a_305": 1 }, "geometry": { "type": "Polygon", "coordinates": [ [ [ 136.972813759, 35.488749651 ], [ 136.972500758, 35.488749651 ], [ 136.972500758, 35.488957652 ], [ 136.972813759, 35.488957651 ], [ 136.972813759, 35.488749651 ] ] ] } },
{ "type": "Feature", "properties": { "A31a_301": "8505090066", "A31a_302": "津保川", "A31a_303": "21", "A31a_304": "岐阜県", "A31a_305": 1 }, "geometry": { "type": "Polygon", "coordinates": [ [ [ 136.966250738, 35.487916654 ], [ 136.965938737, 35.487916654 ], [ 136.965938737, 35.488124654 ], [ 136.965938737, 35.488332655 ], [ 136.966250738, 35.488332654 ], [ 136.966250738, 35.488124654 ], [ 136.966250738, 35.487916654 ] ] ] } },
{ "type": "Feature", "properties": { "A31a_301": "8505090066", "A31a_302": "津保川", "A31a_303": "21", "A31a_304": "岐阜県", "A31a_305": 1 }, "geometry": { "type": "Polygon", "coordinates": [ [ [ 136.964688733, 35.487707655 ], [ 136.964375732, 35.487707655 ], [ 136.964375732, 35.487916655 ], [ 136.964375732, 35.488124655 ], [ 136.964688733, 35.488124655 ], [ 136.964688733, 35.487916655 ], [ 136.964688733, 35.487707655 ] ] ] } },
{ "type": "Feature", "properties": { "A31a_301": "8505090066", "A31a_302": "津保川", "A31a_303": "21", "A31a_304": "岐阜県", "A31a_305": 1 }, "geometry": { "type": "Polygon", "coordinates": [ [ [ 136.966250738, 35.487707654 ], [ 136.966250738, 35.487499653 ], [ 136.965938737, 35.487499654 ], [ 136.965938737, 35.487707654 ], [ 136.966250738, 35.487707654 ] ] ] } },
{ "type": "Feature", "properties": { "A31a_301": "8505090066", "A31a_302": "津保川", "A31a_303": "21", "A31a_304": "岐阜県", "A31a_305": 1 }, "geometry": { "type": "Polygon", "coordinates": [ [ [ 136.862188371, 35.485416756 ], [ 136.862188371, 35.485624756 ], [ 136.862500371, 35.485624756 ], [ 136.862500372, 35.485416756 ], [ 136.862188371, 35.485416756 ] ] ] } },
{ "type": "Feature", "properties": { "A31a_301": "8505090066", "A31a_302": "津保川", "A31a_303": "21", "A31a_304": "岐阜県", "A31a_305": 1 }, "geometry": { "type": "Polygon", "coordinates": [ [ [ 136.864063375, 35.485207757 ], [ 136.863750374, 35.485207757 ], [ 136.863750374, 35.485416757 ], [ 136.864063375, 35.485416757 ], [ 136.864063375, 35.485207757 ] ] ] } },
{ "type": "Feature", "properties": { "A31a_301": "8505090066", "A31a_302": "津保川", "A31a_303": "21", "A31a_304": "岐阜県", "A31a_305": 1 }, "geometry": { "type": "Polygon", "coordinates": [ [ [ 136.88468842, 35.484791756 ], [ 136.884375419, 35.484791756 ], [ 136.884375419, 35.484999757 ], [ 136.884688419, 35.484999756 ], [ 136.88468842, 35.484791756 ] ] ] } },
{ "type": "Feature", "properties": { "A31a_301": "8505090066", "A31a_302": "津保川", "A31a_303": "21", "A31a_304": "岐阜県", "A31a_305": 1 }, "geometry": { "type": "Polygon", "coordinates": [ [ [ 136.88468842, 35.484791756 ], [ 136.88500042, 35.484791756 ], [ 136.88500042, 35.484999756 ], [ 136.885312421, 35.484999756 ], [ 136.885312421, 35.484791756 ], [ 136.885625422, 35.484791756 ], [ 136.885938423, 35.484791756 ], [ 136.885938423, 35.484582755 ], [ 136.886250424, 35.484582755 ], [ 136.886250424, 35.484374755 ], [ 136.886250424, 35.484166755 ], [ 136.885938423, 35.484166755 ], [ 136.885625422, 35.484166755 ], [ 136.885625422, 35.484374755 ], [ 136.885625422, 35.484582756 ], [ 136.885312421, 35.484582756 ], [ 136.885312421, 35.484374755 ], [ 136.885000421, 35.484374755 ], [ 136.885000421, 35.484582756 ], [ 136.88468842, 35.484582756 ], [ 136.88468842, 35.484791756 ] ] ] } },
{ "type": "Feature", "properties": { "A31a_301": "8505090066", "A31a_302": "津保川", "A31a_303": "21", "A31a_304": "岐阜県", "A31a_305": 1 }, "geometry": { "type": "Polygon", "coordinates": [ [ [ 136.962500725, 35.484791652 ], [ 136.962500726, 35.484999652 ], [ 136.962813726, 35.484999652 ], [ 136.962813726, 35.484791652 ], [ 136.962500725, 35.484791652 ] ] ] } },
{ "type": "Feature", "properties": { "A31a_301": "8505090066", "A31a_302": "津保川", "A31a_303": "21", "A31a_304": "岐阜県", "A31a_305": 1 }, "geometry": { "type": "Polygon", "coordinates": [ [ [ 136.962500725, 35.484791652 ], [ 136.962500725, 35.484582652 ], [ 136.962187724, 35.484582652 ], [ 136.962187724, 35.484374652 ], [ 136.961875723, 35.484374652 ], [ 136.961875723, 35.484166652 ], [ 136.961562722, 35.484166652 ], [ 136.961250721, 35.484166652 ], [ 136.961250721, 35.483957652 ], [ 136.961250721, 35.483749652 ], [ 136.96093872, 35.483749652 ], [ 136.96093872, 35.483541652 ], [ 136.960625718, 35.483541652 ], [ 136.960625718, 35.483332652 ], [ 136.960312717, 35.483332652 ], [ 136.960000716, 35.483332652 ], [ 136.960000716, 35.483124652 ], [ 136.959688715, 35.483124652 ], [ 136.959375714, 35.483124652 ], [ 136.959375714, 35.482916652 ], [ 136.959062713, 35.482916652 ], [ 136.959062713, 35.482707652 ], [ 136.958750712, 35.482707652 ], [ 136.958438711, 35.482707653 ], [ 136.958438711, 35.482499652 ], [ 136.958438711, 35.482291652 ], [ 136.958438711, 35.482082652 ], [ 136.958438711, 35.481874651 ], [ 136.958125709, 35.481874651 ], [ 136.958125709, 35.481666651 ], [ 136.958125709, 35.481457651 ], [ 136.957812708, 35.481457651 ], [ 136.957812708, 35.481249651 ], [ 136.957812708, 35.48104165 ], [ 136.957500707, 35.481041651 ], [ 136.957188706, 35.481041651 ], [ 136.957187706, 35.481041651 ], [ 136.957187706, 35.480832651 ], [ 136.956875705, 35.480832651 ], [ 136.956875705, 35.48062465 ], [ 136.956875705, 35.48041665 ], [ 136.957187706, 35.48041665 ], [ 136.957188706, 35.48041665 ], [ 136.957500707, 35.48041665 ], [ 136.957500707, 35.48062465 ], [ 136.957812708, 35.48062465 ], [ 136.957812708, 35.480416649 ], [ 136.957812708, 35.480207649 ], [ 136.957500707, 35.480207649 ], [ 136.957500707, 35.479999649 ], [ 136.957500707, 35.479791649 ], [ 136.957500707, 35.479582648 ], [ 136.957188706, 35.479582648 ], [ 136.957188706, 35.479374648 ], [ 136.957188706, 35.479166648 ], [ 136.956875705, 35.479166648 ], [ 136.956875706, 35.478957648 ], [ 136.956875706, 35.478749647 ], [ 136.956875706, 35.478541647 ], [ 136.956562705, 35.478541647 ], [ 136.956562705, 35.478332647 ], [ 136.956562705, 35.478124647 ], [ 136.956562705, 35.477916646 ], [ 136.956250704, 35.477916647 ], [ 136.956250704, 35.477707646 ], [ 136.956250704, 35.477499646 ], [ 136.955938703, 35.477499646 ], [ 136.955938703, 35.477291646 ], [ 136.955938703, 35.477082645 ], [ 136.955625702, 35.477082646 ], [ 136.955625702, 35.476874645 ], [ 136.955625702, 35.476666645 ], [ 136.955625702, 35.476457645 ], [ 136.955312701, 35.476457645 ], [ 136.955312701, 35.476249645 ], [ 136.955312701, 35.476041644 ], [ 136.9550007, 35.476041645 ], [ 136.9550007, 35.475832644 ], [ 136.9550007, 35.475624644 ], [ 136.954687699, 35.475624644 ], [ 136.954687699, 35.475832644 ], [ 136.954687699, 35.476041645 ], [ 136.954687699, 35.476249645 ], [ 136.954687699, 35.476457645 ], [ 136.954375698, 35.476457646 ], [ 136.954062697, 35.476457646 ], [ 136.954062697, 35.476249646 ], [ 136.953750696, 35.476249646 ], [ 136.953750697, 35.476041646 ], [ 136.953438696, 35.476041646 ], [ 136.953438696, 35.475832646 ], [ 136.953125695, 35.475832646 ], [ 136.953125695, 35.475624645 ], [ 136.953125695, 35.475416645 ], [ 136.953438696, 35.475416645 ], [ 136.953438696, 35.475207645 ], [ 136.953438696, 35.474999644 ], [ 136.953750697, 35.474999644 ], [ 136.953750697, 35.474791643 ], [ 136.954062698, 35.474791643 ], [ 136.954375699, 35.474791643 ], [ 136.954375699, 35.474582642 ], [ 136.954062698, 35.474582643 ], [ 136.954062698, 35.474374642 ], [ 136.954062698, 35.474166642 ], [ 136.953750697, 35.474166642 ], [ 136.953750697, 35.474374643 ], [ 136.953438696, 35.474374643 ], [ 136.953437696, 35.474374643 ], [ 136.953125695, 35.474374643 ], [ 136.953125695, 35.474166643 ], [ 136.953125695, 35.473957642 ], [ 136.952812695, 35.473957642 ], [ 136.952812695, 35.473749642 ], [ 136.952812695, 35.473541642 ], [ 136.952500694, 35.473541642 ], [ 136.952500694, 35.473332641 ], [ 136.952187693, 35.473332642 ], [ 136.952187693, 35.473541642 ], [ 136.951875692, 35.473541642 ], [ 136.951875692, 35.473749643 ], [ 136.951562691, 35.473749643 ], [ 136.95125069, 35.473749643 ], [ 136.95125069, 35.473541643 ], [ 136.95125069, 35.473332642 ], [ 136.95125069, 35.473124642 ], [ 136.950938689, 35.473124642 ], [ 136.950937689, 35.473124642 ], [ 136.950625689, 35.473124642 ], [ 136.950312688, 35.473124643 ], [ 136.950312688, 35.472916642 ], [ 136.950312688, 35.472707642 ], [ 136.950312688, 35.472499641 ], [ 136.950000687, 35.472499641 ], [ 136.950000687, 35.472291641 ], [ 136.950000687, 35.47208264 ], [ 136.950000687, 35.47187464 ], [ 136.949688686, 35.47187464 ], [ 136.949688686, 35.47166664 ], [ 136.949375685, 35.47166664 ], [ 136.949375685, 35.47145764 ], [ 136.949375685, 35.471249639 ], [ 136.949062684, 35.47124964 ], [ 136.949062684, 35.471041639 ], [ 136.949062684, 35.470832639 ], [ 136.948750683, 35.470832639 ], [ 136.948750683, 35.470624639 ], [ 136.948438682, 35.470624639 ], [ 136.948438682, 35.470416639 ], [ 136.948438682, 35.470207638 ], [ 136.948125681, 35.470207639 ], [ 136.948125681, 35.469999638 ], [ 136.948125681, 35.469791638 ], [ 136.94781268, 35.469791638 ], [ 136.94781268, 35.469582637 ], [ 136.94781268, 35.469374637 ], [ 136.947500679, 35.469374637 ], [ 136.947188678, 35.469374638 ], [ 136.947188678, 35.469166637 ], [ 136.947188678, 35.468957637 ], [ 136.946875677, 35.468957637 ], [ 136.946875677, 35.468749637 ], [ 136.946875677, 35.468541636 ], [ 136.946562676, 35.468541637 ], [ 136.946562676, 35.468332636 ], [ 136.946250675, 35.468332637 ], [ 136.946250675, 35.468124636 ], [ 136.945938674, 35.468124637 ], [ 136.945938674, 35.467916636 ], [ 136.945625673, 35.467916637 ], [ 136.945312671, 35.467916637 ], [ 136.945312672, 35.467707636 ], [ 136.94500067, 35.467707637 ], [ 136.944688669, 35.467707637 ], [ 136.944687669, 35.467707637 ], [ 136.944375668, 35.467707638 ], [ 136.944063667, 35.467707638 ], [ 136.943750666, 35.467707639 ], [ 136.943750666, 35.467916639 ], [ 136.944063667, 35.467916639 ], [ 136.944375668, 35.467916638 ], [ 136.944375668, 35.468124639 ], [ 136.944687669, 35.468124638 ], [ 136.944688669, 35.468124638 ], [ 136.944688669, 35.468332639 ], [ 136.94500067, 35.468332638 ], [ 136.94500067, 35.468124638 ], [ 136.945312671, 35.468124637 ], [ 136.945312671, 35.468332638 ], [ 136.945312671, 35.468541638 ], [ 136.945625672, 35.468541638 ], [ 136.945625672, 35.468749638 ], [ 136.945938673, 35.468749638 ], [ 136.946250674, 35.468749638 ], [ 136.946562676, 35.468749637 ], [ 136.946562675, 35.468957638 ], [ 136.946562675, 35.469166638 ], [ 136.946562675, 35.469374639 ], [ 136.946562675, 35.469582639 ], [ 136.946562675, 35.46979164 ], [ 136.946875676, 35.469791639 ], [ 136.947188677, 35.469791639 ], [ 136.947188677, 35.469999639 ], [ 136.946875676, 35.46999964 ], [ 136.946562675, 35.46999964 ], [ 136.946250674, 35.469999641 ], [ 136.945938673, 35.469999641 ], [ 136.945938673, 35.46979164 ], [ 136.945938673, 35.46958264 ], [ 136.945625672, 35.46958264 ], [ 136.945625672, 35.469791641 ], [ 136.945625671, 35.469999641 ], [ 136.94531267, 35.469999642 ], [ 136.945000669, 35.469999642 ], [ 136.944688668, 35.469999643 ], [ 136.944687668, 35.469999643 ], [ 136.944687668, 35.469791642 ], [ 136.944375667, 35.469791643 ], [ 136.944063666, 35.469791643 ], [ 136.943750665, 35.469791643 ], [ 136.943750664, 35.469999644 ], [ 136.943750664, 35.470207644 ], [ 136.943438663, 35.470207645 ], [ 136.943437663, 35.470207645 ], [ 136.943125662, 35.470207645 ], [ 136.942813661, 35.470207646 ], [ 136.94250066, 35.470207646 ], [ 136.942188658, 35.470207646 ], [ 136.942187658, 35.470207646 ], [ 136.941875657, 35.470207647 ], [ 136.941563656, 35.470207647 ], [ 136.941563656, 35.470416648 ], [ 136.941250655, 35.470416648 ], [ 136.940938654, 35.470416649 ], [ 136.940938653, 35.470624649 ], [ 136.940937653, 35.470624649 ], [ 136.940625652, 35.47062465 ], [ 136.940313651, 35.47062465 ], [ 136.94000065, 35.47062465 ], [ 136.939688649, 35.470624651 ], [ 136.939687649, 35.470624651 ], [ 136.939375648, 35.470624651 ], [ 136.939063646, 35.470624652 ], [ 136.939063647, 35.470416651 ], [ 136.938750645, 35.470416652 ], [ 136.938438644, 35.470416652 ], [ 136.938438644, 35.470624652 ], [ 136.938750645, 35.470624652 ], [ 136.938750645, 35.470832652 ], [ 136.938750645, 35.471041653 ], [ 136.939063646, 35.471041653 ], [ 136.939063646, 35.471249653 ], [ 136.939063646, 35.471457654 ], [ 136.938750644, 35.471457654 ], [ 136.938438643, 35.471457654 ], [ 136.938437643, 35.471457654 ], [ 136.938125642, 35.471457655 ], [ 136.937813641, 35.471457655 ], [ 136.937813641, 35.471666656 ], [ 136.93781364, 35.471874656 ], [ 136.93781364, 35.472082657 ], [ 136.937500639, 35.472082657 ], [ 136.937500639, 35.471874657 ], [ 136.937500639, 35.471666656 ], [ 136.93750064, 35.471457656 ], [ 136.937188638, 35.471457656 ], [ 136.937188639, 35.471249656 ], [ 136.937188639, 35.471041655 ], [ 136.93750064, 35.471041655 ], [ 136.937813641, 35.471041654 ], [ 136.937813641, 35.470832654 ], [ 136.937813642, 35.470624653 ], [ 136.937813642, 35.470416653 ], [ 136.937500641, 35.470416653 ], [ 136.937188639, 35.470416654 ], [ 136.937188639, 35.470624654 ], [ 136.936875638, 35.470624655 ], [ 136.936875638, 35.470416654 ], [ 136.936563637, 35.470416655 ], [ 136.936563637, 35.470207654 ], [ 136.936250636, 35.470207655 ], [ 136.935938634, 35.470207655 ], [ 136.935625633, 35.470207656 ], [ 136.935625633, 35.469999655 ], [ 136.935313632, 35.469999656 ], [ 136.935313632, 35.469791655 ], [ 136.935000631, 35.469791656 ], [ 136.934688629, 35.469791657 ], [ 136.93468863, 35.469582656 ], [ 136.934375628, 35.469582657 ], [ 136.934063627, 35.469582657 ], [ 136.933750626, 35.469582658 ], [ 136.933438624, 35.469582658 ], [ 136.933438625, 35.469374658 ], [ 136.933750626, 35.469374657 ], [ 136.934063627, 35.469374657 ], [ 136.934375629, 35.469374656 ], [ 136.934375629, 35.469166656 ], [ 136.93468863, 35.469166655 ], [ 136.93468863, 35.468957655 ], [ 136.935000632, 35.468957654 ], [ 136.935313633, 35.468957654 ], [ 136.935625634, 35.468957653 ], [ 136.935625634, 35.468749653 ], [ 136.935938636, 35.468749652 ], [ 136.936250637, 35.468749651 ], [ 136.936250637, 35.468541651 ], [ 136.936250638, 35.46833265 ], [ 136.936563639, 35.46833265 ], [ 136.93687564, 35.468332649 ], [ 136.93687564, 35.468124649 ], [ 136.936875641, 35.467916648 ], [ 136.936563639, 35.467916649 ], [ 136.936250638, 35.46791665 ], [ 136.936250638, 35.467707649 ], [ 136.935938637, 35.46770765 ], [ 136.935625635, 35.46770765 ], [ 136.935313634, 35.467707651 ], [ 136.935000633, 35.467707651 ], [ 136.935000633, 35.467916652 ], [ 136.934688631, 35.467916652 ], [ 136.93437563, 35.467916653 ], [ 136.934063629, 35.467916653 ], [ 136.934063628, 35.468124654 ], [ 136.933750627, 35.468124654 ], [ 136.933438626, 35.468124655 ], [ 136.933438626, 35.468332655 ], [ 136.933125624, 35.468332656 ], [ 136.933125624, 35.468541656 ], [ 136.932813623, 35.468541657 ], [ 136.932500621, 35.468541657 ], [ 136.932500621, 35.468749658 ], [ 136.93218862, 35.468749658 ], [ 136.93218762, 35.468749658 ], [ 136.931875619, 35.468749659 ], [ 136.931875618, 35.468957659 ], [ 136.931563617, 35.46895766 ], [ 136.931563617, 35.46916666 ], [ 136.931250616, 35.469166661 ], [ 136.931250615, 35.469374661 ], [ 136.930938614, 35.469374662 ], [ 136.930937614, 35.469374662 ], [ 136.930625613, 35.469374662 ], [ 136.930625613, 35.469582663 ], [ 136.930313611, 35.469582663 ], [ 136.930313611, 35.469791664 ], [ 136.93000061, 35.469791664 ], [ 136.930000609, 35.469999665 ], [ 136.929688608, 35.469999665 ], [ 136.929688608, 35.470207666 ], [ 136.930000609, 35.470207665 ], [ 136.930000609, 35.470416666 ], [ 136.929688608, 35.470416666 ], [ 136.929688608, 35.470624667 ], [ 136.929375606, 35.470624667 ], [ 136.929375606, 35.470416667 ], [ 136.929063605, 35.470416667 ], [ 136.928750604, 35.470416668 ], [ 136.928750604, 35.470624668 ], [ 136.928438602, 35.470624669 ], [ 136.928125601, 35.470624669 ], [ 136.928125601, 35.47083267 ], [ 136.927813599, 35.47083267 ], [ 136.927813599, 35.471041671 ], [ 136.927500598, 35.471041671 ], [ 136.927188597, 35.471041672 ], [ 136.927188596, 35.471249672 ], [ 136.926875595, 35.471249673 ], [ 136.926875595, 35.471457673 ], [ 136.926563593, 35.471457674 ], [ 136.926250592, 35.471457674 ], [ 136.926250592, 35.471666675 ], [ 136.925938591, 35.471666675 ], [ 136.92593859, 35.471874676 ], [ 136.92593859, 35.472082676 ], [ 136.925625589, 35.472082676 ], [ 136.925625589, 35.472291677 ], [ 136.925313587, 35.472291677 ], [ 136.925313588, 35.472082677 ], [ 136.925000586, 35.472082677 ], [ 136.924688585, 35.472082678 ], [ 136.924688585, 35.472291679 ], [ 136.924375583, 35.472291679 ], [ 136.924375583, 35.47249968 ], [ 136.924062582, 35.47249968 ], [ 136.92375058, 35.472499681 ], [ 136.92375058, 35.472707681 ], [ 136.923438579, 35.472707682 ], [ 136.923125578, 35.472707683 ], [ 136.923125577, 35.472916683 ], [ 136.922812576, 35.472916684 ], [ 136.922500575, 35.472916684 ], [ 136.922500575, 35.473124685 ], [ 136.922188573, 35.473124685 ], [ 136.922188573, 35.473332686 ], [ 136.922188573, 35.473541686 ], [ 136.921875571, 35.473541687 ], [ 136.92156257, 35.473541687 ], [ 136.92156257, 35.473749688 ], [ 136.921875571, 35.473749687 ], [ 136.922188573, 35.473749687 ], [ 136.922188572, 35.473957687 ], [ 136.921875571, 35.473957688 ], [ 136.921875571, 35.474166688 ], [ 136.92156257, 35.474166689 ], [ 136.921250568, 35.474166689 ], [ 136.921250568, 35.47437469 ], [ 136.920938567, 35.47437469 ], [ 136.920938567, 35.474582691 ], [ 136.920938566, 35.474791691 ], [ 136.920625565, 35.474791692 ], [ 136.920625565, 35.474999692 ], [ 136.920312564, 35.474999693 ], [ 136.920312563, 35.475207693 ], [ 136.920000562, 35.475207694 ], [ 136.920000562, 35.475416694 ], [ 136.91968756, 35.475416695 ], [ 136.91968756, 35.475624695 ], [ 136.91968756, 35.475832696 ], [ 136.919375559, 35.475832696 ], [ 136.919375558, 35.476041697 ], [ 136.919062557, 35.476041697 ], [ 136.919062557, 35.476249698 ], [ 136.919062557, 35.476457698 ], [ 136.918750555, 35.476457699 ], [ 136.918750555, 35.476666699 ], [ 136.919062556, 35.476666699 ], [ 136.919062556, 35.476874699 ], [ 136.919375557, 35.476874699 ], [ 136.919687559, 35.476874698 ], [ 136.919688559, 35.476874698 ], [ 136.919688559, 35.477082699 ], [ 136.92000056, 35.477082698 ], [ 136.920312561, 35.477082697 ], [ 136.920625563, 35.477082697 ], [ 136.920625563, 35.476874696 ], [ 136.920312561, 35.476874697 ], [ 136.920312562, 35.476666696 ], [ 136.920625563, 35.476666696 ], [ 136.920625563, 35.476457695 ], [ 136.920938565, 35.476457695 ], [ 136.920938564, 35.476666695 ], [ 136.920625563, 35.476666696 ], [ 136.920625563, 35.476874696 ], [ 136.920938564, 35.476874696 ], [ 136.920938564, 35.477082696 ], [ 136.920938564, 35.477291697 ], [ 136.920625562, 35.477291697 ], [ 136.920312561, 35.477291698 ], [ 136.92000056, 35.477291698 ], [ 136.919688558, 35.477291699 ], [ 136.919687558, 35.477291699 ], [ 136.919375557, 35.4772917 ], [ 136.919375557, 35.477082699 ], [ 136.919062556, 35.4770827 ], [ 136.919062556, 35.476874699 ], [ 136.918750555, 35.4768747 ], [ 136.918437553, 35.476874701 ], [ 136.918437553, 35.477082701 ], [ 136.918125552, 35.477082702 ], [ 136.918125552, 35.477291702 ], [ 136.91781255, 35.477291703 ], [ 136.91781255, 35.477499703 ], [ 136.917500549, 35.477499704 ], [ 136.917500548, 35.477707704 ], [ 136.917188547, 35.477707705 ], [ 136.917187547, 35.477707705 ], [ 136.916875546, 35.477707705 ], [ 136.916875545, 35.477916706 ], [ 136.916562544, 35.477916706 ], [ 136.916562544, 35.478124707 ], [ 136.916562544, 35.478332707 ], [ 136.916250542, 35.478332708 ], [ 136.916250542, 35.478541708 ], [ 136.915937541, 35.478541709 ], [ 136.91593754, 35.478749709 ], [ 136.91593854, 35.478749709 ], [ 136.91593854, 35.47895771 ], [ 136.916250542, 35.478957709 ], [ 136.916562543, 35.478957709 ], [ 136.916875544, 35.478957708 ], [ 136.916875544, 35.479166708 ], [ 136.917187545, 35.479166708 ], [ 136.917187545, 35.479374708 ], [ 136.917187545, 35.479582709 ], [ 136.917500546, 35.479582708 ], [ 136.917500546, 35.479791709 ], [ 136.917187545, 35.479791709 ], [ 136.917187544, 35.47999971 ], [ 136.917187544, 35.48020771 ], [ 136.916875543, 35.480207711 ], [ 136.916875542, 35.480416711 ], [ 136.916562541, 35.480416712 ], [ 136.91625054, 35.480416712 ], [ 136.915938538, 35.480416713 ], [ 136.915938539, 35.480207712 ], [ 136.915625537, 35.480207713 ], [ 136.915625538, 35.479999713 ], [ 136.915625538, 35.479791712 ], [ 136.915625538, 35.479582712 ], [ 136.915625538, 35.479374711 ], [ 136.91593854, 35.479374711 ], [ 136.91593854, 35.47916671 ], [ 136.91593854, 35.47895771 ], [ 136.91593754, 35.47895771 ], [ 136.915625539, 35.47895771 ], [ 136.915312537, 35.478957711 ], [ 136.915000536, 35.478957712 ], [ 136.914688535, 35.478957712 ], [ 136.914687535, 35.478957712 ], [ 136.914375533, 35.478957713 ], [ 136.914062532, 35.478957713 ], [ 136.914062532, 35.478749713 ], [ 136.914062533, 35.478541712 ], [ 136.914062533, 35.478332712 ], [ 136.913750532, 35.478332713 ], [ 136.913750531, 35.478541713 ], [ 136.91343753, 35.478541714 ], [ 136.91343753, 35.478749714 ], [ 136.913750531, 35.478749713 ], [ 136.913750531, 35.478957714 ], [ 136.91375053, 35.479166714 ], [ 136.913437529, 35.479166715 ], [ 136.913437529, 35.479374715 ], [ 136.913437529, 35.479582716 ], [ 136.913437528, 35.479791716 ], [ 136.913437528, 35.479999717 ], [ 136.913125527, 35.479999717 ], [ 136.912813525, 35.479999718 ], [ 136.912813526, 35.479791717 ], [ 136.912813526, 35.479582717 ], [ 136.912500524, 35.479582717 ], [ 136.912188523, 35.479582718 ], [ 136.911875522, 35.479582718 ], [ 136.911563521, 35.479582719 ], [ 136.91156352, 35.479791719 ], [ 136.911250519, 35.47979172 ], [ 136.911250519, 35.47999972 ], [ 136.910938518, 35.479999721 ], [ 136.910625516, 35.479999721 ], [ 136.910625516, 35.480207721 ], [ 136.910313515, 35.480207722 ], [ 136.910313514, 35.480416722 ], [ 136.910313514, 35.480624723 ], [ 136.910625515, 35.480624722 ], [ 136.910938517, 35.480624722 ], [ 136.910938516, 35.480832722 ], [ 136.910625515, 35.480832723 ], [ 136.910625515, 35.481041723 ], [ 136.910625515, 35.481249723 ], [ 136.910938516, 35.481249723 ], [ 136.910938516, 35.481041723 ], [ 136.911250517, 35.481041722 ], [ 136.911250518, 35.480832722 ], [ 136.911563519, 35.480832721 ], [ 136.91187552, 35.480832721 ], [ 136.912188522, 35.48083272 ], [ 136.912188521, 35.481041721 ], [ 136.912500522, 35.48104172 ], [ 136.912500523, 35.48083272 ], [ 136.912813524, 35.480832719 ], [ 136.912813524, 35.48104172 ], [ 136.913125525, 35.481041719 ], [ 136.913437527, 35.481041719 ], [ 136.913438527, 35.481041719 ], [ 136.913750528, 35.481041718 ], [ 136.913750528, 35.481249719 ], [ 136.914062529, 35.481249718 ], [ 136.91437553, 35.481249717 ], [ 136.914687532, 35.481249717 ], [ 136.914688532, 35.481249717 ], [ 136.915000533, 35.481249716 ], [ 136.915000533, 35.481457717 ], [ 136.915000533, 35.481666717 ], [ 136.915000532, 35.481874718 ], [ 136.915000532, 35.482082718 ], [ 136.915000532, 35.482291718 ], [ 136.915000532, 35.482499719 ], [ 136.915000531, 35.482707719 ], [ 136.915312533, 35.482707719 ], [ 136.915625534, 35.482707718 ], [ 136.915937535, 35.482707718 ], [ 136.915938536, 35.482707718 ], [ 136.916250537, 35.482707717 ], [ 136.916562538, 35.482707716 ], [ 136.91687554, 35.482707716 ], [ 136.91687554, 35.482499715 ], [ 136.91687554, 35.482291715 ], [ 136.917188542, 35.482291714 ], [ 136.917188542, 35.482082714 ], [ 136.917188542, 35.481874714 ], [ 136.917188542, 35.481666713 ], [ 136.916875541, 35.481666714 ], [ 136.916875541, 35.481457713 ], [ 136.917187543, 35.481457713 ], [ 136.917188543, 35.481457713 ], [ 136.917500544, 35.481457712 ], [ 136.917500544, 35.481249712 ], [ 136.917500544, 35.481041711 ], [ 136.917500545, 35.480832711 ], [ 136.917812546, 35.48083271 ], [ 136.918125547, 35.48083271 ], [ 136.918438549, 35.480832709 ], [ 136.918438549, 35.480624709 ], [ 136.91875055, 35.480624708 ], [ 136.919062552, 35.480624707 ], [ 136.919062552, 35.480416707 ], [ 136.919375553, 35.480416706 ], [ 136.919375554, 35.480207706 ], [ 136.919375554, 35.479999706 ], [ 136.919375554, 35.479791705 ], [ 136.919375554, 35.479582705 ], [ 136.919375555, 35.479374704 ], [ 136.919375555, 35.479166704 ], [ 136.919375555, 35.478957703 ], [ 136.919375555, 35.478749703 ], [ 136.919688557, 35.478749702 ], [ 136.919688557, 35.478541702 ], [ 136.920000558, 35.478541701 ], [ 136.920000558, 35.478332701 ], [ 136.92031256, 35.4783327 ], [ 136.92031256, 35.4781247 ], [ 136.920625561, 35.478124699 ], [ 136.920938563, 35.478124698 ], [ 136.921250564, 35.478124698 ], [ 136.921562565, 35.478124697 ], [ 136.921562565, 35.478332698 ], [ 136.921875567, 35.478332697 ], [ 136.922188568, 35.478332696 ], [ 136.922188568, 35.478541697 ], [ 136.922500569, 35.478541696 ], [ 136.922500569, 35.478749697 ], [ 136.92281257, 35.478749696 ], [ 136.92281257, 35.478957697 ], [ 136.923125571, 35.478957696 ], [ 136.923125571, 35.479166697 ], [ 136.923438572, 35.479166696 ], [ 136.923438572, 35.479374696 ], [ 136.923750574, 35.479374696 ], [ 136.923750573, 35.479582696 ], [ 136.923750573, 35.479791697 ], [ 136.924062574, 35.479791696 ], [ 136.924062574, 35.479999697 ], [ 136.924062574, 35.480207697 ], [ 136.924375575, 35.480207697 ], [ 136.924375576, 35.479999696 ], [ 136.924688577, 35.479999696 ], [ 136.924688577, 35.480207696 ], [ 136.925000578, 35.480207695 ], [ 136.925313579, 35.480207695 ], [ 136.925625581, 35.480207694 ], [ 136.925625581, 35.479999694 ], [ 136.925938582, 35.479999693 ], [ 136.926250584, 35.479999693 ], [ 136.926250584, 35.480207693 ], [ 136.926563585, 35.480207693 ], [ 136.926563585, 35.480416693 ], [ 136.926875586, 35.480416693 ], [ 136.926875586, 35.480624693 ], [ 136.927188587, 35.480624693 ], [ 136.927188587, 35.480416692 ], [ 136.927188588, 35.480207692 ], [ 136.927188588, 35.479999691 ], [ 136.926875586, 35.479999692 ], [ 136.926563585, 35.479999692 ], [ 136.926563585, 35.479791692 ], [ 136.926875587, 35.479791691 ], [ 136.927188588, 35.479791691 ], [ 136.927500589, 35.47979169 ], [ 136.92750059, 35.47958269 ], [ 136.927188588, 35.47958269 ], [ 136.927188588, 35.47937469 ], [ 136.927188589, 35.479166689 ], [ 136.92750059, 35.479166689 ], [ 136.92750059, 35.478957688 ], [ 136.927813592, 35.478957688 ], [ 136.928125593, 35.478957687 ], [ 136.928125593, 35.478749687 ], [ 136.928125593, 35.478541686 ], [ 136.928125593, 35.478332686 ], [ 136.928125594, 35.478124686 ], [ 136.927813592, 35.478124686 ], [ 136.927813592, 35.478332686 ], [ 136.927500591, 35.478332687 ], [ 136.927500591, 35.478124687 ], [ 136.927500591, 35.477916686 ], [ 136.927813593, 35.477916686 ], [ 136.928125594, 35.477916685 ], [ 136.928125594, 35.478124686 ], [ 136.928438595, 35.478124685 ], [ 136.928438595, 35.478332685 ], [ 136.928438595, 35.478541686 ], [ 136.928750596, 35.478541685 ], [ 136.928750596, 35.478749686 ], [ 136.929063597, 35.478749685 ], [ 136.929063597, 35.478541685 ], [ 136.929063598, 35.478332684 ], [ 136.929063598, 35.478124684 ], [ 136.928750596, 35.478124684 ], [ 136.928750597, 35.477916684 ], [ 136.929063598, 35.477916684 ], [ 136.929375599, 35.477916683 ], [ 136.929688601, 35.477916682 ], [ 136.930000602, 35.477916682 ], [ 136.930000602, 35.478124682 ], [ 136.930000602, 35.478332683 ], [ 136.930000601, 35.478541683 ], [ 136.930000601, 35.478749684 ], [ 136.930313603, 35.478749683 ], [ 136.930625604, 35.478749683 ], [ 136.930625604, 35.478957683 ], [ 136.930313602, 35.478957684 ], [ 136.930313602, 35.479166684 ], [ 136.930000601, 35.479166685 ], [ 136.929688599, 35.479166685 ], [ 136.929375598, 35.479166686 ], [ 136.929063597, 35.479166686 ], [ 136.929063597, 35.479374687 ], [ 136.929375598, 35.479374686 ], [ 136.929688599, 35.479374686 ], [ 136.930000601, 35.479374685 ], [ 136.930313602, 35.479374685 ], [ 136.930625603, 35.479374684 ], [ 136.930938605, 35.479374684 ], [ 136.930938605, 35.479166683 ], [ 136.930938605, 35.478957683 ], [ 136.930938605, 35.478749682 ], [ 136.931250607, 35.478749682 ], [ 136.931250606, 35.478957682 ], [ 136.931563608, 35.478957682 ], [ 136.931563608, 35.478749681 ], [ 136.931563608, 35.478541681 ], [ 136.931875609, 35.47854168 ], [ 136.932187611, 35.47854168 ], [ 136.932188611, 35.47854168 ], [ 136.932500612, 35.478541679 ], [ 136.932500612, 35.478332679 ], [ 136.932813614, 35.478332678 ], [ 136.933125615, 35.478332678 ], [ 136.933125615, 35.478124677 ], [ 136.933438617, 35.478124677 ], [ 136.933750618, 35.478124676 ], [ 136.933750618, 35.477916676 ], [ 136.934063619, 35.477916675 ], [ 136.934375621, 35.477916675 ], [ 136.934688622, 35.477916674 ], [ 136.935000623, 35.477916674 ], [ 136.935000624, 35.477707673 ], [ 136.935313625, 35.477707673 ], [ 136.935313625, 35.477499672 ], [ 136.935313625, 35.477291672 ], [ 136.935000624, 35.477291673 ], [ 136.935000624, 35.477082672 ], [ 136.934688623, 35.477082673 ], [ 136.934375621, 35.477082673 ], [ 136.934375621, 35.477291674 ], [ 136.93406362, 35.477291674 ], [ 136.93406362, 35.477499674 ], [ 136.93406362, 35.477707675 ], [ 136.933750618, 35.477707675 ], [ 136.933750618, 35.477499675 ], [ 136.933438617, 35.477499675 ], [ 136.933438617, 35.477707676 ], [ 136.933125616, 35.477707676 ], [ 136.932813614, 35.477707677 ], [ 136.932813614, 35.477916677 ], [ 136.932500613, 35.477916678 ], [ 136.932500613, 35.477707677 ], [ 136.932500613, 35.477499677 ], [ 136.932500613, 35.477291677 ], [ 136.932813615, 35.477291676 ], [ 136.932813615, 35.477082676 ], [ 136.933125616, 35.477082675 ], [ 136.933125616, 35.476874675 ], [ 136.933125616, 35.476666674 ], [ 136.933438618, 35.476666674 ], [ 136.933438618, 35.476457673 ], [ 136.933750619, 35.476457673 ], [ 136.933750619, 35.476666673 ], [ 136.933750619, 35.476874674 ], [ 136.933750619, 35.477082674 ], [ 136.933750619, 35.477291675 ], [ 136.93406362, 35.477291674 ], [ 136.93406362, 35.477082674 ], [ 136.93406362, 35.476874673 ], [ 136.934375622, 35.476874673 ], [ 136.934688623, 35.476874672 ], [ 136.935000624, 35.476874672 ], [ 136.935313626, 35.476874671 ], [ 136.935313625, 35.477082672 ], [ 136.935313625, 35.477291672 ], [ 136.935625627, 35.477291672 ], [ 136.935938628, 35.477291671 ], [ 136.935938628, 35.477499671 ], [ 136.936250629, 35.477499671 ], [ 136.93656363, 35.47749967 ], [ 136.93656363, 35.477707671 ], [ 136.936250629, 35.477707671 ], [ 136.936250629, 35.477916672 ], [ 136.93656363, 35.477916671 ], [ 136.93656363, 35.478124672 ], [ 136.93656363, 35.478332672 ], [ 136.936875631, 35.478332672 ], [ 136.937188633, 35.478332671 ], [ 136.937188632, 35.478541671 ], [ 136.937500634, 35.478541671 ], [ 136.937500634, 35.478749671 ], [ 136.937813635, 35.478749671 ], [ 136.938125636, 35.47874967 ], [ 136.938125636, 35.478957671 ], [ 136.938437637, 35.47895767 ], [ 136.938438637, 35.47895767 ], [ 136.938750638, 35.47895767 ], [ 136.93906364, 35.47895767 ], [ 136.939375641, 35.478957669 ], [ 136.939375641, 35.478749669 ], [ 136.93906364, 35.478749669 ], [ 136.93906364, 35.478541669 ], [ 136.938750639, 35.478541669 ], [ 136.938438638, 35.47854167 ], [ 136.938438638, 35.478332669 ], [ 136.938438638, 35.478124669 ], [ 136.938125637, 35.478124669 ], [ 136.937813635, 35.47812467 ], [ 136.937813635, 35.477916669 ], [ 136.937500634, 35.47791667 ], [ 136.937500634, 35.477707669 ], [ 136.937188633, 35.47770767 ], [ 136.937188633, 35.477499669 ], [ 136.936875632, 35.47749967 ], [ 136.936875632, 35.477291669 ], [ 136.936875632, 35.477082669 ], [ 136.936563631, 35.47708267 ], [ 136.936250629, 35.47708267 ], [ 136.935938628, 35.477082671 ], [ 136.935625627, 35.477082671 ], [ 136.935625627, 35.476874671 ], [ 136.935625627, 35.47666667 ], [ 136.935625627, 35.47645767 ], [ 136.935625627, 35.476249669 ], [ 136.935625627, 35.476041669 ], [ 136.935313626, 35.476041669 ], [ 136.935313626, 35.47624967 ], [ 136.935313626, 35.47645767 ], [ 136.935000624, 35.476457671 ], [ 136.934688623, 35.476457671 ], [ 136.934375622, 35.476457672 ], [ 136.934375622, 35.476666672 ], [ 136.93406362, 35.476666673 ], [ 136.93406362, 35.476457672 ], [ 136.934375622, 35.476457672 ], [ 136.934375622, 35.476249671 ], [ 136.934375622, 35.476041671 ], [ 136.934063621, 35.476041671 ], [ 136.934063621, 35.475832671 ], [ 136.934375622, 35.47583267 ], [ 136.934375622, 35.47562467 ], [ 136.934688624, 35.47562467 ], [ 136.934688624, 35.475416669 ], [ 136.934688624, 35.475207669 ], [ 136.934688624, 35.474999668 ], [ 136.935000626, 35.474999668 ], [ 136.935000625, 35.475207668 ], [ 136.935313627, 35.475207668 ], [ 136.935313627, 35.475416668 ], [ 136.935625628, 35.475416668 ], [ 136.935938629, 35.475416667 ], [ 136.935938629, 35.475207667 ], [ 136.93593863, 35.474999666 ], [ 136.93593863, 35.474791666 ], [ 136.936250631, 35.474791665 ], [ 136.936250631, 35.474999666 ], [ 136.936563632, 35.474999665 ], [ 136.936563632, 35.474791665 ], [ 136.936875634, 35.474791664 ], [ 136.937188635, 35.474791664 ], [ 136.937188635, 35.474999664 ], [ 136.937500636, 35.474999664 ], [ 136.937500636, 35.474791663 ], [ 136.937813638, 35.474791663 ], [ 136.938125639, 35.474791663 ], [ 136.93843764, 35.474791662 ], [ 136.93843764, 35.474999663 ], [ 136.938750641, 35.474999662 ], [ 136.939063642, 35.474999662 ], [ 136.939375644, 35.474999661 ], [ 136.939375643, 35.475207662 ], [ 136.939687645, 35.475207661 ], [ 136.939687645, 35.475416662 ], [ 136.939375643, 35.475416662 ], [ 136.939063642, 35.475416663 ], [ 136.939063642, 35.475624663 ], [ 136.938750641, 35.475624663 ], [ 136.938750641, 35.475832664 ], [ 136.93875064, 35.476041664 ], [ 136.939063642, 35.476041664 ], [ 136.939063642, 35.476249664 ], [ 136.939063641, 35.476457665 ], [ 136.939063641, 35.476666665 ], [ 136.939375642, 35.476666665 ], [ 136.939687644, 35.476666664 ], [ 136.939688644, 35.476666664 ], [ 136.940000645, 35.476666664 ], [ 136.940000645, 35.476874664 ], [ 136.940000645, 35.477082665 ], [ 136.940313646, 35.477082664 ], [ 136.940313646, 35.477291665 ], [ 136.940625647, 35.477291664 ], [ 136.940937648, 35.477291664 ], [ 136.940937648, 35.477499664 ], [ 136.941250649, 35.477499664 ], [ 136.941563651, 35.477499663 ], [ 136.941875652, 35.477499663 ], [ 136.942187653, 35.477499662 ], [ 136.942187653, 35.477707663 ], [ 136.942187653, 35.477916663 ], [ 136.942187653, 35.478124663 ], [ 136.941875652, 35.478124664 ], [ 136.941875651, 35.478332664 ], [ 136.942188653, 35.478332664 ], [ 136.942188653, 35.478124663 ], [ 136.942500654, 35.478124663 ], [ 136.942813655, 35.478124663 ], [ 136.942813655, 35.477916662 ], [ 136.942813656, 35.477707662 ], [ 136.943125657, 35.477707661 ], [ 136.943437658, 35.477707661 ], [ 136.943438658, 35.477707661 ], [ 136.943750659, 35.477707661 ], [ 136.944063661, 35.47770766 ], [ 136.944063661, 35.47749966 ], [ 136.944375662, 35.477499659 ], [ 136.944375662, 35.477291659 ], [ 136.944687663, 35.477291658 ], [ 136.944688663, 35.477291658 ], [ 136.945000665, 35.477291658 ], [ 136.945000664, 35.477499658 ], [ 136.945000664, 35.477707659 ], [ 136.945000664, 35.477916659 ], [ 136.945000664, 35.47812466 ], [ 136.945000664, 35.47833266 ], [ 136.945312665, 35.478332659 ], [ 136.945312665, 35.47854166 ], [ 136.945312665, 35.47874966 ], [ 136.945625666, 35.47874966 ], [ 136.945625666, 35.47895766 ], [ 136.945938667, 35.47895766 ], [ 136.945938667, 35.47916666 ], [ 136.946250668, 35.47916666 ], [ 136.946250668, 35.47937466 ], [ 136.946562669, 35.479374659 ], [ 136.946875671, 35.479374659 ], [ 136.947188672, 35.479374659 ], [ 136.947500673, 35.479374658 ], [ 136.947812674, 35.479374658 ], [ 136.948125676, 35.479374657 ], [ 136.948438677, 35.479374657 ], [ 136.948750678, 35.479374656 ], [ 136.948750678, 35.479166656 ], [ 136.948750678, 35.478957656 ], [ 136.94906268, 35.478957655 ], [ 136.94906268, 35.479166656 ], [ 136.949062679, 35.479374656 ], [ 136.949375681, 35.479374655 ], [ 136.949688682, 35.479374655 ], [ 136.949688682, 35.479166655 ], [ 136.950000683, 35.479166654 ], [ 136.950312684, 35.479166654 ], [ 136.950625685, 35.479166654 ], [ 136.950625685, 35.479374654 ], [ 136.950938686, 35.479374654 ], [ 136.950938686, 35.479166653 ], [ 136.951250687, 35.479166653 ], [ 136.951562688, 35.479166653 ], [ 136.951875689, 35.479166653 ], [ 136.95218769, 35.479166652 ], [ 136.95218769, 35.479374653 ], [ 136.952500691, 35.479374652 ], [ 136.952812692, 35.479374652 ], [ 136.952812692, 35.479582652 ], [ 136.953125693, 35.479582652 ], [ 136.953437694, 35.479582652 ], [ 136.953438694, 35.479582652 ], [ 136.953750695, 35.479582652 ], [ 136.954062696, 35.479582651 ], [ 136.954062696, 35.479791652 ], [ 136.954375697, 35.479791651 ], [ 136.954687698, 35.479791651 ], [ 136.954688698, 35.479791651 ], [ 136.955000699, 35.479791651 ], [ 136.9553127, 35.47979165 ], [ 136.955625701, 35.47979165 ], [ 136.955625701, 35.479999651 ], [ 136.955937702, 35.47999965 ], [ 136.955938702, 35.47999965 ], [ 136.956250703, 35.47999965 ], [ 136.956250703, 35.48020765 ], [ 136.955937702, 35.480207651 ], [ 136.955937702, 35.480416651 ], [ 136.955625701, 35.480416651 ], [ 136.955625701, 35.480207651 ], [ 136.9553127, 35.480207651 ], [ 136.955000699, 35.480207651 ], [ 136.954688698, 35.480207652 ], [ 136.954687698, 35.480207652 ], [ 136.954375697, 35.480207652 ], [ 136.954375697, 35.480416652 ], [ 136.954062696, 35.480416653 ], [ 136.954062696, 35.480624653 ], [ 136.953750695, 35.480624653 ], [ 136.953750695, 35.480832654 ], [ 136.953438694, 35.480832654 ], [ 136.953438694, 35.480624654 ], [ 136.953125693, 35.480624654 ], [ 136.952812692, 35.480624654 ], [ 136.952812692, 35.480416654 ], [ 136.952500691, 35.480416654 ], [ 136.95218869, 35.480416654 ], [ 136.95218769, 35.480416654 ], [ 136.951875689, 35.480416655 ], [ 136.951875689, 35.480207654 ], [ 136.951875689, 35.479999654 ], [ 136.951562688, 35.479999654 ], [ 136.951250687, 35.479999654 ], [ 136.951250687, 35.480207655 ], [ 136.950937686, 35.480207655 ], [ 136.950937686, 35.480416655 ], [ 136.950937685, 35.480624656 ], [ 136.951250687, 35.480624655 ], [ 136.951250686, 35.480832656 ], [ 136.951562687, 35.480832656 ], [ 136.951562687, 35.481041656 ], [ 136.951875688, 35.481041656 ], [ 136.952187689, 35.481041655 ], [ 136.952187689, 35.481249656 ], [ 136.95250069, 35.481249655 ], [ 136.952812691, 35.481249655 ], [ 136.952812692, 35.481041655 ], [ 136.953125693, 35.481041655 ], [ 136.953125693, 35.481249655 ], [ 136.953437694, 35.481249655 ], [ 136.953438694, 35.481249655 ], [ 136.953750695, 35.481249654 ], [ 136.953750695, 35.481041654 ], [ 136.954062696, 35.481041654 ], [ 136.954062696, 35.481249654 ], [ 136.954375697, 35.481249654 ], [ 136.954687698, 35.481249653 ], [ 136.954688698, 35.481249653 ], [ 136.955000699, 35.481249653 ], [ 136.955000699, 35.481457654 ], [ 136.9553127, 35.481457653 ], [ 136.9553127, 35.481666654 ], [ 136.955625701, 35.481666653 ], [ 136.955625701, 35.481874654 ], [ 136.955937702, 35.481874653 ], [ 136.955937702, 35.482082654 ], [ 136.955937702, 35.482291654 ], [ 136.956250703, 35.482291654 ], [ 136.956250703, 35.482499654 ], [ 136.956562704, 35.482499654 ], [ 136.956562704, 35.482707654 ], [ 136.956562704, 35.482916655 ], [ 136.956562704, 35.483124655 ], [ 136.956875705, 35.483124655 ], [ 136.956875705, 35.483332655 ], [ 136.957187706, 35.483332655 ], [ 136.957187706, 35.483541655 ], [ 136.957500707, 35.483541655 ], [ 136.957812708, 35.483541654 ], [ 136.958125709, 35.483541654 ], [ 136.958438711, 35.483541654 ], [ 136.958750712, 35.483541654 ], [ 136.959062713, 35.483541653 ], [ 136.959062713, 35.483749654 ], [ 136.959375714, 35.483749653 ], [ 136.959375714, 35.483957654 ], [ 136.959688715, 35.483957653 ], [ 136.959688715, 35.484166654 ], [ 136.960000716, 35.484166653 ], [ 136.960000716, 35.484374654 ], [ 136.960000716, 35.484582654 ], [ 136.960312718, 35.484582654 ], [ 136.960625719, 35.484582653 ], [ 136.96093872, 35.484582653 ], [ 136.961250721, 35.484582653 ], [ 136.961562722, 35.484582653 ], [ 136.961875723, 35.484582652 ], [ 136.961875723, 35.484791653 ], [ 136.962187724, 35.484791652 ], [ 136.962500725, 35.484791652 ] ], [ [ 136.956562704, 35.482082653 ], [ 136.956562704, 35.481874653 ], [ 136.956875705, 35.481874653 ], [ 136.956875705, 35.482082653 ], [ 136.956562704, 35.482082653 ] ], [ [ 136.948125677, 35.477916655 ], [ 136.948125677, 35.477707654 ], [ 136.947812676, 35.477707655 ], [ 136.947812676, 35.477499654 ], [ 136.947812676, 35.477291654 ], [ 136.947500675, 35.477291655 ], [ 136.947500675, 35.477082654 ], [ 136.947188673, 35.477082655 ], [ 136.947188674, 35.476874654 ], [ 136.947188674, 35.476666654 ], [ 136.947500675, 35.476666653 ], [ 136.947500675, 35.476457653 ], [ 136.947188674, 35.476457654 ], [ 136.946875673, 35.476457654 ], [ 136.946875673, 35.476249654 ], [ 136.946875673, 35.476041653 ], [ 136.946875673, 35.475832653 ], [ 136.946875673, 35.475624652 ], [ 136.946875673, 35.475416652 ], [ 136.946875673, 35.475207652 ], [ 136.946875674, 35.474999651 ], [ 136.946875674, 35.474791651 ], [ 136.947188675, 35.47479165 ], [ 136.947500676, 35.47479165 ], [ 136.947812677, 35.47479165 ], [ 136.948125679, 35.474791649 ], [ 136.948125679, 35.47499965 ], [ 136.947812677, 35.47499965 ], [ 136.947812677, 35.47520765 ], [ 136.948125678, 35.47520765 ], [ 136.94843868, 35.47520765 ], [ 136.948750681, 35.475207649 ], [ 136.948750681, 35.474999649 ], [ 136.949062682, 35.474999648 ], [ 136.949375684, 35.474999648 ], [ 136.949375683, 35.475207648 ], [ 136.949688685, 35.475207648 ], [ 136.949688685, 35.475416648 ], [ 136.950000686, 35.475416648 ], [ 136.950000686, 35.475207648 ], [ 136.950312687, 35.475207647 ], [ 136.950312687, 35.475416648 ], [ 136.950312687, 35.475624648 ], [ 136.950312686, 35.475832648 ], [ 136.950312686, 35.476041649 ], [ 136.950000685, 35.476041649 ], [ 136.950000686, 35.475832649 ], [ 136.949688684, 35.475832649 ], [ 136.949688684, 35.476041649 ], [ 136.949688684, 35.47624965 ], [ 136.949688684, 35.47645765 ], [ 136.949375683, 35.476457651 ], [ 136.949375682, 35.476666651 ], [ 136.949375682, 35.476874651 ], [ 136.949062681, 35.476874652 ], [ 136.949062681, 35.477082652 ], [ 136.949062681, 35.477291652 ], [ 136.949062681, 35.477499653 ], [ 136.949375682, 35.477499652 ], [ 136.949375682, 35.477707653 ], [ 136.949375682, 35.477916653 ], [ 136.949375682, 35.478124653 ], [ 136.94906268, 35.478124654 ], [ 136.948750679, 35.478124654 ], [ 136.948750679, 35.477916654 ], [ 136.948438678, 35.477916654 ], [ 136.948438678, 35.478124655 ], [ 136.948125677, 35.478124655 ], [ 136.948125677, 35.477916655 ] ], [ [ 136.931563611, 35.474582672 ], [ 136.931563611, 35.474791673 ], [ 136.931875613, 35.474791672 ], [ 136.931875612, 35.474999673 ], [ 136.931875612, 35.475207673 ], [ 136.931563611, 35.475207674 ], [ 136.931563611, 35.474999673 ], [ 136.93125061, 35.474999674 ], [ 136.93125061, 35.474791673 ], [ 136.93125061, 35.474582673 ], [ 136.931563611, 35.474582672 ] ], [ [ 136.925000584, 35.474791683 ], [ 136.924688582, 35.474791684 ], [ 136.924688582, 35.474582683 ], [ 136.925000584, 35.474582682 ], [ 136.925000584, 35.474791683 ] ], [ [ 136.949375684, 35.474791648 ], [ 136.949375684, 35.474582647 ], [ 136.949688685, 35.474582647 ], [ 136.949688685, 35.474791647 ], [ 136.949375684, 35.474791648 ] ], [ [ 136.942500656, 35.474999657 ], [ 136.942500656, 35.475207658 ], [ 136.942500656, 35.475416658 ], [ 136.942188655, 35.475416658 ], [ 136.942187655, 35.475416658 ], [ 136.941875653, 35.475416659 ], [ 136.941563652, 35.475416659 ], [ 136.941563652, 35.475207659 ], [ 136.941875653, 35.475207658 ], [ 136.942187655, 35.475207658 ], [ 136.942187655, 35.474999658 ], [ 136.942188655, 35.474999658 ], [ 136.942500656, 35.474999657 ] ], [ [ 136.945312667, 35.475624655 ], [ 136.945312667, 35.475416654 ], [ 136.945625668, 35.475416654 ], [ 136.945625668, 35.475624654 ], [ 136.945312667, 35.475624655 ] ], [ [ 136.94343866, 35.475207656 ], [ 136.94343866, 35.475416657 ], [ 136.94343766, 35.475416657 ], [ 136.943125658, 35.475416657 ], [ 136.943125658, 35.475207657 ], [ 136.94343766, 35.475207656 ], [ 136.94343866, 35.475207656 ] ], [ [ 136.94375066, 35.476249658 ], [ 136.94375066, 35.476457658 ], [ 136.943438659, 35.476457659 ], [ 136.943438659, 35.476249658 ], [ 136.94375066, 35.476249658 ] ], [ [ 136.942813656, 35.477499661 ], [ 136.942500654, 35.477499662 ], [ 136.942500655, 35.477291662 ], [ 136.942813656, 35.477291661 ], [ 136.942813656, 35.477499661 ] ], [ [ 136.928750598, 35.47604168 ], [ 136.928750598, 35.47624968 ], [ 136.928438597, 35.476249681 ], [ 136.928125595, 35.476249681 ], [ 136.928125596, 35.476041681 ], [ 136.928438597, 35.47604168 ], [ 136.928750598, 35.47604168 ] ], [ [ 136.924688581, 35.476041686 ], [ 136.924688581, 35.476249687 ], [ 136.924375579, 35.476249687 ], [ 136.92437558, 35.476041687 ], [ 136.924688581, 35.476041686 ] ], [ [ 136.932500614, 35.476457675 ], [ 136.932500614, 35.476249674 ], [ 136.932813615, 35.476249674 ], [ 136.932813615, 35.476457674 ], [ 136.932813615, 35.476666675 ], [ 136.932813615, 35.476874675 ], [ 136.932500613, 35.476874676 ], [ 136.932500614, 35.476666675 ], [ 136.932500614, 35.476457675 ] ], [ [ 136.931875611, 35.477082677 ], [ 136.931563609, 35.477082678 ], [ 136.931563609, 35.476874677 ], [ 136.931875611, 35.476874677 ], [ 136.931875611, 35.477082677 ] ], [ [ 136.927813593, 35.476874683 ], [ 136.927813593, 35.477082684 ], [ 136.927813593, 35.477291684 ], [ 136.927500592, 35.477291685 ], [ 136.927500592, 35.477082684 ], [ 136.927188591, 35.477082685 ], [ 136.927188591, 35.476874684 ], [ 136.927500592, 35.476874684 ], [ 136.927813593, 35.476874683 ] ], [ [ 136.926563588, 35.476874685 ], [ 136.926563588, 35.477082686 ], [ 136.926250587, 35.477082686 ], [ 136.926250587, 35.476874686 ], [ 136.926563588, 35.476874685 ] ], [ [ 136.923750576, 35.47687469 ], [ 136.923750576, 35.477082691 ], [ 136.923438575, 35.477082691 ], [ 136.923438575, 35.476874691 ], [ 136.923750576, 35.47687469 ] ], [ [ 136.930313603, 35.477707681 ], [ 136.930000602, 35.477707682 ], [ 136.930000602, 35.477499681 ], [ 136.930313604, 35.477499681 ], [ 136.930313603, 35.477707681 ] ], [ [ 136.927813593, 35.477499685 ], [ 136.927813593, 35.477707685 ], [ 136.927500591, 35.477707686 ], [ 136.927500592, 35.477499685 ], [ 136.927813593, 35.477499685 ] ], [ [ 136.920000559, 35.477499699 ], [ 136.920000559, 35.477707699 ], [ 136.919688558, 35.4777077 ], [ 136.919687558, 35.4777077 ], [ 136.919687558, 35.477499699 ], [ 136.919688558, 35.477499699 ], [ 136.920000559, 35.477499699 ] ], [ [ 136.931250607, 35.47791668 ], [ 136.931250607, 35.47812468 ], [ 136.930938606, 35.478124681 ], [ 136.930938606, 35.47791668 ], [ 136.931250607, 35.47791668 ] ], [ [ 136.931250607, 35.478332681 ], [ 136.931250607, 35.478541681 ], [ 136.930938605, 35.478541682 ], [ 136.930938606, 35.478332681 ], [ 136.931250607, 35.478332681 ] ], [ [ 136.924688578, 35.478957693 ], [ 136.924688578, 35.479166694 ], [ 136.924688578, 35.479374694 ], [ 136.924375576, 35.479374695 ], [ 136.924375576, 35.479166694 ], [ 136.924375577, 35.478957694 ], [ 136.924688578, 35.478957693 ] ], [ [ 136.925000579, 35.479582694 ], [ 136.925000579, 35.479791695 ], [ 136.924688577, 35.479791695 ], [ 136.924688577, 35.479582695 ], [ 136.925000579, 35.479582694 ] ], [ [ 136.91156352, 35.48041672 ], [ 136.911563519, 35.480624721 ], [ 136.911250518, 35.480624721 ], [ 136.911250518, 35.480416721 ], [ 136.911250519, 35.480207721 ], [ 136.91156352, 35.48020772 ], [ 136.91156352, 35.48041672 ] ], [ [ 136.915938536, 35.482291717 ], [ 136.915938536, 35.482499717 ], [ 136.915937536, 35.482499717 ], [ 136.915625534, 35.482499718 ], [ 136.915625535, 35.482291717 ], [ 136.915937536, 35.482291717 ], [ 136.915938536, 35.482291717 ] ], [ [ 136.950000686, 35.474582646 ], [ 136.950000686, 35.474374646 ], [ 136.950312687, 35.474374645 ], [ 136.950312687, 35.474582646 ], [ 136.950000686, 35.474582646 ] ], [ [ 136.936875634, 35.474374663 ], [ 136.936563633, 35.474374664 ], [ 136.936250631, 35.474374664 ], [ 136.93593863, 35.474374665 ], [ 136.93593863, 35.474166664 ], [ 136.936250632, 35.474166664 ], [ 136.936563633, 35.474166663 ], [ 136.936563633, 35.473957663 ], [ 136.936875635, 35.473957662 ], [ 136.936875634, 35.474166663 ], [ 136.936875634, 35.474374663 ] ], [ [ 136.93343862, 35.473749667 ], [ 136.93343862, 35.473957668 ], [ 136.933125619, 35.473957668 ], [ 136.933125619, 35.473749668 ], [ 136.93343862, 35.473749667 ] ], [ [ 136.930937611, 35.472082668 ], [ 136.930937612, 35.471874667 ], [ 136.930938612, 35.471874667 ], [ 136.931250613, 35.471874667 ], [ 136.931250613, 35.472082667 ], [ 136.930938611, 35.472082668 ], [ 136.930937611, 35.472082668 ] ], [ [ 136.929063604, 35.471041669 ], [ 136.929063605, 35.470832668 ], [ 136.929375606, 35.470832668 ], [ 136.929375606, 35.471041668 ], [ 136.929063604, 35.471041669 ] ], [ [ 136.933750625, 35.47062466 ], [ 136.933750625, 35.470416659 ], [ 136.934063626, 35.470416659 ], [ 136.934063626, 35.470624659 ], [ 136.933750625, 35.47062466 ] ], [ [ 136.946875676, 35.470832642 ], [ 136.946875676, 35.470624641 ], [ 136.946875676, 35.470416641 ], [ 136.946875676, 35.47020764 ], [ 136.947188677, 35.47020764 ], [ 136.947188677, 35.47041664 ], [ 136.947188677, 35.470624641 ], [ 136.947500678, 35.47062464 ], [ 136.947500678, 35.470832641 ], [ 136.947500678, 35.471041641 ], [ 136.947188677, 35.471041642 ], [ 136.946875676, 35.471041642 ], [ 136.946875676, 35.470832642 ] ] ] } },
{ "type": "Feature", "properties": { "A31a_301": "8505090066", "A31a_302": "津保川", "A31a_303": "21", "A31a_304": "岐阜県", "A31a_305": 1 }, "geometry": { "type": "Polygon", "coordinates": [ [ [ 136.883750418, 35.484166756 ], [ 136.883750418, 35.484374756 ], [ 136.884062418, 35.484374756 ], [ 136.884062419, 35.484166755 ], [ 136.883750418, 35.484166756 ] ] ] } },
{ "type": "Feature", "properties": { "A31a_301": "8505090066", "A31a_302": "津保川", "A31a_303": "21", "A31a_304": "岐阜県", "A31a_305": 1 }, "geometry": { "type": "Polygon", "coordinates": [ [ [ 136.883750418, 35.483749755 ], [ 136.883438417, 35.483749755 ], [ 136.883438417, 35.483957755 ], [ 136.883438417, 35.484166756 ], [ 136.883750418, 35.484166756 ], [ 136.883750418, 35.483957755 ], [ 136.883750418, 35.483749755 ] ] ] } },
{ "type": "Feature", "properties": { "A31a_301": "8505090066", "A31a_302": "津保川", "A31a_303": "21", "A31a_304": "岐阜県", "A31a_305": 1 }, "geometry": { "type": "Polygon", "coordinates": [ [ [ 136.886875426, 35.483749754 ], [ 136.886562425, 35.483749754 ], [ 136.886562425, 35.483957754 ], [ 136.886562425, 35.484166755 ], [ 136.886875425, 35.484166754 ], [ 136.886875426, 35.483957754 ], [ 136.886875426, 35.483749754 ] ] ] } },
{ "type": "Feature", "properties": { "A31a_301": "8505090066", "A31a_302": "津保川", "A31a_303": "21", "A31a_304": "岐阜県", "A31a_305": 1 }, "geometry": { "type": "Polygon", "coordinates": [ [ [ 136.996563948, 35.537499644 ], [ 136.996563949, 35.537707644 ], [ 136.99656395, 35.537916644 ], [ 136.996875951, 35.537916644 ], [ 136.996875952, 35.538124644 ], [ 136.997188953, 35.538124643 ], [ 136.997188954, 35.538332643 ], [ 136.997500955, 35.538332643 ], [ 136.997500956, 35.538541643 ], [ 136.997813958, 35.538541643 ], [ 136.997813958, 35.538749643 ], [ 136.99812596, 35.538749642 ], [ 136.99812596, 35.538957642 ], [ 136.998438962, 35.538957642 ], [ 136.998438963, 35.539166642 ], [ 136.998750964, 35.539166642 ], [ 136.999063966, 35.539166641 ], [ 136.999063966, 35.539374641 ], [ 136.999375968, 35.539374641 ], [ 136.999688969, 35.539374641 ], [ 136.99968897, 35.539582641 ], [ 137.000000972, 35.53958264 ], [ 137.000000972, 35.53979164 ], [ 137.000313974, 35.53979164 ], [ 137.000313973, 35.53958264 ], [ 137.000625974, 35.53958264 ], [ 137.000625975, 35.53979164 ], [ 137.000938976, 35.53979164 ], [ 137.000938976, 35.53958264 ], [ 137.001250977, 35.53958264 ], [ 137.001250978, 35.53979164 ], [ 137.001563979, 35.53979164 ], [ 137.00156398, 35.539999639 ], [ 137.001875981, 35.539999639 ], [ 137.001875982, 35.540207639 ], [ 137.001875983, 35.540416639 ], [ 137.002187984, 35.540416639 ], [ 137.002187985, 35.540624639 ], [ 137.002187985, 35.540832639 ], [ 137.002187986, 35.541041638 ], [ 137.001875985, 35.541041639 ], [ 137.001875985, 35.541249638 ], [ 137.001875986, 35.541457638 ], [ 137.001875987, 35.541666638 ], [ 137.002187988, 35.541666638 ], [ 137.002188988, 35.541666638 ], [ 137.002500989, 35.541666638 ], [ 137.002500989, 35.541457638 ], [ 137.00281399, 35.541457638 ], [ 137.003125992, 35.541457638 ], [ 137.003125991, 35.541249638 ], [ 137.00312599, 35.541041638 ], [ 137.00312599, 35.540832638 ], [ 137.003125989, 35.540624638 ], [ 137.003125988, 35.540416638 ], [ 137.002813987, 35.540416639 ], [ 137.002813986, 35.540207639 ], [ 137.002813986, 35.539999639 ], [ 137.002813985, 35.539791639 ], [ 137.002500983, 35.539791639 ], [ 137.002500983, 35.539582639 ], [ 137.002188981, 35.539582639 ], [ 137.002188981, 35.53937464 ], [ 137.001875979, 35.53937464 ], [ 137.001875979, 35.53916664 ], [ 137.001875978, 35.53895764 ], [ 137.001563977, 35.53895764 ], [ 137.001563976, 35.53874964 ], [ 137.001250975, 35.53874964 ], [ 137.001250974, 35.538541641 ], [ 137.000938973, 35.538541641 ], [ 137.000937973, 35.538541641 ], [ 137.000625971, 35.538541641 ], [ 137.000625971, 35.538332641 ], [ 137.00062597, 35.538124641 ], [ 137.000313969, 35.538124641 ], [ 137.000000967, 35.538124641 ], [ 136.999688966, 35.538124641 ], [ 136.999375964, 35.538124642 ], [ 136.999063963, 35.538124642 ], [ 136.999063963, 35.538332642 ], [ 136.998750962, 35.538332642 ], [ 136.99843896, 35.538332642 ], [ 136.998438959, 35.538124642 ], [ 136.998125958, 35.538124643 ], [ 136.998125957, 35.537916643 ], [ 136.998125957, 35.537707643 ], [ 136.998125956, 35.537499643 ], [ 136.997813955, 35.537499643 ], [ 136.997500953, 35.537499644 ], [ 136.997188952, 35.537499644 ], [ 136.997188952, 35.537707644 ], [ 136.996875951, 35.537707644 ], [ 136.99687595, 35.537499644 ], [ 136.996563948, 35.537499644 ] ] ] } },
{ "type": "Feature", "properties": { "A31a_301": "8505090066", "A31a_302": "津保川", "A31a_303": "21", "A31a_304": "岐阜県", "A31a_305": 1 }, "geometry": { "type": "Polygon", "coordinates": [ [ [ 136.865313378, 35.483541756 ], [ 136.865313378, 35.483749756 ], [ 136.865625378, 35.483749756 ], [ 136.865625378, 35.483541756 ], [ 136.865313378, 35.483541756 ] ] ] } },
{ "type": "Feature", "properties": { "A31a_301": "8505090066", "A31a_302": "津保川", "A31a_303": "21", "A31a_304": "岐阜県", "A31a_305": 1 }, "geometry": { "type": "Polygon", "coordinates": [ [ [ 136.883750418, 35.483749755 ], [ 136.884062419, 35.483749755 ], [ 136.884062419, 35.483541755 ], [ 136.883750418, 35.483541755 ], [ 136.883750418, 35.483749755 ] ] ] } },
{ "type": "Feature", "properties": { "A31a_301": "8505090066", "A31a_302": "津保川", "A31a_303": "21", "A31a_304": "岐阜県", "A31a_305": 1 }, "geometry": { "type": "Polygon", "coordinates": [ [ [ 136.886562425, 35.483332753 ], [ 136.886250425, 35.483332753 ], [ 136.886250425, 35.483541754 ], [ 136.886562425, 35.483541754 ], [ 136.886562425, 35.483332753 ] ] ] } },
{ "type": "Feature", "properties": { "A31a_301": "8505090066", "A31a_302": "津保川", "A31a_303": "21", "A31a_304": "岐阜県", "A31a_305": 1 }, "geometry": { "type": "Polygon", "coordinates": [ [ [ 136.916562537, 35.483332718 ], [ 136.916250536, 35.483332718 ], [ 136.916250536, 35.483541719 ], [ 136.916562537, 35.483541718 ], [ 136.916562537, 35.483332718 ] ] ] } },
{ "type": "Feature", "properties": { "A31a_301": "8505090066", "A31a_302": "津保川", "A31a_303": "21", "A31a_304": "岐阜県", "A31a_305": 1 }, "geometry": { "type": "Polygon", "coordinates": [ [ [ 136.925625578, 35.483332702 ], [ 136.925313576, 35.483332702 ], [ 136.925313576, 35.483541703 ], [ 136.925625578, 35.483541702 ], [ 136.925625578, 35.483332702 ] ] ] } },
{ "type": "Feature", "properties": { "A31a_301": "8505090066", "A31a_302": "津保川", "A31a_303": "21", "A31a_304": "岐阜県", "A31a_305": 1 }, "geometry": { "type": "Polygon", "coordinates": [ [ [ 137.004063991, 35.539791639 ], [ 137.004063991, 35.539999638 ], [ 137.004063992, 35.540207638 ], [ 137.004063993, 35.540416638 ], [ 137.004063993, 35.540624638 ], [ 137.004063994, 35.540832638 ], [ 137.004063995, 35.541041638 ], [ 137.003750993, 35.541041638 ], [ 137.003750994, 35.541249638 ], [ 137.003750995, 35.541457637 ], [ 137.004063996, 35.541457637 ], [ 137.004375997, 35.541457637 ], [ 137.004375997, 35.541249637 ], [ 137.004375996, 35.541041637 ], [ 137.004375995, 35.540832638 ], [ 137.004375995, 35.540624638 ], [ 137.004375994, 35.540416638 ], [ 137.004375993, 35.540207638 ], [ 137.004375993, 35.539999638 ], [ 137.004375992, 35.539791638 ], [ 137.004063991, 35.539791639 ] ] ] } },
{ "type": "Feature", "properties": { "A31a_301": "8505090066", "A31a_302": "津保川", "A31a_303": "21", "A31a_304": "岐阜県", "A31a_305": 1 }, "geometry": { "type": "Polygon", "coordinates": [ [ [ 136.880313413, 35.479374751 ], [ 136.880000412, 35.479374752 ], [ 136.879688411, 35.479374752 ], [ 136.879687411, 35.479374752 ], [ 136.87937541, 35.479374752 ], [ 136.879063409, 35.479374752 ], [ 136.879063409, 35.479582752 ], [ 136.878750408, 35.479582753 ], [ 136.878437408, 35.479582753 ], [ 136.878437407, 35.479791753 ], [ 136.878125407, 35.479791753 ], [ 136.878125407, 35.479999753 ], [ 136.877813406, 35.479999753 ], [ 136.877500405, 35.479999754 ], [ 136.877188404, 35.479999754 ], [ 136.877187404, 35.479999754 ], [ 136.876875403, 35.479999754 ], [ 136.876875403, 35.480207754 ], [ 136.876563402, 35.480207754 ], [ 136.876250402, 35.480207755 ], [ 136.876250401, 35.480416755 ], [ 136.875938401, 35.480416755 ], [ 136.875937401, 35.480416755 ], [ 136.8756254, 35.480416755 ], [ 136.875313399, 35.480416755 ], [ 136.875313399, 35.480624755 ], [ 136.875000398, 35.480624756 ], [ 136.874688397, 35.480624756 ], [ 136.874375397, 35.480624756 ], [ 136.874375397, 35.480416755 ], [ 136.874063396, 35.480416755 ], [ 136.874063396, 35.480207755 ], [ 136.874063396, 35.479999755 ], [ 136.873750396, 35.479999755 ], [ 136.873750396, 35.480207755 ], [ 136.873438395, 35.480207755 ], [ 136.873438395, 35.480416755 ], [ 136.873125394, 35.480416755 ], [ 136.872813394, 35.480416755 ], [ 136.872500393, 35.480416755 ], [ 136.872500393, 35.480207755 ], [ 136.872188392, 35.480207755 ], [ 136.872188392, 35.479999755 ], [ 136.871875392, 35.479999755 ], [ 136.871563391, 35.479999755 ], [ 136.87125039, 35.479999755 ], [ 136.87093839, 35.479999755 ], [ 136.870625389, 35.479999755 ], [ 136.870313389, 35.479999755 ], [ 136.870000388, 35.479999755 ], [ 136.870000388, 35.479791755 ], [ 136.869688387, 35.479791755 ], [ 136.869687387, 35.479791755 ], [ 136.869375387, 35.479791755 ], [ 136.869063386, 35.479791755 ], [ 136.869063386, 35.479999755 ], [ 136.868750385, 35.479999755 ], [ 136.868750385, 35.480207755 ], [ 136.869063386, 35.480207755 ], [ 136.869063386, 35.480416755 ], [ 136.868750385, 35.480416755 ], [ 136.868438385, 35.480416755 ], [ 136.868437385, 35.480416755 ], [ 136.868125384, 35.480416755 ], [ 136.868125384, 35.480207755 ], [ 136.867813383, 35.480207755 ], [ 136.867500383, 35.480207755 ], [ 136.867500383, 35.480416756 ], [ 136.867188382, 35.480416756 ], [ 136.867188382, 35.480624756 ], [ 136.867188382, 35.480832756 ], [ 136.866875381, 35.480832756 ], [ 136.866875381, 35.481041756 ], [ 136.866875381, 35.481249756 ], [ 136.866875381, 35.481457756 ], [ 136.866875381, 35.481666756 ], [ 136.866875381, 35.481874756 ], [ 136.867188382, 35.481874756 ], [ 136.867188382, 35.482082756 ], [ 136.867500382, 35.482082756 ], [ 136.867813383, 35.482082756 ], [ 136.868125384, 35.482082756 ], [ 136.868125384, 35.482291756 ], [ 136.867813383, 35.482291756 ], [ 136.867813383, 35.482499756 ], [ 136.867813383, 35.482707756 ], [ 136.868125384, 35.482707757 ], [ 136.868437384, 35.482707757 ], [ 136.868438384, 35.482707757 ], [ 136.868750385, 35.482707757 ], [ 136.869063385, 35.482707757 ], [ 136.869063385, 35.482916757 ], [ 136.869063385, 35.483124757 ], [ 136.869063385, 35.483332757 ], [ 136.869375386, 35.483332757 ], [ 136.869687387, 35.483332757 ], [ 136.869688387, 35.483332757 ], [ 136.870000387, 35.483332757 ], [ 136.870313388, 35.483332757 ], [ 136.870625388, 35.483332757 ], [ 136.870938389, 35.483332757 ], [ 136.870938389, 35.483124757 ], [ 136.870938389, 35.482916757 ], [ 136.87125039, 35.482916757 ], [ 136.87125039, 35.482707757 ], [ 136.870938389, 35.482707757 ], [ 136.870938389, 35.482499757 ], [ 136.870938389, 35.482291757 ], [ 136.870938389, 35.482082757 ], [ 136.870938389, 35.481874756 ], [ 136.870938389, 35.481666756 ], [ 136.87125039, 35.481666756 ], [ 136.87125039, 35.481457756 ], [ 136.87125039, 35.481249756 ], [ 136.87125039, 35.481041756 ], [ 136.87125039, 35.480832756 ], [ 136.87125039, 35.480624756 ], [ 136.871563391, 35.480624756 ], [ 136.871875392, 35.480624756 ], [ 136.871875392, 35.480832756 ], [ 136.872188392, 35.480832756 ], [ 136.872188392, 35.481041756 ], [ 136.871875392, 35.481041756 ], [ 136.871875391, 35.481249756 ], [ 136.871563391, 35.481249756 ], [ 136.871563391, 35.481457756 ], [ 136.871563391, 35.481666756 ], [ 136.871563391, 35.481874757 ], [ 136.871875391, 35.481874757 ], [ 136.871875391, 35.482082757 ], [ 136.871875391, 35.482291757 ], [ 136.871875391, 35.482499757 ], [ 136.871875391, 35.482707757 ], [ 136.871875391, 35.482916757 ], [ 136.872188392, 35.482916757 ], [ 136.872188392, 35.483124758 ], [ 136.872500392, 35.483124758 ], [ 136.872813393, 35.483124758 ], [ 136.873125394, 35.483124758 ], [ 136.873125394, 35.482916758 ], [ 136.873438394, 35.482916758 ], [ 136.873750395, 35.482916758 ], [ 136.873750395, 35.482707757 ], [ 136.874063396, 35.482707758 ], [ 136.874375396, 35.482707758 ], [ 136.874375396, 35.482499757 ], [ 136.874688397, 35.482499757 ], [ 136.874688397, 35.482291757 ], [ 136.875000398, 35.482291757 ], [ 136.875313398, 35.482291757 ], [ 136.875313398, 35.482082757 ], [ 136.875625399, 35.482082757 ], [ 136.875625399, 35.481874757 ], [ 136.8759384, 35.481874756 ], [ 136.8759384, 35.481666756 ], [ 136.876250401, 35.481666756 ], [ 136.876250401, 35.481457756 ], [ 136.876563402, 35.481457756 ], [ 136.876875403, 35.481457756 ], [ 136.876875403, 35.481249755 ], [ 136.877188404, 35.481249755 ], [ 136.877188404, 35.481041755 ], [ 136.877500404, 35.481041755 ], [ 136.877500405, 35.480832755 ], [ 136.877813405, 35.480832754 ], [ 136.877813405, 35.480624754 ], [ 136.878125406, 35.480624754 ], [ 136.878125406, 35.480416754 ], [ 136.878437407, 35.480416754 ], [ 136.878438407, 35.480416754 ], [ 136.878750408, 35.480416753 ], [ 136.878750408, 35.480207753 ], [ 136.879063409, 35.480207753 ], [ 136.879063409, 35.479999753 ], [ 136.87937541, 35.479999753 ], [ 136.87937541, 35.479791752 ], [ 136.879687411, 35.479791752 ], [ 136.879688411, 35.479791752 ], [ 136.880000412, 35.479791752 ], [ 136.880000412, 35.479582752 ], [ 136.880313413, 35.479582752 ], [ 136.880313413, 35.479374751 ] ] ] } },
{ "type": "Feature", "properties": { "A31a_301": "8505090066", "A31a_302": "津保川", "A31a_303": "21", "A31a_304": "岐阜県", "A31a_305": 1 }, "geometry": { "type": "Polygon", "coordinates": [ [ [ 137.001563983, 35.541041639 ], [ 137.001250982, 35.541041639 ], [ 137.001250982, 35.541249639 ], [ 137.001563984, 35.541249638 ], [ 137.001563983, 35.541041639 ] ] ] } },
{ "type": "Feature", "properties": { "A31a_301": "8505090066", "A31a_302": "津保川", "A31a_303": "21", "A31a_304": "岐阜県", "A31a_305": 1 }, "geometry": { "type": "Polygon", "coordinates": [ [ [ 137.003750988, 35.539582639 ], [ 137.003750989, 35.539791639 ], [ 137.004063991, 35.539791639 ], [ 137.00406399, 35.539582639 ], [ 137.003750988, 35.539582639 ] ] ] } },
{ "type": "Feature", "properties": { "A31a_301": "8505090066", "A31a_302": "津保川", "A31a_303": "21", "A31a_304": "岐阜県", "A31a_305": 1 }, "geometry": { "type": "Polygon", "coordinates": [ [ [ 136.925000576, 35.482499701 ], [ 136.925000576, 35.4822917 ], [ 136.924688575, 35.482291701 ], [ 136.924688574, 35.482499701 ], [ 136.924688574, 35.482707702 ], [ 136.924688574, 35.482916702 ], [ 136.925000575, 35.482916702 ], [ 136.925000575, 35.483124702 ], [ 136.925313577, 35.483124702 ], [ 136.925313577, 35.482916701 ], [ 136.925313577, 35.482707701 ], [ 136.925000576, 35.482707701 ], [ 136.925000576, 35.482499701 ] ] ] } },
{ "type": "Feature", "properties": { "A31a_301": "8505090066", "A31a_302": "津保川", "A31a_303": "21", "A31a_304": "岐阜県", "A31a_305": 1 }, "geometry": { "type": "Polygon", "coordinates": [ [ [ 137.003750988, 35.539582639 ], [ 137.003750988, 35.539374639 ], [ 137.003438986, 35.539374639 ], [ 137.003438987, 35.539582639 ], [ 137.003750988, 35.539582639 ] ] ] } },
{ "type": "Feature", "properties": { "A31a_301": "8505090066", "A31a_302": "津保川", "A31a_303": "21", "A31a_304": "岐阜県", "A31a_305": 1 }, "geometry": { "type": "Polygon", "coordinates": [ [ [ 136.922500565, 35.481874704 ], [ 136.922188564, 35.481874704 ], [ 136.922188564, 35.482082705 ], [ 136.922500565, 35.482082704 ], [ 136.922500565, 35.481874704 ] ] ] } },
{ "type": "Feature", "properties": { "A31a_301": "8505090066", "A31a_302": "津保川", "A31a_303": "21", "A31a_304": "岐阜県", "A31a_305": 1 }, "geometry": { "type": "Polygon", "coordinates": [ [ [ 137.003125984, 35.53895764 ], [ 137.003125984, 35.539166639 ], [ 137.003438986, 35.539166639 ], [ 137.003438985, 35.538957639 ], [ 137.003125984, 35.53895764 ] ] ] } },
{ "type": "Feature", "properties": { "A31a_301": "8505090066", "A31a_302": "津保川", "A31a_303": "21", "A31a_304": "岐阜県", "A31a_305": 1 }, "geometry": { "type": "Polygon", "coordinates": [ [ [ 136.924375575, 35.480416697 ], [ 136.924062574, 35.480416698 ], [ 136.923750572, 35.480416698 ], [ 136.923438571, 35.480416699 ], [ 136.923438571, 35.480624699 ], [ 136.92312557, 35.4806247 ], [ 136.922812568, 35.480624701 ], [ 136.922500567, 35.480624701 ], [ 136.922188565, 35.480624702 ], [ 136.921875564, 35.480624702 ], [ 136.921875564, 35.480832703 ], [ 136.922188565, 35.480832702 ], [ 136.922500567, 35.480832702 ], [ 136.922500566, 35.481041702 ], [ 136.922812568, 35.481041701 ], [ 136.923125569, 35.481041701 ], [ 136.92343857, 35.4810417 ], [ 136.92343857, 35.481249701 ], [ 136.923750572, 35.4812497 ], [ 136.924062573, 35.4812497 ], [ 136.924062573, 35.4814577 ], [ 136.924375574, 35.4814577 ], [ 136.924375574, 35.4816667 ], [ 136.924688575, 35.481666699 ], [ 136.924688575, 35.4818747 ], [ 136.925000576, 35.481874699 ], [ 136.925000577, 35.481666699 ], [ 136.925000577, 35.481457698 ], [ 136.924688576, 35.481457699 ], [ 136.924688576, 35.481249698 ], [ 136.924375574, 35.481249699 ], [ 136.924375575, 35.481041699 ], [ 136.924375575, 35.480832698 ], [ 136.924375575, 35.480624698 ], [ 136.924375575, 35.480416697 ] ] ] } },
{ "type": "Feature", "properties": { "A31a_301": "8505090066", "A31a_302": "津保川", "A31a_303": "21", "A31a_304": "岐阜県", "A31a_305": 1 }, "geometry": { "type": "Polygon", "coordinates": [ [ [ 137.002813981, 35.53854164 ], [ 137.002813981, 35.53874964 ], [ 137.002813982, 35.53895764 ], [ 137.003125984, 35.53895764 ], [ 137.003125983, 35.53874964 ], [ 137.003125982, 35.53854164 ], [ 137.002813981, 35.53854164 ] ] ] } },
{ "type": "Feature", "properties": { "A31a_301": "8505090066", "A31a_302": "津保川", "A31a_303": "21", "A31a_304": "岐阜県", "A31a_305": 1 }, "geometry": { "type": "Polygon", "coordinates": [ [ [ 136.949062679, 35.479999657 ], [ 136.949062679, 35.480207657 ], [ 136.949062679, 35.480416658 ], [ 136.949062679, 35.480624658 ], [ 136.94937568, 35.480624658 ], [ 136.94937568, 35.480832658 ], [ 136.94937568, 35.481041658 ], [ 136.949688681, 35.481041658 ], [ 136.950000682, 35.481041657 ], [ 136.950000682, 35.480832657 ], [ 136.950312683, 35.480832657 ], [ 136.950312683, 35.481041657 ], [ 136.950000682, 35.481041657 ], [ 136.950000682, 35.481249658 ], [ 136.950312683, 35.481249657 ], [ 136.950312683, 35.481457658 ], [ 136.950625684, 35.481457657 ], [ 136.950625684, 35.481666658 ], [ 136.950938685, 35.481666658 ], [ 136.950938685, 35.481457657 ], [ 136.950938685, 35.481249657 ], [ 136.951250686, 35.481249657 ], [ 136.951250686, 35.481041656 ], [ 136.950938685, 35.481041656 ], [ 136.950937685, 35.481041656 ], [ 136.950625684, 35.481041657 ], [ 136.950625684, 35.480832656 ], [ 136.950625684, 35.480624656 ], [ 136.950312683, 35.480624656 ], [ 136.950000682, 35.480624657 ], [ 136.949688681, 35.480624657 ], [ 136.949688681, 35.480416657 ], [ 136.949688681, 35.480207656 ], [ 136.949688682, 35.479999656 ], [ 136.94937568, 35.479999656 ], [ 136.949062679, 35.479999657 ] ] ] } },
{ "type": "Feature", "properties": { "A31a_301": "8505090066", "A31a_302": "津保川", "A31a_303": "21", "A31a_304": "岐阜県", "A31a_305": 1 }, "geometry": { "type": "Polygon", "coordinates": [ [ [ 137.002188977, 35.53833264 ], [ 137.002188978, 35.53854164 ], [ 137.002500979, 35.53854164 ], [ 137.002813981, 35.53854164 ], [ 137.00281398, 35.53833264 ], [ 137.002500979, 35.53833264 ], [ 137.002188977, 35.53833264 ] ] ] } },
{ "type": "Feature", "properties": { "A31a_301": "8505090066", "A31a_302": "津保川", "A31a_303": "21", "A31a_304": "岐阜県", "A31a_305": 1 }, "geometry": { "type": "Polygon", "coordinates": [ [ [ 136.923125569, 35.481457702 ], [ 136.923125569, 35.481249701 ], [ 136.922812567, 35.481249702 ], [ 136.922812567, 35.481457702 ], [ 136.923125569, 35.481457702 ] ] ] } },
{ "type": "Feature", "properties": { "A31a_301": "8505090066", "A31a_302": "津保川", "A31a_303": "21", "A31a_304": "岐阜県", "A31a_305": 1 }, "geometry": { "type": "Polygon", "coordinates": [ [ [ 137.002188977, 35.53833264 ], [ 137.002188977, 35.53812464 ], [ 137.001875975, 35.538124641 ], [ 137.001563974, 35.538124641 ], [ 137.001563973, 35.537916641 ], [ 137.001250972, 35.537916641 ], [ 137.001250971, 35.537707641 ], [ 137.00093897, 35.537707641 ], [ 137.00093797, 35.537707641 ], [ 137.000625969, 35.537707641 ], [ 137.000625968, 35.537499641 ], [ 137.000313967, 35.537499642 ], [ 137.000313966, 35.537291642 ], [ 137.000000965, 35.537291642 ], [ 137.000000964, 35.537082642 ], [ 136.999688963, 35.537082642 ], [ 136.999375961, 35.537082642 ], [ 136.99937596, 35.536874643 ], [ 136.999063959, 35.536874643 ], [ 136.998750957, 35.536874643 ], [ 136.998750958, 35.537082643 ], [ 136.999063959, 35.537082643 ], [ 136.99906396, 35.537291643 ], [ 136.999375962, 35.537291642 ], [ 136.999688963, 35.537291642 ], [ 136.999688964, 35.537499642 ], [ 137.000000965, 35.537499642 ], [ 137.000000966, 35.537707642 ], [ 137.000313967, 35.537707641 ], [ 137.000313968, 35.537916641 ], [ 137.000625969, 35.537916641 ], [ 137.000937971, 35.537916641 ], [ 137.000937971, 35.538124641 ], [ 137.001250973, 35.538124641 ], [ 137.001250973, 35.538332641 ], [ 137.001563975, 35.538332641 ], [ 137.001875976, 35.53833264 ], [ 137.002187977, 35.53833264 ], [ 137.002188977, 35.53833264 ] ] ] } },
{ "type": "Feature", "properties": { "A31a_301": "8505090066", "A31a_302": "津保川", "A31a_303": "21", "A31a_304": "岐阜県", "A31a_305": 1 }, "geometry": { "type": "Polygon", "coordinates": [ [ [ 136.959375714, 35.480624648 ], [ 136.959375714, 35.480416648 ], [ 136.959688715, 35.480416648 ], [ 136.959688715, 35.480207647 ], [ 136.959375714, 35.480207648 ], [ 136.959062713, 35.480207648 ], [ 136.959062713, 35.480416648 ], [ 136.959062713, 35.480624649 ], [ 136.959062713, 35.480832649 ], [ 136.959062713, 35.481041649 ], [ 136.959375714, 35.481041649 ], [ 136.959375714, 35.480832649 ], [ 136.959375714, 35.480624648 ] ] ] } },
{ "type": "Feature", "properties": { "A31a_301": "8505090066", "A31a_302": "津保川", "A31a_303": "21", "A31a_304": "岐阜県", "A31a_305": 1 }, "geometry": { "type": "Polygon", "coordinates": [ [ [ 136.996563948, 35.537499644 ], [ 136.996563948, 35.537291644 ], [ 136.996250946, 35.537291645 ], [ 136.996250947, 35.537499645 ], [ 136.996563948, 35.537499644 ] ] ] } },
{ "type": "Feature", "properties": { "A31a_301": "8505090066", "A31a_302": "津保川", "A31a_303": "21", "A31a_304": "岐阜県", "A31a_305": 1 }, "geometry": { "type": "Polygon", "coordinates": [ [ [ 136.895625458, 35.480207741 ], [ 136.895312457, 35.480207741 ], [ 136.895312457, 35.480416741 ], [ 136.895625458, 35.480416741 ], [ 136.895625458, 35.480207741 ] ] ] } },
{ "type": "Feature", "properties": { "A31a_301": "8505090066", "A31a_302": "津保川", "A31a_303": "21", "A31a_304": "岐阜県", "A31a_305": 1 }, "geometry": { "type": "Polygon", "coordinates": [ [ [ 136.996250946, 35.537291645 ], [ 136.996250946, 35.537082645 ], [ 136.995938944, 35.537082645 ], [ 136.995625943, 35.537082645 ], [ 136.995625942, 35.536874645 ], [ 136.995625942, 35.536666646 ], [ 136.995625941, 35.536457646 ], [ 136.995313939, 35.536457646 ], [ 136.995313939, 35.536249646 ], [ 136.995000937, 35.536249646 ], [ 136.995000937, 35.536041646 ], [ 136.995313938, 35.536041646 ], [ 136.995313939, 35.536249646 ], [ 136.99562594, 35.536249646 ], [ 136.99562594, 35.536041646 ], [ 136.995625939, 35.535832646 ], [ 136.995313938, 35.535832646 ], [ 136.995313937, 35.535624646 ], [ 136.995000936, 35.535624647 ], [ 136.994688934, 35.535624647 ], [ 136.994687934, 35.535624647 ], [ 136.994687934, 35.535416647 ], [ 136.994375932, 35.535416647 ], [ 136.994063931, 35.535416647 ], [ 136.99406393, 35.535207647 ], [ 136.99406393, 35.534999648 ], [ 136.993750928, 35.534999648 ], [ 136.993750929, 35.535207648 ], [ 136.993750929, 35.535416648 ], [ 136.99375093, 35.535624647 ], [ 136.994063931, 35.535624647 ], [ 136.994063932, 35.535832647 ], [ 136.994063932, 35.536041647 ], [ 136.994375934, 35.536041647 ], [ 136.994375934, 35.536249647 ], [ 136.994687936, 35.536249646 ], [ 136.994687936, 35.536457646 ], [ 136.995000938, 35.536457646 ], [ 136.995000939, 35.536666646 ], [ 136.99531394, 35.536666646 ], [ 136.995313941, 35.536874646 ], [ 136.995000939, 35.536874646 ], [ 136.99500094, 35.537082646 ], [ 136.994688938, 35.537082646 ], [ 136.994375937, 35.537082646 ], [ 136.994063935, 35.537082646 ], [ 136.994063936, 35.537291646 ], [ 136.994375937, 35.537291646 ], [ 136.994687939, 35.537291646 ], [ 136.994688939, 35.537291646 ], [ 136.99500094, 35.537291646 ], [ 136.995313942, 35.537291645 ], [ 136.995625943, 35.537291645 ], [ 136.995938945, 35.537291645 ], [ 136.996250946, 35.537291645 ] ] ] } },
{ "type": "Feature", "properties": { "A31a_301": "8505090066", "A31a_302": "津保川", "A31a_303": "21", "A31a_304": "岐阜県", "A31a_305": 1 }, "geometry": { "type": "Polygon", "coordinates": [ [ [ 136.924688577, 35.480207696 ], [ 136.924375575, 35.480207697 ], [ 136.924375575, 35.480416697 ], [ 136.924688577, 35.480416697 ], [ 136.924688577, 35.480207696 ] ] ] } },
{ "type": "Feature", "properties": { "A31a_301": "8505090066", "A31a_302": "津保川", "A31a_303": "21", "A31a_304": "岐阜県", "A31a_305": 1 }, "geometry": { "type": "Polygon", "coordinates": [ [ [ 136.873750396, 35.479999755 ], [ 136.873750396, 35.479791755 ], [ 136.873438395, 35.479791755 ], [ 136.873438395, 35.479999755 ], [ 136.873750396, 35.479999755 ] ] ] } },
{ "type": "Feature", "properties": { "A31a_301": "8505090066", "A31a_302": "津保川", "A31a_303": "21", "A31a_304": "岐阜県", "A31a_305": 1 }, "geometry": { "type": "Polygon", "coordinates": [ [ [ 136.994063935, 35.537082646 ], [ 136.994063935, 35.536874647 ], [ 136.993750933, 35.536874647 ], [ 136.993750934, 35.537082647 ], [ 136.994063935, 35.537082646 ] ] ] } },
{ "type": "Feature", "properties": { "A31a_301": "8505090066", "A31a_302": "津保川", "A31a_303": "21", "A31a_304": "岐阜県", "A31a_305": 1 }, "geometry": { "type": "Polygon", "coordinates": [ [ [ 136.868125384, 35.479791755 ], [ 136.867813383, 35.479791755 ], [ 136.867813383, 35.479999755 ], [ 136.868125384, 35.479999755 ], [ 136.868437385, 35.479999755 ], [ 136.868438385, 35.479999755 ], [ 136.868438385, 35.479791755 ], [ 136.868125384, 35.479791755 ] ] ] } },
{ "type": "Feature", "properties": { "A31a_301": "8505090066", "A31a_302": "津保川", "A31a_303": "21", "A31a_304": "岐阜県", "A31a_305": 1 }, "geometry": { "type": "Polygon", "coordinates": [ [ [ 136.996875948, 35.536666645 ], [ 136.996563946, 35.536666645 ], [ 136.996563947, 35.536874645 ], [ 136.996563947, 35.537082645 ], [ 136.996875949, 35.537082644 ], [ 136.996875948, 35.536874644 ], [ 136.996875948, 35.536666645 ] ] ] } },
{ "type": "Feature", "properties": { "A31a_301": "8505090066", "A31a_302": "津保川", "A31a_303": "21", "A31a_304": "岐阜県", "A31a_305": 1 }, "geometry": { "type": "Polygon", "coordinates": [ [ [ 136.928750595, 35.479999689 ], [ 136.928750595, 35.479791688 ], [ 136.928438593, 35.479791689 ], [ 136.928438593, 35.479999689 ], [ 136.928750595, 35.479999689 ] ] ] } },
{ "type": "Feature", "properties": { "A31a_301": "8505090066", "A31a_302": "津保川", "A31a_303": "21", "A31a_304": "岐阜県", "A31a_305": 1 }, "geometry": { "type": "Polygon", "coordinates": [ [ [ 136.993750933, 35.536874647 ], [ 136.993750933, 35.536666647 ], [ 136.993750932, 35.536457647 ], [ 136.99343893, 35.536457647 ], [ 136.99343893, 35.536249647 ], [ 136.993125928, 35.536249648 ], [ 136.993125929, 35.536457648 ], [ 136.99343793, 35.536457647 ], [ 136.993437931, 35.536666647 ], [ 136.993125929, 35.536666647 ], [ 136.99312593, 35.536874647 ], [ 136.993437932, 35.536874647 ], [ 136.993438932, 35.536874647 ], [ 136.993750933, 35.536874647 ] ] ] } },
{ "type": "Feature", "properties": { "A31a_301": "8505090066", "A31a_302": "津保川", "A31a_303": "21", "A31a_304": "岐阜県", "A31a_305": 1 }, "geometry": { "type": "Polygon", "coordinates": [ [ [ 136.949062679, 35.479999657 ], [ 136.949062679, 35.479791657 ], [ 136.949062679, 35.479582656 ], [ 136.948750678, 35.479582657 ], [ 136.948750678, 35.479791657 ], [ 136.948750678, 35.479999657 ], [ 136.949062679, 35.479999657 ] ] ] } },
{ "type": "Feature", "properties": { "A31a_301": "8505090066", "A31a_302": "津保川", "A31a_303": "21", "A31a_304": "岐阜県", "A31a_305": 1 }, "geometry": { "type": "Polygon", "coordinates": [ [ [ 136.998750957, 35.536874643 ], [ 136.998750957, 35.536666643 ], [ 136.998438955, 35.536666643 ], [ 136.998438955, 35.536457644 ], [ 136.998125953, 35.536457644 ], [ 136.998125952, 35.536249644 ], [ 136.998125952, 35.536041644 ], [ 136.998125951, 35.535832644 ], [ 136.998125951, 35.535624644 ], [ 136.997813949, 35.535624645 ], [ 136.99781395, 35.535832644 ], [ 136.997500948, 35.535832645 ], [ 136.997188947, 35.535832645 ], [ 136.997188946, 35.535624645 ], [ 136.997188946, 35.535416645 ], [ 136.996875944, 35.535416645 ], [ 136.996875944, 35.535207645 ], [ 136.996563942, 35.535207646 ], [ 136.996563941, 35.534999646 ], [ 136.99625094, 35.534999646 ], [ 136.996250939, 35.534791646 ], [ 136.995938938, 35.534791646 ], [ 136.995625936, 35.534791647 ], [ 136.995625936, 35.534582647 ], [ 136.995313934, 35.534582647 ], [ 136.995313934, 35.534374647 ], [ 136.995313933, 35.534166647 ], [ 136.995313933, 35.533957647 ], [ 136.995625934, 35.533957647 ], [ 136.995938936, 35.533957647 ], [ 136.995938935, 35.533749647 ], [ 136.995938934, 35.533541647 ], [ 136.996250936, 35.533541647 ], [ 136.996250935, 35.533332647 ], [ 136.996250935, 35.533124647 ], [ 136.995938933, 35.533124647 ], [ 136.995625932, 35.533124647 ], [ 136.995625931, 35.532916648 ], [ 136.995625931, 35.532707648 ], [ 136.995938932, 35.532707648 ], [ 136.995938932, 35.532499648 ], [ 136.995938931, 35.532291648 ], [ 136.99593893, 35.532082648 ], [ 136.99593893, 35.531874648 ], [ 136.995625928, 35.531874648 ], [ 136.995625928, 35.531666648 ], [ 136.995625927, 35.531457648 ], [ 136.995625927, 35.531249649 ], [ 136.995625926, 35.531041649 ], [ 136.995313925, 35.531041649 ], [ 136.995313924, 35.530832649 ], [ 136.995313924, 35.530624649 ], [ 136.995313923, 35.530416649 ], [ 136.995313923, 35.530207649 ], [ 136.995000921, 35.530207649 ], [ 136.995000921, 35.52999965 ], [ 136.994688919, 35.52999965 ], [ 136.994688919, 35.52979165 ], [ 136.994375917, 35.52979165 ], [ 136.994063916, 35.52979165 ], [ 136.994063917, 35.52999965 ], [ 136.994063917, 35.53020765 ], [ 136.994375919, 35.53020765 ], [ 136.994375919, 35.53041665 ], [ 136.99437592, 35.53062465 ], [ 136.99437592, 35.530832649 ], [ 136.994375921, 35.531041649 ], [ 136.994375921, 35.531249649 ], [ 136.994375922, 35.531457649 ], [ 136.994375922, 35.531666649 ], [ 136.994375923, 35.531874649 ], [ 136.994375923, 35.532082649 ], [ 136.994063922, 35.532082649 ], [ 136.994063922, 35.532291649 ], [ 136.994375924, 35.532291649 ], [ 136.994375924, 35.532499649 ], [ 136.994687926, 35.532499648 ], [ 136.994688926, 35.532499648 ], [ 136.994688926, 35.532707648 ], [ 136.994688927, 35.532916648 ], [ 136.994688927, 35.533124648 ], [ 136.994688928, 35.533332648 ], [ 136.994687928, 35.533332648 ], [ 136.994375927, 35.533332648 ], [ 136.994375927, 35.533541648 ], [ 136.994375928, 35.533749648 ], [ 136.994375928, 35.533957648 ], [ 136.994375929, 35.534166648 ], [ 136.994375929, 35.534374648 ], [ 136.99437593, 35.534582648 ], [ 136.994687931, 35.534582647 ], [ 136.994688931, 35.534582647 ], [ 136.995000933, 35.534582647 ], [ 136.995000933, 35.534791647 ], [ 136.995000934, 35.534999647 ], [ 136.995313935, 35.534999647 ], [ 136.995313936, 35.535207647 ], [ 136.995313937, 35.535416646 ], [ 136.995625938, 35.535416646 ], [ 136.99593894, 35.535416646 ], [ 136.996250941, 35.535416646 ], [ 136.996250942, 35.535624646 ], [ 136.996250942, 35.535832646 ], [ 136.996563944, 35.535832645 ], [ 136.996563944, 35.536041645 ], [ 136.996563945, 35.536249645 ], [ 136.996875946, 35.536249645 ], [ 136.997188948, 35.536249645 ], [ 136.997188949, 35.536457644 ], [ 136.997188949, 35.536666644 ], [ 136.997500951, 35.536666644 ], [ 136.997813952, 35.536666644 ], [ 136.997813953, 35.536874644 ], [ 136.998125954, 35.536874644 ], [ 136.998438956, 35.536874643 ], [ 136.998750957, 35.536874643 ] ] ] } },
{ "type": "Feature", "properties": { "A31a_301": "8505090066", "A31a_302": "津保川", "A31a_303": "21", "A31a_304": "岐阜県", "A31a_305": 1 }, "geometry": { "type": "Polygon", "coordinates": [ [ [ 136.867188382, 35.479582755 ], [ 136.866875381, 35.479582755 ], [ 136.866875381, 35.479791755 ], [ 136.867188382, 35.479791755 ], [ 136.867500383, 35.479791755 ], [ 136.867500383, 35.479582755 ], [ 136.867188382, 35.479582755 ] ] ] } },
{ "type": "Feature", "properties": { "A31a_301": "8505090066", "A31a_302": "津保川", "A31a_303": "21", "A31a_304": "岐阜県", "A31a_305": 1 }, "geometry": { "type": "Polygon", "coordinates": [ [ [ 136.900937477, 35.479374734 ], [ 136.900625476, 35.479374734 ], [ 136.900625476, 35.479582735 ], [ 136.900937477, 35.479582734 ], [ 136.900937477, 35.479374734 ] ] ] } },
{ "type": "Feature", "properties": { "A31a_301": "8505090066", "A31a_302": "津保川", "A31a_303": "21", "A31a_304": "岐阜県", "A31a_305": 1 }, "geometry": { "type": "Polygon", "coordinates": [ [ [ 136.905625497, 35.478541725 ], [ 136.905313496, 35.478541726 ], [ 136.905000495, 35.478541726 ], [ 136.904688494, 35.478541727 ], [ 136.904687494, 35.478541727 ], [ 136.904375492, 35.478541727 ], [ 136.904375492, 35.478749728 ], [ 136.904063491, 35.478749728 ], [ 136.904063491, 35.478957728 ], [ 136.90406349, 35.479166729 ], [ 136.904375492, 35.479166728 ], [ 136.904375491, 35.479374729 ], [ 136.904375491, 35.479582729 ], [ 136.904688492, 35.479582729 ], [ 136.904688493, 35.479374728 ], [ 136.904688493, 35.479166728 ], [ 136.905000494, 35.479166728 ], [ 136.905000494, 35.478957727 ], [ 136.905313496, 35.478957727 ], [ 136.905313496, 35.478749726 ], [ 136.905625497, 35.478749726 ], [ 136.905625497, 35.478541725 ] ] ] } },
{ "type": "Feature", "properties": { "A31a_301": "8505090066", "A31a_302": "津保川", "A31a_303": "21", "A31a_304": "岐阜県", "A31a_305": 1 }, "geometry": { "type": "Polygon", "coordinates": [ [ [ 136.932500611, 35.479582681 ], [ 136.932500611, 35.479374681 ], [ 136.93218861, 35.479374682 ], [ 136.93218861, 35.479166681 ], [ 136.931875609, 35.479166682 ], [ 136.931563608, 35.479166682 ], [ 136.931563607, 35.479374683 ], [ 136.931875609, 35.479374682 ], [ 136.931875609, 35.479582682 ], [ 136.93218761, 35.479582682 ], [ 136.93218861, 35.479582682 ], [ 136.932500611, 35.479582681 ] ] ] } },
{ "type": "Feature", "properties": { "A31a_301": "8505090066", "A31a_302": "津保川", "A31a_303": "21", "A31a_304": "岐阜県", "A31a_305": 1 }, "geometry": { "type": "Polygon", "coordinates": [ [ [ 136.950625685, 35.479374654 ], [ 136.950312684, 35.479374654 ], [ 136.950312684, 35.479582655 ], [ 136.950625685, 35.479582654 ], [ 136.950625685, 35.479374654 ] ] ] } },
{ "type": "Feature", "properties": { "A31a_301": "8505090066", "A31a_302": "津保川", "A31a_303": "21", "A31a_304": "岐阜県", "A31a_305": 1 }, "geometry": { "type": "Polygon", "coordinates": [ [ [ 136.993750928, 35.534999648 ], [ 136.993750928, 35.534791648 ], [ 136.993750927, 35.534582648 ], [ 136.993750926, 35.534374648 ], [ 136.993750926, 35.534166648 ], [ 136.993750925, 35.533957648 ], [ 136.993750925, 35.533749648 ], [ 136.993750924, 35.533541649 ], [ 136.993750924, 35.533332649 ], [ 136.993750923, 35.533124649 ], [ 136.993750923, 35.532916649 ], [ 136.993750922, 35.532707649 ], [ 136.993750922, 35.532499649 ], [ 136.993750921, 35.532291649 ], [ 136.99343892, 35.532291649 ], [ 136.993438919, 35.532082649 ], [ 136.993438919, 35.53187465 ], [ 136.993438918, 35.53166665 ], [ 136.993438918, 35.53145765 ], [ 136.993438917, 35.53124965 ], [ 136.993125916, 35.53124965 ], [ 136.993125915, 35.53104165 ], [ 136.993125915, 35.53083265 ], [ 136.993438916, 35.53083265 ], [ 136.993438915, 35.53062465 ], [ 136.993125914, 35.53062465 ], [ 136.993125914, 35.53041665 ], [ 136.992813912, 35.530416651 ], [ 136.992813912, 35.530207651 ], [ 136.99250091, 35.530207651 ], [ 136.992188909, 35.530207651 ], [ 136.992188909, 35.530416651 ], [ 136.991875908, 35.530416651 ], [ 136.991875908, 35.530207651 ], [ 136.991563906, 35.530207651 ], [ 136.991250905, 35.530207652 ], [ 136.991250905, 35.530416652 ], [ 136.990938904, 35.530416652 ], [ 136.990625902, 35.530416652 ], [ 136.990313901, 35.530416652 ], [ 136.9900009, 35.530416652 ], [ 136.989688898, 35.530416652 ], [ 136.989375897, 35.530416653 ], [ 136.989375896, 35.530207653 ], [ 136.989063895, 35.530207653 ], [ 136.989063895, 35.529999653 ], [ 136.988750893, 35.529999653 ], [ 136.988438892, 35.529999653 ], [ 136.988125891, 35.529999654 ], [ 136.98812589, 35.529791654 ], [ 136.98812589, 35.529582654 ], [ 136.987813888, 35.529582654 ], [ 136.987813888, 35.529374654 ], [ 136.987500887, 35.529374654 ], [ 136.987188885, 35.529374654 ], [ 136.987188885, 35.529166654 ], [ 136.986875883, 35.529166655 ], [ 136.986875883, 35.528957655 ], [ 136.986875882, 35.528749655 ], [ 136.986562881, 35.528749655 ], [ 136.986562881, 35.528957655 ], [ 136.98625088, 35.528957655 ], [ 136.986250879, 35.528749655 ], [ 136.985938878, 35.528749656 ], [ 136.985938877, 35.528541656 ], [ 136.985938877, 35.528332656 ], [ 136.985938877, 35.528124656 ], [ 136.985625875, 35.528124656 ], [ 136.985625875, 35.527916656 ], [ 136.985625874, 35.527707656 ], [ 136.985312873, 35.527707657 ], [ 136.985312873, 35.527916657 ], [ 136.985312874, 35.528124656 ], [ 136.985000872, 35.528124657 ], [ 136.985000873, 35.528332657 ], [ 136.985000873, 35.528541657 ], [ 136.984688871, 35.528541657 ], [ 136.984688872, 35.528749657 ], [ 136.984688872, 35.528957657 ], [ 136.984688873, 35.529166657 ], [ 136.985000874, 35.529166656 ], [ 136.985000875, 35.529374656 ], [ 136.985312876, 35.529374656 ], [ 136.985312876, 35.529582656 ], [ 136.985625878, 35.529582656 ], [ 136.985625878, 35.529791656 ], [ 136.985625879, 35.529999656 ], [ 136.98593888, 35.529999655 ], [ 136.985938881, 35.530207655 ], [ 136.986250882, 35.530207655 ], [ 136.986250883, 35.530416655 ], [ 136.986562884, 35.530416655 ], [ 136.986562885, 35.530624655 ], [ 136.986875886, 35.530624654 ], [ 136.987188888, 35.530624654 ], [ 136.987188888, 35.530832654 ], [ 136.987500889, 35.530832654 ], [ 136.987813891, 35.530832653 ], [ 136.987813891, 35.531041653 ], [ 136.988125893, 35.531041653 ], [ 136.988125893, 35.531249653 ], [ 136.988125894, 35.531457653 ], [ 136.988125894, 35.531666653 ], [ 136.988438895, 35.531666653 ], [ 136.988750897, 35.531666653 ], [ 136.988750897, 35.531874652 ], [ 136.988750898, 35.532082652 ], [ 136.989063899, 35.532082652 ], [ 136.989063899, 35.531874652 ], [ 136.989063898, 35.531666652 ], [ 136.9893759, 35.531666652 ], [ 136.989375899, 35.531457652 ], [ 136.989688901, 35.531457652 ], [ 136.9896889, 35.531249652 ], [ 136.990000902, 35.531249652 ], [ 136.990313903, 35.531249652 ], [ 136.990625904, 35.531249652 ], [ 136.990625904, 35.531041652 ], [ 136.990938905, 35.531041651 ], [ 136.991250907, 35.531041651 ], [ 136.991563908, 35.531041651 ], [ 136.991563909, 35.531249651 ], [ 136.99187591, 35.531249651 ], [ 136.99187591, 35.531457651 ], [ 136.992188912, 35.531457651 ], [ 136.992500913, 35.53145765 ], [ 136.992500914, 35.53166665 ], [ 136.992813915, 35.53166665 ], [ 136.992813916, 35.53187465 ], [ 136.992813916, 35.53208265 ], [ 136.993125918, 35.53208265 ], [ 136.993125918, 35.53229165 ], [ 136.993125919, 35.532499649 ], [ 136.99343792, 35.532499649 ], [ 136.993437921, 35.532707649 ], [ 136.993437921, 35.532916649 ], [ 136.993437922, 35.533124649 ], [ 136.993437922, 35.533332649 ], [ 136.993437923, 35.533541649 ], [ 136.993437923, 35.533749649 ], [ 136.993437924, 35.533957649 ], [ 136.993437924, 35.534166648 ], [ 136.993437925, 35.534374648 ], [ 136.993437925, 35.534582648 ], [ 136.993437926, 35.534791648 ], [ 136.993437927, 35.534999648 ], [ 136.993750928, 35.534999648 ] ] ] } },
{ "type": "Feature", "properties": { "A31a_301": "8505090066", "A31a_302": "津保川", "A31a_303": "21", "A31a_304": "岐阜県", "A31a_305": 1 }, "geometry": { "type": "Polygon", "coordinates": [ [ [ 136.881563416, 35.47895775 ], [ 136.881250415, 35.47895775 ], [ 136.880938415, 35.478957751 ], [ 136.880937415, 35.478957751 ], [ 136.880625414, 35.478957751 ], [ 136.880625414, 35.479166751 ], [ 136.880313413, 35.479166751 ], [ 136.880313413, 35.479374751 ], [ 136.880625413, 35.479374751 ], [ 136.880937414, 35.479374751 ], [ 136.880938414, 35.479374751 ], [ 136.881250415, 35.479374751 ], [ 136.881250415, 35.479166751 ], [ 136.881563416, 35.479166751 ], [ 136.881563416, 35.47895775 ] ] ] } },
{ "type": "Feature", "properties": { "A31a_301": "8505090066", "A31a_302": "津保川", "A31a_303": "21", "A31a_304": "岐阜県", "A31a_305": 1 }, "geometry": { "type": "Polygon", "coordinates": [ [ [ 136.894375455, 35.47895774 ], [ 136.894062454, 35.47895774 ], [ 136.894062454, 35.479166741 ], [ 136.894062454, 35.479374741 ], [ 136.894375455, 35.479374741 ], [ 136.894687456, 35.47937474 ], [ 136.894687456, 35.47916674 ], [ 136.894687456, 35.47895774 ], [ 136.894375455, 35.47895774 ] ] ] } },
{ "type": "Feature", "properties": { "A31a_301": "8505090066", "A31a_302": "津保川", "A31a_303": "21", "A31a_304": "岐阜県", "A31a_305": 1 }, "geometry": { "type": "Polygon", "coordinates": [ [ [ 136.988438875, 35.522291656 ], [ 136.988750876, 35.522291656 ], [ 136.988750877, 35.522499656 ], [ 136.988438876, 35.522499656 ], [ 136.988438876, 35.522707656 ], [ 136.988438877, 35.522916656 ], [ 136.988438877, 35.523124656 ], [ 136.988125876, 35.523124656 ], [ 136.988125876, 35.523332656 ], [ 136.988125877, 35.523541656 ], [ 136.988125877, 35.523749656 ], [ 136.988125878, 35.523957656 ], [ 136.988125878, 35.524166656 ], [ 136.987813877, 35.524166656 ], [ 136.987813878, 35.524374656 ], [ 136.987813878, 35.524582656 ], [ 136.987813879, 35.524791655 ], [ 136.987813879, 35.524999655 ], [ 136.987500878, 35.524999656 ], [ 136.987500878, 35.525207655 ], [ 136.987500879, 35.525416655 ], [ 136.98781388, 35.525416655 ], [ 136.98781388, 35.525624655 ], [ 136.987500879, 35.525624655 ], [ 136.987500879, 35.525832655 ], [ 136.987188878, 35.525832656 ], [ 136.987188878, 35.526041655 ], [ 136.987188879, 35.526249655 ], [ 136.987188879, 35.526457655 ], [ 136.98718888, 35.526666655 ], [ 136.986875878, 35.526666656 ], [ 136.986875879, 35.526874655 ], [ 136.986875879, 35.527082655 ], [ 136.986875879, 35.527291655 ], [ 136.98687588, 35.527499655 ], [ 136.98687588, 35.527707655 ], [ 136.986562879, 35.527707655 ], [ 136.986562879, 35.527916655 ], [ 136.98656288, 35.528124655 ], [ 136.98656288, 35.528332655 ], [ 136.986875881, 35.528332655 ], [ 136.987188883, 35.528332655 ], [ 136.987188883, 35.528541655 ], [ 136.987188884, 35.528749655 ], [ 136.987500885, 35.528749654 ], [ 136.987813887, 35.528749654 ], [ 136.987813887, 35.528957654 ], [ 136.988125888, 35.528957654 ], [ 136.98843889, 35.528957654 ], [ 136.98843889, 35.529166654 ], [ 136.988438891, 35.529374654 ], [ 136.988750892, 35.529374653 ], [ 136.988750892, 35.529582653 ], [ 136.989063894, 35.529582653 ], [ 136.989063894, 35.529791653 ], [ 136.989375896, 35.529791653 ], [ 136.989375895, 35.529582653 ], [ 136.989688896, 35.529582653 ], [ 136.989688896, 35.529374653 ], [ 136.990000897, 35.529374653 ], [ 136.990313899, 35.529374653 ], [ 136.9906259, 35.529374652 ], [ 136.990938901, 35.529374652 ], [ 136.991250903, 35.529374652 ], [ 136.991250902, 35.529166652 ], [ 136.990938901, 35.529166652 ], [ 136.9906259, 35.529166652 ], [ 136.990313898, 35.529166653 ], [ 136.990000897, 35.529166653 ], [ 136.990000896, 35.528957653 ], [ 136.989688895, 35.528957653 ], [ 136.989688895, 35.528749653 ], [ 136.989375893, 35.528749653 ], [ 136.989375893, 35.528541653 ], [ 136.989063892, 35.528541654 ], [ 136.98875089, 35.528541654 ], [ 136.98875089, 35.528332654 ], [ 136.988438888, 35.528332654 ], [ 136.988438888, 35.528124654 ], [ 136.988125887, 35.528124654 ], [ 136.988125886, 35.527916654 ], [ 136.988125886, 35.527707654 ], [ 136.988125885, 35.527499654 ], [ 136.988438887, 35.527499654 ], [ 136.988438886, 35.527291654 ], [ 136.988438886, 35.527082654 ], [ 136.988438885, 35.526874654 ], [ 136.988750887, 35.526874654 ], [ 136.988750886, 35.526666654 ], [ 136.989063888, 35.526666654 ], [ 136.989375889, 35.526666654 ], [ 136.989375888, 35.526457654 ], [ 136.989375888, 35.526249654 ], [ 136.989375888, 35.526041654 ], [ 136.989375887, 35.525832654 ], [ 136.989688888, 35.525832654 ], [ 136.989688888, 35.525624654 ], [ 136.989688887, 35.525416654 ], [ 136.989688887, 35.525207655 ], [ 136.989688887, 35.524999655 ], [ 136.989688886, 35.524791655 ], [ 136.990000887, 35.524791655 ], [ 136.990000887, 35.524582655 ], [ 136.990000886, 35.524374655 ], [ 136.990000886, 35.524166655 ], [ 136.990000885, 35.523957655 ], [ 136.990000885, 35.523749655 ], [ 136.990000884, 35.523541655 ], [ 136.990000884, 35.523332655 ], [ 136.990000883, 35.523124655 ], [ 136.990000883, 35.522916655 ], [ 136.989688881, 35.522916655 ], [ 136.989688881, 35.522707655 ], [ 136.98968888, 35.522499655 ], [ 136.98968888, 35.522291655 ], [ 136.989688879, 35.522082656 ], [ 136.989688879, 35.521874656 ], [ 136.989375878, 35.521874656 ], [ 136.989375877, 35.521666656 ], [ 136.989375876, 35.521457656 ], [ 136.989688878, 35.521457656 ], [ 136.989688877, 35.521249656 ], [ 136.990000878, 35.521249656 ], [ 136.990000878, 35.521041656 ], [ 136.989688877, 35.521041656 ], [ 136.989375875, 35.521041656 ], [ 136.989375875, 35.520832656 ], [ 136.989375874, 35.520624656 ], [ 136.989375874, 35.520416656 ], [ 136.989375873, 35.520207656 ], [ 136.989375873, 35.519999656 ], [ 136.989375872, 35.519791656 ], [ 136.989375872, 35.519582657 ], [ 136.989375871, 35.519374657 ], [ 136.989375871, 35.519166657 ], [ 136.98937587, 35.518957657 ], [ 136.989688871, 35.518957657 ], [ 136.989688871, 35.518749657 ], [ 136.990000872, 35.518749657 ], [ 136.990000871, 35.518541657 ], [ 136.990313873, 35.518541656 ], [ 136.990313872, 35.518332657 ], [ 136.990313871, 35.518124657 ], [ 136.99000087, 35.518124657 ], [ 136.990000871, 35.518332657 ], [ 136.98968887, 35.518332657 ], [ 136.98968887, 35.518541657 ], [ 136.989375869, 35.518541657 ], [ 136.98937587, 35.518749657 ], [ 136.989063869, 35.518749657 ], [ 136.989063868, 35.518541657 ], [ 136.988750867, 35.518541657 ], [ 136.988750867, 35.518332657 ], [ 136.988750866, 35.518124657 ], [ 136.988438865, 35.518124657 ], [ 136.988125864, 35.518124658 ], [ 136.988125863, 35.517916658 ], [ 136.988125863, 35.517707658 ], [ 136.988125862, 35.517499658 ], [ 136.988125862, 35.517291658 ], [ 136.987813861, 35.517291658 ], [ 136.987813861, 35.517499658 ], [ 136.987813862, 35.517707658 ], [ 136.987813862, 35.517916658 ], [ 136.987813863, 35.518124658 ], [ 136.987813863, 35.518332658 ], [ 136.987500862, 35.518332658 ], [ 136.987500863, 35.518541658 ], [ 136.987813864, 35.518541658 ], [ 136.988125865, 35.518541657 ], [ 136.988125865, 35.518749657 ], [ 136.988438866, 35.518749657 ], [ 136.988438867, 35.518957657 ], [ 136.988438867, 35.519166657 ], [ 136.988438868, 35.519374657 ], [ 136.988125867, 35.519374657 ], [ 136.988125866, 35.519166657 ], [ 136.987813865, 35.519166657 ], [ 136.987500864, 35.519166657 ], [ 136.987500865, 35.519374657 ], [ 136.987188863, 35.519374658 ], [ 136.987188864, 35.519582658 ], [ 136.987188864, 35.519791658 ], [ 136.987188865, 35.519999657 ], [ 136.987500866, 35.519999657 ], [ 136.987500867, 35.520207657 ], [ 136.987500867, 35.520416657 ], [ 136.987813868, 35.520416657 ], [ 136.987813869, 35.520624657 ], [ 136.987813869, 35.520832657 ], [ 136.98812587, 35.520832657 ], [ 136.988125871, 35.521041657 ], [ 136.988125871, 35.521249657 ], [ 136.988125872, 35.521457656 ], [ 136.988125872, 35.521666656 ], [ 136.988125873, 35.521874656 ], [ 136.988438874, 35.521874656 ], [ 136.988438875, 35.522082656 ], [ 136.988438875, 35.522291656 ] ], [ [ 136.987813867, 35.519999657 ], [ 136.987813867, 35.519791657 ], [ 136.988125868, 35.519791657 ], [ 136.988125867, 35.519582657 ], [ 136.988438868, 35.519582657 ], [ 136.98875087, 35.519582657 ], [ 136.98875087, 35.519791657 ], [ 136.988750871, 35.519999657 ], [ 136.988750871, 35.520207657 ], [ 136.989063872, 35.520207656 ], [ 136.989063873, 35.520416656 ], [ 136.988750872, 35.520416657 ], [ 136.988750872, 35.520624656 ], [ 136.988438871, 35.520624657 ], [ 136.98843887, 35.520416657 ], [ 136.988125869, 35.520416657 ], [ 136.988125869, 35.520207657 ], [ 136.988125868, 35.519999657 ], [ 136.987813867, 35.519999657 ] ] ] } },
{ "type": "Feature", "properties": { "A31a_301": "8505090066", "A31a_302": "津保川", "A31a_303": "21", "A31a_304": "岐阜県", "A31a_305": 1 }, "geometry": { "type": "Polygon", "coordinates": [ [ [ 136.89875047, 35.478957736 ], [ 136.898438469, 35.478957736 ], [ 136.898438468, 35.479166736 ], [ 136.898438468, 35.479374737 ], [ 136.898750469, 35.479374736 ], [ 136.898750469, 35.479166736 ], [ 136.89875047, 35.478957736 ] ] ] } },
{ "type": "Feature", "properties": { "A31a_301": "8505090066", "A31a_302": "津保川", "A31a_303": "21", "A31a_304": "岐阜県", "A31a_305": 1 }, "geometry": { "type": "Polygon", "coordinates": [ [ [ 136.939375641, 35.478957669 ], [ 136.939375641, 35.47916667 ], [ 136.939687642, 35.479166669 ], [ 136.939687642, 35.479374669 ], [ 136.940000643, 35.479374669 ], [ 136.940000643, 35.479166669 ], [ 136.939688642, 35.479166669 ], [ 136.939688642, 35.478957669 ], [ 136.939375641, 35.478957669 ] ] ] } },
{ "type": "Feature", "properties": { "A31a_301": "8505090066", "A31a_302": "津保川", "A31a_303": "21", "A31a_304": "岐阜県", "A31a_305": 1 }, "geometry": { "type": "Polygon", "coordinates": [ [ [ 136.95812571, 35.474374639 ], [ 136.95812571, 35.474582639 ], [ 136.958438711, 35.474582639 ], [ 136.958438711, 35.474791639 ], [ 136.95812571, 35.47479164 ], [ 136.957812709, 35.47479164 ], [ 136.957812709, 35.474582639 ], [ 136.957500708, 35.47458264 ], [ 136.957500708, 35.47479164 ], [ 136.957500708, 35.474999641 ], [ 136.957188707, 35.474999641 ], [ 136.957188707, 35.475207641 ], [ 136.957187707, 35.475207641 ], [ 136.957187707, 35.475416642 ], [ 136.957187707, 35.475624642 ], [ 136.957187707, 35.475832642 ], [ 136.957500708, 35.475832642 ], [ 136.957500708, 35.476041642 ], [ 136.957500708, 35.476249643 ], [ 136.957500708, 35.476457643 ], [ 136.957500708, 35.476666643 ], [ 136.957812709, 35.476666643 ], [ 136.957812709, 35.476874643 ], [ 136.957812709, 35.477082644 ], [ 136.957812709, 35.477291644 ], [ 136.957812709, 35.477499644 ], [ 136.957812709, 35.477707645 ], [ 136.95812571, 35.477707645 ], [ 136.95812571, 35.477916645 ], [ 136.95812571, 35.478124645 ], [ 136.95812571, 35.478332646 ], [ 136.95812571, 35.478541646 ], [ 136.958438711, 35.478541646 ], [ 136.958438711, 35.478749646 ], [ 136.958438711, 35.478957646 ], [ 136.958438711, 35.479166647 ], [ 136.958438711, 35.479374647 ], [ 136.958750712, 35.479374647 ], [ 136.959062713, 35.479374646 ], [ 136.959062713, 35.479166646 ], [ 136.959375714, 35.479166646 ], [ 136.959375714, 35.478957645 ], [ 136.959375714, 35.478749645 ], [ 136.959688715, 35.478749645 ], [ 136.959688714, 35.478541645 ], [ 136.960000715, 35.478541644 ], [ 136.960000715, 35.478332644 ], [ 136.960312716, 35.478332644 ], [ 136.960312716, 35.478124643 ], [ 136.960312716, 35.477916643 ], [ 136.960625717, 35.477916643 ], [ 136.960625717, 35.477707642 ], [ 136.960625717, 35.477499642 ], [ 136.960938718, 35.477499642 ], [ 136.960938718, 35.477291641 ], [ 136.960938718, 35.477082641 ], [ 136.960938718, 35.476874641 ], [ 136.960938718, 35.47666664 ], [ 136.961250719, 35.47666664 ], [ 136.961250719, 35.47645764 ], [ 136.961250719, 35.476249639 ], [ 136.961250719, 35.476041639 ], [ 136.961250719, 35.475832639 ], [ 136.961250719, 35.475624638 ], [ 136.960938718, 35.475624639 ], [ 136.960625717, 35.475624639 ], [ 136.960312716, 35.475624639 ], [ 136.960000715, 35.475624639 ], [ 136.960000715, 35.475416639 ], [ 136.959688714, 35.475416639 ], [ 136.959688714, 35.475207639 ], [ 136.959688714, 35.474999639 ], [ 136.959375713, 35.474999639 ], [ 136.959375713, 35.474791639 ], [ 136.959062712, 35.474791639 ], [ 136.959062712, 35.474582638 ], [ 136.958750711, 35.474582639 ], [ 136.958750711, 35.474374638 ], [ 136.958438711, 35.474374639 ], [ 136.95812571, 35.474374639 ] ] ] } },
{ "type": "Feature", "properties": { "A31a_301": "8505090066", "A31a_302": "津保川", "A31a_303": "21", "A31a_304": "岐阜県", "A31a_305": 1 }, "geometry": { "type": "Polygon", "coordinates": [ [ [ 136.994063916, 35.52979165 ], [ 136.994063916, 35.52958265 ], [ 136.993750914, 35.52958265 ], [ 136.993438913, 35.529582651 ], [ 136.993437913, 35.529582651 ], [ 136.993125912, 35.529582651 ], [ 136.99281391, 35.529582651 ], [ 136.992813911, 35.529791651 ], [ 136.993125912, 35.529791651 ], [ 136.993437913, 35.529791651 ], [ 136.993438913, 35.529791651 ], [ 136.993750915, 35.52979165 ], [ 136.994063916, 35.52979165 ] ] ] } },
{ "type": "Feature", "properties": { "A31a_301": "8505090066", "A31a_302": "津保川", "A31a_303": "21", "A31a_304": "岐阜県", "A31a_305": 1 }, "geometry": { "type": "Polygon", "coordinates": [ [ [ 136.992188907, 35.529582651 ], [ 136.992188907, 35.529374651 ], [ 136.991875906, 35.529374652 ], [ 136.991563904, 35.529374652 ], [ 136.991563905, 35.529582652 ], [ 136.991875906, 35.529582652 ], [ 136.992188907, 35.529582651 ] ] ] } },
{ "type": "Feature", "properties": { "A31a_301": "8505090066", "A31a_302": "津保川", "A31a_303": "21", "A31a_304": "岐阜県", "A31a_305": 1 }, "geometry": { "type": "Polygon", "coordinates": [ [ [ 136.985938873, 35.526041657 ], [ 136.985625871, 35.526041657 ], [ 136.985625871, 35.526249657 ], [ 136.985625872, 35.526457657 ], [ 136.985625872, 35.526666657 ], [ 136.985625873, 35.526874657 ], [ 136.985625873, 35.527082657 ], [ 136.985625873, 35.527291656 ], [ 136.985938875, 35.527291656 ], [ 136.985938875, 35.527082656 ], [ 136.985938874, 35.526874656 ], [ 136.985938874, 35.526666656 ], [ 136.985938873, 35.526457656 ], [ 136.985938873, 35.526249657 ], [ 136.985938873, 35.526041657 ] ] ] } },
{ "type": "Feature", "properties": { "A31a_301": "8505090066", "A31a_302": "津保川", "A31a_303": "21", "A31a_304": "岐阜県", "A31a_305": 1 }, "geometry": { "type": "Polygon", "coordinates": [ [ [ 136.982500856, 35.52583266 ], [ 136.982812857, 35.525832659 ], [ 136.983125859, 35.525832659 ], [ 136.983125859, 35.525624659 ], [ 136.98343886, 35.525624659 ], [ 136.983750861, 35.525624659 ], [ 136.984062863, 35.525624658 ], [ 136.984062863, 35.525416658 ], [ 136.984375864, 35.525416658 ], [ 136.984688865, 35.525416658 ], [ 136.985000867, 35.525416658 ], [ 136.985312868, 35.525416657 ], [ 136.985312869, 35.525624657 ], [ 136.98562587, 35.525624657 ], [ 136.98562587, 35.525416657 ], [ 136.985938871, 35.525416657 ], [ 136.986250873, 35.525416657 ], [ 136.986562874, 35.525416656 ], [ 136.986562874, 35.525207656 ], [ 136.986562873, 35.524999656 ], [ 136.986875875, 35.524999656 ], [ 136.986875874, 35.524791656 ], [ 136.986875874, 35.524582656 ], [ 136.986875873, 35.524374656 ], [ 136.987188875, 35.524374656 ], [ 136.987188874, 35.524166656 ], [ 136.987188874, 35.523957656 ], [ 136.987188873, 35.523749656 ], [ 136.987500875, 35.523749656 ], [ 136.987500874, 35.523541656 ], [ 136.987500874, 35.523332656 ], [ 136.987500873, 35.523124656 ], [ 136.987500873, 35.522916656 ], [ 136.987500872, 35.522707656 ], [ 136.987500872, 35.522499656 ], [ 136.987188871, 35.522499657 ], [ 136.986875869, 35.522499657 ], [ 136.986875869, 35.522291657 ], [ 136.986562867, 35.522291657 ], [ 136.986562867, 35.522082657 ], [ 136.986562866, 35.521874657 ], [ 136.986562866, 35.521666657 ], [ 136.986250864, 35.521666658 ], [ 136.986250864, 35.521457658 ], [ 136.986250863, 35.521249658 ], [ 136.986250863, 35.521041658 ], [ 136.986562864, 35.521041658 ], [ 136.986562864, 35.520832658 ], [ 136.986562863, 35.520624658 ], [ 136.986562863, 35.520416658 ], [ 136.986250862, 35.520416658 ], [ 136.986250861, 35.520207658 ], [ 136.986250861, 35.519999658 ], [ 136.986562862, 35.519999658 ], [ 136.986562862, 35.519791658 ], [ 136.986875863, 35.519791658 ], [ 136.986875862, 35.519582658 ], [ 136.986875862, 35.519374658 ], [ 136.986875861, 35.519166658 ], [ 136.986875861, 35.518957658 ], [ 136.98687586, 35.518749658 ], [ 136.987188862, 35.518749658 ], [ 136.987188861, 35.518541658 ], [ 136.987188861, 35.518332658 ], [ 136.98718886, 35.518124658 ], [ 136.98718886, 35.517916658 ], [ 136.987188859, 35.517707658 ], [ 136.986875858, 35.517707658 ], [ 136.986875858, 35.517499658 ], [ 136.986875857, 35.517291659 ], [ 136.986562856, 35.517291659 ], [ 136.986562855, 35.517082659 ], [ 136.986250854, 35.517082659 ], [ 136.985938853, 35.517082659 ], [ 136.985938852, 35.516874659 ], [ 136.985625851, 35.51687466 ], [ 136.98562585, 35.51666666 ], [ 136.985312849, 35.51666666 ], [ 136.985000848, 35.51666666 ], [ 136.984688846, 35.51666666 ], [ 136.984688846, 35.51645766 ], [ 136.984375845, 35.51645766 ], [ 136.984062843, 35.516457661 ], [ 136.983750842, 35.516457661 ], [ 136.983438841, 35.516457661 ], [ 136.983125839, 35.516457661 ], [ 136.982812838, 35.516457661 ], [ 136.982500837, 35.516457662 ], [ 136.982500837, 35.516666662 ], [ 136.982188836, 35.516666662 ], [ 136.982188836, 35.516874662 ], [ 136.982187836, 35.516874662 ], [ 136.981875835, 35.516874662 ], [ 136.981562834, 35.516874662 ], [ 136.981250832, 35.516874662 ], [ 136.980937831, 35.516874663 ], [ 136.980937831, 35.517082663 ], [ 136.98062583, 35.517082663 ], [ 136.980625831, 35.517291663 ], [ 136.980312829, 35.517291663 ], [ 136.98031283, 35.517499663 ], [ 136.980000828, 35.517499663 ], [ 136.979687827, 35.517499663 ], [ 136.979687827, 35.517707663 ], [ 136.979375826, 35.517707664 ], [ 136.979375826, 35.517916664 ], [ 136.979062825, 35.517916664 ], [ 136.978750824, 35.517916664 ], [ 136.978437822, 35.517916664 ], [ 136.978437823, 35.518124664 ], [ 136.978125821, 35.518124664 ], [ 136.978125822, 35.518332664 ], [ 136.97781282, 35.518332665 ], [ 136.977500819, 35.518332665 ], [ 136.977500819, 35.518541665 ], [ 136.977187818, 35.518541665 ], [ 136.977187819, 35.518749665 ], [ 136.976875817, 35.518749665 ], [ 136.976562816, 35.518749666 ], [ 136.976250814, 35.518749666 ], [ 136.976250815, 35.518957666 ], [ 136.975938813, 35.518957666 ], [ 136.975937813, 35.518957666 ], [ 136.975625812, 35.518957666 ], [ 136.975313811, 35.518957666 ], [ 136.975000809, 35.518957667 ], [ 136.974688808, 35.518957667 ], [ 136.974375806, 35.518957667 ], [ 136.974063805, 35.518957668 ], [ 136.973750803, 35.518957668 ], [ 136.973438802, 35.518957668 ], [ 136.9731258, 35.518957669 ], [ 136.9731258, 35.518749669 ], [ 136.9731258, 35.518541669 ], [ 136.972813798, 35.518541669 ], [ 136.972813798, 35.518332669 ], [ 136.972500796, 35.518332669 ], [ 136.972500797, 35.518541669 ], [ 136.972188795, 35.51854167 ], [ 136.972188795, 35.51833267 ], [ 136.971875793, 35.51833267 ], [ 136.971875793, 35.51812467 ], [ 136.971875793, 35.51791667 ], [ 136.971875793, 35.51770767 ], [ 136.971875792, 35.51749967 ], [ 136.971875792, 35.51729167 ], [ 136.97156379, 35.51729167 ], [ 136.97156379, 35.51708267 ], [ 136.97156379, 35.51687467 ], [ 136.971250788, 35.516874671 ], [ 136.971250788, 35.516666671 ], [ 136.971250788, 35.516457671 ], [ 136.970938786, 35.516457671 ], [ 136.970938786, 35.516249671 ], [ 136.971250787, 35.516249671 ], [ 136.971250787, 35.516041671 ], [ 136.971250787, 35.515832671 ], [ 136.971250787, 35.51562467 ], [ 136.971250786, 35.51541667 ], [ 136.970938785, 35.515416671 ], [ 136.970938785, 35.515624671 ], [ 136.970938785, 35.515832671 ], [ 136.970625784, 35.515832671 ], [ 136.970625784, 35.516041671 ], [ 136.970313783, 35.516041672 ], [ 136.970313783, 35.516249672 ], [ 136.970313783, 35.516457672 ], [ 136.970000782, 35.516457672 ], [ 136.970000782, 35.516666672 ], [ 136.970000783, 35.516874672 ], [ 136.970000783, 35.517082672 ], [ 136.970000783, 35.517291672 ], [ 136.969687782, 35.517291673 ], [ 136.969687782, 35.517499673 ], [ 136.970000783, 35.517499672 ], [ 136.970000784, 35.517707672 ], [ 136.970313785, 35.517707672 ], [ 136.970313785, 35.517916672 ], [ 136.970313786, 35.518124672 ], [ 136.970000784, 35.518124672 ], [ 136.969688783, 35.518124673 ], [ 136.969687783, 35.518124673 ], [ 136.969375781, 35.518124673 ], [ 136.969375782, 35.518332673 ], [ 136.96906378, 35.518332673 ], [ 136.968750779, 35.518332674 ], [ 136.968437777, 35.518332674 ], [ 136.968437777, 35.518541674 ], [ 136.968125776, 35.518541674 ], [ 136.967813774, 35.518541675 ], [ 136.967813775, 35.518749675 ], [ 136.967813775, 35.518957675 ], [ 136.967500773, 35.518957675 ], [ 136.967500774, 35.519166675 ], [ 136.967188772, 35.519166675 ], [ 136.967187772, 35.519166675 ], [ 136.966875771, 35.519166676 ], [ 136.966875771, 35.519374676 ], [ 136.966563769, 35.519374676 ], [ 136.966250768, 35.519374676 ], [ 136.965937766, 35.519374677 ], [ 136.965937767, 35.519582677 ], [ 136.965937767, 35.519791677 ], [ 136.966250768, 35.519791676 ], [ 136.966250769, 35.519999676 ], [ 136.966250769, 35.520207676 ], [ 136.966250769, 35.520416676 ], [ 136.965937768, 35.520416677 ], [ 136.965937768, 35.520624677 ], [ 136.965937768, 35.520832677 ], [ 136.965937768, 35.521041677 ], [ 136.965625767, 35.521041677 ], [ 136.965625767, 35.521249677 ], [ 136.965625767, 35.521457677 ], [ 136.965625768, 35.521666677 ], [ 136.965313766, 35.521666677 ], [ 136.965313766, 35.521874677 ], [ 136.965313767, 35.522082677 ], [ 136.965625768, 35.522082677 ], [ 136.96593777, 35.522082677 ], [ 136.96593777, 35.522291677 ], [ 136.965625768, 35.522291677 ], [ 136.965625769, 35.522499677 ], [ 136.965625769, 35.522707677 ], [ 136.965313767, 35.522707677 ], [ 136.965313768, 35.522916677 ], [ 136.965625769, 35.522916677 ], [ 136.965625769, 35.523124677 ], [ 136.96562577, 35.523332677 ], [ 136.965937771, 35.523332677 ], [ 136.965937771, 35.523541677 ], [ 136.965937772, 35.523749677 ], [ 136.966250773, 35.523749676 ], [ 136.966250773, 35.523541676 ], [ 136.966250773, 35.523332676 ], [ 136.966250772, 35.523124676 ], [ 136.966563774, 35.523124676 ], [ 136.966563774, 35.522916676 ], [ 136.966563774, 35.522707676 ], [ 136.966563773, 35.522499676 ], [ 136.966875775, 35.522499676 ], [ 136.966875775, 35.522291676 ], [ 136.967188776, 35.522291675 ], [ 136.967188776, 35.522082675 ], [ 136.967188776, 35.521874675 ], [ 136.967500777, 35.521874675 ], [ 136.967500777, 35.521666675 ], [ 136.967813778, 35.521666675 ], [ 136.967813778, 35.521457675 ], [ 136.96812578, 35.521457674 ], [ 136.968125779, 35.521249674 ], [ 136.968437781, 35.521249674 ], [ 136.968437781, 35.521457674 ], [ 136.968750783, 35.521457674 ], [ 136.968750783, 35.521249674 ], [ 136.968750782, 35.521041674 ], [ 136.968750782, 35.520832674 ], [ 136.968750782, 35.520624674 ], [ 136.968750781, 35.520416674 ], [ 136.969063783, 35.520416673 ], [ 136.969063783, 35.520207673 ], [ 136.969375784, 35.520207673 ], [ 136.969375784, 35.519999673 ], [ 136.969688785, 35.519999673 ], [ 136.969688785, 35.519791673 ], [ 136.970000787, 35.519791672 ], [ 136.970313788, 35.519791672 ], [ 136.97062579, 35.519791672 ], [ 136.970938791, 35.519791671 ], [ 136.971250793, 35.519791671 ], [ 136.971563794, 35.51979167 ], [ 136.971563794, 35.51958267 ], [ 136.971875795, 35.51958267 ], [ 136.971875795, 35.51937467 ], [ 136.972188797, 35.51937467 ], [ 136.972500798, 35.519374669 ], [ 136.9728138, 35.519374669 ], [ 136.972813799, 35.519166669 ], [ 136.973125801, 35.519166669 ], [ 136.973125801, 35.519374669 ], [ 136.973438803, 35.519374668 ], [ 136.973438803, 35.519582668 ], [ 136.973750804, 35.519582668 ], [ 136.974063806, 35.519582668 ], [ 136.974063806, 35.519791668 ], [ 136.974375808, 35.519791667 ], [ 136.974688809, 35.519791667 ], [ 136.975000811, 35.519791667 ], [ 136.975000811, 35.519999667 ], [ 136.975313812, 35.519999666 ], [ 136.975313812, 35.519791666 ], [ 136.975625814, 35.519791666 ], [ 136.975937815, 35.519791666 ], [ 136.975938815, 35.519791666 ], [ 136.976250816, 35.519791666 ], [ 136.976562818, 35.519791665 ], [ 136.976875819, 35.519791665 ], [ 136.97718882, 35.519791665 ], [ 136.97718882, 35.519582665 ], [ 136.977500821, 35.519582665 ], [ 136.977812823, 35.519582665 ], [ 136.978125824, 35.519582664 ], [ 136.978437825, 35.519582664 ], [ 136.978437826, 35.519791664 ], [ 136.978750827, 35.519791664 ], [ 136.979062829, 35.519791664 ], [ 136.979062828, 35.519582664 ], [ 136.979062828, 35.519374664 ], [ 136.979375829, 35.519374663 ], [ 136.979375829, 35.519166663 ], [ 136.97968883, 35.519166663 ], [ 136.97968883, 35.518957663 ], [ 136.979688829, 35.518749663 ], [ 136.980000831, 35.518749663 ], [ 136.980312832, 35.518749663 ], [ 136.980625833, 35.518749663 ], [ 136.980937835, 35.518749662 ], [ 136.980938835, 35.518749662 ], [ 136.981250836, 35.518749662 ], [ 136.981562837, 35.518749662 ], [ 136.981875839, 35.518749662 ], [ 136.98218784, 35.518749661 ], [ 136.98218884, 35.518749661 ], [ 136.982500842, 35.518749661 ], [ 136.982812843, 35.518749661 ], [ 136.983125844, 35.518749661 ], [ 136.983438846, 35.518749661 ], [ 136.983438846, 35.518957661 ], [ 136.983750847, 35.51895766 ], [ 136.984062849, 35.51895766 ], [ 136.984062849, 35.51916666 ], [ 136.984375851, 35.51916666 ], [ 136.984688852, 35.51916666 ], [ 136.985000853, 35.519166659 ], [ 136.985000854, 35.519374659 ], [ 136.985000854, 35.519582659 ], [ 136.985312856, 35.519582659 ], [ 136.985312856, 35.519791659 ], [ 136.985625857, 35.519791659 ], [ 136.985625858, 35.519999659 ], [ 136.985625858, 35.520207659 ], [ 136.985625859, 35.520416659 ], [ 136.985625859, 35.520624658 ], [ 136.98562586, 35.520832658 ], [ 136.98562586, 35.521041658 ], [ 136.985312859, 35.521041659 ], [ 136.985312859, 35.521249659 ], [ 136.985625861, 35.521249658 ], [ 136.985625861, 35.521457658 ], [ 136.985625862, 35.521666658 ], [ 136.985625862, 35.521874658 ], [ 136.985625863, 35.522082658 ], [ 136.985312861, 35.522082658 ], [ 136.985312862, 35.522291658 ], [ 136.985312862, 35.522499658 ], [ 136.985312862, 35.522707658 ], [ 136.985312863, 35.522916658 ], [ 136.985312863, 35.523124658 ], [ 136.985312864, 35.523332658 ], [ 136.985312864, 35.523541658 ], [ 136.985312865, 35.523749658 ], [ 136.985312865, 35.523957658 ], [ 136.985312866, 35.524166658 ], [ 136.985000864, 35.524166658 ], [ 136.985000865, 35.524374658 ], [ 136.984688863, 35.524374658 ], [ 136.984688864, 35.524582658 ], [ 136.984375862, 35.524582658 ], [ 136.984375863, 35.524791658 ], [ 136.984062861, 35.524791659 ], [ 136.984062861, 35.524582659 ], [ 136.983750859, 35.524582659 ], [ 136.983438858, 35.524582659 ], [ 136.983125856, 35.52458266 ], [ 136.983125857, 35.524791659 ], [ 136.983125857, 35.524999659 ], [ 136.982812856, 35.52499966 ], [ 136.982812856, 35.52520766 ], [ 136.982500855, 35.52520766 ], [ 136.982500855, 35.52541666 ], [ 136.982500856, 35.52562466 ], [ 136.982500856, 35.52583266 ] ], [ [ 136.97125079, 35.517707671 ], [ 136.971250789, 35.517499671 ], [ 136.971563791, 35.51749967 ], [ 136.971563791, 35.51770767 ], [ 136.971563791, 35.51791667 ], [ 136.971563792, 35.51812467 ], [ 136.97125079, 35.518124671 ], [ 136.97125079, 35.517916671 ], [ 136.97125079, 35.517707671 ] ] ] } },
{ "type": "Feature", "properties": { "A31a_301": "8505090066", "A31a_302": "津保川", "A31a_303": "21", "A31a_304": "岐阜県", "A31a_305": 1 }, "geometry": { "type": "Polygon", "coordinates": [ [ [ 136.881563416, 35.47895775 ], [ 136.881875417, 35.47895775 ], [ 136.882187418, 35.47895775 ], [ 136.882188418, 35.47895775 ], [ 136.882500419, 35.47895775 ], [ 136.882500419, 35.478749749 ], [ 136.88281242, 35.478749749 ], [ 136.883125421, 35.478749749 ], [ 136.883125421, 35.478541749 ], [ 136.883438422, 35.478541749 ], [ 136.883750422, 35.478541749 ], [ 136.883750423, 35.478332748 ], [ 136.884062423, 35.478332748 ], [ 136.884375424, 35.478332748 ], [ 136.884688425, 35.478332748 ], [ 136.884688425, 35.478124747 ], [ 136.885000426, 35.478124747 ], [ 136.885312427, 35.478124747 ], [ 136.885312427, 35.477916747 ], [ 136.885312427, 35.477707747 ], [ 136.885000427, 35.477707747 ], [ 136.885000427, 35.477499747 ], [ 136.885000427, 35.477291746 ], [ 136.885312428, 35.477291746 ], [ 136.885312428, 35.477082746 ], [ 136.885312428, 35.476874746 ], [ 136.885312428, 35.476666745 ], [ 136.885000427, 35.476666745 ], [ 136.885000427, 35.476874746 ], [ 136.884688426, 35.476874746 ], [ 136.884688426, 35.477082746 ], [ 136.884688426, 35.477291746 ], [ 136.884688426, 35.477499747 ], [ 136.884688426, 35.477707747 ], [ 136.884375425, 35.477707747 ], [ 136.884375425, 35.477916747 ], [ 136.884062424, 35.477916748 ], [ 136.883750423, 35.477916748 ], [ 136.883750423, 35.478124748 ], [ 136.883438422, 35.478124748 ], [ 136.883438422, 35.478332748 ], [ 136.883125421, 35.478332749 ], [ 136.88281242, 35.478332749 ], [ 136.88281242, 35.478541749 ], [ 136.882500419, 35.478541749 ], [ 136.882187418, 35.478541749 ], [ 136.882187418, 35.47874975 ], [ 136.881875417, 35.47874975 ], [ 136.881563416, 35.47874975 ], [ 136.881563416, 35.47895775 ] ] ] } },
{ "type": "Feature", "properties": { "A31a_301": "8505090066", "A31a_302": "津保川", "A31a_303": "21", "A31a_304": "岐阜県", "A31a_305": 1 }, "geometry": { "type": "Polygon", "coordinates": [ [ [ 136.988438875, 35.522291656 ], [ 136.988125874, 35.522291656 ], [ 136.988125874, 35.522499656 ], [ 136.988438876, 35.522499656 ], [ 136.988438875, 35.522291656 ] ] ] } },
{ "type": "Feature", "properties": { "A31a_301": "8505090066", "A31a_302": "津保川", "A31a_303": "21", "A31a_304": "岐阜県", "A31a_305": 1 }, "geometry": { "type": "Polygon", "coordinates": [ [ [ 136.980000827, 35.516874663 ], [ 136.979688826, 35.516874664 ], [ 136.979687826, 35.516874664 ], [ 136.979375824, 35.516874664 ], [ 136.979062823, 35.516874664 ], [ 136.978750822, 35.516874664 ], [ 136.97843882, 35.516874664 ], [ 136.97843882, 35.516666664 ], [ 136.978125819, 35.516666665 ], [ 136.977812817, 35.516666665 ], [ 136.977812817, 35.516457665 ], [ 136.977500816, 35.516457665 ], [ 136.977500815, 35.516249665 ], [ 136.977188814, 35.516249665 ], [ 136.977188814, 35.516041665 ], [ 136.976875812, 35.516041665 ], [ 136.976562811, 35.516041665 ], [ 136.976562811, 35.515832665 ], [ 136.97656281, 35.515624665 ], [ 136.976250809, 35.515624666 ], [ 136.976250809, 35.515416665 ], [ 136.975938807, 35.515416666 ], [ 136.975938807, 35.515207666 ], [ 136.975938807, 35.514999666 ], [ 136.975938806, 35.514791665 ], [ 136.975938806, 35.514582665 ], [ 136.975938806, 35.514374665 ], [ 136.976250807, 35.514374665 ], [ 136.976250806, 35.514166665 ], [ 136.976562808, 35.514166665 ], [ 136.976562807, 35.513957665 ], [ 136.976875809, 35.513957665 ], [ 136.976875808, 35.513749665 ], [ 136.977188809, 35.513749664 ], [ 136.977188809, 35.513541664 ], [ 136.97750081, 35.513541664 ], [ 136.97750081, 35.513332664 ], [ 136.977812811, 35.513332664 ], [ 136.977812811, 35.513124664 ], [ 136.978125812, 35.513124664 ], [ 136.978438813, 35.513124664 ], [ 136.978438813, 35.512916663 ], [ 136.978750814, 35.512916663 ], [ 136.979062815, 35.512916663 ], [ 136.979062815, 35.512707663 ], [ 136.979375816, 35.512707663 ], [ 136.979375816, 35.512499663 ], [ 136.979687817, 35.512499663 ], [ 136.979688817, 35.512499663 ], [ 136.980000818, 35.512499663 ], [ 136.980000818, 35.512291662 ], [ 136.980312819, 35.512291662 ], [ 136.980312818, 35.512082662 ], [ 136.98062582, 35.512082662 ], [ 136.980625819, 35.511874662 ], [ 136.98093882, 35.511874662 ], [ 136.98093882, 35.511666662 ], [ 136.981250821, 35.511666662 ], [ 136.981562822, 35.511666662 ], [ 136.981875824, 35.511666661 ], [ 136.981875823, 35.511457661 ], [ 136.982187824, 35.511457661 ], [ 136.982187825, 35.511666661 ], [ 136.982500826, 35.511666661 ], [ 136.982812827, 35.511666661 ], [ 136.983125828, 35.511666661 ], [ 136.983125828, 35.511457661 ], [ 136.982812827, 35.511457661 ], [ 136.982500825, 35.511457661 ], [ 136.982500825, 35.511249661 ], [ 136.982188824, 35.511249661 ], [ 136.982187824, 35.511249661 ], [ 136.981875823, 35.511249661 ], [ 136.981875822, 35.511041661 ], [ 136.981875822, 35.510832661 ], [ 136.981875821, 35.510624661 ], [ 136.981875821, 35.510416661 ], [ 136.98187582, 35.510207661 ], [ 136.982187821, 35.510207661 ], [ 136.982188821, 35.510207661 ], [ 136.982500823, 35.510207661 ], [ 136.982812824, 35.510207661 ], [ 136.982812823, 35.509999661 ], [ 136.983125824, 35.50999966 ], [ 136.983125824, 35.50979166 ], [ 136.983438825, 35.50979166 ], [ 136.983438825, 35.50958266 ], [ 136.983750826, 35.50958266 ], [ 136.983750825, 35.50937466 ], [ 136.983750825, 35.50916666 ], [ 136.983750824, 35.50895766 ], [ 136.984062825, 35.50895766 ], [ 136.984062825, 35.50874966 ], [ 136.984062824, 35.50854166 ], [ 136.984062824, 35.50833266 ], [ 136.983750823, 35.50833266 ], [ 136.983750822, 35.50812466 ], [ 136.983438821, 35.50812466 ], [ 136.983438822, 35.50833266 ], [ 136.983125821, 35.50833266 ], [ 136.982812819, 35.50833266 ], [ 136.98281282, 35.50854166 ], [ 136.982500819, 35.508541661 ], [ 136.982500819, 35.508749661 ], [ 136.98250082, 35.508957661 ], [ 136.982187819, 35.508957661 ], [ 136.982187819, 35.509166661 ], [ 136.982188819, 35.509166661 ], [ 136.98250082, 35.509166661 ], [ 136.982500821, 35.509374661 ], [ 136.98218882, 35.509374661 ], [ 136.98218882, 35.509582661 ], [ 136.98218782, 35.509582661 ], [ 136.981875819, 35.509582661 ], [ 136.981875819, 35.509791661 ], [ 136.981562818, 35.509791661 ], [ 136.981562819, 35.509999661 ], [ 136.981562819, 35.510207661 ], [ 136.981250818, 35.510207661 ], [ 136.981250818, 35.510416661 ], [ 136.981250819, 35.510624661 ], [ 136.981250819, 35.510832662 ], [ 136.980938818, 35.510832662 ], [ 136.980937818, 35.510832662 ], [ 136.980625817, 35.510832662 ], [ 136.980625817, 35.511041662 ], [ 136.980312816, 35.511041662 ], [ 136.980000815, 35.511041662 ], [ 136.980000815, 35.510832662 ], [ 136.979688813, 35.510832662 ], [ 136.979687813, 35.510832662 ], [ 136.979375812, 35.510832662 ], [ 136.979062811, 35.510832663 ], [ 136.979062811, 35.510624663 ], [ 136.97906281, 35.510416663 ], [ 136.978750809, 35.510416663 ], [ 136.978438808, 35.510416663 ], [ 136.978437808, 35.510416663 ], [ 136.978125807, 35.510416663 ], [ 136.977812806, 35.510416663 ], [ 136.977500804, 35.510416663 ], [ 136.977188803, 35.510416663 ], [ 136.977187803, 35.510416663 ], [ 136.976875802, 35.510416664 ], [ 136.976562801, 35.510416664 ], [ 136.976562801, 35.510207664 ], [ 136.976250799, 35.510207664 ], [ 136.975938798, 35.510207664 ], [ 136.975937798, 35.510207664 ], [ 136.975625797, 35.510207664 ], [ 136.975625797, 35.510416664 ], [ 136.975313796, 35.510416664 ], [ 136.975313797, 35.510624664 ], [ 136.975000795, 35.510624665 ], [ 136.974688794, 35.510624665 ], [ 136.974688795, 35.510832665 ], [ 136.974375793, 35.510832665 ], [ 136.974375794, 35.511041665 ], [ 136.974063792, 35.511041666 ], [ 136.974063793, 35.511249666 ], [ 136.974063793, 35.511457666 ], [ 136.973750792, 35.511457666 ], [ 136.973750792, 35.511666666 ], [ 136.973750792, 35.511874666 ], [ 136.973438791, 35.511874667 ], [ 136.973438791, 35.512082667 ], [ 136.973438792, 35.512291667 ], [ 136.973438792, 35.512499667 ], [ 136.97312579, 35.512499667 ], [ 136.973125791, 35.512707667 ], [ 136.973125791, 35.512916668 ], [ 136.973125791, 35.513124668 ], [ 136.973125792, 35.513332668 ], [ 136.973438793, 35.513332667 ], [ 136.973438793, 35.513541667 ], [ 136.973438794, 35.513749667 ], [ 136.973125792, 35.513749668 ], [ 136.972813791, 35.513749668 ], [ 136.972813791, 35.513957668 ], [ 136.97250079, 35.513957669 ], [ 136.97250079, 35.514166669 ], [ 136.972500791, 35.514374669 ], [ 136.972500791, 35.514582669 ], [ 136.972500791, 35.514791669 ], [ 136.972813793, 35.514791668 ], [ 136.972813793, 35.514999669 ], [ 136.972500791, 35.514999669 ], [ 136.972500791, 35.514791669 ], [ 136.97218879, 35.514791669 ], [ 136.97218879, 35.514999669 ], [ 136.97218879, 35.515207669 ], [ 136.972188791, 35.515416669 ], [ 136.972188791, 35.515624669 ], [ 136.972500792, 35.515624669 ], [ 136.972500793, 35.515832669 ], [ 136.972188791, 35.51583267 ], [ 136.972188792, 35.51604167 ], [ 136.972188792, 35.51624967 ], [ 136.972188792, 35.51645767 ], [ 136.972188792, 35.51666667 ], [ 136.972188793, 35.51687467 ], [ 136.972500794, 35.516874669 ], [ 136.972500795, 35.517082669 ], [ 136.972188793, 35.51708267 ], [ 136.972188793, 35.51729167 ], [ 136.972500795, 35.517291669 ], [ 136.972500795, 35.517499669 ], [ 136.972500795, 35.517707669 ], [ 136.972500796, 35.517916669 ], [ 136.972813797, 35.517916669 ], [ 136.972813798, 35.518124669 ], [ 136.973125799, 35.518124669 ], [ 136.973125799, 35.518332669 ], [ 136.973438801, 35.518332668 ], [ 136.973750802, 35.518332668 ], [ 136.974063804, 35.518332668 ], [ 136.974375805, 35.518332667 ], [ 136.974375806, 35.518541667 ], [ 136.974688807, 35.518541667 ], [ 136.975000809, 35.518541667 ], [ 136.97531381, 35.518541666 ], [ 136.975625811, 35.518541666 ], [ 136.975937813, 35.518541666 ], [ 136.975938813, 35.518541666 ], [ 136.976250814, 35.518541666 ], [ 136.976562815, 35.518541666 ], [ 136.976562815, 35.518332666 ], [ 136.976875816, 35.518332665 ], [ 136.977188818, 35.518332665 ], [ 136.977188817, 35.518124665 ], [ 136.977500819, 35.518124665 ], [ 136.977500818, 35.517916665 ], [ 136.97781282, 35.517916665 ], [ 136.977812819, 35.517707665 ], [ 136.978125821, 35.517707664 ], [ 136.97812582, 35.517499665 ], [ 136.978437822, 35.517499664 ], [ 136.978438822, 35.517499664 ], [ 136.978750823, 35.517499664 ], [ 136.978750823, 35.517291664 ], [ 136.979062824, 35.517291664 ], [ 136.979375825, 35.517291664 ], [ 136.979375825, 35.517082664 ], [ 136.979687826, 35.517082663 ], [ 136.979688826, 35.517082663 ], [ 136.980000827, 35.517082663 ], [ 136.980000827, 35.516874663 ] ] ] } },
{ "type": "Feature", "properties": { "A31a_301": "8505090066", "A31a_302": "津保川", "A31a_303": "21", "A31a_304": "岐阜県", "A31a_305": 1 }, "geometry": { "type": "Polygon", "coordinates": [ [ [ 136.990938874, 35.518124656 ], [ 136.990625873, 35.518124656 ], [ 136.990625873, 35.518332656 ], [ 136.990938874, 35.518332656 ], [ 136.990938874, 35.518124656 ] ] ] } },
{ "type": "Feature", "properties": { "A31a_301": "8505090066", "A31a_302": "津保川", "A31a_303": "21", "A31a_304": "岐阜県", "A31a_305": 1 }, "geometry": { "type": "Polygon", "coordinates": [ [ [ 136.898125468, 35.478541736 ], [ 136.897812467, 35.478541736 ], [ 136.897812467, 35.478749736 ], [ 136.898125468, 35.478749736 ], [ 136.898125468, 35.478541736 ] ] ] } },
{ "type": "Feature", "properties": { "A31a_301": "8505090066", "A31a_302": "津保川", "A31a_303": "21", "A31a_304": "岐阜県", "A31a_305": 1 }, "geometry": { "type": "Polygon", "coordinates": [ [ [ 136.980000827, 35.516874663 ], [ 136.980312828, 35.516874663 ], [ 136.98062583, 35.516874663 ], [ 136.980625829, 35.516666663 ], [ 136.980312828, 35.516666663 ], [ 136.980000827, 35.516666663 ], [ 136.980000827, 35.516874663 ] ] ] } },
{ "type": "Feature", "properties": { "A31a_301": "8505090066", "A31a_302": "津保川", "A31a_303": "21", "A31a_304": "岐阜県", "A31a_305": 1 }, "geometry": { "type": "Polygon", "coordinates": [ [ [ 136.899687475, 35.476874731 ], [ 136.899687475, 35.477082732 ], [ 136.899375474, 35.477082732 ], [ 136.899375473, 35.477291732 ], [ 136.899687474, 35.477291732 ], [ 136.899687474, 35.477499732 ], [ 136.899687474, 35.477707733 ], [ 136.899687474, 35.477916733 ], [ 136.899687474, 35.478124733 ], [ 136.899375473, 35.478124734 ], [ 136.899375473, 35.477916733 ], [ 136.899062472, 35.477916734 ], [ 136.899062472, 35.478124734 ], [ 136.899062471, 35.478332734 ], [ 136.89875047, 35.478332735 ], [ 136.89875047, 35.478541735 ], [ 136.899062471, 35.478541735 ], [ 136.899375472, 35.478541734 ], [ 136.899375472, 35.478332734 ], [ 136.899687473, 35.478332734 ], [ 136.899687473, 35.478541734 ], [ 136.900000474, 35.478541734 ], [ 136.900313476, 35.478541733 ], [ 136.900625477, 35.478541733 ], [ 136.900937478, 35.478541732 ], [ 136.900937478, 35.478332732 ], [ 136.900938478, 35.478332732 ], [ 136.90125048, 35.478332731 ], [ 136.90125048, 35.478124731 ], [ 136.900938479, 35.478124732 ], [ 136.900937479, 35.478124732 ], [ 136.900937479, 35.477916731 ], [ 136.900937479, 35.477707731 ], [ 136.900937479, 35.477499731 ], [ 136.900625478, 35.477499731 ], [ 136.900625478, 35.477291731 ], [ 136.900625478, 35.47708273 ], [ 136.900625479, 35.47687473 ], [ 136.900313477, 35.47687473 ], [ 136.900000476, 35.476874731 ], [ 136.899687475, 35.476874731 ] ] ] } },
{ "type": "Feature", "properties": { "A31a_301": "8505090066", "A31a_302": "津保川", "A31a_303": "21", "A31a_304": "岐阜県", "A31a_305": 1 }, "geometry": { "type": "Polygon", "coordinates": [ [ [ 136.98093783, 35.516457663 ], [ 136.981250831, 35.516457662 ], [ 136.981562833, 35.516457662 ], [ 136.981562832, 35.516249662 ], [ 136.981875834, 35.516249662 ], [ 136.981875833, 35.516041662 ], [ 136.982187835, 35.516041662 ], [ 136.982188835, 35.516041662 ], [ 136.982500836, 35.516041662 ], [ 136.982812837, 35.516041661 ], [ 136.983125838, 35.516041661 ], [ 136.98343884, 35.516041661 ], [ 136.983750841, 35.516041661 ], [ 136.984062842, 35.516041661 ], [ 136.984375844, 35.51604166 ], [ 136.984688845, 35.51604166 ], [ 136.985000846, 35.51604166 ], [ 136.985000846, 35.51583266 ], [ 136.984688844, 35.51583266 ], [ 136.984375843, 35.51583266 ], [ 136.984062842, 35.515832661 ], [ 136.983750841, 35.515832661 ], [ 136.98375084, 35.515624661 ], [ 136.983438839, 35.515624661 ], [ 136.983125837, 35.515624661 ], [ 136.982812836, 35.515624661 ], [ 136.982500835, 35.515624662 ], [ 136.982188834, 35.515624662 ], [ 136.982187834, 35.515624662 ], [ 136.981875832, 35.515624662 ], [ 136.981875833, 35.515832662 ], [ 136.981562831, 35.515832662 ], [ 136.981562832, 35.516041662 ], [ 136.981250831, 35.516041662 ], [ 136.981250831, 35.516249662 ], [ 136.98093783, 35.516249663 ], [ 136.98093783, 35.516457663 ] ] ] } },
{ "type": "Feature", "properties": { "A31a_301": "8505090066", "A31a_302": "津保川", "A31a_303": "21", "A31a_304": "岐阜県", "A31a_305": 1 }, "geometry": { "type": "Polygon", "coordinates": [ [ [ 136.971563787, 35.51479167 ], [ 136.971250785, 35.51479167 ], [ 136.971250786, 35.51499967 ], [ 136.971250786, 35.51520767 ], [ 136.971563787, 35.51520767 ], [ 136.971563787, 35.51499967 ], [ 136.971563787, 35.51479167 ] ] ] } },
{ "type": "Feature", "properties": { "A31a_301": "8505090066", "A31a_302": "津保川", "A31a_303": "21", "A31a_304": "岐阜県", "A31a_305": 1 }, "geometry": { "type": "Polygon", "coordinates": [ [ [ 136.913125529, 35.477916713 ], [ 136.91312553, 35.477707713 ], [ 136.912813528, 35.477707713 ], [ 136.912813529, 35.477499713 ], [ 136.912500527, 35.477499713 ], [ 136.912188526, 35.477499714 ], [ 136.912188526, 35.477291713 ], [ 136.911875525, 35.477291714 ], [ 136.911563524, 35.477291714 ], [ 136.911250522, 35.477291715 ], [ 136.910938521, 35.477291715 ], [ 136.91062552, 35.477291716 ], [ 136.910313518, 35.477291716 ], [ 136.910313518, 35.477499717 ], [ 136.910000517, 35.477499717 ], [ 136.909688516, 35.477499718 ], [ 136.909688516, 35.477291717 ], [ 136.910000517, 35.477291717 ], [ 136.910000517, 35.477082716 ], [ 136.909688516, 35.477082717 ], [ 136.909375515, 35.477082717 ], [ 136.909375515, 35.476874717 ], [ 136.909063514, 35.476874717 ], [ 136.909063513, 35.477082718 ], [ 136.908750512, 35.477082718 ], [ 136.908438511, 35.477082719 ], [ 136.908438511, 35.477291719 ], [ 136.908125509, 35.477291719 ], [ 136.908125509, 35.47749972 ], [ 136.90843851, 35.477499719 ], [ 136.908750512, 35.477499719 ], [ 136.909063513, 35.477499718 ], [ 136.909063513, 35.477291718 ], [ 136.909375514, 35.477291718 ], [ 136.909375514, 35.477499718 ], [ 136.909063513, 35.477499718 ], [ 136.909063513, 35.477707719 ], [ 136.908750511, 35.477707719 ], [ 136.90843851, 35.47770772 ], [ 136.908125509, 35.47770772 ], [ 136.908125509, 35.47749972 ], [ 136.907813508, 35.47749972 ], [ 136.907813507, 35.477707721 ], [ 136.907500506, 35.477707721 ], [ 136.907500506, 35.477499721 ], [ 136.907500507, 35.47729172 ], [ 136.907188505, 35.477291721 ], [ 136.907188505, 35.477499721 ], [ 136.907188505, 35.477707722 ], [ 136.907188505, 35.477916722 ], [ 136.907187505, 35.477916722 ], [ 136.906875503, 35.477916722 ], [ 136.906875503, 35.478124723 ], [ 136.906563502, 35.478124723 ], [ 136.906250501, 35.478124724 ], [ 136.905938499, 35.478124724 ], [ 136.905938499, 35.478332725 ], [ 136.905937499, 35.478332725 ], [ 136.905625498, 35.478332725 ], [ 136.905625497, 35.478541725 ], [ 136.905937499, 35.478541725 ], [ 136.905938499, 35.478541725 ], [ 136.9062505, 35.478541725 ], [ 136.9062505, 35.478332724 ], [ 136.906563502, 35.478332724 ], [ 136.906875503, 35.478332723 ], [ 136.907188504, 35.478332723 ], [ 136.907188504, 35.478124722 ], [ 136.907500506, 35.478124722 ], [ 136.907813507, 35.478124721 ], [ 136.908125508, 35.478124721 ], [ 136.90843851, 35.478124721 ], [ 136.90843851, 35.47791672 ], [ 136.908750511, 35.47791672 ], [ 136.909063512, 35.477916719 ], [ 136.909375514, 35.477916719 ], [ 136.909688515, 35.477916718 ], [ 136.910000516, 35.477916718 ], [ 136.910313518, 35.477916717 ], [ 136.910313517, 35.478124718 ], [ 136.910625519, 35.478124717 ], [ 136.91093852, 35.478124717 ], [ 136.911250521, 35.478124716 ], [ 136.911250521, 35.477916716 ], [ 136.911563523, 35.477916716 ], [ 136.911875524, 35.477916715 ], [ 136.912188525, 35.477916715 ], [ 136.912500527, 35.477916714 ], [ 136.912813528, 35.477916714 ], [ 136.913125529, 35.477916713 ] ] ] } },
{ "type": "Feature", "properties": { "A31a_301": "8505090066", "A31a_302": "津保川", "A31a_303": "21", "A31a_304": "岐阜県", "A31a_305": 1 }, "geometry": { "type": "Polygon", "coordinates": [ [ [ 136.972188787, 35.513124669 ], [ 136.971875786, 35.513124669 ], [ 136.971875786, 35.513332669 ], [ 136.971563785, 35.513332669 ], [ 136.971563785, 35.513541669 ], [ 136.971563785, 35.51374967 ], [ 136.971563786, 35.51395767 ], [ 136.971563786, 35.51416667 ], [ 136.971563786, 35.51437467 ], [ 136.971875788, 35.514374669 ], [ 136.971875787, 35.514166669 ], [ 136.971875787, 35.513957669 ], [ 136.971875787, 35.513749669 ], [ 136.972188788, 35.513749669 ], [ 136.972188788, 35.513541669 ], [ 136.972188788, 35.513332669 ], [ 136.972188787, 35.513124669 ] ] ] } },
{ "type": "Feature", "properties": { "A31a_301": "8505090066", "A31a_302": "津保川", "A31a_303": "21", "A31a_304": "岐阜県", "A31a_305": 1 }, "geometry": { "type": "Polygon", "coordinates": [ [ [ 136.965313741, 35.496249664 ], [ 136.965313741, 35.496457664 ], [ 136.965313741, 35.496666664 ], [ 136.965313741, 35.496874664 ], [ 136.96500074, 35.496874665 ], [ 136.96500074, 35.497082665 ], [ 136.965000741, 35.497291665 ], [ 136.965000741, 35.497499665 ], [ 136.965000741, 35.497707665 ], [ 136.965313742, 35.497707665 ], [ 136.965313742, 35.497499665 ], [ 136.965625743, 35.497499665 ], [ 136.965625743, 35.497707665 ], [ 136.965625743, 35.497916665 ], [ 136.965937745, 35.497916665 ], [ 136.965938745, 35.497916665 ], [ 136.965938745, 35.498124665 ], [ 136.965938745, 35.498332665 ], [ 136.965938745, 35.498541666 ], [ 136.965938745, 35.498749666 ], [ 136.965937745, 35.498749666 ], [ 136.965625744, 35.498749666 ], [ 136.965313743, 35.498749666 ], [ 136.965313743, 35.498541666 ], [ 136.965313743, 35.498332666 ], [ 136.965000741, 35.498332666 ], [ 136.965000741, 35.498124666 ], [ 136.96468774, 35.498124666 ], [ 136.96468774, 35.498332666 ], [ 136.96468774, 35.498541667 ], [ 136.964687741, 35.498749667 ], [ 136.964687741, 35.498957667 ], [ 136.964687741, 35.499166667 ], [ 136.964687741, 35.499374667 ], [ 136.965000742, 35.499374667 ], [ 136.965000742, 35.499582667 ], [ 136.965000743, 35.499791668 ], [ 136.965000743, 35.499999668 ], [ 136.965313744, 35.499999668 ], [ 136.965313744, 35.500207668 ], [ 136.965313744, 35.500416668 ], [ 136.965313745, 35.500624668 ], [ 136.965313745, 35.500832668 ], [ 136.965313745, 35.501041668 ], [ 136.965313745, 35.501249669 ], [ 136.965625746, 35.501249668 ], [ 136.965937748, 35.501249668 ], [ 136.965937748, 35.501457668 ], [ 136.965937748, 35.501666669 ], [ 136.966250749, 35.501666668 ], [ 136.96625075, 35.501874668 ], [ 136.966563751, 35.501874668 ], [ 136.966563751, 35.502082668 ], [ 136.966875752, 35.502082668 ], [ 136.966875752, 35.502291668 ], [ 136.967187754, 35.502291668 ], [ 136.967188754, 35.502291668 ], [ 136.967500755, 35.502291668 ], [ 136.967500755, 35.502499668 ], [ 136.967813756, 35.502499668 ], [ 136.967813756, 35.502291668 ], [ 136.968125757, 35.502291667 ], [ 136.968437758, 35.502291667 ], [ 136.968437759, 35.502499667 ], [ 136.968437759, 35.502707667 ], [ 136.96875076, 35.502707667 ], [ 136.96875076, 35.502916667 ], [ 136.969063762, 35.502916667 ], [ 136.969375763, 35.502916667 ], [ 136.969687764, 35.502916666 ], [ 136.969688764, 35.502916666 ], [ 136.970000765, 35.502916666 ], [ 136.970000765, 35.503124666 ], [ 136.970313767, 35.503124666 ], [ 136.970625768, 35.503124666 ], [ 136.970625768, 35.503332666 ], [ 136.970938769, 35.503332666 ], [ 136.97093877, 35.503541666 ], [ 136.971250771, 35.503541666 ], [ 136.971250771, 35.503749666 ], [ 136.971563772, 35.503749665 ], [ 136.971563772, 35.503957665 ], [ 136.971563773, 35.504166666 ], [ 136.971875774, 35.504166665 ], [ 136.972188775, 35.504166665 ], [ 136.972188775, 35.503957665 ], [ 136.972188775, 35.503749665 ], [ 136.972188774, 35.503541665 ], [ 136.972188774, 35.503332665 ], [ 136.972188774, 35.503124664 ], [ 136.972500775, 35.503124664 ], [ 136.972500775, 35.502916664 ], [ 136.972813776, 35.502916664 ], [ 136.973125777, 35.502916664 ], [ 136.973438778, 35.502916663 ], [ 136.973438778, 35.502707663 ], [ 136.973750779, 35.502707663 ], [ 136.973750779, 35.502499663 ], [ 136.97406378, 35.502499663 ], [ 136.974375781, 35.502499662 ], [ 136.974688783, 35.502499662 ], [ 136.974688782, 35.502291662 ], [ 136.975000784, 35.502291662 ], [ 136.975313785, 35.502291662 ], [ 136.975313784, 35.502082662 ], [ 136.975625785, 35.502082662 ], [ 136.975625785, 35.501874661 ], [ 136.975938786, 35.501874661 ], [ 136.975938786, 35.501666661 ], [ 136.976250787, 35.501666661 ], [ 136.976250786, 35.501457661 ], [ 136.976250786, 35.501249661 ], [ 136.976562787, 35.501249661 ], [ 136.976562787, 35.501457661 ], [ 136.976875788, 35.501457661 ], [ 136.977187789, 35.501457661 ], [ 136.977188789, 35.501457661 ], [ 136.97750079, 35.50145766 ], [ 136.977812791, 35.50145766 ], [ 136.977812792, 35.50166666 ], [ 136.977812792, 35.50187466 ], [ 136.978125793, 35.50187466 ], [ 136.978125793, 35.50208266 ], [ 136.978437794, 35.50208266 ], [ 136.978438794, 35.50208266 ], [ 136.978750795, 35.50208266 ], [ 136.978750796, 35.50229166 ], [ 136.978750796, 35.50249966 ], [ 136.978750796, 35.50270766 ], [ 136.979062797, 35.50270766 ], [ 136.979062798, 35.50291666 ], [ 136.979375799, 35.50291666 ], [ 136.979375799, 35.50312466 ], [ 136.9796878, 35.50312466 ], [ 136.9796888, 35.50312466 ], [ 136.980000801, 35.50312466 ], [ 136.980000801, 35.50333266 ], [ 136.980312802, 35.50333266 ], [ 136.980312803, 35.50354166 ], [ 136.980625804, 35.50354166 ], [ 136.980625804, 35.50374966 ], [ 136.980625805, 35.50395766 ], [ 136.980937806, 35.50395766 ], [ 136.980937806, 35.50416666 ], [ 136.980937806, 35.50437466 ], [ 136.981250807, 35.50437466 ], [ 136.981250808, 35.50458266 ], [ 136.981250808, 35.50479166 ], [ 136.981562809, 35.50479166 ], [ 136.981562809, 35.50499966 ], [ 136.98156281, 35.50520766 ], [ 136.98156281, 35.50541666 ], [ 136.98156281, 35.50562466 ], [ 136.981562811, 35.50583266 ], [ 136.981562811, 35.50604166 ], [ 136.981875812, 35.50604166 ], [ 136.981875813, 35.50624966 ], [ 136.981875813, 35.50645766 ], [ 136.981875813, 35.50666666 ], [ 136.981875814, 35.50687466 ], [ 136.981875814, 35.50708266 ], [ 136.981562813, 35.507082661 ], [ 136.981562813, 35.507291661 ], [ 136.981250812, 35.507291661 ], [ 136.980937811, 35.507291661 ], [ 136.980937811, 35.507499661 ], [ 136.980937812, 35.507707661 ], [ 136.980625811, 35.507707661 ], [ 136.980625811, 35.507916661 ], [ 136.980625811, 35.508124661 ], [ 136.980625812, 35.508332661 ], [ 136.980312811, 35.508332662 ], [ 136.980312811, 35.508541662 ], [ 136.98000081, 35.508541662 ], [ 136.979687809, 35.508541662 ], [ 136.979687809, 35.508749662 ], [ 136.97968781, 35.508957662 ], [ 136.97968781, 35.509166662 ], [ 136.97968781, 35.509374662 ], [ 136.979687811, 35.509582662 ], [ 136.979687811, 35.509791662 ], [ 136.97937581, 35.509791662 ], [ 136.979062809, 35.509791662 ], [ 136.978750808, 35.509791663 ], [ 136.978438807, 35.509791663 ], [ 136.978438806, 35.509582663 ], [ 136.978125805, 35.509582663 ], [ 136.978125805, 35.509374663 ], [ 136.977812804, 35.509374663 ], [ 136.977812803, 35.509166663 ], [ 136.977500802, 35.509166663 ], [ 136.977188801, 35.509166663 ], [ 136.977187801, 35.509166663 ], [ 136.9768758, 35.509166663 ], [ 136.976562799, 35.509166663 ], [ 136.976250798, 35.509166664 ], [ 136.975938796, 35.509166664 ], [ 136.975937796, 35.509166664 ], [ 136.975625795, 35.509166664 ], [ 136.975313794, 35.509166664 ], [ 136.975313795, 35.509374664 ], [ 136.975000793, 35.509374664 ], [ 136.974688792, 35.509374665 ], [ 136.974375791, 35.509374665 ], [ 136.974375791, 35.509582665 ], [ 136.97406379, 35.509582665 ], [ 136.973750789, 35.509582666 ], [ 136.973750789, 35.509791666 ], [ 136.973438788, 35.509791666 ], [ 136.973438788, 35.509999666 ], [ 136.973438788, 35.510207666 ], [ 136.973438789, 35.510416666 ], [ 136.973438789, 35.510624666 ], [ 136.973438789, 35.510832666 ], [ 136.973125788, 35.510832667 ], [ 136.973125788, 35.511041667 ], [ 136.972813787, 35.511041667 ], [ 136.972813787, 35.511249667 ], [ 136.972813788, 35.511457667 ], [ 136.972500786, 35.511457668 ], [ 136.972500787, 35.511666668 ], [ 136.972500787, 35.511874668 ], [ 136.972500787, 35.512082668 ], [ 136.972500787, 35.512291668 ], [ 136.972500788, 35.512499668 ], [ 136.972188786, 35.512499668 ], [ 136.972188787, 35.512707668 ], [ 136.972188787, 35.512916669 ], [ 136.972188787, 35.513124669 ], [ 136.972500789, 35.513124668 ], [ 136.972500788, 35.512916668 ], [ 136.972500788, 35.512707668 ], [ 136.972813789, 35.512707668 ], [ 136.972813789, 35.512499668 ], [ 136.972813789, 35.512291668 ], [ 136.972813789, 35.512082668 ], [ 136.97312579, 35.512082667 ], [ 136.97312579, 35.511874667 ], [ 136.973125789, 35.511666667 ], [ 136.973125789, 35.511457667 ], [ 136.97343879, 35.511457667 ], [ 136.97343879, 35.511249667 ], [ 136.97343879, 35.511041667 ], [ 136.973750791, 35.511041666 ], [ 136.973750791, 35.510832666 ], [ 136.974063792, 35.510832666 ], [ 136.974063792, 35.510624666 ], [ 136.974063791, 35.510416666 ], [ 136.974375793, 35.510416665 ], [ 136.974688794, 35.510416665 ], [ 136.974688793, 35.510207665 ], [ 136.974688793, 35.509999665 ], [ 136.975000794, 35.509999664 ], [ 136.975313796, 35.509999664 ], [ 136.975313795, 35.509791664 ], [ 136.975625796, 35.509791664 ], [ 136.975937798, 35.509791664 ], [ 136.975937797, 35.509582664 ], [ 136.975938797, 35.509582664 ], [ 136.976250798, 35.509582664 ], [ 136.976562799, 35.509582664 ], [ 136.976875801, 35.509582663 ], [ 136.977187802, 35.509582663 ], [ 136.977188802, 35.509582663 ], [ 136.977500803, 35.509582663 ], [ 136.977500803, 35.509791663 ], [ 136.977812804, 35.509791663 ], [ 136.977812805, 35.509999663 ], [ 136.978125806, 35.509999663 ], [ 136.978437807, 35.509999663 ], [ 136.978438807, 35.509999663 ], [ 136.978750808, 35.509999663 ], [ 136.979062809, 35.509999662 ], [ 136.979375811, 35.509999662 ], [ 136.979687812, 35.509999662 ], [ 136.979688812, 35.509999662 ], [ 136.980000813, 35.509999662 ], [ 136.980312814, 35.509999662 ], [ 136.980625815, 35.509999662 ], [ 136.980625815, 35.509791662 ], [ 136.980938816, 35.509791662 ], [ 136.980938815, 35.509582661 ], [ 136.981250817, 35.509582661 ], [ 136.981250816, 35.509374661 ], [ 136.981562817, 35.509374661 ], [ 136.981562817, 35.509166661 ], [ 136.981562816, 35.508957661 ], [ 136.981875817, 35.508957661 ], [ 136.981875817, 35.508749661 ], [ 136.981875817, 35.508541661 ], [ 136.982188818, 35.508541661 ], [ 136.982188817, 35.508332661 ], [ 136.982500818, 35.508332661 ], [ 136.982500818, 35.50812466 ], [ 136.982500818, 35.50791666 ], [ 136.982812819, 35.50791666 ], [ 136.982812818, 35.50770766 ], [ 136.983125819, 35.50770766 ], [ 136.983125819, 35.50749966 ], [ 136.98343882, 35.50749966 ], [ 136.98343882, 35.50729166 ], [ 136.983438819, 35.50708266 ], [ 136.983750821, 35.50708266 ], [ 136.98375082, 35.50687466 ], [ 136.98375082, 35.506666659 ], [ 136.984062821, 35.506666659 ], [ 136.98406282, 35.506457659 ], [ 136.98406282, 35.506249659 ], [ 136.983750819, 35.506249659 ], [ 136.983750819, 35.506041659 ], [ 136.983750818, 35.505832659 ], [ 136.983750818, 35.505624659 ], [ 136.983750818, 35.505416659 ], [ 136.983438816, 35.505416659 ], [ 136.983438816, 35.505207659 ], [ 136.983438816, 35.504999659 ], [ 136.983438815, 35.504791659 ], [ 136.983438815, 35.504582659 ], [ 136.983125814, 35.504582659 ], [ 136.983125814, 35.504374659 ], [ 136.983125813, 35.504166659 ], [ 136.983125813, 35.503957659 ], [ 136.982812812, 35.503957659 ], [ 136.982812811, 35.503749659 ], [ 136.982812811, 35.503541659 ], [ 136.982812811, 35.503332659 ], [ 136.98250081, 35.503332659 ], [ 136.982500809, 35.503124659 ], [ 136.982188808, 35.503124659 ], [ 136.982188808, 35.502916659 ], [ 136.982188808, 35.502707659 ], [ 136.982188807, 35.502499659 ], [ 136.981875806, 35.502499659 ], [ 136.981875806, 35.502291659 ], [ 136.981875805, 35.502082659 ], [ 136.981562804, 35.502082659 ], [ 136.981562804, 35.501874659 ], [ 136.981562804, 35.501666659 ], [ 136.981250803, 35.501666659 ], [ 136.981250802, 35.501457659 ], [ 136.980938801, 35.501457659 ], [ 136.980938801, 35.501249659 ], [ 136.980938801, 35.501041659 ], [ 136.9806258, 35.501041659 ], [ 136.980625799, 35.500832659 ], [ 136.980312798, 35.500832659 ], [ 136.980312798, 35.500624659 ], [ 136.980000797, 35.500624659 ], [ 136.980000797, 35.500416659 ], [ 136.979688796, 35.500416659 ], [ 136.979687796, 35.500416659 ], [ 136.979375795, 35.500416659 ], [ 136.979375794, 35.500207659 ], [ 136.979062794, 35.500207659 ], [ 136.979062793, 35.499999659 ], [ 136.978750792, 35.499999659 ], [ 136.978750792, 35.499791659 ], [ 136.978438791, 35.499791659 ], [ 136.978438791, 35.499582659 ], [ 136.97812579, 35.499582659 ], [ 136.978125789, 35.499374659 ], [ 136.977812788, 35.499374659 ], [ 136.977812788, 35.499166659 ], [ 136.977500787, 35.499166659 ], [ 136.977188786, 35.499166659 ], [ 136.977188786, 35.498957659 ], [ 136.976875785, 35.498957659 ], [ 136.976562784, 35.498957659 ], [ 136.976562784, 35.49916666 ], [ 136.976250783, 35.49916666 ], [ 136.975937782, 35.49916666 ], [ 136.975937783, 35.49937466 ], [ 136.975625782, 35.49937466 ], [ 136.975625782, 35.49958266 ], [ 136.975313781, 35.499582661 ], [ 136.975313781, 35.499791661 ], [ 136.97500078, 35.499791661 ], [ 136.975000781, 35.499999661 ], [ 136.974688779, 35.499999661 ], [ 136.97468878, 35.500207661 ], [ 136.974375778, 35.500207662 ], [ 136.974375779, 35.500416662 ], [ 136.974063778, 35.500416662 ], [ 136.973750776, 35.500416662 ], [ 136.973750777, 35.500624662 ], [ 136.973438775, 35.500624662 ], [ 136.973438776, 35.500832662 ], [ 136.973125775, 35.500832663 ], [ 136.973125775, 35.501041663 ], [ 136.973125775, 35.501249663 ], [ 136.972813774, 35.501249663 ], [ 136.972500773, 35.501249663 ], [ 136.972500773, 35.501457663 ], [ 136.972188772, 35.501457664 ], [ 136.972188772, 35.501666664 ], [ 136.971875771, 35.501666664 ], [ 136.971875771, 35.501874664 ], [ 136.97156377, 35.501874664 ], [ 136.971250769, 35.501874665 ], [ 136.971250768, 35.501666665 ], [ 136.970938767, 35.501666665 ], [ 136.970625766, 35.501666665 ], [ 136.970313765, 35.501666665 ], [ 136.970313765, 35.501457665 ], [ 136.970000763, 35.501457665 ], [ 136.969688762, 35.501457666 ], [ 136.969688762, 35.501249665 ], [ 136.969375761, 35.501249666 ], [ 136.969375761, 35.501041666 ], [ 136.969063759, 35.501041666 ], [ 136.969063759, 35.500832666 ], [ 136.969063759, 35.500624665 ], [ 136.968750758, 35.500624666 ], [ 136.968750757, 35.500416666 ], [ 136.968438756, 35.500416666 ], [ 136.968438756, 35.500207666 ], [ 136.968438756, 35.499999665 ], [ 136.968125755, 35.499999666 ], [ 136.967813753, 35.499999666 ], [ 136.967813753, 35.499791666 ], [ 136.967500752, 35.499791666 ], [ 136.967500752, 35.499582666 ], [ 136.967188751, 35.499582666 ], [ 136.967187751, 35.499582666 ], [ 136.96718775, 35.499374666 ], [ 136.96718875, 35.499374666 ], [ 136.967500752, 35.499374665 ], [ 136.967500751, 35.499166665 ], [ 136.96718875, 35.499166665 ], [ 136.96718775, 35.499166665 ], [ 136.96718775, 35.498957665 ], [ 136.96718875, 35.498957665 ], [ 136.96718875, 35.498749665 ], [ 136.966875749, 35.498749665 ], [ 136.966875749, 35.498541665 ], [ 136.966875748, 35.498332665 ], [ 136.966563747, 35.498332665 ], [ 136.966563747, 35.498124665 ], [ 136.966563747, 35.497916665 ], [ 136.966563747, 35.497707664 ], [ 136.966250746, 35.497707665 ], [ 136.965938744, 35.497707665 ], [ 136.965937744, 35.497707665 ], [ 136.965937744, 35.497499665 ], [ 136.965937744, 35.497291664 ], [ 136.965938744, 35.497291664 ], [ 136.965938744, 35.497082664 ], [ 136.965938744, 35.496874664 ], [ 136.965938743, 35.496666664 ], [ 136.965625742, 35.496666664 ], [ 136.965625742, 35.496457664 ], [ 136.965625742, 35.496249664 ], [ 136.965313741, 35.496249664 ] ] ] } },
{ "type": "Feature", "properties": { "A31a_301": "8505090066", "A31a_302": "津保川", "A31a_303": "21", "A31a_304": "岐阜県", "A31a_305": 1 }, "geometry": { "type": "Polygon", "coordinates": [ [ [ 136.9296886, 35.478541684 ], [ 136.9296886, 35.478332683 ], [ 136.929375599, 35.478332684 ], [ 136.929375599, 35.478541684 ], [ 136.9296886, 35.478541684 ] ] ] } },
{ "type": "Feature", "properties": { "A31a_301": "8505090066", "A31a_302": "津保川", "A31a_303": "21", "A31a_304": "岐阜県", "A31a_305": 1 }, "geometry": { "type": "Polygon", "coordinates": [ [ [ 136.984375824, 35.50791666 ], [ 136.984062823, 35.50791666 ], [ 136.983750822, 35.50791666 ], [ 136.983750822, 35.50812466 ], [ 136.984062824, 35.50812466 ], [ 136.984062824, 35.50833266 ], [ 136.984375825, 35.50833266 ], [ 136.984375825, 35.50812466 ], [ 136.984375824, 35.50791666 ] ] ] } },
{ "type": "Feature", "properties": { "A31a_301": "8505090066", "A31a_302": "津保川", "A31a_303": "21", "A31a_304": "岐阜県", "A31a_305": 1 }, "geometry": { "type": "Polygon", "coordinates": [ [ [ 136.913125529, 35.477916713 ], [ 136.913125529, 35.478124713 ], [ 136.91343753, 35.478124713 ], [ 136.91343753, 35.478332713 ], [ 136.913750532, 35.478332713 ], [ 136.913750532, 35.478124712 ], [ 136.91343853, 35.478124713 ], [ 136.913438531, 35.477916712 ], [ 136.913125529, 35.477916713 ] ] ] } },
{ "type": "Feature", "properties": { "A31a_301": "8505090066", "A31a_302": "津保川", "A31a_303": "21", "A31a_304": "岐阜県", "A31a_305": 1 }, "geometry": { "type": "Polygon", "coordinates": [ [ [ 136.982500807, 35.501874658 ], [ 136.982500807, 35.502082658 ], [ 136.982500808, 35.502291659 ], [ 136.982500808, 35.502499659 ], [ 136.982812809, 35.502499658 ], [ 136.98281281, 35.502707659 ], [ 136.98281281, 35.502916659 ], [ 136.98281281, 35.503124659 ], [ 136.983125811, 35.503124659 ], [ 136.983125812, 35.503332659 ], [ 136.983125812, 35.503541659 ], [ 136.983438813, 35.503541659 ], [ 136.983438813, 35.503749659 ], [ 136.983438814, 35.503957659 ], [ 136.983438814, 35.504166659 ], [ 136.983750815, 35.504166659 ], [ 136.983750816, 35.504374659 ], [ 136.983750816, 35.504582659 ], [ 136.984062817, 35.504582659 ], [ 136.984062817, 35.504791659 ], [ 136.984062818, 35.504999659 ], [ 136.984062818, 35.505207659 ], [ 136.984062819, 35.505416659 ], [ 136.98437582, 35.505416659 ], [ 136.98437582, 35.505624659 ], [ 136.98437582, 35.505832659 ], [ 136.984375821, 35.506041659 ], [ 136.984375821, 35.506249659 ], [ 136.984688822, 35.506249659 ], [ 136.984688823, 35.506457659 ], [ 136.984688823, 35.506666659 ], [ 136.984688823, 35.506874659 ], [ 136.984375822, 35.506874659 ], [ 136.984375823, 35.507082659 ], [ 136.984375823, 35.507291659 ], [ 136.984062822, 35.50729166 ], [ 136.984062822, 35.50749966 ], [ 136.984062823, 35.50770766 ], [ 136.984375824, 35.50770766 ], [ 136.984375824, 35.50791666 ], [ 136.984688825, 35.507916659 ], [ 136.984688825, 35.507707659 ], [ 136.984688825, 35.507499659 ], [ 136.984688824, 35.507291659 ], [ 136.984688824, 35.507082659 ], [ 136.985000825, 35.507082659 ], [ 136.985000825, 35.506874659 ], [ 136.985000824, 35.506666659 ], [ 136.985000824, 35.506457659 ], [ 136.985000823, 35.506249659 ], [ 136.985000823, 35.506041659 ], [ 136.985000823, 35.505832659 ], [ 136.985000822, 35.505624659 ], [ 136.985000822, 35.505416658 ], [ 136.984688821, 35.505416659 ], [ 136.98468882, 35.505207659 ], [ 136.98468882, 35.504999658 ], [ 136.98468882, 35.504791658 ], [ 136.984688819, 35.504582658 ], [ 136.984375818, 35.504582658 ], [ 136.984375818, 35.504374658 ], [ 136.984375817, 35.504166658 ], [ 136.984062816, 35.504166658 ], [ 136.984062816, 35.503957658 ], [ 136.984062816, 35.503749658 ], [ 136.983750815, 35.503749658 ], [ 136.983750814, 35.503541658 ], [ 136.983750814, 35.503332658 ], [ 136.983750813, 35.503124658 ], [ 136.984062814, 35.503124658 ], [ 136.984375815, 35.503124658 ], [ 136.984688816, 35.503124658 ], [ 136.984688816, 35.502916658 ], [ 136.984375815, 35.502916658 ], [ 136.984062814, 35.502916658 ], [ 136.984062814, 35.502707658 ], [ 136.983750813, 35.502707658 ], [ 136.983438812, 35.502707658 ], [ 136.983438811, 35.502499658 ], [ 136.98312581, 35.502499658 ], [ 136.98312581, 35.502291658 ], [ 136.982812809, 35.502291658 ], [ 136.982812809, 35.502082658 ], [ 136.982812808, 35.501874658 ], [ 136.982500807, 35.501874658 ] ] ] } },
{ "type": "Feature", "properties": { "A31a_301": "8505090066", "A31a_302": "津保川", "A31a_303": "21", "A31a_304": "岐阜県", "A31a_305": 1 }, "geometry": { "type": "Polygon", "coordinates": [ [ [ 136.865000378, 35.477291755 ], [ 136.865000378, 35.477499755 ], [ 136.865000378, 35.477707755 ], [ 136.865000378, 35.477916755 ], [ 136.865000378, 35.478124755 ], [ 136.865313378, 35.478124755 ], [ 136.865313378, 35.477916755 ], [ 136.865313378, 35.477707755 ], [ 136.865313378, 35.477499755 ], [ 136.865313378, 35.477291755 ], [ 136.865000378, 35.477291755 ] ] ] } },
{ "type": "Feature", "properties": { "A31a_301": "8505090066", "A31a_302": "津保川", "A31a_303": "21", "A31a_304": "岐阜県", "A31a_305": 1 }, "geometry": { "type": "Polygon", "coordinates": [ [ [ 136.888125435, 35.477707745 ], [ 136.888437437, 35.477707744 ], [ 136.888438437, 35.477707744 ], [ 136.888750438, 35.477707744 ], [ 136.889062439, 35.477707744 ], [ 136.88937544, 35.477707743 ], [ 136.889687441, 35.477707743 ], [ 136.889687441, 35.477499743 ], [ 136.88937544, 35.477499743 ], [ 136.889062439, 35.477499743 ], [ 136.888750438, 35.477499744 ], [ 136.888438437, 35.477499744 ], [ 136.888437437, 35.477499744 ], [ 136.888125436, 35.477499744 ], [ 136.887812435, 35.477499745 ], [ 136.887500434, 35.477499745 ], [ 136.887188433, 35.477499745 ], [ 136.887188433, 35.477707745 ], [ 136.887500433, 35.477707745 ], [ 136.887812434, 35.477707745 ], [ 136.888125435, 35.477707745 ] ] ] } },
{ "type": "Feature", "properties": { "A31a_301": "8505090066", "A31a_302": "津保川", "A31a_303": "21", "A31a_304": "岐阜県", "A31a_305": 1 }, "geometry": { "type": "Polygon", "coordinates": [ [ [ 136.865000378, 35.477291755 ], [ 136.865000378, 35.477082755 ], [ 136.865000378, 35.476874755 ], [ 136.865000378, 35.476666755 ], [ 136.865313378, 35.476666755 ], [ 136.865313378, 35.476457755 ], [ 136.865000378, 35.476457755 ], [ 136.865000378, 35.476249755 ], [ 136.865000378, 35.476041755 ], [ 136.865313378, 35.476041755 ], [ 136.865313378, 35.475832754 ], [ 136.865313378, 35.475624754 ], [ 136.865000378, 35.475624755 ], [ 136.865000378, 35.475416755 ], [ 136.865313378, 35.475416754 ], [ 136.865313378, 35.475207754 ], [ 136.865313378, 35.474999754 ], [ 136.865313378, 35.474791754 ], [ 136.865313378, 35.474582754 ], [ 136.865313378, 35.474374754 ], [ 136.865000378, 35.474374754 ], [ 136.864688377, 35.474374754 ], [ 136.864375376, 35.474374755 ], [ 136.864063376, 35.474374755 ], [ 136.863750375, 35.474374755 ], [ 136.863750375, 35.474582755 ], [ 136.863438374, 35.474582755 ], [ 136.863438374, 35.474791755 ], [ 136.863125374, 35.474791755 ], [ 136.862813373, 35.474791755 ], [ 136.862500372, 35.474791755 ], [ 136.862188372, 35.474791755 ], [ 136.862188372, 35.474582755 ], [ 136.861875371, 35.474582755 ], [ 136.861875371, 35.474374755 ], [ 136.861875371, 35.474166755 ], [ 136.861875371, 35.473957755 ], [ 136.861875371, 35.473749755 ], [ 136.861875371, 35.473541755 ], [ 136.861875371, 35.473332755 ], [ 136.86187537, 35.473124755 ], [ 136.86156237, 35.473124755 ], [ 136.86156237, 35.472916755 ], [ 136.86156237, 35.472707755 ], [ 136.86156237, 35.472499755 ], [ 136.86156237, 35.472291755 ], [ 136.861250369, 35.472291755 ], [ 136.861250369, 35.472082754 ], [ 136.861250369, 35.471874754 ], [ 136.861250369, 35.471666754 ], [ 136.860938368, 35.471666754 ], [ 136.860938368, 35.471457754 ], [ 136.860625368, 35.471457754 ], [ 136.860625368, 35.471666754 ], [ 136.860625368, 35.471874754 ], [ 136.860625368, 35.472082754 ], [ 136.860312367, 35.472082754 ], [ 136.860312367, 35.472291754 ], [ 136.860312367, 35.472499755 ], [ 136.860000367, 35.472499755 ], [ 136.860000367, 35.472291754 ], [ 136.860000367, 35.472082754 ], [ 136.859688366, 35.472082754 ], [ 136.859688366, 35.471874754 ], [ 136.859688366, 35.471666754 ], [ 136.859688366, 35.471457754 ], [ 136.859688366, 35.471249754 ], [ 136.859375365, 35.471249754 ], [ 136.859375365, 35.471457754 ], [ 136.859062365, 35.471457754 ], [ 136.859062365, 35.471249754 ], [ 136.859062365, 35.471041754 ], [ 136.859375365, 35.471041754 ], [ 136.859375365, 35.470832754 ], [ 136.859688366, 35.470832754 ], [ 136.859688366, 35.470624754 ], [ 136.859688366, 35.470416754 ], [ 136.859375365, 35.470416754 ], [ 136.859375365, 35.470207754 ], [ 136.859688366, 35.470207754 ], [ 136.860000366, 35.470207754 ], [ 136.860000366, 35.470416754 ], [ 136.860000366, 35.470624754 ], [ 136.860000366, 35.470832754 ], [ 136.860000366, 35.471041754 ], [ 136.860000367, 35.471249754 ], [ 136.860000367, 35.471457754 ], [ 136.860312367, 35.471457754 ], [ 136.860625368, 35.471457754 ], [ 136.860625368, 35.471249754 ], [ 136.860625368, 35.471041754 ], [ 136.860625367, 35.470832754 ], [ 136.860625367, 35.470624754 ], [ 136.860312367, 35.470624754 ], [ 136.860312367, 35.470416754 ], [ 136.860312367, 35.470207754 ], [ 136.860625367, 35.470207754 ], [ 136.860625367, 35.470416754 ], [ 136.860938368, 35.470416754 ], [ 136.861250368, 35.470416754 ], [ 136.861250368, 35.470207754 ], [ 136.860938368, 35.470207754 ], [ 136.860938368, 35.469999754 ], [ 136.860938368, 35.469791754 ], [ 136.861250368, 35.469791754 ], [ 136.861250368, 35.469582754 ], [ 136.861250368, 35.469374754 ], [ 136.861250368, 35.469166754 ], [ 136.860938368, 35.469166754 ], [ 136.860938367, 35.468957754 ], [ 136.860938367, 35.468749754 ], [ 136.860938367, 35.468541754 ], [ 136.860938367, 35.468332754 ], [ 136.860938367, 35.468124753 ], [ 136.860938367, 35.467916753 ], [ 136.860625367, 35.467916753 ], [ 136.860625366, 35.467707753 ], [ 136.860312366, 35.467707753 ], [ 136.860000365, 35.467707754 ], [ 136.860000365, 35.467916754 ], [ 136.860000365, 35.468124754 ], [ 136.859688365, 35.468124754 ], [ 136.859375364, 35.468124754 ], [ 136.859375364, 35.467916754 ], [ 136.859062364, 35.467916754 ], [ 136.859062364, 35.467707754 ], [ 136.859375364, 35.467707754 ], [ 136.859688365, 35.467707754 ], [ 136.859688365, 35.467499754 ], [ 136.859688365, 35.467291754 ], [ 136.860000365, 35.467291753 ], [ 136.860000365, 35.467082753 ], [ 136.860000365, 35.466874753 ], [ 136.859688365, 35.466874753 ], [ 136.859688364, 35.466666753 ], [ 136.860000365, 35.466666753 ], [ 136.860000365, 35.466457753 ], [ 136.859688364, 35.466457753 ], [ 136.859688364, 35.466249753 ], [ 136.859688364, 35.466041753 ], [ 136.859375364, 35.466041754 ], [ 136.859062363, 35.466041754 ], [ 136.859062363, 35.465832754 ], [ 136.858750362, 35.465832754 ], [ 136.858438362, 35.465832754 ], [ 136.858125361, 35.465832754 ], [ 136.857812361, 35.465832754 ], [ 136.857812361, 35.466041754 ], [ 136.85750036, 35.466041754 ], [ 136.85718836, 35.466041754 ], [ 136.85718836, 35.466249754 ], [ 136.85718736, 35.466249754 ], [ 136.85718736, 35.466457754 ], [ 136.85718736, 35.466666754 ], [ 136.856875359, 35.466666754 ], [ 136.856562359, 35.466666754 ], [ 136.856562359, 35.466457754 ], [ 136.856250358, 35.466457754 ], [ 136.856250358, 35.466666754 ], [ 136.855938358, 35.466666754 ], [ 136.855937358, 35.466666754 ], [ 136.855625357, 35.466666754 ], [ 136.855312357, 35.466666754 ], [ 136.855312357, 35.466874754 ], [ 136.855000356, 35.466874754 ], [ 136.855000356, 35.467082754 ], [ 136.855000356, 35.467291754 ], [ 136.854687356, 35.467291754 ], [ 136.854687356, 35.467499754 ], [ 136.854375355, 35.467499755 ], [ 136.854062355, 35.467499755 ], [ 136.854062355, 35.467707755 ], [ 136.853750354, 35.467707755 ], [ 136.853437354, 35.467707755 ], [ 136.853437354, 35.467916755 ], [ 136.853125353, 35.467916755 ], [ 136.853125353, 35.468124755 ], [ 136.852812353, 35.468124755 ], [ 136.852500352, 35.468124755 ], [ 136.852500352, 35.468332755 ], [ 136.852812353, 35.468332755 ], [ 136.852812353, 35.468541755 ], [ 136.852500352, 35.468541755 ], [ 136.852500352, 35.468332755 ], [ 136.852188352, 35.468332755 ], [ 136.852187352, 35.468332755 ], [ 136.851875351, 35.468332755 ], [ 136.851562351, 35.468332755 ], [ 136.85125035, 35.468332755 ], [ 136.85125035, 35.468541755 ], [ 136.851562351, 35.468541755 ], [ 136.851875351, 35.468541755 ], [ 136.851875351, 35.468749755 ], [ 136.852187352, 35.468749755 ], [ 136.852188352, 35.468749755 ], [ 136.852500352, 35.468749755 ], [ 136.852500352, 35.468957755 ], [ 136.852812353, 35.468957755 ], [ 136.852812353, 35.469166754 ], [ 136.853125354, 35.469166754 ], [ 136.853125354, 35.469374754 ], [ 136.853437354, 35.469374754 ], [ 136.853438354, 35.469374754 ], [ 136.853750355, 35.469374754 ], [ 136.853750355, 35.469582754 ], [ 136.854062355, 35.469582754 ], [ 136.854062355, 35.469791754 ], [ 136.854375356, 35.469791754 ], [ 136.854687357, 35.469791754 ], [ 136.854687357, 35.469999754 ], [ 136.855000357, 35.469999754 ], [ 136.855000357, 35.470207754 ], [ 136.855312358, 35.470207754 ], [ 136.855625358, 35.470207754 ], [ 136.855625358, 35.470416754 ], [ 136.855937359, 35.470416754 ], [ 136.855937359, 35.470624754 ], [ 136.85625036, 35.470624754 ], [ 136.85656236, 35.470624754 ], [ 136.856875361, 35.470624754 ], [ 136.856875361, 35.470832754 ], [ 136.856875361, 35.471041754 ], [ 136.857187361, 35.471041754 ], [ 136.857187361, 35.470832754 ], [ 136.857187361, 35.470624754 ], [ 136.857188361, 35.470624754 ], [ 136.857500362, 35.470624754 ], [ 136.857500362, 35.470832754 ], [ 136.857812362, 35.470832754 ], [ 136.857812363, 35.471041754 ], [ 136.858125363, 35.471041754 ], [ 136.858125363, 35.471249754 ], [ 136.858438364, 35.471249754 ], [ 136.858438364, 35.471457754 ], [ 136.858750364, 35.471457754 ], [ 136.858750364, 35.471666754 ], [ 136.859062365, 35.471666754 ], [ 136.859062365, 35.471874754 ], [ 136.859062365, 35.472082754 ], [ 136.859375366, 35.472082754 ], [ 136.859375366, 35.472291754 ], [ 136.859375366, 35.472499754 ], [ 136.859688366, 35.472499754 ], [ 136.859688366, 35.472707755 ], [ 136.859688367, 35.472916755 ], [ 136.859688367, 35.473124755 ], [ 136.859688367, 35.473332755 ], [ 136.859688367, 35.473541755 ], [ 136.860000367, 35.473541755 ], [ 136.860000367, 35.473749755 ], [ 136.860312368, 35.473749755 ], [ 136.860625368, 35.473749755 ], [ 136.860625369, 35.473957755 ], [ 136.860938369, 35.473957755 ], [ 136.860938369, 35.474166755 ], [ 136.860938369, 35.474374755 ], [ 136.860938369, 35.474582755 ], [ 136.860938369, 35.474791755 ], [ 136.860938369, 35.474999755 ], [ 136.860938369, 35.475207755 ], [ 136.860625369, 35.475207755 ], [ 136.860625369, 35.475416755 ], [ 136.860938369, 35.475416755 ], [ 136.86125037, 35.475416755 ], [ 136.86125037, 35.475207755 ], [ 136.86125037, 35.474999755 ], [ 136.86125037, 35.474791755 ], [ 136.86156237, 35.474791755 ], [ 136.861562371, 35.474999755 ], [ 136.861875371, 35.474999755 ], [ 136.861875371, 35.475207755 ], [ 136.862188372, 35.475207755 ], [ 136.862188372, 35.475416755 ], [ 136.862500372, 35.475416756 ], [ 136.862500372, 35.475624756 ], [ 136.862500372, 35.475832756 ], [ 136.862813373, 35.475832755 ], [ 136.862813373, 35.476041755 ], [ 136.863125374, 35.476041755 ], [ 136.863125374, 35.476249755 ], [ 136.863125374, 35.476457755 ], [ 136.863125374, 35.476666755 ], [ 136.863438374, 35.476666755 ], [ 136.863438374, 35.476874755 ], [ 136.863750375, 35.476874755 ], [ 136.863750375, 35.477082755 ], [ 136.863750375, 35.477291755 ], [ 136.864063376, 35.477291755 ], [ 136.864375376, 35.477291755 ], [ 136.864375376, 35.477499755 ], [ 136.864688377, 35.477499755 ], [ 136.864688377, 35.477291755 ], [ 136.865000378, 35.477291755 ] ], [ [ 136.860312367, 35.469999754 ], [ 136.860312367, 35.469791754 ], [ 136.860625367, 35.469791754 ], [ 136.860625367, 35.469999754 ], [ 136.860312367, 35.469999754 ] ], [ [ 136.859375365, 35.469166754 ], [ 136.859375365, 35.468957754 ], [ 136.859688365, 35.468957754 ], [ 136.859688365, 35.469166754 ], [ 136.859375365, 35.469166754 ] ] ] } },
{ "type": "Feature", "properties": { "A31a_301": "8505090066", "A31a_302": "津保川", "A31a_303": "21", "A31a_304": "岐阜県", "A31a_305": 1 }, "geometry": { "type": "Polygon", "coordinates": [ [ [ 136.982500807, 35.501874658 ], [ 136.982500807, 35.501666658 ], [ 136.982500806, 35.501457658 ], [ 136.982188805, 35.501457658 ], [ 136.982188805, 35.501249658 ], [ 136.981875804, 35.501249658 ], [ 136.981875804, 35.501457659 ], [ 136.981875805, 35.501666659 ], [ 136.982187806, 35.501666658 ], [ 136.982187806, 35.501874659 ], [ 136.982500807, 35.501874658 ] ] ] } },
{ "type": "Feature", "properties": { "A31a_301": "8505090066", "A31a_302": "津保川", "A31a_303": "21", "A31a_304": "岐阜県", "A31a_305": 1 }, "geometry": { "type": "Polygon", "coordinates": [ [ [ 136.972500755, 35.486457649 ], [ 136.972500755, 35.486666649 ], [ 136.972188755, 35.486666649 ], [ 136.972188754, 35.486457649 ], [ 136.972500755, 35.486457649 ], [ 136.972500755, 35.486249649 ], [ 136.972500755, 35.486041648 ], [ 136.972813756, 35.486041648 ], [ 136.972813756, 35.486249649 ], [ 136.973125757, 35.486249648 ], [ 136.973438758, 35.486249648 ], [ 136.973438757, 35.486041648 ], [ 136.973125757, 35.486041648 ], [ 136.973125756, 35.485832648 ], [ 136.973125756, 35.485624648 ], [ 136.973438757, 35.485624648 ], [ 136.973750758, 35.485624647 ], [ 136.974063759, 35.485624647 ], [ 136.97437576, 35.485624647 ], [ 136.974375759, 35.485416647 ], [ 136.974063758, 35.485416647 ], [ 136.974063758, 35.485207647 ], [ 136.974063758, 35.484999647 ], [ 136.973750757, 35.484999647 ], [ 136.973438756, 35.484999647 ], [ 136.973438756, 35.485207647 ], [ 136.973125756, 35.485207647 ], [ 136.973125756, 35.485416647 ], [ 136.972813755, 35.485416648 ], [ 136.972813755, 35.485207647 ], [ 136.972813754, 35.484999647 ], [ 136.973125755, 35.484999647 ], [ 136.973125755, 35.484791647 ], [ 136.973125755, 35.484582647 ], [ 136.972813754, 35.484582647 ], [ 136.972813754, 35.484374647 ], [ 136.972813753, 35.484166646 ], [ 136.972500753, 35.484166646 ], [ 136.972500752, 35.483957646 ], [ 136.972188752, 35.483957646 ], [ 136.971875751, 35.483957647 ], [ 136.97187575, 35.483749646 ], [ 136.97156375, 35.483749646 ], [ 136.971250749, 35.483749647 ], [ 136.971250749, 35.483541646 ], [ 136.971250748, 35.483332646 ], [ 136.970938748, 35.483332646 ], [ 136.970625747, 35.483332646 ], [ 136.970625747, 35.483124646 ], [ 136.970313746, 35.483124646 ], [ 136.970313746, 35.483332647 ], [ 136.970000745, 35.483332647 ], [ 136.970000745, 35.483124646 ], [ 136.970000745, 35.482916646 ], [ 136.969688744, 35.482916646 ], [ 136.969688744, 35.482707646 ], [ 136.970000745, 35.482707646 ], [ 136.970000744, 35.482499646 ], [ 136.970313745, 35.482499645 ], [ 136.970313745, 35.482291645 ], [ 136.970625746, 35.482291645 ], [ 136.970625746, 35.482082645 ], [ 136.970313745, 35.482082645 ], [ 136.970313745, 35.481874645 ], [ 136.970000744, 35.481874645 ], [ 136.970000744, 35.481666645 ], [ 136.970000744, 35.481457644 ], [ 136.969688743, 35.481457644 ], [ 136.969688743, 35.481249644 ], [ 136.969688743, 35.481041644 ], [ 136.969688742, 35.480832644 ], [ 136.969688742, 35.480624643 ], [ 136.969688742, 35.480416643 ], [ 136.969375741, 35.480416643 ], [ 136.969375741, 35.480207643 ], [ 136.969375741, 35.479999643 ], [ 136.96906374, 35.479999643 ], [ 136.968750739, 35.479999643 ], [ 136.968750739, 35.479791643 ], [ 136.968438739, 35.479791643 ], [ 136.968437739, 35.479791643 ], [ 136.968125738, 35.479791643 ], [ 136.967813737, 35.479791643 ], [ 136.967500736, 35.479791643 ], [ 136.967500736, 35.479999643 ], [ 136.967187736, 35.479999643 ], [ 136.967187736, 35.480207643 ], [ 136.967187736, 35.480416644 ], [ 136.967187736, 35.480624644 ], [ 136.967187736, 35.480832644 ], [ 136.967188736, 35.480832644 ], [ 136.967500737, 35.480832644 ], [ 136.967500737, 35.480624644 ], [ 136.967813737, 35.480624644 ], [ 136.967813738, 35.480832644 ], [ 136.967500737, 35.480832644 ], [ 136.967500737, 35.481041645 ], [ 136.967188736, 35.481041645 ], [ 136.967187736, 35.481041645 ], [ 136.967187736, 35.480832644 ], [ 136.966875735, 35.480832644 ], [ 136.966875735, 35.481041645 ], [ 136.966875735, 35.481249645 ], [ 136.966563735, 35.481249645 ], [ 136.966250734, 35.481249645 ], [ 136.966250734, 35.481457646 ], [ 136.966250734, 35.481666646 ], [ 136.966563735, 35.481666646 ], [ 136.966563735, 35.481874646 ], [ 136.966250734, 35.481874646 ], [ 136.965938733, 35.481874646 ], [ 136.965937733, 35.481874646 ], [ 136.965937733, 35.481666646 ], [ 136.965625733, 35.481666646 ], [ 136.965313732, 35.481666646 ], [ 136.965313732, 35.481457646 ], [ 136.965625732, 35.481457646 ], [ 136.965625732, 35.481249645 ], [ 136.965313731, 35.481249646 ], [ 136.965000731, 35.481249646 ], [ 136.96468773, 35.481249646 ], [ 136.96468773, 35.481457646 ], [ 136.964375729, 35.481457646 ], [ 136.964375729, 35.481666647 ], [ 136.964063728, 35.481666647 ], [ 136.963750728, 35.481666647 ], [ 136.963437727, 35.481666647 ], [ 136.963437727, 35.481874647 ], [ 136.963125726, 35.481874647 ], [ 136.963125726, 35.482082648 ], [ 136.962813725, 35.482082648 ], [ 136.962500725, 35.482082648 ], [ 136.962187724, 35.482082648 ], [ 136.961875722, 35.482082648 ], [ 136.961562721, 35.482082649 ], [ 136.961562721, 35.482291649 ], [ 136.961562721, 35.482499649 ], [ 136.961875723, 35.482499649 ], [ 136.962187724, 35.482499649 ], [ 136.962500725, 35.482499649 ], [ 136.962813726, 35.482499648 ], [ 136.962813725, 35.482291648 ], [ 136.963125726, 35.482291648 ], [ 136.963437727, 35.482291648 ], [ 136.963437727, 35.482082648 ], [ 136.963438727, 35.482082648 ], [ 136.963750728, 35.482082647 ], [ 136.963750728, 35.482291648 ], [ 136.963750728, 35.482499648 ], [ 136.963750728, 35.482707648 ], [ 136.963750728, 35.482916649 ], [ 136.963438727, 35.482916649 ], [ 136.963437727, 35.482916649 ], [ 136.963437727, 35.483124649 ], [ 136.963750728, 35.483124649 ], [ 136.963750728, 35.483332649 ], [ 136.964063729, 35.483332649 ], [ 136.964063729, 35.48354165 ], [ 136.96437573, 35.483541649 ], [ 136.96437573, 35.48374965 ], [ 136.964687731, 35.48374965 ], [ 136.964688731, 35.48374965 ], [ 136.965000732, 35.483749649 ], [ 136.965000732, 35.48395765 ], [ 136.965313733, 35.48395765 ], [ 136.965625734, 35.483957649 ], [ 136.965937735, 35.483957649 ], [ 136.965938735, 35.483957649 ], [ 136.966250735, 35.483957649 ], [ 136.966563736, 35.483957649 ], [ 136.966875737, 35.483957649 ], [ 136.966875737, 35.483749649 ], [ 136.967187738, 35.483749648 ], [ 136.967188738, 35.483749648 ], [ 136.967500739, 35.483749648 ], [ 136.967500739, 35.483957649 ], [ 136.967500739, 35.484166649 ], [ 136.96781374, 35.484166649 ], [ 136.96781374, 35.483957648 ], [ 136.96812574, 35.483957648 ], [ 136.968125741, 35.484166648 ], [ 136.96781374, 35.484166649 ], [ 136.96781374, 35.484374649 ], [ 136.968125741, 35.484374649 ], [ 136.968437742, 35.484374649 ], [ 136.968438742, 35.484374649 ], [ 136.968438742, 35.484582649 ], [ 136.968750743, 35.484582649 ], [ 136.969063744, 35.484582649 ], [ 136.969063744, 35.484791649 ], [ 136.969375745, 35.484791649 ], [ 136.969375745, 35.484999649 ], [ 136.969375745, 35.485207649 ], [ 136.969375745, 35.485416649 ], [ 136.969375745, 35.48562465 ], [ 136.969063744, 35.48562465 ], [ 136.968750744, 35.48562465 ], [ 136.968438743, 35.48562465 ], [ 136.968437743, 35.48562465 ], [ 136.968125742, 35.48562465 ], [ 136.968125742, 35.48583265 ], [ 136.968125742, 35.486041651 ], [ 136.968125742, 35.486249651 ], [ 136.968125742, 35.486457651 ], [ 136.967813742, 35.486457651 ], [ 136.967813742, 35.486666652 ], [ 136.967813742, 35.486874652 ], [ 136.967813742, 35.487082652 ], [ 136.967813742, 35.487291652 ], [ 136.967813742, 35.487499653 ], [ 136.967813742, 35.487707653 ], [ 136.967813743, 35.487916653 ], [ 136.967500742, 35.487916653 ], [ 136.967500742, 35.488124654 ], [ 136.967500742, 35.488332654 ], [ 136.967813743, 35.488332654 ], [ 136.968125744, 35.488332653 ], [ 136.968437745, 35.488332653 ], [ 136.968438745, 35.488332653 ], [ 136.968438745, 35.488541653 ], [ 136.968438745, 35.488749654 ], [ 136.968438745, 35.488957654 ], [ 136.968438746, 35.489166654 ], [ 136.968438746, 35.489374654 ], [ 136.968437746, 35.489374654 ], [ 136.968125745, 35.489374655 ], [ 136.967813744, 35.489374655 ], [ 136.967500743, 35.489374655 ], [ 136.967188742, 35.489374655 ], [ 136.967187742, 35.489374655 ], [ 136.966875741, 35.489374655 ], [ 136.966875741, 35.489582656 ], [ 136.966875741, 35.489791656 ], [ 136.966875741, 35.489999656 ], [ 136.966875741, 35.490207656 ], [ 136.96656374, 35.490207657 ], [ 136.966250739, 35.490207657 ], [ 136.966250739, 35.490416657 ], [ 136.965938738, 35.490416657 ], [ 136.965938739, 35.490624658 ], [ 136.965938739, 35.490832658 ], [ 136.965938739, 35.491041658 ], [ 136.965938739, 35.491249658 ], [ 136.965937739, 35.491249658 ], [ 136.965625738, 35.491249659 ], [ 136.965625738, 35.491457659 ], [ 136.965313737, 35.491457659 ], [ 136.965313737, 35.491666659 ], [ 136.965313737, 35.491874659 ], [ 136.965313737, 35.49208266 ], [ 136.965313738, 35.49229166 ], [ 136.965313738, 35.49249966 ], [ 136.965313738, 35.49270766 ], [ 136.965313738, 35.49291666 ], [ 136.965313738, 35.493124661 ], [ 136.965313739, 35.493332661 ], [ 136.965313739, 35.493541661 ], [ 136.965313739, 35.493749661 ], [ 136.965000738, 35.493749662 ], [ 136.965000738, 35.493957662 ], [ 136.965000738, 35.494166662 ], [ 136.965313739, 35.494166662 ], [ 136.965313739, 35.494374662 ], [ 136.96531374, 35.494582662 ], [ 136.96531374, 35.494791662 ], [ 136.96531374, 35.494999663 ], [ 136.965625741, 35.494999662 ], [ 136.965625741, 35.495207663 ], [ 136.965625741, 35.495416663 ], [ 136.965625741, 35.495624663 ], [ 136.965937743, 35.495624663 ], [ 136.965937743, 35.495832663 ], [ 136.965937743, 35.496041663 ], [ 136.966250744, 35.496041663 ], [ 136.966250744, 35.496249663 ], [ 136.966250744, 35.496457663 ], [ 136.966563746, 35.496457663 ], [ 136.966563746, 35.496666663 ], [ 136.966563746, 35.496874664 ], [ 136.966563746, 35.497082664 ], [ 136.966875747, 35.497082664 ], [ 136.966875747, 35.497291664 ], [ 136.967187749, 35.497291664 ], [ 136.967187749, 35.497499664 ], [ 136.967187749, 35.497707664 ], [ 136.96750075, 35.497707664 ], [ 136.96750075, 35.497916664 ], [ 136.967813751, 35.497916664 ], [ 136.967813752, 35.498124664 ], [ 136.967813752, 35.498332664 ], [ 136.967813752, 35.498541664 ], [ 136.967813752, 35.498749665 ], [ 136.968125753, 35.498749664 ], [ 136.968125754, 35.498957665 ], [ 136.968125754, 35.499166665 ], [ 136.968125754, 35.499374665 ], [ 136.968437755, 35.499374665 ], [ 136.968437755, 35.499582665 ], [ 136.968750757, 35.499582665 ], [ 136.969063758, 35.499582665 ], [ 136.969063758, 35.499791665 ], [ 136.969063758, 35.499999665 ], [ 136.969063758, 35.500207665 ], [ 136.96937576, 35.500207665 ], [ 136.96937576, 35.500416665 ], [ 136.969687761, 35.500416665 ], [ 136.969687761, 35.500624665 ], [ 136.970000762, 35.500624665 ], [ 136.970000763, 35.500832665 ], [ 136.970313764, 35.500832665 ], [ 136.970625765, 35.500832664 ], [ 136.970625765, 35.501041665 ], [ 136.970938766, 35.501041664 ], [ 136.970938767, 35.501249665 ], [ 136.971250768, 35.501249664 ], [ 136.971563769, 35.501249664 ], [ 136.971563769, 35.501041664 ], [ 136.97187577, 35.501041664 ], [ 136.972188771, 35.501041663 ], [ 136.972188771, 35.500832663 ], [ 136.972500772, 35.500832663 ], [ 136.972500772, 35.500624663 ], [ 136.972813773, 35.500624663 ], [ 136.972813773, 35.500416663 ], [ 136.973125774, 35.500416663 ], [ 136.973125774, 35.500207662 ], [ 136.973438775, 35.500207662 ], [ 136.973438775, 35.499999662 ], [ 136.973750776, 35.499999662 ], [ 136.973750776, 35.499791662 ], [ 136.973750775, 35.499582662 ], [ 136.974063776, 35.499582661 ], [ 136.974063776, 35.499374661 ], [ 136.974375777, 35.499374661 ], [ 136.974375777, 35.499166661 ], [ 136.974688778, 35.49916666 ], [ 136.974688778, 35.49895766 ], [ 136.975000779, 35.49895766 ], [ 136.975000779, 35.49874966 ], [ 136.974688778, 35.49874966 ], [ 136.974375777, 35.49874966 ], [ 136.974375777, 35.49895766 ], [ 136.974063776, 35.498957661 ], [ 136.974063776, 35.499166661 ], [ 136.973750775, 35.499166661 ], [ 136.973438774, 35.499166661 ], [ 136.973125772, 35.499166662 ], [ 136.972813771, 35.499166662 ], [ 136.97250077, 35.499166662 ], [ 136.972188769, 35.499166662 ], [ 136.972188769, 35.499374662 ], [ 136.971875768, 35.499374663 ], [ 136.971875768, 35.499166662 ], [ 136.971563767, 35.499166663 ], [ 136.971250765, 35.499166663 ], [ 136.970938764, 35.499166663 ], [ 136.970625763, 35.499166663 ], [ 136.970313762, 35.499166663 ], [ 136.970000761, 35.499166664 ], [ 136.96968876, 35.499166664 ], [ 136.96968776, 35.499166664 ], [ 136.969375758, 35.499166664 ], [ 136.969375758, 35.498957664 ], [ 136.969375758, 35.498749664 ], [ 136.969063757, 35.498749664 ], [ 136.969063757, 35.498541664 ], [ 136.969063756, 35.498332663 ], [ 136.969375758, 35.498332663 ], [ 136.969375757, 35.498124663 ], [ 136.969375757, 35.497916663 ], [ 136.969688758, 35.497916663 ], [ 136.969688758, 35.497707662 ], [ 136.970000759, 35.497707662 ], [ 136.970000759, 35.497499662 ], [ 136.969688758, 35.497499662 ], [ 136.969687758, 35.497499662 ], [ 136.969375757, 35.497499662 ], [ 136.969375757, 35.497291662 ], [ 136.969688758, 35.497291662 ], [ 136.969688757, 35.497082662 ], [ 136.970000759, 35.497082662 ], [ 136.97031376, 35.497082661 ], [ 136.970313759, 35.496874661 ], [ 136.970000758, 35.496874661 ], [ 136.970000758, 35.496666661 ], [ 136.970000758, 35.496457661 ], [ 136.969688757, 35.496457661 ], [ 136.969688757, 35.496249661 ], [ 136.969375755, 35.496249661 ], [ 136.969063754, 35.496249661 ], [ 136.969063754, 35.496041661 ], [ 136.969063754, 35.495832661 ], [ 136.968750753, 35.495832661 ], [ 136.968750753, 35.495624661 ], [ 136.968750752, 35.495416661 ], [ 136.968750752, 35.49520766 ], [ 136.968750752, 35.49499966 ], [ 136.969063753, 35.49499966 ], [ 136.969063753, 35.49479166 ], [ 136.969375754, 35.49479166 ], [ 136.969375754, 35.494582659 ], [ 136.969375753, 35.494374659 ], [ 136.969375753, 35.494166659 ], [ 136.969688754, 35.494166659 ], [ 136.969688754, 35.493957659 ], [ 136.969688754, 35.493749658 ], [ 136.969688754, 35.493541658 ], [ 136.969375753, 35.493541658 ], [ 136.969375752, 35.493332658 ], [ 136.969375752, 35.493124658 ], [ 136.969375752, 35.492916658 ], [ 136.969688753, 35.492916658 ], [ 136.969688753, 35.492707657 ], [ 136.969688753, 35.492499657 ], [ 136.969688752, 35.492291657 ], [ 136.969688752, 35.492082657 ], [ 136.970000753, 35.492082657 ], [ 136.970313754, 35.492082656 ], [ 136.970625755, 35.492082656 ], [ 136.970938756, 35.492082656 ], [ 136.971250757, 35.492082656 ], [ 136.971250757, 35.491874655 ], [ 136.971250757, 35.491666655 ], [ 136.971563758, 35.491666655 ], [ 136.971563758, 35.491457655 ], [ 136.971875759, 35.491457655 ], [ 136.97218876, 35.491457654 ], [ 136.972500761, 35.491457654 ], [ 136.972500761, 35.491249654 ], [ 136.97250076, 35.491041654 ], [ 136.97250076, 35.490832654 ], [ 136.972188759, 35.490832654 ], [ 136.972188759, 35.490624654 ], [ 136.971875758, 35.490624654 ], [ 136.971875758, 35.490416654 ], [ 136.971875757, 35.490207653 ], [ 136.972188758, 35.490207653 ], [ 136.972500759, 35.490207653 ], [ 136.972500759, 35.489999653 ], [ 136.972188758, 35.489999653 ], [ 136.972188758, 35.489791653 ], [ 136.972188758, 35.489582652 ], [ 136.971875757, 35.489582653 ], [ 136.971875757, 35.489374652 ], [ 136.972188758, 35.489374652 ], [ 136.972188757, 35.489166652 ], [ 136.972188757, 35.488957652 ], [ 136.972188757, 35.488749652 ], [ 136.972188757, 35.488541651 ], [ 136.972188756, 35.488332651 ], [ 136.972188756, 35.488124651 ], [ 136.972188756, 35.487916651 ], [ 136.972188756, 35.48770765 ], [ 136.972188755, 35.48749965 ], [ 136.972500756, 35.48749965 ], [ 136.972500756, 35.48729165 ], [ 136.972500756, 35.48708265 ], [ 136.972813757, 35.487082649 ], [ 136.972813757, 35.48729165 ], [ 136.972813757, 35.48749965 ], [ 136.973125758, 35.48749965 ], [ 136.973125758, 35.487291649 ], [ 136.973125758, 35.487082649 ], [ 136.973125758, 35.486874649 ], [ 136.973125757, 35.486666649 ], [ 136.972813756, 35.486666649 ], [ 136.972813756, 35.486457649 ], [ 136.972500755, 35.486457649 ] ], [ [ 136.97000075, 35.488749653 ], [ 136.97000075, 35.488957653 ], [ 136.969688749, 35.488957653 ], [ 136.969687749, 35.488957653 ], [ 136.969687749, 35.488749653 ], [ 136.969688749, 35.488749653 ], [ 136.97000075, 35.488749653 ] ], [ [ 136.968750752, 35.49458266 ], [ 136.968750752, 35.49479166 ], [ 136.968438751, 35.49479166 ], [ 136.96843875, 35.49458266 ], [ 136.968125749, 35.49458266 ], [ 136.968125749, 35.49437466 ], [ 136.96843775, 35.49437466 ], [ 136.96843875, 35.49437466 ], [ 136.968750751, 35.49437466 ], [ 136.968750752, 35.49458266 ] ], [ [ 136.968750754, 35.497499663 ], [ 136.968750755, 35.497707663 ], [ 136.968438754, 35.497707663 ], [ 136.968437754, 35.497707663 ], [ 136.968437753, 35.497499663 ], [ 136.968438753, 35.497499663 ], [ 136.968750754, 35.497499663 ] ], [ [ 136.971875752, 35.485624648 ], [ 136.971875752, 35.485416648 ], [ 136.972188753, 35.485416648 ], [ 136.972500754, 35.485416648 ], [ 136.972500754, 35.485624648 ], [ 136.972188753, 35.485624648 ], [ 136.971875752, 35.485624648 ] ], [ [ 136.966250735, 35.483541649 ], [ 136.966250735, 35.483749649 ], [ 136.965938734, 35.483749649 ], [ 136.965937734, 35.483749649 ], [ 136.965625734, 35.483749649 ], [ 136.965625733, 35.483541649 ], [ 136.965937734, 35.483541649 ], [ 136.965938734, 35.483541649 ], [ 136.966250735, 35.483541649 ] ] ] } },
{ "type": "Feature", "properties": { "A31a_301": "8505090066", "A31a_302": "津保川", "A31a_303": "21", "A31a_304": "岐阜県", "A31a_305": 1 }, "geometry": { "type": "Polygon", "coordinates": [ [ [ 136.890625444, 35.477499742 ], [ 136.890937445, 35.477499741 ], [ 136.890938445, 35.477499741 ], [ 136.891250446, 35.477499741 ], [ 136.891562447, 35.477499741 ], [ 136.891875448, 35.47749974 ], [ 136.891875448, 35.47729174 ], [ 136.892187449, 35.47729174 ], [ 136.892188449, 35.47729174 ], [ 136.89250045, 35.477291739 ], [ 136.892812452, 35.477291739 ], [ 136.893125453, 35.477291739 ], [ 136.893125453, 35.477082739 ], [ 136.893437454, 35.477082738 ], [ 136.893438454, 35.477082738 ], [ 136.893750455, 35.477082738 ], [ 136.893750455, 35.476874738 ], [ 136.893438454, 35.476874738 ], [ 136.893437454, 35.476874738 ], [ 136.893125453, 35.476874738 ], [ 136.892812452, 35.476874739 ], [ 136.892500451, 35.476874739 ], [ 136.89218845, 35.476874739 ], [ 136.89218845, 35.476666739 ], [ 136.891875449, 35.476666739 ], [ 136.891875449, 35.47687474 ], [ 136.891562448, 35.47687474 ], [ 136.891250447, 35.47687474 ], [ 136.891250447, 35.47708274 ], [ 136.890937445, 35.477082741 ], [ 136.890937445, 35.477291741 ], [ 136.890625444, 35.477291741 ], [ 136.890312443, 35.477291742 ], [ 136.890000442, 35.477291742 ], [ 136.890000442, 35.477499742 ], [ 136.890312443, 35.477499742 ], [ 136.890625444, 35.477499742 ] ] ] } },
{ "type": "Feature", "properties": { "A31a_301": "8505090066", "A31a_302": "津保川", "A31a_303": "21", "A31a_304": "岐阜県", "A31a_305": 1 }, "geometry": { "type": "Polygon", "coordinates": [ [ [ 136.899375474, 35.477082732 ], [ 136.899375474, 35.476874732 ], [ 136.899062473, 35.476874732 ], [ 136.899062473, 35.476666732 ], [ 136.898750472, 35.476666732 ], [ 136.898750472, 35.476874732 ], [ 136.898438471, 35.476874733 ], [ 136.89843847, 35.477082733 ], [ 136.89843847, 35.477291733 ], [ 136.898750471, 35.477291733 ], [ 136.899062472, 35.477291733 ], [ 136.899062473, 35.477082732 ], [ 136.899375474, 35.477082732 ] ] ] } },
{ "type": "Feature", "properties": { "A31a_301": "8505090066", "A31a_302": "津保川", "A31a_303": "21", "A31a_304": "岐阜県", "A31a_305": 1 }, "geometry": { "type": "Polygon", "coordinates": [ [ [ 136.910938521, 35.477082715 ], [ 136.910938522, 35.476874714 ], [ 136.91062552, 35.476874715 ], [ 136.91062552, 35.477082715 ], [ 136.910938521, 35.477082715 ] ] ] } },
{ "type": "Feature", "properties": { "A31a_301": "8505090066", "A31a_302": "津保川", "A31a_303": "21", "A31a_304": "岐阜県", "A31a_305": 1 }, "geometry": { "type": "Polygon", "coordinates": [ [ [ 136.899687475, 35.476874731 ], [ 136.899687475, 35.476666731 ], [ 136.899375474, 35.476666731 ], [ 136.899375474, 35.476874732 ], [ 136.899687475, 35.476874731 ] ] ] } },
{ "type": "Feature", "properties": { "A31a_301": "8505090066", "A31a_302": "津保川", "A31a_303": "21", "A31a_304": "岐阜県", "A31a_305": 1 }, "geometry": { "type": "Polygon", "coordinates": [ [ [ 136.981250801, 35.500624659 ], [ 136.981250801, 35.500416658 ], [ 136.9809388, 35.500416659 ], [ 136.980938799, 35.500207659 ], [ 136.980938799, 35.499999658 ], [ 136.980938799, 35.499791658 ], [ 136.980625798, 35.499791658 ], [ 136.980625797, 35.499582658 ], [ 136.980625797, 35.499374658 ], [ 136.980312796, 35.499374658 ], [ 136.980312796, 35.499166658 ], [ 136.980312795, 35.498957658 ], [ 136.980000794, 35.498957658 ], [ 136.980000794, 35.498749658 ], [ 136.980000794, 35.498541658 ], [ 136.979688793, 35.498541658 ], [ 136.979688792, 35.498332658 ], [ 136.979688792, 35.498124658 ], [ 136.979375791, 35.498124658 ], [ 136.97906279, 35.498124658 ], [ 136.97906279, 35.497916658 ], [ 136.978750789, 35.497916658 ], [ 136.978438788, 35.497916658 ], [ 136.978437788, 35.497916658 ], [ 136.978125787, 35.497916658 ], [ 136.977812786, 35.497916658 ], [ 136.977500785, 35.497916658 ], [ 136.977500785, 35.498124658 ], [ 136.977187785, 35.498124658 ], [ 136.977187785, 35.498332659 ], [ 136.977500786, 35.498332659 ], [ 136.977500786, 35.498541659 ], [ 136.977812787, 35.498541659 ], [ 136.977812787, 35.498749659 ], [ 136.978125788, 35.498749659 ], [ 136.978125789, 35.498957659 ], [ 136.97843779, 35.498957659 ], [ 136.97843779, 35.499166659 ], [ 136.978750791, 35.499166659 ], [ 136.978750791, 35.499374659 ], [ 136.979062792, 35.499374659 ], [ 136.979062793, 35.499582659 ], [ 136.979375793, 35.499582659 ], [ 136.979375794, 35.499791659 ], [ 136.979687795, 35.499791659 ], [ 136.979687795, 35.499999659 ], [ 136.980000796, 35.499999659 ], [ 136.980000796, 35.500207659 ], [ 136.980312797, 35.500207659 ], [ 136.980312798, 35.500416659 ], [ 136.980625799, 35.500416659 ], [ 136.980625799, 35.500624659 ], [ 136.9809378, 35.500624659 ], [ 136.9809378, 35.500832659 ], [ 136.981250801, 35.500832659 ], [ 136.981250801, 35.500624659 ] ] ] } },
{ "type": "Feature", "properties": { "A31a_301": "8505090066", "A31a_302": "津保川", "A31a_303": "21", "A31a_304": "岐阜県", "A31a_305": 1 }, "geometry": { "type": "Polygon", "coordinates": [ [ [ 136.908438511, 35.476666718 ], [ 136.908438512, 35.476457717 ], [ 136.90812551, 35.476457718 ], [ 136.907813509, 35.476457718 ], [ 136.907500508, 35.476457719 ], [ 136.907500507, 35.476666719 ], [ 136.907813509, 35.476666719 ], [ 136.907813509, 35.476874719 ], [ 136.90812551, 35.476874719 ], [ 136.90812551, 35.476666718 ], [ 136.908438511, 35.476666718 ] ] ] } },
{ "type": "Feature", "properties": { "A31a_301": "8505090066", "A31a_302": "津保川", "A31a_303": "21", "A31a_304": "岐阜県", "A31a_305": 1 }, "geometry": { "type": "Polygon", "coordinates": [ [ [ 136.965313741, 35.496249664 ], [ 136.965313741, 35.496041664 ], [ 136.965313741, 35.495832663 ], [ 136.965000739, 35.495832664 ], [ 136.965000739, 35.495624663 ], [ 136.964688738, 35.495624664 ], [ 136.964687738, 35.495624664 ], [ 136.964687738, 35.495416663 ], [ 136.964688738, 35.495416663 ], [ 136.965000739, 35.495416663 ], [ 136.965000739, 35.495207663 ], [ 136.965000739, 35.494999663 ], [ 136.964688738, 35.494999663 ], [ 136.964688738, 35.494791663 ], [ 136.964688737, 35.494582663 ], [ 136.964688737, 35.494374662 ], [ 136.964688737, 35.494166662 ], [ 136.964688737, 35.493957662 ], [ 136.964688737, 35.493749662 ], [ 136.964688737, 35.493541662 ], [ 136.964688736, 35.493332661 ], [ 136.964688736, 35.493124661 ], [ 136.964688736, 35.492916661 ], [ 136.964688736, 35.492707661 ], [ 136.964688736, 35.49249966 ], [ 136.964688736, 35.49229166 ], [ 136.964688735, 35.49208266 ], [ 136.964688735, 35.49187466 ], [ 136.964688735, 35.49166666 ], [ 136.964688735, 35.491457659 ], [ 136.964688735, 35.491249659 ], [ 136.964688735, 35.491041659 ], [ 136.964688735, 35.490832659 ], [ 136.964688735, 35.490624658 ], [ 136.964688734, 35.490416658 ], [ 136.964688734, 35.490207658 ], [ 136.964688734, 35.489999658 ], [ 136.964375733, 35.489999658 ], [ 136.964375733, 35.489791657 ], [ 136.964375733, 35.489582657 ], [ 136.964375733, 35.489374657 ], [ 136.964063732, 35.489374657 ], [ 136.964063732, 35.489166657 ], [ 136.964063732, 35.488957657 ], [ 136.963750731, 35.488957657 ], [ 136.963750731, 35.488749656 ], [ 136.963750731, 35.488541656 ], [ 136.96343873, 35.488541656 ], [ 136.96343773, 35.488541656 ], [ 136.963125729, 35.488541657 ], [ 136.963125729, 35.488332656 ], [ 136.96343773, 35.488332656 ], [ 136.96343873, 35.488332656 ], [ 136.96375073, 35.488332656 ], [ 136.963750731, 35.488541656 ], [ 136.964063732, 35.488541656 ], [ 136.964063731, 35.488332656 ], [ 136.964063731, 35.488124655 ], [ 136.964063731, 35.487916655 ], [ 136.964063731, 35.487707655 ], [ 136.96375073, 35.487707655 ], [ 136.96375073, 35.487499655 ], [ 136.96375073, 35.487291655 ], [ 136.96375073, 35.487082654 ], [ 136.96375073, 35.486874654 ], [ 136.96375073, 35.486666654 ], [ 136.96375073, 35.486457654 ], [ 136.96375073, 35.486249653 ], [ 136.963438729, 35.486249653 ], [ 136.963438729, 35.486457654 ], [ 136.963438729, 35.486666654 ], [ 136.963438729, 35.486874654 ], [ 136.963438729, 35.487082654 ], [ 136.963437729, 35.487082654 ], [ 136.963125728, 35.487082655 ], [ 136.963125728, 35.487291655 ], [ 136.963125728, 35.487499655 ], [ 136.962813727, 35.487499655 ], [ 136.962813727, 35.487291655 ], [ 136.962813727, 35.487082655 ], [ 136.962813727, 35.486874655 ], [ 136.962813727, 35.486666654 ], [ 136.963125728, 35.486666654 ], [ 136.963125728, 35.486457654 ], [ 136.963125728, 35.486249654 ], [ 136.963125728, 35.486041653 ], [ 136.963125728, 35.485832653 ], [ 136.963125728, 35.485624653 ], [ 136.963125727, 35.485416652 ], [ 136.963125727, 35.485207652 ], [ 136.962813727, 35.485207652 ], [ 136.962813727, 35.485416653 ], [ 136.962813727, 35.485624653 ], [ 136.962813727, 35.485832653 ], [ 136.962813727, 35.486041653 ], [ 136.962813727, 35.486249654 ], [ 136.962813727, 35.486457654 ], [ 136.962500726, 35.486457654 ], [ 136.962187725, 35.486457654 ], [ 136.962187725, 35.486666655 ], [ 136.961875724, 35.486666655 ], [ 136.961562723, 35.486666655 ], [ 136.961562723, 35.486874656 ], [ 136.961562723, 35.487082656 ], [ 136.961250722, 35.487082656 ], [ 136.961250722, 35.487291657 ], [ 136.960938721, 35.487291657 ], [ 136.960938721, 35.487499657 ], [ 136.961250722, 35.487499657 ], [ 136.961562723, 35.487499656 ], [ 136.961562723, 35.487707657 ], [ 136.961562723, 35.487916657 ], [ 136.961250722, 35.487916657 ], [ 136.961250722, 35.488124658 ], [ 136.960938721, 35.488124658 ], [ 136.960938721, 35.488332658 ], [ 136.96062572, 35.488332659 ], [ 136.96062572, 35.488541659 ], [ 136.96062572, 35.488749659 ], [ 136.96062572, 35.488957659 ], [ 136.96062572, 35.48916666 ], [ 136.960938721, 35.489166659 ], [ 136.960938721, 35.48937466 ], [ 136.960938721, 35.48958266 ], [ 136.960938721, 35.48979166 ], [ 136.96062572, 35.489791661 ], [ 136.96062572, 35.489999661 ], [ 136.96062572, 35.490207661 ], [ 136.960938721, 35.490207661 ], [ 136.960938721, 35.489999661 ], [ 136.961250723, 35.48999966 ], [ 136.961250723, 35.490207661 ], [ 136.960938721, 35.490207661 ], [ 136.960938722, 35.490416661 ], [ 136.961250723, 35.490416661 ], [ 136.961250723, 35.490624661 ], [ 136.961562724, 35.490624661 ], [ 136.961875725, 35.49062466 ], [ 136.962187726, 35.49062466 ], [ 136.962187726, 35.49083266 ], [ 136.961875725, 35.490832661 ], [ 136.961875725, 35.491041661 ], [ 136.961875725, 35.491249661 ], [ 136.961875725, 35.491457662 ], [ 136.961875725, 35.491666662 ], [ 136.962187727, 35.491666661 ], [ 136.962500728, 35.491666661 ], [ 136.962500728, 35.491874661 ], [ 136.962500728, 35.492082662 ], [ 136.962813729, 35.492082661 ], [ 136.962813729, 35.491874661 ], [ 136.962813729, 35.491666661 ], [ 136.962813729, 35.491457661 ], [ 136.96312573, 35.49145766 ], [ 136.96312573, 35.491666661 ], [ 136.963437731, 35.49166666 ], [ 136.963437731, 35.491874661 ], [ 136.963750732, 35.49187466 ], [ 136.963750732, 35.492082661 ], [ 136.963437731, 35.492082661 ], [ 136.963437731, 35.492291661 ], [ 136.963750732, 35.492291661 ], [ 136.963750733, 35.492499661 ], [ 136.963438732, 35.492499661 ], [ 136.963437731, 35.492499661 ], [ 136.96312573, 35.492499662 ], [ 136.963125731, 35.492707662 ], [ 136.963437732, 35.492707662 ], [ 136.963437732, 35.492916662 ], [ 136.963437732, 35.493124662 ], [ 136.963437732, 35.493332662 ], [ 136.963437732, 35.493541662 ], [ 136.963437732, 35.493749663 ], [ 136.963437733, 35.493957663 ], [ 136.963437733, 35.494166663 ], [ 136.963437733, 35.494374663 ], [ 136.963125732, 35.494374663 ], [ 136.963125732, 35.494582664 ], [ 136.962813731, 35.494582664 ], [ 136.96250073, 35.494582664 ], [ 136.96250073, 35.494791664 ], [ 136.962187729, 35.494791665 ], [ 136.961875727, 35.494791665 ], [ 136.961562726, 35.494791665 ], [ 136.961562726, 35.494999666 ], [ 136.961250725, 35.494999666 ], [ 136.960938724, 35.494999666 ], [ 136.960625723, 35.494999667 ], [ 136.960625723, 35.495207667 ], [ 136.960625723, 35.495416667 ], [ 136.960938724, 35.495416667 ], [ 136.961250725, 35.495416666 ], [ 136.961562727, 35.495416666 ], [ 136.961875728, 35.495416666 ], [ 136.962187729, 35.495416665 ], [ 136.96250073, 35.495416665 ], [ 136.962813731, 35.495416665 ], [ 136.963125732, 35.495416664 ], [ 136.963437734, 35.495416664 ], [ 136.963438734, 35.495416664 ], [ 136.963750735, 35.495416664 ], [ 136.963750735, 35.495624664 ], [ 136.964063736, 35.495624664 ], [ 136.964063736, 35.495832664 ], [ 136.964375737, 35.495832664 ], [ 136.964375737, 35.496041664 ], [ 136.964687738, 35.496041664 ], [ 136.964687739, 35.496249664 ], [ 136.964687739, 35.496457664 ], [ 136.964687739, 35.496666665 ], [ 136.96500074, 35.496666664 ], [ 136.96500074, 35.496457664 ], [ 136.96500074, 35.496249664 ], [ 136.965313741, 35.496249664 ] ], [ [ 136.962187726, 35.491041661 ], [ 136.962500728, 35.49104166 ], [ 136.962500728, 35.491249661 ], [ 136.962187726, 35.491249661 ], [ 136.962187726, 35.491041661 ] ] ] } },
{ "type": "Feature", "properties": { "A31a_301": "8505090066", "A31a_302": "津保川", "A31a_303": "21", "A31a_304": "岐阜県", "A31a_305": 1 }, "geometry": { "type": "Polygon", "coordinates": [ [ [ 136.908438511, 35.476666718 ], [ 136.908438511, 35.476874718 ], [ 136.908750512, 35.476874718 ], [ 136.908750513, 35.476666717 ], [ 136.908438511, 35.476666718 ] ] ] } },
{ "type": "Feature", "properties": { "A31a_301": "8505090066", "A31a_302": "津保川", "A31a_303": "21", "A31a_304": "岐阜県", "A31a_305": 1 }, "geometry": { "type": "Polygon", "coordinates": [ [ [ 136.903125489, 35.476666726 ], [ 136.90343749, 35.476666725 ], [ 136.90343849, 35.476666725 ], [ 136.903750492, 35.476666725 ], [ 136.903750492, 35.476457725 ], [ 136.903438491, 35.476457725 ], [ 136.903437491, 35.476457725 ], [ 136.903437491, 35.476249725 ], [ 136.903437491, 35.476041724 ], [ 136.90312549, 35.476041725 ], [ 136.90312549, 35.475832724 ], [ 136.902813489, 35.475832725 ], [ 136.902500487, 35.475832725 ], [ 136.902500487, 35.476041726 ], [ 136.902813489, 35.476041725 ], [ 136.902813488, 35.476249726 ], [ 136.90312549, 35.476249725 ], [ 136.903125489, 35.476457725 ], [ 136.903125489, 35.476666726 ] ] ] } },
{ "type": "Feature", "properties": { "A31a_301": "8505090066", "A31a_302": "津保川", "A31a_303": "21", "A31a_304": "岐阜県", "A31a_305": 1 }, "geometry": { "type": "Polygon", "coordinates": [ [ [ 136.926875596, 35.470416671 ], [ 136.926563595, 35.470416672 ], [ 136.926250593, 35.470416672 ], [ 136.925938592, 35.470416673 ], [ 136.925938592, 35.470207672 ], [ 136.926250593, 35.470207672 ], [ 136.926250594, 35.469999671 ], [ 136.925938592, 35.469999672 ], [ 136.925938593, 35.469791671 ], [ 136.925938593, 35.469582671 ], [ 136.925625591, 35.469582671 ], [ 136.92531359, 35.469582672 ], [ 136.92531359, 35.469791672 ], [ 136.925000589, 35.469791673 ], [ 136.925000588, 35.469999673 ], [ 136.925000588, 35.470207674 ], [ 136.925000588, 35.470416674 ], [ 136.924688587, 35.470416675 ], [ 136.924375585, 35.470416675 ], [ 136.924375585, 35.470207675 ], [ 136.924062584, 35.470207676 ], [ 136.924062584, 35.469999675 ], [ 136.923750583, 35.469999676 ], [ 136.923438582, 35.469999677 ], [ 136.923438581, 35.470207677 ], [ 136.92312558, 35.470207678 ], [ 136.92312558, 35.470416678 ], [ 136.92312558, 35.470624679 ], [ 136.922812578, 35.470624679 ], [ 136.922812578, 35.47083268 ], [ 136.922812578, 35.47104168 ], [ 136.922500576, 35.471041681 ], [ 136.922500576, 35.471249681 ], [ 136.922188575, 35.471249682 ], [ 136.922188575, 35.471457682 ], [ 136.921875573, 35.471457683 ], [ 136.921562572, 35.471457683 ], [ 136.921562572, 35.471666684 ], [ 136.92125057, 35.471666685 ], [ 136.920938569, 35.471666685 ], [ 136.920625568, 35.471666686 ], [ 136.920625568, 35.471874686 ], [ 136.920312566, 35.471874687 ], [ 136.920000565, 35.471874688 ], [ 136.919688564, 35.471874688 ], [ 136.919687564, 35.471874688 ], [ 136.919375562, 35.471874689 ], [ 136.919062561, 35.471874689 ], [ 136.91875056, 35.47187469 ], [ 136.91875056, 35.47166669 ], [ 136.91875056, 35.471457689 ], [ 136.918438559, 35.47145769 ], [ 136.918437559, 35.47145769 ], [ 136.918125557, 35.471457691 ], [ 136.918125557, 35.47124969 ], [ 136.918125558, 35.47104169 ], [ 136.918125558, 35.47083269 ], [ 136.917812556, 35.47083269 ], [ 136.917500555, 35.470832691 ], [ 136.917500555, 35.47062469 ], [ 136.917500555, 35.47041669 ], [ 136.917188554, 35.470416691 ], [ 136.917187554, 35.470416691 ], [ 136.916875553, 35.470416691 ], [ 136.916875553, 35.470207691 ], [ 136.916562551, 35.470207692 ], [ 136.91625055, 35.470207692 ], [ 136.915938549, 35.470207693 ], [ 136.915938549, 35.469999693 ], [ 136.915938549, 35.469791692 ], [ 136.915625548, 35.469791693 ], [ 136.915312546, 35.469791694 ], [ 136.915312546, 35.469582693 ], [ 136.915000545, 35.469582694 ], [ 136.914688544, 35.469582695 ], [ 136.914687544, 35.469582695 ], [ 136.914375542, 35.469582695 ], [ 136.914062541, 35.469582696 ], [ 136.914062541, 35.469791696 ], [ 136.913750539, 35.469791697 ], [ 136.91375054, 35.469582697 ], [ 136.913438538, 35.469582697 ], [ 136.913437538, 35.469582697 ], [ 136.913125537, 35.469582698 ], [ 136.912813536, 35.469582699 ], [ 136.912500534, 35.469582699 ], [ 136.912500534, 35.469374699 ], [ 136.912188533, 35.469374699 ], [ 136.912188533, 35.4695827 ], [ 136.912188533, 35.4697917 ], [ 136.912500534, 35.4697917 ], [ 136.912813535, 35.469791699 ], [ 136.912813535, 35.469999699 ], [ 136.913125537, 35.469999699 ], [ 136.913125536, 35.470207699 ], [ 136.913437538, 35.470207698 ], [ 136.913437538, 35.470416699 ], [ 136.913750539, 35.470416698 ], [ 136.913750539, 35.470624698 ], [ 136.913750539, 35.470832699 ], [ 136.91406254, 35.470832698 ], [ 136.91406254, 35.471041698 ], [ 136.914375541, 35.471041698 ], [ 136.914375541, 35.471249698 ], [ 136.914375541, 35.471457699 ], [ 136.914375541, 35.471666699 ], [ 136.914375541, 35.471874699 ], [ 136.914375541, 35.4720827 ], [ 136.914062539, 35.4720827 ], [ 136.914062539, 35.472291701 ], [ 136.914062539, 35.472499701 ], [ 136.913750538, 35.472499702 ], [ 136.913750537, 35.472707702 ], [ 136.913750537, 35.472916702 ], [ 136.913437536, 35.472916703 ], [ 136.913437536, 35.473124703 ], [ 136.913437536, 35.473332704 ], [ 136.913125534, 35.473332704 ], [ 136.913125534, 35.473541705 ], [ 136.912813533, 35.473541705 ], [ 136.912813533, 35.473749706 ], [ 136.912500531, 35.473749706 ], [ 136.912500531, 35.473957707 ], [ 136.91218853, 35.473957707 ], [ 136.911875529, 35.473957708 ], [ 136.911875528, 35.474166708 ], [ 136.911563527, 35.474166708 ], [ 136.911250526, 35.474166709 ], [ 136.910938525, 35.474166709 ], [ 136.910625523, 35.47416671 ], [ 136.910313522, 35.47416671 ], [ 136.910000521, 35.474166711 ], [ 136.909688519, 35.474166711 ], [ 136.909375518, 35.474166712 ], [ 136.909063517, 35.474166712 ], [ 136.908750515, 35.474166713 ], [ 136.908438514, 35.474166713 ], [ 136.908438514, 35.473957713 ], [ 136.908125513, 35.473957714 ], [ 136.907813512, 35.473957714 ], [ 136.907813512, 35.473749714 ], [ 136.907813512, 35.473541713 ], [ 136.907500511, 35.473541714 ], [ 136.90750051, 35.473749714 ], [ 136.907187509, 35.473749715 ], [ 136.907187509, 35.473957715 ], [ 136.906875508, 35.473957716 ], [ 136.906563506, 35.473957716 ], [ 136.906250505, 35.473957716 ], [ 136.905938504, 35.473957717 ], [ 136.905937504, 35.473957717 ], [ 136.905625502, 35.473957717 ], [ 136.905313501, 35.473957718 ], [ 136.9050005, 35.473957718 ], [ 136.904688498, 35.473957719 ], [ 136.904687498, 35.473957719 ], [ 136.904375497, 35.473957719 ], [ 136.904063496, 35.47395772 ], [ 136.903750495, 35.47395772 ], [ 136.903438493, 35.473957721 ], [ 136.903437493, 35.473957721 ], [ 136.903125492, 35.473957721 ], [ 136.902813491, 35.473957722 ], [ 136.90281349, 35.474166722 ], [ 136.903125492, 35.474166722 ], [ 136.903437493, 35.474166721 ], [ 136.903437493, 35.474374722 ], [ 136.903438493, 35.474374722 ], [ 136.903750494, 35.474374721 ], [ 136.904063495, 35.474374721 ], [ 136.904375497, 35.47437472 ], [ 136.904687498, 35.47437472 ], [ 136.904688498, 35.47437472 ], [ 136.905000499, 35.474374719 ], [ 136.905000499, 35.474582719 ], [ 136.905313501, 35.474582719 ], [ 136.905625502, 35.474582718 ], [ 136.905625502, 35.474374718 ], [ 136.905937503, 35.474374718 ], [ 136.905938503, 35.474374718 ], [ 136.905938503, 35.474582718 ], [ 136.906250505, 35.474582717 ], [ 136.906563506, 35.474582717 ], [ 136.906875507, 35.474582716 ], [ 136.907187508, 35.474582716 ], [ 136.907188508, 35.474582716 ], [ 136.90750051, 35.474582715 ], [ 136.907813511, 35.474582715 ], [ 136.908125512, 35.474582714 ], [ 136.908438514, 35.474582714 ], [ 136.908750515, 35.474582714 ], [ 136.909063516, 35.474582713 ], [ 136.909375518, 35.474582713 ], [ 136.909688519, 35.474582712 ], [ 136.909688519, 35.474791712 ], [ 136.91000052, 35.474791712 ], [ 136.910313521, 35.474791711 ], [ 136.910625523, 35.474791711 ], [ 136.910938524, 35.47479171 ], [ 136.911250525, 35.47479171 ], [ 136.911563527, 35.474791709 ], [ 136.911875528, 35.474791709 ], [ 136.912188529, 35.474791708 ], [ 136.912500531, 35.474791708 ], [ 136.912500531, 35.474999708 ], [ 136.912813532, 35.474999708 ], [ 136.912813532, 35.474791707 ], [ 136.913125533, 35.474791707 ], [ 136.913125533, 35.474999707 ], [ 136.913437535, 35.474999706 ], [ 136.913438535, 35.474999706 ], [ 136.913438534, 35.475207707 ], [ 136.913750536, 35.475207706 ], [ 136.913750535, 35.475416707 ], [ 136.914062537, 35.475416706 ], [ 136.914062537, 35.475207706 ], [ 136.914062537, 35.474999705 ], [ 136.914375538, 35.474999705 ], [ 136.914375539, 35.474791704 ], [ 136.91468754, 35.474791704 ], [ 136.91468854, 35.474791704 ], [ 136.91468854, 35.474999704 ], [ 136.91468754, 35.474999704 ], [ 136.914375538, 35.474999705 ], [ 136.914375538, 35.475207705 ], [ 136.914375538, 35.475416705 ], [ 136.914687539, 35.475416705 ], [ 136.914688539, 35.475416705 ], [ 136.915000541, 35.475416704 ], [ 136.91500054, 35.475624705 ], [ 136.91500054, 35.475832705 ], [ 136.91500054, 35.476041705 ], [ 136.915312541, 35.476041705 ], [ 136.915312541, 35.476249705 ], [ 136.915312541, 35.476457706 ], [ 136.91531254, 35.476666706 ], [ 136.915625542, 35.476666706 ], [ 136.915938543, 35.476666705 ], [ 136.915938543, 35.476457705 ], [ 136.916250545, 35.476457704 ], [ 136.916562546, 35.476457703 ], [ 136.916875547, 35.476457703 ], [ 136.916875548, 35.476249702 ], [ 136.917188549, 35.476249702 ], [ 136.917188549, 35.476041701 ], [ 136.917188549, 35.475832701 ], [ 136.917500551, 35.4758327 ], [ 136.917500551, 35.4756247 ], [ 136.917812552, 35.475624699 ], [ 136.917812552, 35.475416699 ], [ 136.917812553, 35.475207698 ], [ 136.918125554, 35.475207698 ], [ 136.918125554, 35.474999697 ], [ 136.918438556, 35.474999696 ], [ 136.918438556, 35.474791696 ], [ 136.918438556, 35.474582696 ], [ 136.918437556, 35.474582696 ], [ 136.918125555, 35.474582696 ], [ 136.918125555, 35.474374696 ], [ 136.918437556, 35.474374695 ], [ 136.918438556, 35.474374695 ], [ 136.918750557, 35.474374695 ], [ 136.918750558, 35.474166694 ], [ 136.919062559, 35.474166694 ], [ 136.919062559, 35.473957693 ], [ 136.919062559, 35.473749693 ], [ 136.919375561, 35.473749692 ], [ 136.919375561, 35.473541692 ], [ 136.919688562, 35.473541691 ], [ 136.919688562, 35.473332691 ], [ 136.920000564, 35.47333269 ], [ 136.920000564, 35.47312469 ], [ 136.920312565, 35.473124689 ], [ 136.920312565, 35.472916689 ], [ 136.920625567, 35.472916688 ], [ 136.920938568, 35.472916688 ], [ 136.920938568, 35.472707687 ], [ 136.92125057, 35.472707686 ], [ 136.92125057, 35.472499686 ], [ 136.921562571, 35.472499685 ], [ 136.921875572, 35.472499685 ], [ 136.921875573, 35.472291684 ], [ 136.922188574, 35.472291684 ], [ 136.922500575, 35.472291683 ], [ 136.922500576, 35.472082683 ], [ 136.922812577, 35.472082682 ], [ 136.923125578, 35.472082681 ], [ 136.923125578, 35.471874681 ], [ 136.92343858, 35.47187468 ], [ 136.923750581, 35.47187468 ], [ 136.923750581, 35.471666679 ], [ 136.924062583, 35.471666679 ], [ 136.924375584, 35.471666678 ], [ 136.924375584, 35.471457678 ], [ 136.924688586, 35.471457677 ], [ 136.924688586, 35.471249676 ], [ 136.925000587, 35.471249676 ], [ 136.925313588, 35.471249675 ], [ 136.925313589, 35.471041675 ], [ 136.92562559, 35.471041674 ], [ 136.92562559, 35.470832674 ], [ 136.92562559, 35.470624674 ], [ 136.925938592, 35.470624673 ], [ 136.926250593, 35.470624672 ], [ 136.926563594, 35.470624672 ], [ 136.926875596, 35.470624671 ], [ 136.926875596, 35.470416671 ] ], [ [ 136.914062538, 35.473957703 ], [ 136.914062538, 35.474166704 ], [ 136.913750536, 35.474166704 ], [ 136.913750537, 35.473957704 ], [ 136.914062538, 35.473957703 ] ] ] } },
{ "type": "Feature", "properties": { "A31a_301": "8505090066", "A31a_302": "津保川", "A31a_303": "21", "A31a_304": "岐阜県", "A31a_305": 1 }, "geometry": { "type": "Polygon", "coordinates": [ [ [ 136.913437533, 35.476249709 ], [ 136.913437533, 35.476041709 ], [ 136.913438533, 35.476041709 ], [ 136.913750534, 35.476041708 ], [ 136.913750535, 35.475832708 ], [ 136.913750535, 35.475624707 ], [ 136.913438534, 35.475624708 ], [ 136.913437534, 35.475624708 ], [ 136.913125532, 35.475624708 ], [ 136.913125533, 35.475416708 ], [ 136.912813531, 35.475416709 ], [ 136.912813532, 35.475207708 ], [ 136.91250053, 35.475207709 ], [ 136.912188529, 35.475207709 ], [ 136.912188529, 35.47541671 ], [ 136.912188528, 35.47562471 ], [ 136.912188528, 35.47583271 ], [ 136.912500529, 35.47583271 ], [ 136.912500529, 35.47604171 ], [ 136.91281353, 35.47604171 ], [ 136.913125532, 35.476041709 ], [ 136.913125532, 35.47624971 ], [ 136.913437533, 35.476249709 ] ] ] } },
{ "type": "Feature", "properties": { "A31a_301": "8505090066", "A31a_302": "津保川", "A31a_303": "21", "A31a_304": "岐阜県", "A31a_305": 1 }, "geometry": { "type": "Polygon", "coordinates": [ [ [ 136.899062474, 35.47562473 ], [ 136.898750473, 35.47562473 ], [ 136.898750473, 35.475832731 ], [ 136.899062474, 35.47583273 ], [ 136.899062474, 35.47562473 ] ] ] } },
{ "type": "Feature", "properties": { "A31a_301": "8505090066", "A31a_302": "津保川", "A31a_303": "21", "A31a_304": "岐阜県", "A31a_305": 1 }, "geometry": { "type": "Polygon", "coordinates": [ [ [ 136.90281349, 35.474166722 ], [ 136.902500489, 35.474166723 ], [ 136.902500489, 35.474374723 ], [ 136.902188488, 35.474374724 ], [ 136.902187488, 35.474374724 ], [ 136.901875486, 35.474374724 ], [ 136.901875486, 35.474166724 ], [ 136.901563485, 35.474166724 ], [ 136.901250484, 35.474166725 ], [ 136.901250484, 35.474374725 ], [ 136.900938482, 35.474374725 ], [ 136.900937482, 35.474374725 ], [ 136.900625481, 35.474374726 ], [ 136.900625481, 35.474582726 ], [ 136.90031348, 35.474582727 ], [ 136.900000478, 35.474582727 ], [ 136.900000478, 35.474791728 ], [ 136.899687477, 35.474791728 ], [ 136.899687477, 35.474999728 ], [ 136.899375476, 35.474999728 ], [ 136.899375475, 35.475207729 ], [ 136.899062474, 35.475207729 ], [ 136.899062474, 35.47541673 ], [ 136.899375475, 35.475416729 ], [ 136.899687476, 35.475416729 ], [ 136.900000477, 35.475416728 ], [ 136.900000478, 35.475207728 ], [ 136.900313479, 35.475207728 ], [ 136.900313479, 35.474999727 ], [ 136.90062548, 35.474999727 ], [ 136.900937482, 35.474999726 ], [ 136.900938482, 35.474999726 ], [ 136.901250483, 35.474999726 ], [ 136.901563484, 35.474999725 ], [ 136.901563485, 35.474791725 ], [ 136.901875486, 35.474791725 ], [ 136.902187487, 35.474791724 ], [ 136.902188487, 35.474791724 ], [ 136.902500489, 35.474791724 ], [ 136.90281349, 35.474791723 ], [ 136.903125491, 35.474791723 ], [ 136.903125491, 35.474582722 ], [ 136.90281349, 35.474582723 ], [ 136.90281349, 35.474374723 ], [ 136.90281349, 35.474166722 ] ] ] } },
{ "type": "Feature", "properties": { "A31a_301": "8505090066", "A31a_302": "津保川", "A31a_303": "21", "A31a_304": "岐阜県", "A31a_305": 1 }, "geometry": { "type": "Polygon", "coordinates": [ [ [ 136.9546887, 35.475416644 ], [ 136.9546887, 35.475207643 ], [ 136.954375699, 35.475207644 ], [ 136.954375699, 35.475416644 ], [ 136.9546887, 35.475416644 ] ] ] } },
{ "type": "Feature", "properties": { "A31a_301": "8505090066", "A31a_302": "津保川", "A31a_303": "21", "A31a_304": "岐阜県", "A31a_305": 1 }, "geometry": { "type": "Polygon", "coordinates": [ [ [ 136.859375367, 35.474582755 ], [ 136.859375367, 35.474791755 ], [ 136.859375367, 35.474999755 ], [ 136.859688367, 35.474999755 ], [ 136.859688367, 35.475207755 ], [ 136.860000368, 35.475207755 ], [ 136.860000368, 35.474999755 ], [ 136.860000368, 35.474791755 ], [ 136.859688367, 35.474791755 ], [ 136.859688367, 35.474582755 ], [ 136.859375367, 35.474582755 ] ] ] } },
{ "type": "Feature", "properties": { "A31a_301": "8505090066", "A31a_302": "津保川", "A31a_303": "21", "A31a_304": "岐阜県", "A31a_305": 1 }, "geometry": { "type": "Polygon", "coordinates": [ [ [ 136.957187707, 35.47458264 ], [ 136.956875706, 35.47458264 ], [ 136.956875706, 35.474791641 ], [ 136.957187707, 35.47479164 ], [ 136.957187707, 35.47458264 ] ] ] } },
{ "type": "Feature", "properties": { "A31a_301": "8505090066", "A31a_302": "津保川", "A31a_303": "21", "A31a_304": "岐阜県", "A31a_305": 1 }, "geometry": { "type": "Polygon", "coordinates": [ [ [ 136.860625369, 35.474374755 ], [ 136.860312368, 35.474374755 ], [ 136.860312368, 35.474582755 ], [ 136.860625369, 35.474582755 ], [ 136.860625369, 35.474374755 ] ] ] } },
{ "type": "Feature", "properties": { "A31a_301": "8505090066", "A31a_302": "津保川", "A31a_303": "21", "A31a_304": "岐阜県", "A31a_305": 1 }, "geometry": { "type": "Polygon", "coordinates": [ [ [ 136.859375367, 35.474582755 ], [ 136.859375366, 35.474374755 ], [ 136.859688367, 35.474374755 ], [ 136.859688367, 35.474166755 ], [ 136.859375366, 35.474166755 ], [ 136.859062366, 35.474166755 ], [ 136.859062366, 35.474374755 ], [ 136.859062366, 35.474582755 ], [ 136.859375367, 35.474582755 ] ] ] } },
{ "type": "Feature", "properties": { "A31a_301": "8505090066", "A31a_302": "津保川", "A31a_303": "21", "A31a_304": "岐阜県", "A31a_305": 1 }, "geometry": { "type": "Polygon", "coordinates": [ [ [ 136.857812364, 35.474374754 ], [ 136.857812364, 35.474582754 ], [ 136.858125364, 35.474582755 ], [ 136.858125364, 35.474374755 ], [ 136.857812364, 35.474374754 ] ] ] } },
{ "type": "Feature", "properties": { "A31a_301": "8505090066", "A31a_302": "津保川", "A31a_303": "21", "A31a_304": "岐阜県", "A31a_305": 1 }, "geometry": { "type": "Polygon", "coordinates": [ [ [ 136.956875706, 35.47458264 ], [ 136.956875706, 35.47437464 ], [ 136.956562705, 35.47437464 ], [ 136.956250704, 35.47437464 ], [ 136.956250704, 35.474582641 ], [ 136.956562705, 35.474582641 ], [ 136.956875706, 35.47458264 ] ] ] } },
{ "type": "Feature", "properties": { "A31a_301": "8505090066", "A31a_302": "津保川", "A31a_303": "21", "A31a_304": "岐阜県", "A31a_305": 1 }, "geometry": { "type": "Polygon", "coordinates": [ [ [ 136.957500708, 35.474374639 ], [ 136.957187707, 35.47437464 ], [ 136.957187707, 35.47458264 ], [ 136.957188707, 35.47458264 ], [ 136.957500708, 35.47458264 ], [ 136.957500708, 35.474374639 ] ] ] } },
{ "type": "Feature", "properties": { "A31a_301": "8505090066", "A31a_302": "津保川", "A31a_303": "21", "A31a_304": "岐阜県", "A31a_305": 1 }, "geometry": { "type": "Polygon", "coordinates": [ [ [ 136.956250704, 35.47437464 ], [ 136.956250704, 35.47416664 ], [ 136.956250704, 35.47395764 ], [ 136.956250704, 35.473749639 ], [ 136.956250704, 35.473541639 ], [ 136.956562705, 35.473541638 ], [ 136.956875706, 35.473541638 ], [ 136.956875706, 35.473332638 ], [ 136.957188707, 35.473332638 ], [ 136.957188707, 35.473124637 ], [ 136.956875706, 35.473124637 ], [ 136.956562705, 35.473124638 ], [ 136.956562705, 35.472916637 ], [ 136.956562705, 35.472707637 ], [ 136.956250705, 35.472707637 ], [ 136.955938704, 35.472707637 ], [ 136.955938704, 35.472499637 ], [ 136.955938704, 35.472291636 ], [ 136.955625703, 35.472291637 ], [ 136.955625703, 35.472082636 ], [ 136.955625703, 35.471874636 ], [ 136.955625703, 35.471666635 ], [ 136.955312702, 35.471666636 ], [ 136.955312702, 35.471457635 ], [ 136.955625703, 35.471457635 ], [ 136.955625703, 35.471249635 ], [ 136.955625703, 35.471041634 ], [ 136.955312702, 35.471041634 ], [ 136.955312702, 35.470832634 ], [ 136.955312702, 35.470624634 ], [ 136.955312702, 35.470416633 ], [ 136.955312702, 35.470207633 ], [ 136.955000702, 35.470207633 ], [ 136.955000702, 35.469999632 ], [ 136.955000702, 35.469791632 ], [ 136.954688701, 35.469791632 ], [ 136.954687701, 35.469791632 ], [ 136.9543757, 35.469791632 ], [ 136.9543757, 35.469582632 ], [ 136.954062699, 35.469582632 ], [ 136.954062699, 35.469374632 ], [ 136.953750698, 35.469374632 ], [ 136.953750698, 35.469582632 ], [ 136.953438697, 35.469582633 ], [ 136.953437697, 35.469582633 ], [ 136.953125696, 35.469582633 ], [ 136.953125697, 35.469374632 ], [ 136.952812696, 35.469374632 ], [ 136.952500695, 35.469374633 ], [ 136.952188694, 35.469374633 ], [ 136.952187694, 35.469374633 ], [ 136.952187694, 35.469582633 ], [ 136.952500695, 35.469582633 ], [ 136.952500695, 35.469791634 ], [ 136.952500695, 35.469999634 ], [ 136.952812696, 35.469999634 ], [ 136.952812695, 35.470207634 ], [ 136.952812695, 35.470416635 ], [ 136.953125696, 35.470416635 ], [ 136.953125696, 35.470624635 ], [ 136.953437697, 35.470624635 ], [ 136.953437697, 35.470832635 ], [ 136.953437697, 35.471041636 ], [ 136.953750698, 35.471041635 ], [ 136.953750698, 35.471249636 ], [ 136.954062699, 35.471249636 ], [ 136.954062699, 35.471457636 ], [ 136.954062699, 35.471666637 ], [ 136.954375699, 35.471666636 ], [ 136.954375699, 35.471874637 ], [ 136.9546877, 35.471874637 ], [ 136.9546877, 35.472082637 ], [ 136.9546877, 35.472291637 ], [ 136.955000701, 35.472291637 ], [ 136.955000701, 35.472499638 ], [ 136.955000701, 35.472707638 ], [ 136.955312702, 35.472707638 ], [ 136.955312702, 35.472916638 ], [ 136.955625703, 35.472916638 ], [ 136.955625703, 35.473124638 ], [ 136.955625703, 35.473332639 ], [ 136.955625703, 35.473541639 ], [ 136.955625703, 35.47374964 ], [ 136.955937703, 35.473749639 ], [ 136.955937703, 35.47395764 ], [ 136.955937703, 35.47416664 ], [ 136.955937703, 35.474374641 ], [ 136.956250704, 35.47437464 ] ] ] } },
{ "type": "Feature", "properties": { "A31a_301": "8505090066", "A31a_302": "津保川", "A31a_303": "21", "A31a_304": "岐阜県", "A31a_305": 1 }, "geometry": { "type": "Polygon", "coordinates": [ [ [ 136.957500708, 35.474374639 ], [ 136.957812709, 35.474374639 ], [ 136.95812571, 35.474374639 ], [ 136.95812571, 35.474166638 ], [ 136.957812709, 35.474166639 ], [ 136.957500708, 35.474166639 ], [ 136.957500708, 35.474374639 ] ] ] } },
{ "type": "Feature", "properties": { "A31a_301": "8505090066", "A31a_302": "津保川", "A31a_303": "21", "A31a_304": "岐阜県", "A31a_305": 1 }, "geometry": { "type": "Polygon", "coordinates": [ [ [ 136.953438696, 35.473749641 ], [ 136.953438696, 35.473541641 ], [ 136.953125696, 35.473541641 ], [ 136.953125695, 35.473749642 ], [ 136.953437696, 35.473749641 ], [ 136.953437696, 35.473957642 ], [ 136.953750697, 35.473957642 ], [ 136.953750697, 35.473749641 ], [ 136.953438696, 35.473749641 ] ] ] } },
{ "type": "Feature", "properties": { "A31a_301": "8505090066", "A31a_302": "津保川", "A31a_303": "21", "A31a_304": "岐阜県", "A31a_305": 1 }, "geometry": { "type": "Polygon", "coordinates": [ [ [ 136.857187361, 35.471041754 ], [ 136.857187362, 35.471249754 ], [ 136.857500362, 35.471249754 ], [ 136.857500362, 35.471041754 ], [ 136.857188361, 35.471041754 ], [ 136.857187361, 35.471041754 ] ] ] } },
{ "type": "Feature", "properties": { "A31a_301": "8505090066", "A31a_302": "津保川", "A31a_303": "21", "A31a_304": "岐阜県", "A31a_305": 1 }, "geometry": { "type": "Polygon", "coordinates": [ [ [ 136.927188597, 35.47020767 ], [ 136.926875596, 35.470207671 ], [ 136.926875596, 35.470416671 ], [ 136.927188597, 35.47041667 ], [ 136.927188597, 35.47020767 ] ] ] } },
{ "type": "Feature", "properties": { "A31a_301": "8505090066", "A31a_302": "津保川", "A31a_303": "21", "A31a_304": "岐阜県", "A31a_305": 1 }, "geometry": { "type": "Polygon", "coordinates": [ [ [ 136.929688608, 35.470416666 ], [ 136.929688608, 35.470207666 ], [ 136.929375607, 35.470207666 ], [ 136.929375606, 35.470416667 ], [ 136.929688608, 35.470416666 ] ] ] } },
{ "type": "Feature", "properties": { "A31a_301": "8505090066", "A31a_302": "津保川", "A31a_303": "21", "A31a_304": "岐阜県", "A31a_305": 1 }, "geometry": { "type": "Polygon", "coordinates": [ [ [ 136.9278136, 35.469999669 ], [ 136.927500599, 35.469999669 ], [ 136.927188598, 35.46999967 ], [ 136.927188597, 35.47020767 ], [ 136.927500599, 35.47020767 ], [ 136.9278136, 35.470207669 ], [ 136.9278136, 35.469999669 ] ] ] } },
{ "type": "Feature", "properties": { "A31a_301": "8505090066", "A31a_302": "津保川", "A31a_303": "21", "A31a_304": "岐阜県", "A31a_305": 1 }, "geometry": { "type": "Polygon", "coordinates": [ [ [ 136.938750646, 35.469999651 ], [ 136.938438645, 35.469999651 ], [ 136.938438644, 35.470207651 ], [ 136.938750646, 35.470207651 ], [ 136.938750646, 35.469999651 ] ] ] } },
{ "type": "Feature", "properties": { "A31a_301": "8505090066", "A31a_302": "津保川", "A31a_303": "21", "A31a_304": "岐阜県", "A31a_305": 1 }, "geometry": { "type": "Polygon", "coordinates": [ [ [ 136.928125602, 35.469791668 ], [ 136.9278136, 35.469791668 ], [ 136.9278136, 35.469999669 ], [ 136.928125602, 35.469999668 ], [ 136.928125602, 35.469791668 ] ] ] } },
{ "type": "Feature", "properties": { "A31a_301": "8505090066", "A31a_302": "津保川", "A31a_303": "21", "A31a_304": "岐阜県", "A31a_305": 1 }, "geometry": { "type": "Polygon", "coordinates": [ [ [ 136.926563595, 35.46958267 ], [ 136.926250594, 35.46958267 ], [ 136.926250594, 35.469791671 ], [ 136.926563595, 35.46979167 ], [ 136.926563595, 35.46958267 ] ] ] } },
{ "type": "Feature", "properties": { "A31a_301": "8505090066", "A31a_302": "津保川", "A31a_303": "21", "A31a_304": "岐阜県", "A31a_305": 1 }, "geometry": { "type": "Polygon", "coordinates": [ [ [ 136.928125602, 35.469791668 ], [ 136.928438603, 35.469791667 ], [ 136.928750604, 35.469791667 ], [ 136.928750605, 35.469582666 ], [ 136.929063606, 35.469582666 ], [ 136.929063606, 35.469374665 ], [ 136.929375607, 35.469374665 ], [ 136.929688609, 35.469374664 ], [ 136.93000061, 35.469374664 ], [ 136.93000061, 35.469166663 ], [ 136.930313612, 35.469166663 ], [ 136.930313612, 35.468957662 ], [ 136.93000061, 35.468957663 ], [ 136.929688609, 35.468957663 ], [ 136.929688609, 35.469166664 ], [ 136.929375608, 35.469166664 ], [ 136.929063606, 35.469166665 ], [ 136.928750605, 35.469166665 ], [ 136.928750605, 35.469374666 ], [ 136.928438603, 35.469374666 ], [ 136.928438603, 35.469582667 ], [ 136.928125602, 35.469582667 ], [ 136.928125602, 35.469791668 ] ] ] } },
{ "type": "Feature", "properties": { "A31a_301": "8505090066", "A31a_302": "津保川", "A31a_303": "21", "A31a_304": "岐阜県", "A31a_305": 1 }, "geometry": { "type": "Polygon", "coordinates": [ [ [ 136.940938654, 35.469582647 ], [ 136.941250655, 35.469582646 ], [ 136.941563657, 35.469582646 ], [ 136.941563657, 35.469374645 ], [ 136.941563657, 35.469166645 ], [ 136.941250656, 35.469166645 ], [ 136.941250656, 35.469374646 ], [ 136.940938654, 35.469374646 ], [ 136.940938654, 35.469582647 ] ] ] } },
{ "type": "Feature", "properties": { "A31a_301": "8505090066", "A31a_302": "津保川", "A31a_303": "21", "A31a_304": "岐阜県", "A31a_305": 1 }, "geometry": { "type": "Polygon", "coordinates": [ [ [ 136.9543757, 35.469374632 ], [ 136.9543757, 35.469582632 ], [ 136.954688701, 35.469582632 ], [ 136.954688701, 35.469374631 ], [ 136.9543757, 35.469374632 ] ] ] } },
{ "type": "Feature", "properties": { "A31a_301": "8505090066", "A31a_302": "津保川", "A31a_303": "21", "A31a_304": "岐阜県", "A31a_305": 1 }, "geometry": { "type": "Polygon", "coordinates": [ [ [ 136.935313633, 35.469374654 ], [ 136.935313633, 35.469166654 ], [ 136.935000631, 35.469166655 ], [ 136.935000631, 35.469374655 ], [ 136.935313633, 35.469374654 ] ] ] } },
{ "type": "Feature", "properties": { "A31a_301": "8505090066", "A31a_302": "津保川", "A31a_303": "21", "A31a_304": "岐阜県", "A31a_305": 1 }, "geometry": { "type": "Polygon", "coordinates": [ [ [ 136.938125644, 35.46937465 ], [ 136.938125644, 35.469166649 ], [ 136.938437645, 35.469166649 ], [ 136.938437646, 35.468957649 ], [ 136.938125644, 35.468957649 ], [ 136.938125645, 35.468749648 ], [ 136.938125645, 35.468541648 ], [ 136.937813644, 35.468541648 ], [ 136.937813644, 35.468332648 ], [ 136.937500643, 35.468332648 ], [ 136.937500643, 35.468541649 ], [ 136.937500642, 35.468749649 ], [ 136.937813644, 35.468749649 ], [ 136.937813643, 35.468957649 ], [ 136.937813643, 35.46916665 ], [ 136.937813643, 35.46937465 ], [ 136.938125644, 35.46937465 ] ] ] } },
{ "type": "Feature", "properties": { "A31a_301": "8505090066", "A31a_302": "津保川", "A31a_303": "21", "A31a_304": "岐阜県", "A31a_305": 1 }, "geometry": { "type": "Polygon", "coordinates": [ [ [ 136.946250674, 35.469166639 ], [ 136.946250674, 35.468957638 ], [ 136.945938673, 35.468957639 ], [ 136.945938673, 35.469166639 ], [ 136.945938673, 35.46937464 ], [ 136.946250674, 35.469374639 ], [ 136.946250674, 35.469166639 ] ] ] } },
{ "type": "Feature", "properties": { "A31a_301": "8505090066", "A31a_302": "津保川", "A31a_303": "21", "A31a_304": "岐阜県", "A31a_305": 1 }, "geometry": { "type": "Polygon", "coordinates": [ [ [ 136.954062699, 35.469374632 ], [ 136.9543757, 35.469374632 ], [ 136.9543757, 35.469166631 ], [ 136.954062699, 35.469166631 ], [ 136.954062699, 35.469374632 ] ] ] } },
{ "type": "Feature", "properties": { "A31a_301": "8505090066", "A31a_302": "津保川", "A31a_303": "21", "A31a_304": "岐阜県", "A31a_305": 1 }, "geometry": { "type": "Polygon", "coordinates": [ [ [ 136.953125697, 35.468957631 ], [ 136.953125697, 35.468749631 ], [ 136.953125697, 35.46854163 ], [ 136.952812696, 35.468541631 ], [ 136.952812696, 35.46833263 ], [ 136.952812696, 35.46812463 ], [ 136.952812696, 35.467916629 ], [ 136.952500695, 35.467916629 ], [ 136.952500695, 35.467707629 ], [ 136.952500695, 35.467499629 ], [ 136.952188694, 35.467499629 ], [ 136.952187694, 35.467499629 ], [ 136.951875694, 35.467499629 ], [ 136.951875694, 35.467707629 ], [ 136.951875694, 35.46791663 ], [ 136.951875693, 35.46812463 ], [ 136.951875693, 35.468332631 ], [ 136.951875693, 35.468541631 ], [ 136.952187694, 35.468541631 ], [ 136.952188694, 35.468541631 ], [ 136.952188694, 35.468749631 ], [ 136.952188694, 35.468957632 ], [ 136.952187694, 35.468957632 ], [ 136.951875693, 35.468957632 ], [ 136.951562692, 35.468957632 ], [ 136.951562692, 35.469166633 ], [ 136.951875693, 35.469166633 ], [ 136.952187694, 35.469166632 ], [ 136.952188694, 35.469166632 ], [ 136.952500695, 35.469166632 ], [ 136.952500695, 35.468957632 ], [ 136.952812696, 35.468957632 ], [ 136.953125697, 35.468957631 ] ] ] } },
{ "type": "Feature", "properties": { "A31a_301": "8505090066", "A31a_302": "津保川", "A31a_303": "21", "A31a_304": "岐阜県", "A31a_305": 1 }, "geometry": { "type": "Polygon", "coordinates": [ [ [ 136.953125697, 35.468957631 ], [ 136.953125697, 35.469166632 ], [ 136.953437697, 35.469166632 ], [ 136.953438697, 35.469166632 ], [ 136.953750698, 35.469166631 ], [ 136.953750698, 35.468957631 ], [ 136.953438698, 35.468957631 ], [ 136.953437698, 35.468957631 ], [ 136.953125697, 35.468957631 ] ] ] } },
{ "type": "Feature", "properties": { "A31a_301": "8505090066", "A31a_302": "津保川", "A31a_303": "21", "A31a_304": "岐阜県", "A31a_305": 1 }, "geometry": { "type": "Polygon", "coordinates": [ [ [ 136.951562692, 35.468957632 ], [ 136.951562692, 35.468749632 ], [ 136.951250692, 35.468749632 ], [ 136.951250692, 35.468541631 ], [ 136.950938691, 35.468541632 ], [ 136.950938691, 35.468749632 ], [ 136.950937691, 35.468749632 ], [ 136.950937691, 35.468957633 ], [ 136.951250692, 35.468957632 ], [ 136.951562692, 35.468957632 ] ] ] } },
{ "type": "Feature", "properties": { "A31a_301": "8505090066", "A31a_302": "津保川", "A31a_303": "21", "A31a_304": "岐阜県", "A31a_305": 1 }, "geometry": { "type": "Polygon", "coordinates": [ [ [ 136.95062569, 35.468749632 ], [ 136.95062569, 35.468541632 ], [ 136.950937691, 35.468541632 ], [ 136.950937691, 35.468332631 ], [ 136.95062569, 35.468332631 ], [ 136.950312689, 35.468332631 ], [ 136.950000688, 35.468332632 ], [ 136.949688687, 35.468332632 ], [ 136.949688687, 35.468541633 ], [ 136.950000688, 35.468541632 ], [ 136.950312689, 35.468541632 ], [ 136.950312689, 35.468749632 ], [ 136.95062569, 35.468749632 ] ] ] } },
{ "type": "Feature", "properties": { "A31a_301": "8505090066", "A31a_302": "津保川", "A31a_303": "21", "A31a_304": "岐阜県", "A31a_305": 1 }, "geometry": { "type": "Polygon", "coordinates": [ [ [ 136.949375686, 35.468124632 ], [ 136.949062685, 35.468124632 ], [ 136.949062685, 35.468332633 ], [ 136.949375686, 35.468332632 ], [ 136.949375686, 35.468124632 ] ] ] } },
{ "type": "Feature", "properties": { "A31a_301": "8505090066", "A31a_302": "津保川", "A31a_303": "21", "A31a_304": "岐阜県", "A31a_305": 1 }, "geometry": { "type": "Polygon", "coordinates": [ [ [ 136.949688692, 35.460832617 ], [ 136.949375691, 35.460832617 ], [ 136.949375691, 35.460624617 ], [ 136.949688692, 35.460624616 ], [ 136.949688692, 35.460832617 ], [ 136.950000693, 35.460832616 ], [ 136.950000693, 35.460624616 ], [ 136.950000693, 35.460416615 ], [ 136.949688692, 35.460416616 ], [ 136.949375691, 35.460416616 ], [ 136.94906269, 35.460416617 ], [ 136.94906269, 35.460624617 ], [ 136.949062689, 35.460832617 ], [ 136.948750688, 35.460832618 ], [ 136.948438687, 35.460832618 ], [ 136.948438687, 35.460624618 ], [ 136.948125686, 35.460624618 ], [ 136.948125686, 35.460832619 ], [ 136.947812685, 35.460832619 ], [ 136.947812685, 35.461041619 ], [ 136.947812685, 35.46124962 ], [ 136.947812685, 35.46145762 ], [ 136.948125686, 35.46145762 ], [ 136.948125686, 35.46166662 ], [ 136.948125685, 35.461874621 ], [ 136.948438687, 35.46187462 ], [ 136.948438686, 35.462082621 ], [ 136.948438686, 35.462291621 ], [ 136.948438686, 35.462499622 ], [ 136.948438686, 35.462707622 ], [ 136.948125685, 35.462707622 ], [ 136.947812684, 35.462707623 ], [ 136.947812684, 35.462916623 ], [ 136.947500682, 35.462916624 ], [ 136.947188681, 35.462916624 ], [ 136.94687568, 35.462916624 ], [ 136.946562679, 35.462916625 ], [ 136.946250678, 35.462916625 ], [ 136.946250678, 35.462707625 ], [ 136.945938677, 35.462707625 ], [ 136.945625676, 35.462707626 ], [ 136.945312675, 35.462707626 ], [ 136.945312675, 35.462499626 ], [ 136.945000674, 35.462499626 ], [ 136.945000674, 35.462707627 ], [ 136.944688673, 35.462707627 ], [ 136.944687673, 35.462707627 ], [ 136.944375672, 35.462707627 ], [ 136.94406367, 35.462707628 ], [ 136.94406367, 35.462916628 ], [ 136.943750669, 35.462916629 ], [ 136.943438668, 35.462916629 ], [ 136.943437668, 35.462916629 ], [ 136.943125667, 35.462916629 ], [ 136.942813666, 35.46291663 ], [ 136.942500665, 35.46291663 ], [ 136.942500665, 35.463124631 ], [ 136.942188663, 35.463124631 ], [ 136.942187663, 35.463124631 ], [ 136.941875662, 35.463124632 ], [ 136.941563661, 35.463124632 ], [ 136.941563661, 35.463332632 ], [ 136.941563661, 35.463541633 ], [ 136.941563661, 35.463749633 ], [ 136.94125066, 35.463749634 ], [ 136.940938659, 35.463749634 ], [ 136.940937659, 35.463749634 ], [ 136.940625658, 35.463749634 ], [ 136.940313656, 35.463749635 ], [ 136.940000655, 35.463749635 ], [ 136.939688654, 35.463749636 ], [ 136.939687654, 35.463749636 ], [ 136.939375653, 35.463749636 ], [ 136.939375653, 35.463957637 ], [ 136.939063652, 35.463957637 ], [ 136.939063652, 35.464166637 ], [ 136.939063652, 35.464374638 ], [ 136.93875065, 35.464374638 ], [ 136.93875065, 35.464582639 ], [ 136.93875065, 35.464791639 ], [ 136.938437649, 35.464791639 ], [ 136.938437649, 35.46499964 ], [ 136.938125648, 35.46499964 ], [ 136.938125648, 35.465207641 ], [ 136.937813647, 35.465207641 ], [ 136.937813646, 35.465416642 ], [ 136.937500645, 35.465416642 ], [ 136.937500645, 35.465624642 ], [ 136.937188644, 35.465624643 ], [ 136.937188644, 35.465832643 ], [ 136.936875642, 35.465832644 ], [ 136.936563641, 35.465832644 ], [ 136.936563641, 35.466041645 ], [ 136.93625064, 35.466041645 ], [ 136.936250639, 35.466249646 ], [ 136.935938638, 35.466249646 ], [ 136.935938638, 35.466457647 ], [ 136.935625637, 35.466457647 ], [ 136.935625637, 35.466666648 ], [ 136.935313635, 35.466666648 ], [ 136.935313635, 35.466874649 ], [ 136.935000634, 35.466874649 ], [ 136.935000633, 35.46708265 ], [ 136.935313635, 35.467082649 ], [ 136.935625636, 35.467082649 ], [ 136.935938637, 35.467082648 ], [ 136.936250639, 35.467082648 ], [ 136.93656364, 35.467082647 ], [ 136.936875641, 35.467082647 ], [ 136.937188643, 35.467082646 ], [ 136.937500644, 35.467082645 ], [ 136.937813645, 35.467082645 ], [ 136.937813645, 35.467291645 ], [ 136.938125646, 35.467291645 ], [ 136.938438647, 35.467291645 ], [ 136.938438647, 35.467082644 ], [ 136.938750649, 35.467082644 ], [ 136.938750649, 35.466874643 ], [ 136.93906365, 35.466874643 ], [ 136.939375651, 35.466874642 ], [ 136.939688652, 35.466874642 ], [ 136.939688652, 35.466666642 ], [ 136.940000653, 35.466666641 ], [ 136.940000653, 35.466457641 ], [ 136.940313655, 35.46645764 ], [ 136.940625656, 35.46645764 ], [ 136.940625656, 35.466249639 ], [ 136.940938657, 35.466249639 ], [ 136.940938657, 35.466041639 ], [ 136.941250658, 35.466041638 ], [ 136.941563659, 35.466041638 ], [ 136.941563659, 35.465832637 ], [ 136.941875661, 35.465832637 ], [ 136.942188662, 35.465832637 ], [ 136.942188662, 35.465624636 ], [ 136.942500663, 35.465624636 ], [ 136.942500663, 35.465416635 ], [ 136.942813664, 35.465416635 ], [ 136.943125665, 35.465416634 ], [ 136.943125665, 35.465624635 ], [ 136.943125665, 35.465832635 ], [ 136.943437666, 35.465832635 ], [ 136.943438666, 35.465832635 ], [ 136.943750667, 35.465832634 ], [ 136.944063668, 35.465832634 ], [ 136.944375669, 35.465832634 ], [ 136.944688671, 35.465832633 ], [ 136.944688671, 35.465624633 ], [ 136.945000672, 35.465624632 ], [ 136.945000672, 35.465416632 ], [ 136.945000672, 35.465207632 ], [ 136.945312673, 35.465207631 ], [ 136.945312673, 35.464999631 ], [ 136.945312673, 35.46479163 ], [ 136.945312674, 35.46458263 ], [ 136.945312674, 35.464374629 ], [ 136.945000673, 35.46437463 ], [ 136.945000673, 35.464166629 ], [ 136.945000673, 35.463957629 ], [ 136.945312674, 35.463957629 ], [ 136.945625675, 35.463957628 ], [ 136.945625675, 35.463749628 ], [ 136.945938676, 35.463749627 ], [ 136.946250678, 35.463749627 ], [ 136.946250677, 35.463957627 ], [ 136.946250677, 35.464166628 ], [ 136.945938676, 35.464166628 ], [ 136.945938676, 35.464374629 ], [ 136.946250677, 35.464374628 ], [ 136.946250677, 35.464582629 ], [ 136.945938676, 35.464582629 ], [ 136.945625675, 35.464582629 ], [ 136.945625675, 35.46479163 ], [ 136.945625674, 35.46499963 ], [ 136.945938676, 35.46499963 ], [ 136.945938676, 35.464791629 ], [ 136.946250677, 35.464791629 ], [ 136.946562678, 35.464791629 ], [ 136.946562678, 35.464999629 ], [ 136.946875679, 35.464999629 ], [ 136.94718868, 35.464999628 ], [ 136.94718868, 35.464791628 ], [ 136.947500681, 35.464791627 ], [ 136.947812682, 35.464791627 ], [ 136.948125683, 35.464791627 ], [ 136.948125684, 35.464582626 ], [ 136.948125684, 35.464374626 ], [ 136.948438685, 35.464374625 ], [ 136.948750686, 35.464374625 ], [ 136.948750686, 35.464582625 ], [ 136.948750686, 35.464791626 ], [ 136.949062687, 35.464791625 ], [ 136.949062687, 35.464999626 ], [ 136.949062687, 35.465207626 ], [ 136.949062686, 35.465416627 ], [ 136.949062686, 35.465624627 ], [ 136.948750685, 35.465624627 ], [ 136.948438684, 35.465624628 ], [ 136.948438684, 35.465832628 ], [ 136.948125683, 35.465832629 ], [ 136.947812682, 35.465832629 ], [ 136.947500681, 35.465832629 ], [ 136.947188679, 35.46583263 ], [ 136.946875678, 35.46583263 ], [ 136.946562677, 35.465832631 ], [ 136.946562677, 35.466041631 ], [ 136.946875678, 35.466041631 ], [ 136.946875678, 35.466249631 ], [ 136.946875678, 35.466457632 ], [ 136.947188679, 35.466457631 ], [ 136.947188679, 35.466666632 ], [ 136.94750068, 35.466666631 ], [ 136.947812681, 35.466666631 ], [ 136.947812681, 35.466874631 ], [ 136.948125682, 35.466874631 ], [ 136.948125682, 35.46666663 ], [ 136.948125682, 35.46645763 ], [ 136.948438683, 35.466457629 ], [ 136.948750685, 35.466457629 ], [ 136.948750684, 35.466666629 ], [ 136.948438683, 35.46666663 ], [ 136.948438683, 35.46687463 ], [ 136.948750684, 35.46687463 ], [ 136.949062685, 35.46687463 ], [ 136.949062685, 35.46708263 ], [ 136.949375687, 35.46708263 ], [ 136.949688688, 35.467082629 ], [ 136.950000689, 35.467082629 ], [ 136.95031269, 35.467082629 ], [ 136.95031269, 35.467291629 ], [ 136.950312689, 35.46749963 ], [ 136.950312689, 35.46770763 ], [ 136.950312689, 35.467916631 ], [ 136.950312689, 35.468124631 ], [ 136.95062569, 35.468124631 ], [ 136.95062569, 35.46791663 ], [ 136.950937691, 35.46791663 ], [ 136.950938691, 35.46791663 ], [ 136.951250692, 35.46791663 ], [ 136.951562693, 35.46791663 ], [ 136.951562693, 35.467707629 ], [ 136.951562693, 35.467499629 ], [ 136.951562693, 35.467291628 ], [ 136.951250692, 35.467291629 ], [ 136.951250692, 35.467082628 ], [ 136.951250692, 35.466874628 ], [ 136.951250692, 35.466666627 ], [ 136.950938691, 35.466666627 ], [ 136.950937691, 35.466666627 ], [ 136.950625691, 35.466666628 ], [ 136.950625691, 35.466457627 ], [ 136.950625691, 35.466249627 ], [ 136.95031269, 35.466249627 ], [ 136.95031269, 35.466041626 ], [ 136.95031269, 35.465832626 ], [ 136.95031269, 35.465624626 ], [ 136.950312691, 35.465416625 ], [ 136.950625691, 35.465416625 ], [ 136.950625691, 35.465207625 ], [ 136.950625692, 35.464999624 ], [ 136.950938692, 35.464999624 ], [ 136.950938692, 35.464791624 ], [ 136.951250693, 35.464791624 ], [ 136.951250693, 35.464582623 ], [ 136.951250694, 35.464374623 ], [ 136.951250694, 35.464166622 ], [ 136.950938693, 35.464166622 ], [ 136.950938693, 35.463957622 ], [ 136.950938693, 35.463749622 ], [ 136.950625692, 35.463749622 ], [ 136.950625692, 35.463541621 ], [ 136.950625693, 35.463332621 ], [ 136.950312692, 35.463332621 ], [ 136.950312692, 35.463124621 ], [ 136.950312692, 35.46291662 ], [ 136.950312692, 35.46270762 ], [ 136.950000692, 35.46270762 ], [ 136.950000692, 35.462499619 ], [ 136.949688691, 35.46249962 ], [ 136.949688691, 35.462291619 ], [ 136.949688691, 35.462082619 ], [ 136.949688691, 35.461874619 ], [ 136.949688691, 35.461666618 ], [ 136.949688691, 35.461457618 ], [ 136.94937569, 35.461457618 ], [ 136.94937569, 35.461249618 ], [ 136.94937569, 35.461041617 ], [ 136.949688692, 35.461041617 ], [ 136.949688692, 35.460832617 ] ], [ [ 136.948438686, 35.463332623 ], [ 136.948438685, 35.463541624 ], [ 136.948125684, 35.463541624 ], [ 136.948125684, 35.463332624 ], [ 136.948438686, 35.463332623 ] ], [ [ 136.945625676, 35.463332627 ], [ 136.945625675, 35.463541627 ], [ 136.945312674, 35.463541628 ], [ 136.945312674, 35.463332627 ], [ 136.945625676, 35.463332627 ] ] ] } },
{ "type": "Feature", "properties": { "A31a_301": "8505090066", "A31a_302": "津保川", "A31a_303": "21", "A31a_304": "岐阜県", "A31a_305": 1 }, "geometry": { "type": "Polygon", "coordinates": [ [ [ 136.849688347, 35.467291755 ], [ 136.849375346, 35.467291755 ], [ 136.849375347, 35.467499755 ], [ 136.849688347, 35.467499755 ], [ 136.849688347, 35.467291755 ] ] ] } },
{ "type": "Feature", "properties": { "A31a_301": "8505090066", "A31a_302": "津保川", "A31a_303": "21", "A31a_304": "岐阜県", "A31a_305": 1 }, "geometry": { "type": "Polygon", "coordinates": [ [ [ 136.849375345, 35.465207756 ], [ 136.849375345, 35.465416756 ], [ 136.849063345, 35.465416756 ], [ 136.849063344, 35.465207756 ], [ 136.849375345, 35.465207756 ], [ 136.849375345, 35.464999756 ], [ 136.849063344, 35.464999756 ], [ 136.849063344, 35.464791756 ], [ 136.848750343, 35.464791756 ], [ 136.848750343, 35.464582756 ], [ 136.848750343, 35.464374756 ], [ 136.848750343, 35.464166756 ], [ 136.848438342, 35.464166756 ], [ 136.848438342, 35.463957757 ], [ 136.848125342, 35.463957757 ], [ 136.848125341, 35.463749757 ], [ 136.848125341, 35.463541757 ], [ 136.847813341, 35.463541757 ], [ 136.847813341, 35.463749757 ], [ 136.84750034, 35.463749757 ], [ 136.84750034, 35.463541757 ], [ 136.84718834, 35.463541757 ], [ 136.846875339, 35.463541757 ], [ 136.846563339, 35.463541757 ], [ 136.846250338, 35.463541757 ], [ 136.845938338, 35.463541757 ], [ 136.845625337, 35.463541757 ], [ 136.845313337, 35.463541757 ], [ 136.845313337, 35.463749757 ], [ 136.845000337, 35.463749757 ], [ 136.845000336, 35.463541757 ], [ 136.844688336, 35.463541757 ], [ 136.844687336, 35.463541757 ], [ 136.844375335, 35.463541757 ], [ 136.844375335, 35.463332757 ], [ 136.844063335, 35.463332757 ], [ 136.843750334, 35.463332757 ], [ 136.843438334, 35.463332757 ], [ 136.843438333, 35.463124757 ], [ 136.843125333, 35.463124757 ], [ 136.842813333, 35.463124757 ], [ 136.842813332, 35.462916758 ], [ 136.842500332, 35.462916758 ], [ 136.842500332, 35.462707758 ], [ 136.842500331, 35.462499758 ], [ 136.842188331, 35.462499758 ], [ 136.842188331, 35.462291758 ], [ 136.842500331, 35.462291758 ], [ 136.842500331, 35.462082758 ], [ 136.84218833, 35.462082758 ], [ 136.84218833, 35.461874758 ], [ 136.84218833, 35.461666758 ], [ 136.842500331, 35.461666758 ], [ 136.84250033, 35.461457758 ], [ 136.84250033, 35.461249758 ], [ 136.84250033, 35.461041759 ], [ 136.842188329, 35.461041759 ], [ 136.842188329, 35.460832759 ], [ 136.84250033, 35.460832759 ], [ 136.84250033, 35.461041759 ], [ 136.84281333, 35.461041759 ], [ 136.84281333, 35.460832759 ], [ 136.84281333, 35.460624759 ], [ 136.84281333, 35.460416759 ], [ 136.84312533, 35.460416759 ], [ 136.84312533, 35.460207759 ], [ 136.84312533, 35.459999759 ], [ 136.84343733, 35.459999759 ], [ 136.843437331, 35.460207759 ], [ 136.843750331, 35.460207759 ], [ 136.843750331, 35.459999759 ], [ 136.844063331, 35.459999759 ], [ 136.844063331, 35.459791759 ], [ 136.844375332, 35.459791759 ], [ 136.844375331, 35.459582759 ], [ 136.844687332, 35.459582759 ], [ 136.844688332, 35.459582759 ], [ 136.845000332, 35.459582759 ], [ 136.845000333, 35.459791759 ], [ 136.845313333, 35.459791759 ], [ 136.845313333, 35.459582759 ], [ 136.845313333, 35.459374759 ], [ 136.845625333, 35.459374759 ], [ 136.845625333, 35.459166759 ], [ 136.845938333, 35.459166759 ], [ 136.846250334, 35.459166759 ], [ 136.846250334, 35.458957759 ], [ 136.846563334, 35.458957759 ], [ 136.846875335, 35.458957759 ], [ 136.847188335, 35.458957759 ], [ 136.847500336, 35.458957759 ], [ 136.847813336, 35.458957759 ], [ 136.847813336, 35.458749759 ], [ 136.848125336, 35.458749759 ], [ 136.848125336, 35.458541759 ], [ 136.848438337, 35.458541759 ], [ 136.848750337, 35.458541759 ], [ 136.848750337, 35.458332759 ], [ 136.849063337, 35.458332759 ], [ 136.849375338, 35.458332758 ], [ 136.849375338, 35.458124759 ], [ 136.849688338, 35.458124759 ], [ 136.849688338, 35.457916759 ], [ 136.850000339, 35.457916759 ], [ 136.850000338, 35.457707759 ], [ 136.850313339, 35.457707759 ], [ 136.850313339, 35.457499759 ], [ 136.850000338, 35.457499759 ], [ 136.849688338, 35.457499759 ], [ 136.849375337, 35.457499759 ], [ 136.849063337, 35.457499759 ], [ 136.848750336, 35.457499759 ], [ 136.848438336, 35.457499759 ], [ 136.848125335, 35.457499759 ], [ 136.847813335, 35.457499759 ], [ 136.847813335, 35.457707759 ], [ 136.847500335, 35.457707759 ], [ 136.847500335, 35.457916759 ], [ 136.847500335, 35.458124759 ], [ 136.847188334, 35.458124759 ], [ 136.847188335, 35.458332759 ], [ 136.847188335, 35.458541759 ], [ 136.846875334, 35.458541759 ], [ 136.846875334, 35.458332759 ], [ 136.846875334, 35.458124759 ], [ 136.846563333, 35.458124759 ], [ 136.846563333, 35.457916759 ], [ 136.846563333, 35.45770776 ], [ 136.846250333, 35.45770776 ], [ 136.845938332, 35.45770776 ], [ 136.845938332, 35.45791676 ], [ 136.845938332, 35.458124759 ], [ 136.845625332, 35.458124759 ], [ 136.845625332, 35.45791676 ], [ 136.845313331, 35.45791676 ], [ 136.845000331, 35.45791676 ], [ 136.845000331, 35.45770776 ], [ 136.84500033, 35.45749976 ], [ 136.84500033, 35.45729176 ], [ 136.84500033, 35.45708276 ], [ 136.84500033, 35.456874761 ], [ 136.84500033, 35.456666761 ], [ 136.84500033, 35.456457761 ], [ 136.844688329, 35.456457761 ], [ 136.844688329, 35.456249761 ], [ 136.844688329, 35.456041761 ], [ 136.844688329, 35.455832762 ], [ 136.844688328, 35.455624762 ], [ 136.844375328, 35.455624762 ], [ 136.844375328, 35.455416762 ], [ 136.844375328, 35.455207762 ], [ 136.844375327, 35.454999762 ], [ 136.844063327, 35.454999762 ], [ 136.844063327, 35.454791763 ], [ 136.843750326, 35.454791763 ], [ 136.843750326, 35.454582763 ], [ 136.843438326, 35.454582763 ], [ 136.843438325, 35.454374763 ], [ 136.843438325, 35.454166763 ], [ 136.843125325, 35.454166763 ], [ 136.843125324, 35.453957764 ], [ 136.842813324, 35.453957764 ], [ 136.842813324, 35.454166764 ], [ 136.842813324, 35.454374763 ], [ 136.842813324, 35.454582763 ], [ 136.842813325, 35.454791763 ], [ 136.842500324, 35.454791763 ], [ 136.842500324, 35.454999763 ], [ 136.842188324, 35.454999763 ], [ 136.842187324, 35.454999763 ], [ 136.841875323, 35.454999763 ], [ 136.841563323, 35.454999763 ], [ 136.841563323, 35.455207763 ], [ 136.841563323, 35.455416763 ], [ 136.841875324, 35.455416763 ], [ 136.841875323, 35.455207763 ], [ 136.842187324, 35.455207763 ], [ 136.842188324, 35.455207763 ], [ 136.842188324, 35.455416763 ], [ 136.842187324, 35.455416763 ], [ 136.841875324, 35.455416763 ], [ 136.841875324, 35.455624763 ], [ 136.841875324, 35.455832762 ], [ 136.841875324, 35.456041762 ], [ 136.841563324, 35.456041762 ], [ 136.841563324, 35.455832762 ], [ 136.841563323, 35.455624763 ], [ 136.841563323, 35.455416763 ], [ 136.841250323, 35.455416763 ], [ 136.841250323, 35.455624763 ], [ 136.840938322, 35.455624763 ], [ 136.840937322, 35.455624763 ], [ 136.840625322, 35.455624763 ], [ 136.840313321, 35.455624763 ], [ 136.840000321, 35.455624763 ], [ 136.840000321, 35.455416763 ], [ 136.83968832, 35.455416763 ], [ 136.83968732, 35.455416763 ], [ 136.83968732, 35.455207764 ], [ 136.83968732, 35.454999764 ], [ 136.839375319, 35.454999764 ], [ 136.839063319, 35.454999764 ], [ 136.839063318, 35.454791764 ], [ 136.839063318, 35.454582764 ], [ 136.839375319, 35.454582764 ], [ 136.839375319, 35.454374764 ], [ 136.839687319, 35.454374764 ], [ 136.839687319, 35.454166765 ], [ 136.839375318, 35.454166765 ], [ 136.839375318, 35.453957765 ], [ 136.839063318, 35.453957765 ], [ 136.839063317, 35.453749765 ], [ 136.838750317, 35.453749765 ], [ 136.838438316, 35.453749765 ], [ 136.838438316, 35.453541766 ], [ 136.838125316, 35.453541766 ], [ 136.838125316, 35.453749765 ], [ 136.837813315, 35.453749766 ], [ 136.837813316, 35.453957765 ], [ 136.838125316, 35.453957765 ], [ 136.838125316, 35.454166765 ], [ 136.837813316, 35.454166765 ], [ 136.837813316, 35.454374765 ], [ 136.837500315, 35.454374765 ], [ 136.837500316, 35.454582765 ], [ 136.837500316, 35.454791765 ], [ 136.837187315, 35.454791765 ], [ 136.837187316, 35.454999764 ], [ 136.836875315, 35.454999764 ], [ 136.836875315, 35.455207764 ], [ 136.836562315, 35.455207764 ], [ 136.836562315, 35.455416764 ], [ 136.836562315, 35.455624764 ], [ 136.836562316, 35.455832764 ], [ 136.836562316, 35.456041763 ], [ 136.836562316, 35.456249763 ], [ 136.836562316, 35.456457763 ], [ 136.836562316, 35.456666763 ], [ 136.836562317, 35.456874763 ], [ 136.836562317, 35.457082762 ], [ 136.836875317, 35.457082762 ], [ 136.836875318, 35.457291762 ], [ 136.836875318, 35.457499762 ], [ 136.836875318, 35.457707762 ], [ 136.837187318, 35.457707762 ], [ 136.837187319, 35.457916762 ], [ 136.837187319, 35.458124761 ], [ 136.837500319, 35.458124761 ], [ 136.837500319, 35.458332761 ], [ 136.837187319, 35.458332761 ], [ 136.837187319, 35.458541761 ], [ 136.83750032, 35.458541761 ], [ 136.83750032, 35.458749761 ], [ 136.83750032, 35.458957761 ], [ 136.837813321, 35.458957761 ], [ 136.837813321, 35.45916676 ], [ 136.837813321, 35.45937476 ], [ 136.838125321, 35.45937476 ], [ 136.838125322, 35.45958276 ], [ 136.838125322, 35.45979176 ], [ 136.838125322, 35.45999976 ], [ 136.838125322, 35.46020776 ], [ 136.838437323, 35.46020776 ], [ 136.838437323, 35.46041676 ], [ 136.838437323, 35.460624759 ], [ 136.838437323, 35.460832759 ], [ 136.838750324, 35.460832759 ], [ 136.838750324, 35.461041759 ], [ 136.838750324, 35.461249759 ], [ 136.839063325, 35.461249759 ], [ 136.839063325, 35.461457759 ], [ 136.839063325, 35.461666759 ], [ 136.839375326, 35.461666759 ], [ 136.839375326, 35.461874759 ], [ 136.839375326, 35.462082758 ], [ 136.839687327, 35.462082758 ], [ 136.839687327, 35.462291758 ], [ 136.840000327, 35.462291758 ], [ 136.840000327, 35.462499758 ], [ 136.840000328, 35.462707758 ], [ 136.840313328, 35.462707758 ], [ 136.840313328, 35.462916758 ], [ 136.840625329, 35.462916758 ], [ 136.840625329, 35.463124758 ], [ 136.84093733, 35.463124758 ], [ 136.84093733, 35.463332757 ], [ 136.84125033, 35.463332757 ], [ 136.84125033, 35.463541757 ], [ 136.841563331, 35.463541757 ], [ 136.841563331, 35.463749757 ], [ 136.841875332, 35.463749757 ], [ 136.842187332, 35.463749757 ], [ 136.842187332, 35.463957757 ], [ 136.842500333, 35.463957757 ], [ 136.842813333, 35.463957757 ], [ 136.842813334, 35.464166757 ], [ 136.843125334, 35.464166757 ], [ 136.843125334, 35.464374757 ], [ 136.843437335, 35.464374757 ], [ 136.843437335, 35.464582757 ], [ 136.843750335, 35.464582757 ], [ 136.844063336, 35.464582757 ], [ 136.844063336, 35.464791756 ], [ 136.844375337, 35.464791756 ], [ 136.844375337, 35.464999756 ], [ 136.844687337, 35.464999756 ], [ 136.844687337, 35.465207756 ], [ 136.845000338, 35.465207756 ], [ 136.845000338, 35.465416756 ], [ 136.845313339, 35.465416756 ], [ 136.845313339, 35.465624756 ], [ 136.845625339, 35.465624756 ], [ 136.84562534, 35.465832756 ], [ 136.84593834, 35.465832756 ], [ 136.84593834, 35.466041756 ], [ 136.84593834, 35.466249756 ], [ 136.846250341, 35.466249756 ], [ 136.846250341, 35.466457756 ], [ 136.846563342, 35.466457756 ], [ 136.846563342, 35.466666756 ], [ 136.846875342, 35.466666756 ], [ 136.847188343, 35.466666756 ], [ 136.847500343, 35.466666756 ], [ 136.847500343, 35.466874755 ], [ 136.847813344, 35.466874755 ], [ 136.847813344, 35.467082755 ], [ 136.848125344, 35.467082755 ], [ 136.848125345, 35.467291755 ], [ 136.848438345, 35.467291755 ], [ 136.848438345, 35.467499755 ], [ 136.848750346, 35.467499755 ], [ 136.849063346, 35.467499755 ], [ 136.849063346, 35.467291755 ], [ 136.849063346, 35.467082755 ], [ 136.849063346, 35.466874755 ], [ 136.849375346, 35.466874755 ], [ 136.849375346, 35.467082755 ], [ 136.849688347, 35.467082755 ], [ 136.849688347, 35.466874755 ], [ 136.850000347, 35.466874755 ], [ 136.850000347, 35.467082755 ], [ 136.850000347, 35.467291755 ], [ 136.850313348, 35.467291755 ], [ 136.850313348, 35.467082755 ], [ 136.850313348, 35.466874755 ], [ 136.850313348, 35.466666755 ], [ 136.850313348, 35.466457756 ], [ 136.850000347, 35.466457756 ], [ 136.850000347, 35.466249756 ], [ 136.850000347, 35.466041756 ], [ 136.850000346, 35.465832756 ], [ 136.850000346, 35.465624756 ], [ 136.850000346, 35.465416756 ], [ 136.849688345, 35.465416756 ], [ 136.849688345, 35.465207756 ], [ 136.849375345, 35.465207756 ] ], [ [ 136.847188342, 35.465416756 ], [ 136.847188342, 35.465624756 ], [ 136.846875341, 35.465624756 ], [ 136.846875341, 35.465416756 ], [ 136.847188342, 35.465416756 ] ], [ [ 136.846250339, 35.463957757 ], [ 136.846250338, 35.463749757 ], [ 136.846563339, 35.463749757 ], [ 136.846875339, 35.463749757 ], [ 136.84718834, 35.463749757 ], [ 136.84718834, 35.463957757 ], [ 136.84687534, 35.463957757 ], [ 136.846563339, 35.463957757 ], [ 136.846250339, 35.463957757 ] ], [ [ 136.841563328, 35.460832759 ], [ 136.841563328, 35.460624759 ], [ 136.841875329, 35.460624759 ], [ 136.842187329, 35.460624759 ], [ 136.842187329, 35.460832759 ], [ 136.841875329, 35.460832759 ], [ 136.841563328, 35.460832759 ] ], [ [ 136.841563328, 35.460416759 ], [ 136.841563328, 35.460207759 ], [ 136.841875328, 35.460207759 ], [ 136.841875328, 35.460416759 ], [ 136.841563328, 35.460416759 ] ], [ [ 136.841875328, 35.459999759 ], [ 136.841875328, 35.459791759 ], [ 136.842187328, 35.459791759 ], [ 136.842187328, 35.459999759 ], [ 136.841875328, 35.459999759 ] ], [ [ 136.841250327, 35.45958276 ], [ 136.841250326, 35.45937476 ], [ 136.841563327, 35.45937476 ], [ 136.841563327, 35.45958276 ], [ 136.841250327, 35.45958276 ] ], [ [ 136.841875327, 35.45937476 ], [ 136.841875327, 35.45916676 ], [ 136.842187328, 35.45916676 ], [ 136.842187328, 35.45937476 ], [ 136.841875327, 35.45937476 ] ], [ [ 136.839375323, 35.45916676 ], [ 136.839375323, 35.45937476 ], [ 136.839063323, 35.45937476 ], [ 136.839063323, 35.45916676 ], [ 136.839375323, 35.45916676 ] ], [ [ 136.83781332, 35.458332761 ], [ 136.83781332, 35.458124761 ], [ 136.83812532, 35.458124761 ], [ 136.83812532, 35.458332761 ], [ 136.838437321, 35.458332761 ], [ 136.838438321, 35.458332761 ], [ 136.838438321, 35.458541761 ], [ 136.838750322, 35.458541761 ], [ 136.839063322, 35.458541761 ], [ 136.839063322, 35.458749761 ], [ 136.838750322, 35.458749761 ], [ 136.838750322, 35.45895776 ], [ 136.838438322, 35.458957761 ], [ 136.838437322, 35.458957761 ], [ 136.838437321, 35.458749761 ], [ 136.838125321, 35.458749761 ], [ 136.838125321, 35.458541761 ], [ 136.83781332, 35.458541761 ], [ 136.83781332, 35.458332761 ] ], [ [ 136.841875327, 35.45895776 ], [ 136.841875327, 35.45874976 ], [ 136.842187327, 35.45874976 ], [ 136.842187327, 35.45895776 ], [ 136.841875327, 35.45895776 ] ], [ [ 136.837813317, 35.454999764 ], [ 136.837813316, 35.454791765 ], [ 136.838125317, 35.454791764 ], [ 136.838125317, 35.454582765 ], [ 136.838437317, 35.454582765 ], [ 136.838438317, 35.454582765 ], [ 136.838750318, 35.454582764 ], [ 136.838750318, 35.454791764 ], [ 136.838438317, 35.454791764 ], [ 136.838438318, 35.454999764 ], [ 136.838437318, 35.454999764 ], [ 136.838125317, 35.454999764 ], [ 136.837813317, 35.454999764 ] ] ] } },
{ "type": "Feature", "properties": { "A31a_301": "8505090066", "A31a_302": "津保川", "A31a_303": "21", "A31a_304": "岐阜県", "A31a_305": 1 }, "geometry": { "type": "Polygon", "coordinates": [ [ [ 136.945000671, 35.466249634 ], [ 136.945312672, 35.466249633 ], [ 136.945625674, 35.466249633 ], [ 136.945938675, 35.466249632 ], [ 136.945938675, 35.466041632 ], [ 136.945938675, 35.465832632 ], [ 136.945625674, 35.465832632 ], [ 136.945312673, 35.465832632 ], [ 136.945000672, 35.465832633 ], [ 136.945000672, 35.466041633 ], [ 136.945000671, 35.466249634 ] ] ] } },
{ "type": "Feature", "properties": { "A31a_301": "8505090066", "A31a_302": "津保川", "A31a_303": "21", "A31a_304": "岐阜県", "A31a_305": 1 }, "geometry": { "type": "Polygon", "coordinates": [ [ [ 136.846875334, 35.458124759 ], [ 136.847188334, 35.458124759 ], [ 136.847188334, 35.457916759 ], [ 136.847188334, 35.457707759 ], [ 136.846875334, 35.457707759 ], [ 136.846875334, 35.457916759 ], [ 136.846875334, 35.458124759 ] ] ] } },
{ "type": "Feature", "properties": { "A31a_301": "8505090066", "A31a_302": "津保川", "A31a_303": "21", "A31a_304": "岐阜県", "A31a_305": 1 }, "geometry": { "type": "Polygon", "coordinates": [ [ [ 136.842500323, 35.453957764 ], [ 136.842188323, 35.453957764 ], [ 136.842188323, 35.454166764 ], [ 136.842188323, 35.454374764 ], [ 136.842188323, 35.454582763 ], [ 136.842188324, 35.454791763 ], [ 136.842500324, 35.454791763 ], [ 136.842500324, 35.454582763 ], [ 136.842500324, 35.454374763 ], [ 136.842500324, 35.454166764 ], [ 136.842500323, 35.453957764 ] ] ] } },
{ "type": "Feature", "properties": { "A31a_301": "8505090066", "A31a_302": "津保川", "A31a_303": "21", "A31a_304": "岐阜県", "A31a_305": 1 }, "geometry": { "type": "Polygon", "coordinates": [ [ [ 136.839687319, 35.454166765 ], [ 136.839688319, 35.454166765 ], [ 136.840000319, 35.454166764 ], [ 136.840000319, 35.453957765 ], [ 136.839687319, 35.453957765 ], [ 136.839687319, 35.454166765 ] ] ] } },
{ "type": "Feature", "properties": { "A31a_301": "8505090066", "A31a_302": "津保川", "A31a_303": "21", "A31a_304": "岐阜県", "A31a_305": 1 }, "geometry": { "type": "Polygon", "coordinates": [ [ [ 136.840937321, 35.453749765 ], [ 136.84062532, 35.453749765 ], [ 136.84031332, 35.453749765 ], [ 136.84031332, 35.453957765 ], [ 136.84062532, 35.453957764 ], [ 136.840937321, 35.453957764 ], [ 136.840937321, 35.453749765 ] ] ] } },
{ "type": "Feature", "properties": { "A31a_301": "8505090066", "A31a_302": "津保川", "A31a_303": "21", "A31a_304": "岐阜県", "A31a_305": 1 }, "geometry": { "type": "Polygon", "coordinates": [ [ [ 136.841875322, 35.453332765 ], [ 136.842187322, 35.453332764 ], [ 136.842188322, 35.453332764 ], [ 136.842500323, 35.453332764 ], [ 136.842500323, 35.453541764 ], [ 136.842500323, 35.453749764 ], [ 136.842500323, 35.453957764 ], [ 136.842813324, 35.453957764 ], [ 136.842813324, 35.453749764 ], [ 136.842813324, 35.453541764 ], [ 136.842813323, 35.453332764 ], [ 136.842813323, 35.453124764 ], [ 136.842500323, 35.453124765 ], [ 136.842188322, 35.453124765 ], [ 136.842187322, 35.453124765 ], [ 136.841875322, 35.453124765 ], [ 136.841875322, 35.453332765 ] ] ] } },
{ "type": "Feature", "properties": { "A31a_301": "8505090066", "A31a_302": "津保川", "A31a_303": "21", "A31a_304": "岐阜県", "A31a_305": 1 }, "geometry": { "type": "Polygon", "coordinates": [ [ [ 136.841563321, 35.453541764 ], [ 136.841250321, 35.453541765 ], [ 136.84093732, 35.453541765 ], [ 136.840937321, 35.453749765 ], [ 136.840938321, 35.453749765 ], [ 136.841250321, 35.453749764 ], [ 136.841563322, 35.453749764 ], [ 136.841563321, 35.453541764 ] ] ] } },
{ "type": "Feature", "properties": { "A31a_301": "8505090066", "A31a_302": "津保川", "A31a_303": "21", "A31a_304": "岐阜県", "A31a_305": 1 }, "geometry": { "type": "Polygon", "coordinates": [ [ [ 136.841875322, 35.453332765 ], [ 136.841563321, 35.453332765 ], [ 136.841563321, 35.453541764 ], [ 136.841875322, 35.453541764 ], [ 136.841875322, 35.453332765 ] ] ] } },
{ "type": "Feature", "properties": { "A31a_301": "8505090066", "A31a_302": "津保川", "A31a_303": "21", "A31a_304": "岐阜県", "A31a_305": 2 }, "geometry": { "type": "Polygon", "coordinates": [ [ [ 137.004063992, 35.540207638 ], [ 137.004063991, 35.539999638 ], [ 137.004063991, 35.539791639 ], [ 137.003750989, 35.539791639 ], [ 137.003750988, 35.539582639 ], [ 137.003438987, 35.539582639 ], [ 137.003438986, 35.539374639 ], [ 137.003438986, 35.539166639 ], [ 137.003125984, 35.539166639 ], [ 137.003125984, 35.53895764 ], [ 137.002813982, 35.53895764 ], [ 137.002813981, 35.53874964 ], [ 137.002813981, 35.53854164 ], [ 137.002500979, 35.53854164 ], [ 137.002188978, 35.53854164 ], [ 137.002188977, 35.53833264 ], [ 137.001875976, 35.53833264 ], [ 137.001563975, 35.538332641 ], [ 137.001563975, 35.53854164 ], [ 137.001875977, 35.53854164 ], [ 137.001875977, 35.53874964 ], [ 137.002187979, 35.53874964 ], [ 137.002187979, 35.53895764 ], [ 137.002500981, 35.53895764 ], [ 137.002500981, 35.53916664 ], [ 137.002500982, 35.539374639 ], [ 137.002813984, 35.539374639 ], [ 137.002813984, 35.539582639 ], [ 137.002813985, 35.539791639 ], [ 137.003125986, 35.539791639 ], [ 137.003125987, 35.539999639 ], [ 137.003125988, 35.540207639 ], [ 137.003437989, 35.540207638 ], [ 137.00343799, 35.540416638 ], [ 137.003750991, 35.540416638 ], [ 137.003750992, 35.540624638 ], [ 137.003750993, 35.540832638 ], [ 137.003750993, 35.541041638 ], [ 137.004063995, 35.541041638 ], [ 137.004063994, 35.540832638 ], [ 137.004063993, 35.540624638 ], [ 137.004063993, 35.540416638 ], [ 137.004063992, 35.540207638 ] ] ] } },
{ "type": "Feature", "properties": { "A31a_301": "8505090066", "A31a_302": "津保川", "A31a_303": "21", "A31a_304": "岐阜県", "A31a_305": 2 }, "geometry": { "type": "Polygon", "coordinates": [ [ [ 137.00218898, 35.53916664 ], [ 137.001875979, 35.53916664 ], [ 137.001875979, 35.53937464 ], [ 137.002188981, 35.53937464 ], [ 137.00218898, 35.53916664 ] ] ] } },
{ "type": "Feature", "properties": { "A31a_301": "8505090066", "A31a_302": "津保川", "A31a_303": "21", "A31a_304": "岐阜県", "A31a_305": 2 }, "geometry": { "type": "Polygon", "coordinates": [ [ [ 137.000938972, 35.538332641 ], [ 137.000625971, 35.538332641 ], [ 137.000625971, 35.538541641 ], [ 137.000938973, 35.538541641 ], [ 137.000938972, 35.538332641 ] ] ] } },
{ "type": "Feature", "properties": { "A31a_301": "8505090066", "A31a_302": "津保川", "A31a_303": "21", "A31a_304": "岐阜県", "A31a_305": 2 }, "geometry": { "type": "Polygon", "coordinates": [ [ [ 136.995313939, 35.536249646 ], [ 136.995313939, 35.536457646 ], [ 136.995625941, 35.536457646 ], [ 136.995625942, 35.536666646 ], [ 136.995625942, 35.536874645 ], [ 136.995625943, 35.537082645 ], [ 136.995938944, 35.537082645 ], [ 136.996250946, 35.537082645 ], [ 136.996250946, 35.537291645 ], [ 136.996563948, 35.537291644 ], [ 136.996563948, 35.537499644 ], [ 136.99687595, 35.537499644 ], [ 136.996875951, 35.537707644 ], [ 136.997188952, 35.537707644 ], [ 136.997188952, 35.537499644 ], [ 136.997500953, 35.537499644 ], [ 136.997813955, 35.537499643 ], [ 136.998125956, 35.537499643 ], [ 136.998125957, 35.537707643 ], [ 136.998125957, 35.537916643 ], [ 136.998125958, 35.538124643 ], [ 136.998438959, 35.538124642 ], [ 136.99843896, 35.538332642 ], [ 136.998750962, 35.538332642 ], [ 136.999063963, 35.538332642 ], [ 136.999063963, 35.538124642 ], [ 136.999375964, 35.538124642 ], [ 136.999688966, 35.538124641 ], [ 137.000000967, 35.538124641 ], [ 137.000000967, 35.537916641 ], [ 136.999688965, 35.537916642 ], [ 136.999688964, 35.537707642 ], [ 136.999375963, 35.537707642 ], [ 136.999063961, 35.537707642 ], [ 136.999063961, 35.537499642 ], [ 136.998750959, 35.537499643 ], [ 136.998438958, 35.537499643 ], [ 136.998438957, 35.537291643 ], [ 136.998125956, 35.537291643 ], [ 136.997813954, 35.537291643 ], [ 136.997813953, 35.537082644 ], [ 136.997500952, 35.537082644 ], [ 136.99718895, 35.537082644 ], [ 136.99718895, 35.536874644 ], [ 136.996875948, 35.536874644 ], [ 136.996875949, 35.537082644 ], [ 136.996563947, 35.537082645 ], [ 136.996563947, 35.536874645 ], [ 136.996563946, 35.536666645 ], [ 136.996563946, 35.536457645 ], [ 136.996250944, 35.536457645 ], [ 136.995938943, 35.536457645 ], [ 136.995938942, 35.536249646 ], [ 136.99562594, 35.536249646 ], [ 136.995313939, 35.536249646 ] ] ] } },
{ "type": "Feature", "properties": { "A31a_301": "8505090066", "A31a_302": "津保川", "A31a_303": "21", "A31a_304": "岐阜県", "A31a_305": 2 }, "geometry": { "type": "Polygon", "coordinates": [ [ [ 136.998750958, 35.537082643 ], [ 136.998750959, 35.537291643 ], [ 136.99906396, 35.537291643 ], [ 136.999063959, 35.537082643 ], [ 136.998750958, 35.537082643 ] ] ] } },
{ "type": "Feature", "properties": { "A31a_301": "8505090066", "A31a_302": "津保川", "A31a_303": "21", "A31a_304": "岐阜県", "A31a_305": 2 }, "geometry": { "type": "Polygon", "coordinates": [ [ [ 136.998750958, 35.537082643 ], [ 136.998750957, 35.536874643 ], [ 136.998438956, 35.536874643 ], [ 136.998438956, 35.537082643 ], [ 136.998750958, 35.537082643 ] ] ] } },
{ "type": "Feature", "properties": { "A31a_301": "8505090066", "A31a_302": "津保川", "A31a_303": "21", "A31a_304": "岐阜県", "A31a_305": 2 }, "geometry": { "type": "Polygon", "coordinates": [ [ [ 136.997188948, 35.536249645 ], [ 136.996875946, 35.536249645 ], [ 136.996875947, 35.536457645 ], [ 136.997188949, 35.536457644 ], [ 136.997188948, 35.536249645 ] ] ] } },
{ "type": "Feature", "properties": { "A31a_301": "8505090066", "A31a_302": "津保川", "A31a_303": "21", "A31a_304": "岐阜県", "A31a_305": 2 }, "geometry": { "type": "Polygon", "coordinates": [ [ [ 136.995313939, 35.536249646 ], [ 136.995313938, 35.536041646 ], [ 136.995000937, 35.536041646 ], [ 136.995000937, 35.536249646 ], [ 136.995313939, 35.536249646 ] ] ] } },
{ "type": "Feature", "properties": { "A31a_301": "8505090066", "A31a_302": "津保川", "A31a_303": "21", "A31a_304": "岐阜県", "A31a_305": 2 }, "geometry": { "type": "Polygon", "coordinates": [ [ [ 136.996250942, 35.535832646 ], [ 136.996250943, 35.536041645 ], [ 136.996563944, 35.536041645 ], [ 136.996563944, 35.535832645 ], [ 136.996250942, 35.535832646 ] ] ] } },
{ "type": "Feature", "properties": { "A31a_301": "8505090066", "A31a_302": "津保川", "A31a_303": "21", "A31a_304": "岐阜県", "A31a_305": 2 }, "geometry": { "type": "Polygon", "coordinates": [ [ [ 136.996250942, 35.535832646 ], [ 136.996250942, 35.535624646 ], [ 136.996250941, 35.535416646 ], [ 136.99593894, 35.535416646 ], [ 136.995625938, 35.535416646 ], [ 136.995625939, 35.535624646 ], [ 136.99593894, 35.535624646 ], [ 136.995938941, 35.535832646 ], [ 136.996250942, 35.535832646 ] ] ] } },
{ "type": "Feature", "properties": { "A31a_301": "8505090066", "A31a_302": "津保川", "A31a_303": "21", "A31a_304": "岐阜県", "A31a_305": 2 }, "geometry": { "type": "Polygon", "coordinates": [ [ [ 136.99406393, 35.534999648 ], [ 136.99406393, 35.535207647 ], [ 136.994063931, 35.535416647 ], [ 136.994375932, 35.535416647 ], [ 136.994687934, 35.535416647 ], [ 136.994687934, 35.535624647 ], [ 136.995000936, 35.535624647 ], [ 136.995000935, 35.535416647 ], [ 136.994688934, 35.535416647 ], [ 136.994688933, 35.535207647 ], [ 136.994375932, 35.535207647 ], [ 136.994375931, 35.534999647 ], [ 136.99406393, 35.534999648 ] ] ] } },
{ "type": "Feature", "properties": { "A31a_301": "8505090066", "A31a_302": "津保川", "A31a_303": "21", "A31a_304": "岐阜県", "A31a_305": 2 }, "geometry": { "type": "Polygon", "coordinates": [ [ [ 136.995000934, 35.534999647 ], [ 136.995000935, 35.535207647 ], [ 136.995313936, 35.535207647 ], [ 136.995313935, 35.534999647 ], [ 136.995000934, 35.534999647 ] ] ] } },
{ "type": "Feature", "properties": { "A31a_301": "8505090066", "A31a_302": "津保川", "A31a_303": "21", "A31a_304": "岐阜県", "A31a_305": 2 }, "geometry": { "type": "Polygon", "coordinates": [ [ [ 136.99406393, 35.534999648 ], [ 136.994063929, 35.534791648 ], [ 136.994063928, 35.534582648 ], [ 136.993750927, 35.534582648 ], [ 136.993750928, 35.534791648 ], [ 136.993750928, 35.534999648 ], [ 136.99406393, 35.534999648 ] ] ] } },
{ "type": "Feature", "properties": { "A31a_301": "8505090066", "A31a_302": "津保川", "A31a_303": "21", "A31a_304": "岐阜県", "A31a_305": 2 }, "geometry": { "type": "Polygon", "coordinates": [ [ [ 136.995000934, 35.534999647 ], [ 136.995000933, 35.534791647 ], [ 136.995000933, 35.534582647 ], [ 136.994687931, 35.534582647 ], [ 136.994687932, 35.534791647 ], [ 136.994687933, 35.534999647 ], [ 136.995000934, 35.534999647 ] ] ] } },
{ "type": "Feature", "properties": { "A31a_301": "8505090066", "A31a_302": "津保川", "A31a_303": "21", "A31a_304": "岐阜県", "A31a_305": 2 }, "geometry": { "type": "Polygon", "coordinates": [ [ [ 136.994375927, 35.533541648 ], [ 136.994063926, 35.533541648 ], [ 136.994063926, 35.533749648 ], [ 136.994063927, 35.533957648 ], [ 136.994063927, 35.534166648 ], [ 136.994375929, 35.534166648 ], [ 136.994375928, 35.533957648 ], [ 136.994375928, 35.533749648 ], [ 136.994375927, 35.533541648 ] ] ] } },
{ "type": "Feature", "properties": { "A31a_301": "8505090066", "A31a_302": "津保川", "A31a_303": "21", "A31a_304": "岐阜県", "A31a_305": 2 }, "geometry": { "type": "Polygon", "coordinates": [ [ [ 136.994688926, 35.532707648 ], [ 136.994688926, 35.532499648 ], [ 136.994375924, 35.532499649 ], [ 136.994375924, 35.532291649 ], [ 136.994063922, 35.532291649 ], [ 136.994063923, 35.532499649 ], [ 136.994063923, 35.532707649 ], [ 136.994063924, 35.532916649 ], [ 136.994063925, 35.533124649 ], [ 136.994063925, 35.533332648 ], [ 136.994375927, 35.533332648 ], [ 136.994688928, 35.533332648 ], [ 136.994688927, 35.533124648 ], [ 136.994688927, 35.532916648 ], [ 136.994688926, 35.532707648 ] ] ] } },
{ "type": "Feature", "properties": { "A31a_301": "8505090066", "A31a_302": "津保川", "A31a_303": "21", "A31a_304": "岐阜県", "A31a_305": 2 }, "geometry": { "type": "Polygon", "coordinates": [ [ [ 136.99437592, 35.53062465 ], [ 136.994063918, 35.53062465 ], [ 136.994063919, 35.53083265 ], [ 136.994063919, 35.53104165 ], [ 136.99406392, 35.531249649 ], [ 136.99406392, 35.531457649 ], [ 136.994063921, 35.531666649 ], [ 136.994063921, 35.531874649 ], [ 136.994063922, 35.532082649 ], [ 136.994375923, 35.532082649 ], [ 136.994375923, 35.531874649 ], [ 136.994375922, 35.531666649 ], [ 136.994375922, 35.531457649 ], [ 136.994375921, 35.531249649 ], [ 136.994375921, 35.531041649 ], [ 136.99437592, 35.530832649 ], [ 136.99437592, 35.53062465 ] ] ] } },
{ "type": "Feature", "properties": { "A31a_301": "8505090066", "A31a_302": "津保川", "A31a_303": "21", "A31a_304": "岐阜県", "A31a_305": 2 }, "geometry": { "type": "Polygon", "coordinates": [ [ [ 136.993438916, 35.53083265 ], [ 136.993125915, 35.53083265 ], [ 136.993125915, 35.53104165 ], [ 136.993125916, 35.53124965 ], [ 136.993438917, 35.53124965 ], [ 136.993438916, 35.53104165 ], [ 136.993438916, 35.53083265 ] ] ] } },
{ "type": "Feature", "properties": { "A31a_301": "8505090066", "A31a_302": "津保川", "A31a_303": "21", "A31a_304": "岐阜県", "A31a_305": 2 }, "geometry": { "type": "Polygon", "coordinates": [ [ [ 136.993438915, 35.53041665 ], [ 136.993438914, 35.53020765 ], [ 136.993125913, 35.530207651 ], [ 136.993125913, 35.529999651 ], [ 136.992813911, 35.529999651 ], [ 136.99250091, 35.529999651 ], [ 136.99250091, 35.530207651 ], [ 136.992813912, 35.530207651 ], [ 136.992813912, 35.530416651 ], [ 136.993125914, 35.53041665 ], [ 136.993125914, 35.53062465 ], [ 136.993438915, 35.53062465 ], [ 136.993438915, 35.53041665 ] ] ] } },
{ "type": "Feature", "properties": { "A31a_301": "8505090066", "A31a_302": "津保川", "A31a_303": "21", "A31a_304": "岐阜県", "A31a_305": 2 }, "geometry": { "type": "Polygon", "coordinates": [ [ [ 136.9900009, 35.530416652 ], [ 136.990000899, 35.530207652 ], [ 136.989688898, 35.530207653 ], [ 136.989688898, 35.530416652 ], [ 136.9900009, 35.530416652 ] ] ] } },
{ "type": "Feature", "properties": { "A31a_301": "8505090066", "A31a_302": "津保川", "A31a_303": "21", "A31a_304": "岐阜県", "A31a_305": 2 }, "geometry": { "type": "Polygon", "coordinates": [ [ [ 136.994063917, 35.53020765 ], [ 136.994063918, 35.53041665 ], [ 136.994375919, 35.53041665 ], [ 136.994375919, 35.53020765 ], [ 136.994063917, 35.53020765 ] ] ] } },
{ "type": "Feature", "properties": { "A31a_301": "8505090066", "A31a_302": "津保川", "A31a_303": "21", "A31a_304": "岐阜県", "A31a_305": 2 }, "geometry": { "type": "Polygon", "coordinates": [ [ [ 136.994063917, 35.53020765 ], [ 136.994063917, 35.52999965 ], [ 136.994063916, 35.52979165 ], [ 136.993750915, 35.52979165 ], [ 136.993437913, 35.529791651 ], [ 136.993437914, 35.52999965 ], [ 136.993750915, 35.52999965 ], [ 136.993750916, 35.53020765 ], [ 136.994063917, 35.53020765 ] ] ] } },
{ "type": "Feature", "properties": { "A31a_301": "8505090066", "A31a_302": "津保川", "A31a_303": "21", "A31a_304": "岐阜県", "A31a_305": 2 }, "geometry": { "type": "Polygon", "coordinates": [ [ [ 136.988438892, 35.529999653 ], [ 136.988438891, 35.529791653 ], [ 136.98812589, 35.529791654 ], [ 136.988125891, 35.529999654 ], [ 136.988438892, 35.529999653 ] ] ] } },
{ "type": "Feature", "properties": { "A31a_301": "8505090066", "A31a_302": "津保川", "A31a_303": "21", "A31a_304": "岐阜県", "A31a_305": 2 }, "geometry": { "type": "Polygon", "coordinates": [ [ [ 136.990000898, 35.529791653 ], [ 136.9903139, 35.529791652 ], [ 136.990625901, 35.529791652 ], [ 136.990938902, 35.529791652 ], [ 136.991250904, 35.529791652 ], [ 136.991250903, 35.529582652 ], [ 136.991563905, 35.529582652 ], [ 136.991563904, 35.529374652 ], [ 136.991250903, 35.529374652 ], [ 136.990938901, 35.529374652 ], [ 136.9906259, 35.529374652 ], [ 136.990313899, 35.529374653 ], [ 136.990000897, 35.529374653 ], [ 136.989688896, 35.529374653 ], [ 136.989688896, 35.529582653 ], [ 136.989375895, 35.529582653 ], [ 136.989375896, 35.529791653 ], [ 136.989688897, 35.529791653 ], [ 136.990000898, 35.529791653 ] ] ] } },
{ "type": "Feature", "properties": { "A31a_301": "8505090066", "A31a_302": "津保川", "A31a_303": "21", "A31a_304": "岐阜県", "A31a_305": 2 }, "geometry": { "type": "Polygon", "coordinates": [ [ [ 136.987500886, 35.529166654 ], [ 136.987188885, 35.529166654 ], [ 136.987188885, 35.529374654 ], [ 136.987500887, 35.529374654 ], [ 136.987500886, 35.529166654 ] ] ] } },
{ "type": "Feature", "properties": { "A31a_301": "8505090066", "A31a_302": "津保川", "A31a_303": "21", "A31a_304": "岐阜県", "A31a_305": 2 }, "geometry": { "type": "Polygon", "coordinates": [ [ [ 136.98843889, 35.528957654 ], [ 136.988125888, 35.528957654 ], [ 136.988125889, 35.529166654 ], [ 136.98843889, 35.529166654 ], [ 136.98843889, 35.528957654 ] ] ] } },
{ "type": "Feature", "properties": { "A31a_301": "8505090066", "A31a_302": "津保川", "A31a_303": "21", "A31a_304": "岐阜県", "A31a_305": 2 }, "geometry": { "type": "Polygon", "coordinates": [ [ [ 136.986250879, 35.528749655 ], [ 136.98625088, 35.528957655 ], [ 136.986562881, 35.528957655 ], [ 136.986562881, 35.528749655 ], [ 136.986250879, 35.528749655 ] ] ] } },
{ "type": "Feature", "properties": { "A31a_301": "8505090066", "A31a_302": "津保川", "A31a_303": "21", "A31a_304": "岐阜県", "A31a_305": 2 }, "geometry": { "type": "Polygon", "coordinates": [ [ [ 136.986250879, 35.528749655 ], [ 136.986250879, 35.528541655 ], [ 136.985938877, 35.528541656 ], [ 136.985938878, 35.528749656 ], [ 136.986250879, 35.528749655 ] ] ] } },
{ "type": "Feature", "properties": { "A31a_301": "8505090066", "A31a_302": "津保川", "A31a_303": "21", "A31a_304": "岐阜県", "A31a_305": 2 }, "geometry": { "type": "Polygon", "coordinates": [ [ [ 136.986562879, 35.527916655 ], [ 136.986562879, 35.527707655 ], [ 136.98687588, 35.527707655 ], [ 136.98687588, 35.527499655 ], [ 136.986875879, 35.527291655 ], [ 136.986875879, 35.527082655 ], [ 136.986562878, 35.527082656 ], [ 136.986562878, 35.527291656 ], [ 136.986250876, 35.527291656 ], [ 136.986250877, 35.527499656 ], [ 136.986250877, 35.527707656 ], [ 136.986250878, 35.527916656 ], [ 136.986250878, 35.528124656 ], [ 136.98656288, 35.528124655 ], [ 136.986562879, 35.527916655 ] ] ] } },
{ "type": "Feature", "properties": { "A31a_301": "8505090066", "A31a_302": "津保川", "A31a_303": "21", "A31a_304": "岐阜県", "A31a_305": 2 }, "geometry": { "type": "Polygon", "coordinates": [ [ [ 136.987500877, 35.524791656 ], [ 136.987500877, 35.524582656 ], [ 136.987500876, 35.524374656 ], [ 136.987500876, 35.524166656 ], [ 136.987500875, 35.523957656 ], [ 136.987813877, 35.523957656 ], [ 136.987813876, 35.523749656 ], [ 136.987813876, 35.523541656 ], [ 136.987813875, 35.523332656 ], [ 136.987813875, 35.523124656 ], [ 136.987813874, 35.522916656 ], [ 136.987813874, 35.522707656 ], [ 136.987813873, 35.522499656 ], [ 136.987813873, 35.522291656 ], [ 136.987813872, 35.522082656 ], [ 136.987500871, 35.522082657 ], [ 136.98750087, 35.521874657 ], [ 136.98750087, 35.521666657 ], [ 136.987188869, 35.521666657 ], [ 136.987188868, 35.521457657 ], [ 136.987188868, 35.521249657 ], [ 136.987188867, 35.521041657 ], [ 136.987188867, 35.520832657 ], [ 136.986875865, 35.520832657 ], [ 136.986875865, 35.520624657 ], [ 136.986875864, 35.520416658 ], [ 136.986875864, 35.520207658 ], [ 136.986875863, 35.519999658 ], [ 136.986875863, 35.519791658 ], [ 136.986562862, 35.519791658 ], [ 136.986562862, 35.519999658 ], [ 136.986250861, 35.519999658 ], [ 136.986250861, 35.520207658 ], [ 136.986250862, 35.520416658 ], [ 136.986562863, 35.520416658 ], [ 136.986562863, 35.520624658 ], [ 136.986562864, 35.520832658 ], [ 136.986562864, 35.521041658 ], [ 136.986250863, 35.521041658 ], [ 136.986250863, 35.521249658 ], [ 136.986250864, 35.521457658 ], [ 136.986250864, 35.521666658 ], [ 136.986562866, 35.521666657 ], [ 136.986562866, 35.521874657 ], [ 136.986562867, 35.522082657 ], [ 136.986562867, 35.522291657 ], [ 136.986875869, 35.522291657 ], [ 136.986875869, 35.522499657 ], [ 136.987188871, 35.522499657 ], [ 136.987500872, 35.522499656 ], [ 136.987500872, 35.522707656 ], [ 136.987500873, 35.522916656 ], [ 136.987500873, 35.523124656 ], [ 136.987500874, 35.523332656 ], [ 136.987500874, 35.523541656 ], [ 136.987500875, 35.523749656 ], [ 136.987188873, 35.523749656 ], [ 136.987188874, 35.523957656 ], [ 136.987188874, 35.524166656 ], [ 136.987188875, 35.524374656 ], [ 136.986875873, 35.524374656 ], [ 136.986875874, 35.524582656 ], [ 136.986875874, 35.524791656 ], [ 136.986875875, 35.524999656 ], [ 136.986562873, 35.524999656 ], [ 136.986562874, 35.525207656 ], [ 136.986562874, 35.525416656 ], [ 136.986250873, 35.525416657 ], [ 136.985938871, 35.525416657 ], [ 136.98562587, 35.525416657 ], [ 136.98562587, 35.525624657 ], [ 136.985625871, 35.525832657 ], [ 136.985625871, 35.526041657 ], [ 136.985938873, 35.526041657 ], [ 136.985938873, 35.526249657 ], [ 136.985938873, 35.526457656 ], [ 136.985938874, 35.526666656 ], [ 136.985938874, 35.526874656 ], [ 136.986250876, 35.526874656 ], [ 136.986250875, 35.526666656 ], [ 136.986562877, 35.526666656 ], [ 136.986562876, 35.526457656 ], [ 136.986562876, 35.526249656 ], [ 136.986562875, 35.526041656 ], [ 136.986875877, 35.526041656 ], [ 136.986875877, 35.525832656 ], [ 136.986875876, 35.525624656 ], [ 136.986875876, 35.525416656 ], [ 136.987188877, 35.525416656 ], [ 136.987188877, 35.525207656 ], [ 136.987188876, 35.524999656 ], [ 136.987188876, 35.524791656 ], [ 136.987500877, 35.524791656 ] ] ] } },
{ "type": "Feature", "properties": { "A31a_301": "8505090066", "A31a_302": "津保川", "A31a_303": "21", "A31a_304": "岐阜県", "A31a_305": 2 }, "geometry": { "type": "Polygon", "coordinates": [ [ [ 136.98718888, 35.526666655 ], [ 136.987188879, 35.526457655 ], [ 136.986875878, 35.526457656 ], [ 136.986875878, 35.526666656 ], [ 136.98718888, 35.526666655 ] ] ] } },
{ "type": "Feature", "properties": { "A31a_301": "8505090066", "A31a_302": "津保川", "A31a_303": "21", "A31a_304": "岐阜県", "A31a_305": 2 }, "geometry": { "type": "Polygon", "coordinates": [ [ [ 136.987500879, 35.525624655 ], [ 136.987188878, 35.525624656 ], [ 136.987188878, 35.525832656 ], [ 136.987500879, 35.525832655 ], [ 136.987500879, 35.525624655 ] ] ] } },
{ "type": "Feature", "properties": { "A31a_301": "8505090066", "A31a_302": "津保川", "A31a_303": "21", "A31a_304": "岐阜県", "A31a_305": 2 }, "geometry": { "type": "Polygon", "coordinates": [ [ [ 136.987500879, 35.525624655 ], [ 136.98781388, 35.525624655 ], [ 136.98781388, 35.525416655 ], [ 136.987500879, 35.525416655 ], [ 136.987500879, 35.525624655 ] ] ] } },
{ "type": "Feature", "properties": { "A31a_301": "8505090066", "A31a_302": "津保川", "A31a_303": "21", "A31a_304": "岐阜県", "A31a_305": 2 }, "geometry": { "type": "Polygon", "coordinates": [ [ [ 136.987500877, 35.524791656 ], [ 136.987500878, 35.524999656 ], [ 136.987813879, 35.524999655 ], [ 136.987813879, 35.524791655 ], [ 136.987500877, 35.524791656 ] ] ] } },
{ "type": "Feature", "properties": { "A31a_301": "8505090066", "A31a_302": "津保川", "A31a_303": "21", "A31a_304": "岐阜県", "A31a_305": 2 }, "geometry": { "type": "Polygon", "coordinates": [ [ [ 136.988438875, 35.522291656 ], [ 136.988438876, 35.522499656 ], [ 136.988750877, 35.522499656 ], [ 136.988750876, 35.522291656 ], [ 136.988438875, 35.522291656 ] ] ] } },
{ "type": "Feature", "properties": { "A31a_301": "8505090066", "A31a_302": "津保川", "A31a_303": "21", "A31a_304": "岐阜県", "A31a_305": 2 }, "geometry": { "type": "Polygon", "coordinates": [ [ [ 136.988438875, 35.522291656 ], [ 136.988438875, 35.522082656 ], [ 136.988438874, 35.521874656 ], [ 136.988125873, 35.521874656 ], [ 136.988125873, 35.522082656 ], [ 136.988125874, 35.522291656 ], [ 136.988438875, 35.522291656 ] ] ] } },
{ "type": "Feature", "properties": { "A31a_301": "8505090066", "A31a_302": "津保川", "A31a_303": "21", "A31a_304": "岐阜県", "A31a_305": 2 }, "geometry": { "type": "Polygon", "coordinates": [ [ [ 136.987813868, 35.520416657 ], [ 136.987500867, 35.520416657 ], [ 136.987500868, 35.520624657 ], [ 136.987500868, 35.520832657 ], [ 136.987500869, 35.521041657 ], [ 136.98781387, 35.521041657 ], [ 136.98781387, 35.521249657 ], [ 136.987813871, 35.521457657 ], [ 136.988125872, 35.521457656 ], [ 136.988125871, 35.521249657 ], [ 136.988125871, 35.521041657 ], [ 136.98812587, 35.520832657 ], [ 136.987813869, 35.520832657 ], [ 136.987813869, 35.520624657 ], [ 136.987813868, 35.520416657 ] ] ] } },
{ "type": "Feature", "properties": { "A31a_301": "8505090066", "A31a_302": "津保川", "A31a_303": "21", "A31a_304": "岐阜県", "A31a_305": 2 }, "geometry": { "type": "Polygon", "coordinates": [ [ [ 136.988125868, 35.519999657 ], [ 136.988125869, 35.520207657 ], [ 136.988125869, 35.520416657 ], [ 136.98843887, 35.520416657 ], [ 136.988438871, 35.520624657 ], [ 136.988750872, 35.520624656 ], [ 136.988750872, 35.520416657 ], [ 136.989063873, 35.520416656 ], [ 136.989063872, 35.520207656 ], [ 136.988750871, 35.520207657 ], [ 136.988750871, 35.519999657 ], [ 136.988438869, 35.519999657 ], [ 136.988125868, 35.519999657 ] ] ] } },
{ "type": "Feature", "properties": { "A31a_301": "8505090066", "A31a_302": "津保川", "A31a_303": "21", "A31a_304": "岐阜県", "A31a_305": 2 }, "geometry": { "type": "Polygon", "coordinates": [ [ [ 136.987500866, 35.519999657 ], [ 136.987188865, 35.519999657 ], [ 136.987188865, 35.520207657 ], [ 136.987500867, 35.520207657 ], [ 136.987500866, 35.519999657 ] ] ] } },
{ "type": "Feature", "properties": { "A31a_301": "8505090066", "A31a_302": "津保川", "A31a_303": "21", "A31a_304": "岐阜県", "A31a_305": 2 }, "geometry": { "type": "Polygon", "coordinates": [ [ [ 136.988125868, 35.519999657 ], [ 136.988125868, 35.519791657 ], [ 136.987813867, 35.519791657 ], [ 136.987813867, 35.519999657 ], [ 136.988125868, 35.519999657 ] ] ] } },
{ "type": "Feature", "properties": { "A31a_301": "8505090066", "A31a_302": "津保川", "A31a_303": "21", "A31a_304": "岐阜県", "A31a_305": 2 }, "geometry": { "type": "Polygon", "coordinates": [ [ [ 136.988438867, 35.518957657 ], [ 136.988438866, 35.518749657 ], [ 136.988125865, 35.518749657 ], [ 136.988125866, 35.518957657 ], [ 136.987813865, 35.518957657 ], [ 136.987813865, 35.519166657 ], [ 136.988125866, 35.519166657 ], [ 136.988125867, 35.519374657 ], [ 136.988438868, 35.519374657 ], [ 136.988438867, 35.519166657 ], [ 136.988438867, 35.518957657 ] ] ] } },
{ "type": "Feature", "properties": { "A31a_301": "8505090066", "A31a_302": "津保川", "A31a_303": "21", "A31a_304": "岐阜県", "A31a_305": 2 }, "geometry": { "type": "Polygon", "coordinates": [ [ [ 136.9731258, 35.518957669 ], [ 136.973438802, 35.518957668 ], [ 136.973750803, 35.518957668 ], [ 136.974063805, 35.518957668 ], [ 136.974375806, 35.518957667 ], [ 136.974375806, 35.518749667 ], [ 136.974063805, 35.518749668 ], [ 136.973750803, 35.518749668 ], [ 136.973438802, 35.518749668 ], [ 136.973438801, 35.518541668 ], [ 136.9731258, 35.518541669 ], [ 136.9731258, 35.518749669 ], [ 136.9731258, 35.518957669 ] ] ] } },
{ "type": "Feature", "properties": { "A31a_301": "8505090066", "A31a_302": "津保川", "A31a_303": "21", "A31a_304": "岐阜県", "A31a_305": 2 }, "geometry": { "type": "Polygon", "coordinates": [ [ [ 136.972188795, 35.51833267 ], [ 136.972188795, 35.51854167 ], [ 136.972500797, 35.518541669 ], [ 136.972500796, 35.518332669 ], [ 136.972188795, 35.51833267 ] ] ] } },
{ "type": "Feature", "properties": { "A31a_301": "8505090066", "A31a_302": "津保川", "A31a_303": "21", "A31a_304": "岐阜県", "A31a_305": 2 }, "geometry": { "type": "Polygon", "coordinates": [ [ [ 136.972188795, 35.51833267 ], [ 136.972188795, 35.51812467 ], [ 136.972188794, 35.51791667 ], [ 136.971875793, 35.51791667 ], [ 136.971875793, 35.51812467 ], [ 136.971875793, 35.51833267 ], [ 136.972188795, 35.51833267 ] ] ] } },
{ "type": "Feature", "properties": { "A31a_301": "8505090066", "A31a_302": "津保川", "A31a_303": "21", "A31a_304": "岐阜県", "A31a_305": 2 }, "geometry": { "type": "Polygon", "coordinates": [ [ [ 136.987813862, 35.517916658 ], [ 136.987500861, 35.517916658 ], [ 136.987500862, 35.518124658 ], [ 136.987500862, 35.518332658 ], [ 136.987813863, 35.518332658 ], [ 136.987813863, 35.518124658 ], [ 136.987813862, 35.517916658 ] ] ] } },
{ "type": "Feature", "properties": { "A31a_301": "8505090066", "A31a_302": "津保川", "A31a_303": "21", "A31a_304": "岐阜県", "A31a_305": 2 }, "geometry": { "type": "Polygon", "coordinates": [ [ [ 136.971563791, 35.51770767 ], [ 136.971563791, 35.51749967 ], [ 136.971250789, 35.517499671 ], [ 136.97125079, 35.517707671 ], [ 136.97125079, 35.517916671 ], [ 136.97125079, 35.518124671 ], [ 136.971563792, 35.51812467 ], [ 136.971563791, 35.51791667 ], [ 136.971563791, 35.51770767 ] ] ] } },
{ "type": "Feature", "properties": { "A31a_301": "8505090066", "A31a_302": "津保川", "A31a_303": "21", "A31a_304": "岐阜県", "A31a_305": 2 }, "geometry": { "type": "Polygon", "coordinates": [ [ [ 136.979375826, 35.517707664 ], [ 136.979062825, 35.517707664 ], [ 136.979062825, 35.517916664 ], [ 136.979375826, 35.517916664 ], [ 136.979375826, 35.517707664 ] ] ] } },
{ "type": "Feature", "properties": { "A31a_301": "8505090066", "A31a_302": "津保川", "A31a_303": "21", "A31a_304": "岐阜県", "A31a_305": 2 }, "geometry": { "type": "Polygon", "coordinates": [ [ [ 136.978438822, 35.517707664 ], [ 136.978438822, 35.517499664 ], [ 136.97812582, 35.517499665 ], [ 136.978125821, 35.517707664 ], [ 136.978438822, 35.517707664 ] ] ] } },
{ "type": "Feature", "properties": { "A31a_301": "8505090066", "A31a_302": "津保川", "A31a_303": "21", "A31a_304": "岐阜県", "A31a_305": 2 }, "geometry": { "type": "Polygon", "coordinates": [ [ [ 136.986875857, 35.517291659 ], [ 136.986875858, 35.517499658 ], [ 136.986875858, 35.517707658 ], [ 136.987188859, 35.517707658 ], [ 136.987188859, 35.517499658 ], [ 136.987188858, 35.517291658 ], [ 136.986875857, 35.517291659 ] ] ] } },
{ "type": "Feature", "properties": { "A31a_301": "8505090066", "A31a_302": "津保川", "A31a_303": "21", "A31a_304": "岐阜県", "A31a_305": 2 }, "geometry": { "type": "Polygon", "coordinates": [ [ [ 136.971875792, 35.51708267 ], [ 136.97156379, 35.51708267 ], [ 136.97156379, 35.51729167 ], [ 136.971875792, 35.51729167 ], [ 136.971875792, 35.51708267 ] ] ] } },
{ "type": "Feature", "properties": { "A31a_301": "8505090066", "A31a_302": "津保川", "A31a_303": "21", "A31a_304": "岐阜県", "A31a_305": 2 }, "geometry": { "type": "Polygon", "coordinates": [ [ [ 136.986875857, 35.517291659 ], [ 136.986875857, 35.517082659 ], [ 136.986562855, 35.517082659 ], [ 136.986562856, 35.517291659 ], [ 136.986875857, 35.517291659 ] ] ] } },
{ "type": "Feature", "properties": { "A31a_301": "8505090066", "A31a_302": "津保川", "A31a_303": "21", "A31a_304": "岐阜県", "A31a_305": 2 }, "geometry": { "type": "Polygon", "coordinates": [ [ [ 136.972500795, 35.517082669 ], [ 136.972500794, 35.516874669 ], [ 136.972188793, 35.51687467 ], [ 136.972188793, 35.51708267 ], [ 136.972500795, 35.517082669 ] ] ] } },
{ "type": "Feature", "properties": { "A31a_301": "8505090066", "A31a_302": "津保川", "A31a_303": "21", "A31a_304": "岐阜県", "A31a_305": 2 }, "geometry": { "type": "Polygon", "coordinates": [ [ [ 136.971563787, 35.51520767 ], [ 136.971250786, 35.51520767 ], [ 136.971250786, 35.51541667 ], [ 136.971250787, 35.51562467 ], [ 136.971250787, 35.515832671 ], [ 136.971250787, 35.516041671 ], [ 136.971250787, 35.516249671 ], [ 136.970938786, 35.516249671 ], [ 136.970938786, 35.516457671 ], [ 136.971250788, 35.516457671 ], [ 136.971250788, 35.516666671 ], [ 136.971250788, 35.516874671 ], [ 136.97156379, 35.51687467 ], [ 136.97156379, 35.51666667 ], [ 136.971563789, 35.51645767 ], [ 136.971563789, 35.51624967 ], [ 136.971563789, 35.51604167 ], [ 136.971563788, 35.51583267 ], [ 136.971563788, 35.51562467 ], [ 136.971563788, 35.51541667 ], [ 136.971563787, 35.51520767 ] ] ] } },
{ "type": "Feature", "properties": { "A31a_301": "8505090066", "A31a_302": "津保川", "A31a_303": "21", "A31a_304": "岐阜県", "A31a_305": 2 }, "geometry": { "type": "Polygon", "coordinates": [ [ [ 136.982188836, 35.516666662 ], [ 136.982187836, 35.516666662 ], [ 136.981875835, 35.516666662 ], [ 136.981562833, 35.516666662 ], [ 136.981562834, 35.516874662 ], [ 136.981875835, 35.516874662 ], [ 136.982188836, 35.516874662 ], [ 136.982188836, 35.516666662 ] ] ] } },
{ "type": "Feature", "properties": { "A31a_301": "8505090066", "A31a_302": "津保川", "A31a_303": "21", "A31a_304": "岐阜県", "A31a_305": 2 }, "geometry": { "type": "Polygon", "coordinates": [ [ [ 136.982188836, 35.516666662 ], [ 136.982500837, 35.516666662 ], [ 136.982500837, 35.516457662 ], [ 136.982188835, 35.516457662 ], [ 136.982188836, 35.516666662 ] ] ] } },
{ "type": "Feature", "properties": { "A31a_301": "8505090066", "A31a_302": "津保川", "A31a_303": "21", "A31a_304": "岐阜県", "A31a_305": 2 }, "geometry": { "type": "Polygon", "coordinates": [ [ [ 136.985000847, 35.51645766 ], [ 136.984688846, 35.51645766 ], [ 136.984688846, 35.51666666 ], [ 136.985000848, 35.51666666 ], [ 136.985000847, 35.51645766 ] ] ] } },
{ "type": "Feature", "properties": { "A31a_301": "8505090066", "A31a_302": "津保川", "A31a_303": "21", "A31a_304": "岐阜県", "A31a_305": 2 }, "geometry": { "type": "Polygon", "coordinates": [ [ [ 136.982188835, 35.516041662 ], [ 136.981875833, 35.516041662 ], [ 136.981875834, 35.516249662 ], [ 136.982188835, 35.516249662 ], [ 136.982188835, 35.516041662 ] ] ] } },
{ "type": "Feature", "properties": { "A31a_301": "8505090066", "A31a_302": "津保川", "A31a_303": "21", "A31a_304": "岐阜県", "A31a_305": 2 }, "geometry": { "type": "Polygon", "coordinates": [ [ [ 136.972500792, 35.515624669 ], [ 136.972188791, 35.515624669 ], [ 136.972188791, 35.51583267 ], [ 136.972500793, 35.515832669 ], [ 136.972500792, 35.515624669 ] ] ] } },
{ "type": "Feature", "properties": { "A31a_301": "8505090066", "A31a_302": "津保川", "A31a_303": "21", "A31a_304": "岐阜県", "A31a_305": 2 }, "geometry": { "type": "Polygon", "coordinates": [ [ [ 136.971563787, 35.51520767 ], [ 136.971875789, 35.51520767 ], [ 136.971875789, 35.51499967 ], [ 136.971875788, 35.51479167 ], [ 136.971875788, 35.514582669 ], [ 136.971875788, 35.514374669 ], [ 136.971563786, 35.51437467 ], [ 136.971563787, 35.51458267 ], [ 136.971563787, 35.51479167 ], [ 136.971563787, 35.51499967 ], [ 136.971563787, 35.51520767 ] ] ] } },
{ "type": "Feature", "properties": { "A31a_301": "8505090066", "A31a_302": "津保川", "A31a_303": "21", "A31a_304": "岐阜県", "A31a_305": 2 }, "geometry": { "type": "Polygon", "coordinates": [ [ [ 136.972500791, 35.514791669 ], [ 136.972500791, 35.514999669 ], [ 136.972813793, 35.514999669 ], [ 136.972813793, 35.514791668 ], [ 136.972500791, 35.514791669 ] ] ] } },
{ "type": "Feature", "properties": { "A31a_301": "8505090066", "A31a_302": "津保川", "A31a_303": "21", "A31a_304": "岐阜県", "A31a_305": 2 }, "geometry": { "type": "Polygon", "coordinates": [ [ [ 136.972500791, 35.514791669 ], [ 136.972500791, 35.514582669 ], [ 136.972188789, 35.514582669 ], [ 136.97218879, 35.514791669 ], [ 136.972500791, 35.514791669 ] ] ] } },
{ "type": "Feature", "properties": { "A31a_301": "8505090066", "A31a_302": "津保川", "A31a_303": "21", "A31a_304": "岐阜県", "A31a_305": 2 }, "geometry": { "type": "Polygon", "coordinates": [ [ [ 136.972188788, 35.513749669 ], [ 136.971875787, 35.513749669 ], [ 136.971875787, 35.513957669 ], [ 136.971875787, 35.514166669 ], [ 136.972188789, 35.514166669 ], [ 136.972188789, 35.513957669 ], [ 136.972188788, 35.513749669 ] ] ] } },
{ "type": "Feature", "properties": { "A31a_301": "8505090066", "A31a_302": "津保川", "A31a_303": "21", "A31a_304": "岐阜県", "A31a_305": 2 }, "geometry": { "type": "Polygon", "coordinates": [ [ [ 136.973438793, 35.513541667 ], [ 136.973438793, 35.513332667 ], [ 136.973125792, 35.513332668 ], [ 136.97281379, 35.513332668 ], [ 136.972813791, 35.513541668 ], [ 136.972813791, 35.513749668 ], [ 136.973125792, 35.513749668 ], [ 136.973438794, 35.513749667 ], [ 136.973438793, 35.513541667 ] ] ] } },
{ "type": "Feature", "properties": { "A31a_301": "8505090066", "A31a_302": "津保川", "A31a_303": "21", "A31a_304": "岐阜県", "A31a_305": 2 }, "geometry": { "type": "Polygon", "coordinates": [ [ [ 136.972500789, 35.513332668 ], [ 136.972500789, 35.513124668 ], [ 136.972188787, 35.513124669 ], [ 136.972188788, 35.513332669 ], [ 136.972188788, 35.513541669 ], [ 136.972500789, 35.513541668 ], [ 136.972500789, 35.513332668 ] ] ] } },
{ "type": "Feature", "properties": { "A31a_301": "8505090066", "A31a_302": "津保川", "A31a_303": "21", "A31a_304": "岐阜県", "A31a_305": 2 }, "geometry": { "type": "Polygon", "coordinates": [ [ [ 136.981250818, 35.510207661 ], [ 136.980937817, 35.510207662 ], [ 136.980937817, 35.510416662 ], [ 136.980937818, 35.510624662 ], [ 136.980625817, 35.510624662 ], [ 136.980312815, 35.510624662 ], [ 136.980000814, 35.510624662 ], [ 136.979688813, 35.510624662 ], [ 136.979687813, 35.510624662 ], [ 136.979375812, 35.510624662 ], [ 136.979062811, 35.510624663 ], [ 136.979062811, 35.510832663 ], [ 136.979375812, 35.510832662 ], [ 136.979687813, 35.510832662 ], [ 136.979688813, 35.510832662 ], [ 136.980000815, 35.510832662 ], [ 136.980000815, 35.511041662 ], [ 136.980312816, 35.511041662 ], [ 136.980625817, 35.511041662 ], [ 136.980625817, 35.510832662 ], [ 136.980937818, 35.510832662 ], [ 136.980938818, 35.510832662 ], [ 136.981250819, 35.510832662 ], [ 136.981250819, 35.510624661 ], [ 136.981250818, 35.510416661 ], [ 136.981250818, 35.510207661 ] ] ] } },
{ "type": "Feature", "properties": { "A31a_301": "8505090066", "A31a_302": "津保川", "A31a_303": "21", "A31a_304": "岐阜県", "A31a_305": 2 }, "geometry": { "type": "Polygon", "coordinates": [ [ [ 136.976562801, 35.510207664 ], [ 136.976562801, 35.510416664 ], [ 136.976875802, 35.510416664 ], [ 136.977187803, 35.510416663 ], [ 136.977188803, 35.510416663 ], [ 136.977500804, 35.510416663 ], [ 136.977500804, 35.510207663 ], [ 136.977188803, 35.510207663 ], [ 136.977187803, 35.510207663 ], [ 136.976875802, 35.510207664 ], [ 136.976562801, 35.510207664 ] ] ] } },
{ "type": "Feature", "properties": { "A31a_301": "8505090066", "A31a_302": "津保川", "A31a_303": "21", "A31a_304": "岐阜県", "A31a_305": 2 }, "geometry": { "type": "Polygon", "coordinates": [ [ [ 136.976562801, 35.510207664 ], [ 136.9765628, 35.509999664 ], [ 136.976250799, 35.509999664 ], [ 136.976250799, 35.510207664 ], [ 136.976562801, 35.510207664 ] ] ] } },
{ "type": "Feature", "properties": { "A31a_301": "8505090066", "A31a_302": "津保川", "A31a_303": "21", "A31a_304": "岐阜県", "A31a_305": 2 }, "geometry": { "type": "Polygon", "coordinates": [ [ [ 136.981250818, 35.510207661 ], [ 136.981562819, 35.510207661 ], [ 136.981562819, 35.509999661 ], [ 136.981250818, 35.509999661 ], [ 136.981250818, 35.510207661 ] ] ] } },
{ "type": "Feature", "properties": { "A31a_301": "8505090066", "A31a_302": "津保川", "A31a_303": "21", "A31a_304": "岐阜県", "A31a_305": 2 }, "geometry": { "type": "Polygon", "coordinates": [ [ [ 136.975625796, 35.509791664 ], [ 136.975313795, 35.509791664 ], [ 136.975313796, 35.509999664 ], [ 136.975625797, 35.509999664 ], [ 136.975625796, 35.509791664 ] ] ] } },
{ "type": "Feature", "properties": { "A31a_301": "8505090066", "A31a_302": "津保川", "A31a_303": "21", "A31a_304": "岐阜県", "A31a_305": 2 }, "geometry": { "type": "Polygon", "coordinates": [ [ [ 136.976250798, 35.509582664 ], [ 136.975937797, 35.509582664 ], [ 136.975937798, 35.509791664 ], [ 136.976250799, 35.509791664 ], [ 136.976250798, 35.509582664 ] ] ] } },
{ "type": "Feature", "properties": { "A31a_301": "8505090066", "A31a_302": "津保川", "A31a_303": "21", "A31a_304": "岐阜県", "A31a_305": 2 }, "geometry": { "type": "Polygon", "coordinates": [ [ [ 136.981875819, 35.509582661 ], [ 136.981562818, 35.509582661 ], [ 136.981562818, 35.509791661 ], [ 136.981875819, 35.509791661 ], [ 136.981875819, 35.509582661 ] ] ] } },
{ "type": "Feature", "properties": { "A31a_301": "8505090066", "A31a_302": "津保川", "A31a_303": "21", "A31a_304": "岐阜県", "A31a_305": 2 }, "geometry": { "type": "Polygon", "coordinates": [ [ [ 136.981875819, 35.509582661 ], [ 136.98218882, 35.509582661 ], [ 136.98218882, 35.509374661 ], [ 136.982500821, 35.509374661 ], [ 136.98250082, 35.509166661 ], [ 136.982188819, 35.509166661 ], [ 136.982187819, 35.509166661 ], [ 136.981875818, 35.509166661 ], [ 136.981875818, 35.509374661 ], [ 136.981875819, 35.509582661 ] ] ] } },
{ "type": "Feature", "properties": { "A31a_301": "8505090066", "A31a_302": "津保川", "A31a_303": "21", "A31a_304": "岐阜県", "A31a_305": 2 }, "geometry": { "type": "Polygon", "coordinates": [ [ [ 136.984062824, 35.50812466 ], [ 136.983750822, 35.50812466 ], [ 136.983750823, 35.50833266 ], [ 136.984062824, 35.50833266 ], [ 136.984062824, 35.50812466 ] ] ] } },
{ "type": "Feature", "properties": { "A31a_301": "8505090066", "A31a_302": "津保川", "A31a_303": "21", "A31a_304": "岐阜県", "A31a_305": 2 }, "geometry": { "type": "Polygon", "coordinates": [ [ [ 136.984062823, 35.50770766 ], [ 136.983750822, 35.50770766 ], [ 136.983750822, 35.50791666 ], [ 136.984062823, 35.50791666 ], [ 136.984375824, 35.50791666 ], [ 136.984375824, 35.50770766 ], [ 136.984062823, 35.50770766 ] ] ] } },
{ "type": "Feature", "properties": { "A31a_301": "8505090066", "A31a_302": "津保川", "A31a_303": "21", "A31a_304": "岐阜県", "A31a_305": 2 }, "geometry": { "type": "Polygon", "coordinates": [ [ [ 136.967813753, 35.499791666 ], [ 136.967813753, 35.499999666 ], [ 136.968125755, 35.499999666 ], [ 136.968125754, 35.499791665 ], [ 136.967813753, 35.499791666 ] ] ] } },
{ "type": "Feature", "properties": { "A31a_301": "8505090066", "A31a_302": "津保川", "A31a_303": "21", "A31a_304": "岐阜県", "A31a_305": 2 }, "geometry": { "type": "Polygon", "coordinates": [ [ [ 136.967500752, 35.499582666 ], [ 136.967500752, 35.499791666 ], [ 136.967813753, 35.499791666 ], [ 136.967813753, 35.499582665 ], [ 136.967500752, 35.499582666 ] ] ] } },
{ "type": "Feature", "properties": { "A31a_301": "8505090066", "A31a_302": "津保川", "A31a_303": "21", "A31a_304": "岐阜県", "A31a_305": 2 }, "geometry": { "type": "Polygon", "coordinates": [ [ [ 136.967500752, 35.499582666 ], [ 136.967500752, 35.499374665 ], [ 136.96718775, 35.499374666 ], [ 136.967187751, 35.499582666 ], [ 136.967500752, 35.499582666 ] ] ] } },
{ "type": "Feature", "properties": { "A31a_301": "8505090066", "A31a_302": "津保川", "A31a_303": "21", "A31a_304": "岐阜県", "A31a_305": 2 }, "geometry": { "type": "Polygon", "coordinates": [ [ [ 136.967500751, 35.498957665 ], [ 136.96718775, 35.498957665 ], [ 136.96718775, 35.499166665 ], [ 136.967500751, 35.499166665 ], [ 136.967500751, 35.498957665 ] ] ] } },
{ "type": "Feature", "properties": { "A31a_301": "8505090066", "A31a_302": "津保川", "A31a_303": "21", "A31a_304": "岐阜県", "A31a_305": 2 }, "geometry": { "type": "Polygon", "coordinates": [ [ [ 136.965625743, 35.497707665 ], [ 136.965625743, 35.497499665 ], [ 136.965313742, 35.497499665 ], [ 136.965313742, 35.497707665 ], [ 136.965000741, 35.497707665 ], [ 136.965000741, 35.497916666 ], [ 136.965000741, 35.498124666 ], [ 136.965000741, 35.498332666 ], [ 136.965313743, 35.498332666 ], [ 136.965313743, 35.498541666 ], [ 136.965313743, 35.498749666 ], [ 136.965625744, 35.498749666 ], [ 136.965938745, 35.498749666 ], [ 136.965938745, 35.498541666 ], [ 136.965938745, 35.498332665 ], [ 136.965938745, 35.498124665 ], [ 136.965938745, 35.497916665 ], [ 136.965625743, 35.497916665 ], [ 136.965625743, 35.497707665 ] ] ] } },
{ "type": "Feature", "properties": { "A31a_301": "8505090066", "A31a_302": "津保川", "A31a_303": "21", "A31a_304": "岐阜県", "A31a_305": 2 }, "geometry": { "type": "Polygon", "coordinates": [ [ [ 136.966875748, 35.498332665 ], [ 136.966875749, 35.498541665 ], [ 136.966875749, 35.498749665 ], [ 136.96718875, 35.498749665 ], [ 136.96718875, 35.498541665 ], [ 136.96718875, 35.498332665 ], [ 136.966875748, 35.498332665 ] ] ] } },
{ "type": "Feature", "properties": { "A31a_301": "8505090066", "A31a_302": "津保川", "A31a_303": "21", "A31a_304": "岐阜県", "A31a_305": 2 }, "geometry": { "type": "Polygon", "coordinates": [ [ [ 136.966875748, 35.498332665 ], [ 136.966875748, 35.498124665 ], [ 136.966875748, 35.497916664 ], [ 136.966563747, 35.497916665 ], [ 136.966563747, 35.498124665 ], [ 136.966563747, 35.498332665 ], [ 136.966875748, 35.498332665 ] ] ] } },
{ "type": "Feature", "properties": { "A31a_301": "8505090066", "A31a_302": "津保川", "A31a_303": "21", "A31a_304": "岐阜県", "A31a_305": 2 }, "geometry": { "type": "Polygon", "coordinates": [ [ [ 136.967813751, 35.497916664 ], [ 136.96750075, 35.497916664 ], [ 136.96750075, 35.498124664 ], [ 136.967500751, 35.498332664 ], [ 136.967813752, 35.498332664 ], [ 136.967813752, 35.498124664 ], [ 136.967813751, 35.497916664 ] ] ] } },
{ "type": "Feature", "properties": { "A31a_301": "8505090066", "A31a_302": "津保川", "A31a_303": "21", "A31a_304": "岐阜県", "A31a_305": 2 }, "geometry": { "type": "Polygon", "coordinates": [ [ [ 136.966250745, 35.497291664 ], [ 136.965937744, 35.497291664 ], [ 136.965937744, 35.497499665 ], [ 136.965937744, 35.497707665 ], [ 136.966250746, 35.497707665 ], [ 136.966250745, 35.497499664 ], [ 136.966250745, 35.497291664 ] ] ] } },
{ "type": "Feature", "properties": { "A31a_301": "8505090066", "A31a_302": "津保川", "A31a_303": "21", "A31a_304": "岐阜県", "A31a_305": 2 }, "geometry": { "type": "Polygon", "coordinates": [ [ [ 136.965313741, 35.496249664 ], [ 136.96500074, 35.496249664 ], [ 136.96500074, 35.496457664 ], [ 136.96500074, 35.496666664 ], [ 136.96500074, 35.496874665 ], [ 136.965313741, 35.496874664 ], [ 136.965313741, 35.496666664 ], [ 136.965313741, 35.496457664 ], [ 136.965313741, 35.496249664 ] ] ] } },
{ "type": "Feature", "properties": { "A31a_301": "8505090066", "A31a_302": "津保川", "A31a_303": "21", "A31a_304": "岐阜県", "A31a_305": 2 }, "geometry": { "type": "Polygon", "coordinates": [ [ [ 136.965000739, 35.495416663 ], [ 136.964687738, 35.495416663 ], [ 136.964687738, 35.495624664 ], [ 136.965000739, 35.495624663 ], [ 136.965000739, 35.495416663 ] ] ] } },
{ "type": "Feature", "properties": { "A31a_301": "8505090066", "A31a_302": "津保川", "A31a_303": "21", "A31a_304": "岐阜県", "A31a_305": 2 }, "geometry": { "type": "Polygon", "coordinates": [ [ [ 136.96781374, 35.484166649 ], [ 136.967500739, 35.484166649 ], [ 136.967500739, 35.483957649 ], [ 136.967500739, 35.483749648 ], [ 136.967188738, 35.483749648 ], [ 136.967187738, 35.483749648 ], [ 136.966875737, 35.483749649 ], [ 136.966875737, 35.483957649 ], [ 136.966563736, 35.483957649 ], [ 136.966250735, 35.483957649 ], [ 136.965938735, 35.483957649 ], [ 136.965937735, 35.483957649 ], [ 136.965625734, 35.483957649 ], [ 136.965313733, 35.48395765 ], [ 136.965000732, 35.48395765 ], [ 136.965000732, 35.48416665 ], [ 136.965000732, 35.48437465 ], [ 136.964687731, 35.48437465 ], [ 136.964687731, 35.484582651 ], [ 136.964687732, 35.484791651 ], [ 136.965000732, 35.484791651 ], [ 136.965000733, 35.484999651 ], [ 136.965000733, 35.485207651 ], [ 136.965313734, 35.485207651 ], [ 136.965313734, 35.485416651 ], [ 136.965313734, 35.485624652 ], [ 136.965313734, 35.485832652 ], [ 136.965313734, 35.486041652 ], [ 136.965313734, 35.486249652 ], [ 136.965625735, 35.486249652 ], [ 136.965625735, 35.486457653 ], [ 136.965625735, 35.486666653 ], [ 136.965625735, 35.486874653 ], [ 136.965625736, 35.487082653 ], [ 136.965625736, 35.487291654 ], [ 136.965625736, 35.487499654 ], [ 136.965625736, 35.487707654 ], [ 136.965625736, 35.487916654 ], [ 136.965625736, 35.488124655 ], [ 136.965625736, 35.488332655 ], [ 136.965625736, 35.488541655 ], [ 136.965625736, 35.488749655 ], [ 136.965937737, 35.488749655 ], [ 136.965937737, 35.488541655 ], [ 136.965938737, 35.488541655 ], [ 136.966250738, 35.488541655 ], [ 136.966563739, 35.488541655 ], [ 136.966563739, 35.488749655 ], [ 136.96656374, 35.488957655 ], [ 136.96656374, 35.489166655 ], [ 136.966250739, 35.489166656 ], [ 136.966250739, 35.489374656 ], [ 136.965938738, 35.489374656 ], [ 136.965938738, 35.489582656 ], [ 136.965938738, 35.489791656 ], [ 136.965938738, 35.489999657 ], [ 136.965938738, 35.490207657 ], [ 136.965937738, 35.490207657 ], [ 136.965625737, 35.490207657 ], [ 136.965625737, 35.490416657 ], [ 136.965625738, 35.490624658 ], [ 136.965625738, 35.490832658 ], [ 136.965313737, 35.490832658 ], [ 136.965313737, 35.491041658 ], [ 136.965313737, 35.491249659 ], [ 136.965313737, 35.491457659 ], [ 136.965625738, 35.491457659 ], [ 136.965625738, 35.491249659 ], [ 136.965938739, 35.491249658 ], [ 136.965938739, 35.491041658 ], [ 136.965938739, 35.490832658 ], [ 136.965938739, 35.490624658 ], [ 136.965938738, 35.490416657 ], [ 136.966250739, 35.490416657 ], [ 136.966250739, 35.490207657 ], [ 136.96656374, 35.490207657 ], [ 136.966875741, 35.490207656 ], [ 136.966875741, 35.489999656 ], [ 136.966875741, 35.489791656 ], [ 136.966875741, 35.489582656 ], [ 136.966875741, 35.489374655 ], [ 136.967187742, 35.489374655 ], [ 136.967188742, 35.489374655 ], [ 136.967500743, 35.489374655 ], [ 136.967813744, 35.489374655 ], [ 136.968125745, 35.489374655 ], [ 136.968438746, 35.489374654 ], [ 136.968438746, 35.489166654 ], [ 136.968438745, 35.488957654 ], [ 136.968438745, 35.488749654 ], [ 136.968438745, 35.488541653 ], [ 136.968438745, 35.488332653 ], [ 136.968125744, 35.488332653 ], [ 136.967813743, 35.488332654 ], [ 136.967500742, 35.488332654 ], [ 136.967500742, 35.488124654 ], [ 136.967500742, 35.487916653 ], [ 136.967813743, 35.487916653 ], [ 136.967813742, 35.487707653 ], [ 136.967813742, 35.487499653 ], [ 136.967813742, 35.487291652 ], [ 136.967813742, 35.487082652 ], [ 136.967813742, 35.486874652 ], [ 136.967813742, 35.486666652 ], [ 136.967813742, 35.486457651 ], [ 136.968125742, 35.486457651 ], [ 136.968125742, 35.486249651 ], [ 136.968125742, 35.486041651 ], [ 136.968125742, 35.48583265 ], [ 136.968125742, 35.48562465 ], [ 136.968437743, 35.48562465 ], [ 136.968438743, 35.48562465 ], [ 136.968750744, 35.48562465 ], [ 136.969063744, 35.48562465 ], [ 136.969375745, 35.48562465 ], [ 136.969375745, 35.485416649 ], [ 136.969375745, 35.485207649 ], [ 136.969375745, 35.484999649 ], [ 136.969375745, 35.484791649 ], [ 136.969063744, 35.484791649 ], [ 136.969063744, 35.484582649 ], [ 136.968750743, 35.484582649 ], [ 136.968438742, 35.484582649 ], [ 136.968438742, 35.484374649 ], [ 136.968125741, 35.484374649 ], [ 136.96781374, 35.484374649 ], [ 136.96781374, 35.484166649 ] ], [ [ 136.966250738, 35.487499653 ], [ 136.966250738, 35.487707654 ], [ 136.965938737, 35.487707654 ], [ 136.965938737, 35.487499654 ], [ 136.966250738, 35.487499653 ] ], [ [ 136.966250738, 35.488332654 ], [ 136.965938737, 35.488332655 ], [ 136.965938737, 35.488124654 ], [ 136.965938737, 35.487916654 ], [ 136.966250738, 35.487916654 ], [ 136.966250738, 35.488124654 ], [ 136.966250738, 35.488332654 ] ] ] } },
{ "type": "Feature", "properties": { "A31a_301": "8505090066", "A31a_302": "津保川", "A31a_303": "21", "A31a_304": "岐阜県", "A31a_305": 2 }, "geometry": { "type": "Polygon", "coordinates": [ [ [ 136.963750731, 35.488541656 ], [ 136.963750731, 35.488749656 ], [ 136.963750731, 35.488957657 ], [ 136.964063732, 35.488957657 ], [ 136.964063732, 35.488749656 ], [ 136.964375733, 35.488749656 ], [ 136.964375733, 35.488541656 ], [ 136.964375732, 35.488332656 ], [ 136.964688733, 35.488332655 ], [ 136.964688733, 35.488124655 ], [ 136.964375732, 35.488124655 ], [ 136.964375732, 35.487916655 ], [ 136.964375732, 35.487707655 ], [ 136.964688733, 35.487707655 ], [ 136.964688733, 35.487499654 ], [ 136.964688733, 35.487291654 ], [ 136.964688733, 35.487082654 ], [ 136.964688733, 35.486874654 ], [ 136.964688733, 35.486666653 ], [ 136.964688732, 35.486457653 ], [ 136.964688732, 35.486249653 ], [ 136.964688732, 35.486041652 ], [ 136.964688732, 35.485832652 ], [ 136.964375731, 35.485832652 ], [ 136.964375731, 35.485624652 ], [ 136.964375731, 35.485416652 ], [ 136.964375731, 35.485207652 ], [ 136.964375731, 35.484999651 ], [ 136.96406373, 35.484999651 ], [ 136.96406373, 35.484791651 ], [ 136.96406373, 35.484582651 ], [ 136.963750729, 35.484582651 ], [ 136.963750729, 35.484374651 ], [ 136.963750729, 35.484166651 ], [ 136.963438728, 35.484166651 ], [ 136.963438728, 35.48395765 ], [ 136.963438728, 35.48374965 ], [ 136.963125727, 35.48374965 ], [ 136.962813726, 35.48374965 ], [ 136.962813726, 35.48354165 ], [ 136.962813726, 35.48333265 ], [ 136.962500725, 35.48333265 ], [ 136.962500725, 35.48312465 ], [ 136.962187724, 35.48312465 ], [ 136.961875723, 35.48312465 ], [ 136.961875723, 35.48291665 ], [ 136.961562722, 35.48291665 ], [ 136.96125072, 35.48291665 ], [ 136.960938719, 35.482916651 ], [ 136.960938719, 35.48270765 ], [ 136.960625718, 35.482707651 ], [ 136.960312717, 35.482707651 ], [ 136.960000716, 35.482707651 ], [ 136.959688715, 35.482707651 ], [ 136.959688715, 35.482499651 ], [ 136.959375714, 35.482499651 ], [ 136.959375714, 35.482291651 ], [ 136.959062713, 35.482291651 ], [ 136.959062713, 35.482082651 ], [ 136.958750712, 35.482082651 ], [ 136.958750712, 35.481874651 ], [ 136.958750712, 35.481666651 ], [ 136.958438711, 35.481666651 ], [ 136.958438711, 35.48145765 ], [ 136.958438711, 35.48124965 ], [ 136.958125709, 35.48124965 ], [ 136.958125709, 35.48104165 ], [ 136.958125709, 35.48083265 ], [ 136.958125709, 35.480624649 ], [ 136.957812708, 35.48062465 ], [ 136.957500707, 35.48062465 ], [ 136.957500707, 35.48041665 ], [ 136.957188706, 35.48041665 ], [ 136.957187706, 35.48041665 ], [ 136.956875705, 35.48041665 ], [ 136.956875705, 35.48062465 ], [ 136.956875705, 35.480832651 ], [ 136.957187706, 35.480832651 ], [ 136.957187706, 35.481041651 ], [ 136.957500707, 35.481041651 ], [ 136.957812708, 35.48104165 ], [ 136.957812708, 35.481249651 ], [ 136.957812708, 35.481457651 ], [ 136.958125709, 35.481457651 ], [ 136.958125709, 35.481666651 ], [ 136.958125709, 35.481874651 ], [ 136.958438711, 35.481874651 ], [ 136.958438711, 35.482082652 ], [ 136.958438711, 35.482291652 ], [ 136.958438711, 35.482499652 ], [ 136.958438711, 35.482707653 ], [ 136.958750712, 35.482707652 ], [ 136.959062713, 35.482707652 ], [ 136.959062713, 35.482916652 ], [ 136.959375714, 35.482916652 ], [ 136.959375714, 35.483124652 ], [ 136.959688715, 35.483124652 ], [ 136.960000716, 35.483124652 ], [ 136.960000716, 35.483332652 ], [ 136.960312717, 35.483332652 ], [ 136.960625718, 35.483332652 ], [ 136.960625718, 35.483541652 ], [ 136.96093872, 35.483541652 ], [ 136.96093872, 35.483749652 ], [ 136.961250721, 35.483749652 ], [ 136.961250721, 35.483957652 ], [ 136.961250721, 35.484166652 ], [ 136.961562722, 35.484166652 ], [ 136.961875723, 35.484166652 ], [ 136.961875723, 35.484374652 ], [ 136.962187724, 35.484374652 ], [ 136.962187724, 35.484582652 ], [ 136.962500725, 35.484582652 ], [ 136.962500725, 35.484791652 ], [ 136.962813726, 35.484791652 ], [ 136.962813726, 35.484999652 ], [ 136.962813727, 35.485207652 ], [ 136.963125727, 35.485207652 ], [ 136.963125727, 35.485416652 ], [ 136.963125728, 35.485624653 ], [ 136.963125728, 35.485832653 ], [ 136.963125728, 35.486041653 ], [ 136.963125728, 35.486249654 ], [ 136.963125728, 35.486457654 ], [ 136.963125728, 35.486666654 ], [ 136.962813727, 35.486666654 ], [ 136.962813727, 35.486874655 ], [ 136.962813727, 35.487082655 ], [ 136.962813727, 35.487291655 ], [ 136.962813727, 35.487499655 ], [ 136.963125728, 35.487499655 ], [ 136.963125728, 35.487291655 ], [ 136.963125728, 35.487082655 ], [ 136.963438729, 35.487082654 ], [ 136.963438729, 35.486874654 ], [ 136.963438729, 35.486666654 ], [ 136.963438729, 35.486457654 ], [ 136.963438729, 35.486249653 ], [ 136.96375073, 35.486249653 ], [ 136.96375073, 35.486457654 ], [ 136.96375073, 35.486666654 ], [ 136.96375073, 35.486874654 ], [ 136.96375073, 35.487082654 ], [ 136.96375073, 35.487291655 ], [ 136.96375073, 35.487499655 ], [ 136.96375073, 35.487707655 ], [ 136.964063731, 35.487707655 ], [ 136.964063731, 35.487916655 ], [ 136.964063731, 35.488124655 ], [ 136.964063731, 35.488332656 ], [ 136.964063732, 35.488541656 ], [ 136.963750731, 35.488541656 ] ] ] } },
{ "type": "Feature", "properties": { "A31a_301": "8505090066", "A31a_302": "津保川", "A31a_303": "21", "A31a_304": "岐阜県", "A31a_305": 2 }, "geometry": { "type": "Polygon", "coordinates": [ [ [ 136.966250738, 35.488749655 ], [ 136.965938737, 35.488749655 ], [ 136.965938738, 35.488957655 ], [ 136.966250739, 35.488957655 ], [ 136.966250738, 35.488749655 ] ] ] } },
{ "type": "Feature", "properties": { "A31a_301": "8505090066", "A31a_302": "津保川", "A31a_303": "21", "A31a_304": "岐阜県", "A31a_305": 2 }, "geometry": { "type": "Polygon", "coordinates": [ [ [ 136.97000075, 35.488749653 ], [ 136.969687749, 35.488749653 ], [ 136.969687749, 35.488957653 ], [ 136.97000075, 35.488957653 ], [ 136.97000075, 35.488749653 ] ] ] } },
{ "type": "Feature", "properties": { "A31a_301": "8505090066", "A31a_302": "津保川", "A31a_303": "21", "A31a_304": "岐阜県", "A31a_305": 2 }, "geometry": { "type": "Polygon", "coordinates": [ [ [ 136.963750731, 35.488541656 ], [ 136.96375073, 35.488332656 ], [ 136.96343873, 35.488332656 ], [ 136.96343773, 35.488332656 ], [ 136.963125729, 35.488332656 ], [ 136.963125729, 35.488541657 ], [ 136.96343773, 35.488541656 ], [ 136.96343873, 35.488541656 ], [ 136.963750731, 35.488541656 ] ] ] } },
{ "type": "Feature", "properties": { "A31a_301": "8505090066", "A31a_302": "津保川", "A31a_303": "21", "A31a_304": "岐阜県", "A31a_305": 2 }, "geometry": { "type": "Polygon", "coordinates": [ [ [ 136.872500392, 35.484166758 ], [ 136.872188391, 35.484166758 ], [ 136.87187539, 35.484166758 ], [ 136.87156339, 35.484166758 ], [ 136.87156339, 35.484374758 ], [ 136.871250389, 35.484374758 ], [ 136.870938389, 35.484374758 ], [ 136.870625388, 35.484374758 ], [ 136.870625388, 35.484582758 ], [ 136.870625388, 35.484791758 ], [ 136.870625388, 35.484999758 ], [ 136.870625387, 35.485207758 ], [ 136.870625387, 35.485416759 ], [ 136.870625387, 35.485624759 ], [ 136.870625387, 35.485832759 ], [ 136.870938388, 35.485832759 ], [ 136.871250388, 35.485832759 ], [ 136.871250388, 35.485624759 ], [ 136.871250389, 35.485416759 ], [ 136.871563389, 35.485416759 ], [ 136.871563389, 35.485207759 ], [ 136.871563389, 35.484999759 ], [ 136.87156339, 35.484791758 ], [ 136.87187539, 35.484791758 ], [ 136.872188391, 35.484791759 ], [ 136.872500391, 35.484791759 ], [ 136.872500391, 35.484582759 ], [ 136.872813392, 35.484582759 ], [ 136.872813392, 35.484374758 ], [ 136.872500392, 35.484374758 ], [ 136.872500392, 35.484166758 ] ] ] } },
{ "type": "Feature", "properties": { "A31a_301": "8505090066", "A31a_302": "津保川", "A31a_303": "21", "A31a_304": "岐阜県", "A31a_305": 2 }, "geometry": { "type": "Polygon", "coordinates": [ [ [ 136.870313387, 35.484999758 ], [ 136.870313387, 35.484791758 ], [ 136.870313387, 35.484582758 ], [ 136.870313387, 35.484374758 ], [ 136.870000387, 35.484374758 ], [ 136.869688386, 35.484374758 ], [ 136.869687386, 35.484374758 ], [ 136.869375385, 35.484374758 ], [ 136.869375386, 35.484166758 ], [ 136.869063385, 35.484166757 ], [ 136.868750384, 35.484166757 ], [ 136.868750384, 35.483957757 ], [ 136.868438384, 35.483957757 ], [ 136.868437384, 35.483957757 ], [ 136.868125383, 35.483957757 ], [ 136.868125383, 35.483749757 ], [ 136.867813383, 35.483749757 ], [ 136.867813383, 35.483541757 ], [ 136.867500382, 35.483541757 ], [ 136.867500382, 35.483332757 ], [ 136.867188382, 35.483332757 ], [ 136.867188382, 35.483124757 ], [ 136.866875381, 35.483124756 ], [ 136.866875381, 35.482916756 ], [ 136.86656338, 35.482916756 ], [ 136.86656338, 35.482707756 ], [ 136.86625038, 35.482707756 ], [ 136.86625038, 35.482499756 ], [ 136.865938379, 35.482499756 ], [ 136.865938379, 35.482291756 ], [ 136.865938379, 35.482082756 ], [ 136.865625379, 35.482082756 ], [ 136.865625379, 35.481874756 ], [ 136.865625379, 35.481666756 ], [ 136.865625379, 35.481457756 ], [ 136.865625379, 35.481249756 ], [ 136.865313378, 35.481249756 ], [ 136.865313378, 35.481457756 ], [ 136.865313378, 35.481666756 ], [ 136.865000377, 35.481666756 ], [ 136.864688377, 35.481666756 ], [ 136.864688377, 35.481874756 ], [ 136.864688377, 35.482082756 ], [ 136.864688377, 35.482291756 ], [ 136.864688377, 35.482499756 ], [ 136.864688377, 35.482707756 ], [ 136.864688377, 35.482916756 ], [ 136.865000377, 35.482916756 ], [ 136.865000377, 35.483124756 ], [ 136.865000377, 35.483332756 ], [ 136.865313378, 35.483332756 ], [ 136.865313378, 35.483541756 ], [ 136.865625378, 35.483541756 ], [ 136.865625378, 35.483749756 ], [ 136.865938379, 35.483749756 ], [ 136.865938379, 35.483957757 ], [ 136.866250379, 35.483957757 ], [ 136.866250379, 35.484166757 ], [ 136.86656338, 35.484166757 ], [ 136.86656338, 35.483957757 ], [ 136.866875381, 35.483957757 ], [ 136.866875381, 35.484166757 ], [ 136.866875381, 35.484374757 ], [ 136.867188381, 35.484374757 ], [ 136.867188381, 35.484582757 ], [ 136.867500382, 35.484582757 ], [ 136.867813382, 35.484582757 ], [ 136.867813382, 35.484374757 ], [ 136.868125383, 35.484374757 ], [ 136.868125383, 35.484582757 ], [ 136.868125383, 35.484791758 ], [ 136.868125383, 35.484999758 ], [ 136.868125383, 35.485207758 ], [ 136.868437383, 35.485207758 ], [ 136.868437383, 35.485416758 ], [ 136.868750384, 35.485416758 ], [ 136.869063384, 35.485416758 ], [ 136.869063384, 35.485624758 ], [ 136.869375385, 35.485624758 ], [ 136.869375385, 35.485832758 ], [ 136.869687385, 35.485832758 ], [ 136.869688385, 35.485832758 ], [ 136.870000386, 35.485832759 ], [ 136.870313386, 35.485832759 ], [ 136.870313387, 35.485624759 ], [ 136.870313387, 35.485416758 ], [ 136.870313387, 35.485207758 ], [ 136.870313387, 35.484999758 ] ], [ [ 136.869063385, 35.484791758 ], [ 136.868750384, 35.484791758 ], [ 136.868438383, 35.484791758 ], [ 136.868437383, 35.484791758 ], [ 136.868437383, 35.484582757 ], [ 136.868438383, 35.484582757 ], [ 136.868750384, 35.484582758 ], [ 136.869063385, 35.484582758 ], [ 136.869063385, 35.484791758 ], [ 136.869375385, 35.484791758 ], [ 136.869375385, 35.484999758 ], [ 136.869063385, 35.484999758 ], [ 136.869063385, 35.484791758 ] ] ] } },
{ "type": "Feature", "properties": { "A31a_301": "8505090066", "A31a_302": "津保川", "A31a_303": "21", "A31a_304": "岐阜県", "A31a_305": 2 }, "geometry": { "type": "Polygon", "coordinates": [ [ [ 136.885625422, 35.484374755 ], [ 136.885312421, 35.484374755 ], [ 136.885312421, 35.484582756 ], [ 136.885625422, 35.484582756 ], [ 136.885625422, 35.484374755 ] ] ] } },
{ "type": "Feature", "properties": { "A31a_301": "8505090066", "A31a_302": "津保川", "A31a_303": "21", "A31a_304": "岐阜県", "A31a_305": 2 }, "geometry": { "type": "Polygon", "coordinates": [ [ [ 136.872500392, 35.484166758 ], [ 136.872813392, 35.484166758 ], [ 136.873125393, 35.484166758 ], [ 136.873438394, 35.484166759 ], [ 136.873438394, 35.483957758 ], [ 136.873125393, 35.483957758 ], [ 136.872813392, 35.483957758 ], [ 136.872500392, 35.483957758 ], [ 136.872500392, 35.484166758 ] ] ] } },
{ "type": "Feature", "properties": { "A31a_301": "8505090066", "A31a_302": "津保川", "A31a_303": "21", "A31a_304": "岐阜県", "A31a_305": 2 }, "geometry": { "type": "Polygon", "coordinates": [ [ [ 136.96781374, 35.484166649 ], [ 136.968125741, 35.484166648 ], [ 136.96812574, 35.483957648 ], [ 136.96781374, 35.483957648 ], [ 136.96781374, 35.484166649 ] ] ] } },
{ "type": "Feature", "properties": { "A31a_301": "8505090066", "A31a_302": "津保川", "A31a_303": "21", "A31a_304": "岐阜県", "A31a_305": 2 }, "geometry": { "type": "Polygon", "coordinates": [ [ [ 136.964063729, 35.483332649 ], [ 136.963750728, 35.483332649 ], [ 136.963750728, 35.48354165 ], [ 136.964063729, 35.48354165 ], [ 136.964063729, 35.483332649 ] ] ] } },
{ "type": "Feature", "properties": { "A31a_301": "8505090066", "A31a_302": "津保川", "A31a_303": "21", "A31a_304": "岐阜県", "A31a_305": 2 }, "geometry": { "type": "Polygon", "coordinates": [ [ [ 136.872500392, 35.483124758 ], [ 136.872188392, 35.483124758 ], [ 136.872188392, 35.483332758 ], [ 136.872500392, 35.483332758 ], [ 136.872500392, 35.483124758 ] ] ] } },
{ "type": "Feature", "properties": { "A31a_301": "8505090066", "A31a_302": "津保川", "A31a_303": "21", "A31a_304": "岐阜県", "A31a_305": 2 }, "geometry": { "type": "Polygon", "coordinates": [ [ [ 136.871563391, 35.481874757 ], [ 136.871563391, 35.482082757 ], [ 136.871563391, 35.482291757 ], [ 136.87125039, 35.482291757 ], [ 136.87125039, 35.482082757 ], [ 136.87125039, 35.481874756 ], [ 136.871563391, 35.481874757 ], [ 136.871563391, 35.481666756 ], [ 136.871563391, 35.481457756 ], [ 136.871563391, 35.481249756 ], [ 136.87125039, 35.481249756 ], [ 136.87125039, 35.481457756 ], [ 136.87125039, 35.481666756 ], [ 136.870938389, 35.481666756 ], [ 136.870938389, 35.481874756 ], [ 136.870938389, 35.482082757 ], [ 136.870938389, 35.482291757 ], [ 136.870938389, 35.482499757 ], [ 136.870938389, 35.482707757 ], [ 136.87125039, 35.482707757 ], [ 136.87125039, 35.482916757 ], [ 136.870938389, 35.482916757 ], [ 136.870938389, 35.483124757 ], [ 136.870938389, 35.483332757 ], [ 136.87125039, 35.483332757 ], [ 136.87156339, 35.483332758 ], [ 136.871875391, 35.483332758 ], [ 136.871875391, 35.483124757 ], [ 136.871875391, 35.482916757 ], [ 136.871875391, 35.482707757 ], [ 136.871875391, 35.482499757 ], [ 136.871875391, 35.482291757 ], [ 136.871875391, 35.482082757 ], [ 136.871875391, 35.481874757 ], [ 136.871563391, 35.481874757 ] ] ] } },
{ "type": "Feature", "properties": { "A31a_301": "8505090066", "A31a_302": "津保川", "A31a_303": "21", "A31a_304": "岐阜県", "A31a_305": 2 }, "geometry": { "type": "Polygon", "coordinates": [ [ [ 136.869063385, 35.482707757 ], [ 136.868750385, 35.482707757 ], [ 136.868750385, 35.482916757 ], [ 136.869063385, 35.482916757 ], [ 136.869063385, 35.482707757 ] ] ] } },
{ "type": "Feature", "properties": { "A31a_301": "8505090066", "A31a_302": "津保川", "A31a_303": "21", "A31a_304": "岐阜県", "A31a_305": 2 }, "geometry": { "type": "Polygon", "coordinates": [ [ [ 136.963750728, 35.482291648 ], [ 136.963750728, 35.482082647 ], [ 136.963437727, 35.482082648 ], [ 136.963437727, 35.482291648 ], [ 136.963125726, 35.482291648 ], [ 136.962813725, 35.482291648 ], [ 136.962813726, 35.482499648 ], [ 136.962500725, 35.482499649 ], [ 136.962500725, 35.482707649 ], [ 136.962813726, 35.482707649 ], [ 136.963125726, 35.482707649 ], [ 136.963125727, 35.482916649 ], [ 136.963437727, 35.482916649 ], [ 136.963438727, 35.482916649 ], [ 136.963750728, 35.482916649 ], [ 136.963750728, 35.482707648 ], [ 136.963750728, 35.482499648 ], [ 136.963750728, 35.482291648 ] ] ] } },
{ "type": "Feature", "properties": { "A31a_301": "8505090066", "A31a_302": "津保川", "A31a_303": "21", "A31a_304": "岐阜県", "A31a_305": 2 }, "geometry": { "type": "Polygon", "coordinates": [ [ [ 136.867188382, 35.482082756 ], [ 136.867188382, 35.482291756 ], [ 136.867500382, 35.482291756 ], [ 136.867500382, 35.482499756 ], [ 136.867813383, 35.482499756 ], [ 136.867813383, 35.482291756 ], [ 136.868125384, 35.482291756 ], [ 136.868125384, 35.482082756 ], [ 136.867813383, 35.482082756 ], [ 136.867500382, 35.482082756 ], [ 136.867188382, 35.482082756 ] ] ] } },
{ "type": "Feature", "properties": { "A31a_301": "8505090066", "A31a_302": "津保川", "A31a_303": "21", "A31a_304": "岐阜県", "A31a_305": 2 }, "geometry": { "type": "Polygon", "coordinates": [ [ [ 136.891875443, 35.482499748 ], [ 136.891875443, 35.482291747 ], [ 136.891562442, 35.482291748 ], [ 136.891250441, 35.482291748 ], [ 136.891250441, 35.482499748 ], [ 136.891562442, 35.482499748 ], [ 136.891875443, 35.482499748 ] ] ] } },
{ "type": "Feature", "properties": { "A31a_301": "8505090066", "A31a_302": "津保川", "A31a_303": "21", "A31a_304": "岐阜県", "A31a_305": 2 }, "geometry": { "type": "Polygon", "coordinates": [ [ [ 136.895312455, 35.482499745 ], [ 136.895312455, 35.482291744 ], [ 136.895000454, 35.482291745 ], [ 136.895000454, 35.482499745 ], [ 136.895312455, 35.482499745 ] ] ] } },
{ "type": "Feature", "properties": { "A31a_301": "8505090066", "A31a_302": "津保川", "A31a_303": "21", "A31a_304": "岐阜県", "A31a_305": 2 }, "geometry": { "type": "Polygon", "coordinates": [ [ [ 136.897188461, 35.482291743 ], [ 136.89687546, 35.482291743 ], [ 136.89687546, 35.482499743 ], [ 136.897188461, 35.482499743 ], [ 136.897188461, 35.482291743 ] ] ] } },
{ "type": "Feature", "properties": { "A31a_301": "8505090066", "A31a_302": "津保川", "A31a_303": "21", "A31a_304": "岐阜県", "A31a_305": 2 }, "geometry": { "type": "Polygon", "coordinates": [ [ [ 136.867188382, 35.482082756 ], [ 136.867188382, 35.481874756 ], [ 136.866875381, 35.481874756 ], [ 136.866875381, 35.482082756 ], [ 136.867188382, 35.482082756 ] ] ] } },
{ "type": "Feature", "properties": { "A31a_301": "8505090066", "A31a_302": "津保川", "A31a_303": "21", "A31a_304": "岐阜県", "A31a_305": 2 }, "geometry": { "type": "Polygon", "coordinates": [ [ [ 136.956875705, 35.481874653 ], [ 136.956562704, 35.481874653 ], [ 136.956562704, 35.482082653 ], [ 136.956875705, 35.482082653 ], [ 136.956875705, 35.481874653 ] ] ] } },
{ "type": "Feature", "properties": { "A31a_301": "8505090066", "A31a_302": "津保川", "A31a_303": "21", "A31a_304": "岐阜県", "A31a_305": 2 }, "geometry": { "type": "Polygon", "coordinates": [ [ [ 136.908125509, 35.47749972 ], [ 136.908125509, 35.477291719 ], [ 136.908438511, 35.477291719 ], [ 136.908438511, 35.477082719 ], [ 136.908750512, 35.477082718 ], [ 136.909063513, 35.477082718 ], [ 136.909063514, 35.476874717 ], [ 136.909375515, 35.476874717 ], [ 136.909375515, 35.477082717 ], [ 136.909688516, 35.477082717 ], [ 136.910000517, 35.477082716 ], [ 136.910000517, 35.477291717 ], [ 136.909688516, 35.477291717 ], [ 136.909688516, 35.477499718 ], [ 136.910000517, 35.477499717 ], [ 136.910313518, 35.477499717 ], [ 136.910313518, 35.477291716 ], [ 136.91062552, 35.477291716 ], [ 136.910938521, 35.477291715 ], [ 136.911250522, 35.477291715 ], [ 136.911250523, 35.477082714 ], [ 136.911250523, 35.476874714 ], [ 136.910938522, 35.476874714 ], [ 136.910938521, 35.477082715 ], [ 136.91062552, 35.477082715 ], [ 136.91062552, 35.476874715 ], [ 136.91062552, 35.476666715 ], [ 136.910313519, 35.476666715 ], [ 136.910000518, 35.476666715 ], [ 136.910000518, 35.476457715 ], [ 136.909688517, 35.476457716 ], [ 136.909688517, 35.476249715 ], [ 136.909375516, 35.476249716 ], [ 136.909375516, 35.476041715 ], [ 136.909063515, 35.476041716 ], [ 136.908750513, 35.476041716 ], [ 136.908438512, 35.476041717 ], [ 136.908125511, 35.476041717 ], [ 136.908125511, 35.475832717 ], [ 136.90781351, 35.475832717 ], [ 136.907500508, 35.475832718 ], [ 136.907188507, 35.475832718 ], [ 136.907187507, 35.475832718 ], [ 136.906875506, 35.475832719 ], [ 136.906563505, 35.475832719 ], [ 136.906250503, 35.47583272 ], [ 136.905938502, 35.47583272 ], [ 136.905937502, 35.47583272 ], [ 136.905625501, 35.475832721 ], [ 136.905625501, 35.47562472 ], [ 136.905313499, 35.475624721 ], [ 136.905000498, 35.475624721 ], [ 136.904688497, 35.475624722 ], [ 136.904687497, 35.475624722 ], [ 136.904375496, 35.475624722 ], [ 136.904063494, 35.475624723 ], [ 136.904063494, 35.475832723 ], [ 136.903750493, 35.475832723 ], [ 136.903438491, 35.475832724 ], [ 136.903437491, 35.475832724 ], [ 136.90312549, 35.475832724 ], [ 136.90312549, 35.476041725 ], [ 136.903437491, 35.476041724 ], [ 136.903437491, 35.476249725 ], [ 136.903437491, 35.476457725 ], [ 136.903750492, 35.476457725 ], [ 136.903750492, 35.476666725 ], [ 136.90343849, 35.476666725 ], [ 136.90343749, 35.476666725 ], [ 136.903125489, 35.476666726 ], [ 136.903125489, 35.476457725 ], [ 136.90312549, 35.476249725 ], [ 136.902813488, 35.476249726 ], [ 136.902813489, 35.476041725 ], [ 136.902500487, 35.476041726 ], [ 136.902500487, 35.475832725 ], [ 136.902188486, 35.475832726 ], [ 136.902187486, 35.475832726 ], [ 136.901875485, 35.475832726 ], [ 136.901875485, 35.476041727 ], [ 136.901563483, 35.476041727 ], [ 136.901250482, 35.476041728 ], [ 136.900938481, 35.476041728 ], [ 136.900937481, 35.476041728 ], [ 136.900625479, 35.476041729 ], [ 136.900625479, 35.476249729 ], [ 136.900313478, 35.476249729 ], [ 136.900313478, 35.47645773 ], [ 136.900000476, 35.47645773 ], [ 136.899687475, 35.476457731 ], [ 136.899375474, 35.476457731 ], [ 136.899375474, 35.476666731 ], [ 136.899687475, 35.476666731 ], [ 136.899687475, 35.476874731 ], [ 136.900000476, 35.476874731 ], [ 136.900313477, 35.47687473 ], [ 136.900625479, 35.47687473 ], [ 136.900625478, 35.47708273 ], [ 136.900625478, 35.477291731 ], [ 136.900937479, 35.47729173 ], [ 136.900938479, 35.47729173 ], [ 136.900938479, 35.477499731 ], [ 136.900937479, 35.477499731 ], [ 136.900937479, 35.477707731 ], [ 136.90125048, 35.47770773 ], [ 136.90125048, 35.477916731 ], [ 136.900937479, 35.477916731 ], [ 136.900937479, 35.478124732 ], [ 136.90125048, 35.478124731 ], [ 136.90125048, 35.478332731 ], [ 136.900937478, 35.478332732 ], [ 136.900937478, 35.478541732 ], [ 136.900625477, 35.478541733 ], [ 136.900313476, 35.478541733 ], [ 136.900000474, 35.478541734 ], [ 136.899687473, 35.478541734 ], [ 136.899687473, 35.478332734 ], [ 136.899375472, 35.478332734 ], [ 136.899375472, 35.478541734 ], [ 136.899062471, 35.478541735 ], [ 136.89875047, 35.478541735 ], [ 136.89875047, 35.478332735 ], [ 136.899062471, 35.478332734 ], [ 136.899062472, 35.478124734 ], [ 136.899062472, 35.477916734 ], [ 136.899375473, 35.477916733 ], [ 136.899375473, 35.478124734 ], [ 136.899687474, 35.478124733 ], [ 136.899687474, 35.477916733 ], [ 136.899687474, 35.477707733 ], [ 136.899687474, 35.477499732 ], [ 136.899687474, 35.477291732 ], [ 136.899375473, 35.477291732 ], [ 136.899375474, 35.477082732 ], [ 136.899062473, 35.477082732 ], [ 136.899062472, 35.477291733 ], [ 136.898750471, 35.477291733 ], [ 136.89843847, 35.477291733 ], [ 136.89843847, 35.477082733 ], [ 136.898125469, 35.477082733 ], [ 136.897812468, 35.477082734 ], [ 136.897812468, 35.477291734 ], [ 136.897500467, 35.477291734 ], [ 136.897188466, 35.477291735 ], [ 136.897188466, 35.477499735 ], [ 136.896875465, 35.477499735 ], [ 136.896562464, 35.477499736 ], [ 136.896562464, 35.477707736 ], [ 136.896250463, 35.477707736 ], [ 136.895938462, 35.477707737 ], [ 136.89562546, 35.477707737 ], [ 136.89562546, 35.477916737 ], [ 136.895312459, 35.477916737 ], [ 136.895000458, 35.477916738 ], [ 136.894687457, 35.477916738 ], [ 136.894687457, 35.478124738 ], [ 136.894375456, 35.478124739 ], [ 136.894062455, 35.478124739 ], [ 136.893750454, 35.478124739 ], [ 136.893438453, 35.47812474 ], [ 136.893437453, 35.47812474 ], [ 136.893125452, 35.47812474 ], [ 136.892812451, 35.47812474 ], [ 136.89281245, 35.478332741 ], [ 136.892500449, 35.478332741 ], [ 136.89250045, 35.478124741 ], [ 136.892187449, 35.478124741 ], [ 136.892187448, 35.478332741 ], [ 136.891875447, 35.478332742 ], [ 136.891562446, 35.478332742 ], [ 136.891250445, 35.478332742 ], [ 136.890938444, 35.478332743 ], [ 136.890937444, 35.478332743 ], [ 136.890625443, 35.478332743 ], [ 136.890625443, 35.478541743 ], [ 136.890312442, 35.478541744 ], [ 136.890312442, 35.478749744 ], [ 136.890625443, 35.478749744 ], [ 136.890937444, 35.478749743 ], [ 136.890937444, 35.478957743 ], [ 136.891250445, 35.478957743 ], [ 136.891250444, 35.479166743 ], [ 136.891562445, 35.479166743 ], [ 136.891875447, 35.479166743 ], [ 136.891875446, 35.479374743 ], [ 136.892187447, 35.479374743 ], [ 136.892187447, 35.479582743 ], [ 136.892500448, 35.479582743 ], [ 136.892812449, 35.479582743 ], [ 136.892812449, 35.479791743 ], [ 136.892812449, 35.479999743 ], [ 136.892812449, 35.480207743 ], [ 136.892500448, 35.480207744 ], [ 136.892187447, 35.480207744 ], [ 136.892187446, 35.480416744 ], [ 136.892187446, 35.480624745 ], [ 136.892187446, 35.480832745 ], [ 136.892500447, 35.480832745 ], [ 136.892500447, 35.481041745 ], [ 136.892812448, 35.481041745 ], [ 136.893125449, 35.481041744 ], [ 136.893125449, 35.481249745 ], [ 136.89343845, 35.481249744 ], [ 136.89343845, 35.481041744 ], [ 136.893750451, 35.481041744 ], [ 136.894062452, 35.481041743 ], [ 136.894375453, 35.481041743 ], [ 136.894375453, 35.480832743 ], [ 136.894687454, 35.480832743 ], [ 136.894688454, 35.480832743 ], [ 136.895000455, 35.480832742 ], [ 136.895312456, 35.480832742 ], [ 136.895312457, 35.480624742 ], [ 136.895625458, 35.480624741 ], [ 136.895938459, 35.480624741 ], [ 136.89625046, 35.480624741 ], [ 136.89625046, 35.48041674 ], [ 136.89625046, 35.48020774 ], [ 136.896562461, 35.48020774 ], [ 136.896562461, 35.48041674 ], [ 136.896562461, 35.48062474 ], [ 136.896875462, 35.48062474 ], [ 136.897188463, 35.48062474 ], [ 136.897188463, 35.48083274 ], [ 136.897188462, 35.481041741 ], [ 136.897188462, 35.481249741 ], [ 136.897500463, 35.481249741 ], [ 136.897812464, 35.48124974 ], [ 136.898125465, 35.48124974 ], [ 136.898438466, 35.48124974 ], [ 136.898438467, 35.481041739 ], [ 136.898438467, 35.480832739 ], [ 136.898438467, 35.480624739 ], [ 136.898125466, 35.480624739 ], [ 136.897812465, 35.480624739 ], [ 136.897812465, 35.480416739 ], [ 136.897812465, 35.480207739 ], [ 136.897500464, 35.480207739 ], [ 136.897500464, 35.479999739 ], [ 136.897812465, 35.479999738 ], [ 136.897812466, 35.479791738 ], [ 136.898125467, 35.479791738 ], [ 136.898438468, 35.479791737 ], [ 136.898750469, 35.479791737 ], [ 136.89906247, 35.479791737 ], [ 136.89906247, 35.479999737 ], [ 136.899062469, 35.480207737 ], [ 136.898750468, 35.480207738 ], [ 136.898750468, 35.480416738 ], [ 136.899062469, 35.480416738 ], [ 136.89937547, 35.480416737 ], [ 136.89937547, 35.480624738 ], [ 136.899062469, 35.480624738 ], [ 136.899062469, 35.480832738 ], [ 136.898750468, 35.480832739 ], [ 136.898750468, 35.481041739 ], [ 136.898750467, 35.481249739 ], [ 136.898750467, 35.48145774 ], [ 136.898750467, 35.48166674 ], [ 136.899062468, 35.48166674 ], [ 136.899062468, 35.48187474 ], [ 136.899375469, 35.48187474 ], [ 136.89968747, 35.48187474 ], [ 136.89968747, 35.481666739 ], [ 136.900000471, 35.481666739 ], [ 136.900313472, 35.481666738 ], [ 136.900625474, 35.481666738 ], [ 136.900625474, 35.481457738 ], [ 136.900937475, 35.481457737 ], [ 136.900938475, 35.481457737 ], [ 136.901250476, 35.481457737 ], [ 136.901563478, 35.481457736 ], [ 136.901875479, 35.481457736 ], [ 136.901875479, 35.481249736 ], [ 136.901875479, 35.481041735 ], [ 136.902187481, 35.481041735 ], [ 136.902188481, 35.481041735 ], [ 136.902500482, 35.481041734 ], [ 136.902500482, 35.480832734 ], [ 136.902813483, 35.480832734 ], [ 136.902813484, 35.480624733 ], [ 136.902813484, 35.480416733 ], [ 136.902813484, 35.480207732 ], [ 136.902813484, 35.479999732 ], [ 136.902813485, 35.479791732 ], [ 136.903125486, 35.479791731 ], [ 136.903125486, 35.479582731 ], [ 136.903437487, 35.47958273 ], [ 136.903437487, 35.479791731 ], [ 136.903750488, 35.47979173 ], [ 136.90406349, 35.47979173 ], [ 136.90406349, 35.47958273 ], [ 136.904375491, 35.479582729 ], [ 136.904375491, 35.479374729 ], [ 136.904375492, 35.479166728 ], [ 136.90406349, 35.479166729 ], [ 136.904063491, 35.478957728 ], [ 136.904063491, 35.478749728 ], [ 136.904375492, 35.478749728 ], [ 136.904375492, 35.478541727 ], [ 136.904687494, 35.478541727 ], [ 136.904688494, 35.478541727 ], [ 136.905000495, 35.478541726 ], [ 136.905313496, 35.478541726 ], [ 136.905625497, 35.478541725 ], [ 136.905625498, 35.478332725 ], [ 136.905938499, 35.478332725 ], [ 136.905938499, 35.478124724 ], [ 136.906250501, 35.478124724 ], [ 136.906563502, 35.478124723 ], [ 136.906875503, 35.478124723 ], [ 136.906875503, 35.477916722 ], [ 136.907188505, 35.477916722 ], [ 136.907188505, 35.477707722 ], [ 136.907188505, 35.477499721 ], [ 136.907188505, 35.477291721 ], [ 136.907500507, 35.47729172 ], [ 136.907500506, 35.477499721 ], [ 136.907500506, 35.477707721 ], [ 136.907813507, 35.477707721 ], [ 136.907813508, 35.47749972 ], [ 136.908125509, 35.47749972 ] ], [ [ 136.898125468, 35.478541736 ], [ 136.898125468, 35.478749736 ], [ 136.897812467, 35.478749736 ], [ 136.897812467, 35.478541736 ], [ 136.898125468, 35.478541736 ] ], [ [ 136.89875047, 35.478957736 ], [ 136.898750469, 35.479166736 ], [ 136.898750469, 35.479374736 ], [ 136.898438468, 35.479374737 ], [ 136.898438468, 35.479166736 ], [ 136.898438469, 35.478957736 ], [ 136.89875047, 35.478957736 ] ], [ [ 136.894687456, 35.47916674 ], [ 136.894687456, 35.47937474 ], [ 136.894375455, 35.479374741 ], [ 136.894062454, 35.479374741 ], [ 136.894062454, 35.479166741 ], [ 136.894062454, 35.47895774 ], [ 136.894375455, 35.47895774 ], [ 136.894687456, 35.47895774 ], [ 136.894687456, 35.47916674 ] ], [ [ 136.899375471, 35.479582736 ], [ 136.899375471, 35.479374736 ], [ 136.899375472, 35.479166735 ], [ 136.899687473, 35.479166735 ], [ 136.899687472, 35.479374735 ], [ 136.899687472, 35.479582736 ], [ 136.899375471, 35.479582736 ] ], [ [ 136.900625476, 35.479582735 ], [ 136.900625476, 35.479374734 ], [ 136.900937477, 35.479374734 ], [ 136.900937477, 35.479582734 ], [ 136.900625476, 35.479582735 ] ], [ [ 136.895625458, 35.480207741 ], [ 136.895625458, 35.480416741 ], [ 136.895312457, 35.480416741 ], [ 136.895312457, 35.480207741 ], [ 136.895625458, 35.480207741 ] ], [ [ 136.908438511, 35.476666718 ], [ 136.908750513, 35.476666717 ], [ 136.908750512, 35.476874718 ], [ 136.908438511, 35.476874718 ], [ 136.908438511, 35.476666718 ], [ 136.90812551, 35.476666718 ], [ 136.90812551, 35.476874719 ], [ 136.907813509, 35.476874719 ], [ 136.907813509, 35.476666719 ], [ 136.907500507, 35.476666719 ], [ 136.907500508, 35.476457719 ], [ 136.907813509, 35.476457718 ], [ 136.90812551, 35.476457718 ], [ 136.908438512, 35.476457717 ], [ 136.908438511, 35.476666718 ] ] ] } },
{ "type": "Feature", "properties": { "A31a_301": "8505090066", "A31a_302": "津保川", "A31a_303": "21", "A31a_304": "岐阜県", "A31a_305": 2 }, "geometry": { "type": "Polygon", "coordinates": [ [ [ 136.866875381, 35.481041756 ], [ 136.866875381, 35.480832756 ], [ 136.867188382, 35.480832756 ], [ 136.867188382, 35.480624756 ], [ 136.867188382, 35.480416756 ], [ 136.867500383, 35.480416756 ], [ 136.867500383, 35.480207755 ], [ 136.867813383, 35.480207755 ], [ 136.868125384, 35.480207755 ], [ 136.868125384, 35.480416755 ], [ 136.868437385, 35.480416755 ], [ 136.868438385, 35.480416755 ], [ 136.868750385, 35.480416755 ], [ 136.869063386, 35.480416755 ], [ 136.869063386, 35.480207755 ], [ 136.868750385, 35.480207755 ], [ 136.868750385, 35.479999755 ], [ 136.868438385, 35.479999755 ], [ 136.868437385, 35.479999755 ], [ 136.868125384, 35.479999755 ], [ 136.867813383, 35.479999755 ], [ 136.867813383, 35.479791755 ], [ 136.867500383, 35.479791755 ], [ 136.867188382, 35.479791755 ], [ 136.866875381, 35.479791755 ], [ 136.866875381, 35.479582755 ], [ 136.866563381, 35.479582755 ], [ 136.866563381, 35.479791755 ], [ 136.866563381, 35.479999755 ], [ 136.866875381, 35.479999755 ], [ 136.866875381, 35.480207755 ], [ 136.866875381, 35.480416756 ], [ 136.866875381, 35.480624756 ], [ 136.866563381, 35.480624756 ], [ 136.866563381, 35.480832756 ], [ 136.866563381, 35.481041756 ], [ 136.866563381, 35.481249756 ], [ 136.866563381, 35.481457756 ], [ 136.866563381, 35.481666756 ], [ 136.866875381, 35.481666756 ], [ 136.866875381, 35.481457756 ], [ 136.866875381, 35.481249756 ], [ 136.866875381, 35.481041756 ] ] ] } },
{ "type": "Feature", "properties": { "A31a_301": "8505090066", "A31a_302": "津保川", "A31a_303": "21", "A31a_304": "岐阜県", "A31a_305": 2 }, "geometry": { "type": "Polygon", "coordinates": [ [ [ 136.871563391, 35.481249756 ], [ 136.871875391, 35.481249756 ], [ 136.871875392, 35.481041756 ], [ 136.872188392, 35.481041756 ], [ 136.872188392, 35.480832756 ], [ 136.871875392, 35.480832756 ], [ 136.871875392, 35.480624756 ], [ 136.871563391, 35.480624756 ], [ 136.871563391, 35.480832756 ], [ 136.871563391, 35.481041756 ], [ 136.871563391, 35.481249756 ] ] ] } },
{ "type": "Feature", "properties": { "A31a_301": "8505090066", "A31a_302": "津保川", "A31a_303": "21", "A31a_304": "岐阜県", "A31a_305": 2 }, "geometry": { "type": "Polygon", "coordinates": [ [ [ 136.865625379, 35.480207755 ], [ 136.865313378, 35.480207755 ], [ 136.865313378, 35.480416756 ], [ 136.865625379, 35.480416756 ], [ 136.865625379, 35.480207755 ] ] ] } },
{ "type": "Feature", "properties": { "A31a_301": "8505090066", "A31a_302": "津保川", "A31a_303": "21", "A31a_304": "岐阜県", "A31a_305": 2 }, "geometry": { "type": "Polygon", "coordinates": [ [ [ 136.924688577, 35.479999696 ], [ 136.924375576, 35.479999696 ], [ 136.924375575, 35.480207697 ], [ 136.924688577, 35.480207696 ], [ 136.924688577, 35.479999696 ] ] ] } },
{ "type": "Feature", "properties": { "A31a_301": "8505090066", "A31a_302": "津保川", "A31a_303": "21", "A31a_304": "岐阜県", "A31a_305": 2 }, "geometry": { "type": "Polygon", "coordinates": [ [ [ 136.862813373, 35.478332755 ], [ 136.862813373, 35.478124755 ], [ 136.862500372, 35.478124756 ], [ 136.862500372, 35.478332756 ], [ 136.862813373, 35.478332755 ] ] ] } },
{ "type": "Feature", "properties": { "A31a_301": "8505090066", "A31a_302": "津保川", "A31a_303": "21", "A31a_304": "岐阜県", "A31a_305": 2 }, "geometry": { "type": "Polygon", "coordinates": [ [ [ 136.852812356, 35.477291753 ], [ 136.852500355, 35.477291753 ], [ 136.852500355, 35.477499753 ], [ 136.852500355, 35.477707753 ], [ 136.852812356, 35.477707753 ], [ 136.852812356, 35.477916753 ], [ 136.853125356, 35.477916753 ], [ 136.853437357, 35.477916754 ], [ 136.853437357, 35.478124754 ], [ 136.853437357, 35.478332754 ], [ 136.853750357, 35.478332754 ], [ 136.854062358, 35.478332754 ], [ 136.854062358, 35.478124754 ], [ 136.854062358, 35.477916754 ], [ 136.854062358, 35.477707754 ], [ 136.854062358, 35.477499754 ], [ 136.854062358, 35.477291754 ], [ 136.853750357, 35.477291754 ], [ 136.853438357, 35.477291754 ], [ 136.853437357, 35.477291754 ], [ 136.853125356, 35.477291753 ], [ 136.852812356, 35.477291753 ] ] ] } },
{ "type": "Feature", "properties": { "A31a_301": "8505090066", "A31a_302": "津保川", "A31a_303": "21", "A31a_304": "岐阜県", "A31a_305": 2 }, "geometry": { "type": "Polygon", "coordinates": [ [ [ 136.857812364, 35.474374754 ], [ 136.857500363, 35.474374754 ], [ 136.857500363, 35.474582754 ], [ 136.857500363, 35.474791754 ], [ 136.857812364, 35.474791754 ], [ 136.857812364, 35.474999755 ], [ 136.857812364, 35.475207755 ], [ 136.857812364, 35.475416755 ], [ 136.857812364, 35.475624755 ], [ 136.858125365, 35.475624755 ], [ 136.858125365, 35.475832755 ], [ 136.858125365, 35.476041755 ], [ 136.858438365, 35.476041755 ], [ 136.858438365, 35.476249755 ], [ 136.858438365, 35.476457755 ], [ 136.858438365, 35.476666755 ], [ 136.858438365, 35.476874755 ], [ 136.858438365, 35.477082755 ], [ 136.858438365, 35.477291755 ], [ 136.858438365, 35.477499755 ], [ 136.858438365, 35.477707755 ], [ 136.858438365, 35.477916755 ], [ 136.858438365, 35.478124755 ], [ 136.858750366, 35.478124755 ], [ 136.858750366, 35.477916755 ], [ 136.858750366, 35.477707755 ], [ 136.859062366, 35.477707755 ], [ 136.859062366, 35.477499755 ], [ 136.859062366, 35.477291755 ], [ 136.858750366, 35.477291755 ], [ 136.858750366, 35.477082755 ], [ 136.859062366, 35.477082755 ], [ 136.859375367, 35.477082755 ], [ 136.859375367, 35.476874755 ], [ 136.859688367, 35.476874755 ], [ 136.860000368, 35.476874755 ], [ 136.860000368, 35.476666755 ], [ 136.860000368, 35.476457755 ], [ 136.860312368, 35.476457755 ], [ 136.860312368, 35.476249755 ], [ 136.860000368, 35.476249755 ], [ 136.860000368, 35.476041755 ], [ 136.859688367, 35.476041755 ], [ 136.859688367, 35.475832755 ], [ 136.859375367, 35.475832755 ], [ 136.859375367, 35.475624755 ], [ 136.859062366, 35.475624755 ], [ 136.858750366, 35.475624755 ], [ 136.858750366, 35.475416755 ], [ 136.858750366, 35.475207755 ], [ 136.858438365, 35.475207755 ], [ 136.858438365, 35.474999755 ], [ 136.858438365, 35.474791755 ], [ 136.858438365, 35.474582755 ], [ 136.858125364, 35.474582755 ], [ 136.857812364, 35.474582754 ], [ 136.857812364, 35.474374754 ] ] ] } },
{ "type": "Feature", "properties": { "A31a_301": "8505090066", "A31a_302": "津保川", "A31a_303": "21", "A31a_304": "岐阜県", "A31a_305": 2 }, "geometry": { "type": "Polygon", "coordinates": [ [ [ 136.948438678, 35.477916654 ], [ 136.948125677, 35.477916655 ], [ 136.948125677, 35.478124655 ], [ 136.948438678, 35.478124655 ], [ 136.948438678, 35.477916654 ] ] ] } },
{ "type": "Feature", "properties": { "A31a_301": "8505090066", "A31a_302": "津保川", "A31a_303": "21", "A31a_304": "岐阜県", "A31a_305": 2 }, "geometry": { "type": "Polygon", "coordinates": [ [ [ 136.948438678, 35.477916654 ], [ 136.948750679, 35.477916654 ], [ 136.948750679, 35.478124654 ], [ 136.94906268, 35.478124654 ], [ 136.949375682, 35.478124653 ], [ 136.949375682, 35.477916653 ], [ 136.949375682, 35.477707653 ], [ 136.949375682, 35.477499652 ], [ 136.949062681, 35.477499653 ], [ 136.949062681, 35.477291652 ], [ 136.949062681, 35.477082652 ], [ 136.949062681, 35.476874652 ], [ 136.949375682, 35.476874651 ], [ 136.949375682, 35.476666651 ], [ 136.949375683, 35.476457651 ], [ 136.949688684, 35.47645765 ], [ 136.949688684, 35.47624965 ], [ 136.949688684, 35.476041649 ], [ 136.949375683, 35.47604165 ], [ 136.949062682, 35.47604165 ], [ 136.949062682, 35.476249651 ], [ 136.949062681, 35.476457651 ], [ 136.94875068, 35.476457651 ], [ 136.948438679, 35.476457652 ], [ 136.948125678, 35.476457652 ], [ 136.948125677, 35.476666653 ], [ 136.948438679, 35.476666652 ], [ 136.948438679, 35.476874653 ], [ 136.948438678, 35.477082653 ], [ 136.948438678, 35.477291653 ], [ 136.948438678, 35.477499654 ], [ 136.948438678, 35.477707654 ], [ 136.948438678, 35.477916654 ] ] ] } },
{ "type": "Feature", "properties": { "A31a_301": "8505090066", "A31a_302": "津保川", "A31a_303": "21", "A31a_304": "岐阜県", "A31a_305": 2 }, "geometry": { "type": "Polygon", "coordinates": [ [ [ 136.862188372, 35.477291755 ], [ 136.862188372, 35.477082755 ], [ 136.861875371, 35.477082755 ], [ 136.861875371, 35.477291755 ], [ 136.861562371, 35.477291755 ], [ 136.861562371, 35.477499755 ], [ 136.861562371, 35.477707755 ], [ 136.861875371, 35.477707755 ], [ 136.862188372, 35.477707755 ], [ 136.862500372, 35.477707756 ], [ 136.862500372, 35.477499756 ], [ 136.862500372, 35.477291756 ], [ 136.862188372, 35.477291755 ] ] ] } },
{ "type": "Feature", "properties": { "A31a_301": "8505090066", "A31a_302": "津保川", "A31a_303": "21", "A31a_304": "岐阜県", "A31a_305": 2 }, "geometry": { "type": "Polygon", "coordinates": [ [ [ 136.890312443, 35.477499742 ], [ 136.890000442, 35.477499742 ], [ 136.889687441, 35.477499743 ], [ 136.889687441, 35.477707743 ], [ 136.890000442, 35.477707743 ], [ 136.890312443, 35.477707742 ], [ 136.890312443, 35.477499742 ] ] ] } },
{ "type": "Feature", "properties": { "A31a_301": "8505090066", "A31a_302": "津保川", "A31a_303": "21", "A31a_304": "岐阜県", "A31a_305": 2 }, "geometry": { "type": "Polygon", "coordinates": [ [ [ 136.909063513, 35.477499718 ], [ 136.908750512, 35.477499719 ], [ 136.90843851, 35.477499719 ], [ 136.908125509, 35.47749972 ], [ 136.908125509, 35.47770772 ], [ 136.90843851, 35.47770772 ], [ 136.908750511, 35.477707719 ], [ 136.909063513, 35.477707719 ], [ 136.909063513, 35.477499718 ] ] ] } },
{ "type": "Feature", "properties": { "A31a_301": "8505090066", "A31a_302": "津保川", "A31a_303": "21", "A31a_304": "岐阜県", "A31a_305": 2 }, "geometry": { "type": "Polygon", "coordinates": [ [ [ 136.948125677, 35.477499654 ], [ 136.947812676, 35.477499654 ], [ 136.947812676, 35.477707655 ], [ 136.948125677, 35.477707654 ], [ 136.948125677, 35.477499654 ] ] ] } },
{ "type": "Feature", "properties": { "A31a_301": "8505090066", "A31a_302": "津保川", "A31a_303": "21", "A31a_304": "岐阜県", "A31a_305": 2 }, "geometry": { "type": "Polygon", "coordinates": [ [ [ 136.909063513, 35.477499718 ], [ 136.909375514, 35.477499718 ], [ 136.909375514, 35.477291718 ], [ 136.909063513, 35.477291718 ], [ 136.909063513, 35.477499718 ] ] ] } },
{ "type": "Feature", "properties": { "A31a_301": "8505090066", "A31a_302": "津保川", "A31a_303": "21", "A31a_304": "岐阜県", "A31a_305": 2 }, "geometry": { "type": "Polygon", "coordinates": [ [ [ 136.947812676, 35.477082654 ], [ 136.947500675, 35.477082654 ], [ 136.947500675, 35.477291655 ], [ 136.947812676, 35.477291654 ], [ 136.947812676, 35.477082654 ] ] ] } },
{ "type": "Feature", "properties": { "A31a_301": "8505090066", "A31a_302": "津保川", "A31a_303": "21", "A31a_304": "岐阜県", "A31a_305": 2 }, "geometry": { "type": "Polygon", "coordinates": [ [ [ 136.86125037, 35.477082755 ], [ 136.86125037, 35.476874755 ], [ 136.861562371, 35.476874755 ], [ 136.861562371, 35.476666755 ], [ 136.86125037, 35.476666755 ], [ 136.86125037, 35.476457755 ], [ 136.86093837, 35.476457755 ], [ 136.860625369, 35.476457755 ], [ 136.860625369, 35.476666755 ], [ 136.860625369, 35.476874755 ], [ 136.86093837, 35.476874755 ], [ 136.86093837, 35.477082755 ], [ 136.86125037, 35.477082755 ] ] ] } },
{ "type": "Feature", "properties": { "A31a_301": "8505090066", "A31a_302": "津保川", "A31a_303": "21", "A31a_304": "岐阜県", "A31a_305": 2 }, "geometry": { "type": "Polygon", "coordinates": [ [ [ 136.899687475, 35.476874731 ], [ 136.899375474, 35.476874732 ], [ 136.899375474, 35.477082732 ], [ 136.899687475, 35.477082732 ], [ 136.899687475, 35.476874731 ] ] ] } },
{ "type": "Feature", "properties": { "A31a_301": "8505090066", "A31a_302": "津保川", "A31a_303": "21", "A31a_304": "岐阜県", "A31a_305": 2 }, "geometry": { "type": "Polygon", "coordinates": [ [ [ 136.934688623, 35.477082673 ], [ 136.934688623, 35.476874672 ], [ 136.934375622, 35.476874673 ], [ 136.934375621, 35.477082673 ], [ 136.934688623, 35.477082673 ] ] ] } },
{ "type": "Feature", "properties": { "A31a_301": "8505090066", "A31a_302": "津保川", "A31a_303": "21", "A31a_304": "岐阜県", "A31a_305": 2 }, "geometry": { "type": "Polygon", "coordinates": [ [ [ 136.899375474, 35.476666731 ], [ 136.899062473, 35.476666732 ], [ 136.899062473, 35.476874732 ], [ 136.899375474, 35.476874732 ], [ 136.899375474, 35.476666731 ] ] ] } },
{ "type": "Feature", "properties": { "A31a_301": "8505090066", "A31a_302": "津保川", "A31a_303": "21", "A31a_304": "岐阜県", "A31a_305": 2 }, "geometry": { "type": "Polygon", "coordinates": [ [ [ 136.947500675, 35.476874654 ], [ 136.947500675, 35.476666653 ], [ 136.947188674, 35.476666654 ], [ 136.947188674, 35.476874654 ], [ 136.947500675, 35.476874654 ] ] ] } },
{ "type": "Feature", "properties": { "A31a_301": "8505090066", "A31a_302": "津保川", "A31a_303": "21", "A31a_304": "岐阜県", "A31a_305": 2 }, "geometry": { "type": "Polygon", "coordinates": [ [ [ 136.957812709, 35.476666643 ], [ 136.957500708, 35.476666643 ], [ 136.957500708, 35.476874644 ], [ 136.957812709, 35.476874643 ], [ 136.957812709, 35.476666643 ] ] ] } },
{ "type": "Feature", "properties": { "A31a_301": "8505090066", "A31a_302": "津保川", "A31a_303": "21", "A31a_304": "岐阜県", "A31a_305": 2 }, "geometry": { "type": "Polygon", "coordinates": [ [ [ 136.914375538, 35.474999705 ], [ 136.914062537, 35.474999705 ], [ 136.914062537, 35.475207706 ], [ 136.914062537, 35.475416706 ], [ 136.913750535, 35.475416707 ], [ 136.913750536, 35.475207706 ], [ 136.913438534, 35.475207707 ], [ 136.913438535, 35.474999706 ], [ 136.913125533, 35.474999707 ], [ 136.913125533, 35.474791707 ], [ 136.912813532, 35.474791707 ], [ 136.912813532, 35.474999708 ], [ 136.912500531, 35.474999708 ], [ 136.912500531, 35.474791708 ], [ 136.912188529, 35.474791708 ], [ 136.911875528, 35.474791709 ], [ 136.911563527, 35.474791709 ], [ 136.911250525, 35.47479171 ], [ 136.911250525, 35.47499971 ], [ 136.911563527, 35.47499971 ], [ 136.911563526, 35.47520771 ], [ 136.911875528, 35.47520771 ], [ 136.911875527, 35.47541671 ], [ 136.911875527, 35.475624711 ], [ 136.912188528, 35.47562471 ], [ 136.912188529, 35.47541671 ], [ 136.912188529, 35.475207709 ], [ 136.91250053, 35.475207709 ], [ 136.912813532, 35.475207708 ], [ 136.912813531, 35.475416709 ], [ 136.913125533, 35.475416708 ], [ 136.913125532, 35.475624708 ], [ 136.913437534, 35.475624708 ], [ 136.913438534, 35.475624708 ], [ 136.913750535, 35.475624707 ], [ 136.913750535, 35.475832708 ], [ 136.913750534, 35.476041708 ], [ 136.913437533, 35.476041709 ], [ 136.913437533, 35.476249709 ], [ 136.913437533, 35.476457709 ], [ 136.913750534, 35.476457709 ], [ 136.914062535, 35.476457708 ], [ 136.914062535, 35.476666709 ], [ 136.914375536, 35.476666708 ], [ 136.914687538, 35.476666707 ], [ 136.914688538, 35.476666707 ], [ 136.915000539, 35.476666707 ], [ 136.91531254, 35.476666706 ], [ 136.915312541, 35.476457706 ], [ 136.915312541, 35.476249705 ], [ 136.915312541, 35.476041705 ], [ 136.91500054, 35.476041705 ], [ 136.91500054, 35.475832705 ], [ 136.91500054, 35.475624705 ], [ 136.915000541, 35.475416704 ], [ 136.914688539, 35.475416705 ], [ 136.914687539, 35.475416705 ], [ 136.914375538, 35.475416705 ], [ 136.914375538, 35.475207705 ], [ 136.914375538, 35.474999705 ] ] ] } },
{ "type": "Feature", "properties": { "A31a_301": "8505090066", "A31a_302": "津保川", "A31a_303": "21", "A31a_304": "岐阜県", "A31a_305": 2 }, "geometry": { "type": "Polygon", "coordinates": [ [ [ 136.947188674, 35.476041653 ], [ 136.946875673, 35.476041653 ], [ 136.946875673, 35.476249654 ], [ 136.946875673, 35.476457654 ], [ 136.947188674, 35.476457654 ], [ 136.947188674, 35.476249653 ], [ 136.947188674, 35.476041653 ] ] ] } },
{ "type": "Feature", "properties": { "A31a_301": "8505090066", "A31a_302": "津保川", "A31a_303": "21", "A31a_304": "岐阜県", "A31a_305": 2 }, "geometry": { "type": "Polygon", "coordinates": [ [ [ 136.950312687, 35.475416648 ], [ 136.950312687, 35.475207647 ], [ 136.950000686, 35.475207648 ], [ 136.950000686, 35.475416648 ], [ 136.949688685, 35.475416648 ], [ 136.949688685, 35.475207648 ], [ 136.949375683, 35.475207648 ], [ 136.949375684, 35.474999648 ], [ 136.949062682, 35.474999648 ], [ 136.948750681, 35.474999649 ], [ 136.948750681, 35.475207649 ], [ 136.949062682, 35.475207649 ], [ 136.949062682, 35.475416649 ], [ 136.949375683, 35.475416649 ], [ 136.949375683, 35.475624649 ], [ 136.949688684, 35.475624649 ], [ 136.949688684, 35.475832649 ], [ 136.950000686, 35.475832649 ], [ 136.950000685, 35.476041649 ], [ 136.950312686, 35.476041649 ], [ 136.950312686, 35.475832648 ], [ 136.950312687, 35.475624648 ], [ 136.950312687, 35.475416648 ] ] ] } },
{ "type": "Feature", "properties": { "A31a_301": "8505090066", "A31a_302": "津保川", "A31a_303": "21", "A31a_304": "岐阜県", "A31a_305": 2 }, "geometry": { "type": "Polygon", "coordinates": [ [ [ 136.852188354, 35.474791753 ], [ 136.852188354, 35.474999753 ], [ 136.852188354, 35.475207753 ], [ 136.852187354, 35.475207753 ], [ 136.851875353, 35.475207753 ], [ 136.851875353, 35.474999753 ], [ 136.851875353, 35.474791753 ], [ 136.851562353, 35.474791753 ], [ 136.851562353, 35.474999753 ], [ 136.851250352, 35.474999753 ], [ 136.851250352, 35.475207753 ], [ 136.851250352, 35.475416753 ], [ 136.851562353, 35.475416753 ], [ 136.851562353, 35.475624753 ], [ 136.851562353, 35.475832753 ], [ 136.851875354, 35.475832753 ], [ 136.852188354, 35.475832753 ], [ 136.852188354, 35.475624753 ], [ 136.852500355, 35.475624753 ], [ 136.852812355, 35.475624753 ], [ 136.852812355, 35.475416753 ], [ 136.853125356, 35.475416753 ], [ 136.853125356, 35.475207753 ], [ 136.852812355, 35.475207753 ], [ 136.852500354, 35.475207753 ], [ 136.852500354, 35.474999753 ], [ 136.852500354, 35.474791753 ], [ 136.852188354, 35.474791753 ] ] ] } },
{ "type": "Feature", "properties": { "A31a_301": "8505090066", "A31a_302": "津保川", "A31a_303": "21", "A31a_304": "岐阜県", "A31a_305": 2 }, "geometry": { "type": "Polygon", "coordinates": [ [ [ 136.862188372, 35.475416755 ], [ 136.862188372, 35.475207755 ], [ 136.861875371, 35.475207755 ], [ 136.861875371, 35.475416755 ], [ 136.861562371, 35.475416755 ], [ 136.86125037, 35.475416755 ], [ 136.86125037, 35.475624755 ], [ 136.861562371, 35.475624755 ], [ 136.861875371, 35.475624755 ], [ 136.862188372, 35.475624755 ], [ 136.862500372, 35.475624756 ], [ 136.862500372, 35.475416756 ], [ 136.862188372, 35.475416755 ] ] ] } },
{ "type": "Feature", "properties": { "A31a_301": "8505090066", "A31a_302": "津保川", "A31a_303": "21", "A31a_304": "岐阜県", "A31a_305": 2 }, "geometry": { "type": "Polygon", "coordinates": [ [ [ 136.859375367, 35.474582755 ], [ 136.859688367, 35.474582755 ], [ 136.859688367, 35.474791755 ], [ 136.860000368, 35.474791755 ], [ 136.860000368, 35.474999755 ], [ 136.860000368, 35.475207755 ], [ 136.860312368, 35.475207755 ], [ 136.860312368, 35.475416755 ], [ 136.860625369, 35.475416755 ], [ 136.860625369, 35.475207755 ], [ 136.860938369, 35.475207755 ], [ 136.860938369, 35.474999755 ], [ 136.860938369, 35.474791755 ], [ 136.860938369, 35.474582755 ], [ 136.860938369, 35.474374755 ], [ 136.860938369, 35.474166755 ], [ 136.860938369, 35.473957755 ], [ 136.860625369, 35.473957755 ], [ 136.860625368, 35.473749755 ], [ 136.860312368, 35.473749755 ], [ 136.860000367, 35.473749755 ], [ 136.860000367, 35.473541755 ], [ 136.859688367, 35.473541755 ], [ 136.859688367, 35.473332755 ], [ 136.859688367, 35.473124755 ], [ 136.859688367, 35.472916755 ], [ 136.859688366, 35.472707755 ], [ 136.859688366, 35.472499754 ], [ 136.859375366, 35.472499754 ], [ 136.859375366, 35.472291754 ], [ 136.859375366, 35.472082754 ], [ 136.859062365, 35.472082754 ], [ 136.859062365, 35.471874754 ], [ 136.859062365, 35.471666754 ], [ 136.858750364, 35.471666754 ], [ 136.858750364, 35.471457754 ], [ 136.858438364, 35.471457754 ], [ 136.858438364, 35.471249754 ], [ 136.858125363, 35.471249754 ], [ 136.858125363, 35.471041754 ], [ 136.857812363, 35.471041754 ], [ 136.857812362, 35.470832754 ], [ 136.857500362, 35.470832754 ], [ 136.857500362, 35.470624754 ], [ 136.857187361, 35.470624754 ], [ 136.857187361, 35.470832754 ], [ 136.857187361, 35.471041754 ], [ 136.857500362, 35.471041754 ], [ 136.857500362, 35.471249754 ], [ 136.857500362, 35.471457754 ], [ 136.857812363, 35.471457754 ], [ 136.857812363, 35.471666754 ], [ 136.857812363, 35.471874754 ], [ 136.858125363, 35.471874754 ], [ 136.858125363, 35.472082754 ], [ 136.858125364, 35.472291754 ], [ 136.858438364, 35.472291754 ], [ 136.858438364, 35.472499754 ], [ 136.858438364, 35.472707754 ], [ 136.858750365, 35.472707754 ], [ 136.858750365, 35.472916754 ], [ 136.858750365, 35.473124754 ], [ 136.858750365, 35.473332754 ], [ 136.858750365, 35.473541755 ], [ 136.858750365, 35.473749755 ], [ 136.858750365, 35.473957755 ], [ 136.858750365, 35.474166755 ], [ 136.859062366, 35.474166755 ], [ 136.859375366, 35.474166755 ], [ 136.859688367, 35.474166755 ], [ 136.859688367, 35.474374755 ], [ 136.859375366, 35.474374755 ], [ 136.859375367, 35.474582755 ] ], [ [ 136.860625369, 35.474374755 ], [ 136.860625369, 35.474582755 ], [ 136.860312368, 35.474582755 ], [ 136.860312368, 35.474374755 ], [ 136.860625369, 35.474374755 ] ] ] } },
{ "type": "Feature", "properties": { "A31a_301": "8505090066", "A31a_302": "津保川", "A31a_303": "21", "A31a_304": "岐阜県", "A31a_305": 2 }, "geometry": { "type": "Polygon", "coordinates": [ [ [ 136.946875673, 35.475207652 ], [ 136.947188675, 35.475207651 ], [ 136.947500676, 35.475207651 ], [ 136.947812677, 35.47520765 ], [ 136.947812677, 35.47499965 ], [ 136.948125679, 35.47499965 ], [ 136.948125679, 35.474791649 ], [ 136.947812677, 35.47479165 ], [ 136.947500676, 35.47479165 ], [ 136.947188675, 35.47479165 ], [ 136.946875674, 35.474791651 ], [ 136.946875674, 35.474999651 ], [ 136.946875673, 35.475207652 ] ] ] } },
{ "type": "Feature", "properties": { "A31a_301": "8505090066", "A31a_302": "津保川", "A31a_303": "21", "A31a_304": "岐阜県", "A31a_305": 2 }, "geometry": { "type": "Polygon", "coordinates": [ [ [ 136.957500708, 35.47458264 ], [ 136.957187707, 35.47458264 ], [ 136.957187707, 35.47479164 ], [ 136.956875706, 35.474791641 ], [ 136.956875706, 35.474999641 ], [ 136.956875706, 35.475207641 ], [ 136.957188707, 35.475207641 ], [ 136.957188707, 35.474999641 ], [ 136.957500708, 35.474999641 ], [ 136.957500708, 35.47479164 ], [ 136.957500708, 35.47458264 ] ] ] } },
{ "type": "Feature", "properties": { "A31a_301": "8505090066", "A31a_302": "津保川", "A31a_303": "21", "A31a_304": "岐阜県", "A31a_305": 2 }, "geometry": { "type": "Polygon", "coordinates": [ [ [ 136.86156237, 35.474791755 ], [ 136.86125037, 35.474791755 ], [ 136.86125037, 35.474999755 ], [ 136.861562371, 35.474999755 ], [ 136.86156237, 35.474791755 ] ] ] } },
{ "type": "Feature", "properties": { "A31a_301": "8505090066", "A31a_302": "津保川", "A31a_303": "21", "A31a_304": "岐阜県", "A31a_305": 2 }, "geometry": { "type": "Polygon", "coordinates": [ [ [ 136.854688358, 35.474582754 ], [ 136.854687358, 35.474582754 ], [ 136.854375358, 35.474582754 ], [ 136.854375358, 35.474374754 ], [ 136.854062357, 35.474374754 ], [ 136.854062357, 35.474582754 ], [ 136.854062357, 35.474791754 ], [ 136.854375358, 35.474791754 ], [ 136.854375358, 35.474999754 ], [ 136.854688358, 35.474999754 ], [ 136.854688358, 35.474791754 ], [ 136.854688358, 35.474582754 ] ] ] } },
{ "type": "Feature", "properties": { "A31a_301": "8505090066", "A31a_302": "津保川", "A31a_303": "21", "A31a_304": "岐阜県", "A31a_305": 2 }, "geometry": { "type": "Polygon", "coordinates": [ [ [ 136.914375538, 35.474999705 ], [ 136.91468854, 35.474999704 ], [ 136.91468854, 35.474791704 ], [ 136.914375539, 35.474791704 ], [ 136.914375538, 35.474999705 ] ] ] } },
{ "type": "Feature", "properties": { "A31a_301": "8505090066", "A31a_302": "津保川", "A31a_303": "21", "A31a_304": "岐阜県", "A31a_305": 2 }, "geometry": { "type": "Polygon", "coordinates": [ [ [ 136.859375367, 35.474582755 ], [ 136.859062366, 35.474582755 ], [ 136.859062366, 35.474791755 ], [ 136.859375367, 35.474791755 ], [ 136.859375367, 35.474582755 ] ] ] } },
{ "type": "Feature", "properties": { "A31a_301": "8505090066", "A31a_302": "津保川", "A31a_303": "21", "A31a_304": "岐阜県", "A31a_305": 2 }, "geometry": { "type": "Polygon", "coordinates": [ [ [ 136.851875353, 35.474582753 ], [ 136.851875353, 35.474791753 ], [ 136.852187354, 35.474791753 ], [ 136.852188354, 35.474791753 ], [ 136.852188354, 35.474582753 ], [ 136.851875353, 35.474582753 ] ] ] } },
{ "type": "Feature", "properties": { "A31a_301": "8505090066", "A31a_302": "津保川", "A31a_303": "21", "A31a_304": "岐阜県", "A31a_305": 2 }, "geometry": { "type": "Polygon", "coordinates": [ [ [ 136.851562353, 35.474582753 ], [ 136.851250352, 35.474582753 ], [ 136.851250352, 35.474791753 ], [ 136.851562353, 35.474791753 ], [ 136.851562353, 35.474582753 ] ] ] } },
{ "type": "Feature", "properties": { "A31a_301": "8505090066", "A31a_302": "津保川", "A31a_303": "21", "A31a_304": "岐阜県", "A31a_305": 2 }, "geometry": { "type": "Polygon", "coordinates": [ [ [ 136.949688685, 35.474582647 ], [ 136.949375684, 35.474582647 ], [ 136.949375684, 35.474791648 ], [ 136.949688685, 35.474791647 ], [ 136.949688685, 35.474582647 ] ] ] } },
{ "type": "Feature", "properties": { "A31a_301": "8505090066", "A31a_302": "津保川", "A31a_303": "21", "A31a_304": "岐阜県", "A31a_305": 2 }, "geometry": { "type": "Polygon", "coordinates": [ [ [ 136.956875706, 35.474791641 ], [ 136.956875706, 35.47458264 ], [ 136.956562705, 35.474582641 ], [ 136.956562705, 35.474791641 ], [ 136.956875706, 35.474791641 ] ] ] } },
{ "type": "Feature", "properties": { "A31a_301": "8505090066", "A31a_302": "津保川", "A31a_303": "21", "A31a_304": "岐阜県", "A31a_305": 2 }, "geometry": { "type": "Polygon", "coordinates": [ [ [ 136.957500708, 35.47458264 ], [ 136.957812709, 35.474582639 ], [ 136.957812709, 35.47479164 ], [ 136.95812571, 35.47479164 ], [ 136.958438711, 35.474791639 ], [ 136.958438711, 35.474582639 ], [ 136.95812571, 35.474582639 ], [ 136.95812571, 35.474374639 ], [ 136.957812709, 35.474374639 ], [ 136.957500708, 35.474374639 ], [ 136.957500708, 35.47458264 ] ] ] } },
{ "type": "Feature", "properties": { "A31a_301": "8505090066", "A31a_302": "津保川", "A31a_303": "21", "A31a_304": "岐阜県", "A31a_305": 2 }, "geometry": { "type": "Polygon", "coordinates": [ [ [ 136.854688358, 35.474582754 ], [ 136.855000359, 35.474582754 ], [ 136.855000359, 35.474374754 ], [ 136.855312359, 35.474374754 ], [ 136.855312359, 35.474166754 ], [ 136.855312359, 35.473957754 ], [ 136.855000359, 35.473957754 ], [ 136.854688358, 35.473957754 ], [ 136.854688358, 35.474166754 ], [ 136.854688358, 35.474374754 ], [ 136.854688358, 35.474582754 ] ] ] } },
{ "type": "Feature", "properties": { "A31a_301": "8505090066", "A31a_302": "津保川", "A31a_303": "21", "A31a_304": "岐阜県", "A31a_305": 2 }, "geometry": { "type": "Polygon", "coordinates": [ [ [ 136.851562353, 35.474582753 ], [ 136.851875353, 35.474582753 ], [ 136.851875353, 35.474374753 ], [ 136.851562353, 35.474374753 ], [ 136.851562353, 35.474582753 ] ] ] } },
{ "type": "Feature", "properties": { "A31a_301": "8505090066", "A31a_302": "津保川", "A31a_303": "21", "A31a_304": "岐阜県", "A31a_305": 2 }, "geometry": { "type": "Polygon", "coordinates": [ [ [ 136.918438556, 35.474374695 ], [ 136.918437556, 35.474374695 ], [ 136.918125555, 35.474374696 ], [ 136.918125555, 35.474582696 ], [ 136.918437556, 35.474582696 ], [ 136.918438556, 35.474582696 ], [ 136.918750557, 35.474582695 ], [ 136.918750557, 35.474374695 ], [ 136.918438556, 35.474374695 ] ] ] } },
{ "type": "Feature", "properties": { "A31a_301": "8505090066", "A31a_302": "津保川", "A31a_303": "21", "A31a_304": "岐阜県", "A31a_305": 2 }, "geometry": { "type": "Polygon", "coordinates": [ [ [ 136.857812364, 35.474374754 ], [ 136.858125364, 35.474374755 ], [ 136.858125364, 35.474166755 ], [ 136.858125364, 35.473957754 ], [ 136.857812364, 35.473957754 ], [ 136.857812364, 35.474166754 ], [ 136.857812364, 35.474374754 ] ] ] } },
{ "type": "Feature", "properties": { "A31a_301": "8505090066", "A31a_302": "津保川", "A31a_303": "21", "A31a_304": "岐阜県", "A31a_305": 2 }, "geometry": { "type": "Polygon", "coordinates": [ [ [ 136.921875571, 35.473957688 ], [ 136.92156257, 35.473957688 ], [ 136.92156257, 35.474166689 ], [ 136.921875571, 35.474166688 ], [ 136.921875571, 35.473957688 ] ] ] } },
{ "type": "Feature", "properties": { "A31a_301": "8505090066", "A31a_302": "津保川", "A31a_303": "21", "A31a_304": "岐阜県", "A31a_305": 2 }, "geometry": { "type": "Polygon", "coordinates": [ [ [ 136.921875571, 35.473957688 ], [ 136.922188572, 35.473957687 ], [ 136.922188573, 35.473749687 ], [ 136.921875571, 35.473749687 ], [ 136.921875571, 35.473957688 ] ] ] } },
{ "type": "Feature", "properties": { "A31a_301": "8505090066", "A31a_302": "津保川", "A31a_303": "21", "A31a_304": "岐阜県", "A31a_305": 2 }, "geometry": { "type": "Polygon", "coordinates": [ [ [ 136.854687358, 35.473541754 ], [ 136.854375357, 35.473541754 ], [ 136.854375357, 35.473749754 ], [ 136.854687358, 35.473749754 ], [ 136.854687358, 35.473541754 ] ] ] } },
{ "type": "Feature", "properties": { "A31a_301": "8505090066", "A31a_302": "津保川", "A31a_303": "21", "A31a_304": "岐阜県", "A31a_305": 2 }, "geometry": { "type": "Polygon", "coordinates": [ [ [ 136.922188573, 35.473332686 ], [ 136.921875572, 35.473332686 ], [ 136.921875571, 35.473541687 ], [ 136.922188573, 35.473541686 ], [ 136.922188573, 35.473332686 ] ] ] } },
{ "type": "Feature", "properties": { "A31a_301": "8505090066", "A31a_302": "津保川", "A31a_303": "21", "A31a_304": "岐阜県", "A31a_305": 2 }, "geometry": { "type": "Polygon", "coordinates": [ [ [ 136.857500363, 35.473124754 ], [ 136.857187362, 35.473124754 ], [ 136.857187362, 35.473332754 ], [ 136.857500363, 35.473332754 ], [ 136.857812363, 35.473332754 ], [ 136.857812363, 35.473124754 ], [ 136.857500363, 35.473124754 ] ] ] } },
{ "type": "Feature", "properties": { "A31a_301": "8505090066", "A31a_302": "津保川", "A31a_303": "21", "A31a_304": "岐阜県", "A31a_305": 2 }, "geometry": { "type": "Polygon", "coordinates": [ [ [ 136.857188362, 35.472499754 ], [ 136.856875361, 35.472499754 ], [ 136.856875361, 35.472707754 ], [ 136.856875362, 35.472916754 ], [ 136.857188362, 35.472916754 ], [ 136.857188362, 35.472707754 ], [ 136.857188362, 35.472499754 ] ] ] } },
{ "type": "Feature", "properties": { "A31a_301": "8505090066", "A31a_302": "津保川", "A31a_303": "21", "A31a_304": "岐阜県", "A31a_305": 2 }, "geometry": { "type": "Polygon", "coordinates": [ [ [ 136.860312367, 35.472291754 ], [ 136.860312367, 35.472082754 ], [ 136.860625368, 35.472082754 ], [ 136.860625368, 35.471874754 ], [ 136.860625368, 35.471666754 ], [ 136.860625368, 35.471457754 ], [ 136.860312367, 35.471457754 ], [ 136.860000367, 35.471457754 ], [ 136.860000367, 35.471249754 ], [ 136.860000366, 35.471041754 ], [ 136.860000366, 35.470832754 ], [ 136.860000366, 35.470624754 ], [ 136.860000366, 35.470416754 ], [ 136.860000366, 35.470207754 ], [ 136.859688366, 35.470207754 ], [ 136.859375365, 35.470207754 ], [ 136.859375365, 35.470416754 ], [ 136.859688366, 35.470416754 ], [ 136.859688366, 35.470624754 ], [ 136.859688366, 35.470832754 ], [ 136.859375365, 35.470832754 ], [ 136.859375365, 35.471041754 ], [ 136.859062365, 35.471041754 ], [ 136.859062365, 35.471249754 ], [ 136.859062365, 35.471457754 ], [ 136.859375365, 35.471457754 ], [ 136.859375365, 35.471249754 ], [ 136.859688366, 35.471249754 ], [ 136.859688366, 35.471457754 ], [ 136.859688366, 35.471666754 ], [ 136.859688366, 35.471874754 ], [ 136.859688366, 35.472082754 ], [ 136.860000367, 35.472082754 ], [ 136.860000367, 35.472291754 ], [ 136.860000367, 35.472499755 ], [ 136.860312367, 35.472499755 ], [ 136.860312367, 35.472291754 ] ] ] } },
{ "type": "Feature", "properties": { "A31a_301": "8505090066", "A31a_302": "津保川", "A31a_303": "21", "A31a_304": "岐阜県", "A31a_305": 2 }, "geometry": { "type": "Polygon", "coordinates": [ [ [ 136.856875361, 35.472082754 ], [ 136.856562361, 35.472082754 ], [ 136.856562361, 35.472291754 ], [ 136.856875361, 35.472291754 ], [ 136.856875361, 35.472082754 ] ] ] } },
{ "type": "Feature", "properties": { "A31a_301": "8505090066", "A31a_302": "津保川", "A31a_303": "21", "A31a_304": "岐阜県", "A31a_305": 2 }, "geometry": { "type": "Polygon", "coordinates": [ [ [ 136.925625589, 35.472291677 ], [ 136.925625589, 35.472082676 ], [ 136.92593859, 35.472082676 ], [ 136.92593859, 35.471874676 ], [ 136.925625589, 35.471874676 ], [ 136.925313588, 35.471874677 ], [ 136.925313588, 35.472082677 ], [ 136.925313587, 35.472291677 ], [ 136.925625589, 35.472291677 ] ] ] } },
{ "type": "Feature", "properties": { "A31a_301": "8505090066", "A31a_302": "津保川", "A31a_303": "21", "A31a_304": "岐阜県", "A31a_305": 2 }, "geometry": { "type": "Polygon", "coordinates": [ [ [ 136.937813641, 35.471666656 ], [ 136.937813641, 35.471457655 ], [ 136.938125642, 35.471457655 ], [ 136.938437643, 35.471457654 ], [ 136.938438643, 35.471457654 ], [ 136.938750644, 35.471457654 ], [ 136.939063646, 35.471457654 ], [ 136.939063646, 35.471249653 ], [ 136.939063646, 35.471041653 ], [ 136.938750645, 35.471041653 ], [ 136.938750645, 35.470832652 ], [ 136.938750645, 35.470624652 ], [ 136.938438644, 35.470624652 ], [ 136.938438644, 35.470416652 ], [ 136.938750645, 35.470416652 ], [ 136.939063647, 35.470416651 ], [ 136.939063646, 35.470624652 ], [ 136.939375648, 35.470624651 ], [ 136.939687649, 35.470624651 ], [ 136.939688649, 35.470624651 ], [ 136.94000065, 35.47062465 ], [ 136.940313651, 35.47062465 ], [ 136.940625652, 35.47062465 ], [ 136.940938653, 35.470624649 ], [ 136.940938654, 35.470416649 ], [ 136.941250655, 35.470416648 ], [ 136.941563656, 35.470416648 ], [ 136.941563656, 35.470207647 ], [ 136.941875657, 35.470207647 ], [ 136.942187658, 35.470207646 ], [ 136.942188658, 35.470207646 ], [ 136.94250066, 35.470207646 ], [ 136.942813661, 35.470207646 ], [ 136.943125662, 35.470207645 ], [ 136.943437663, 35.470207645 ], [ 136.943438663, 35.470207645 ], [ 136.943750664, 35.470207644 ], [ 136.943750664, 35.469999644 ], [ 136.943750665, 35.469791643 ], [ 136.944063666, 35.469791643 ], [ 136.944375667, 35.469791643 ], [ 136.944687668, 35.469791642 ], [ 136.944687668, 35.469999643 ], [ 136.945000669, 35.469999642 ], [ 136.94531267, 35.469999642 ], [ 136.945625671, 35.469999641 ], [ 136.945625672, 35.469791641 ], [ 136.945625672, 35.46958264 ], [ 136.945938673, 35.46958264 ], [ 136.945938673, 35.46979164 ], [ 136.945938673, 35.469999641 ], [ 136.946250674, 35.469999641 ], [ 136.946562675, 35.46999964 ], [ 136.946875676, 35.46999964 ], [ 136.947188677, 35.469999639 ], [ 136.947188677, 35.469791639 ], [ 136.946875676, 35.469791639 ], [ 136.946562675, 35.46979164 ], [ 136.946562675, 35.469582639 ], [ 136.946562675, 35.469374639 ], [ 136.946562675, 35.469166638 ], [ 136.946562675, 35.468957638 ], [ 136.946562676, 35.468749637 ], [ 136.946250674, 35.468749638 ], [ 136.945938673, 35.468749638 ], [ 136.945625672, 35.468749638 ], [ 136.945625672, 35.468541638 ], [ 136.945312671, 35.468541638 ], [ 136.945312671, 35.468332638 ], [ 136.945312671, 35.468124637 ], [ 136.94500067, 35.468124638 ], [ 136.94500067, 35.468332638 ], [ 136.944688669, 35.468332639 ], [ 136.944688669, 35.468124638 ], [ 136.944375668, 35.468124639 ], [ 136.944375668, 35.467916638 ], [ 136.944063667, 35.467916639 ], [ 136.943750666, 35.467916639 ], [ 136.943438665, 35.467916639 ], [ 136.943437665, 35.467916639 ], [ 136.943125664, 35.46791664 ], [ 136.942813662, 35.46791664 ], [ 136.942500661, 35.467916641 ], [ 136.94218866, 35.467916641 ], [ 136.94218766, 35.467916641 ], [ 136.941875659, 35.467916642 ], [ 136.941563658, 35.467916642 ], [ 136.941250657, 35.467916642 ], [ 136.940937656, 35.467916643 ], [ 136.940937655, 35.468124643 ], [ 136.940937655, 35.468332644 ], [ 136.940937655, 35.468541644 ], [ 136.940937655, 35.468749645 ], [ 136.940937655, 35.468957645 ], [ 136.940625654, 35.468957646 ], [ 136.940313652, 35.468957646 ], [ 136.940000651, 35.468957646 ], [ 136.940000652, 35.468749646 ], [ 136.93968865, 35.468749646 ], [ 136.93968765, 35.468749646 ], [ 136.939375649, 35.468749647 ], [ 136.939063648, 35.468749647 ], [ 136.939063648, 35.468541647 ], [ 136.938750647, 35.468541647 ], [ 136.938750647, 35.468332647 ], [ 136.938438646, 35.468332647 ], [ 136.938437646, 35.468332647 ], [ 136.938125645, 35.468332647 ], [ 136.938125645, 35.468124647 ], [ 136.937813644, 35.468124647 ], [ 136.937500643, 35.468124648 ], [ 136.937188642, 35.468124648 ], [ 136.937188642, 35.467916648 ], [ 136.936875641, 35.467916648 ], [ 136.93687564, 35.468124649 ], [ 136.93687564, 35.468332649 ], [ 136.936563639, 35.46833265 ], [ 136.936250638, 35.46833265 ], [ 136.936250637, 35.468541651 ], [ 136.936250637, 35.468749651 ], [ 136.935938636, 35.468749652 ], [ 136.935625634, 35.468749653 ], [ 136.935625634, 35.468957653 ], [ 136.935313633, 35.468957654 ], [ 136.935000632, 35.468957654 ], [ 136.93468863, 35.468957655 ], [ 136.93468863, 35.469166655 ], [ 136.934375629, 35.469166656 ], [ 136.934375629, 35.469374656 ], [ 136.934063627, 35.469374657 ], [ 136.933750626, 35.469374657 ], [ 136.933438625, 35.469374658 ], [ 136.933438624, 35.469582658 ], [ 136.933750626, 35.469582658 ], [ 136.934063627, 35.469582657 ], [ 136.934375628, 35.469582657 ], [ 136.93468863, 35.469582656 ], [ 136.934688629, 35.469791657 ], [ 136.935000631, 35.469791656 ], [ 136.935313632, 35.469791655 ], [ 136.935313632, 35.469999656 ], [ 136.935625633, 35.469999655 ], [ 136.935625633, 35.470207656 ], [ 136.935938634, 35.470207655 ], [ 136.936250636, 35.470207655 ], [ 136.936563637, 35.470207654 ], [ 136.936563637, 35.470416655 ], [ 136.936875638, 35.470416654 ], [ 136.936875638, 35.470624655 ], [ 136.937188639, 35.470624654 ], [ 136.937188639, 35.470416654 ], [ 136.937500641, 35.470416653 ], [ 136.937813642, 35.470416653 ], [ 136.937813642, 35.470624653 ], [ 136.937813641, 35.470832654 ], [ 136.937813641, 35.471041654 ], [ 136.93750064, 35.471041655 ], [ 136.937188639, 35.471041655 ], [ 136.937188639, 35.471249656 ], [ 136.937188638, 35.471457656 ], [ 136.93750064, 35.471457656 ], [ 136.937500639, 35.471666656 ], [ 136.937500639, 35.471874657 ], [ 136.937500639, 35.472082657 ], [ 136.93781364, 35.472082657 ], [ 136.93781364, 35.471874656 ], [ 136.937813641, 35.471666656 ] ], [ [ 136.938438644, 35.470207651 ], [ 136.938438645, 35.469999651 ], [ 136.938750646, 35.469999651 ], [ 136.938750646, 35.470207651 ], [ 136.938438644, 35.470207651 ] ], [ [ 136.940938654, 35.469582647 ], [ 136.940938654, 35.469374646 ], [ 136.941250656, 35.469374646 ], [ 136.941250656, 35.469166645 ], [ 136.941563657, 35.469166645 ], [ 136.941563657, 35.469374645 ], [ 136.941563657, 35.469582646 ], [ 136.941250655, 35.469582646 ], [ 136.940938654, 35.469582647 ] ], [ [ 136.945938673, 35.46937464 ], [ 136.945938673, 35.469166639 ], [ 136.945938673, 35.468957639 ], [ 136.946250674, 35.468957638 ], [ 136.946250674, 35.469166639 ], [ 136.946250674, 35.469374639 ], [ 136.945938673, 35.46937464 ] ], [ [ 136.938437646, 35.468957649 ], [ 136.938437645, 35.469166649 ], [ 136.938125644, 35.469166649 ], [ 136.938125644, 35.46937465 ], [ 136.937813643, 35.46937465 ], [ 136.937813643, 35.46916665 ], [ 136.937813643, 35.468957649 ], [ 136.937813644, 35.468749649 ], [ 136.937500642, 35.468749649 ], [ 136.937500643, 35.468541649 ], [ 136.937500643, 35.468332648 ], [ 136.937813644, 35.468332648 ], [ 136.937813644, 35.468541648 ], [ 136.938125645, 35.468541648 ], [ 136.938125645, 35.468749648 ], [ 136.938125644, 35.468957649 ], [ 136.938437646, 35.468957649 ] ], [ [ 136.935313633, 35.469166654 ], [ 136.935313633, 35.469374654 ], [ 136.935000631, 35.469374655 ], [ 136.935000631, 35.469166655 ], [ 136.935313633, 35.469166654 ] ] ] } },
{ "type": "Feature", "properties": { "A31a_301": "8505090066", "A31a_302": "津保川", "A31a_303": "21", "A31a_304": "岐阜県", "A31a_305": 2 }, "geometry": { "type": "Polygon", "coordinates": [ [ [ 136.947500678, 35.470832641 ], [ 136.947500678, 35.47062464 ], [ 136.947188677, 35.470624641 ], [ 136.947188677, 35.47041664 ], [ 136.947188677, 35.47020764 ], [ 136.946875676, 35.47020764 ], [ 136.946875676, 35.470416641 ], [ 136.946875676, 35.470624641 ], [ 136.946875676, 35.470832642 ], [ 136.946875676, 35.471041642 ], [ 136.947188677, 35.471041642 ], [ 136.947500678, 35.471041641 ], [ 136.947500678, 35.470832641 ] ] ] } },
{ "type": "Feature", "properties": { "A31a_301": "8505090066", "A31a_302": "津保川", "A31a_303": "21", "A31a_304": "岐阜県", "A31a_305": 2 }, "geometry": { "type": "Polygon", "coordinates": [ [ [ 136.92562559, 35.470832674 ], [ 136.925938591, 35.470832673 ], [ 136.926250593, 35.470832673 ], [ 136.926250593, 35.470624672 ], [ 136.925938592, 35.470624673 ], [ 136.92562559, 35.470624674 ], [ 136.92562559, 35.470832674 ] ] ] } },
{ "type": "Feature", "properties": { "A31a_301": "8505090066", "A31a_302": "津保川", "A31a_303": "21", "A31a_304": "岐阜県", "A31a_305": 2 }, "geometry": { "type": "Polygon", "coordinates": [ [ [ 136.930000609, 35.470416666 ], [ 136.930000609, 35.470207665 ], [ 136.929688608, 35.470207666 ], [ 136.929688608, 35.470416666 ], [ 136.930000609, 35.470416666 ] ] ] } },
{ "type": "Feature", "properties": { "A31a_301": "8505090066", "A31a_302": "津保川", "A31a_303": "21", "A31a_304": "岐阜県", "A31a_305": 2 }, "geometry": { "type": "Polygon", "coordinates": [ [ [ 136.9543757, 35.469582632 ], [ 136.9543757, 35.469791632 ], [ 136.954688701, 35.469791632 ], [ 136.954688701, 35.469582632 ], [ 136.9543757, 35.469582632 ] ] ] } },
{ "type": "Feature", "properties": { "A31a_301": "8505090066", "A31a_302": "津保川", "A31a_303": "21", "A31a_304": "岐阜県", "A31a_305": 2 }, "geometry": { "type": "Polygon", "coordinates": [ [ [ 136.954062699, 35.469374632 ], [ 136.954062699, 35.469166631 ], [ 136.953750698, 35.469166631 ], [ 136.953438697, 35.469166632 ], [ 136.953437697, 35.469166632 ], [ 136.953125697, 35.469166632 ], [ 136.953125697, 35.468957631 ], [ 136.952812696, 35.468957632 ], [ 136.952500695, 35.468957632 ], [ 136.952500695, 35.469166632 ], [ 136.952188694, 35.469166632 ], [ 136.952187694, 35.469166632 ], [ 136.951875693, 35.469166633 ], [ 136.951875693, 35.469374633 ], [ 136.952187694, 35.469374633 ], [ 136.952188694, 35.469374633 ], [ 136.952500695, 35.469374633 ], [ 136.952812696, 35.469374632 ], [ 136.953125697, 35.469374632 ], [ 136.953125696, 35.469582633 ], [ 136.953437697, 35.469582633 ], [ 136.953438697, 35.469582633 ], [ 136.953750698, 35.469582632 ], [ 136.953750698, 35.469374632 ], [ 136.954062699, 35.469374632 ] ] ] } },
{ "type": "Feature", "properties": { "A31a_301": "8505090066", "A31a_302": "津保川", "A31a_303": "21", "A31a_304": "岐阜県", "A31a_305": 2 }, "geometry": { "type": "Polygon", "coordinates": [ [ [ 136.954062699, 35.469374632 ], [ 136.954062699, 35.469582632 ], [ 136.9543757, 35.469582632 ], [ 136.9543757, 35.469374632 ], [ 136.954062699, 35.469374632 ] ] ] } },
{ "type": "Feature", "properties": { "A31a_301": "8505090066", "A31a_302": "津保川", "A31a_303": "21", "A31a_304": "岐阜県", "A31a_305": 2 }, "geometry": { "type": "Polygon", "coordinates": [ [ [ 136.947500679, 35.469166637 ], [ 136.947188678, 35.469166637 ], [ 136.947188678, 35.469374638 ], [ 136.947500679, 35.469374637 ], [ 136.947500679, 35.469166637 ] ] ] } },
{ "type": "Feature", "properties": { "A31a_301": "8505090066", "A31a_302": "津保川", "A31a_303": "21", "A31a_304": "岐阜県", "A31a_305": 2 }, "geometry": { "type": "Polygon", "coordinates": [ [ [ 136.947188678, 35.468957637 ], [ 136.947188678, 35.468749636 ], [ 136.946875677, 35.468749637 ], [ 136.946875677, 35.468957637 ], [ 136.947188678, 35.468957637 ] ] ] } },
{ "type": "Feature", "properties": { "A31a_301": "8505090066", "A31a_302": "津保川", "A31a_303": "21", "A31a_304": "岐阜県", "A31a_305": 2 }, "geometry": { "type": "Polygon", "coordinates": [ [ [ 136.951875693, 35.468541631 ], [ 136.951875693, 35.468332631 ], [ 136.951875693, 35.46812463 ], [ 136.951875694, 35.46791663 ], [ 136.951875694, 35.467707629 ], [ 136.951562693, 35.467707629 ], [ 136.951562693, 35.46791663 ], [ 136.951250692, 35.46791663 ], [ 136.950938691, 35.46791663 ], [ 136.950937691, 35.46791663 ], [ 136.95062569, 35.46791663 ], [ 136.95062569, 35.468124631 ], [ 136.950312689, 35.468124631 ], [ 136.950312689, 35.467916631 ], [ 136.950312689, 35.46770763 ], [ 136.950312689, 35.46749963 ], [ 136.95031269, 35.467291629 ], [ 136.95031269, 35.467082629 ], [ 136.950000689, 35.467082629 ], [ 136.949688688, 35.467082629 ], [ 136.949375687, 35.46708263 ], [ 136.949062685, 35.46708263 ], [ 136.949062685, 35.46687463 ], [ 136.948750684, 35.46687463 ], [ 136.948438683, 35.46687463 ], [ 136.948438683, 35.46666663 ], [ 136.948750684, 35.466666629 ], [ 136.948750685, 35.466457629 ], [ 136.948438683, 35.466457629 ], [ 136.948125682, 35.46645763 ], [ 136.948125682, 35.46666663 ], [ 136.948125682, 35.466874631 ], [ 136.947812681, 35.466874631 ], [ 136.947812681, 35.467082632 ], [ 136.947812681, 35.467291632 ], [ 136.947812681, 35.467499633 ], [ 136.947812681, 35.467707633 ], [ 136.948125682, 35.467707633 ], [ 136.948125682, 35.467916633 ], [ 136.948438683, 35.467916633 ], [ 136.948750684, 35.467916632 ], [ 136.948750684, 35.468124633 ], [ 136.949062685, 35.468124632 ], [ 136.949375686, 35.468124632 ], [ 136.949375686, 35.468332632 ], [ 136.949688687, 35.468332632 ], [ 136.950000688, 35.468332632 ], [ 136.950312689, 35.468332631 ], [ 136.95062569, 35.468332631 ], [ 136.950937691, 35.468332631 ], [ 136.950937691, 35.468541632 ], [ 136.95062569, 35.468541632 ], [ 136.95062569, 35.468749632 ], [ 136.950938691, 35.468749632 ], [ 136.950938691, 35.468541632 ], [ 136.951250692, 35.468541631 ], [ 136.951250692, 35.468749632 ], [ 136.951562692, 35.468749632 ], [ 136.951562692, 35.468957632 ], [ 136.951875693, 35.468957632 ], [ 136.952188694, 35.468957632 ], [ 136.952188694, 35.468749631 ], [ 136.952188694, 35.468541631 ], [ 136.951875693, 35.468541631 ] ], [ [ 136.949062685, 35.467499631 ], [ 136.949062685, 35.46729163 ], [ 136.949375686, 35.46729163 ], [ 136.949375686, 35.467499631 ], [ 136.949062685, 35.467499631 ] ] ] } },
{ "type": "Feature", "properties": { "A31a_301": "8505090066", "A31a_302": "津保川", "A31a_303": "21", "A31a_304": "岐阜県", "A31a_305": 2 }, "geometry": { "type": "Polygon", "coordinates": [ [ [ 136.848438345, 35.468541755 ], [ 136.848438345, 35.468332755 ], [ 136.848125345, 35.468332755 ], [ 136.847813344, 35.468332755 ], [ 136.847500344, 35.468332755 ], [ 136.847500344, 35.468124755 ], [ 136.847188343, 35.468124755 ], [ 136.846875343, 35.468124755 ], [ 136.846875343, 35.468332755 ], [ 136.846875343, 35.468541755 ], [ 136.847188344, 35.468541755 ], [ 136.847188344, 35.468749755 ], [ 136.847500344, 35.468749755 ], [ 136.847500344, 35.468541755 ], [ 136.847813345, 35.468541755 ], [ 136.848125345, 35.468541755 ], [ 136.848125345, 35.468749755 ], [ 136.848438346, 35.468749755 ], [ 136.848750346, 35.468749755 ], [ 136.848750346, 35.468541755 ], [ 136.848438345, 35.468541755 ] ] ] } },
{ "type": "Feature", "properties": { "A31a_301": "8505090066", "A31a_302": "津保川", "A31a_303": "21", "A31a_304": "岐阜県", "A31a_305": 2 }, "geometry": { "type": "Polygon", "coordinates": [ [ [ 136.852812353, 35.468332755 ], [ 136.852500352, 35.468332755 ], [ 136.852500352, 35.468541755 ], [ 136.852812353, 35.468541755 ], [ 136.852812353, 35.468332755 ] ] ] } },
{ "type": "Feature", "properties": { "A31a_301": "8505090066", "A31a_302": "津保川", "A31a_303": "21", "A31a_304": "岐阜県", "A31a_305": 2 }, "geometry": { "type": "Polygon", "coordinates": [ [ [ 136.945938675, 35.466457633 ], [ 136.946250676, 35.466457632 ], [ 136.946562677, 35.466457632 ], [ 136.946875678, 35.466457632 ], [ 136.946875678, 35.466249631 ], [ 136.946875678, 35.466041631 ], [ 136.946562677, 35.466041631 ], [ 136.946562677, 35.465832631 ], [ 136.946875678, 35.46583263 ], [ 136.947188679, 35.46583263 ], [ 136.947500681, 35.465832629 ], [ 136.947812682, 35.465832629 ], [ 136.948125683, 35.465832629 ], [ 136.948438684, 35.465832628 ], [ 136.948438684, 35.465624628 ], [ 136.948750685, 35.465624627 ], [ 136.949062686, 35.465624627 ], [ 136.949062686, 35.465416627 ], [ 136.949062687, 35.465207626 ], [ 136.949062687, 35.464999626 ], [ 136.949062687, 35.464791625 ], [ 136.948750686, 35.464791626 ], [ 136.948750686, 35.464582625 ], [ 136.948750686, 35.464374625 ], [ 136.948438685, 35.464374625 ], [ 136.948125684, 35.464374626 ], [ 136.948125684, 35.464582626 ], [ 136.948125683, 35.464791627 ], [ 136.947812682, 35.464791627 ], [ 136.947500681, 35.464791627 ], [ 136.94718868, 35.464791628 ], [ 136.94718868, 35.464999628 ], [ 136.946875679, 35.464999629 ], [ 136.946562678, 35.464999629 ], [ 136.946562678, 35.464791629 ], [ 136.946250677, 35.464791629 ], [ 136.945938676, 35.464791629 ], [ 136.945938676, 35.46499963 ], [ 136.945625674, 35.46499963 ], [ 136.945625674, 35.465207631 ], [ 136.945625674, 35.465416631 ], [ 136.945938675, 35.465416631 ], [ 136.945938675, 35.46520763 ], [ 136.946250677, 35.46520763 ], [ 136.946562678, 35.465207629 ], [ 136.946562677, 35.46541663 ], [ 136.946562677, 35.46562463 ], [ 136.946250676, 35.465624631 ], [ 136.945938675, 35.465624631 ], [ 136.945625674, 35.465624632 ], [ 136.945312673, 35.465624632 ], [ 136.945312673, 35.465832632 ], [ 136.945625674, 35.465832632 ], [ 136.945938675, 35.465832632 ], [ 136.945938675, 35.466041632 ], [ 136.945938675, 35.466249632 ], [ 136.945625674, 35.466249633 ], [ 136.945625673, 35.466457633 ], [ 136.945938675, 35.466457633 ] ] ] } },
{ "type": "Feature", "properties": { "A31a_301": "8505090066", "A31a_302": "津保川", "A31a_303": "21", "A31a_304": "岐阜県", "A31a_305": 4 }, "geometry": { "type": "Polygon", "coordinates": [ [ [ 137.000625979, 35.541041639 ], [ 137.000625978, 35.540832639 ], [ 137.000313977, 35.540832639 ], [ 137.000313977, 35.541041639 ], [ 137.000625979, 35.541041639 ] ] ] } },
{ "type": "Feature", "properties": { "A31a_301": "8505090066", "A31a_302": "津保川", "A31a_303": "21", "A31a_304": "岐阜県", "A31a_305": 4 }, "geometry": { "type": "Polygon", "coordinates": [ [ [ 137.001563984, 35.541457638 ], [ 137.001563984, 35.541249638 ], [ 137.001250982, 35.541249639 ], [ 137.001250983, 35.541457638 ], [ 137.001563984, 35.541457638 ] ] ] } },
{ "type": "Feature", "properties": { "A31a_301": "8505090066", "A31a_302": "津保川", "A31a_303": "21", "A31a_304": "岐阜県", "A31a_305": 4 }, "geometry": { "type": "Polygon", "coordinates": [ [ [ 136.98875087, 35.519791657 ], [ 136.98875087, 35.519582657 ], [ 136.988438868, 35.519582657 ], [ 136.988125867, 35.519582657 ], [ 136.988125868, 35.519791657 ], [ 136.988438869, 35.519791657 ], [ 136.98875087, 35.519791657 ] ] ] } },
{ "type": "Feature", "properties": { "A31a_301": "8505090066", "A31a_302": "津保川", "A31a_303": "21", "A31a_304": "岐阜県", "A31a_305": 4 }, "geometry": { "type": "Polygon", "coordinates": [ [ [ 136.999688973, 35.54062464 ], [ 136.999688972, 35.54041664 ], [ 136.999375971, 35.54041664 ], [ 136.999375971, 35.54062464 ], [ 136.999688973, 35.54062464 ] ] ] } },
{ "type": "Feature", "properties": { "A31a_301": "8505090066", "A31a_302": "津保川", "A31a_303": "21", "A31a_304": "岐阜県", "A31a_305": 4 }, "geometry": { "type": "Polygon", "coordinates": [ [ [ 136.966563735, 35.481874646 ], [ 136.966563735, 35.481666646 ], [ 136.966250734, 35.481666646 ], [ 136.966250734, 35.481874646 ], [ 136.966563735, 35.481874646 ] ] ] } },
{ "type": "Feature", "properties": { "A31a_301": "8505090066", "A31a_302": "津保川", "A31a_303": "21", "A31a_304": "岐阜県", "A31a_305": 4 }, "geometry": { "type": "Polygon", "coordinates": [ [ [ 136.973750759, 35.486249648 ], [ 136.973750758, 35.486041648 ], [ 136.973438757, 35.486041648 ], [ 136.973438758, 35.486249648 ], [ 136.973750759, 35.486249648 ] ] ] } },
{ "type": "Feature", "properties": { "A31a_301": "8505090066", "A31a_302": "津保川", "A31a_303": "21", "A31a_304": "岐阜県", "A31a_305": 4 }, "geometry": { "type": "Polygon", "coordinates": [ [ [ 136.959688715, 35.479999647 ], [ 136.959688715, 35.479791647 ], [ 136.959375714, 35.479791647 ], [ 136.959375714, 35.479999647 ], [ 136.959688715, 35.479999647 ] ] ] } },
{ "type": "Feature", "properties": { "A31a_301": "8505090066", "A31a_302": "津保川", "A31a_303": "21", "A31a_304": "岐阜県", "A31a_305": 4 }, "geometry": { "type": "Polygon", "coordinates": [ [ [ 136.965938733, 35.481666646 ], [ 136.965938733, 35.481457646 ], [ 136.965625732, 35.481457646 ], [ 136.965625733, 35.481666646 ], [ 136.965938733, 35.481666646 ] ] ] } },
{ "type": "Feature", "properties": { "A31a_301": "8505090066", "A31a_302": "津保川", "A31a_303": "21", "A31a_304": "岐阜県", "A31a_305": 4 }, "geometry": { "type": "Polygon", "coordinates": [ [ [ 136.920938564, 35.476666695 ], [ 136.920938565, 35.476457695 ], [ 136.920625563, 35.476457695 ], [ 136.920625563, 35.476666696 ], [ 136.920938564, 35.476666695 ] ] ] } },
{ "type": "Feature", "properties": { "A31a_301": "8505090066", "A31a_302": "津保川", "A31a_303": "21", "A31a_304": "岐阜県", "A31a_305": 4 }, "geometry": { "type": "Polygon", "coordinates": [ [ [ 136.947812677, 35.475832652 ], [ 136.947812677, 35.475624651 ], [ 136.947812677, 35.475416651 ], [ 136.947500676, 35.475416651 ], [ 136.947188675, 35.475416652 ], [ 136.947188674, 35.475624652 ], [ 136.947188674, 35.475832652 ], [ 136.947188674, 35.476041653 ], [ 136.947188674, 35.476249653 ], [ 136.947500675, 35.476249653 ], [ 136.947500675, 35.476041652 ], [ 136.947500676, 35.475832652 ], [ 136.947812677, 35.475832652 ] ] ] } },
{ "type": "Feature", "properties": { "A31a_301": "8505090066", "A31a_302": "津保川", "A31a_303": "21", "A31a_304": "岐阜県", "A31a_305": 4 }, "geometry": { "type": "Polygon", "coordinates": [ [ [ 136.919688559, 35.477082699 ], [ 136.919688559, 35.476874698 ], [ 136.919375557, 35.476874699 ], [ 136.919375557, 35.477082699 ], [ 136.919688559, 35.477082699 ] ] ] } },
{ "type": "Feature", "properties": { "A31a_301": "8505090066", "A31a_302": "津保川", "A31a_303": "21", "A31a_304": "岐阜県", "A31a_305": 4 }, "geometry": { "type": "Polygon", "coordinates": [ [ [ 136.920625562, 35.477291697 ], [ 136.920625563, 35.477082697 ], [ 136.920312561, 35.477082697 ], [ 136.92000056, 35.477082698 ], [ 136.92000056, 35.477291698 ], [ 136.920312561, 35.477291698 ], [ 136.920625562, 35.477291697 ] ] ] } },
{ "type": "Feature", "properties": { "A31a_301": "8505090066", "A31a_302": "津保川", "A31a_303": "21", "A31a_304": "岐阜県", "A31a_305": 4 }, "geometry": { "type": "Polygon", "coordinates": [ [ [ 136.88468842, 35.484166755 ], [ 136.88468842, 35.483957755 ], [ 136.884688421, 35.483749755 ], [ 136.88437542, 35.483749755 ], [ 136.884062419, 35.483749755 ], [ 136.884062419, 35.483957755 ], [ 136.884062419, 35.484166755 ], [ 136.884375419, 35.484166755 ], [ 136.88468842, 35.484166755 ] ] ] } },
{ "type": "Feature", "properties": { "A31a_301": "8505090066", "A31a_302": "津保川", "A31a_303": "21", "A31a_304": "岐阜県", "A31a_305": 4 }, "geometry": { "type": "Polygon", "coordinates": [ [ [ 136.916250534, 35.484791721 ], [ 136.916250535, 35.484582721 ], [ 136.916250535, 35.48437472 ], [ 136.916250535, 35.48416672 ], [ 136.916250535, 35.48395772 ], [ 136.916250536, 35.483749719 ], [ 136.916250536, 35.483541719 ], [ 136.916250536, 35.483332718 ], [ 136.916250536, 35.483124718 ], [ 136.916250537, 35.482916717 ], [ 136.916250537, 35.482707717 ], [ 136.915938536, 35.482707718 ], [ 136.915937535, 35.482707718 ], [ 136.915625534, 35.482707718 ], [ 136.915625534, 35.482916719 ], [ 136.915937535, 35.482916718 ], [ 136.915937535, 35.483124718 ], [ 136.915937535, 35.483332719 ], [ 136.915937534, 35.483541719 ], [ 136.915937534, 35.48374972 ], [ 136.915937534, 35.48395772 ], [ 136.915937534, 35.484166721 ], [ 136.915937533, 35.484374721 ], [ 136.915937533, 35.484582721 ], [ 136.915625532, 35.484582722 ], [ 136.915625532, 35.484791722 ], [ 136.915625531, 35.484999723 ], [ 136.915625531, 35.485207723 ], [ 136.915938532, 35.485207723 ], [ 136.915938533, 35.484999722 ], [ 136.915938533, 35.484791722 ], [ 136.916250534, 35.484791721 ] ] ] } },
{ "type": "Feature", "properties": { "A31a_301": "8505090066", "A31a_302": "津保川", "A31a_303": "21", "A31a_304": "岐阜県", "A31a_305": 4 }, "geometry": { "type": "Polygon", "coordinates": [ [ [ 136.847813334, 35.45604176 ], [ 136.847813334, 35.455832761 ], [ 136.847500333, 35.455832761 ], [ 136.847500333, 35.456041761 ], [ 136.847813334, 35.45604176 ] ] ] } },
{ "type": "Feature", "properties": { "A31a_301": "8505090066", "A31a_302": "津保川", "A31a_303": "21", "A31a_304": "岐阜県", "A31a_305": 4 }, "geometry": { "type": "Polygon", "coordinates": [ [ [ 136.848438335, 35.455624761 ], [ 136.848438334, 35.455416761 ], [ 136.848125334, 35.455416761 ], [ 136.848125334, 35.455624761 ], [ 136.848438335, 35.455624761 ] ] ] } },
{ "type": "Feature", "properties": { "A31a_301": "8505090066", "A31a_302": "津保川", "A31a_303": "21", "A31a_304": "岐阜県", "A31a_305": 4 }, "geometry": { "type": "Polygon", "coordinates": [ [ [ 136.848125335, 35.45666676 ], [ 136.848125335, 35.45645776 ], [ 136.847813334, 35.45645776 ], [ 136.847813334, 35.45624976 ], [ 136.847500333, 35.45624976 ], [ 136.847188333, 35.456249761 ], [ 136.846875332, 35.456249761 ], [ 136.846563332, 35.456249761 ], [ 136.846563332, 35.456457761 ], [ 136.846563332, 35.45666676 ], [ 136.846563332, 35.45687476 ], [ 136.846250332, 35.45687476 ], [ 136.846250332, 35.45708276 ], [ 136.846250332, 35.45729176 ], [ 136.846250332, 35.45749976 ], [ 136.846563333, 35.45749976 ], [ 136.846875333, 35.45749976 ], [ 136.847188334, 35.45749976 ], [ 136.847500334, 35.457499759 ], [ 136.847813335, 35.457499759 ], [ 136.847813335, 35.45729176 ], [ 136.847813335, 35.45708276 ], [ 136.847813334, 35.45687476 ], [ 136.847500334, 35.45687476 ], [ 136.847500334, 35.45666676 ], [ 136.847813334, 35.45666676 ], [ 136.848125335, 35.45666676 ] ] ] } },
{ "type": "Feature", "properties": { "A31a_301": "8505090066", "A31a_302": "津保川", "A31a_303": "21", "A31a_304": "岐阜県", "A31a_305": 4 }, "geometry": { "type": "Polygon", "coordinates": [ [ [ 136.84718834, 35.463957757 ], [ 136.84718834, 35.463749757 ], [ 136.846875339, 35.463749757 ], [ 136.846563339, 35.463749757 ], [ 136.846250338, 35.463749757 ], [ 136.846250339, 35.463957757 ], [ 136.846563339, 35.463957757 ], [ 136.84687534, 35.463957757 ], [ 136.84718834, 35.463957757 ] ] ] } },
{ "type": "Feature", "properties": { "A31a_301": "8505090066", "A31a_302": "津保川", "A31a_303": "21", "A31a_304": "岐阜県", "A31a_305": 4 }, "geometry": { "type": "Polygon", "coordinates": [ [ [ 136.841875322, 35.453749764 ], [ 136.841875322, 35.453541764 ], [ 136.841563321, 35.453541764 ], [ 136.841563322, 35.453749764 ], [ 136.841875322, 35.453749764 ] ] ] } },
{ "type": "Feature", "properties": { "A31a_301": "8505090066", "A31a_302": "津保川", "A31a_303": "21", "A31a_304": "岐阜県", "A31a_305": 4 }, "geometry": { "type": "Polygon", "coordinates": [ [ [ 136.845625332, 35.45791676 ], [ 136.845625332, 35.45770776 ], [ 136.845313331, 35.45770776 ], [ 136.845000331, 35.45770776 ], [ 136.845000331, 35.45791676 ], [ 136.845313331, 35.45791676 ], [ 136.845625332, 35.45791676 ] ] ] } },
{ "type": "Feature", "properties": { "A31a_301": "8505090066", "A31a_302": "津保川", "A31a_303": "21", "A31a_304": "岐阜県", "A31a_305": 4 }, "geometry": { "type": "Polygon", "coordinates": [ [ [ 136.837500319, 35.458332761 ], [ 136.837500319, 35.458124761 ], [ 136.837187319, 35.458124761 ], [ 136.837187319, 35.458332761 ], [ 136.837500319, 35.458332761 ] ] ] } },
{ "type": "Feature", "properties": { "A31a_301": "8505090066", "A31a_302": "津保川", "A31a_303": "21", "A31a_304": "岐阜県", "A31a_305": 4 }, "geometry": { "type": "Polygon", "coordinates": [ [ [ 136.841250322, 35.454582764 ], [ 136.841250322, 35.454374764 ], [ 136.841250322, 35.454166764 ], [ 136.841250321, 35.453957764 ], [ 136.841250321, 35.453749764 ], [ 136.840937321, 35.453749765 ], [ 136.840937321, 35.453957764 ], [ 136.84062532, 35.453957764 ], [ 136.84031332, 35.453957765 ], [ 136.840000319, 35.453957765 ], [ 136.840000319, 35.454166764 ], [ 136.839687319, 35.454166765 ], [ 136.839687319, 35.454374764 ], [ 136.839375319, 35.454374764 ], [ 136.839375319, 35.454582764 ], [ 136.839687319, 35.454582764 ], [ 136.83968732, 35.454791764 ], [ 136.83968732, 35.454999764 ], [ 136.83968732, 35.455207764 ], [ 136.84000032, 35.455207763 ], [ 136.840000321, 35.455416763 ], [ 136.840313321, 35.455416763 ], [ 136.840313321, 35.455207763 ], [ 136.840625321, 35.455207763 ], [ 136.840625321, 35.454999763 ], [ 136.840938322, 35.454999763 ], [ 136.840938322, 35.454791764 ], [ 136.840625321, 35.454791764 ], [ 136.840625321, 35.454582764 ], [ 136.840937321, 35.454582764 ], [ 136.840938321, 35.454582764 ], [ 136.841250322, 35.454582764 ] ] ] } },
{ "type": "Feature", "properties": { "A31a_301": "8505090066", "A31a_302": "津保川", "A31a_303": "21", "A31a_304": "岐阜県", "A31a_305": 3 }, "geometry": { "type": "Polygon", "coordinates": [ [ [ 137.00281399, 35.541457638 ], [ 137.002500989, 35.541457638 ], [ 137.002500989, 35.541666638 ], [ 137.002813991, 35.541666638 ], [ 137.00281399, 35.541457638 ] ] ] } },
{ "type": "Feature", "properties": { "A31a_301": "8505090066", "A31a_302": "津保川", "A31a_303": "21", "A31a_304": "岐阜県", "A31a_305": 3 }, "geometry": { "type": "Polygon", "coordinates": [ [ [ 137.001250982, 35.541041639 ], [ 137.00093898, 35.541041639 ], [ 137.00093898, 35.540832639 ], [ 137.000938979, 35.540624639 ], [ 137.000625978, 35.540624639 ], [ 137.000313976, 35.540624639 ], [ 137.000313977, 35.540832639 ], [ 137.000625978, 35.540832639 ], [ 137.000625979, 35.541041639 ], [ 137.00093798, 35.541041639 ], [ 137.000937981, 35.541249639 ], [ 137.001250982, 35.541249639 ], [ 137.001250982, 35.541041639 ] ] ] } },
{ "type": "Feature", "properties": { "A31a_301": "8505090066", "A31a_302": "津保川", "A31a_303": "21", "A31a_304": "岐阜県", "A31a_305": 3 }, "geometry": { "type": "Polygon", "coordinates": [ [ [ 137.001250982, 35.541041639 ], [ 137.001563983, 35.541041639 ], [ 137.001563982, 35.540832639 ], [ 137.001250981, 35.540832639 ], [ 137.001250982, 35.541041639 ] ] ] } },
{ "type": "Feature", "properties": { "A31a_301": "8505090066", "A31a_302": "津保川", "A31a_303": "21", "A31a_304": "岐阜県", "A31a_305": 3 }, "geometry": { "type": "Polygon", "coordinates": [ [ [ 137.000000975, 35.54062464 ], [ 136.999688973, 35.54062464 ], [ 136.999688974, 35.54083264 ], [ 137.000000975, 35.540832639 ], [ 137.000000975, 35.54062464 ] ] ] } },
{ "type": "Feature", "properties": { "A31a_301": "8505090066", "A31a_302": "津保川", "A31a_303": "21", "A31a_304": "岐阜県", "A31a_305": 3 }, "geometry": { "type": "Polygon", "coordinates": [ [ [ 136.999688964, 35.537499642 ], [ 136.999688964, 35.537707642 ], [ 137.000000966, 35.537707642 ], [ 137.000000965, 35.537499642 ], [ 136.999688964, 35.537499642 ] ] ] } },
{ "type": "Feature", "properties": { "A31a_301": "8505090066", "A31a_302": "津保川", "A31a_303": "21", "A31a_304": "岐阜県", "A31a_305": 3 }, "geometry": { "type": "Polygon", "coordinates": [ [ [ 136.999688964, 35.537499642 ], [ 136.999688963, 35.537291642 ], [ 136.999375962, 35.537291642 ], [ 136.999375962, 35.537499642 ], [ 136.999688964, 35.537499642 ] ] ] } },
{ "type": "Feature", "properties": { "A31a_301": "8505090066", "A31a_302": "津保川", "A31a_303": "21", "A31a_304": "岐阜県", "A31a_305": 3 }, "geometry": { "type": "Polygon", "coordinates": [ [ [ 136.994063935, 35.536874647 ], [ 136.994063935, 35.537082646 ], [ 136.994375937, 35.537082646 ], [ 136.994375936, 35.536874646 ], [ 136.994063935, 35.536874647 ] ] ] } },
{ "type": "Feature", "properties": { "A31a_301": "8505090066", "A31a_302": "津保川", "A31a_303": "21", "A31a_304": "岐阜県", "A31a_305": 3 }, "geometry": { "type": "Polygon", "coordinates": [ [ [ 136.994063935, 35.536874647 ], [ 136.994063934, 35.536666647 ], [ 136.993750933, 35.536666647 ], [ 136.993750933, 35.536874647 ], [ 136.994063935, 35.536874647 ] ] ] } },
{ "type": "Feature", "properties": { "A31a_301": "8505090066", "A31a_302": "津保川", "A31a_303": "21", "A31a_304": "岐阜県", "A31a_305": 3 }, "geometry": { "type": "Polygon", "coordinates": [ [ [ 136.994375927, 35.533332648 ], [ 136.994063925, 35.533332648 ], [ 136.994063926, 35.533541648 ], [ 136.994375927, 35.533541648 ], [ 136.994375927, 35.533332648 ] ] ] } },
{ "type": "Feature", "properties": { "A31a_301": "8505090066", "A31a_302": "津保川", "A31a_303": "21", "A31a_304": "岐阜県", "A31a_305": 3 }, "geometry": { "type": "Polygon", "coordinates": [ [ [ 136.994375919, 35.53041665 ], [ 136.994063918, 35.53041665 ], [ 136.994063918, 35.53062465 ], [ 136.99437592, 35.53062465 ], [ 136.994375919, 35.53041665 ] ] ] } },
{ "type": "Feature", "properties": { "A31a_301": "8505090066", "A31a_302": "津保川", "A31a_303": "21", "A31a_304": "岐阜県", "A31a_305": 3 }, "geometry": { "type": "Polygon", "coordinates": [ [ [ 136.989688898, 35.530207653 ], [ 136.989375896, 35.530207653 ], [ 136.989375897, 35.530416653 ], [ 136.989688898, 35.530416652 ], [ 136.989688898, 35.530207653 ] ] ] } },
{ "type": "Feature", "properties": { "A31a_301": "8505090066", "A31a_302": "津保川", "A31a_303": "21", "A31a_304": "岐阜県", "A31a_305": 3 }, "geometry": { "type": "Polygon", "coordinates": [ [ [ 136.992188909, 35.530207651 ], [ 136.991875908, 35.530207651 ], [ 136.991875908, 35.530416651 ], [ 136.992188909, 35.530416651 ], [ 136.992188909, 35.530207651 ] ] ] } },
{ "type": "Feature", "properties": { "A31a_301": "8505090066", "A31a_302": "津保川", "A31a_303": "21", "A31a_304": "岐阜県", "A31a_305": 3 }, "geometry": { "type": "Polygon", "coordinates": [ [ [ 136.987188884, 35.528957655 ], [ 136.986875883, 35.528957655 ], [ 136.986875883, 35.529166655 ], [ 136.987188885, 35.529166654 ], [ 136.987188884, 35.528957655 ] ] ] } },
{ "type": "Feature", "properties": { "A31a_301": "8505090066", "A31a_302": "津保川", "A31a_303": "21", "A31a_304": "岐阜県", "A31a_305": 3 }, "geometry": { "type": "Polygon", "coordinates": [ [ [ 136.987188883, 35.528332655 ], [ 136.986875881, 35.528332655 ], [ 136.986875882, 35.528541655 ], [ 136.987188883, 35.528541655 ], [ 136.987188883, 35.528332655 ] ] ] } },
{ "type": "Feature", "properties": { "A31a_301": "8505090066", "A31a_302": "津保川", "A31a_303": "21", "A31a_304": "岐阜県", "A31a_305": 3 }, "geometry": { "type": "Polygon", "coordinates": [ [ [ 136.988125872, 35.521666656 ], [ 136.988125872, 35.521457656 ], [ 136.987813871, 35.521457657 ], [ 136.987813871, 35.521666657 ], [ 136.988125872, 35.521666656 ] ] ] } },
{ "type": "Feature", "properties": { "A31a_301": "8505090066", "A31a_302": "津保川", "A31a_303": "21", "A31a_304": "岐阜県", "A31a_305": 3 }, "geometry": { "type": "Polygon", "coordinates": [ [ [ 136.98750087, 35.521457657 ], [ 136.987188868, 35.521457657 ], [ 136.987188869, 35.521666657 ], [ 136.98750087, 35.521666657 ], [ 136.98750087, 35.521457657 ] ] ] } },
{ "type": "Feature", "properties": { "A31a_301": "8505090066", "A31a_302": "津保川", "A31a_303": "21", "A31a_304": "岐阜県", "A31a_305": 3 }, "geometry": { "type": "Polygon", "coordinates": [ [ [ 136.988438869, 35.519791657 ], [ 136.988125868, 35.519791657 ], [ 136.988125868, 35.519999657 ], [ 136.988438869, 35.519999657 ], [ 136.988750871, 35.519999657 ], [ 136.98875087, 35.519791657 ], [ 136.988438869, 35.519791657 ] ] ] } },
{ "type": "Feature", "properties": { "A31a_301": "8505090066", "A31a_302": "津保川", "A31a_303": "21", "A31a_304": "岐阜県", "A31a_305": 3 }, "geometry": { "type": "Polygon", "coordinates": [ [ [ 136.987813865, 35.519166657 ], [ 136.987813865, 35.518957657 ], [ 136.988125866, 35.518957657 ], [ 136.988125865, 35.518749657 ], [ 136.988125865, 35.518541657 ], [ 136.987813864, 35.518541658 ], [ 136.987500863, 35.518541658 ], [ 136.987500863, 35.518749658 ], [ 136.987500864, 35.518957658 ], [ 136.987500864, 35.519166657 ], [ 136.987813865, 35.519166657 ] ] ] } },
{ "type": "Feature", "properties": { "A31a_301": "8505090066", "A31a_302": "津保川", "A31a_303": "21", "A31a_304": "岐阜県", "A31a_305": 3 }, "geometry": { "type": "Polygon", "coordinates": [ [ [ 136.990625873, 35.518332656 ], [ 136.990625873, 35.518124656 ], [ 136.990313871, 35.518124657 ], [ 136.990313872, 35.518332657 ], [ 136.990625873, 35.518332656 ] ] ] } },
{ "type": "Feature", "properties": { "A31a_301": "8505090066", "A31a_302": "津保川", "A31a_303": "21", "A31a_304": "岐阜県", "A31a_305": 3 }, "geometry": { "type": "Polygon", "coordinates": [ [ [ 136.978125821, 35.517916664 ], [ 136.978125821, 35.517707664 ], [ 136.977812819, 35.517707665 ], [ 136.97781282, 35.517916665 ], [ 136.978125821, 35.517916664 ] ] ] } },
{ "type": "Feature", "properties": { "A31a_301": "8505090066", "A31a_302": "津保川", "A31a_303": "21", "A31a_304": "岐阜県", "A31a_305": 3 }, "geometry": { "type": "Polygon", "coordinates": [ [ [ 136.986250854, 35.516874659 ], [ 136.985938852, 35.516874659 ], [ 136.985938853, 35.517082659 ], [ 136.986250854, 35.517082659 ], [ 136.986250854, 35.516874659 ] ] ] } },
{ "type": "Feature", "properties": { "A31a_301": "8505090066", "A31a_302": "津保川", "A31a_303": "21", "A31a_304": "岐阜県", "A31a_305": 3 }, "geometry": { "type": "Polygon", "coordinates": [ [ [ 136.982188835, 35.516457662 ], [ 136.981875834, 35.516457662 ], [ 136.981875835, 35.516666662 ], [ 136.982188836, 35.516666662 ], [ 136.982188835, 35.516457662 ] ] ] } },
{ "type": "Feature", "properties": { "A31a_301": "8505090066", "A31a_302": "津保川", "A31a_303": "21", "A31a_304": "岐阜県", "A31a_305": 3 }, "geometry": { "type": "Polygon", "coordinates": [ [ [ 136.975000795, 35.510207665 ], [ 136.975000794, 35.509999664 ], [ 136.974688793, 35.509999665 ], [ 136.974688793, 35.510207665 ], [ 136.975000795, 35.510207665 ] ] ] } },
{ "type": "Feature", "properties": { "A31a_301": "8505090066", "A31a_302": "津保川", "A31a_303": "21", "A31a_304": "岐阜県", "A31a_305": 3 }, "geometry": { "type": "Polygon", "coordinates": [ [ [ 136.97187577, 35.501041664 ], [ 136.971563769, 35.501041664 ], [ 136.971563769, 35.501249664 ], [ 136.97187577, 35.501249664 ], [ 136.97187577, 35.501041664 ] ] ] } },
{ "type": "Feature", "properties": { "A31a_301": "8505090066", "A31a_302": "津保川", "A31a_303": "21", "A31a_304": "岐阜県", "A31a_305": 3 }, "geometry": { "type": "Polygon", "coordinates": [ [ [ 136.969063758, 35.499582665 ], [ 136.968750757, 35.499582665 ], [ 136.968750757, 35.499791665 ], [ 136.969063758, 35.499791665 ], [ 136.969063758, 35.499582665 ] ] ] } },
{ "type": "Feature", "properties": { "A31a_301": "8505090066", "A31a_302": "津保川", "A31a_303": "21", "A31a_304": "岐阜県", "A31a_305": 3 }, "geometry": { "type": "Polygon", "coordinates": [ [ [ 136.966563746, 35.497499664 ], [ 136.966250745, 35.497499664 ], [ 136.966250746, 35.497707665 ], [ 136.966563747, 35.497707664 ], [ 136.966563746, 35.497499664 ] ] ] } },
{ "type": "Feature", "properties": { "A31a_301": "8505090066", "A31a_302": "津保川", "A31a_303": "21", "A31a_304": "岐阜県", "A31a_305": 3 }, "geometry": { "type": "Polygon", "coordinates": [ [ [ 136.968750754, 35.497499663 ], [ 136.968437753, 35.497499663 ], [ 136.968437754, 35.497707663 ], [ 136.968750755, 35.497707663 ], [ 136.968750754, 35.497499663 ] ] ] } },
{ "type": "Feature", "properties": { "A31a_301": "8505090066", "A31a_302": "津保川", "A31a_303": "21", "A31a_304": "岐阜県", "A31a_305": 3 }, "geometry": { "type": "Polygon", "coordinates": [ [ [ 136.96531374, 35.495624663 ], [ 136.965000739, 35.495624663 ], [ 136.965000739, 35.495832664 ], [ 136.965313741, 35.495832663 ], [ 136.96531374, 35.495624663 ] ] ] } },
{ "type": "Feature", "properties": { "A31a_301": "8505090066", "A31a_302": "津保川", "A31a_303": "21", "A31a_304": "岐阜県", "A31a_305": 3 }, "geometry": { "type": "Polygon", "coordinates": [ [ [ 136.965625738, 35.490624658 ], [ 136.965313737, 35.490624658 ], [ 136.965313737, 35.490832658 ], [ 136.965625738, 35.490832658 ], [ 136.965625738, 35.490624658 ] ] ] } },
{ "type": "Feature", "properties": { "A31a_301": "8505090066", "A31a_302": "津保川", "A31a_303": "21", "A31a_304": "岐阜県", "A31a_305": 3 }, "geometry": { "type": "Polygon", "coordinates": [ [ [ 136.965938738, 35.489582656 ], [ 136.965938738, 35.489374656 ], [ 136.966250739, 35.489374656 ], [ 136.966250739, 35.489166656 ], [ 136.96656374, 35.489166655 ], [ 136.96656374, 35.488957655 ], [ 136.966563739, 35.488749655 ], [ 136.966563739, 35.488541655 ], [ 136.966250738, 35.488541655 ], [ 136.965937737, 35.488541655 ], [ 136.965937737, 35.488749655 ], [ 136.965625736, 35.488749655 ], [ 136.965625737, 35.488957656 ], [ 136.965625737, 35.489166656 ], [ 136.965625737, 35.489374656 ], [ 136.965625737, 35.489582656 ], [ 136.965625737, 35.489791657 ], [ 136.965625737, 35.489999657 ], [ 136.965625737, 35.490207657 ], [ 136.965938738, 35.490207657 ], [ 136.965938738, 35.489999657 ], [ 136.965938738, 35.489791656 ], [ 136.965938738, 35.489582656 ] ], [ [ 136.965938738, 35.488957655 ], [ 136.965938737, 35.488749655 ], [ 136.966250738, 35.488749655 ], [ 136.966250739, 35.488957655 ], [ 136.965938738, 35.488957655 ] ] ] } },
{ "type": "Feature", "properties": { "A31a_301": "8505090066", "A31a_302": "津保川", "A31a_303": "21", "A31a_304": "岐阜県", "A31a_305": 3 }, "geometry": { "type": "Polygon", "coordinates": [ [ [ 136.87250039, 35.48645776 ], [ 136.87218839, 35.48645776 ], [ 136.87218839, 35.48666676 ], [ 136.87250039, 35.48666676 ], [ 136.87250039, 35.48645776 ] ] ] } },
{ "type": "Feature", "properties": { "A31a_301": "8505090066", "A31a_302": "津保川", "A31a_303": "21", "A31a_304": "岐阜県", "A31a_305": 3 }, "geometry": { "type": "Polygon", "coordinates": [ [ [ 136.871563389, 35.486457759 ], [ 136.871250388, 35.486457759 ], [ 136.871250388, 35.486666759 ], [ 136.871563388, 35.486666759 ], [ 136.871563389, 35.486457759 ] ] ] } },
{ "type": "Feature", "properties": { "A31a_301": "8505090066", "A31a_302": "津保川", "A31a_303": "21", "A31a_304": "岐阜県", "A31a_305": 3 }, "geometry": { "type": "Polygon", "coordinates": [ [ [ 136.97437576, 35.486249648 ], [ 136.97406376, 35.486249648 ], [ 136.97406376, 35.486457648 ], [ 136.974375761, 35.486457648 ], [ 136.97437576, 35.486249648 ] ] ] } },
{ "type": "Feature", "properties": { "A31a_301": "8505090066", "A31a_302": "津保川", "A31a_303": "21", "A31a_304": "岐阜県", "A31a_305": 3 }, "geometry": { "type": "Polygon", "coordinates": [ [ [ 136.875313396, 35.48583276 ], [ 136.875000396, 35.48583276 ], [ 136.875000395, 35.48604176 ], [ 136.875313396, 35.48604176 ], [ 136.875313396, 35.48583276 ] ] ] } },
{ "type": "Feature", "properties": { "A31a_301": "8505090066", "A31a_302": "津保川", "A31a_303": "21", "A31a_304": "岐阜県", "A31a_305": 3 }, "geometry": { "type": "Polygon", "coordinates": [ [ [ 136.972188753, 35.485416648 ], [ 136.971875752, 35.485416648 ], [ 136.971875752, 35.485624648 ], [ 136.972188753, 35.485624648 ], [ 136.972500754, 35.485624648 ], [ 136.972500754, 35.485416648 ], [ 136.972188753, 35.485416648 ] ] ] } },
{ "type": "Feature", "properties": { "A31a_301": "8505090066", "A31a_302": "津保川", "A31a_303": "21", "A31a_304": "岐阜県", "A31a_305": 3 }, "geometry": { "type": "Polygon", "coordinates": [ [ [ 136.915938532, 35.485207723 ], [ 136.915625531, 35.485207723 ], [ 136.91531253, 35.485207724 ], [ 136.915312529, 35.485416724 ], [ 136.915625531, 35.485416724 ], [ 136.915938532, 35.485416723 ], [ 136.915938532, 35.485207723 ] ] ] } },
{ "type": "Feature", "properties": { "A31a_301": "8505090066", "A31a_302": "津保川", "A31a_303": "21", "A31a_304": "岐阜県", "A31a_305": 3 }, "geometry": { "type": "Polygon", "coordinates": [ [ [ 136.869063385, 35.484791758 ], [ 136.869063385, 35.484999758 ], [ 136.869375385, 35.484999758 ], [ 136.869375385, 35.484791758 ], [ 136.869063385, 35.484791758 ] ] ] } },
{ "type": "Feature", "properties": { "A31a_301": "8505090066", "A31a_302": "津保川", "A31a_303": "21", "A31a_304": "岐阜県", "A31a_305": 3 }, "geometry": { "type": "Polygon", "coordinates": [ [ [ 136.874375395, 35.484582759 ], [ 136.874063395, 35.484582759 ], [ 136.874063394, 35.484791759 ], [ 136.874375395, 35.484791759 ], [ 136.874375395, 35.484582759 ] ] ] } },
{ "type": "Feature", "properties": { "A31a_301": "8505090066", "A31a_302": "津保川", "A31a_303": "21", "A31a_304": "岐阜県", "A31a_305": 3 }, "geometry": { "type": "Polygon", "coordinates": [ [ [ 136.869063385, 35.484791758 ], [ 136.869063385, 35.484582758 ], [ 136.868750384, 35.484582758 ], [ 136.868437383, 35.484582757 ], [ 136.868437383, 35.484791758 ], [ 136.868750384, 35.484791758 ], [ 136.869063385, 35.484791758 ] ] ] } },
{ "type": "Feature", "properties": { "A31a_301": "8505090066", "A31a_302": "津保川", "A31a_303": "21", "A31a_304": "岐阜県", "A31a_305": 3 }, "geometry": { "type": "Polygon", "coordinates": [ [ [ 136.884062419, 35.483749755 ], [ 136.88437542, 35.483749755 ], [ 136.884688421, 35.483749755 ], [ 136.88468842, 35.483957755 ], [ 136.88468842, 35.484166755 ], [ 136.884375419, 35.484166755 ], [ 136.884062419, 35.484166755 ], [ 136.884062418, 35.484374756 ], [ 136.884375419, 35.484374756 ], [ 136.884375419, 35.484582756 ], [ 136.884375419, 35.484791756 ], [ 136.88468842, 35.484791756 ], [ 136.88468842, 35.484582756 ], [ 136.885000421, 35.484582756 ], [ 136.885000421, 35.484374755 ], [ 136.885312421, 35.484374755 ], [ 136.885625422, 35.484374755 ], [ 136.885625422, 35.484166755 ], [ 136.885938423, 35.484166755 ], [ 136.886250424, 35.484166755 ], [ 136.886562425, 35.484166755 ], [ 136.886562425, 35.483957754 ], [ 136.886562425, 35.483749754 ], [ 136.886562425, 35.483541754 ], [ 136.886250425, 35.483541754 ], [ 136.885938424, 35.483541754 ], [ 136.885625423, 35.483541754 ], [ 136.885312422, 35.483541754 ], [ 136.885000421, 35.483541754 ], [ 136.884688421, 35.483541754 ], [ 136.88437542, 35.483541754 ], [ 136.884062419, 35.483541755 ], [ 136.884062419, 35.483749755 ] ] ] } },
{ "type": "Feature", "properties": { "A31a_301": "8505090066", "A31a_302": "津保川", "A31a_303": "21", "A31a_304": "岐阜県", "A31a_305": 3 }, "geometry": { "type": "Polygon", "coordinates": [ [ [ 136.868125383, 35.484374757 ], [ 136.867813382, 35.484374757 ], [ 136.867813382, 35.484582757 ], [ 136.868125383, 35.484582757 ], [ 136.868125383, 35.484374757 ] ] ] } },
{ "type": "Feature", "properties": { "A31a_301": "8505090066", "A31a_302": "津保川", "A31a_303": "21", "A31a_304": "岐阜県", "A31a_305": 3 }, "geometry": { "type": "Polygon", "coordinates": [ [ [ 136.884062419, 35.484166755 ], [ 136.884062419, 35.483957755 ], [ 136.884062419, 35.483749755 ], [ 136.883750418, 35.483749755 ], [ 136.883750418, 35.483957755 ], [ 136.883750418, 35.484166756 ], [ 136.884062419, 35.484166755 ] ] ] } },
{ "type": "Feature", "properties": { "A31a_301": "8505090066", "A31a_302": "津保川", "A31a_303": "21", "A31a_304": "岐阜県", "A31a_305": 3 }, "geometry": { "type": "Polygon", "coordinates": [ [ [ 136.865313378, 35.483749756 ], [ 136.865313378, 35.483957756 ], [ 136.865625378, 35.483957757 ], [ 136.865625378, 35.483749756 ], [ 136.865313378, 35.483749756 ] ] ] } },
{ "type": "Feature", "properties": { "A31a_301": "8505090066", "A31a_302": "津保川", "A31a_303": "21", "A31a_304": "岐阜県", "A31a_305": 3 }, "geometry": { "type": "Polygon", "coordinates": [ [ [ 136.865313378, 35.483749756 ], [ 136.865313378, 35.483541756 ], [ 136.865000377, 35.483541756 ], [ 136.865000377, 35.483749756 ], [ 136.865313378, 35.483749756 ] ] ] } },
{ "type": "Feature", "properties": { "A31a_301": "8505090066", "A31a_302": "津保川", "A31a_303": "21", "A31a_304": "岐阜県", "A31a_305": 3 }, "geometry": { "type": "Polygon", "coordinates": [ [ [ 136.898125463, 35.483541744 ], [ 136.897812462, 35.483541744 ], [ 136.897812462, 35.483749744 ], [ 136.898125463, 35.483749744 ], [ 136.898125463, 35.483541744 ] ] ] } },
{ "type": "Feature", "properties": { "A31a_301": "8505090066", "A31a_302": "津保川", "A31a_303": "21", "A31a_304": "岐阜県", "A31a_305": 3 }, "geometry": { "type": "Polygon", "coordinates": [ [ [ 136.96437573, 35.48374965 ], [ 136.96437573, 35.483541649 ], [ 136.964063729, 35.48354165 ], [ 136.964063729, 35.48374965 ], [ 136.96437573, 35.48374965 ] ] ] } },
{ "type": "Feature", "properties": { "A31a_301": "8505090066", "A31a_302": "津保川", "A31a_303": "21", "A31a_304": "岐阜県", "A31a_305": 3 }, "geometry": { "type": "Polygon", "coordinates": [ [ [ 136.963125727, 35.48354165 ], [ 136.962813726, 35.48354165 ], [ 136.962813726, 35.48374965 ], [ 136.963125727, 35.48374965 ], [ 136.963125727, 35.48354165 ] ] ] } },
{ "type": "Feature", "properties": { "A31a_301": "8505090066", "A31a_302": "津保川", "A31a_303": "21", "A31a_304": "岐阜県", "A31a_305": 3 }, "geometry": { "type": "Polygon", "coordinates": [ [ [ 136.965937734, 35.483541649 ], [ 136.965625733, 35.483541649 ], [ 136.965625734, 35.483749649 ], [ 136.965937734, 35.483749649 ], [ 136.965938734, 35.483749649 ], [ 136.966250735, 35.483749649 ], [ 136.966250735, 35.483541649 ], [ 136.965938734, 35.483541649 ], [ 136.965937734, 35.483541649 ] ] ] } },
{ "type": "Feature", "properties": { "A31a_301": "8505090066", "A31a_302": "津保川", "A31a_303": "21", "A31a_304": "岐阜県", "A31a_305": 3 }, "geometry": { "type": "Polygon", "coordinates": [ [ [ 136.925938579, 35.483541702 ], [ 136.925938579, 35.483332701 ], [ 136.925625578, 35.483332702 ], [ 136.925625578, 35.483541702 ], [ 136.925938579, 35.483541702 ] ] ] } },
{ "type": "Feature", "properties": { "A31a_301": "8505090066", "A31a_302": "津保川", "A31a_303": "21", "A31a_304": "岐阜県", "A31a_305": 3 }, "geometry": { "type": "Polygon", "coordinates": [ [ [ 136.872188392, 35.482916757 ], [ 136.871875391, 35.482916757 ], [ 136.871875391, 35.483124757 ], [ 136.871875391, 35.483332758 ], [ 136.872188392, 35.483332758 ], [ 136.872188392, 35.483124758 ], [ 136.872188392, 35.482916757 ] ] ] } },
{ "type": "Feature", "properties": { "A31a_301": "8505090066", "A31a_302": "津保川", "A31a_303": "21", "A31a_304": "岐阜県", "A31a_305": 3 }, "geometry": { "type": "Polygon", "coordinates": [ [ [ 136.895312454, 35.483124746 ], [ 136.895625455, 35.483124745 ], [ 136.895938456, 35.483124745 ], [ 136.895938456, 35.482916745 ], [ 136.895625455, 35.482916745 ], [ 136.895625455, 35.482707745 ], [ 136.895312454, 35.482707745 ], [ 136.895312455, 35.482499745 ], [ 136.895000454, 35.482499745 ], [ 136.895000453, 35.482707745 ], [ 136.895000453, 35.482916745 ], [ 136.895000453, 35.483124746 ], [ 136.895000453, 35.483332746 ], [ 136.895312454, 35.483332746 ], [ 136.895312454, 35.483124746 ] ] ] } },
{ "type": "Feature", "properties": { "A31a_301": "8505090066", "A31a_302": "津保川", "A31a_303": "21", "A31a_304": "岐阜県", "A31a_305": 3 }, "geometry": { "type": "Polygon", "coordinates": [ [ [ 136.916562537, 35.483332718 ], [ 136.916562538, 35.483124717 ], [ 136.916250536, 35.483124718 ], [ 136.916250536, 35.483332718 ], [ 136.916562537, 35.483332718 ] ] ] } },
{ "type": "Feature", "properties": { "A31a_301": "8505090066", "A31a_302": "津保川", "A31a_303": "21", "A31a_304": "岐阜県", "A31a_305": 3 }, "geometry": { "type": "Polygon", "coordinates": [ [ [ 136.925313577, 35.483124702 ], [ 136.925000575, 35.483124702 ], [ 136.925000575, 35.483332703 ], [ 136.925313576, 35.483332702 ], [ 136.925313577, 35.483124702 ] ] ] } },
{ "type": "Feature", "properties": { "A31a_301": "8505090066", "A31a_302": "津保川", "A31a_303": "21", "A31a_304": "岐阜県", "A31a_305": 3 }, "geometry": { "type": "Polygon", "coordinates": [ [ [ 136.868437384, 35.482707757 ], [ 136.868125384, 35.482707757 ], [ 136.868125384, 35.482916757 ], [ 136.868437384, 35.482916757 ], [ 136.868437384, 35.483124757 ], [ 136.868750385, 35.483124757 ], [ 136.869063385, 35.483124757 ], [ 136.869063385, 35.482916757 ], [ 136.868750385, 35.482916757 ], [ 136.868750385, 35.482707757 ], [ 136.868438384, 35.482707757 ], [ 136.868437384, 35.482707757 ] ] ] } },
{ "type": "Feature", "properties": { "A31a_301": "8505090066", "A31a_302": "津保川", "A31a_303": "21", "A31a_304": "岐阜県", "A31a_305": 3 }, "geometry": { "type": "Polygon", "coordinates": [ [ [ 136.916562538, 35.482916717 ], [ 136.916562538, 35.482707716 ], [ 136.916250537, 35.482707717 ], [ 136.916250537, 35.482916717 ], [ 136.916562538, 35.482916717 ] ] ] } },
{ "type": "Feature", "properties": { "A31a_301": "8505090066", "A31a_302": "津保川", "A31a_303": "21", "A31a_304": "岐阜県", "A31a_305": 3 }, "geometry": { "type": "Polygon", "coordinates": [ [ [ 136.915938536, 35.482291717 ], [ 136.915625535, 35.482291717 ], [ 136.915625534, 35.482499718 ], [ 136.915938536, 35.482499717 ], [ 136.915938536, 35.482291717 ] ] ] } },
{ "type": "Feature", "properties": { "A31a_301": "8505090066", "A31a_302": "津保川", "A31a_303": "21", "A31a_304": "岐阜県", "A31a_305": 3 }, "geometry": { "type": "Polygon", "coordinates": [ [ [ 136.871563391, 35.481874757 ], [ 136.87125039, 35.481874756 ], [ 136.87125039, 35.482082757 ], [ 136.87125039, 35.482291757 ], [ 136.871563391, 35.482291757 ], [ 136.871563391, 35.482082757 ], [ 136.871563391, 35.481874757 ] ] ] } },
{ "type": "Feature", "properties": { "A31a_301": "8505090066", "A31a_302": "津保川", "A31a_303": "21", "A31a_304": "岐阜県", "A31a_305": 3 }, "geometry": { "type": "Polygon", "coordinates": [ [ [ 136.862188372, 35.482082755 ], [ 136.861875371, 35.482082755 ], [ 136.861875371, 35.482291755 ], [ 136.862188372, 35.482291755 ], [ 136.862500372, 35.482291756 ], [ 136.862500372, 35.482082756 ], [ 136.862188372, 35.482082755 ] ] ] } },
{ "type": "Feature", "properties": { "A31a_301": "8505090066", "A31a_302": "津保川", "A31a_303": "21", "A31a_304": "岐阜県", "A31a_305": 3 }, "geometry": { "type": "Polygon", "coordinates": [ [ [ 136.895312455, 35.482082744 ], [ 136.895000454, 35.482082744 ], [ 136.895000454, 35.482291745 ], [ 136.895312455, 35.482291744 ], [ 136.895312455, 35.482082744 ] ] ] } },
{ "type": "Feature", "properties": { "A31a_301": "8505090066", "A31a_302": "津保川", "A31a_303": "21", "A31a_304": "岐阜県", "A31a_305": 3 }, "geometry": { "type": "Polygon", "coordinates": [ [ [ 136.897812463, 35.482082742 ], [ 136.897500462, 35.482082742 ], [ 136.897500462, 35.482291742 ], [ 136.897812463, 35.482291742 ], [ 136.897812463, 35.482082742 ] ] ] } },
{ "type": "Feature", "properties": { "A31a_301": "8505090066", "A31a_302": "津保川", "A31a_303": "21", "A31a_304": "岐阜県", "A31a_305": 3 }, "geometry": { "type": "Polygon", "coordinates": [ [ [ 136.925000576, 35.4820827 ], [ 136.924688575, 35.4820827 ], [ 136.924688575, 35.482291701 ], [ 136.925000576, 35.4822917 ], [ 136.925000576, 35.4820827 ] ] ] } },
{ "type": "Feature", "properties": { "A31a_301": "8505090066", "A31a_302": "津保川", "A31a_303": "21", "A31a_304": "岐阜県", "A31a_305": 3 }, "geometry": { "type": "Polygon", "coordinates": [ [ [ 136.966250734, 35.481666646 ], [ 136.966250734, 35.481457646 ], [ 136.965938733, 35.481457646 ], [ 136.965938733, 35.481666646 ], [ 136.965937733, 35.481666646 ], [ 136.965937733, 35.481874646 ], [ 136.966250734, 35.481874646 ], [ 136.966250734, 35.481666646 ] ] ] } },
{ "type": "Feature", "properties": { "A31a_301": "8505090066", "A31a_302": "津保川", "A31a_303": "21", "A31a_304": "岐阜県", "A31a_305": 3 }, "geometry": { "type": "Polygon", "coordinates": [ [ [ 136.950000682, 35.481666658 ], [ 136.950000682, 35.481457658 ], [ 136.950312683, 35.481457658 ], [ 136.950312683, 35.481249657 ], [ 136.950000682, 35.481249658 ], [ 136.949688681, 35.481249658 ], [ 136.949688681, 35.481457658 ], [ 136.94968868, 35.481666659 ], [ 136.950000682, 35.481666658 ] ] ] } },
{ "type": "Feature", "properties": { "A31a_301": "8505090066", "A31a_302": "津保川", "A31a_303": "21", "A31a_304": "岐阜県", "A31a_305": 3 }, "geometry": { "type": "Polygon", "coordinates": [ [ [ 136.965625732, 35.481457646 ], [ 136.965313732, 35.481457646 ], [ 136.965313732, 35.481666646 ], [ 136.965625733, 35.481666646 ], [ 136.965625732, 35.481457646 ] ] ] } },
{ "type": "Feature", "properties": { "A31a_301": "8505090066", "A31a_302": "津保川", "A31a_303": "21", "A31a_304": "岐阜県", "A31a_305": 3 }, "geometry": { "type": "Polygon", "coordinates": [ [ [ 136.871563391, 35.480624756 ], [ 136.87125039, 35.480624756 ], [ 136.87125039, 35.480832756 ], [ 136.87125039, 35.481041756 ], [ 136.87125039, 35.481249756 ], [ 136.871563391, 35.481249756 ], [ 136.871563391, 35.481041756 ], [ 136.871563391, 35.480832756 ], [ 136.871563391, 35.480624756 ] ] ] } },
{ "type": "Feature", "properties": { "A31a_301": "8505090066", "A31a_302": "津保川", "A31a_303": "21", "A31a_304": "岐阜県", "A31a_305": 3 }, "geometry": { "type": "Polygon", "coordinates": [ [ [ 136.967500737, 35.480832644 ], [ 136.967187736, 35.480832644 ], [ 136.967187736, 35.481041645 ], [ 136.967500737, 35.481041645 ], [ 136.967500737, 35.480832644 ] ] ] } },
{ "type": "Feature", "properties": { "A31a_301": "8505090066", "A31a_302": "津保川", "A31a_303": "21", "A31a_304": "岐阜県", "A31a_305": 3 }, "geometry": { "type": "Polygon", "coordinates": [ [ [ 136.878125406, 35.480624754 ], [ 136.877813405, 35.480624754 ], [ 136.877813405, 35.480832754 ], [ 136.878125406, 35.480832754 ], [ 136.878125406, 35.480624754 ] ] ] } },
{ "type": "Feature", "properties": { "A31a_301": "8505090066", "A31a_302": "津保川", "A31a_303": "21", "A31a_304": "岐阜県", "A31a_305": 3 }, "geometry": { "type": "Polygon", "coordinates": [ [ [ 136.967500737, 35.480832644 ], [ 136.967813738, 35.480832644 ], [ 136.967813737, 35.480624644 ], [ 136.967500737, 35.480624644 ], [ 136.967500737, 35.480832644 ] ] ] } },
{ "type": "Feature", "properties": { "A31a_301": "8505090066", "A31a_302": "津保川", "A31a_303": "21", "A31a_304": "岐阜県", "A31a_305": 3 }, "geometry": { "type": "Polygon", "coordinates": [ [ [ 136.878125406, 35.480624754 ], [ 136.878438407, 35.480624754 ], [ 136.878438407, 35.480416754 ], [ 136.878125406, 35.480416754 ], [ 136.878125406, 35.480624754 ] ] ] } },
{ "type": "Feature", "properties": { "A31a_301": "8505090066", "A31a_302": "津保川", "A31a_303": "21", "A31a_304": "岐阜県", "A31a_305": 3 }, "geometry": { "type": "Polygon", "coordinates": [ [ [ 136.924375575, 35.480207697 ], [ 136.924062574, 35.480207697 ], [ 136.924062574, 35.480416698 ], [ 136.924375575, 35.480416697 ], [ 136.924375575, 35.480207697 ] ] ] } },
{ "type": "Feature", "properties": { "A31a_301": "8505090066", "A31a_302": "津保川", "A31a_303": "21", "A31a_304": "岐阜県", "A31a_305": 3 }, "geometry": { "type": "Polygon", "coordinates": [ [ [ 136.925000579, 35.479791695 ], [ 136.925000579, 35.479582694 ], [ 136.924688577, 35.479582695 ], [ 136.924688577, 35.479791695 ], [ 136.925000579, 35.479791695 ] ] ] } },
{ "type": "Feature", "properties": { "A31a_301": "8505090066", "A31a_302": "津保川", "A31a_303": "21", "A31a_304": "岐阜県", "A31a_305": 3 }, "geometry": { "type": "Polygon", "coordinates": [ [ [ 136.899687473, 35.479166735 ], [ 136.899375472, 35.479166735 ], [ 136.899375471, 35.479374736 ], [ 136.899375471, 35.479582736 ], [ 136.899687472, 35.479582736 ], [ 136.899687472, 35.479374735 ], [ 136.899687473, 35.479166735 ] ] ] } },
{ "type": "Feature", "properties": { "A31a_301": "8505090066", "A31a_302": "津保川", "A31a_303": "21", "A31a_304": "岐阜県", "A31a_305": 3 }, "geometry": { "type": "Polygon", "coordinates": [ [ [ 136.950312684, 35.479582655 ], [ 136.950312684, 35.479374654 ], [ 136.950000683, 35.479374655 ], [ 136.949688682, 35.479374655 ], [ 136.949688682, 35.479582655 ], [ 136.950000683, 35.479582655 ], [ 136.950312684, 35.479582655 ] ] ] } },
{ "type": "Feature", "properties": { "A31a_301": "8505090066", "A31a_302": "津保川", "A31a_303": "21", "A31a_304": "岐阜県", "A31a_305": 3 }, "geometry": { "type": "Polygon", "coordinates": [ [ [ 136.862188372, 35.478957755 ], [ 136.862188372, 35.478749755 ], [ 136.862188372, 35.478541755 ], [ 136.861875371, 35.478541755 ], [ 136.861875371, 35.478749755 ], [ 136.861875371, 35.478957755 ], [ 136.861562371, 35.478957755 ], [ 136.861562371, 35.479166755 ], [ 136.861875371, 35.479166755 ], [ 136.861875371, 35.479374755 ], [ 136.862188372, 35.479374755 ], [ 136.862188372, 35.479166755 ], [ 136.862188372, 35.478957755 ] ] ] } },
{ "type": "Feature", "properties": { "A31a_301": "8505090066", "A31a_302": "津保川", "A31a_303": "21", "A31a_304": "岐阜県", "A31a_305": 3 }, "geometry": { "type": "Polygon", "coordinates": [ [ [ 136.924688578, 35.479166694 ], [ 136.924688578, 35.478957693 ], [ 136.924375577, 35.478957694 ], [ 136.924375576, 35.479166694 ], [ 136.924375576, 35.479374695 ], [ 136.924688578, 35.479374694 ], [ 136.924688578, 35.479166694 ] ] ] } },
{ "type": "Feature", "properties": { "A31a_301": "8505090066", "A31a_302": "津保川", "A31a_303": "21", "A31a_304": "岐阜県", "A31a_305": 3 }, "geometry": { "type": "Polygon", "coordinates": [ [ [ 136.881875417, 35.47895775 ], [ 136.881563416, 35.47895775 ], [ 136.881563416, 35.479166751 ], [ 136.881875417, 35.47916675 ], [ 136.881875417, 35.47895775 ] ] ] } },
{ "type": "Feature", "properties": { "A31a_301": "8505090066", "A31a_302": "津保川", "A31a_303": "21", "A31a_304": "岐阜県", "A31a_305": 3 }, "geometry": { "type": "Polygon", "coordinates": [ [ [ 136.885312426, 35.478957748 ], [ 136.885000425, 35.478957748 ], [ 136.884688425, 35.478957749 ], [ 136.884688424, 35.479166749 ], [ 136.885000425, 35.479166749 ], [ 136.885312426, 35.479166748 ], [ 136.885312426, 35.478957748 ] ] ] } },
{ "type": "Feature", "properties": { "A31a_301": "8505090066", "A31a_302": "津保川", "A31a_303": "21", "A31a_304": "岐阜県", "A31a_305": 3 }, "geometry": { "type": "Polygon", "coordinates": [ [ [ 136.885938428, 35.478749748 ], [ 136.885625427, 35.478749748 ], [ 136.885625427, 35.478957748 ], [ 136.885938428, 35.478957748 ], [ 136.885938428, 35.478749748 ] ] ] } },
{ "type": "Feature", "properties": { "A31a_301": "8505090066", "A31a_302": "津保川", "A31a_303": "21", "A31a_304": "岐阜県", "A31a_305": 3 }, "geometry": { "type": "Polygon", "coordinates": [ [ [ 136.91593854, 35.47895771 ], [ 136.91593854, 35.478749709 ], [ 136.915625539, 35.47874971 ], [ 136.915625539, 35.47895771 ], [ 136.91593854, 35.47895771 ] ] ] } },
{ "type": "Feature", "properties": { "A31a_301": "8505090066", "A31a_302": "津保川", "A31a_303": "21", "A31a_304": "岐阜県", "A31a_305": 3 }, "geometry": { "type": "Polygon", "coordinates": [ [ [ 136.884062423, 35.478332748 ], [ 136.883750423, 35.478332748 ], [ 136.883750422, 35.478541749 ], [ 136.884062423, 35.478541748 ], [ 136.884062423, 35.478332748 ] ] ] } },
{ "type": "Feature", "properties": { "A31a_301": "8505090066", "A31a_302": "津保川", "A31a_303": "21", "A31a_304": "岐阜県", "A31a_305": 3 }, "geometry": { "type": "Polygon", "coordinates": [ [ [ 136.928438595, 35.478541686 ], [ 136.928438595, 35.478332685 ], [ 136.928125593, 35.478332686 ], [ 136.928125593, 35.478541686 ], [ 136.928438595, 35.478541686 ] ] ] } },
{ "type": "Feature", "properties": { "A31a_301": "8505090066", "A31a_302": "津保川", "A31a_303": "21", "A31a_304": "岐阜県", "A31a_305": 3 }, "geometry": { "type": "Polygon", "coordinates": [ [ [ 136.86093837, 35.477499755 ], [ 136.860625369, 35.477499755 ], [ 136.860625369, 35.477707755 ], [ 136.86093837, 35.477707755 ], [ 136.86093837, 35.477916755 ], [ 136.86093837, 35.478124755 ], [ 136.86125037, 35.478124755 ], [ 136.861562371, 35.478124755 ], [ 136.861562371, 35.477916755 ], [ 136.861562371, 35.477707755 ], [ 136.86125037, 35.477707755 ], [ 136.86125037, 35.477499755 ], [ 136.86093837, 35.477499755 ] ] ] } },
{ "type": "Feature", "properties": { "A31a_301": "8505090066", "A31a_302": "津保川", "A31a_303": "21", "A31a_304": "岐阜県", "A31a_305": 3 }, "geometry": { "type": "Polygon", "coordinates": [ [ [ 136.885625428, 35.477916747 ], [ 136.885312427, 35.477916747 ], [ 136.885312427, 35.478124747 ], [ 136.885625428, 35.478124747 ], [ 136.885625428, 35.477916747 ] ] ] } },
{ "type": "Feature", "properties": { "A31a_301": "8505090066", "A31a_302": "津保川", "A31a_303": "21", "A31a_304": "岐阜県", "A31a_305": 3 }, "geometry": { "type": "Polygon", "coordinates": [ [ [ 136.90125048, 35.477916731 ], [ 136.90125048, 35.47770773 ], [ 136.900937479, 35.477707731 ], [ 136.900937479, 35.477916731 ], [ 136.90125048, 35.477916731 ] ] ] } },
{ "type": "Feature", "properties": { "A31a_301": "8505090066", "A31a_302": "津保川", "A31a_303": "21", "A31a_304": "岐阜県", "A31a_305": 3 }, "geometry": { "type": "Polygon", "coordinates": [ [ [ 136.948438678, 35.477291653 ], [ 136.948438678, 35.477082653 ], [ 136.948438679, 35.476874653 ], [ 136.948438679, 35.476666652 ], [ 136.948125677, 35.476666653 ], [ 136.948125678, 35.476457652 ], [ 136.948438679, 35.476457652 ], [ 136.94875068, 35.476457651 ], [ 136.949062681, 35.476457651 ], [ 136.949062682, 35.476249651 ], [ 136.949062682, 35.47604165 ], [ 136.949375683, 35.47604165 ], [ 136.949688684, 35.476041649 ], [ 136.949688684, 35.475832649 ], [ 136.949688684, 35.475624649 ], [ 136.949375683, 35.475624649 ], [ 136.949375683, 35.475416649 ], [ 136.949062682, 35.475416649 ], [ 136.949062682, 35.475207649 ], [ 136.948750681, 35.475207649 ], [ 136.94843868, 35.47520765 ], [ 136.948125678, 35.47520765 ], [ 136.947812677, 35.47520765 ], [ 136.947500676, 35.475207651 ], [ 136.947188675, 35.475207651 ], [ 136.946875673, 35.475207652 ], [ 136.946875673, 35.475416652 ], [ 136.946875673, 35.475624652 ], [ 136.946875673, 35.475832653 ], [ 136.946875673, 35.476041653 ], [ 136.947188674, 35.476041653 ], [ 136.947188674, 35.475832652 ], [ 136.947188674, 35.475624652 ], [ 136.947188675, 35.475416652 ], [ 136.947500676, 35.475416651 ], [ 136.947812677, 35.475416651 ], [ 136.947812677, 35.475624651 ], [ 136.947812677, 35.475832652 ], [ 136.947500676, 35.475832652 ], [ 136.947500675, 35.476041652 ], [ 136.947500675, 35.476249653 ], [ 136.947188674, 35.476249653 ], [ 136.947188674, 35.476457654 ], [ 136.947500675, 35.476457653 ], [ 136.947500675, 35.476666653 ], [ 136.947500675, 35.476874654 ], [ 136.947188674, 35.476874654 ], [ 136.947188673, 35.477082655 ], [ 136.947500675, 35.477082654 ], [ 136.947812676, 35.477082654 ], [ 136.947812676, 35.477291654 ], [ 136.947812676, 35.477499654 ], [ 136.948125677, 35.477499654 ], [ 136.948125677, 35.477707654 ], [ 136.948125677, 35.477916655 ], [ 136.948438678, 35.477916654 ], [ 136.948438678, 35.477707654 ], [ 136.948438678, 35.477499654 ], [ 136.948438678, 35.477291653 ] ] ] } },
{ "type": "Feature", "properties": { "A31a_301": "8505090066", "A31a_302": "津保川", "A31a_303": "21", "A31a_304": "岐阜県", "A31a_305": 3 }, "geometry": { "type": "Polygon", "coordinates": [ [ [ 136.865000378, 35.477291755 ], [ 136.864688377, 35.477291755 ], [ 136.864688377, 35.477499755 ], [ 136.864688377, 35.477707755 ], [ 136.865000378, 35.477707755 ], [ 136.865000378, 35.477499755 ], [ 136.865000378, 35.477291755 ] ] ] } },
{ "type": "Feature", "properties": { "A31a_301": "8505090066", "A31a_302": "津保川", "A31a_303": "21", "A31a_304": "岐阜県", "A31a_305": 3 }, "geometry": { "type": "Polygon", "coordinates": [ [ [ 136.920000559, 35.477499699 ], [ 136.919687558, 35.477499699 ], [ 136.919687558, 35.4777077 ], [ 136.920000559, 35.477707699 ], [ 136.920000559, 35.477499699 ] ] ] } },
{ "type": "Feature", "properties": { "A31a_301": "8505090066", "A31a_302": "津保川", "A31a_303": "21", "A31a_304": "岐阜県", "A31a_305": 3 }, "geometry": { "type": "Polygon", "coordinates": [ [ [ 136.892188449, 35.47729174 ], [ 136.891875448, 35.47729174 ], [ 136.891875448, 35.47749974 ], [ 136.892188449, 35.47749974 ], [ 136.892188449, 35.47729174 ] ] ] } },
{ "type": "Feature", "properties": { "A31a_301": "8505090066", "A31a_302": "津保川", "A31a_303": "21", "A31a_304": "岐阜県", "A31a_305": 3 }, "geometry": { "type": "Polygon", "coordinates": [ [ [ 136.900938479, 35.477499731 ], [ 136.900938479, 35.47729173 ], [ 136.900625478, 35.477291731 ], [ 136.900625478, 35.477499731 ], [ 136.900938479, 35.477499731 ] ] ] } },
{ "type": "Feature", "properties": { "A31a_301": "8505090066", "A31a_302": "津保川", "A31a_303": "21", "A31a_304": "岐阜県", "A31a_305": 3 }, "geometry": { "type": "Polygon", "coordinates": [ [ [ 136.893438454, 35.477291738 ], [ 136.893438454, 35.477082738 ], [ 136.893125453, 35.477082739 ], [ 136.893125453, 35.477291739 ], [ 136.893438454, 35.477291738 ] ] ] } },
{ "type": "Feature", "properties": { "A31a_301": "8505090066", "A31a_302": "津保川", "A31a_303": "21", "A31a_304": "岐阜県", "A31a_305": 3 }, "geometry": { "type": "Polygon", "coordinates": [ [ [ 136.911563524, 35.477082714 ], [ 136.911250523, 35.477082714 ], [ 136.911250522, 35.477291715 ], [ 136.911563524, 35.477291714 ], [ 136.911563524, 35.477082714 ] ] ] } },
{ "type": "Feature", "properties": { "A31a_301": "8505090066", "A31a_302": "津保川", "A31a_303": "21", "A31a_304": "岐阜県", "A31a_305": 3 }, "geometry": { "type": "Polygon", "coordinates": [ [ [ 136.919375557, 35.477082699 ], [ 136.919375557, 35.4772917 ], [ 136.919687558, 35.477291699 ], [ 136.919688558, 35.477291699 ], [ 136.92000056, 35.477291698 ], [ 136.92000056, 35.477082698 ], [ 136.919688559, 35.477082699 ], [ 136.919687559, 35.477082699 ], [ 136.919375557, 35.477082699 ] ] ] } },
{ "type": "Feature", "properties": { "A31a_301": "8505090066", "A31a_302": "津保川", "A31a_303": "21", "A31a_304": "岐阜県", "A31a_305": 3 }, "geometry": { "type": "Polygon", "coordinates": [ [ [ 136.920625563, 35.476874696 ], [ 136.920625563, 35.477082697 ], [ 136.920625562, 35.477291697 ], [ 136.920938564, 35.477291697 ], [ 136.920938564, 35.477082696 ], [ 136.920938564, 35.476874696 ], [ 136.920625563, 35.476874696 ] ] ] } },
{ "type": "Feature", "properties": { "A31a_301": "8505090066", "A31a_302": "津保川", "A31a_303": "21", "A31a_304": "岐阜県", "A31a_305": 3 }, "geometry": { "type": "Polygon", "coordinates": [ [ [ 136.934375622, 35.476874673 ], [ 136.93406362, 35.476874673 ], [ 136.93406362, 35.477082674 ], [ 136.93406362, 35.477291674 ], [ 136.934375621, 35.477291674 ], [ 136.934375621, 35.477082673 ], [ 136.934375622, 35.476874673 ] ] ] } },
{ "type": "Feature", "properties": { "A31a_301": "8505090066", "A31a_302": "津保川", "A31a_303": "21", "A31a_304": "岐阜県", "A31a_305": 3 }, "geometry": { "type": "Polygon", "coordinates": [ [ [ 136.863750375, 35.476874755 ], [ 136.863438374, 35.476874755 ], [ 136.863438374, 35.477082755 ], [ 136.863750375, 35.477082755 ], [ 136.863750375, 35.476874755 ] ] ] } },
{ "type": "Feature", "properties": { "A31a_301": "8505090066", "A31a_302": "津保川", "A31a_303": "21", "A31a_304": "岐阜県", "A31a_305": 3 }, "geometry": { "type": "Polygon", "coordinates": [ [ [ 136.861875371, 35.476874755 ], [ 136.861562371, 35.476874755 ], [ 136.861562371, 35.477082755 ], [ 136.861875371, 35.477082755 ], [ 136.861875371, 35.476874755 ] ] ] } },
{ "type": "Feature", "properties": { "A31a_301": "8505090066", "A31a_302": "津保川", "A31a_303": "21", "A31a_304": "岐阜県", "A31a_305": 3 }, "geometry": { "type": "Polygon", "coordinates": [ [ [ 136.919375557, 35.477082699 ], [ 136.919375557, 35.476874699 ], [ 136.919062556, 35.476874699 ], [ 136.919062556, 35.4770827 ], [ 136.919375557, 35.477082699 ] ] ] } },
{ "type": "Feature", "properties": { "A31a_301": "8505090066", "A31a_302": "津保川", "A31a_303": "21", "A31a_304": "岐阜県", "A31a_305": 3 }, "geometry": { "type": "Polygon", "coordinates": [ [ [ 136.955938703, 35.476874645 ], [ 136.955625702, 35.476874645 ], [ 136.955625702, 35.477082646 ], [ 136.955938703, 35.477082645 ], [ 136.955938703, 35.476874645 ] ] ] } },
{ "type": "Feature", "properties": { "A31a_301": "8505090066", "A31a_302": "津保川", "A31a_303": "21", "A31a_304": "岐阜県", "A31a_305": 3 }, "geometry": { "type": "Polygon", "coordinates": [ [ [ 136.920625563, 35.476874696 ], [ 136.920625563, 35.476666696 ], [ 136.920312562, 35.476666696 ], [ 136.920312561, 35.476874697 ], [ 136.920625563, 35.476874696 ] ] ] } },
{ "type": "Feature", "properties": { "A31a_301": "8505090066", "A31a_302": "津保川", "A31a_303": "21", "A31a_304": "岐阜県", "A31a_305": 3 }, "geometry": { "type": "Polygon", "coordinates": [ [ [ 136.932813615, 35.476249674 ], [ 136.932500614, 35.476249674 ], [ 136.932500614, 35.476457675 ], [ 136.932500614, 35.476666675 ], [ 136.932500613, 35.476874676 ], [ 136.932813615, 35.476874675 ], [ 136.932813615, 35.476666675 ], [ 136.932813615, 35.476457674 ], [ 136.932813615, 35.476249674 ] ] ] } },
{ "type": "Feature", "properties": { "A31a_301": "8505090066", "A31a_302": "津保川", "A31a_303": "21", "A31a_304": "岐阜県", "A31a_305": 3 }, "geometry": { "type": "Polygon", "coordinates": [ [ [ 136.900313478, 35.47645773 ], [ 136.900313478, 35.476249729 ], [ 136.900000477, 35.47624973 ], [ 136.900000476, 35.47645773 ], [ 136.900313478, 35.47645773 ] ] ] } },
{ "type": "Feature", "properties": { "A31a_301": "8505090066", "A31a_302": "津保川", "A31a_303": "21", "A31a_304": "岐阜県", "A31a_305": 3 }, "geometry": { "type": "Polygon", "coordinates": [ [ [ 136.919062557, 35.476457698 ], [ 136.919062557, 35.476249698 ], [ 136.918750555, 35.476249699 ], [ 136.918750555, 35.476457699 ], [ 136.919062557, 35.476457698 ] ] ] } },
{ "type": "Feature", "properties": { "A31a_301": "8505090066", "A31a_302": "津保川", "A31a_303": "21", "A31a_304": "岐阜県", "A31a_305": 3 }, "geometry": { "type": "Polygon", "coordinates": [ [ [ 136.863125374, 35.476041755 ], [ 136.862813373, 35.476041755 ], [ 136.862813373, 35.476249755 ], [ 136.863125374, 35.476249755 ], [ 136.863125374, 35.476041755 ] ] ] } },
{ "type": "Feature", "properties": { "A31a_301": "8505090066", "A31a_302": "津保川", "A31a_303": "21", "A31a_304": "岐阜県", "A31a_305": 3 }, "geometry": { "type": "Polygon", "coordinates": [ [ [ 136.924688581, 35.476249687 ], [ 136.924688581, 35.476041686 ], [ 136.92437558, 35.476041687 ], [ 136.924375579, 35.476249687 ], [ 136.924688581, 35.476249687 ] ] ] } },
{ "type": "Feature", "properties": { "A31a_301": "8505090066", "A31a_302": "津保川", "A31a_303": "21", "A31a_304": "岐阜県", "A31a_305": 3 }, "geometry": { "type": "Polygon", "coordinates": [ [ [ 136.859062366, 35.475416755 ], [ 136.858750366, 35.475416755 ], [ 136.858750366, 35.475624755 ], [ 136.859062366, 35.475624755 ], [ 136.859062366, 35.475416755 ] ] ] } },
{ "type": "Feature", "properties": { "A31a_301": "8505090066", "A31a_302": "津保川", "A31a_303": "21", "A31a_304": "岐阜県", "A31a_305": 3 }, "geometry": { "type": "Polygon", "coordinates": [ [ [ 136.899375475, 35.47562473 ], [ 136.899375475, 35.475416729 ], [ 136.899062474, 35.47541673 ], [ 136.899062474, 35.47562473 ], [ 136.899375475, 35.47562473 ] ] ] } },
{ "type": "Feature", "properties": { "A31a_301": "8505090066", "A31a_302": "津保川", "A31a_303": "21", "A31a_304": "岐阜県", "A31a_305": 3 }, "geometry": { "type": "Polygon", "coordinates": [ [ [ 136.861562371, 35.474999755 ], [ 136.86125037, 35.474999755 ], [ 136.86125037, 35.475207755 ], [ 136.86125037, 35.475416755 ], [ 136.861562371, 35.475416755 ], [ 136.861875371, 35.475416755 ], [ 136.861875371, 35.475207755 ], [ 136.861875371, 35.474999755 ], [ 136.861562371, 35.474999755 ] ] ] } },
{ "type": "Feature", "properties": { "A31a_301": "8505090066", "A31a_302": "津保川", "A31a_303": "21", "A31a_304": "岐阜県", "A31a_305": 3 }, "geometry": { "type": "Polygon", "coordinates": [ [ [ 136.941875653, 35.475416659 ], [ 136.942187655, 35.475416658 ], [ 136.942188655, 35.475416658 ], [ 136.942500656, 35.475416658 ], [ 136.942500656, 35.475207658 ], [ 136.942500656, 35.474999657 ], [ 136.942187655, 35.474999658 ], [ 136.942187655, 35.475207658 ], [ 136.941875653, 35.475207658 ], [ 136.941563652, 35.475207659 ], [ 136.941563652, 35.475416659 ], [ 136.941875653, 35.475416659 ] ] ] } },
{ "type": "Feature", "properties": { "A31a_301": "8505090066", "A31a_302": "津保川", "A31a_303": "21", "A31a_304": "岐阜県", "A31a_305": 3 }, "geometry": { "type": "Polygon", "coordinates": [ [ [ 136.94343866, 35.475416657 ], [ 136.94343866, 35.475207656 ], [ 136.943125658, 35.475207657 ], [ 136.943125658, 35.475416657 ], [ 136.94343866, 35.475416657 ] ] ] } },
{ "type": "Feature", "properties": { "A31a_301": "8505090066", "A31a_302": "津保川", "A31a_303": "21", "A31a_304": "岐阜県", "A31a_305": 3 }, "geometry": { "type": "Polygon", "coordinates": [ [ [ 136.851875353, 35.474791753 ], [ 136.851875353, 35.474999753 ], [ 136.851875353, 35.475207753 ], [ 136.852188354, 35.475207753 ], [ 136.852188354, 35.474999753 ], [ 136.852188354, 35.474791753 ], [ 136.851875353, 35.474791753 ] ] ] } },
{ "type": "Feature", "properties": { "A31a_301": "8505090066", "A31a_302": "津保川", "A31a_303": "21", "A31a_304": "岐阜県", "A31a_305": 3 }, "geometry": { "type": "Polygon", "coordinates": [ [ [ 136.851875353, 35.474791753 ], [ 136.851875353, 35.474582753 ], [ 136.851562353, 35.474582753 ], [ 136.851562353, 35.474791753 ], [ 136.851875353, 35.474791753 ] ] ] } },
{ "type": "Feature", "properties": { "A31a_301": "8505090066", "A31a_302": "津保川", "A31a_303": "21", "A31a_304": "岐阜県", "A31a_305": 3 }, "geometry": { "type": "Polygon", "coordinates": [ [ [ 136.925000584, 35.474791683 ], [ 136.925000584, 35.474582682 ], [ 136.924688582, 35.474582683 ], [ 136.924688582, 35.474791684 ], [ 136.925000584, 35.474791683 ] ] ] } },
{ "type": "Feature", "properties": { "A31a_301": "8505090066", "A31a_302": "津保川", "A31a_303": "21", "A31a_304": "岐阜県", "A31a_305": 3 }, "geometry": { "type": "Polygon", "coordinates": [ [ [ 136.854688358, 35.474166754 ], [ 136.854688358, 35.473957754 ], [ 136.855000359, 35.473957754 ], [ 136.855000358, 35.473749754 ], [ 136.855000358, 35.473541754 ], [ 136.854687358, 35.473541754 ], [ 136.854687358, 35.473749754 ], [ 136.854375357, 35.473749754 ], [ 136.854375357, 35.473541754 ], [ 136.854062357, 35.473541754 ], [ 136.854062357, 35.473749754 ], [ 136.854062357, 35.473957754 ], [ 136.854062357, 35.474166754 ], [ 136.854062357, 35.474374754 ], [ 136.854375358, 35.474374754 ], [ 136.854375358, 35.474582754 ], [ 136.854688358, 35.474582754 ], [ 136.854688358, 35.474374754 ], [ 136.854688358, 35.474166754 ] ] ] } },
{ "type": "Feature", "properties": { "A31a_301": "8505090066", "A31a_302": "津保川", "A31a_303": "21", "A31a_304": "岐阜県", "A31a_305": 3 }, "geometry": { "type": "Polygon", "coordinates": [ [ [ 136.903438493, 35.474374722 ], [ 136.903125492, 35.474374722 ], [ 136.903125491, 35.474582722 ], [ 136.903438493, 35.474582722 ], [ 136.903438493, 35.474374722 ] ] ] } },
{ "type": "Feature", "properties": { "A31a_301": "8505090066", "A31a_302": "津保川", "A31a_303": "21", "A31a_304": "岐阜県", "A31a_305": 3 }, "geometry": { "type": "Polygon", "coordinates": [ [ [ 136.905000499, 35.474582719 ], [ 136.905000499, 35.474374719 ], [ 136.904688498, 35.47437472 ], [ 136.904687498, 35.47437472 ], [ 136.904375497, 35.47437472 ], [ 136.904375497, 35.47458272 ], [ 136.904687498, 35.47458272 ], [ 136.904688498, 35.47458272 ], [ 136.905000499, 35.474582719 ] ] ] } },
{ "type": "Feature", "properties": { "A31a_301": "8505090066", "A31a_302": "津保川", "A31a_303": "21", "A31a_304": "岐阜県", "A31a_305": 3 }, "geometry": { "type": "Polygon", "coordinates": [ [ [ 136.905938503, 35.474374718 ], [ 136.905625502, 35.474374718 ], [ 136.905625502, 35.474582718 ], [ 136.905938503, 35.474582718 ], [ 136.905938503, 35.474374718 ] ] ] } },
{ "type": "Feature", "properties": { "A31a_301": "8505090066", "A31a_302": "津保川", "A31a_303": "21", "A31a_304": "岐阜県", "A31a_305": 3 }, "geometry": { "type": "Polygon", "coordinates": [ [ [ 136.950312687, 35.474582646 ], [ 136.950312687, 35.474374645 ], [ 136.950000686, 35.474374646 ], [ 136.950000686, 35.474582646 ], [ 136.950312687, 35.474582646 ] ] ] } },
{ "type": "Feature", "properties": { "A31a_301": "8505090066", "A31a_302": "津保川", "A31a_303": "21", "A31a_304": "岐阜県", "A31a_305": 3 }, "geometry": { "type": "Polygon", "coordinates": [ [ [ 136.914062538, 35.474166704 ], [ 136.914062538, 35.473957703 ], [ 136.913750537, 35.473957704 ], [ 136.913750536, 35.474166704 ], [ 136.914062538, 35.474166704 ] ] ] } },
{ "type": "Feature", "properties": { "A31a_301": "8505090066", "A31a_302": "津保川", "A31a_303": "21", "A31a_304": "岐阜県", "A31a_305": 3 }, "geometry": { "type": "Polygon", "coordinates": [ [ [ 136.921875571, 35.473957688 ], [ 136.921875571, 35.473749687 ], [ 136.92156257, 35.473749688 ], [ 136.92156257, 35.473957688 ], [ 136.921875571, 35.473957688 ] ] ] } },
{ "type": "Feature", "properties": { "A31a_301": "8505090066", "A31a_302": "津保川", "A31a_303": "21", "A31a_304": "岐阜県", "A31a_305": 3 }, "geometry": { "type": "Polygon", "coordinates": [ [ [ 136.93343862, 35.473957668 ], [ 136.93343862, 35.473749667 ], [ 136.933125619, 35.473749668 ], [ 136.933125619, 35.473957668 ], [ 136.93343862, 35.473957668 ] ] ] } },
{ "type": "Feature", "properties": { "A31a_301": "8505090066", "A31a_302": "津保川", "A31a_303": "21", "A31a_304": "岐阜県", "A31a_305": 3 }, "geometry": { "type": "Polygon", "coordinates": [ [ [ 136.957812709, 35.473124637 ], [ 136.957812709, 35.472916636 ], [ 136.957500708, 35.472916637 ], [ 136.957500708, 35.473124637 ], [ 136.957812709, 35.473124637 ] ] ] } },
{ "type": "Feature", "properties": { "A31a_301": "8505090066", "A31a_302": "津保川", "A31a_303": "21", "A31a_304": "岐阜県", "A31a_305": 3 }, "geometry": { "type": "Polygon", "coordinates": [ [ [ 136.931250613, 35.471874667 ], [ 136.930937612, 35.471874667 ], [ 136.930937611, 35.472082668 ], [ 136.931250613, 35.472082667 ], [ 136.931250613, 35.471874667 ] ] ] } },
{ "type": "Feature", "properties": { "A31a_301": "8505090066", "A31a_302": "津保川", "A31a_303": "21", "A31a_304": "岐阜県", "A31a_305": 3 }, "geometry": { "type": "Polygon", "coordinates": [ [ [ 136.929375606, 35.470832668 ], [ 136.929063605, 35.470832668 ], [ 136.929063604, 35.471041669 ], [ 136.929375606, 35.471041668 ], [ 136.929375606, 35.470832668 ] ] ] } },
{ "type": "Feature", "properties": { "A31a_301": "8505090066", "A31a_302": "津保川", "A31a_303": "21", "A31a_304": "岐阜県", "A31a_305": 3 }, "geometry": { "type": "Polygon", "coordinates": [ [ [ 136.856875361, 35.470624754 ], [ 136.85656236, 35.470624754 ], [ 136.85656236, 35.470832754 ], [ 136.856875361, 35.470832754 ], [ 136.856875361, 35.470624754 ] ] ] } },
{ "type": "Feature", "properties": { "A31a_301": "8505090066", "A31a_302": "津保川", "A31a_303": "21", "A31a_304": "岐阜県", "A31a_305": 3 }, "geometry": { "type": "Polygon", "coordinates": [ [ [ 136.854688357, 35.470624754 ], [ 136.854375356, 35.470624754 ], [ 136.854375356, 35.470832754 ], [ 136.854688357, 35.470832754 ], [ 136.854688357, 35.470624754 ] ] ] } },
{ "type": "Feature", "properties": { "A31a_301": "8505090066", "A31a_302": "津保川", "A31a_303": "21", "A31a_304": "岐阜県", "A31a_305": 3 }, "geometry": { "type": "Polygon", "coordinates": [ [ [ 136.860625367, 35.470207754 ], [ 136.860312367, 35.470207754 ], [ 136.860312367, 35.470416754 ], [ 136.860312367, 35.470624754 ], [ 136.860625367, 35.470624754 ], [ 136.860625367, 35.470416754 ], [ 136.860625367, 35.470207754 ] ] ] } },
{ "type": "Feature", "properties": { "A31a_301": "8505090066", "A31a_302": "津保川", "A31a_303": "21", "A31a_304": "岐阜県", "A31a_305": 3 }, "geometry": { "type": "Polygon", "coordinates": [ [ [ 136.929688608, 35.470624667 ], [ 136.929688608, 35.470416666 ], [ 136.929375606, 35.470416667 ], [ 136.929375606, 35.470624667 ], [ 136.929688608, 35.470624667 ] ] ] } },
{ "type": "Feature", "properties": { "A31a_301": "8505090066", "A31a_302": "津保川", "A31a_303": "21", "A31a_304": "岐阜県", "A31a_305": 3 }, "geometry": { "type": "Polygon", "coordinates": [ [ [ 136.934063626, 35.470416659 ], [ 136.933750625, 35.470416659 ], [ 136.933750625, 35.47062466 ], [ 136.934063626, 35.470624659 ], [ 136.934063626, 35.470416659 ] ] ] } },
{ "type": "Feature", "properties": { "A31a_301": "8505090066", "A31a_302": "津保川", "A31a_303": "21", "A31a_304": "岐阜県", "A31a_305": 3 }, "geometry": { "type": "Polygon", "coordinates": [ [ [ 136.948750683, 35.470624639 ], [ 136.948750683, 35.470416638 ], [ 136.948438682, 35.470416639 ], [ 136.948438682, 35.470624639 ], [ 136.948750683, 35.470624639 ] ] ] } },
{ "type": "Feature", "properties": { "A31a_301": "8505090066", "A31a_302": "津保川", "A31a_303": "21", "A31a_304": "岐阜県", "A31a_305": 3 }, "geometry": { "type": "Polygon", "coordinates": [ [ [ 136.926250594, 35.469791671 ], [ 136.926250594, 35.46958267 ], [ 136.925938593, 35.469582671 ], [ 136.925938593, 35.469791671 ], [ 136.926250594, 35.469791671 ] ] ] } },
{ "type": "Feature", "properties": { "A31a_301": "8505090066", "A31a_302": "津保川", "A31a_303": "21", "A31a_304": "岐阜県", "A31a_305": 3 }, "geometry": { "type": "Polygon", "coordinates": [ [ [ 136.929375607, 35.469374665 ], [ 136.929063606, 35.469374665 ], [ 136.929063606, 35.469582666 ], [ 136.929375607, 35.469582665 ], [ 136.929375607, 35.469374665 ] ] ] } },
{ "type": "Feature", "properties": { "A31a_301": "8505090066", "A31a_302": "津保川", "A31a_303": "21", "A31a_304": "岐阜県", "A31a_305": 3 }, "geometry": { "type": "Polygon", "coordinates": [ [ [ 136.859688365, 35.468957754 ], [ 136.859375365, 35.468957754 ], [ 136.859375365, 35.469166754 ], [ 136.859688365, 35.469166754 ], [ 136.859688365, 35.468957754 ] ] ] } },
{ "type": "Feature", "properties": { "A31a_301": "8505090066", "A31a_302": "津保川", "A31a_303": "21", "A31a_304": "岐阜県", "A31a_305": 3 }, "geometry": { "type": "Polygon", "coordinates": [ [ [ 136.949375686, 35.46729163 ], [ 136.949062685, 35.46729163 ], [ 136.949062685, 35.467499631 ], [ 136.949375686, 35.467499631 ], [ 136.949375686, 35.46729163 ] ] ] } },
{ "type": "Feature", "properties": { "A31a_301": "8505090066", "A31a_302": "津保川", "A31a_303": "21", "A31a_304": "岐阜県", "A31a_305": 3 }, "geometry": { "type": "Polygon", "coordinates": [ [ [ 136.93906365, 35.466874643 ], [ 136.938750649, 35.466874643 ], [ 136.938750649, 35.467082644 ], [ 136.93906365, 35.467082643 ], [ 136.93906365, 35.466874643 ] ] ] } },
{ "type": "Feature", "properties": { "A31a_301": "8505090066", "A31a_302": "津保川", "A31a_303": "21", "A31a_304": "岐阜県", "A31a_305": 3 }, "geometry": { "type": "Polygon", "coordinates": [ [ [ 136.947188679, 35.466666632 ], [ 136.947188679, 35.466457631 ], [ 136.946875678, 35.466457632 ], [ 136.946875678, 35.466666632 ], [ 136.947188679, 35.466666632 ] ] ] } },
{ "type": "Feature", "properties": { "A31a_301": "8505090066", "A31a_302": "津保川", "A31a_303": "21", "A31a_304": "岐阜県", "A31a_305": 3 }, "geometry": { "type": "Polygon", "coordinates": [ [ [ 136.85718836, 35.466041754 ], [ 136.856875359, 35.466041754 ], [ 136.856875359, 35.466249754 ], [ 136.85718836, 35.466249754 ], [ 136.85718836, 35.466041754 ] ] ] } },
{ "type": "Feature", "properties": { "A31a_301": "8505090066", "A31a_302": "津保川", "A31a_303": "21", "A31a_304": "岐阜県", "A31a_305": 3 }, "geometry": { "type": "Polygon", "coordinates": [ [ [ 136.945625674, 35.465624632 ], [ 136.945938675, 35.465624631 ], [ 136.946250676, 35.465624631 ], [ 136.946562677, 35.46562463 ], [ 136.946562677, 35.46541663 ], [ 136.946562678, 35.465207629 ], [ 136.946250677, 35.46520763 ], [ 136.945938675, 35.46520763 ], [ 136.945938675, 35.465416631 ], [ 136.945625674, 35.465416631 ], [ 136.945625674, 35.465624632 ] ] ] } },
{ "type": "Feature", "properties": { "A31a_301": "8505090066", "A31a_302": "津保川", "A31a_303": "21", "A31a_304": "岐阜県", "A31a_305": 3 }, "geometry": { "type": "Polygon", "coordinates": [ [ [ 136.948438685, 35.463541624 ], [ 136.948438686, 35.463332623 ], [ 136.948125684, 35.463332624 ], [ 136.948125684, 35.463541624 ], [ 136.948438685, 35.463541624 ] ] ] } },
{ "type": "Feature", "properties": { "A31a_301": "8505090066", "A31a_302": "津保川", "A31a_303": "21", "A31a_304": "岐阜県", "A31a_305": 3 }, "geometry": { "type": "Polygon", "coordinates": [ [ [ 136.949688692, 35.460832617 ], [ 136.949688692, 35.460624616 ], [ 136.949375691, 35.460624617 ], [ 136.949375691, 35.460832617 ], [ 136.949688692, 35.460832617 ] ] ] } },
{ "type": "Feature", "properties": { "A31a_301": "8505090066", "A31a_302": "津保川", "A31a_303": "21", "A31a_304": "岐阜県", "A31a_305": 3 }, "geometry": { "type": "Polygon", "coordinates": [ [ [ 136.839375323, 35.45916676 ], [ 136.839063323, 35.45916676 ], [ 136.839063323, 35.45937476 ], [ 136.839375323, 35.45937476 ], [ 136.839375323, 35.45916676 ] ] ] } },
{ "type": "Feature", "properties": { "A31a_301": "8505090066", "A31a_302": "津保川", "A31a_303": "21", "A31a_304": "岐阜県", "A31a_305": 3 }, "geometry": { "type": "Polygon", "coordinates": [ [ [ 136.838750322, 35.45895776 ], [ 136.838750322, 35.458749761 ], [ 136.839063322, 35.458749761 ], [ 136.839063322, 35.458541761 ], [ 136.838750322, 35.458541761 ], [ 136.838438321, 35.458541761 ], [ 136.838438321, 35.458332761 ], [ 136.83812532, 35.458332761 ], [ 136.83812532, 35.458124761 ], [ 136.83781332, 35.458124761 ], [ 136.83781332, 35.458332761 ], [ 136.83781332, 35.458541761 ], [ 136.838125321, 35.458541761 ], [ 136.838125321, 35.458749761 ], [ 136.838437321, 35.458749761 ], [ 136.838437322, 35.458957761 ], [ 136.838750322, 35.45895776 ] ] ] } },
{ "type": "Feature", "properties": { "A31a_301": "8505090066", "A31a_302": "津保川", "A31a_303": "21", "A31a_304": "岐阜県", "A31a_305": 3 }, "geometry": { "type": "Polygon", "coordinates": [ [ [ 136.846875334, 35.458124759 ], [ 136.846875334, 35.458332759 ], [ 136.846875334, 35.458541759 ], [ 136.847188335, 35.458541759 ], [ 136.847188335, 35.458332759 ], [ 136.847188334, 35.458124759 ], [ 136.846875334, 35.458124759 ] ] ] } },
{ "type": "Feature", "properties": { "A31a_301": "8505090066", "A31a_302": "津保川", "A31a_303": "21", "A31a_304": "岐阜県", "A31a_305": 3 }, "geometry": { "type": "Polygon", "coordinates": [ [ [ 136.846875334, 35.458124759 ], [ 136.846875334, 35.457916759 ], [ 136.846875334, 35.457707759 ], [ 136.846875333, 35.45749976 ], [ 136.846563333, 35.45749976 ], [ 136.846250332, 35.45749976 ], [ 136.846250333, 35.45770776 ], [ 136.846563333, 35.45770776 ], [ 136.846563333, 35.457916759 ], [ 136.846563333, 35.458124759 ], [ 136.846875334, 35.458124759 ] ] ] } },
{ "type": "Feature", "properties": { "A31a_301": "8505090066", "A31a_302": "津保川", "A31a_303": "21", "A31a_304": "岐阜県", "A31a_305": 3 }, "geometry": { "type": "Polygon", "coordinates": [ [ [ 136.837187318, 35.457707762 ], [ 136.836875318, 35.457707762 ], [ 136.836875318, 35.457916762 ], [ 136.837187319, 35.457916762 ], [ 136.837187318, 35.457707762 ] ] ] } },
{ "type": "Feature", "properties": { "A31a_301": "8505090066", "A31a_302": "津保川", "A31a_303": "21", "A31a_304": "岐阜県", "A31a_305": 3 }, "geometry": { "type": "Polygon", "coordinates": [ [ [ 136.845938332, 35.45770776 ], [ 136.845625332, 35.45770776 ], [ 136.845625332, 35.45791676 ], [ 136.845938332, 35.45791676 ], [ 136.845938332, 35.45770776 ] ] ] } },
{ "type": "Feature", "properties": { "A31a_301": "8505090066", "A31a_302": "津保川", "A31a_303": "21", "A31a_304": "岐阜県", "A31a_305": 3 }, "geometry": { "type": "Polygon", "coordinates": [ [ [ 136.847813335, 35.457499759 ], [ 136.847500334, 35.457499759 ], [ 136.847500335, 35.457707759 ], [ 136.847813335, 35.457707759 ], [ 136.847813335, 35.457499759 ] ] ] } },
{ "type": "Feature", "properties": { "A31a_301": "8505090066", "A31a_302": "津保川", "A31a_303": "21", "A31a_304": "岐阜県", "A31a_305": 3 }, "geometry": { "type": "Polygon", "coordinates": [ [ [ 136.847813335, 35.457499759 ], [ 136.848125335, 35.457499759 ], [ 136.848125335, 35.457291759 ], [ 136.848438336, 35.457291759 ], [ 136.848438336, 35.45708276 ], [ 136.848438335, 35.45687476 ], [ 136.848438335, 35.45666676 ], [ 136.848438335, 35.45645776 ], [ 136.848750336, 35.45645776 ], [ 136.848750335, 35.45624976 ], [ 136.848750335, 35.45604176 ], [ 136.848438335, 35.45604176 ], [ 136.848438335, 35.45583276 ], [ 136.848438335, 35.455624761 ], [ 136.848125334, 35.455624761 ], [ 136.848125334, 35.455416761 ], [ 136.848438334, 35.455416761 ], [ 136.848438334, 35.455207761 ], [ 136.848125334, 35.455207761 ], [ 136.848125334, 35.454999761 ], [ 136.847813333, 35.454999761 ], [ 136.847500333, 35.454999761 ], [ 136.847500333, 35.455207761 ], [ 136.847500333, 35.455416761 ], [ 136.847813333, 35.455416761 ], [ 136.847813334, 35.455624761 ], [ 136.847813334, 35.455832761 ], [ 136.847813334, 35.45604176 ], [ 136.847500333, 35.456041761 ], [ 136.847500333, 35.455832761 ], [ 136.847500333, 35.455624761 ], [ 136.847188333, 35.455624761 ], [ 136.847188333, 35.455832761 ], [ 136.846875332, 35.455832761 ], [ 136.846875332, 35.456041761 ], [ 136.846563332, 35.456041761 ], [ 136.846563332, 35.456249761 ], [ 136.846875332, 35.456249761 ], [ 136.847188333, 35.456249761 ], [ 136.847500333, 35.45624976 ], [ 136.847813334, 35.45624976 ], [ 136.847813334, 35.45645776 ], [ 136.848125335, 35.45645776 ], [ 136.848125335, 35.45666676 ], [ 136.847813334, 35.45666676 ], [ 136.847500334, 35.45666676 ], [ 136.847500334, 35.45687476 ], [ 136.847813334, 35.45687476 ], [ 136.847813335, 35.45708276 ], [ 136.847813335, 35.45729176 ], [ 136.847813335, 35.457499759 ] ] ] } },
{ "type": "Feature", "properties": { "A31a_301": "8505090066", "A31a_302": "津保川", "A31a_303": "21", "A31a_304": "岐阜県", "A31a_305": 3 }, "geometry": { "type": "Polygon", "coordinates": [ [ [ 136.846250332, 35.45687476 ], [ 136.845938331, 35.45687476 ], [ 136.845938332, 35.45708276 ], [ 136.846250332, 35.45708276 ], [ 136.846250332, 35.45687476 ] ] ] } },
{ "type": "Feature", "properties": { "A31a_301": "8505090066", "A31a_302": "津保川", "A31a_303": "21", "A31a_304": "岐阜県", "A31a_305": 3 }, "geometry": { "type": "Polygon", "coordinates": [ [ [ 136.841875324, 35.455416763 ], [ 136.841563323, 35.455416763 ], [ 136.841563323, 35.455624763 ], [ 136.841563324, 35.455832762 ], [ 136.841563324, 35.456041762 ], [ 136.841875324, 35.456041762 ], [ 136.841875324, 35.455832762 ], [ 136.841875324, 35.455624763 ], [ 136.841875324, 35.455416763 ] ] ] } },
{ "type": "Feature", "properties": { "A31a_301": "8505090066", "A31a_302": "津保川", "A31a_303": "21", "A31a_304": "岐阜県", "A31a_305": 3 }, "geometry": { "type": "Polygon", "coordinates": [ [ [ 136.841563323, 35.455416763 ], [ 136.841563323, 35.455207763 ], [ 136.841563323, 35.454999763 ], [ 136.841875323, 35.454999763 ], [ 136.842187324, 35.454999763 ], [ 136.842188324, 35.454999763 ], [ 136.842500324, 35.454999763 ], [ 136.842500324, 35.454791763 ], [ 136.842188324, 35.454791763 ], [ 136.842188323, 35.454582763 ], [ 136.842188323, 35.454374764 ], [ 136.842188323, 35.454166764 ], [ 136.842188323, 35.453957764 ], [ 136.842500323, 35.453957764 ], [ 136.842500323, 35.453749764 ], [ 136.842500323, 35.453541764 ], [ 136.842500323, 35.453332764 ], [ 136.842188322, 35.453332764 ], [ 136.842187322, 35.453332764 ], [ 136.841875322, 35.453332765 ], [ 136.841875322, 35.453541764 ], [ 136.841875322, 35.453749764 ], [ 136.841563322, 35.453749764 ], [ 136.841250321, 35.453749764 ], [ 136.841250321, 35.453957764 ], [ 136.841250322, 35.454166764 ], [ 136.841250322, 35.454374764 ], [ 136.841250322, 35.454582764 ], [ 136.840938321, 35.454582764 ], [ 136.840937321, 35.454582764 ], [ 136.840625321, 35.454582764 ], [ 136.840625321, 35.454791764 ], [ 136.840937322, 35.454791764 ], [ 136.840938322, 35.454791764 ], [ 136.840938322, 35.454999763 ], [ 136.840937322, 35.454999763 ], [ 136.840625321, 35.454999763 ], [ 136.840625321, 35.455207763 ], [ 136.840313321, 35.455207763 ], [ 136.840313321, 35.455416763 ], [ 136.840000321, 35.455416763 ], [ 136.840000321, 35.455624763 ], [ 136.840313321, 35.455624763 ], [ 136.840625322, 35.455624763 ], [ 136.840937322, 35.455624763 ], [ 136.840938322, 35.455624763 ], [ 136.841250323, 35.455624763 ], [ 136.841250323, 35.455416763 ], [ 136.841563323, 35.455416763 ] ] ] } },
{ "type": "Feature", "properties": { "A31a_301": "8505090066", "A31a_302": "津保川", "A31a_303": "21", "A31a_304": "岐阜県", "A31a_305": 3 }, "geometry": { "type": "Polygon", "coordinates": [ [ [ 136.841875324, 35.455416763 ], [ 136.842188324, 35.455416763 ], [ 136.842188324, 35.455207763 ], [ 136.841875323, 35.455207763 ], [ 136.841875324, 35.455416763 ] ] ] } },
{ "type": "Feature", "properties": { "A31a_301": "8505090066", "A31a_302": "津保川", "A31a_303": "21", "A31a_304": "岐阜県", "A31a_305": 3 }, "geometry": { "type": "Polygon", "coordinates": [ [ [ 136.840000321, 35.455416763 ], [ 136.84000032, 35.455207763 ], [ 136.83968732, 35.455207764 ], [ 136.83968732, 35.455416763 ], [ 136.840000321, 35.455416763 ] ] ] } },
{ "type": "Feature", "properties": { "A31a_301": "8505090066", "A31a_302": "津保川", "A31a_303": "21", "A31a_304": "岐阜県", "A31a_305": 3 }, "geometry": { "type": "Polygon", "coordinates": [ [ [ 136.839375319, 35.454582764 ], [ 136.839063318, 35.454582764 ], [ 136.839063318, 35.454791764 ], [ 136.839063319, 35.454999764 ], [ 136.839375319, 35.454999764 ], [ 136.83968732, 35.454999764 ], [ 136.83968732, 35.454791764 ], [ 136.839687319, 35.454582764 ], [ 136.839375319, 35.454582764 ] ] ] } },
{ "type": "Feature", "properties": { "A31a_301": "8505090066", "A31a_302": "津保川", "A31a_303": "21", "A31a_304": "岐阜県", "A31a_305": 3 }, "geometry": { "type": "Polygon", "coordinates": [ [ [ 136.838438318, 35.454999764 ], [ 136.838438317, 35.454791764 ], [ 136.838750318, 35.454791764 ], [ 136.838750318, 35.454582764 ], [ 136.838438317, 35.454582765 ], [ 136.838437317, 35.454582765 ], [ 136.838125317, 35.454582765 ], [ 136.838125317, 35.454791764 ], [ 136.837813316, 35.454791765 ], [ 136.837813317, 35.454999764 ], [ 136.838125317, 35.454999764 ], [ 136.838438318, 35.454999764 ] ] ] } },
{ "type": "Feature", "properties": { "A31a_301": "8505090066", "A31a_302": "津保川", "A31a_303": "21", "A31a_304": "岐阜県", "A31a_305": 3 }, "geometry": { "type": "Polygon", "coordinates": [ [ [ 136.842500323, 35.453957764 ], [ 136.842500324, 35.454166764 ], [ 136.842500324, 35.454374763 ], [ 136.842500324, 35.454582763 ], [ 136.842500324, 35.454791763 ], [ 136.842813325, 35.454791763 ], [ 136.842813324, 35.454582763 ], [ 136.842813324, 35.454374763 ], [ 136.842813324, 35.454166764 ], [ 136.842813324, 35.453957764 ], [ 136.842500323, 35.453957764 ] ] ] } }
]
}
