{
"type": "FeatureCollection",
"name": "A31a-10-25_21_8505090072_20",
"crs": { "type": "name", "properties": { "name": "urn:ogc:def:crs:EPSG::6668" } },
"xy_coordinate_resolution": 1e-09,
"features": [
{ "type": "Feature", "properties": { "A31a_101": "8505090072", "A31a_102": "川浦川", "A31a_103": "21", "A31a_104": "岐阜県", "A31a_105": 1 }, "geometry": { "type": "Polygon", "coordinates": [ [ [ 137.001563827, 35.492832656 ], [ 137.001563827, 35.492791656 ], [ 137.001563827, 35.492749656 ], [ 137.001563827, 35.492707656 ], [ 137.001563826, 35.492666656 ], [ 137.001563826, 35.492624656 ], [ 137.001563826, 35.492582656 ], [ 137.001563826, 35.492541656 ], [ 137.001563826, 35.492499656 ], [ 137.001500826, 35.492499656 ], [ 137.001438826, 35.492499656 ], [ 137.001375826, 35.492499656 ], [ 137.001313826, 35.492499656 ], [ 137.001250826, 35.492499656 ], [ 137.001188826, 35.492499656 ], [ 137.001125826, 35.492499656 ], [ 137.001063826, 35.492499656 ], [ 137.001000825, 35.492499656 ], [ 137.000938825, 35.492499656 ], [ 137.000875825, 35.492499656 ], [ 137.000813825, 35.492499656 ], [ 137.000750825, 35.492499656 ], [ 137.000688825, 35.492499656 ], [ 137.000688825, 35.492541656 ], [ 137.000625825, 35.492541656 ], [ 137.000563825, 35.492541656 ], [ 137.000500825, 35.492541656 ], [ 137.000438825, 35.492541656 ], [ 137.000375825, 35.492541656 ], [ 137.000375825, 35.492582656 ], [ 137.000313825, 35.492582656 ], [ 137.000250825, 35.492582656 ], [ 137.000188825, 35.492582656 ], [ 137.000188825, 35.492624656 ], [ 137.000125825, 35.492624656 ], [ 137.000063825, 35.492624656 ], [ 137.000063825, 35.492666656 ], [ 137.000000825, 35.492666656 ], [ 137.000000825, 35.492707656 ], [ 136.999938825, 35.492707656 ], [ 136.999875825, 35.492707656 ], [ 136.999875825, 35.492749656 ], [ 136.999813825, 35.492749656 ], [ 136.999813825, 35.492791656 ], [ 136.999750825, 35.492791656 ], [ 136.999750825, 35.492832656 ], [ 136.999688825, 35.492832655 ], [ 136.999688825, 35.492874655 ], [ 136.999688825, 35.492916655 ], [ 136.999625825, 35.492916655 ], [ 136.999563825, 35.492916655 ], [ 136.999500825, 35.492916655 ], [ 136.999500825, 35.492957655 ], [ 136.999438825, 35.492957655 ], [ 136.999438825, 35.492999655 ], [ 136.999375825, 35.492999655 ], [ 136.999375825, 35.493041655 ], [ 136.999375825, 35.493082655 ], [ 136.999375825, 35.493124655 ], [ 136.999375826, 35.493166655 ], [ 136.999313825, 35.493166655 ], [ 136.999313825, 35.493124655 ], [ 136.999250825, 35.493124655 ], [ 136.999188825, 35.493124655 ], [ 136.999188825, 35.493166655 ], [ 136.999125825, 35.493166655 ], [ 136.999125825, 35.493207655 ], [ 136.999125825, 35.493249655 ], [ 136.999188825, 35.493249655 ], [ 136.999188826, 35.493291655 ], [ 136.999188826, 35.493332655 ], [ 136.999250826, 35.493332655 ], [ 136.999250826, 35.493291655 ], [ 136.999313826, 35.493291655 ], [ 136.999313826, 35.493332655 ], [ 136.999375826, 35.493332655 ], [ 136.999375826, 35.493374655 ], [ 136.999375826, 35.493416655 ], [ 136.999438826, 35.493416655 ], [ 136.999500827, 35.493416655 ], [ 136.999500827, 35.493457655 ], [ 136.999438827, 35.493457655 ], [ 136.999438827, 35.493499655 ], [ 136.999375827, 35.493499655 ], [ 136.999375827, 35.493541655 ], [ 136.999438827, 35.493541655 ], [ 136.999438827, 35.493582655 ], [ 136.999438827, 35.493624655 ], [ 136.999500827, 35.493624655 ], [ 136.999500827, 35.493666655 ], [ 136.999500827, 35.493707655 ], [ 136.999563828, 35.493707655 ], [ 136.999563828, 35.493749655 ], [ 136.999625828, 35.493749655 ], [ 136.999625828, 35.493791655 ], [ 136.999688828, 35.493791656 ], [ 136.999750828, 35.493791656 ], [ 136.999750828, 35.493749656 ], [ 136.999813828, 35.493749656 ], [ 136.999813828, 35.493791656 ], [ 136.999875828, 35.493791656 ], [ 136.999875828, 35.493749656 ], [ 136.999813828, 35.493749656 ], [ 136.999813828, 35.493707656 ], [ 136.999875828, 35.493707656 ], [ 136.999875828, 35.493749656 ], [ 136.999938828, 35.493749656 ], [ 136.999938828, 35.493707656 ], [ 137.000000828, 35.493707656 ], [ 137.000063828, 35.493707656 ], [ 137.000063828, 35.493666656 ], [ 137.000125828, 35.493666656 ], [ 137.000188828, 35.493666656 ], [ 137.000188828, 35.493624656 ], [ 137.000125828, 35.493624656 ], [ 137.000063828, 35.493624656 ], [ 137.000063828, 35.493582656 ], [ 137.000125828, 35.493582656 ], [ 137.000188828, 35.493582656 ], [ 137.000188828, 35.493624656 ], [ 137.000250828, 35.493624656 ], [ 137.000250828, 35.493666656 ], [ 137.000313828, 35.493666656 ], [ 137.000375829, 35.493666656 ], [ 137.000438829, 35.493666656 ], [ 137.000438829, 35.493707656 ], [ 137.000500829, 35.493707656 ], [ 137.000500829, 35.493749656 ], [ 137.000438829, 35.493749656 ], [ 137.000438829, 35.493791656 ], [ 137.000438829, 35.493832656 ], [ 137.000375829, 35.493832656 ], [ 137.000313829, 35.493832656 ], [ 137.000313829, 35.493874656 ], [ 137.000313829, 35.493916656 ], [ 137.000375829, 35.493916656 ], [ 137.000375829, 35.493874656 ], [ 137.000438829, 35.493874656 ], [ 137.000500829, 35.493874656 ], [ 137.000500829, 35.493916656 ], [ 137.000438829, 35.493916656 ], [ 137.000438829, 35.493957656 ], [ 137.00043883, 35.493999656 ], [ 137.00037583, 35.493999656 ], [ 137.000313829, 35.493999656 ], [ 137.000250829, 35.493999656 ], [ 137.000250829, 35.493957656 ], [ 137.000188829, 35.493957656 ], [ 137.000125829, 35.493957656 ], [ 137.000063829, 35.493957656 ], [ 137.000000829, 35.493957656 ], [ 137.000000829, 35.493999656 ], [ 137.000000829, 35.494041656 ], [ 136.999938829, 35.494041656 ], [ 136.999875829, 35.494041656 ], [ 136.999875829, 35.493999656 ], [ 136.999813829, 35.493999656 ], [ 136.999813829, 35.493957656 ], [ 136.999750829, 35.493957656 ], [ 136.999688829, 35.493957656 ], [ 136.999688828, 35.493916656 ], [ 136.999688828, 35.493874656 ], [ 136.999625828, 35.493874655 ], [ 136.999625828, 35.493916655 ], [ 136.999625828, 35.493957655 ], [ 136.999563828, 35.493957655 ], [ 136.999500828, 35.493957655 ], [ 136.999500828, 35.493999655 ], [ 136.999563828, 35.493999655 ], [ 136.999625829, 35.493999655 ], [ 136.999625829, 35.494041655 ], [ 136.999688829, 35.494041656 ], [ 136.999688829, 35.494082656 ], [ 136.999688829, 35.494124656 ], [ 136.999688829, 35.494166656 ], [ 136.999750829, 35.494166656 ], [ 136.999813829, 35.494166656 ], [ 136.999875829, 35.494166656 ], [ 136.99993883, 35.494166656 ], [ 137.00000083, 35.494166656 ], [ 137.00006383, 35.494166656 ], [ 137.00012583, 35.494166656 ], [ 137.00012583, 35.494124656 ], [ 137.00018883, 35.494124656 ], [ 137.00025083, 35.494124656 ], [ 137.00025083, 35.494082656 ], [ 137.00018883, 35.494082656 ], [ 137.00018883, 35.494041656 ], [ 137.000125829, 35.494041656 ], [ 137.000125829, 35.493999656 ], [ 137.000188829, 35.493999656 ], [ 137.00018883, 35.494041656 ], [ 137.00025083, 35.494041656 ], [ 137.00031383, 35.494041656 ], [ 137.00031383, 35.494082656 ], [ 137.00031383, 35.494124656 ], [ 137.00037583, 35.494124656 ], [ 137.00037583, 35.494166656 ], [ 137.00043883, 35.494166656 ], [ 137.00050083, 35.494166656 ], [ 137.00056383, 35.494166656 ], [ 137.00062583, 35.494166656 ], [ 137.00068883, 35.494166656 ], [ 137.00075083, 35.494166656 ], [ 137.00081383, 35.494166656 ], [ 137.00087583, 35.494166656 ], [ 137.000938831, 35.494166656 ], [ 137.001000831, 35.494166656 ], [ 137.00100083, 35.494124656 ], [ 137.00100083, 35.494082656 ], [ 137.00106383, 35.494082656 ], [ 137.00112583, 35.494082656 ], [ 137.001125831, 35.494124656 ], [ 137.001188831, 35.494124656 ], [ 137.001188831, 35.494166656 ], [ 137.001250831, 35.494166656 ], [ 137.001250831, 35.494124656 ], [ 137.001250831, 35.494082656 ], [ 137.00118883, 35.494082656 ], [ 137.00118883, 35.494041656 ], [ 137.00112583, 35.494041656 ], [ 137.00106383, 35.494041656 ], [ 137.00100083, 35.494041656 ], [ 137.00100083, 35.493999656 ], [ 137.00100083, 35.493957656 ], [ 137.00106383, 35.493957656 ], [ 137.00106383, 35.493916656 ], [ 137.00106383, 35.493874656 ], [ 137.00112583, 35.493874656 ], [ 137.00118883, 35.493874656 ], [ 137.00118883, 35.493832656 ], [ 137.00118883, 35.493791656 ], [ 137.00125083, 35.493791656 ], [ 137.00125083, 35.493749656 ], [ 137.00131383, 35.493749656 ], [ 137.00137583, 35.493749656 ], [ 137.00143883, 35.493749656 ], [ 137.00143883, 35.493707656 ], [ 137.001438829, 35.493666656 ], [ 137.001438829, 35.493624656 ], [ 137.001438829, 35.493582656 ], [ 137.001438829, 35.493541656 ], [ 137.001438829, 35.493499656 ], [ 137.001500829, 35.493499656 ], [ 137.001500829, 35.493457656 ], [ 137.001500829, 35.493416656 ], [ 137.001500829, 35.493374656 ], [ 137.001500828, 35.493332656 ], [ 137.001438828, 35.493332656 ], [ 137.001438828, 35.493291656 ], [ 137.001500828, 35.493291656 ], [ 137.001500828, 35.493249656 ], [ 137.001438828, 35.493249656 ], [ 137.001438828, 35.493207656 ], [ 137.001375828, 35.493207656 ], [ 137.001375828, 35.493166656 ], [ 137.001313828, 35.493166656 ], [ 137.001313828, 35.493207656 ], [ 137.001250828, 35.493207656 ], [ 137.001250828, 35.493166656 ], [ 137.001250828, 35.493124656 ], [ 137.001250827, 35.493082656 ], [ 137.001250827, 35.493041656 ], [ 137.001250827, 35.492999656 ], [ 137.001250827, 35.492957656 ], [ 137.001250827, 35.492916656 ], [ 137.001313827, 35.492916656 ], [ 137.001375827, 35.492916656 ], [ 137.001375827, 35.492874656 ], [ 137.001375827, 35.492832656 ], [ 137.001438827, 35.492832656 ], [ 137.001500827, 35.492832656 ], [ 137.001563827, 35.492832656 ] ], [ [ 137.001188829, 35.493624656 ], [ 137.001125829, 35.493624656 ], [ 137.001125829, 35.493582656 ], [ 137.001125829, 35.493541656 ], [ 137.001125829, 35.493499656 ], [ 137.001125829, 35.493457656 ], [ 137.001188829, 35.493457656 ], [ 137.001188829, 35.493499656 ], [ 137.001188829, 35.493541656 ], [ 137.001188829, 35.493582656 ], [ 137.001188829, 35.493624656 ] ], [ [ 137.000188827, 35.493166656 ], [ 137.000125827, 35.493166656 ], [ 137.000063827, 35.493166656 ], [ 137.000000827, 35.493166656 ], [ 137.000000827, 35.493124656 ], [ 137.000063827, 35.493124656 ], [ 137.000125827, 35.493124656 ], [ 137.000188827, 35.493124656 ], [ 137.000188827, 35.493166656 ] ], [ [ 137.001313828, 35.493332656 ], [ 137.001250828, 35.493332656 ], [ 137.001250828, 35.493291656 ], [ 137.001250828, 35.493249656 ], [ 137.001313828, 35.493249656 ], [ 137.001313828, 35.493291656 ], [ 137.001313828, 35.493332656 ] ], [ [ 136.999500826, 35.493249655 ], [ 136.999438826, 35.493249655 ], [ 136.999438826, 35.493207655 ], [ 136.999438826, 35.493166655 ], [ 136.999500826, 35.493166655 ], [ 136.999500826, 35.493207655 ], [ 136.999500826, 35.493249655 ] ], [ [ 137.001188829, 35.493707656 ], [ 137.001125829, 35.493707656 ], [ 137.001063829, 35.493707656 ], [ 137.001063829, 35.493666656 ], [ 137.001125829, 35.493666656 ], [ 137.001188829, 35.493666656 ], [ 137.001188829, 35.493707656 ] ], [ [ 136.999563827, 35.493416655 ], [ 136.999500827, 35.493416655 ], [ 136.999500826, 35.493374655 ], [ 136.999563827, 35.493374655 ], [ 136.999563827, 35.493416655 ] ], [ [ 137.001188828, 35.493374656 ], [ 137.001125828, 35.493374656 ], [ 137.001125828, 35.493332656 ], [ 137.001188828, 35.493332656 ], [ 137.001188828, 35.493374656 ] ], [ [ 137.000375828, 35.493624656 ], [ 137.000313828, 35.493624656 ], [ 137.000313828, 35.493582656 ], [ 137.000375828, 35.493582656 ], [ 137.000375828, 35.493624656 ] ], [ [ 137.000875829, 35.493666656 ], [ 137.000813829, 35.493666656 ], [ 137.000813829, 35.493624656 ], [ 137.000875829, 35.493624656 ], [ 137.000875829, 35.493666656 ] ] ] } },
{ "type": "Feature", "properties": { "A31a_101": "8505090072", "A31a_102": "川浦川", "A31a_103": "21", "A31a_104": "岐阜県", "A31a_105": 1 }, "geometry": { "type": "Polygon", "coordinates": [ [ [ 137.047188927, 35.516082668 ], [ 137.047188926, 35.516041668 ], [ 137.047188926, 35.515999668 ], [ 137.047188926, 35.515957668 ], [ 137.047188926, 35.515916669 ], [ 137.047125926, 35.515916668 ], [ 137.047125926, 35.515874669 ], [ 137.047063926, 35.515874668 ], [ 137.047063925, 35.515832669 ], [ 137.047000926, 35.515832668 ], [ 137.046938926, 35.515832668 ], [ 137.046875926, 35.515832668 ], [ 137.046875926, 35.515791668 ], [ 137.046875925, 35.515749669 ], [ 137.046875925, 35.515707669 ], [ 137.046875925, 35.515666669 ], [ 137.046875925, 35.515624669 ], [ 137.046813925, 35.515624669 ], [ 137.046813925, 35.515582669 ], [ 137.046875924, 35.515582669 ], [ 137.046875924, 35.515541669 ], [ 137.046875924, 35.515499669 ], [ 137.046813924, 35.515499669 ], [ 137.046813924, 35.515457669 ], [ 137.046813924, 35.515416669 ], [ 137.046750924, 35.515416669 ], [ 137.046688924, 35.515416669 ], [ 137.046625924, 35.515416669 ], [ 137.046563924, 35.515416669 ], [ 137.046500924, 35.515416669 ], [ 137.046500924, 35.515374669 ], [ 137.046563924, 35.515374669 ], [ 137.046563924, 35.515332669 ], [ 137.046563923, 35.515291669 ], [ 137.046563923, 35.515249669 ], [ 137.046563923, 35.515207669 ], [ 137.046500923, 35.515207669 ], [ 137.046438923, 35.515207669 ], [ 137.046375923, 35.515207669 ], [ 137.046313923, 35.515207669 ], [ 137.046313923, 35.515166669 ], [ 137.046375923, 35.515166669 ], [ 137.046375923, 35.515124669 ], [ 137.046438923, 35.515124669 ], [ 137.046500922, 35.515124669 ], [ 137.046500922, 35.515082669 ], [ 137.046563922, 35.515082669 ], [ 137.046563922, 35.515041669 ], [ 137.046500922, 35.515041669 ], [ 137.046438922, 35.515041669 ], [ 137.046438922, 35.514999669 ], [ 137.046375922, 35.514999669 ], [ 137.046313922, 35.514999669 ], [ 137.046250922, 35.514999669 ], [ 137.046188922, 35.514999669 ], [ 137.046125922, 35.514999669 ], [ 137.046063923, 35.514999669 ], [ 137.046000923, 35.514999669 ], [ 137.046000922, 35.514957669 ], [ 137.046063922, 35.514957669 ], [ 137.046125922, 35.514957669 ], [ 137.046125922, 35.514916669 ], [ 137.046125922, 35.514874669 ], [ 137.046188922, 35.514874669 ], [ 137.046250922, 35.514874669 ], [ 137.046250921, 35.514832669 ], [ 137.046250921, 35.514791669 ], [ 137.046250921, 35.514749669 ], [ 137.046188921, 35.514749669 ], [ 137.046188921, 35.514707669 ], [ 137.046125921, 35.514707669 ], [ 137.046125921, 35.514666669 ], [ 137.046063921, 35.514666669 ], [ 137.04606392, 35.514624669 ], [ 137.046000921, 35.514624669 ], [ 137.046000921, 35.514666669 ], [ 137.045938921, 35.514666669 ], [ 137.045938921, 35.514624669 ], [ 137.04593892, 35.514582669 ], [ 137.045875921, 35.514582669 ], [ 137.045813921, 35.514582669 ], [ 137.045750921, 35.514582669 ], [ 137.045688921, 35.514582669 ], [ 137.045625921, 35.514582669 ], [ 137.045625921, 35.514624669 ], [ 137.045625921, 35.514666669 ], [ 137.045625922, 35.514707669 ], [ 137.045625922, 35.514749669 ], [ 137.045625922, 35.514791669 ], [ 137.045688922, 35.514791669 ], [ 137.045688922, 35.514832669 ], [ 137.045688923, 35.514874669 ], [ 137.045688923, 35.514916669 ], [ 137.045688923, 35.514957669 ], [ 137.045688923, 35.514999669 ], [ 137.045750923, 35.514999669 ], [ 137.045813923, 35.514999669 ], [ 137.045813923, 35.515041669 ], [ 137.045813923, 35.515082669 ], [ 137.045813924, 35.515124669 ], [ 137.045875924, 35.515124669 ], [ 137.045875923, 35.515082669 ], [ 137.045875923, 35.515041669 ], [ 137.045938923, 35.515041669 ], [ 137.045938923, 35.515082669 ], [ 137.045938923, 35.515124669 ], [ 137.045938924, 35.515166669 ], [ 137.045938924, 35.515207669 ], [ 137.046000924, 35.515207669 ], [ 137.046063924, 35.515207669 ], [ 137.046125924, 35.515207669 ], [ 137.046188924, 35.515207669 ], [ 137.046188924, 35.515249669 ], [ 137.046250924, 35.515249669 ], [ 137.046250924, 35.515291669 ], [ 137.046250924, 35.515332669 ], [ 137.046250924, 35.515374669 ], [ 137.046250925, 35.515416668 ], [ 137.046313924, 35.515416669 ], [ 137.046375924, 35.515416669 ], [ 137.046438924, 35.515416669 ], [ 137.046438924, 35.515457669 ], [ 137.046500924, 35.515457669 ], [ 137.046563924, 35.515457669 ], [ 137.046563924, 35.515499669 ], [ 137.046563925, 35.515541669 ], [ 137.046563925, 35.515582668 ], [ 137.046563925, 35.515624668 ], [ 137.046500925, 35.515624668 ], [ 137.046438925, 35.515624668 ], [ 137.046375926, 35.515624668 ], [ 137.046313926, 35.515624668 ], [ 137.046313925, 35.515582668 ], [ 137.046313925, 35.515541668 ], [ 137.046375925, 35.515541668 ], [ 137.046375925, 35.515499668 ], [ 137.046313925, 35.515499668 ], [ 137.046250925, 35.515499668 ], [ 137.046250925, 35.515457668 ], [ 137.046250925, 35.515416668 ], [ 137.046188925, 35.515416668 ], [ 137.046125925, 35.515416668 ], [ 137.046125925, 35.515457668 ], [ 137.046063925, 35.515457668 ], [ 137.046063925, 35.515416668 ], [ 137.046000925, 35.515416668 ], [ 137.045938925, 35.515416668 ], [ 137.045938925, 35.515457668 ], [ 137.045938926, 35.515499668 ], [ 137.045938926, 35.515541668 ], [ 137.045938926, 35.515582668 ], [ 137.045938926, 35.515624668 ], [ 137.046000926, 35.515624668 ], [ 137.046000926, 35.515666668 ], [ 137.046063926, 35.515666668 ], [ 137.046125926, 35.515666668 ], [ 137.046188926, 35.515666668 ], [ 137.046188926, 35.515707668 ], [ 137.046250926, 35.515707668 ], [ 137.046250926, 35.515749668 ], [ 137.046250927, 35.515791668 ], [ 137.046313927, 35.515791668 ], [ 137.046313927, 35.515832668 ], [ 137.046313927, 35.515874668 ], [ 137.046375927, 35.515874668 ], [ 137.046375927, 35.515916668 ], [ 137.046438927, 35.515916668 ], [ 137.046438927, 35.515957668 ], [ 137.046438928, 35.515999668 ], [ 137.046500927, 35.515999668 ], [ 137.046500928, 35.516041668 ], [ 137.046563928, 35.516041668 ], [ 137.046563928, 35.516082668 ], [ 137.046563928, 35.516124668 ], [ 137.046625928, 35.516124668 ], [ 137.046625928, 35.516166668 ], [ 137.046625928, 35.516207668 ], [ 137.046688928, 35.516207668 ], [ 137.046688929, 35.516249668 ], [ 137.046750928, 35.516249668 ], [ 137.046750928, 35.516207668 ], [ 137.046813928, 35.516207668 ], [ 137.046875928, 35.516207668 ], [ 137.046938928, 35.516207668 ], [ 137.046938928, 35.516166668 ], [ 137.046875928, 35.516166668 ], [ 137.046875927, 35.516124668 ], [ 137.046875927, 35.516082668 ], [ 137.046875927, 35.516041668 ], [ 137.046938927, 35.516041668 ], [ 137.047000927, 35.516041668 ], [ 137.047063927, 35.516041668 ], [ 137.047063927, 35.516082668 ], [ 137.047125927, 35.516082668 ], [ 137.047188927, 35.516082668 ] ], [ [ 137.045938923, 35.514999669 ], [ 137.045875923, 35.514999669 ], [ 137.045813923, 35.514999669 ], [ 137.045813923, 35.514957669 ], [ 137.045750923, 35.514957669 ], [ 137.045750923, 35.514916669 ], [ 137.045750922, 35.514874669 ], [ 137.045750922, 35.514832669 ], [ 137.045750922, 35.514791669 ], [ 137.045750922, 35.514749669 ], [ 137.045813922, 35.514749669 ], [ 137.045813921, 35.514707669 ], [ 137.045875921, 35.514707669 ], [ 137.045938921, 35.514707669 ], [ 137.045938921, 35.514749669 ], [ 137.045938922, 35.514791669 ], [ 137.045938922, 35.514832669 ], [ 137.045938922, 35.514874669 ], [ 137.045938922, 35.514916669 ], [ 137.045938923, 35.514957669 ], [ 137.045938923, 35.514999669 ] ], [ [ 137.046250926, 35.515624668 ], [ 137.046188926, 35.515624668 ], [ 137.046125926, 35.515624668 ], [ 137.046063926, 35.515624668 ], [ 137.046063926, 35.515582668 ], [ 137.046125926, 35.515582668 ], [ 137.046188926, 35.515582668 ], [ 137.046188925, 35.515541668 ], [ 137.046250925, 35.515541668 ], [ 137.046250926, 35.515582668 ], [ 137.046250926, 35.515624668 ] ], [ [ 137.046563926, 35.515832668 ], [ 137.046500926, 35.515832668 ], [ 137.046438927, 35.515832668 ], [ 137.046438926, 35.515791668 ], [ 137.046500926, 35.515791668 ], [ 137.046563926, 35.515791668 ], [ 137.046563926, 35.515832668 ] ] ] } },
{ "type": "Feature", "properties": { "A31a_101": "8505090072", "A31a_102": "川浦川", "A31a_103": "21", "A31a_104": "岐阜県", "A31a_105": 1 }, "geometry": { "type": "Polygon", "coordinates": [ [ [ 136.998438829, 35.495082655 ], [ 136.998438829, 35.495041655 ], [ 136.998438829, 35.494999655 ], [ 136.998438829, 35.494957655 ], [ 136.998438829, 35.494916655 ], [ 136.998438829, 35.494874655 ], [ 136.998438829, 35.494832655 ], [ 136.998438829, 35.494791655 ], [ 136.998375828, 35.494791655 ], [ 136.998313828, 35.494791655 ], [ 136.998313828, 35.494749655 ], [ 136.998250828, 35.494749655 ], [ 136.998188828, 35.494749655 ], [ 136.998125828, 35.494749655 ], [ 136.998125828, 35.494707655 ], [ 136.998125828, 35.494666655 ], [ 136.998125827, 35.494624655 ], [ 136.998188828, 35.494624655 ], [ 136.998188827, 35.494582655 ], [ 136.998125827, 35.494582655 ], [ 136.998063827, 35.494582655 ], [ 136.998063827, 35.494541655 ], [ 136.998063827, 35.494499655 ], [ 136.998000827, 35.494499655 ], [ 136.998000827, 35.494457655 ], [ 136.998000827, 35.494416655 ], [ 136.997938827, 35.494416655 ], [ 136.997938826, 35.494374655 ], [ 136.997875826, 35.494374655 ], [ 136.997813826, 35.494374655 ], [ 136.997813826, 35.494416655 ], [ 136.997813826, 35.494457655 ], [ 136.997813827, 35.494499655 ], [ 136.997875827, 35.494499655 ], [ 136.997875827, 35.494541655 ], [ 136.997938827, 35.494541655 ], [ 136.998000827, 35.494541655 ], [ 136.998000827, 35.494582655 ], [ 136.997938827, 35.494582655 ], [ 136.997875827, 35.494582655 ], [ 136.997813827, 35.494582655 ], [ 136.997750827, 35.494582655 ], [ 136.997750827, 35.494541655 ], [ 136.997688826, 35.494541655 ], [ 136.997625826, 35.494541655 ], [ 136.997563826, 35.494541655 ], [ 136.997563826, 35.494499655 ], [ 136.997625826, 35.494499655 ], [ 136.997688826, 35.494499655 ], [ 136.997750826, 35.494499655 ], [ 136.997750826, 35.494457655 ], [ 136.997688826, 35.494457655 ], [ 136.997625826, 35.494457655 ], [ 136.997625826, 35.494416655 ], [ 136.997563826, 35.494416655 ], [ 136.997500826, 35.494416655 ], [ 136.997438826, 35.494416655 ], [ 136.997438825, 35.494374655 ], [ 136.997375825, 35.494374655 ], [ 136.997313825, 35.494374655 ], [ 136.997313825, 35.494332655 ], [ 136.997313825, 35.494291655 ], [ 136.997313825, 35.494249655 ], [ 136.997250825, 35.494249655 ], [ 136.997188825, 35.494249655 ], [ 136.997188825, 35.494291655 ], [ 136.997188825, 35.494332655 ], [ 136.997188825, 35.494374655 ], [ 136.997188825, 35.494416655 ], [ 136.997125825, 35.494416655 ], [ 136.997125825, 35.494374655 ], [ 136.997063825, 35.494374655 ], [ 136.997063825, 35.494416655 ], [ 136.997063825, 35.494457655 ], [ 136.997000825, 35.494457655 ], [ 136.997000825, 35.494499655 ], [ 136.996938825, 35.494499655 ], [ 136.996938825, 35.494541655 ], [ 136.996938825, 35.494582655 ], [ 136.996875825, 35.494582655 ], [ 136.996875825, 35.494624655 ], [ 136.996875825, 35.494666655 ], [ 136.996938825, 35.494666655 ], [ 136.997000825, 35.494666655 ], [ 136.997000826, 35.494707655 ], [ 136.997000826, 35.494749655 ], [ 136.997063826, 35.494749655 ], [ 136.997063826, 35.494791655 ], [ 136.997063826, 35.494832655 ], [ 136.997125826, 35.494832655 ], [ 136.997125826, 35.494874655 ], [ 136.997125826, 35.494916655 ], [ 136.997188826, 35.494916655 ], [ 136.997188827, 35.494957655 ], [ 136.997188827, 35.494999655 ], [ 136.997250827, 35.494999655 ], [ 136.997250827, 35.495041655 ], [ 136.997250827, 35.495082655 ], [ 136.997313827, 35.495082655 ], [ 136.997375827, 35.495082655 ], [ 136.997375827, 35.495124655 ], [ 136.997438828, 35.495124655 ], [ 136.997438828, 35.495166655 ], [ 136.997500828, 35.495166655 ], [ 136.997500828, 35.495207655 ], [ 136.997563828, 35.495207655 ], [ 136.997563828, 35.495166655 ], [ 136.997625828, 35.495166655 ], [ 136.997688828, 35.495166655 ], [ 136.997750828, 35.495166655 ], [ 136.997813828, 35.495166655 ], [ 136.997875829, 35.495166655 ], [ 136.997875828, 35.495124655 ], [ 136.997875828, 35.495082655 ], [ 136.997875828, 35.495041655 ], [ 136.997875828, 35.494999655 ], [ 136.997938828, 35.494999655 ], [ 136.997938828, 35.494957655 ], [ 136.997938828, 35.494916655 ], [ 136.997938828, 35.494874655 ], [ 136.998000828, 35.494874655 ], [ 136.998000828, 35.494832655 ], [ 136.998000828, 35.494791655 ], [ 136.998000828, 35.494749655 ], [ 136.998000827, 35.494707655 ], [ 136.998063828, 35.494707655 ], [ 136.998063828, 35.494749655 ], [ 136.998125828, 35.494749655 ], [ 136.998125828, 35.494791655 ], [ 136.998063828, 35.494791655 ], [ 136.998063828, 35.494832655 ], [ 136.998063828, 35.494874655 ], [ 136.998063828, 35.494916655 ], [ 136.998125828, 35.494916655 ], [ 136.998125828, 35.494957655 ], [ 136.998125829, 35.494999655 ], [ 136.998063828, 35.494999655 ], [ 136.998000828, 35.494999655 ], [ 136.998000828, 35.495041655 ], [ 136.997938828, 35.495041655 ], [ 136.997938828, 35.495082655 ], [ 136.997938829, 35.495124655 ], [ 136.998000829, 35.495124655 ], [ 136.998063829, 35.495124655 ], [ 136.998125829, 35.495124655 ], [ 136.998125829, 35.495082655 ], [ 136.998188829, 35.495082655 ], [ 136.998250829, 35.495082655 ], [ 136.998313829, 35.495082655 ], [ 136.998375829, 35.495082655 ], [ 136.998438829, 35.495082655 ] ], [ [ 136.997500828, 35.495124655 ], [ 136.997438828, 35.495124655 ], [ 136.997438827, 35.495082655 ], [ 136.997438827, 35.495041655 ], [ 136.997438827, 35.494999655 ], [ 136.997438827, 35.494957655 ], [ 136.997438827, 35.494916655 ], [ 136.997438827, 35.494874655 ], [ 136.997438827, 35.494832655 ], [ 136.997500827, 35.494832655 ], [ 136.997500827, 35.494874655 ], [ 136.997500827, 35.494916655 ], [ 136.997500827, 35.494957655 ], [ 136.997500827, 35.494999655 ], [ 136.997500827, 35.495041655 ], [ 136.997500828, 35.495082655 ], [ 136.997500828, 35.495124655 ] ], [ [ 136.997313825, 35.494457655 ], [ 136.997250825, 35.494457655 ], [ 136.997250825, 35.494416655 ], [ 136.997313825, 35.494416655 ], [ 136.997313825, 35.494457655 ] ], [ [ 136.997188826, 35.494832655 ], [ 136.997125826, 35.494832655 ], [ 136.997125826, 35.494791655 ], [ 136.997188826, 35.494791655 ], [ 136.997188826, 35.494832655 ] ] ] } },
{ "type": "Feature", "properties": { "A31a_101": "8505090072", "A31a_102": "川浦川", "A31a_103": "21", "A31a_104": "岐阜県", "A31a_105": 1 }, "geometry": { "type": "Polygon", "coordinates": [ [ [ 137.049688948, 35.520374666 ], [ 137.049688948, 35.520332666 ], [ 137.049688947, 35.520291666 ], [ 137.049688947, 35.520249666 ], [ 137.049688947, 35.520207666 ], [ 137.049688947, 35.520166666 ], [ 137.049688946, 35.520124666 ], [ 137.049688946, 35.520082666 ], [ 137.049688946, 35.520041666 ], [ 137.049688946, 35.519999666 ], [ 137.049625946, 35.519999666 ], [ 137.049563946, 35.519999666 ], [ 137.049500946, 35.519999666 ], [ 137.049500946, 35.519957666 ], [ 137.049563946, 35.519957666 ], [ 137.049563945, 35.519916666 ], [ 137.049625945, 35.519916666 ], [ 137.049625945, 35.519874666 ], [ 137.049688945, 35.519874666 ], [ 137.049688945, 35.519832666 ], [ 137.049688944, 35.519791666 ], [ 137.049625944, 35.519791666 ], [ 137.049625944, 35.519749666 ], [ 137.049625944, 35.519707666 ], [ 137.049625944, 35.519666666 ], [ 137.049563944, 35.519666666 ], [ 137.049563944, 35.519624666 ], [ 137.049500944, 35.519624666 ], [ 137.049438944, 35.519624666 ], [ 137.049438944, 35.519666666 ], [ 137.049375944, 35.519666666 ], [ 137.049375944, 35.519624666 ], [ 137.049375944, 35.519582666 ], [ 137.049375943, 35.519541666 ], [ 137.049375943, 35.519499666 ], [ 137.049375943, 35.519457666 ], [ 137.049313943, 35.519457666 ], [ 137.049313943, 35.519416666 ], [ 137.049250943, 35.519416666 ], [ 137.049250943, 35.519457666 ], [ 137.049188943, 35.519457666 ], [ 137.049188943, 35.519499666 ], [ 137.049250943, 35.519499666 ], [ 137.049250944, 35.519541666 ], [ 137.049313943, 35.519541666 ], [ 137.049313944, 35.519582666 ], [ 137.049250944, 35.519582666 ], [ 137.049188944, 35.519582666 ], [ 137.049125944, 35.519582666 ], [ 137.049125944, 35.519541666 ], [ 137.049188944, 35.519541666 ], [ 137.049188943, 35.519499666 ], [ 137.049125944, 35.519499666 ], [ 137.049063944, 35.519499666 ], [ 137.049063943, 35.519457666 ], [ 137.049063943, 35.519416666 ], [ 137.049063943, 35.519374666 ], [ 137.049000943, 35.519374666 ], [ 137.048938943, 35.519374666 ], [ 137.048875943, 35.519374666 ], [ 137.048813943, 35.519374666 ], [ 137.048813944, 35.519416666 ], [ 137.048813944, 35.519457666 ], [ 137.048813944, 35.519499666 ], [ 137.048875944, 35.519499666 ], [ 137.048875944, 35.519541666 ], [ 137.048813944, 35.519541666 ], [ 137.048750944, 35.519541666 ], [ 137.048750944, 35.519499666 ], [ 137.048750944, 35.519457666 ], [ 137.048688944, 35.519457666 ], [ 137.048688944, 35.519499666 ], [ 137.048625944, 35.519499666 ], [ 137.048625945, 35.519541666 ], [ 137.048563945, 35.519541666 ], [ 137.048563945, 35.519582666 ], [ 137.048500945, 35.519582666 ], [ 137.048500945, 35.519624665 ], [ 137.048500946, 35.519666665 ], [ 137.048438946, 35.519666665 ], [ 137.048438946, 35.519707665 ], [ 137.048500946, 35.519707665 ], [ 137.048500946, 35.519749665 ], [ 137.048500946, 35.519791665 ], [ 137.048563946, 35.519791665 ], [ 137.048625946, 35.519791665 ], [ 137.048688946, 35.519791665 ], [ 137.048750946, 35.519791665 ], [ 137.048750946, 35.519832665 ], [ 137.048750946, 35.519874665 ], [ 137.048750947, 35.519916665 ], [ 137.048750947, 35.519957665 ], [ 137.048750947, 35.519999665 ], [ 137.048813947, 35.519999665 ], [ 137.048875947, 35.519999665 ], [ 137.048938947, 35.519999665 ], [ 137.048938947, 35.520041665 ], [ 137.048875947, 35.520041665 ], [ 137.048875947, 35.520082665 ], [ 137.048813948, 35.520082665 ], [ 137.048813948, 35.520124665 ], [ 137.048875948, 35.520124665 ], [ 137.048875948, 35.520166665 ], [ 137.048938948, 35.520166665 ], [ 137.048938948, 35.520207665 ], [ 137.049000948, 35.520207665 ], [ 137.049063948, 35.520207665 ], [ 137.049125948, 35.520207665 ], [ 137.049188948, 35.520207665 ], [ 137.049188947, 35.520166665 ], [ 137.049250947, 35.520166665 ], [ 137.049250947, 35.520124665 ], [ 137.049250947, 35.520082666 ], [ 137.049313947, 35.520082666 ], [ 137.049375947, 35.520082666 ], [ 137.049438946, 35.520082666 ], [ 137.049438947, 35.520124666 ], [ 137.049438947, 35.520166666 ], [ 137.049500947, 35.520166666 ], [ 137.049500947, 35.520207666 ], [ 137.049438947, 35.520207666 ], [ 137.049375947, 35.520207665 ], [ 137.049375948, 35.520249665 ], [ 137.049375948, 35.520291665 ], [ 137.049375948, 35.520332665 ], [ 137.049438948, 35.520332665 ], [ 137.049500948, 35.520332665 ], [ 137.049500948, 35.520291665 ], [ 137.049563948, 35.520291666 ], [ 137.049625947, 35.520291666 ], [ 137.049625948, 35.520332666 ], [ 137.049625948, 35.520374665 ], [ 137.049688948, 35.520374666 ] ], [ [ 137.049438946, 35.520041666 ], [ 137.049375946, 35.520041666 ], [ 137.049313946, 35.520041666 ], [ 137.049313946, 35.519999666 ], [ 137.049250946, 35.519999666 ], [ 137.049188946, 35.519999666 ], [ 137.049125947, 35.519999666 ], [ 137.049063947, 35.519999665 ], [ 137.049000947, 35.519999665 ], [ 137.048938947, 35.519999665 ], [ 137.048938947, 35.519957665 ], [ 137.049000947, 35.519957665 ], [ 137.049000946, 35.519916666 ], [ 137.049063946, 35.519916666 ], [ 137.049125946, 35.519916666 ], [ 137.049125946, 35.519874666 ], [ 137.049188946, 35.519874666 ], [ 137.049188946, 35.519916666 ], [ 137.049250946, 35.519916666 ], [ 137.049250946, 35.519957666 ], [ 137.049313946, 35.519957666 ], [ 137.049313946, 35.519999666 ], [ 137.049375946, 35.519999666 ], [ 137.049438946, 35.519999666 ], [ 137.049438946, 35.520041666 ] ], [ [ 137.049188945, 35.519832666 ], [ 137.049125946, 35.519832666 ], [ 137.049063946, 35.519832666 ], [ 137.049063945, 35.519791666 ], [ 137.049000946, 35.519791666 ], [ 137.048938946, 35.519791666 ], [ 137.048875946, 35.519791666 ], [ 137.048813946, 35.519791666 ], [ 137.048813946, 35.519749666 ], [ 137.048875945, 35.519749666 ], [ 137.048875945, 35.519707666 ], [ 137.048938945, 35.519707666 ], [ 137.049000945, 35.519707666 ], [ 137.049000945, 35.519749666 ], [ 137.049063945, 35.519749666 ], [ 137.049063945, 35.519791666 ], [ 137.049125945, 35.519791666 ], [ 137.049188945, 35.519791666 ], [ 137.049188945, 35.519832666 ] ], [ [ 137.048938945, 35.519624666 ], [ 137.048875945, 35.519624666 ], [ 137.048875945, 35.519666666 ], [ 137.048813945, 35.519666666 ], [ 137.048813945, 35.519707666 ], [ 137.048750945, 35.519707666 ], [ 137.048750945, 35.519666666 ], [ 137.048750945, 35.519624666 ], [ 137.048750945, 35.519582666 ], [ 137.048813945, 35.519582666 ], [ 137.048875944, 35.519582666 ], [ 137.048938944, 35.519582666 ], [ 137.048938945, 35.519624666 ] ], [ [ 137.049375945, 35.519791666 ], [ 137.049313945, 35.519791666 ], [ 137.049250945, 35.519791666 ], [ 137.049250945, 35.519749666 ], [ 137.049313945, 35.519749666 ], [ 137.049313944, 35.519707666 ], [ 137.049375944, 35.519707666 ], [ 137.049375945, 35.519749666 ], [ 137.049375945, 35.519791666 ] ], [ [ 137.049063945, 35.519666666 ], [ 137.049000945, 35.519666666 ], [ 137.049000945, 35.519624666 ], [ 137.049000944, 35.519582666 ], [ 137.049063944, 35.519582666 ], [ 137.049063944, 35.519624666 ], [ 137.049063945, 35.519666666 ] ], [ [ 137.049625947, 35.520249666 ], [ 137.049563947, 35.520249666 ], [ 137.049563947, 35.520207666 ], [ 137.049625947, 35.520207666 ], [ 137.049625947, 35.520249666 ] ] ] } },
{ "type": "Feature", "properties": { "A31a_101": "8505090072", "A31a_102": "川浦川", "A31a_103": "21", "A31a_104": "岐阜県", "A31a_105": 1 }, "geometry": { "type": "Polygon", "coordinates": [ [ [ 136.966813737, 35.48458265 ], [ 136.966813737, 35.48454165 ], [ 136.966750737, 35.48454165 ], [ 136.966688737, 35.48454165 ], [ 136.966688737, 35.48449965 ], [ 136.966625737, 35.48449965 ], [ 136.966563737, 35.48449965 ], [ 136.966500736, 35.48449965 ], [ 136.966500736, 35.48445765 ], [ 136.966438736, 35.48445765 ], [ 136.966438736, 35.48449965 ], [ 136.966375736, 35.48449965 ], [ 136.966313736, 35.48449965 ], [ 136.966313736, 35.48454165 ], [ 136.966250736, 35.48454165 ], [ 136.966188736, 35.48454165 ], [ 136.966188736, 35.48458265 ], [ 136.966125735, 35.48458265 ], [ 136.966063735, 35.48458265 ], [ 136.966000735, 35.48458265 ], [ 136.965938735, 35.48458265 ], [ 136.965875735, 35.48458265 ], [ 136.965813735, 35.48458265 ], [ 136.965813735, 35.48462465 ], [ 136.965813735, 35.48466665 ], [ 136.965813735, 35.48470765 ], [ 136.965813735, 35.48474965 ], [ 136.965813735, 35.48479165 ], [ 136.965813735, 35.48483265 ], [ 136.965813735, 35.48487465 ], [ 136.965813735, 35.48491665 ], [ 136.965813735, 35.484957651 ], [ 136.965813735, 35.484999651 ], [ 136.965813735, 35.485041651 ], [ 136.965813735, 35.485082651 ], [ 136.965813735, 35.485124651 ], [ 136.965813735, 35.485166651 ], [ 136.965813735, 35.485207651 ], [ 136.965750735, 35.485207651 ], [ 136.965750735, 35.485249651 ], [ 136.965750735, 35.485291651 ], [ 136.965750735, 35.485332651 ], [ 136.965750735, 35.485374651 ], [ 136.965750735, 35.485416651 ], [ 136.965750735, 35.485457651 ], [ 136.965813735, 35.485457651 ], [ 136.965813735, 35.485499651 ], [ 136.965813735, 35.485541651 ], [ 136.965750735, 35.485541651 ], [ 136.965688735, 35.485541651 ], [ 136.965625735, 35.485541651 ], [ 136.965563734, 35.485541651 ], [ 136.965500734, 35.485541651 ], [ 136.965438734, 35.485541651 ], [ 136.965375734, 35.485541651 ], [ 136.965375734, 35.485582652 ], [ 136.965375734, 35.485624652 ], [ 136.965438734, 35.485624652 ], [ 136.965438734, 35.485666652 ], [ 136.965438734, 35.485707652 ], [ 136.965438734, 35.485749652 ], [ 136.965438734, 35.485791652 ], [ 136.965438734, 35.485832652 ], [ 136.965500734, 35.485832652 ], [ 136.965500734, 35.485874652 ], [ 136.965500734, 35.485916652 ], [ 136.965500735, 35.485957652 ], [ 136.965500735, 35.485999652 ], [ 136.965563735, 35.485999652 ], [ 136.965563735, 35.486041652 ], [ 136.965563735, 35.486082652 ], [ 136.965563735, 35.486124652 ], [ 136.965563735, 35.486166652 ], [ 136.965563735, 35.486207652 ], [ 136.965563735, 35.486249652 ], [ 136.965625735, 35.486249652 ], [ 136.965625735, 35.486207652 ], [ 136.965625735, 35.486166652 ], [ 136.965625735, 35.486124652 ], [ 136.965625735, 35.486082652 ], [ 136.965625735, 35.486041652 ], [ 136.965625735, 35.485999652 ], [ 136.965625735, 35.485957652 ], [ 136.965625735, 35.485916652 ], [ 136.965625735, 35.485874652 ], [ 136.965625735, 35.485832652 ], [ 136.965625735, 35.485791652 ], [ 136.965625735, 35.485749652 ], [ 136.965625735, 35.485707652 ], [ 136.965625735, 35.485666652 ], [ 136.965625735, 35.485624651 ], [ 136.965688735, 35.485624651 ], [ 136.965750735, 35.485624651 ], [ 136.965813735, 35.485624651 ], [ 136.965813735, 35.485582651 ], [ 136.965875735, 35.485582651 ], [ 136.965938736, 35.485582651 ], [ 136.966000736, 35.485582651 ], [ 136.966063736, 35.485582651 ], [ 136.966063736, 35.485541651 ], [ 136.966000736, 35.485541651 ], [ 136.966000736, 35.485499651 ], [ 136.966063736, 35.485499651 ], [ 136.966063736, 35.485541651 ], [ 136.966125736, 35.485541651 ], [ 136.966188736, 35.485541651 ], [ 136.966250736, 35.485541651 ], [ 136.966250736, 35.485499651 ], [ 136.966250736, 35.485457651 ], [ 136.966250736, 35.485416651 ], [ 136.966250736, 35.485374651 ], [ 136.966250736, 35.485332651 ], [ 136.966250736, 35.485291651 ], [ 136.966250736, 35.485249651 ], [ 136.966250736, 35.485207651 ], [ 136.966250736, 35.485166651 ], [ 136.966250736, 35.485124651 ], [ 136.966250736, 35.48508265 ], [ 136.966250736, 35.48504165 ], [ 136.966250736, 35.48499965 ], [ 136.966250736, 35.48495765 ], [ 136.966250736, 35.48491665 ], [ 136.966250736, 35.48487465 ], [ 136.966250736, 35.48483265 ], [ 136.966250736, 35.48479165 ], [ 136.966250736, 35.48474965 ], [ 136.966250736, 35.48470765 ], [ 136.966250736, 35.48466665 ], [ 136.966250736, 35.48462465 ], [ 136.966250736, 35.48458265 ], [ 136.966313736, 35.48458265 ], [ 136.966375736, 35.48458265 ], [ 136.966438736, 35.48458265 ], [ 136.966500736, 35.48458265 ], [ 136.966563737, 35.48458265 ], [ 136.966625737, 35.48458265 ], [ 136.966688737, 35.48458265 ], [ 136.966750737, 35.48458265 ], [ 136.966813737, 35.48458265 ] ] ] } },
{ "type": "Feature", "properties": { "A31a_101": "8505090072", "A31a_102": "川浦川", "A31a_103": "21", "A31a_104": "岐阜県", "A31a_105": 1 }, "geometry": { "type": "Polygon", "coordinates": [ [ [ 137.018750892, 35.50583266 ], [ 137.018750892, 35.50579166 ], [ 137.018750892, 35.50574966 ], [ 137.018750891, 35.50570766 ], [ 137.018750891, 35.50566666 ], [ 137.018750891, 35.50562466 ], [ 137.018688891, 35.50562466 ], [ 137.018625891, 35.50562466 ], [ 137.018563891, 35.50562466 ], [ 137.018563891, 35.50566666 ], [ 137.018563891, 35.50570766 ], [ 137.018500891, 35.50570766 ], [ 137.018500891, 35.505749659 ], [ 137.018500892, 35.505791659 ], [ 137.018500892, 35.505832659 ], [ 137.018438892, 35.505832659 ], [ 137.018438892, 35.505791659 ], [ 137.018438891, 35.505749659 ], [ 137.018438891, 35.505707659 ], [ 137.018438891, 35.50566666 ], [ 137.018438891, 35.50562466 ], [ 137.018375891, 35.505624659 ], [ 137.018313891, 35.505624659 ], [ 137.018250891, 35.505624659 ], [ 137.018250891, 35.505666659 ], [ 137.018188891, 35.505666659 ], [ 137.018188891, 35.505707659 ], [ 137.018188891, 35.505749659 ], [ 137.018188891, 35.505791659 ], [ 137.018188892, 35.505832659 ], [ 137.018125891, 35.505832659 ], [ 137.018125891, 35.505791659 ], [ 137.018125891, 35.505749659 ], [ 137.018125891, 35.505707659 ], [ 137.018125891, 35.505666659 ], [ 137.018125891, 35.505624659 ], [ 137.018063891, 35.505624659 ], [ 137.01800089, 35.505624659 ], [ 137.01793889, 35.505624659 ], [ 137.01787589, 35.505624659 ], [ 137.017875891, 35.505666659 ], [ 137.017875891, 35.505707659 ], [ 137.017875891, 35.505749659 ], [ 137.017875891, 35.505791659 ], [ 137.017875891, 35.505832659 ], [ 137.017813891, 35.505832659 ], [ 137.017813891, 35.505791659 ], [ 137.017813891, 35.505749659 ], [ 137.017813891, 35.505707659 ], [ 137.017813891, 35.505666659 ], [ 137.01781389, 35.505624659 ], [ 137.01781389, 35.505582659 ], [ 137.01781389, 35.505541659 ], [ 137.01775089, 35.505541659 ], [ 137.01768889, 35.505541659 ], [ 137.01768889, 35.505499659 ], [ 137.01762589, 35.505499659 ], [ 137.01756389, 35.505499659 ], [ 137.01756389, 35.505541659 ], [ 137.01756389, 35.505582659 ], [ 137.01750089, 35.505582659 ], [ 137.01750089, 35.505541659 ], [ 137.01743889, 35.505541659 ], [ 137.01743889, 35.505499659 ], [ 137.017375889, 35.505499659 ], [ 137.017313889, 35.505499659 ], [ 137.01731389, 35.505541659 ], [ 137.01725089, 35.505541659 ], [ 137.01725089, 35.505582659 ], [ 137.01731389, 35.505582659 ], [ 137.01737589, 35.505582659 ], [ 137.01743889, 35.505582659 ], [ 137.01743889, 35.505624659 ], [ 137.01737589, 35.505624659 ], [ 137.01731389, 35.505624659 ], [ 137.01725089, 35.505624659 ], [ 137.01725089, 35.505666659 ], [ 137.01725089, 35.505707659 ], [ 137.01725089, 35.505749659 ], [ 137.01718889, 35.505749659 ], [ 137.017188891, 35.505791659 ], [ 137.017125891, 35.505791659 ], [ 137.017125891, 35.505832659 ], [ 137.017125891, 35.505874659 ], [ 137.017125891, 35.505916659 ], [ 137.017125891, 35.505957659 ], [ 137.017188891, 35.505957659 ], [ 137.017188891, 35.505999659 ], [ 137.017250892, 35.505999659 ], [ 137.017313892, 35.505999659 ], [ 137.017375892, 35.505999659 ], [ 137.017438892, 35.505999659 ], [ 137.017438891, 35.505957659 ], [ 137.017500892, 35.505957659 ], [ 137.017500892, 35.505999659 ], [ 137.017563892, 35.505999659 ], [ 137.017625892, 35.505999659 ], [ 137.017688892, 35.505999659 ], [ 137.017750892, 35.505999659 ], [ 137.017813892, 35.505999659 ], [ 137.017813892, 35.506041659 ], [ 137.017875892, 35.506041659 ], [ 137.017938892, 35.506041659 ], [ 137.018000892, 35.506041659 ], [ 137.018063892, 35.506041659 ], [ 137.018125892, 35.506041659 ], [ 137.018188892, 35.506041659 ], [ 137.018250892, 35.506041659 ], [ 137.018313893, 35.506041659 ], [ 137.018375893, 35.506041659 ], [ 137.018438893, 35.506041659 ], [ 137.018500893, 35.506041659 ], [ 137.018563893, 35.506041659 ], [ 137.018625893, 35.506041659 ], [ 137.018625893, 35.505999659 ], [ 137.018625892, 35.505957659 ], [ 137.018563892, 35.505957659 ], [ 137.018563892, 35.505916659 ], [ 137.018563892, 35.505874659 ], [ 137.018563892, 35.505832659 ], [ 137.018625892, 35.50583266 ], [ 137.018688892, 35.50583266 ], [ 137.018750892, 35.50583266 ] ], [ [ 137.017438891, 35.505916659 ], [ 137.017375891, 35.505916659 ], [ 137.017375891, 35.505957659 ], [ 137.017313891, 35.505957659 ], [ 137.017250891, 35.505957659 ], [ 137.017188891, 35.505957659 ], [ 137.017188891, 35.505916659 ], [ 137.017188891, 35.505874659 ], [ 137.017188891, 35.505832659 ], [ 137.017250891, 35.505832659 ], [ 137.017313891, 35.505832659 ], [ 137.017375891, 35.505832659 ], [ 137.017438891, 35.505832659 ], [ 137.017438891, 35.505874659 ], [ 137.017438891, 35.505916659 ] ] ] } },
{ "type": "Feature", "properties": { "A31a_101": "8505090072", "A31a_102": "川浦川", "A31a_103": "21", "A31a_104": "岐阜県", "A31a_105": 1 }, "geometry": { "type": "Polygon", "coordinates": [ [ [ 137.00331383, 35.493249657 ], [ 137.003313829, 35.493207657 ], [ 137.003250829, 35.493207657 ], [ 137.003250829, 35.493166657 ], [ 137.003188829, 35.493166657 ], [ 137.003125829, 35.493166657 ], [ 137.003063829, 35.493166657 ], [ 137.003063829, 35.493207657 ], [ 137.003000829, 35.493207657 ], [ 137.002938829, 35.493207657 ], [ 137.002875829, 35.493207657 ], [ 137.002813829, 35.493207657 ], [ 137.002813829, 35.493166657 ], [ 137.002750829, 35.493166657 ], [ 137.002750829, 35.493124657 ], [ 137.002688829, 35.493124657 ], [ 137.002625829, 35.493124657 ], [ 137.002563829, 35.493124657 ], [ 137.002563829, 35.493166657 ], [ 137.002500829, 35.493166657 ], [ 137.002500829, 35.493124657 ], [ 137.002438829, 35.493124657 ], [ 137.002375828, 35.493124657 ], [ 137.002313828, 35.493124656 ], [ 137.002250828, 35.493124656 ], [ 137.002250828, 35.493166656 ], [ 137.002188828, 35.493166656 ], [ 137.002188828, 35.493124656 ], [ 137.002188828, 35.493082656 ], [ 137.002188828, 35.493041656 ], [ 137.002125828, 35.493041656 ], [ 137.002063828, 35.493041656 ], [ 137.002063828, 35.492999656 ], [ 137.002000828, 35.492999656 ], [ 137.002000828, 35.492957656 ], [ 137.001938828, 35.492957656 ], [ 137.001938827, 35.492916656 ], [ 137.001875827, 35.492916656 ], [ 137.001875828, 35.492957656 ], [ 137.001875828, 35.492999656 ], [ 137.001875828, 35.493041656 ], [ 137.001875828, 35.493082656 ], [ 137.001813828, 35.493082656 ], [ 137.001750828, 35.493082656 ], [ 137.001750828, 35.493041656 ], [ 137.001688828, 35.493041656 ], [ 137.001625828, 35.493041656 ], [ 137.001625827, 35.492999656 ], [ 137.001625827, 35.492957656 ], [ 137.001688827, 35.492957656 ], [ 137.001688827, 35.492916656 ], [ 137.001625827, 35.492916656 ], [ 137.001625827, 35.492874656 ], [ 137.001563827, 35.492874656 ], [ 137.001563827, 35.492916656 ], [ 137.001563827, 35.492957656 ], [ 137.001563827, 35.492999656 ], [ 137.001563828, 35.493041656 ], [ 137.001563828, 35.493082656 ], [ 137.001563828, 35.493124656 ], [ 137.001563828, 35.493166656 ], [ 137.001563828, 35.493207656 ], [ 137.001563828, 35.493249656 ], [ 137.001563828, 35.493291656 ], [ 137.001563828, 35.493332656 ], [ 137.001563829, 35.493374656 ], [ 137.001563829, 35.493416656 ], [ 137.001563829, 35.493457656 ], [ 137.001563829, 35.493499656 ], [ 137.001563829, 35.493541656 ], [ 137.001563829, 35.493582656 ], [ 137.001563829, 35.493624656 ], [ 137.00156383, 35.493666656 ], [ 137.00156383, 35.493707656 ], [ 137.00162583, 35.493707656 ], [ 137.00162583, 35.493666656 ], [ 137.00168883, 35.493666656 ], [ 137.001688829, 35.493624656 ], [ 137.00175083, 35.493624656 ], [ 137.001750829, 35.493582656 ], [ 137.001813829, 35.493582656 ], [ 137.001813829, 35.493541656 ], [ 137.001750829, 35.493541656 ], [ 137.001750829, 35.493499656 ], [ 137.001750829, 35.493457656 ], [ 137.001750829, 35.493416656 ], [ 137.001750829, 35.493374656 ], [ 137.001813829, 35.493374656 ], [ 137.001813829, 35.493332656 ], [ 137.001875829, 35.493332656 ], [ 137.001875829, 35.493291656 ], [ 137.001875828, 35.493249656 ], [ 137.001938829, 35.493249656 ], [ 137.001938829, 35.493291656 ], [ 137.001938829, 35.493332656 ], [ 137.002000829, 35.493332656 ], [ 137.002000829, 35.493374656 ], [ 137.002063829, 35.493374656 ], [ 137.002063829, 35.493332656 ], [ 137.002063829, 35.493291656 ], [ 137.002063829, 35.493249656 ], [ 137.002063828, 35.493207656 ], [ 137.002125829, 35.493207656 ], [ 137.002125828, 35.493166656 ], [ 137.002188828, 35.493166656 ], [ 137.002188829, 35.493207656 ], [ 137.002250829, 35.493207656 ], [ 137.002250829, 35.493249656 ], [ 137.002250829, 35.493291656 ], [ 137.002188829, 35.493291656 ], [ 137.002188829, 35.493332656 ], [ 137.002250829, 35.493332656 ], [ 137.002250829, 35.493374656 ], [ 137.002188829, 35.493374656 ], [ 137.002188829, 35.493416656 ], [ 137.002188829, 35.493457656 ], [ 137.00218883, 35.493499656 ], [ 137.00218883, 35.493541656 ], [ 137.00218883, 35.493582656 ], [ 137.00218883, 35.493624656 ], [ 137.00218883, 35.493666656 ], [ 137.00218883, 35.493707656 ], [ 137.00218883, 35.493749656 ], [ 137.00225083, 35.493749656 ], [ 137.00231383, 35.493749656 ], [ 137.00237583, 35.493749656 ], [ 137.00237583, 35.493707656 ], [ 137.00231383, 35.493707656 ], [ 137.00225083, 35.493707656 ], [ 137.00225083, 35.493666656 ], [ 137.00231383, 35.493666656 ], [ 137.00237583, 35.493666656 ], [ 137.00237583, 35.493707656 ], [ 137.00243883, 35.493707657 ], [ 137.00250083, 35.493707657 ], [ 137.00250083, 35.493666657 ], [ 137.00250083, 35.493624657 ], [ 137.00243883, 35.493624657 ], [ 137.00237583, 35.493624656 ], [ 137.00237583, 35.493582656 ], [ 137.00231383, 35.493582656 ], [ 137.00225083, 35.493582656 ], [ 137.00225083, 35.493541656 ], [ 137.00231383, 35.493541656 ], [ 137.00231383, 35.493499656 ], [ 137.002313829, 35.493457656 ], [ 137.00237583, 35.493457656 ], [ 137.002375829, 35.493416657 ], [ 137.002375829, 35.493374657 ], [ 137.002375829, 35.493332657 ], [ 137.002375829, 35.493291657 ], [ 137.002375829, 35.493249657 ], [ 137.002438829, 35.493249657 ], [ 137.002438829, 35.493207657 ], [ 137.002438829, 35.493166657 ], [ 137.002500829, 35.493166657 ], [ 137.002500829, 35.493207657 ], [ 137.002500829, 35.493249657 ], [ 137.002500829, 35.493291657 ], [ 137.002500829, 35.493332657 ], [ 137.002500829, 35.493374657 ], [ 137.002500829, 35.493416657 ], [ 137.00250083, 35.493457657 ], [ 137.00250083, 35.493499657 ], [ 137.00250083, 35.493541657 ], [ 137.00256383, 35.493541657 ], [ 137.00262583, 35.493541657 ], [ 137.00268883, 35.493541657 ], [ 137.00275083, 35.493541657 ], [ 137.00275083, 35.493499657 ], [ 137.00275083, 35.493457657 ], [ 137.00281383, 35.493457657 ], [ 137.00281383, 35.493416657 ], [ 137.00281383, 35.493374657 ], [ 137.002813829, 35.493332657 ], [ 137.00287583, 35.493332657 ], [ 137.002875829, 35.493291657 ], [ 137.002938829, 35.493291657 ], [ 137.003000829, 35.493291657 ], [ 137.00306383, 35.493291657 ], [ 137.00312583, 35.493291657 ], [ 137.003125829, 35.493249657 ], [ 137.00318883, 35.493249657 ], [ 137.00325083, 35.493249657 ], [ 137.00331383, 35.493249657 ] ], [ [ 137.001875828, 35.493207656 ], [ 137.001813828, 35.493207656 ], [ 137.001750828, 35.493207656 ], [ 137.001750828, 35.493166656 ], [ 137.001688828, 35.493166656 ], [ 137.001625828, 35.493166656 ], [ 137.001625828, 35.493124656 ], [ 137.001688828, 35.493124656 ], [ 137.001750828, 35.493124656 ], [ 137.001813828, 35.493124656 ], [ 137.001875828, 35.493124656 ], [ 137.001875828, 35.493166656 ], [ 137.001875828, 35.493207656 ] ], [ [ 137.002625829, 35.493374657 ], [ 137.002563829, 35.493374657 ], [ 137.002563829, 35.493332657 ], [ 137.002625829, 35.493332657 ], [ 137.002625829, 35.493374657 ] ] ] } },
{ "type": "Feature", "properties": { "A31a_101": "8505090072", "A31a_102": "川浦川", "A31a_103": "21", "A31a_104": "岐阜県", "A31a_105": 1 }, "geometry": { "type": "Polygon", "coordinates": [ [ [ 137.054438937, 35.521249668 ], [ 137.054438937, 35.521207668 ], [ 137.054375937, 35.521207668 ], [ 137.054375937, 35.521166668 ], [ 137.054313937, 35.521166668 ], [ 137.054313937, 35.521124668 ], [ 137.054313937, 35.521082668 ], [ 137.054313936, 35.521041668 ], [ 137.054375936, 35.521041668 ], [ 137.054375936, 35.520999668 ], [ 137.054313936, 35.520999668 ], [ 137.054250936, 35.520999668 ], [ 137.054250936, 35.520957668 ], [ 137.054250936, 35.520916668 ], [ 137.054250936, 35.520874669 ], [ 137.054250935, 35.520832669 ], [ 137.054313935, 35.520832669 ], [ 137.054313935, 35.520791669 ], [ 137.054313935, 35.520749669 ], [ 137.054250935, 35.520749669 ], [ 137.054250935, 35.520707669 ], [ 137.054250934, 35.520666669 ], [ 137.054250934, 35.520624669 ], [ 137.054188934, 35.520624669 ], [ 137.054125935, 35.520624669 ], [ 137.054125935, 35.520666669 ], [ 137.054188935, 35.520666669 ], [ 137.054188935, 35.520707669 ], [ 137.054188935, 35.520749669 ], [ 137.054188935, 35.520791669 ], [ 137.054188936, 35.520832669 ], [ 137.054125936, 35.520832668 ], [ 137.054063936, 35.520832668 ], [ 137.054063936, 35.520874668 ], [ 137.054063936, 35.520916668 ], [ 137.054063937, 35.520957668 ], [ 137.054000937, 35.520957668 ], [ 137.054000937, 35.520999668 ], [ 137.054063937, 35.520999668 ], [ 137.054063937, 35.521041668 ], [ 137.054063937, 35.521082668 ], [ 137.054063938, 35.521124668 ], [ 137.054063938, 35.521166668 ], [ 137.054063938, 35.521207668 ], [ 137.054000938, 35.521207668 ], [ 137.054000939, 35.521249668 ], [ 137.054063938, 35.521249668 ], [ 137.054063939, 35.521291668 ], [ 137.054063939, 35.521332668 ], [ 137.054000939, 35.521332668 ], [ 137.054000939, 35.521291668 ], [ 137.054000939, 35.521249668 ], [ 137.053938939, 35.521249668 ], [ 137.053875939, 35.521249668 ], [ 137.053813939, 35.521249668 ], [ 137.05375094, 35.521249668 ], [ 137.05375094, 35.521291668 ], [ 137.05375094, 35.521332668 ], [ 137.05375094, 35.521374668 ], [ 137.053750941, 35.521416668 ], [ 137.053750941, 35.521457668 ], [ 137.053750941, 35.521499667 ], [ 137.053688941, 35.521499667 ], [ 137.053688941, 35.521457667 ], [ 137.053688941, 35.521416668 ], [ 137.05368894, 35.521374668 ], [ 137.05368894, 35.521332668 ], [ 137.05362594, 35.521332668 ], [ 137.053625941, 35.521374668 ], [ 137.053625941, 35.521416667 ], [ 137.053625941, 35.521457667 ], [ 137.053563941, 35.521457667 ], [ 137.053500942, 35.521457667 ], [ 137.053438942, 35.521457667 ], [ 137.053438942, 35.521499667 ], [ 137.053438942, 35.521541667 ], [ 137.053375943, 35.521541667 ], [ 137.053375942, 35.521499667 ], [ 137.053313943, 35.521499667 ], [ 137.053313943, 35.521541667 ], [ 137.053375943, 35.521541667 ], [ 137.053375943, 35.521582667 ], [ 137.053375943, 35.521624667 ], [ 137.053375943, 35.521666667 ], [ 137.053313944, 35.521666667 ], [ 137.053250944, 35.521666667 ], [ 137.053250944, 35.521707667 ], [ 137.053188944, 35.521707667 ], [ 137.053188944, 35.521749667 ], [ 137.053125945, 35.521749667 ], [ 137.053125945, 35.521791667 ], [ 137.053125945, 35.521832667 ], [ 137.053063945, 35.521832667 ], [ 137.053063945, 35.521791667 ], [ 137.053063945, 35.521749667 ], [ 137.053063945, 35.521707667 ], [ 137.053063944, 35.521666667 ], [ 137.053000945, 35.521666667 ], [ 137.053000945, 35.521707667 ], [ 137.052938945, 35.521707667 ], [ 137.052938945, 35.521666667 ], [ 137.052875945, 35.521666667 ], [ 137.052875945, 35.521707667 ], [ 137.052813945, 35.521707667 ], [ 137.052750946, 35.521707666 ], [ 137.052750946, 35.521749666 ], [ 137.052750946, 35.521791666 ], [ 137.052750946, 35.521832666 ], [ 137.052813946, 35.521832666 ], [ 137.052875946, 35.521832666 ], [ 137.052875946, 35.521874666 ], [ 137.052938946, 35.521874666 ], [ 137.053000946, 35.521874666 ], [ 137.053063946, 35.521874667 ], [ 137.053125945, 35.521874667 ], [ 137.053188945, 35.521874667 ], [ 137.053250945, 35.521874667 ], [ 137.053313945, 35.521874667 ], [ 137.053375945, 35.521874667 ], [ 137.053438944, 35.521874667 ], [ 137.053500944, 35.521874667 ], [ 137.053563944, 35.521874667 ], [ 137.053563944, 35.521832667 ], [ 137.053625943, 35.521832667 ], [ 137.053625943, 35.521791667 ], [ 137.053625943, 35.521749667 ], [ 137.053688943, 35.521749667 ], [ 137.053750942, 35.521749667 ], [ 137.053750942, 35.521707667 ], [ 137.053750942, 35.521666667 ], [ 137.053750942, 35.521624667 ], [ 137.053750942, 35.521582667 ], [ 137.053813941, 35.521582667 ], [ 137.053813942, 35.521624667 ], [ 137.053813942, 35.521666667 ], [ 137.053875942, 35.521666667 ], [ 137.053938941, 35.521666667 ], [ 137.054000941, 35.521666667 ], [ 137.054000941, 35.521624668 ], [ 137.054063941, 35.521624668 ], [ 137.05406394, 35.521582668 ], [ 137.05406394, 35.521541668 ], [ 137.05406394, 35.521499668 ], [ 137.05406394, 35.521457668 ], [ 137.054063939, 35.521416668 ], [ 137.054063939, 35.521374668 ], [ 137.054125939, 35.521374668 ], [ 137.054125939, 35.521416668 ], [ 137.054125939, 35.521457668 ], [ 137.054188939, 35.521457668 ], [ 137.054250939, 35.521457668 ], [ 137.054313939, 35.521457668 ], [ 137.054313939, 35.521416668 ], [ 137.054313938, 35.521374668 ], [ 137.054313938, 35.521332668 ], [ 137.054250938, 35.521332668 ], [ 137.054250938, 35.521291668 ], [ 137.054250938, 35.521249668 ], [ 137.054313938, 35.521249668 ], [ 137.054313937, 35.521207668 ], [ 137.054375937, 35.521207668 ], [ 137.054375937, 35.521249668 ], [ 137.054438937, 35.521249668 ] ], [ [ 137.053500944, 35.521832667 ], [ 137.053438944, 35.521832667 ], [ 137.053438944, 35.521791667 ], [ 137.053375944, 35.521791667 ], [ 137.053375944, 35.521749667 ], [ 137.053438944, 35.521749667 ], [ 137.053438943, 35.521707667 ], [ 137.053500943, 35.521707667 ], [ 137.053500943, 35.521749667 ], [ 137.053500944, 35.521791667 ], [ 137.053500944, 35.521832667 ] ], [ [ 137.053000945, 35.521791667 ], [ 137.052938946, 35.521791667 ], [ 137.052875946, 35.521791666 ], [ 137.052813946, 35.521791666 ], [ 137.052813946, 35.521749666 ], [ 137.052875946, 35.521749667 ], [ 137.052938945, 35.521749667 ], [ 137.053000945, 35.521749667 ], [ 137.053000945, 35.521791667 ] ] ] } },
{ "type": "Feature", "properties": { "A31a_101": "8505090072", "A31a_102": "川浦川", "A31a_103": "21", "A31a_104": "岐阜県", "A31a_105": 1 }, "geometry": { "type": "Polygon", "coordinates": [ [ [ 136.997188824, 35.493957655 ], [ 136.997188824, 35.493916655 ], [ 136.997125824, 35.493916655 ], [ 136.997125823, 35.493874655 ], [ 136.997125823, 35.493832655 ], [ 136.997063823, 35.493832655 ], [ 136.997063823, 35.493791655 ], [ 136.997000823, 35.493791655 ], [ 136.996938823, 35.493791655 ], [ 136.996875823, 35.493791655 ], [ 136.996813823, 35.493791655 ], [ 136.996813822, 35.493749655 ], [ 136.996875823, 35.493749655 ], [ 136.996938823, 35.493749655 ], [ 136.997000823, 35.493749655 ], [ 136.997063823, 35.493749655 ], [ 136.997125823, 35.493749655 ], [ 136.997188823, 35.493749655 ], [ 136.997188823, 35.493707655 ], [ 136.997188823, 35.493666655 ], [ 136.997188823, 35.493624655 ], [ 136.997188823, 35.493582655 ], [ 136.997125823, 35.493582655 ], [ 136.997125822, 35.493541655 ], [ 136.997125822, 35.493499655 ], [ 136.997063822, 35.493499655 ], [ 136.997000822, 35.493499655 ], [ 136.997000822, 35.493457655 ], [ 136.996938822, 35.493457655 ], [ 136.996875822, 35.493457655 ], [ 136.996813822, 35.493457655 ], [ 136.996813822, 35.493416655 ], [ 136.996750821, 35.493416655 ], [ 136.996688821, 35.493416655 ], [ 136.996688821, 35.493374655 ], [ 136.996625821, 35.493374655 ], [ 136.996563821, 35.493374655 ], [ 136.996563821, 35.493416655 ], [ 136.996563821, 35.493457655 ], [ 136.996563821, 35.493499655 ], [ 136.996563821, 35.493541655 ], [ 136.996625822, 35.493541655 ], [ 136.996688822, 35.493541655 ], [ 136.996750822, 35.493541655 ], [ 136.996813822, 35.493541655 ], [ 136.996875822, 35.493541655 ], [ 136.996875822, 35.493582655 ], [ 136.996875822, 35.493624655 ], [ 136.996938822, 35.493624655 ], [ 136.996938822, 35.493666655 ], [ 136.996875822, 35.493666655 ], [ 136.996875822, 35.493707655 ], [ 136.996813822, 35.493707655 ], [ 136.996813822, 35.493666655 ], [ 136.996750822, 35.493666655 ], [ 136.996688822, 35.493666655 ], [ 136.996625822, 35.493666655 ], [ 136.996625822, 35.493624655 ], [ 136.996563822, 35.493624655 ], [ 136.996500822, 35.493624655 ], [ 136.996438821, 35.493624655 ], [ 136.996438821, 35.493582655 ], [ 136.996375821, 35.493582655 ], [ 136.996313821, 35.493582655 ], [ 136.996313821, 35.493541655 ], [ 136.996250821, 35.493541655 ], [ 136.996250821, 35.493582655 ], [ 136.996250821, 35.493624655 ], [ 136.996250821, 35.493666655 ], [ 136.996250821, 35.493707655 ], [ 136.996250821, 35.493749655 ], [ 136.996313822, 35.493749655 ], [ 136.996375822, 35.493749655 ], [ 136.996438822, 35.493749655 ], [ 136.996500822, 35.493749655 ], [ 136.996563822, 35.493749655 ], [ 136.996625822, 35.493749655 ], [ 136.996625822, 35.493791655 ], [ 136.996563822, 35.493791655 ], [ 136.996563822, 35.493832655 ], [ 136.996563822, 35.493874655 ], [ 136.996563822, 35.493916655 ], [ 136.996500822, 35.493916655 ], [ 136.996500822, 35.493874655 ], [ 136.996438822, 35.493874655 ], [ 136.996375822, 35.493874655 ], [ 136.996375822, 35.493832655 ], [ 136.996313822, 35.493832655 ], [ 136.996250822, 35.493832655 ], [ 136.996250822, 35.493791655 ], [ 136.996188821, 35.493791655 ], [ 136.996125821, 35.493791655 ], [ 136.996063821, 35.493791655 ], [ 136.996063821, 35.493832655 ], [ 136.996000821, 35.493832655 ], [ 136.996000821, 35.493874655 ], [ 136.996000821, 35.493916655 ], [ 136.996000821, 35.493957655 ], [ 136.996000822, 35.493999655 ], [ 136.995938821, 35.493999655 ], [ 136.995938822, 35.494041655 ], [ 136.996000822, 35.494041655 ], [ 136.996063822, 35.494041655 ], [ 136.996125822, 35.494041655 ], [ 136.996125822, 35.494082655 ], [ 136.996188822, 35.494082655 ], [ 136.996188822, 35.494124655 ], [ 136.996188822, 35.494166655 ], [ 136.996250823, 35.494166655 ], [ 136.996250822, 35.494124655 ], [ 136.996250822, 35.494082655 ], [ 136.996313822, 35.494082655 ], [ 136.996375823, 35.494082655 ], [ 136.996438823, 35.494082655 ], [ 136.996438823, 35.494124655 ], [ 136.996500823, 35.494124655 ], [ 136.996500823, 35.494166655 ], [ 136.996563823, 35.494166655 ], [ 136.996625823, 35.494166655 ], [ 136.996625823, 35.494124655 ], [ 136.996625823, 35.494082655 ], [ 136.996688823, 35.494082655 ], [ 136.996750823, 35.494082655 ], [ 136.996813823, 35.494082655 ], [ 136.996813824, 35.494124655 ], [ 136.996875824, 35.494124655 ], [ 136.996938824, 35.494124655 ], [ 136.996938824, 35.494082655 ], [ 136.997000824, 35.494082655 ], [ 136.997000824, 35.494041655 ], [ 136.997000824, 35.493999655 ], [ 136.997063824, 35.493999655 ], [ 136.997063824, 35.493957655 ], [ 136.997125824, 35.493957655 ], [ 136.997188824, 35.493957655 ] ], [ [ 136.996250822, 35.494041655 ], [ 136.996188822, 35.494041655 ], [ 136.996125822, 35.494041655 ], [ 136.996125822, 35.493999655 ], [ 136.996063822, 35.493999655 ], [ 136.996063822, 35.493957655 ], [ 136.996125822, 35.493957655 ], [ 136.996188822, 35.493957655 ], [ 136.996250822, 35.493957655 ], [ 136.996250822, 35.493999655 ], [ 136.996250822, 35.494041655 ] ], [ [ 136.996750822, 35.493791655 ], [ 136.996688822, 35.493791655 ], [ 136.996688822, 35.493749655 ], [ 136.996750822, 35.493749655 ], [ 136.996750822, 35.493791655 ] ] ] } },
{ "type": "Feature", "properties": { "A31a_101": "8505090072", "A31a_102": "川浦川", "A31a_103": "21", "A31a_104": "岐阜県", "A31a_105": 1 }, "geometry": { "type": "Polygon", "coordinates": [ [ [ 137.045688924, 35.515166668 ], [ 137.045688924, 35.515124668 ], [ 137.045625924, 35.515124668 ], [ 137.045625924, 35.515082668 ], [ 137.045625924, 35.515041669 ], [ 137.045625923, 35.514999669 ], [ 137.045563923, 35.514999669 ], [ 137.045563923, 35.514957669 ], [ 137.045625923, 35.514957669 ], [ 137.045625923, 35.514916669 ], [ 137.045625923, 35.514874669 ], [ 137.045625922, 35.514832669 ], [ 137.045625922, 35.514791669 ], [ 137.045563922, 35.514791669 ], [ 137.045563922, 35.514749669 ], [ 137.045563922, 35.514707669 ], [ 137.045563922, 35.514666669 ], [ 137.045500922, 35.514666669 ], [ 137.045500921, 35.514624669 ], [ 137.045438922, 35.514624669 ], [ 137.045375922, 35.514624669 ], [ 137.045375922, 35.514666669 ], [ 137.045313922, 35.514666669 ], [ 137.045313922, 35.514624669 ], [ 137.045313922, 35.514582669 ], [ 137.045250922, 35.514582669 ], [ 137.045188922, 35.514582669 ], [ 137.045125922, 35.514582669 ], [ 137.045063922, 35.514582669 ], [ 137.045000922, 35.514582669 ], [ 137.044938922, 35.514582669 ], [ 137.044938922, 35.514541669 ], [ 137.044875922, 35.514541669 ], [ 137.044875922, 35.514582669 ], [ 137.044813922, 35.514582668 ], [ 137.044813923, 35.514624668 ], [ 137.044750923, 35.514624668 ], [ 137.044750923, 35.514666668 ], [ 137.044688923, 35.514666668 ], [ 137.044688923, 35.514707668 ], [ 137.044688924, 35.514749668 ], [ 137.044688924, 35.514791668 ], [ 137.044750924, 35.514791668 ], [ 137.044750923, 35.514749668 ], [ 137.044750923, 35.514707668 ], [ 137.044813923, 35.514707668 ], [ 137.044813923, 35.514666668 ], [ 137.044875923, 35.514666668 ], [ 137.044938923, 35.514666668 ], [ 137.044938922, 35.514624669 ], [ 137.045000922, 35.514624669 ], [ 137.045000923, 35.514666669 ], [ 137.045000923, 35.514707668 ], [ 137.045000923, 35.514749668 ], [ 137.045000923, 35.514791668 ], [ 137.045063923, 35.514791668 ], [ 137.045063923, 35.514832668 ], [ 137.045000923, 35.514832668 ], [ 137.045000924, 35.514874668 ], [ 137.044938924, 35.514874668 ], [ 137.044875924, 35.514874668 ], [ 137.044875924, 35.514832668 ], [ 137.044813924, 35.514832668 ], [ 137.044750924, 35.514832668 ], [ 137.044688924, 35.514832668 ], [ 137.044688924, 35.514874668 ], [ 137.044750924, 35.514874668 ], [ 137.044750924, 35.514916668 ], [ 137.044813924, 35.514916668 ], [ 137.044875924, 35.514916668 ], [ 137.044875924, 35.514957668 ], [ 137.044938924, 35.514957668 ], [ 137.044938924, 35.514916668 ], [ 137.045000924, 35.514916668 ], [ 137.045000924, 35.514957668 ], [ 137.045063924, 35.514957668 ], [ 137.045125924, 35.514957668 ], [ 137.045125924, 35.514999668 ], [ 137.045188924, 35.514999668 ], [ 137.045250924, 35.514999668 ], [ 137.045313924, 35.514999668 ], [ 137.045313924, 35.515041668 ], [ 137.045313924, 35.515082668 ], [ 137.045313925, 35.515124668 ], [ 137.045313925, 35.515166668 ], [ 137.045313925, 35.515207668 ], [ 137.045375925, 35.515207668 ], [ 137.045438925, 35.515207668 ], [ 137.045500925, 35.515207668 ], [ 137.045500925, 35.515249668 ], [ 137.045563925, 35.515249668 ], [ 137.045563925, 35.515207668 ], [ 137.045500925, 35.515207668 ], [ 137.045500925, 35.515166668 ], [ 137.045563924, 35.515166668 ], [ 137.045563924, 35.515124668 ], [ 137.045625924, 35.515124668 ], [ 137.045625924, 35.515166668 ], [ 137.045688924, 35.515166668 ] ], [ [ 137.045313923, 35.514791669 ], [ 137.045250923, 35.514791669 ], [ 137.045188923, 35.514791668 ], [ 137.045125923, 35.514791668 ], [ 137.045125923, 35.514749669 ], [ 137.045188923, 35.514749669 ], [ 137.045188922, 35.514707669 ], [ 137.045250922, 35.514707669 ], [ 137.045313922, 35.514707669 ], [ 137.045313922, 35.514749669 ], [ 137.045313923, 35.514791669 ] ], [ [ 137.045188923, 35.514874668 ], [ 137.045125924, 35.514874668 ], [ 137.045125923, 35.514832668 ], [ 137.045188923, 35.514832668 ], [ 137.045188923, 35.514874668 ] ] ] } },
{ "type": "Feature", "properties": { "A31a_101": "8505090072", "A31a_102": "川浦川", "A31a_103": "21", "A31a_104": "岐阜県", "A31a_105": 1 }, "geometry": { "type": "Polygon", "coordinates": [ [ [ 137.055625934, 35.521374669 ], [ 137.055625934, 35.521332669 ], [ 137.055625933, 35.521291669 ], [ 137.055625933, 35.521249669 ], [ 137.055625933, 35.521207669 ], [ 137.055625933, 35.521166669 ], [ 137.055625932, 35.521124669 ], [ 137.055625932, 35.521082669 ], [ 137.055625932, 35.521041669 ], [ 137.055625932, 35.520999669 ], [ 137.055625931, 35.52095767 ], [ 137.055625931, 35.52091667 ], [ 137.055625931, 35.52087467 ], [ 137.055625931, 35.52083267 ], [ 137.05562593, 35.52079167 ], [ 137.05562593, 35.52074967 ], [ 137.05562593, 35.52070767 ], [ 137.05556393, 35.52070767 ], [ 137.05556393, 35.52066667 ], [ 137.05556393, 35.52062467 ], [ 137.05550093, 35.52062467 ], [ 137.05543893, 35.52062467 ], [ 137.05537593, 35.52062467 ], [ 137.05531393, 35.52062467 ], [ 137.055250931, 35.52062467 ], [ 137.055250931, 35.52066667 ], [ 137.055188931, 35.52066667 ], [ 137.055125931, 35.520666669 ], [ 137.055125932, 35.520707669 ], [ 137.055063932, 35.520707669 ], [ 137.055063932, 35.520749669 ], [ 137.055063932, 35.520791669 ], [ 137.055063933, 35.520832669 ], [ 137.055125932, 35.520832669 ], [ 137.055188932, 35.520832669 ], [ 137.055250932, 35.520832669 ], [ 137.055313932, 35.520832669 ], [ 137.055313932, 35.520874669 ], [ 137.055313932, 35.520916669 ], [ 137.055313932, 35.520957669 ], [ 137.055313933, 35.520999669 ], [ 137.055313933, 35.521041669 ], [ 137.055375933, 35.521041669 ], [ 137.055375933, 35.521082669 ], [ 137.055438933, 35.521082669 ], [ 137.055438933, 35.521124669 ], [ 137.055375933, 35.521124669 ], [ 137.055313933, 35.521124669 ], [ 137.055313934, 35.521166669 ], [ 137.055313934, 35.521207669 ], [ 137.055313934, 35.521249669 ], [ 137.055313934, 35.521291669 ], [ 137.055375934, 35.521291669 ], [ 137.055375934, 35.521332669 ], [ 137.055375935, 35.521374669 ], [ 137.055375935, 35.521416669 ], [ 137.055375935, 35.521457669 ], [ 137.055438935, 35.521457669 ], [ 137.055438935, 35.521416669 ], [ 137.055500934, 35.521416669 ], [ 137.055500934, 35.521374669 ], [ 137.055563934, 35.521374669 ], [ 137.055625934, 35.521374669 ] ], [ [ 137.055250931, 35.520749669 ], [ 137.055188932, 35.520749669 ], [ 137.055188931, 35.520707669 ], [ 137.055250931, 35.52070767 ], [ 137.055250931, 35.520749669 ] ], [ [ 137.055563932, 35.521082669 ], [ 137.055500933, 35.521082669 ], [ 137.055500932, 35.521041669 ], [ 137.055563932, 35.521041669 ], [ 137.055563932, 35.521082669 ] ] ] } },
{ "type": "Feature", "properties": { "A31a_101": "8505090072", "A31a_102": "川浦川", "A31a_103": "21", "A31a_104": "岐阜県", "A31a_105": 1 }, "geometry": { "type": "Polygon", "coordinates": [ [ [ 137.05656393, 35.52133267 ], [ 137.05656393, 35.52129167 ], [ 137.05650093, 35.52129167 ], [ 137.05650093, 35.52124967 ], [ 137.05643893, 35.52124967 ], [ 137.05637593, 35.52124967 ], [ 137.056313931, 35.52124967 ], [ 137.056250931, 35.52124967 ], [ 137.056250931, 35.52129167 ], [ 137.056250931, 35.52133267 ], [ 137.056250932, 35.52137467 ], [ 137.056250932, 35.521416669 ], [ 137.056250932, 35.521457669 ], [ 137.056313932, 35.521457669 ], [ 137.056313932, 35.521499669 ], [ 137.056250932, 35.521499669 ], [ 137.056250932, 35.521457669 ], [ 137.056188932, 35.521457669 ], [ 137.056125933, 35.521457669 ], [ 137.056063933, 35.521457669 ], [ 137.056063933, 35.521416669 ], [ 137.056063932, 35.521374669 ], [ 137.056125932, 35.521374669 ], [ 137.056125932, 35.521332669 ], [ 137.056188932, 35.52133267 ], [ 137.056188931, 35.52129167 ], [ 137.056188931, 35.52124967 ], [ 137.056188931, 35.52120767 ], [ 137.056250931, 35.52120767 ], [ 137.05625093, 35.52116667 ], [ 137.05625093, 35.52112467 ], [ 137.05625093, 35.52108267 ], [ 137.05618893, 35.52108267 ], [ 137.05618893, 35.52104167 ], [ 137.05612593, 35.52104167 ], [ 137.05606393, 35.52104167 ], [ 137.056000931, 35.52104167 ], [ 137.056000931, 35.52108267 ], [ 137.055938931, 35.52108267 ], [ 137.055938931, 35.52112467 ], [ 137.055938931, 35.52116667 ], [ 137.055938932, 35.521207669 ], [ 137.055938932, 35.521249669 ], [ 137.055938932, 35.521291669 ], [ 137.055938932, 35.521332669 ], [ 137.055938933, 35.521374669 ], [ 137.055938933, 35.521416669 ], [ 137.055938933, 35.521457669 ], [ 137.056000933, 35.521457669 ], [ 137.056000933, 35.521499669 ], [ 137.056000933, 35.521541669 ], [ 137.056000934, 35.521582669 ], [ 137.056000934, 35.521624669 ], [ 137.056063934, 35.521624669 ], [ 137.056063933, 35.521582669 ], [ 137.056125933, 35.521582669 ], [ 137.056188933, 35.521582669 ], [ 137.056250933, 35.521582669 ], [ 137.056250933, 35.521624669 ], [ 137.056250933, 35.521666669 ], [ 137.056250934, 35.521707669 ], [ 137.056250934, 35.521749669 ], [ 137.056313934, 35.521749669 ], [ 137.056313934, 35.521791669 ], [ 137.056313934, 35.521832669 ], [ 137.056313934, 35.521874669 ], [ 137.056375934, 35.521874669 ], [ 137.056375934, 35.521832669 ], [ 137.056375934, 35.521791669 ], [ 137.056375933, 35.521749669 ], [ 137.056438933, 35.521749669 ], [ 137.056438933, 35.521707669 ], [ 137.056438933, 35.521666669 ], [ 137.056375933, 35.521666669 ], [ 137.056375933, 35.521624669 ], [ 137.056375932, 35.521582669 ], [ 137.056375932, 35.521541669 ], [ 137.056438932, 35.521541669 ], [ 137.056438932, 35.52149967 ], [ 137.056438931, 35.52145767 ], [ 137.056438931, 35.52141667 ], [ 137.056500931, 35.52141667 ], [ 137.056500931, 35.52137467 ], [ 137.056500931, 35.52133267 ], [ 137.05656393, 35.52133267 ] ] ] } },
{ "type": "Feature", "properties": { "A31a_101": "8505090072", "A31a_102": "川浦川", "A31a_103": "21", "A31a_104": "岐阜県", "A31a_105": 1 }, "geometry": { "type": "Polygon", "coordinates": [ [ [ 137.026563909, 35.508707662 ], [ 137.026563909, 35.508666662 ], [ 137.026563909, 35.508624662 ], [ 137.026500909, 35.508624662 ], [ 137.026500909, 35.508582662 ], [ 137.026438909, 35.508582662 ], [ 137.026438908, 35.508541662 ], [ 137.026375908, 35.508541662 ], [ 137.026313909, 35.508541662 ], [ 137.026250909, 35.508541662 ], [ 137.026250908, 35.508499662 ], [ 137.026250908, 35.508457662 ], [ 137.026250908, 35.508416662 ], [ 137.026250908, 35.508374662 ], [ 137.026250907, 35.508332662 ], [ 137.026250907, 35.508291662 ], [ 137.026188907, 35.508291662 ], [ 137.026188907, 35.508249662 ], [ 137.026188907, 35.508207662 ], [ 137.026188907, 35.508166662 ], [ 137.026188907, 35.508124662 ], [ 137.026125907, 35.508124662 ], [ 137.026125907, 35.508166662 ], [ 137.026125907, 35.508207662 ], [ 137.026125907, 35.508249662 ], [ 137.026125907, 35.508291662 ], [ 137.026125908, 35.508332662 ], [ 137.026063908, 35.508332662 ], [ 137.026063908, 35.508374662 ], [ 137.026063908, 35.508416662 ], [ 137.026000908, 35.508416662 ], [ 137.026000908, 35.508457662 ], [ 137.026000909, 35.508499662 ], [ 137.026000909, 35.508541662 ], [ 137.025938909, 35.508541662 ], [ 137.025938909, 35.508582662 ], [ 137.025938909, 35.508624662 ], [ 137.025938909, 35.508666662 ], [ 137.025875909, 35.508666661 ], [ 137.02587591, 35.508707661 ], [ 137.02593891, 35.508707661 ], [ 137.02593891, 35.508749661 ], [ 137.02600091, 35.508749661 ], [ 137.02600091, 35.508791661 ], [ 137.02606391, 35.508791662 ], [ 137.02606391, 35.508832661 ], [ 137.02612591, 35.508832662 ], [ 137.02612591, 35.508791662 ], [ 137.02612591, 35.508749662 ], [ 137.02618891, 35.508749662 ], [ 137.026188909, 35.508707662 ], [ 137.026188909, 35.508666662 ], [ 137.026250909, 35.508666662 ], [ 137.026250909, 35.508707662 ], [ 137.02625091, 35.508749662 ], [ 137.02625091, 35.508791662 ], [ 137.02625091, 35.508832662 ], [ 137.02625091, 35.508874662 ], [ 137.02625091, 35.508916662 ], [ 137.02631391, 35.508916662 ], [ 137.026313911, 35.508957662 ], [ 137.026375911, 35.508957662 ], [ 137.02637591, 35.508916662 ], [ 137.02643891, 35.508916662 ], [ 137.02643891, 35.508874662 ], [ 137.02643891, 35.508832662 ], [ 137.02650091, 35.508832662 ], [ 137.02650091, 35.508791662 ], [ 137.026500909, 35.508749662 ], [ 137.026500909, 35.508707662 ], [ 137.026563909, 35.508707662 ] ] ] } },
{ "type": "Feature", "properties": { "A31a_101": "8505090072", "A31a_102": "川浦川", "A31a_103": "21", "A31a_104": "岐阜県", "A31a_105": 1 }, "geometry": { "type": "Polygon", "coordinates": [ [ [ 136.992813812, 35.492666654 ], [ 136.992813812, 35.492624654 ], [ 136.992750812, 35.492624654 ], [ 136.992750812, 35.492582654 ], [ 136.992750812, 35.492541654 ], [ 136.992750812, 35.492499654 ], [ 136.992750811, 35.492457654 ], [ 136.992813812, 35.492457654 ], [ 136.992813811, 35.492416654 ], [ 136.992813811, 35.492374654 ], [ 136.992813811, 35.492332654 ], [ 136.992813811, 35.492291654 ], [ 136.992750811, 35.492291654 ], [ 136.992688811, 35.492291654 ], [ 136.992625811, 35.492291654 ], [ 136.992563811, 35.492291654 ], [ 136.992563811, 35.492249654 ], [ 136.992625811, 35.492249654 ], [ 136.992625811, 35.492207654 ], [ 136.99262581, 35.492166654 ], [ 136.992688811, 35.492166654 ], [ 136.99268881, 35.492124654 ], [ 136.99268881, 35.492082654 ], [ 136.99262581, 35.492082654 ], [ 136.99256381, 35.492082654 ], [ 136.99250081, 35.492082654 ], [ 136.99250081, 35.492124654 ], [ 136.99250081, 35.492166654 ], [ 136.99250081, 35.492207654 ], [ 136.99250081, 35.492249654 ], [ 136.992500811, 35.492291654 ], [ 136.99243881, 35.492291654 ], [ 136.99237581, 35.492291654 ], [ 136.99231381, 35.492291654 ], [ 136.99225081, 35.492291654 ], [ 136.99225081, 35.492249654 ], [ 136.99231381, 35.492249654 ], [ 136.99231381, 35.492207654 ], [ 136.99231381, 35.492166654 ], [ 136.99237581, 35.492166654 ], [ 136.99237581, 35.492124654 ], [ 136.99237581, 35.492082654 ], [ 136.99237581, 35.492041654 ], [ 136.99237581, 35.491999654 ], [ 136.992375809, 35.491957654 ], [ 136.99243881, 35.491957654 ], [ 136.992438809, 35.491916654 ], [ 136.992438809, 35.491874654 ], [ 136.992375809, 35.491874654 ], [ 136.992313809, 35.491874654 ], [ 136.992250809, 35.491874654 ], [ 136.992188809, 35.491874654 ], [ 136.992188809, 35.491916654 ], [ 136.992188809, 35.491957654 ], [ 136.992188809, 35.491999654 ], [ 136.992188809, 35.492041654 ], [ 136.992188809, 35.492082654 ], [ 136.99218881, 35.492124654 ], [ 136.99218881, 35.492166654 ], [ 136.99218881, 35.492207654 ], [ 136.99218881, 35.492249654 ], [ 136.99218881, 35.492291654 ], [ 136.99225081, 35.492291654 ], [ 136.99225081, 35.492332654 ], [ 136.99225081, 35.492374654 ], [ 136.99231381, 35.492374654 ], [ 136.99231381, 35.492416654 ], [ 136.992375811, 35.492416654 ], [ 136.992438811, 35.492416654 ], [ 136.992438811, 35.492457654 ], [ 136.992500811, 35.492457654 ], [ 136.992500811, 35.492499654 ], [ 136.992563811, 35.492499654 ], [ 136.992563811, 35.492541654 ], [ 136.992625811, 35.492541654 ], [ 136.992625811, 35.492582654 ], [ 136.992688812, 35.492582654 ], [ 136.992688812, 35.492624654 ], [ 136.992750812, 35.492624654 ], [ 136.992750812, 35.492666654 ], [ 136.992813812, 35.492666654 ] ] ] } },
{ "type": "Feature", "properties": { "A31a_101": "8505090072", "A31a_102": "川浦川", "A31a_103": "21", "A31a_104": "岐阜県", "A31a_105": 1 }, "geometry": { "type": "Polygon", "coordinates": [ [ [ 136.998688827, 35.494166655 ], [ 136.998688827, 35.494124655 ], [ 136.998688827, 35.494082655 ], [ 136.998625827, 35.494082655 ], [ 136.998625827, 35.494041655 ], [ 136.998625827, 35.493999655 ], [ 136.998563826, 35.493999655 ], [ 136.998563826, 35.493957655 ], [ 136.998500826, 35.493957655 ], [ 136.998500826, 35.493916655 ], [ 136.998500826, 35.493874655 ], [ 136.998438826, 35.493874655 ], [ 136.998375826, 35.493874655 ], [ 136.998375826, 35.493832655 ], [ 136.998438826, 35.493832655 ], [ 136.998438826, 35.493791655 ], [ 136.998438826, 35.493749655 ], [ 136.998375825, 35.493749655 ], [ 136.998313825, 35.493749655 ], [ 136.998313825, 35.493791655 ], [ 136.998313826, 35.493832655 ], [ 136.998250825, 35.493832655 ], [ 136.998250825, 35.493791655 ], [ 136.998188825, 35.493791655 ], [ 136.998188825, 35.493832655 ], [ 136.998125825, 35.493832655 ], [ 136.998063825, 35.493832655 ], [ 136.998000825, 35.493832655 ], [ 136.998000825, 35.493874655 ], [ 136.997938825, 35.493874655 ], [ 136.997938825, 35.493916655 ], [ 136.997875825, 35.493916655 ], [ 136.997875825, 35.493957655 ], [ 136.997938825, 35.493957655 ], [ 136.998000825, 35.493957655 ], [ 136.998000825, 35.493916655 ], [ 136.998063825, 35.493916655 ], [ 136.998063825, 35.493957655 ], [ 136.998125826, 35.493957655 ], [ 136.998125826, 35.493999655 ], [ 136.998125826, 35.494041655 ], [ 136.998125826, 35.494082655 ], [ 136.998125826, 35.494124655 ], [ 136.998125826, 35.494166655 ], [ 136.998188826, 35.494166655 ], [ 136.998250826, 35.494166655 ], [ 136.998250826, 35.494124655 ], [ 136.998313826, 35.494124655 ], [ 136.998313826, 35.494082655 ], [ 136.998375826, 35.494082655 ], [ 136.998375826, 35.494041655 ], [ 136.998438826, 35.494041655 ], [ 136.998500826, 35.494041655 ], [ 136.998500827, 35.494082655 ], [ 136.998500827, 35.494124655 ], [ 136.998438827, 35.494124655 ], [ 136.998375826, 35.494124655 ], [ 136.998375827, 35.494166655 ], [ 136.998438827, 35.494166655 ], [ 136.998500827, 35.494166655 ], [ 136.998563827, 35.494166655 ], [ 136.998625827, 35.494166655 ], [ 136.998688827, 35.494166655 ] ], [ [ 136.998438826, 35.493999655 ], [ 136.998375826, 35.493999655 ], [ 136.998313826, 35.493999655 ], [ 136.998250826, 35.493999655 ], [ 136.998250826, 35.494041655 ], [ 136.998188826, 35.494041655 ], [ 136.998188826, 35.493999655 ], [ 136.998188826, 35.493957655 ], [ 136.998250826, 35.493957655 ], [ 136.998313826, 35.493957655 ], [ 136.998313826, 35.493916655 ], [ 136.998375826, 35.493916655 ], [ 136.998438826, 35.493916655 ], [ 136.998438826, 35.493957655 ], [ 136.998438826, 35.493999655 ] ] ] } },
{ "type": "Feature", "properties": { "A31a_101": "8505090072", "A31a_102": "川浦川", "A31a_103": "21", "A31a_104": "岐阜県", "A31a_105": 1 }, "geometry": { "type": "Polygon", "coordinates": [ [ [ 137.026250914, 35.509582661 ], [ 137.026250914, 35.509541661 ], [ 137.026250913, 35.509499661 ], [ 137.026250913, 35.509457661 ], [ 137.026250913, 35.509416661 ], [ 137.026250913, 35.509374661 ], [ 137.026188913, 35.509374661 ], [ 137.026188913, 35.509332661 ], [ 137.026188912, 35.509291661 ], [ 137.026125912, 35.509291661 ], [ 137.026125913, 35.509332661 ], [ 137.026125913, 35.509374661 ], [ 137.026125913, 35.509416661 ], [ 137.026063913, 35.509416661 ], [ 137.026000913, 35.509416661 ], [ 137.026000913, 35.509374661 ], [ 137.026000913, 35.509332661 ], [ 137.025938913, 35.509332661 ], [ 137.025875913, 35.509332661 ], [ 137.025875913, 35.509374661 ], [ 137.025813913, 35.509374661 ], [ 137.025813913, 35.509416661 ], [ 137.025813913, 35.509457661 ], [ 137.025750914, 35.509457661 ], [ 137.025750914, 35.509499661 ], [ 137.025750914, 35.509541661 ], [ 137.025688914, 35.509541661 ], [ 137.025688914, 35.509582661 ], [ 137.025625914, 35.509582661 ], [ 137.025625914, 35.509624661 ], [ 137.025625915, 35.509666661 ], [ 137.025625915, 35.509707661 ], [ 137.025688915, 35.509707661 ], [ 137.025750915, 35.509707661 ], [ 137.025813915, 35.509707661 ], [ 137.025875915, 35.509707661 ], [ 137.025938915, 35.509707661 ], [ 137.025938914, 35.509666661 ], [ 137.025938914, 35.509624661 ], [ 137.025938914, 35.509582661 ], [ 137.026000914, 35.509582661 ], [ 137.026063914, 35.509582661 ], [ 137.026125914, 35.509582661 ], [ 137.026188914, 35.509582661 ], [ 137.026250914, 35.509582661 ] ] ] } },
{ "type": "Feature", "properties": { "A31a_101": "8505090072", "A31a_102": "川浦川", "A31a_103": "21", "A31a_104": "岐阜県", "A31a_105": 1 }, "geometry": { "type": "Polygon", "coordinates": [ [ [ 136.967500739, 35.484582649 ], [ 136.967500739, 35.484541649 ], [ 136.967500739, 35.484499649 ], [ 136.967438739, 35.484499649 ], [ 136.967438739, 35.484457649 ], [ 136.967375739, 35.484457649 ], [ 136.967313739, 35.484457649 ], [ 136.967250738, 35.484457649 ], [ 136.967188738, 35.484457649 ], [ 136.967125738, 35.484457649 ], [ 136.967125738, 35.484416649 ], [ 136.967063738, 35.484416649 ], [ 136.967000738, 35.484416649 ], [ 136.966938738, 35.484416649 ], [ 136.966875737, 35.484416649 ], [ 136.966875737, 35.484457649 ], [ 136.966875737, 35.484499649 ], [ 136.966875737, 35.48454165 ], [ 136.966875738, 35.48458265 ], [ 136.966875738, 35.48462465 ], [ 136.966875738, 35.48466665 ], [ 136.966875738, 35.48470765 ], [ 136.966875738, 35.48474965 ], [ 136.966875738, 35.48479165 ], [ 136.966938738, 35.48479165 ], [ 136.967000738, 35.48479165 ], [ 136.967063738, 35.48479165 ], [ 136.967125738, 35.48479165 ], [ 136.967125738, 35.48474965 ], [ 136.967125738, 35.48470765 ], [ 136.967125738, 35.48466665 ], [ 136.967125738, 35.48462465 ], [ 136.967125738, 35.484582649 ], [ 136.967188738, 35.484582649 ], [ 136.967250739, 35.484582649 ], [ 136.967313739, 35.484582649 ], [ 136.967375739, 35.484582649 ], [ 136.967438739, 35.484582649 ], [ 136.967500739, 35.484582649 ] ] ] } },
{ "type": "Feature", "properties": { "A31a_101": "8505090072", "A31a_102": "川浦川", "A31a_103": "21", "A31a_104": "岐阜県", "A31a_105": 1 }, "geometry": { "type": "Polygon", "coordinates": [ [ [ 137.04281392, 35.513499668 ], [ 137.04281392, 35.513457668 ], [ 137.042813919, 35.513416668 ], [ 137.042813919, 35.513374668 ], [ 137.042750919, 35.513374668 ], [ 137.042750919, 35.513332668 ], [ 137.042688919, 35.513332668 ], [ 137.042625919, 35.513332668 ], [ 137.042563919, 35.513332668 ], [ 137.042500919, 35.513332668 ], [ 137.04243892, 35.513332668 ], [ 137.04237592, 35.513332668 ], [ 137.04237592, 35.513374668 ], [ 137.04231392, 35.513374668 ], [ 137.04231392, 35.513416668 ], [ 137.04225092, 35.513416668 ], [ 137.042250921, 35.513457668 ], [ 137.04231392, 35.513457668 ], [ 137.042313921, 35.513499668 ], [ 137.042375921, 35.513499668 ], [ 137.042375921, 35.513541668 ], [ 137.042438921, 35.513541668 ], [ 137.042500921, 35.513541668 ], [ 137.042500921, 35.513582668 ], [ 137.042500921, 35.513624668 ], [ 137.042500921, 35.513666668 ], [ 137.042500922, 35.513707668 ], [ 137.042563921, 35.513707668 ], [ 137.042563921, 35.513666668 ], [ 137.042625921, 35.513666668 ], [ 137.042688921, 35.513666668 ], [ 137.042688921, 35.513624668 ], [ 137.042688921, 35.513582668 ], [ 137.04275092, 35.513582668 ], [ 137.04275092, 35.513541668 ], [ 137.04275092, 35.513499668 ], [ 137.04281392, 35.513499668 ] ] ] } },
{ "type": "Feature", "properties": { "A31a_101": "8505090072", "A31a_102": "川浦川", "A31a_103": "21", "A31a_104": "岐阜県", "A31a_105": 1 }, "geometry": { "type": "Polygon", "coordinates": [ [ [ 137.056250934, 35.521832669 ], [ 137.056250934, 35.521791669 ], [ 137.056188934, 35.521791669 ], [ 137.056125934, 35.521791669 ], [ 137.056063935, 35.521791669 ], [ 137.056063934, 35.521749669 ], [ 137.056063934, 35.521707669 ], [ 137.056063934, 35.521666669 ], [ 137.056000934, 35.521666669 ], [ 137.056000934, 35.521624669 ], [ 137.055938934, 35.521624669 ], [ 137.055938934, 35.521582669 ], [ 137.055875934, 35.521582669 ], [ 137.055875934, 35.521541669 ], [ 137.055813934, 35.521541669 ], [ 137.055813934, 35.521499669 ], [ 137.055750934, 35.521499669 ], [ 137.055750934, 35.521457669 ], [ 137.055688934, 35.521457669 ], [ 137.055688934, 35.521499669 ], [ 137.055688935, 35.521541669 ], [ 137.055625935, 35.521541669 ], [ 137.055563935, 35.521541669 ], [ 137.055500935, 35.521541669 ], [ 137.055500935, 35.521499669 ], [ 137.055438935, 35.521499669 ], [ 137.055438935, 35.521541669 ], [ 137.055500935, 35.521541669 ], [ 137.055500935, 35.521582669 ], [ 137.055563935, 35.521582669 ], [ 137.055625935, 35.521582669 ], [ 137.055625935, 35.521624669 ], [ 137.055688935, 35.521624669 ], [ 137.055750935, 35.521624669 ], [ 137.055813935, 35.521624669 ], [ 137.055813935, 35.521666669 ], [ 137.055813935, 35.521707669 ], [ 137.055813935, 35.521749669 ], [ 137.055750936, 35.521749669 ], [ 137.055750935, 35.521707669 ], [ 137.055750935, 35.521666669 ], [ 137.055688935, 35.521666669 ], [ 137.055625936, 35.521666669 ], [ 137.055625936, 35.521707669 ], [ 137.055625936, 35.521749669 ], [ 137.055625936, 35.521791669 ], [ 137.055625936, 35.521832669 ], [ 137.055688936, 35.521832669 ], [ 137.055688936, 35.521791669 ], [ 137.055750936, 35.521791669 ], [ 137.055750936, 35.521832669 ], [ 137.055750936, 35.521874669 ], [ 137.055813936, 35.521874669 ], [ 137.055875936, 35.521874669 ], [ 137.055938936, 35.521874669 ], [ 137.055938935, 35.521832669 ], [ 137.055875936, 35.521832669 ], [ 137.055875935, 35.521791669 ], [ 137.055875935, 35.521749669 ], [ 137.055875935, 35.521707669 ], [ 137.055938935, 35.521707669 ], [ 137.055938935, 35.521749669 ], [ 137.055938935, 35.521791669 ], [ 137.055938935, 35.521832669 ], [ 137.056000935, 35.521832669 ], [ 137.056000935, 35.521874669 ], [ 137.056063935, 35.521874669 ], [ 137.056063935, 35.521832669 ], [ 137.056125935, 35.521832669 ], [ 137.056188935, 35.521832669 ], [ 137.056250934, 35.521832669 ] ] ] } },
{ "type": "Feature", "properties": { "A31a_101": "8505090072", "A31a_102": "川浦川", "A31a_103": "21", "A31a_104": "岐阜県", "A31a_105": 1 }, "geometry": { "type": "Polygon", "coordinates": [ [ [ 137.035313921, 35.511874665 ], [ 137.035313921, 35.511832665 ], [ 137.035313921, 35.511791665 ], [ 137.03531392, 35.511749665 ], [ 137.03531392, 35.511707665 ], [ 137.03531392, 35.511666665 ], [ 137.03531392, 35.511624665 ], [ 137.035313919, 35.511582665 ], [ 137.03525092, 35.511582665 ], [ 137.035250919, 35.511541665 ], [ 137.035188919, 35.511541665 ], [ 137.035188919, 35.511499665 ], [ 137.035250919, 35.511499665 ], [ 137.035250919, 35.511457665 ], [ 137.035188919, 35.511457665 ], [ 137.035125919, 35.511457665 ], [ 137.035063919, 35.511457665 ], [ 137.035000919, 35.511457665 ], [ 137.035000919, 35.511499665 ], [ 137.034938919, 35.511499665 ], [ 137.034938919, 35.511457665 ], [ 137.034875919, 35.511457665 ], [ 137.034813919, 35.511457665 ], [ 137.034813919, 35.511499665 ], [ 137.034875919, 35.511499665 ], [ 137.034875919, 35.511541665 ], [ 137.034938919, 35.511541665 ], [ 137.03493892, 35.511582665 ], [ 137.03500092, 35.511582665 ], [ 137.035000919, 35.511541665 ], [ 137.035063919, 35.511541665 ], [ 137.03506392, 35.511582665 ], [ 137.03512592, 35.511582665 ], [ 137.03512592, 35.511624665 ], [ 137.03506392, 35.511624665 ], [ 137.03506392, 35.511666665 ], [ 137.03506392, 35.511707665 ], [ 137.035063921, 35.511749665 ], [ 137.035063921, 35.511791665 ], [ 137.035125921, 35.511791665 ], [ 137.035188921, 35.511791665 ], [ 137.035188921, 35.511832665 ], [ 137.035125921, 35.511832665 ], [ 137.035125921, 35.511874665 ], [ 137.035188921, 35.511874665 ], [ 137.035250921, 35.511874665 ], [ 137.035313921, 35.511874665 ] ] ] } },
{ "type": "Feature", "properties": { "A31a_101": "8505090072", "A31a_102": "川浦川", "A31a_103": "21", "A31a_104": "岐阜県", "A31a_105": 1 }, "geometry": { "type": "Polygon", "coordinates": [ [ [ 137.04718893, 35.516582668 ], [ 137.047188929, 35.516541668 ], [ 137.047188929, 35.516499668 ], [ 137.047188929, 35.516457668 ], [ 137.047125929, 35.516457668 ], [ 137.047063929, 35.516457668 ], [ 137.047000929, 35.516457668 ], [ 137.047000929, 35.516416668 ], [ 137.047063929, 35.516416668 ], [ 137.047063929, 35.516374668 ], [ 137.047125928, 35.516374668 ], [ 137.047125928, 35.516332668 ], [ 137.047188928, 35.516332668 ], [ 137.047188928, 35.516291668 ], [ 137.047188928, 35.516249668 ], [ 137.047125928, 35.516249668 ], [ 137.047063928, 35.516249668 ], [ 137.047000928, 35.516249668 ], [ 137.046938928, 35.516249668 ], [ 137.046875928, 35.516249668 ], [ 137.046875928, 35.516291668 ], [ 137.046875929, 35.516332668 ], [ 137.046875929, 35.516374668 ], [ 137.046875929, 35.516416668 ], [ 137.046875929, 35.516457668 ], [ 137.04687593, 35.516499668 ], [ 137.04687593, 35.516541668 ], [ 137.04693893, 35.516541668 ], [ 137.04693893, 35.516582668 ], [ 137.04700093, 35.516582668 ], [ 137.04700093, 35.516624667 ], [ 137.04700093, 35.516666667 ], [ 137.04706393, 35.516666667 ], [ 137.04712593, 35.516666668 ], [ 137.04712593, 35.516624668 ], [ 137.04712593, 35.516582668 ], [ 137.04718893, 35.516582668 ] ] ] } },
{ "type": "Feature", "properties": { "A31a_101": "8505090072", "A31a_102": "川浦川", "A31a_103": "21", "A31a_104": "岐阜県", "A31a_105": 1 }, "geometry": { "type": "Polygon", "coordinates": [ [ [ 137.035938922, 35.512082665 ], [ 137.035938922, 35.512041665 ], [ 137.035938922, 35.511999665 ], [ 137.035938921, 35.511957665 ], [ 137.035938921, 35.511916665 ], [ 137.035938921, 35.511874665 ], [ 137.035875921, 35.511874665 ], [ 137.035875921, 35.511832665 ], [ 137.03587592, 35.511791665 ], [ 137.03593892, 35.511791665 ], [ 137.03593892, 35.511749665 ], [ 137.03587592, 35.511749665 ], [ 137.03587592, 35.511707665 ], [ 137.03581392, 35.511707665 ], [ 137.03575092, 35.511707665 ], [ 137.03575092, 35.511666665 ], [ 137.03568892, 35.511666665 ], [ 137.03562592, 35.511666665 ], [ 137.03556392, 35.511666665 ], [ 137.03550092, 35.511666665 ], [ 137.03543892, 35.511666665 ], [ 137.03543892, 35.511707665 ], [ 137.03543892, 35.511749665 ], [ 137.035438921, 35.511791665 ], [ 137.035438921, 35.511832665 ], [ 137.035438921, 35.511874665 ], [ 137.035500921, 35.511874665 ], [ 137.035563921, 35.511874665 ], [ 137.035625921, 35.511874665 ], [ 137.035625921, 35.511832665 ], [ 137.035625921, 35.511791665 ], [ 137.03562592, 35.511749665 ], [ 137.03568892, 35.511749665 ], [ 137.03575092, 35.511749665 ], [ 137.03575092, 35.511791665 ], [ 137.03581392, 35.511791665 ], [ 137.035813921, 35.511832665 ], [ 137.035813921, 35.511874665 ], [ 137.035875921, 35.511874665 ], [ 137.035875921, 35.511916665 ], [ 137.035813921, 35.511916665 ], [ 137.035813921, 35.511957665 ], [ 137.035750921, 35.511957665 ], [ 137.035750922, 35.511999665 ], [ 137.035750922, 35.512041665 ], [ 137.035813922, 35.512041665 ], [ 137.035813922, 35.512082665 ], [ 137.035875922, 35.512082665 ], [ 137.035938922, 35.512082665 ] ] ] } },
{ "type": "Feature", "properties": { "A31a_101": "8505090072", "A31a_102": "川浦川", "A31a_103": "21", "A31a_104": "岐阜県", "A31a_105": 1 }, "geometry": { "type": "Polygon", "coordinates": [ [ [ 137.056875932, 35.52174967 ], [ 137.056875931, 35.52170767 ], [ 137.056875931, 35.52166667 ], [ 137.056813931, 35.52166667 ], [ 137.056813931, 35.52162467 ], [ 137.056875931, 35.52162467 ], [ 137.056875931, 35.52158267 ], [ 137.05687593, 35.52154167 ], [ 137.05687593, 35.52149967 ], [ 137.05687593, 35.52145767 ], [ 137.05681393, 35.52145767 ], [ 137.05675093, 35.52145767 ], [ 137.056688931, 35.52145767 ], [ 137.056625931, 35.52145767 ], [ 137.056563931, 35.52145767 ], [ 137.056563931, 35.52149967 ], [ 137.056563932, 35.52154167 ], [ 137.056563932, 35.52158267 ], [ 137.056563932, 35.521624669 ], [ 137.056563932, 35.521666669 ], [ 137.056563932, 35.521707669 ], [ 137.056563933, 35.521749669 ], [ 137.056563933, 35.521791669 ], [ 137.056500933, 35.521791669 ], [ 137.056500933, 35.521832669 ], [ 137.056563933, 35.521832669 ], [ 137.056625933, 35.521832669 ], [ 137.056625933, 35.521791669 ], [ 137.056688933, 35.521791669 ], [ 137.056688932, 35.521749669 ], [ 137.056688932, 35.521707669 ], [ 137.056750932, 35.521707669 ], [ 137.056813932, 35.52170767 ], [ 137.056813932, 35.521749669 ], [ 137.056875932, 35.52174967 ] ] ] } },
{ "type": "Feature", "properties": { "A31a_101": "8505090072", "A31a_102": "川浦川", "A31a_103": "21", "A31a_104": "岐阜県", "A31a_105": 1 }, "geometry": { "type": "Polygon", "coordinates": [ [ [ 137.02687591, 35.508957662 ], [ 137.02687591, 35.508916662 ], [ 137.02681391, 35.508916662 ], [ 137.02681391, 35.508874662 ], [ 137.02681391, 35.508832662 ], [ 137.026813909, 35.508791662 ], [ 137.026813909, 35.508749662 ], [ 137.026750909, 35.508749662 ], [ 137.026688909, 35.508749662 ], [ 137.026625909, 35.508749662 ], [ 137.026563909, 35.508749662 ], [ 137.02656391, 35.508791662 ], [ 137.02656391, 35.508832662 ], [ 137.02656391, 35.508874662 ], [ 137.02656391, 35.508916662 ], [ 137.02656391, 35.508957662 ], [ 137.026563911, 35.508999662 ], [ 137.026563911, 35.509041662 ], [ 137.026563911, 35.509082662 ], [ 137.026563911, 35.509124662 ], [ 137.026625911, 35.509124662 ], [ 137.026688911, 35.509124662 ], [ 137.026750911, 35.509124662 ], [ 137.026750911, 35.509082662 ], [ 137.026750911, 35.509041662 ], [ 137.026813911, 35.509041662 ], [ 137.026813911, 35.508999662 ], [ 137.02681391, 35.508957662 ], [ 137.02687591, 35.508957662 ] ] ] } },
{ "type": "Feature", "properties": { "A31a_101": "8505090072", "A31a_102": "川浦川", "A31a_103": "21", "A31a_104": "岐阜県", "A31a_105": 1 }, "geometry": { "type": "Polygon", "coordinates": [ [ [ 137.062813939, 35.526874667 ], [ 137.062813939, 35.526832667 ], [ 137.062813939, 35.526791667 ], [ 137.062813938, 35.526749667 ], [ 137.062813938, 35.526707668 ], [ 137.062813938, 35.526666668 ], [ 137.062813938, 35.526624668 ], [ 137.062750938, 35.526624668 ], [ 137.062750938, 35.526582668 ], [ 137.062750938, 35.526541668 ], [ 137.062688938, 35.526541668 ], [ 137.062688938, 35.526582668 ], [ 137.062625938, 35.526582667 ], [ 137.062563939, 35.526582667 ], [ 137.062563939, 35.526624667 ], [ 137.062500939, 35.526624667 ], [ 137.062500939, 35.526666667 ], [ 137.06250094, 35.526707667 ], [ 137.06250094, 35.526749667 ], [ 137.06250094, 35.526791667 ], [ 137.06250094, 35.526832667 ], [ 137.062500941, 35.526874667 ], [ 137.06256394, 35.526874667 ], [ 137.06262594, 35.526874667 ], [ 137.06268894, 35.526874667 ], [ 137.062750939, 35.526874667 ], [ 137.062813939, 35.526874667 ] ] ] } },
{ "type": "Feature", "properties": { "A31a_101": "8505090072", "A31a_102": "川浦川", "A31a_103": "21", "A31a_104": "岐阜県", "A31a_105": 1 }, "geometry": { "type": "Polygon", "coordinates": [ [ [ 137.026563912, 35.509332661 ], [ 137.026563912, 35.509291661 ], [ 137.026563912, 35.509249662 ], [ 137.026563912, 35.509207662 ], [ 137.026563912, 35.509166662 ], [ 137.026500912, 35.509166662 ], [ 137.026500911, 35.509124662 ], [ 137.026438911, 35.509124662 ], [ 137.026438911, 35.509082662 ], [ 137.026375911, 35.509082662 ], [ 137.026375911, 35.509041662 ], [ 137.026375911, 35.508999662 ], [ 137.026313911, 35.508999662 ], [ 137.026313911, 35.509041661 ], [ 137.026313911, 35.509082661 ], [ 137.026313911, 35.509124661 ], [ 137.026313912, 35.509166661 ], [ 137.026250912, 35.509166661 ], [ 137.026250912, 35.509207661 ], [ 137.026188912, 35.509207661 ], [ 137.026188912, 35.509249661 ], [ 137.026188912, 35.509291661 ], [ 137.026250912, 35.509291661 ], [ 137.026250913, 35.509332661 ], [ 137.026250913, 35.509374661 ], [ 137.026313913, 35.509374661 ], [ 137.026375913, 35.509374661 ], [ 137.026438913, 35.509374661 ], [ 137.026500913, 35.509374661 ], [ 137.026500912, 35.509332661 ], [ 137.026563912, 35.509332661 ] ] ] } },
{ "type": "Feature", "properties": { "A31a_101": "8505090072", "A31a_102": "川浦川", "A31a_103": "21", "A31a_104": "岐阜県", "A31a_105": 1 }, "geometry": { "type": "Polygon", "coordinates": [ [ [ 136.999063828, 35.494124655 ], [ 136.999063828, 35.494082655 ], [ 136.999063828, 35.494041655 ], [ 136.999063827, 35.493999655 ], [ 136.999063827, 35.493957655 ], [ 136.999000827, 35.493957655 ], [ 136.998938827, 35.493957655 ], [ 136.998875827, 35.493957655 ], [ 136.998813827, 35.493957655 ], [ 136.998750827, 35.493957655 ], [ 136.998750827, 35.493999655 ], [ 136.998750827, 35.494041655 ], [ 136.998750827, 35.494082655 ], [ 136.998750827, 35.494124655 ], [ 136.998750827, 35.494166655 ], [ 136.998750827, 35.494207655 ], [ 136.998750828, 35.494249655 ], [ 136.998750828, 35.494291655 ], [ 136.998750828, 35.494332655 ], [ 136.998750828, 35.494374655 ], [ 136.998813828, 35.494374655 ], [ 136.998813828, 35.494332655 ], [ 136.998875828, 35.494332655 ], [ 136.998875828, 35.494291655 ], [ 136.998875828, 35.494249655 ], [ 136.998875828, 35.494207655 ], [ 136.998938828, 35.494207655 ], [ 136.998938828, 35.494166655 ], [ 136.998875828, 35.494166655 ], [ 136.998875827, 35.494124655 ], [ 136.998875827, 35.494082655 ], [ 136.998938827, 35.494082655 ], [ 136.999000828, 35.494082655 ], [ 136.999000828, 35.494124655 ], [ 136.999063828, 35.494124655 ] ] ] } },
{ "type": "Feature", "properties": { "A31a_101": "8505090072", "A31a_102": "川浦川", "A31a_103": "21", "A31a_104": "岐阜県", "A31a_105": 1 }, "geometry": { "type": "Polygon", "coordinates": [ [ [ 137.046250927, 35.515874668 ], [ 137.046250927, 35.515832668 ], [ 137.046188927, 35.515832668 ], [ 137.046125927, 35.515832668 ], [ 137.046063927, 35.515832668 ], [ 137.046000927, 35.515832668 ], [ 137.045938927, 35.515832668 ], [ 137.045875928, 35.515832668 ], [ 137.045813928, 35.515832668 ], [ 137.045750928, 35.515832668 ], [ 137.045688928, 35.515832668 ], [ 137.045688928, 35.515874668 ], [ 137.045688928, 35.515916667 ], [ 137.045750928, 35.515916668 ], [ 137.045750929, 35.515957667 ], [ 137.045750929, 35.515999667 ], [ 137.045813929, 35.515999667 ], [ 137.045813929, 35.516041667 ], [ 137.045875929, 35.516041667 ], [ 137.045938929, 35.516041668 ], [ 137.045938928, 35.515999668 ], [ 137.046000928, 35.515999668 ], [ 137.046000928, 35.515957668 ], [ 137.046063928, 35.515957668 ], [ 137.046125928, 35.515957668 ], [ 137.046125928, 35.515916668 ], [ 137.046188928, 35.515916668 ], [ 137.046188927, 35.515874668 ], [ 137.046250927, 35.515874668 ] ] ] } },
{ "type": "Feature", "properties": { "A31a_101": "8505090072", "A31a_102": "川浦川", "A31a_103": "21", "A31a_104": "岐阜県", "A31a_105": 1 }, "geometry": { "type": "Polygon", "coordinates": [ [ [ 137.047438943, 35.518957665 ], [ 137.047438943, 35.518916665 ], [ 137.047375943, 35.518916665 ], [ 137.047313943, 35.518916665 ], [ 137.047250943, 35.518916665 ], [ 137.047188944, 35.518916665 ], [ 137.047188943, 35.518874665 ], [ 137.047188943, 35.518832665 ], [ 137.047188943, 35.518791665 ], [ 137.047188942, 35.518749665 ], [ 137.047125943, 35.518749665 ], [ 137.047125942, 35.518707665 ], [ 137.047063942, 35.518707665 ], [ 137.047000943, 35.518707665 ], [ 137.047000942, 35.518666665 ], [ 137.046938942, 35.518666665 ], [ 137.046938942, 35.518624665 ], [ 137.046875942, 35.518624665 ], [ 137.046875942, 35.518582665 ], [ 137.046813942, 35.518582665 ], [ 137.046813942, 35.518624665 ], [ 137.046875942, 35.518624665 ], [ 137.046875943, 35.518666665 ], [ 137.046875943, 35.518707665 ], [ 137.046875943, 35.518749665 ], [ 137.046875943, 35.518791665 ], [ 137.046875944, 35.518832665 ], [ 137.046875944, 35.518874665 ], [ 137.046875944, 35.518916665 ], [ 137.046938944, 35.518916665 ], [ 137.046938944, 35.518874665 ], [ 137.047000944, 35.518874665 ], [ 137.047063943, 35.518874665 ], [ 137.047125943, 35.518874665 ], [ 137.047125944, 35.518916665 ], [ 137.047188944, 35.518916665 ], [ 137.047188944, 35.518957665 ], [ 137.047250944, 35.518957665 ], [ 137.047313944, 35.518957665 ], [ 137.047375943, 35.518957665 ], [ 137.047438943, 35.518957665 ] ] ] } },
{ "type": "Feature", "properties": { "A31a_101": "8505090072", "A31a_102": "川浦川", "A31a_103": "21", "A31a_104": "岐阜県", "A31a_105": 1 }, "geometry": { "type": "Polygon", "coordinates": [ [ [ 137.046063925, 35.515374668 ], [ 137.046063924, 35.515332668 ], [ 137.046000925, 35.515332668 ], [ 137.045938925, 35.515332668 ], [ 137.045938924, 35.515291668 ], [ 137.045938924, 35.515249668 ], [ 137.045938924, 35.515207669 ], [ 137.045875924, 35.515207668 ], [ 137.045813924, 35.515207668 ], [ 137.045750924, 35.515207668 ], [ 137.045688924, 35.515207668 ], [ 137.045625925, 35.515207668 ], [ 137.045625925, 35.515249668 ], [ 137.045625925, 35.515291668 ], [ 137.045625925, 35.515332668 ], [ 137.045625925, 35.515374668 ], [ 137.045625926, 35.515416668 ], [ 137.045688926, 35.515416668 ], [ 137.045750925, 35.515416668 ], [ 137.045813925, 35.515416668 ], [ 137.045813926, 35.515457668 ], [ 137.045875925, 35.515457668 ], [ 137.045875925, 35.515416668 ], [ 137.045813925, 35.515416668 ], [ 137.045813925, 35.515374668 ], [ 137.045875925, 35.515374668 ], [ 137.045938925, 35.515374668 ], [ 137.046000925, 35.515374668 ], [ 137.046063925, 35.515374668 ] ] ] } },
{ "type": "Feature", "properties": { "A31a_101": "8505090072", "A31a_102": "川浦川", "A31a_103": "21", "A31a_104": "岐阜県", "A31a_105": 1 }, "geometry": { "type": "Polygon", "coordinates": [ [ [ 137.045688921, 35.514541669 ], [ 137.04568892, 35.514499669 ], [ 137.04562592, 35.514499669 ], [ 137.04562592, 35.514457669 ], [ 137.04562592, 35.514416669 ], [ 137.04562592, 35.514374669 ], [ 137.04556392, 35.514374669 ], [ 137.04550092, 35.514374669 ], [ 137.04543892, 35.514374669 ], [ 137.04537592, 35.514374669 ], [ 137.04531392, 35.514374669 ], [ 137.04531392, 35.514332669 ], [ 137.04525092, 35.514332669 ], [ 137.04525092, 35.514374669 ], [ 137.045250921, 35.514416669 ], [ 137.045313921, 35.514416669 ], [ 137.045313921, 35.514457669 ], [ 137.045313921, 35.514499669 ], [ 137.045313921, 35.514541669 ], [ 137.045313922, 35.514582669 ], [ 137.045375921, 35.514582669 ], [ 137.045438921, 35.514582669 ], [ 137.045500921, 35.514582669 ], [ 137.045500921, 35.514541669 ], [ 137.045563921, 35.514541669 ], [ 137.045563921, 35.514499669 ], [ 137.04562592, 35.514499669 ], [ 137.045625921, 35.514541669 ], [ 137.045688921, 35.514541669 ] ] ] } },
{ "type": "Feature", "properties": { "A31a_101": "8505090072", "A31a_102": "川浦川", "A31a_103": "21", "A31a_104": "岐阜県", "A31a_105": 1 }, "geometry": { "type": "Polygon", "coordinates": [ [ [ 137.047188945, 35.519124665 ], [ 137.047188944, 35.519082665 ], [ 137.047188944, 35.519041665 ], [ 137.047188944, 35.518999665 ], [ 137.047188944, 35.518957665 ], [ 137.047125944, 35.518957665 ], [ 137.047063944, 35.518957665 ], [ 137.047000944, 35.518957665 ], [ 137.046938944, 35.518957665 ], [ 137.046875944, 35.518957665 ], [ 137.046875945, 35.518999665 ], [ 137.046875945, 35.519041665 ], [ 137.046875945, 35.519082665 ], [ 137.046875945, 35.519124665 ], [ 137.046875946, 35.519166665 ], [ 137.046938945, 35.519166665 ], [ 137.047000945, 35.519166665 ], [ 137.047000945, 35.519124665 ], [ 137.047063945, 35.519124665 ], [ 137.047125945, 35.519124665 ], [ 137.047188945, 35.519124665 ] ] ] } },
{ "type": "Feature", "properties": { "A31a_101": "8505090072", "A31a_102": "川浦川", "A31a_103": "21", "A31a_104": "岐阜県", "A31a_105": 1 }, "geometry": { "type": "Polygon", "coordinates": [ [ [ 137.029063902, 35.507666664 ], [ 137.029063902, 35.507624664 ], [ 137.029063902, 35.507582664 ], [ 137.029000902, 35.507582664 ], [ 137.029000902, 35.507541664 ], [ 137.029000902, 35.507499664 ], [ 137.028938902, 35.507499664 ], [ 137.028875902, 35.507499664 ], [ 137.028813902, 35.507499664 ], [ 137.028750902, 35.507499664 ], [ 137.028750902, 35.507541664 ], [ 137.028750902, 35.507582664 ], [ 137.028750902, 35.507624664 ], [ 137.028750903, 35.507666664 ], [ 137.028750903, 35.507707664 ], [ 137.028813903, 35.507707664 ], [ 137.028875903, 35.507707664 ], [ 137.028938903, 35.507707664 ], [ 137.029000903, 35.507707664 ], [ 137.029000902, 35.507666664 ], [ 137.029063902, 35.507666664 ] ] ] } },
{ "type": "Feature", "properties": { "A31a_101": "8505090072", "A31a_102": "川浦川", "A31a_103": "21", "A31a_104": "岐阜県", "A31a_105": 1 }, "geometry": { "type": "Polygon", "coordinates": [ [ [ 137.049688949, 35.520582665 ], [ 137.049688949, 35.520541665 ], [ 137.049688949, 35.520499665 ], [ 137.049688948, 35.520457665 ], [ 137.049688948, 35.520416665 ], [ 137.049625948, 35.520416665 ], [ 137.049563948, 35.520416665 ], [ 137.049500948, 35.520416665 ], [ 137.049438949, 35.520416665 ], [ 137.049375949, 35.520416665 ], [ 137.049375949, 35.520457665 ], [ 137.049375949, 35.520499665 ], [ 137.049375949, 35.520541665 ], [ 137.049438949, 35.520541665 ], [ 137.049438949, 35.520582665 ], [ 137.049500949, 35.520582665 ], [ 137.04950095, 35.520624665 ], [ 137.04956395, 35.520624665 ], [ 137.049625949, 35.520624665 ], [ 137.049625949, 35.520582665 ], [ 137.049688949, 35.520582665 ] ] ] } },
{ "type": "Feature", "properties": { "A31a_101": "8505090072", "A31a_102": "川浦川", "A31a_103": "21", "A31a_104": "岐阜県", "A31a_105": 1 }, "geometry": { "type": "Polygon", "coordinates": [ [ [ 136.995938823, 35.494374655 ], [ 136.995938822, 35.494332655 ], [ 136.995938822, 35.494291655 ], [ 136.995938822, 35.494249655 ], [ 136.995938822, 35.494207655 ], [ 136.995938822, 35.494166655 ], [ 136.995875822, 35.494166655 ], [ 136.995875822, 35.494207655 ], [ 136.995813822, 35.494207655 ], [ 136.995813822, 35.494249655 ], [ 136.995813822, 35.494291655 ], [ 136.995750822, 35.494291655 ], [ 136.995750822, 35.494332655 ], [ 136.995688822, 35.494332655 ], [ 136.995688822, 35.494291655 ], [ 136.995625822, 35.494291655 ], [ 136.995625822, 35.494249655 ], [ 136.995625821, 35.494207655 ], [ 136.995563821, 35.494207655 ], [ 136.995563821, 35.494249655 ], [ 136.995500821, 35.494249655 ], [ 136.995500821, 35.494291655 ], [ 136.995438821, 35.494291655 ], [ 136.995438821, 35.494332655 ], [ 136.995500822, 35.494332655 ], [ 136.995563822, 35.494332655 ], [ 136.995625822, 35.494332655 ], [ 136.995625822, 35.494374655 ], [ 136.995688822, 35.494374655 ], [ 136.995750822, 35.494374655 ], [ 136.995813822, 35.494374655 ], [ 136.995875822, 35.494374655 ], [ 136.995938823, 35.494374655 ] ] ] } },
{ "type": "Feature", "properties": { "A31a_101": "8505090072", "A31a_102": "川浦川", "A31a_103": "21", "A31a_104": "岐阜県", "A31a_105": 1 }, "geometry": { "type": "Polygon", "coordinates": [ [ [ 137.028438901, 35.507374664 ], [ 137.028438901, 35.507332664 ], [ 137.028375901, 35.507332664 ], [ 137.028375901, 35.507291664 ], [ 137.028313901, 35.507291664 ], [ 137.028250901, 35.507291664 ], [ 137.028188901, 35.507291664 ], [ 137.028125901, 35.507291664 ], [ 137.028125901, 35.507332664 ], [ 137.028125902, 35.507374664 ], [ 137.028125902, 35.507416664 ], [ 137.028125902, 35.507457664 ], [ 137.028125902, 35.507499664 ], [ 137.028188902, 35.507499664 ], [ 137.028250902, 35.507499664 ], [ 137.028313902, 35.507499664 ], [ 137.028375902, 35.507499664 ], [ 137.028375902, 35.507457664 ], [ 137.028313902, 35.507457664 ], [ 137.028313902, 35.507416664 ], [ 137.028313902, 35.507374664 ], [ 137.028375902, 35.507374664 ], [ 137.028438901, 35.507374664 ] ] ] } },
{ "type": "Feature", "properties": { "A31a_101": "8505090072", "A31a_102": "川浦川", "A31a_103": "21", "A31a_104": "岐阜県", "A31a_105": 1 }, "geometry": { "type": "Polygon", "coordinates": [ [ [ 136.998750826, 35.493791655 ], [ 136.998750826, 35.493749655 ], [ 136.998750826, 35.493707655 ], [ 136.998750826, 35.493666655 ], [ 136.998750826, 35.493624655 ], [ 136.998750826, 35.493582655 ], [ 136.998688826, 35.493582655 ], [ 136.998688825, 35.493541655 ], [ 136.998625825, 35.493541655 ], [ 136.998563825, 35.493541655 ], [ 136.998500825, 35.493541655 ], [ 136.998500825, 35.493582655 ], [ 136.998563825, 35.493582655 ], [ 136.998563825, 35.493624655 ], [ 136.998563826, 35.493666655 ], [ 136.998500825, 35.493666655 ], [ 136.998500826, 35.493707655 ], [ 136.998500826, 35.493749655 ], [ 136.998563826, 35.493749655 ], [ 136.998563826, 35.493791655 ], [ 136.998625826, 35.493791655 ], [ 136.998625826, 35.493749655 ], [ 136.998688826, 35.493749655 ], [ 136.998688826, 35.493791655 ], [ 136.998750826, 35.493791655 ] ] ] } },
{ "type": "Feature", "properties": { "A31a_101": "8505090072", "A31a_102": "川浦川", "A31a_103": "21", "A31a_104": "岐阜県", "A31a_105": 1 }, "geometry": { "type": "Polygon", "coordinates": [ [ [ 137.038125925, 35.512916665 ], [ 137.038125925, 35.512874665 ], [ 137.038125924, 35.512832665 ], [ 137.038125924, 35.512791665 ], [ 137.038125924, 35.512749666 ], [ 137.038125924, 35.512707666 ], [ 137.038063924, 35.512707666 ], [ 137.038000924, 35.512707665 ], [ 137.037938924, 35.512707665 ], [ 137.037875924, 35.512707665 ], [ 137.037875924, 35.512749665 ], [ 137.037875925, 35.512791665 ], [ 137.037813925, 35.512791665 ], [ 137.037750925, 35.512791665 ], [ 137.037750925, 35.512832665 ], [ 137.037813925, 35.512832665 ], [ 137.037813925, 35.512874665 ], [ 137.037875925, 35.512874665 ], [ 137.037875925, 35.512832665 ], [ 137.037938925, 35.512832665 ], [ 137.037938924, 35.512791665 ], [ 137.037938924, 35.512749665 ], [ 137.038000924, 35.512749665 ], [ 137.038000924, 35.512791665 ], [ 137.038000925, 35.512832665 ], [ 137.038000925, 35.512874665 ], [ 137.037938925, 35.512874665 ], [ 137.037938925, 35.512916665 ], [ 137.038000925, 35.512916665 ], [ 137.038063925, 35.512916665 ], [ 137.038125925, 35.512916665 ] ] ] } },
{ "type": "Feature", "properties": { "A31a_101": "8505090072", "A31a_102": "川浦川", "A31a_103": "21", "A31a_104": "岐阜県", "A31a_105": 1 }, "geometry": { "type": "Polygon", "coordinates": [ [ [ 137.044688923, 35.514582668 ], [ 137.044688922, 35.514541668 ], [ 137.044688922, 35.514499668 ], [ 137.044688922, 35.514457669 ], [ 137.044688922, 35.514416669 ], [ 137.044688921, 35.514374669 ], [ 137.044625922, 35.514374669 ], [ 137.044563922, 35.514374669 ], [ 137.044500922, 35.514374668 ], [ 137.044500922, 35.514416668 ], [ 137.044438922, 35.514416668 ], [ 137.044375922, 35.514416668 ], [ 137.044375922, 35.514457668 ], [ 137.044438922, 35.514457668 ], [ 137.044438923, 35.514499668 ], [ 137.044500922, 35.514499668 ], [ 137.044500923, 35.514541668 ], [ 137.044500923, 35.514582668 ], [ 137.044563923, 35.514582668 ], [ 137.044625923, 35.514582668 ], [ 137.044688923, 35.514582668 ] ] ] } },
{ "type": "Feature", "properties": { "A31a_101": "8505090072", "A31a_102": "川浦川", "A31a_103": "21", "A31a_104": "岐阜県", "A31a_105": 1 }, "geometry": { "type": "Polygon", "coordinates": [ [ [ 137.04306392, 35.513666668 ], [ 137.04306392, 35.513624668 ], [ 137.04306392, 35.513582668 ], [ 137.04306392, 35.513541668 ], [ 137.04300092, 35.513541668 ], [ 137.04293892, 35.513541668 ], [ 137.04287592, 35.513541668 ], [ 137.04281392, 35.513541668 ], [ 137.04281392, 35.513582668 ], [ 137.042813921, 35.513624668 ], [ 137.042813921, 35.513666668 ], [ 137.042813921, 35.513707668 ], [ 137.042813921, 35.513749668 ], [ 137.042875921, 35.513749668 ], [ 137.042875921, 35.513791668 ], [ 137.042938921, 35.513791668 ], [ 137.042938921, 35.513749668 ], [ 137.042938921, 35.513707668 ], [ 137.043000921, 35.513707668 ], [ 137.04300092, 35.513666668 ], [ 137.04306392, 35.513666668 ] ] ] } },
{ "type": "Feature", "properties": { "A31a_101": "8505090072", "A31a_102": "川浦川", "A31a_103": "21", "A31a_104": "岐阜県", "A31a_105": 1 }, "geometry": { "type": "Polygon", "coordinates": [ [ [ 137.046813944, 35.518874665 ], [ 137.046813944, 35.518832665 ], [ 137.046813943, 35.518791665 ], [ 137.046813943, 35.518749665 ], [ 137.046813943, 35.518707665 ], [ 137.046813943, 35.518666665 ], [ 137.046750943, 35.518666665 ], [ 137.046750943, 35.518707665 ], [ 137.046688943, 35.518707665 ], [ 137.046625943, 35.518707665 ], [ 137.046563943, 35.518707665 ], [ 137.046563944, 35.518749665 ], [ 137.046563944, 35.518791665 ], [ 137.046625944, 35.518791665 ], [ 137.046625944, 35.518832665 ], [ 137.046563944, 35.518832665 ], [ 137.046563944, 35.518874665 ], [ 137.046563945, 35.518916665 ], [ 137.046625945, 35.518916665 ], [ 137.046625944, 35.518874665 ], [ 137.046688944, 35.518874665 ], [ 137.046750944, 35.518874665 ], [ 137.046813944, 35.518874665 ] ] ] } },
{ "type": "Feature", "properties": { "A31a_101": "8505090072", "A31a_102": "川浦川", "A31a_103": "21", "A31a_104": "岐阜県", "A31a_105": 1 }, "geometry": { "type": "Polygon", "coordinates": [ [ [ 136.997438823, 35.493416655 ], [ 136.997438823, 35.493374655 ], [ 136.997438822, 35.493332655 ], [ 136.997375822, 35.493332655 ], [ 136.997313822, 35.493332655 ], [ 136.997250822, 35.493332655 ], [ 136.997188822, 35.493332655 ], [ 136.997188822, 35.493374655 ], [ 136.997188822, 35.493416655 ], [ 136.997188822, 35.493457655 ], [ 136.997188822, 35.493499655 ], [ 136.997188823, 35.493541655 ], [ 136.997250823, 35.493541655 ], [ 136.997313823, 35.493541655 ], [ 136.997313823, 35.493582655 ], [ 136.997375823, 35.493582655 ], [ 136.997375823, 35.493541655 ], [ 136.997375823, 35.493499655 ], [ 136.997313823, 35.493499655 ], [ 136.997313823, 35.493457655 ], [ 136.997375823, 35.493457655 ], [ 136.997375823, 35.493416655 ], [ 136.997438823, 35.493416655 ] ] ] } },
{ "type": "Feature", "properties": { "A31a_101": "8505090072", "A31a_102": "川浦川", "A31a_103": "21", "A31a_104": "岐阜県", "A31a_105": 1 }, "geometry": { "type": "Polygon", "coordinates": [ [ [ 137.019313892, 35.50579166 ], [ 137.019313892, 35.50574966 ], [ 137.019250892, 35.50574966 ], [ 137.019188892, 35.50574966 ], [ 137.019125892, 35.50574966 ], [ 137.019063892, 35.50574966 ], [ 137.019063892, 35.50570766 ], [ 137.019000892, 35.50570766 ], [ 137.019000891, 35.50566666 ], [ 137.018938891, 35.50566666 ], [ 137.018938892, 35.50570766 ], [ 137.019000892, 35.50570766 ], [ 137.019000892, 35.50574966 ], [ 137.019063892, 35.50574966 ], [ 137.019063892, 35.50579166 ], [ 137.019063892, 35.50583266 ], [ 137.019063892, 35.50587466 ], [ 137.019063893, 35.50591666 ], [ 137.019063893, 35.50595766 ], [ 137.019063893, 35.50599966 ], [ 137.019063893, 35.50604166 ], [ 137.019125893, 35.50604166 ], [ 137.019125893, 35.50599966 ], [ 137.019188893, 35.50599966 ], [ 137.019188893, 35.50595766 ], [ 137.019188893, 35.50591666 ], [ 137.019188892, 35.50587466 ], [ 137.019188892, 35.50583266 ], [ 137.019188892, 35.50579166 ], [ 137.019250892, 35.50579166 ], [ 137.019313892, 35.50579166 ] ] ] } },
{ "type": "Feature", "properties": { "A31a_101": "8505090072", "A31a_102": "川浦川", "A31a_103": "21", "A31a_104": "岐阜県", "A31a_105": 1 }, "geometry": { "type": "Polygon", "coordinates": [ [ [ 137.046000927, 35.515707668 ], [ 137.046000926, 35.515666668 ], [ 137.045938927, 35.515666668 ], [ 137.045938926, 35.515624668 ], [ 137.045875926, 35.515624668 ], [ 137.045813927, 35.515624668 ], [ 137.045750927, 35.515624668 ], [ 137.045688927, 35.515624668 ], [ 137.045625927, 35.515624668 ], [ 137.045625927, 35.515666668 ], [ 137.045625927, 35.515707668 ], [ 137.045625928, 35.515749668 ], [ 137.045625928, 35.515791668 ], [ 137.045688928, 35.515791668 ], [ 137.045750928, 35.515791668 ], [ 137.045750927, 35.515749668 ], [ 137.045813927, 35.515749668 ], [ 137.045875927, 35.515749668 ], [ 137.045875927, 35.515707668 ], [ 137.045938927, 35.515707668 ], [ 137.046000927, 35.515707668 ] ] ] } },
{ "type": "Feature", "properties": { "A31a_101": "8505090072", "A31a_102": "川浦川", "A31a_103": "21", "A31a_104": "岐阜県", "A31a_105": 1 }, "geometry": { "type": "Polygon", "coordinates": [ [ [ 136.99962583, 35.494374655 ], [ 136.99962583, 35.494332655 ], [ 136.999563829, 35.494332655 ], [ 136.999563829, 35.494291655 ], [ 136.999500829, 35.494291655 ], [ 136.999500829, 35.494249655 ], [ 136.999438829, 35.494249655 ], [ 136.999438829, 35.494207655 ], [ 136.999500829, 35.494207655 ], [ 136.999563829, 35.494207655 ], [ 136.999563829, 35.494166655 ], [ 136.999500829, 35.494166655 ], [ 136.999500829, 35.494124655 ], [ 136.999500829, 35.494082655 ], [ 136.999500828, 35.494041655 ], [ 136.999500828, 35.493999655 ], [ 136.999438828, 35.493999655 ], [ 136.999438828, 35.494041655 ], [ 136.999375828, 35.494041655 ], [ 136.999375828, 35.494082655 ], [ 136.999375828, 35.494124655 ], [ 136.999313828, 35.494124655 ], [ 136.999313828, 35.494166655 ], [ 136.999375829, 35.494166655 ], [ 136.999375829, 35.494207655 ], [ 136.999375829, 35.494249655 ], [ 136.999438829, 35.494249655 ], [ 136.999438829, 35.494291655 ], [ 136.999438829, 35.494332655 ], [ 136.999500829, 35.494332655 ], [ 136.999500829, 35.494374655 ], [ 136.99956383, 35.494374655 ], [ 136.99962583, 35.494374655 ] ] ] } },
{ "type": "Feature", "properties": { "A31a_101": "8505090072", "A31a_102": "川浦川", "A31a_103": "21", "A31a_104": "岐阜県", "A31a_105": 1 }, "geometry": { "type": "Polygon", "coordinates": [ [ [ 137.019625893, 35.50591666 ], [ 137.019625893, 35.50587466 ], [ 137.019625893, 35.50583266 ], [ 137.019563893, 35.50583266 ], [ 137.019563893, 35.50587466 ], [ 137.019500893, 35.50587466 ], [ 137.019500893, 35.50583266 ], [ 137.019438892, 35.50583266 ], [ 137.019375892, 35.50583266 ], [ 137.019375893, 35.50587466 ], [ 137.019375893, 35.50591666 ], [ 137.019375893, 35.50595766 ], [ 137.019375893, 35.50599966 ], [ 137.019375893, 35.50604166 ], [ 137.019438893, 35.50604166 ], [ 137.019500893, 35.50604166 ], [ 137.019563893, 35.50604166 ], [ 137.019563893, 35.50599966 ], [ 137.019563893, 35.50595766 ], [ 137.019563893, 35.50591666 ], [ 137.019625893, 35.50591666 ] ] ] } },
{ "type": "Feature", "properties": { "A31a_101": "8505090072", "A31a_102": "川浦川", "A31a_103": "21", "A31a_104": "岐阜県", "A31a_105": 1 }, "geometry": { "type": "Polygon", "coordinates": [ [ [ 136.997750826, 35.494374655 ], [ 136.997750826, 35.494332655 ], [ 136.997750826, 35.494291655 ], [ 136.997750826, 35.494249655 ], [ 136.997688826, 35.494249655 ], [ 136.997625825, 35.494249655 ], [ 136.997625825, 35.494207655 ], [ 136.997625825, 35.494166655 ], [ 136.997563825, 35.494166655 ], [ 136.997500825, 35.494166655 ], [ 136.997500825, 35.494207655 ], [ 136.997500825, 35.494249655 ], [ 136.997500825, 35.494291655 ], [ 136.997500825, 35.494332655 ], [ 136.997500826, 35.494374655 ], [ 136.997563826, 35.494374655 ], [ 136.997625826, 35.494374655 ], [ 136.997688826, 35.494374655 ], [ 136.997750826, 35.494374655 ] ] ] } },
{ "type": "Feature", "properties": { "A31a_101": "8505090072", "A31a_102": "川浦川", "A31a_103": "21", "A31a_104": "岐阜県", "A31a_105": 1 }, "geometry": { "type": "Polygon", "coordinates": [ [ [ 137.054688933, 35.520749669 ], [ 137.054688933, 35.520707669 ], [ 137.054625933, 35.520707669 ], [ 137.054625933, 35.520666669 ], [ 137.054563933, 35.520666669 ], [ 137.054500934, 35.520666669 ], [ 137.054500933, 35.520624669 ], [ 137.054438933, 35.520624669 ], [ 137.054375934, 35.520624669 ], [ 137.054375934, 35.520666669 ], [ 137.054375934, 35.520707669 ], [ 137.054375934, 35.520749669 ], [ 137.054375935, 35.520791669 ], [ 137.054375935, 35.520832669 ], [ 137.054438935, 35.520832669 ], [ 137.054500934, 35.520832669 ], [ 137.054563934, 35.520832669 ], [ 137.054563934, 35.520791669 ], [ 137.054563934, 35.520749669 ], [ 137.054500934, 35.520749669 ], [ 137.054500934, 35.520707669 ], [ 137.054563934, 35.520707669 ], [ 137.054625933, 35.520707669 ], [ 137.054625934, 35.520749669 ], [ 137.054688933, 35.520749669 ] ] ] } },
{ "type": "Feature", "properties": { "A31a_101": "8505090072", "A31a_102": "川浦川", "A31a_103": "21", "A31a_104": "岐阜県", "A31a_105": 1 }, "geometry": { "type": "Polygon", "coordinates": [ [ [ 137.046813945, 35.519041665 ], [ 137.046813945, 35.518999665 ], [ 137.046750945, 35.518999665 ], [ 137.046750945, 35.518957665 ], [ 137.046688945, 35.518957665 ], [ 137.046625945, 35.518957665 ], [ 137.046563945, 35.518957665 ], [ 137.046563945, 35.518999665 ], [ 137.046563945, 35.519041665 ], [ 137.046563946, 35.519082665 ], [ 137.046563946, 35.519124665 ], [ 137.046563946, 35.519166665 ], [ 137.046625946, 35.519166665 ], [ 137.046625946, 35.519124665 ], [ 137.046688946, 35.519124665 ], [ 137.046750946, 35.519124665 ], [ 137.046750945, 35.519082665 ], [ 137.046750945, 35.519041665 ], [ 137.046813945, 35.519041665 ] ] ] } },
{ "type": "Feature", "properties": { "A31a_101": "8505090072", "A31a_102": "川浦川", "A31a_103": "21", "A31a_104": "岐阜県", "A31a_105": 1 }, "geometry": { "type": "Polygon", "coordinates": [ [ [ 137.052813947, 35.521957666 ], [ 137.052813947, 35.521916666 ], [ 137.052813946, 35.521874666 ], [ 137.052750947, 35.521874666 ], [ 137.052750947, 35.521916666 ], [ 137.052688947, 35.521916666 ], [ 137.052625947, 35.521916666 ], [ 137.052625948, 35.521957666 ], [ 137.052563948, 35.521957666 ], [ 137.052563948, 35.521999666 ], [ 137.052563948, 35.522041666 ], [ 137.052500949, 35.522041666 ], [ 137.052500949, 35.522082666 ], [ 137.052563949, 35.522082666 ], [ 137.052625948, 35.522082666 ], [ 137.052688948, 35.522082666 ], [ 137.052750948, 35.522082666 ], [ 137.052750948, 35.522041666 ], [ 137.052750947, 35.521999666 ], [ 137.052750947, 35.521957666 ], [ 137.052813947, 35.521957666 ] ] ] } },
{ "type": "Feature", "properties": { "A31a_101": "8505090072", "A31a_102": "川浦川", "A31a_103": "21", "A31a_104": "岐阜県", "A31a_105": 1 }, "geometry": { "type": "Polygon", "coordinates": [ [ [ 137.003563828, 35.492832657 ], [ 137.003563828, 35.492791657 ], [ 137.003500828, 35.492791657 ], [ 137.003438828, 35.492791657 ], [ 137.003438828, 35.492749657 ], [ 137.003375828, 35.492749657 ], [ 137.003313828, 35.492749657 ], [ 137.003313828, 35.492707657 ], [ 137.003250828, 35.492707657 ], [ 137.003188828, 35.492707657 ], [ 137.003188828, 35.492749657 ], [ 137.003188828, 35.492791657 ], [ 137.003125828, 35.492791657 ], [ 137.003125828, 35.492832657 ], [ 137.003188828, 35.492832657 ], [ 137.003250828, 35.492832657 ], [ 137.003313828, 35.492832657 ], [ 137.003375828, 35.492832657 ], [ 137.003438828, 35.492832657 ], [ 137.003500828, 35.492832657 ], [ 137.003563828, 35.492832657 ] ] ] } },
{ "type": "Feature", "properties": { "A31a_101": "8505090072", "A31a_102": "川浦川", "A31a_103": "21", "A31a_104": "岐阜県", "A31a_105": 1 }, "geometry": { "type": "Polygon", "coordinates": [ [ [ 137.034375919, 35.511416665 ], [ 137.034375919, 35.511374665 ], [ 137.034375919, 35.511332665 ], [ 137.034313919, 35.511332665 ], [ 137.034313918, 35.511291665 ], [ 137.034250918, 35.511291665 ], [ 137.034188918, 35.511291665 ], [ 137.034125918, 35.511291665 ], [ 137.034063919, 35.511291664 ], [ 137.034063918, 35.511249665 ], [ 137.034000918, 35.511249664 ], [ 137.033938918, 35.511249664 ], [ 137.033875918, 35.511249664 ], [ 137.033875919, 35.511291664 ], [ 137.033938919, 35.511291664 ], [ 137.034000919, 35.511291664 ], [ 137.034000919, 35.511332664 ], [ 137.034063919, 35.511332664 ], [ 137.034125919, 35.511332664 ], [ 137.034188919, 35.511332665 ], [ 137.034188919, 35.511374664 ], [ 137.034250919, 35.511374664 ], [ 137.034313919, 35.511374665 ], [ 137.034313919, 35.511416664 ], [ 137.034375919, 35.511416665 ] ] ] } },
{ "type": "Feature", "properties": { "A31a_101": "8505090072", "A31a_102": "川浦川", "A31a_103": "21", "A31a_104": "岐阜県", "A31a_105": 1 }, "geometry": { "type": "Polygon", "coordinates": [ [ [ 137.008625841, 35.495207659 ], [ 137.008625841, 35.495166659 ], [ 137.008625841, 35.495124659 ], [ 137.008625841, 35.495082659 ], [ 137.008563841, 35.495082659 ], [ 137.00856384, 35.495041659 ], [ 137.00856384, 35.494999659 ], [ 137.00850084, 35.494999659 ], [ 137.00850084, 35.495041659 ], [ 137.00843884, 35.495041659 ], [ 137.00843884, 35.495082659 ], [ 137.008438841, 35.495124659 ], [ 137.008438841, 35.495166659 ], [ 137.008500841, 35.495166659 ], [ 137.008500841, 35.495207659 ], [ 137.008563841, 35.495207659 ], [ 137.008625841, 35.495207659 ] ] ] } },
{ "type": "Feature", "properties": { "A31a_101": "8505090072", "A31a_102": "川浦川", "A31a_103": "21", "A31a_104": "岐阜県", "A31a_105": 1 }, "geometry": { "type": "Polygon", "coordinates": [ [ [ 137.054000938, 35.521166668 ], [ 137.054000938, 35.521124668 ], [ 137.054000938, 35.521082668 ], [ 137.054000937, 35.521041668 ], [ 137.054000937, 35.520999668 ], [ 137.053938937, 35.520999668 ], [ 137.053938938, 35.521041668 ], [ 137.053875938, 35.521041668 ], [ 137.053813938, 35.521041668 ], [ 137.053813938, 35.521082668 ], [ 137.053750939, 35.521082668 ], [ 137.053750939, 35.521124668 ], [ 137.053750939, 35.521166668 ], [ 137.053813939, 35.521166668 ], [ 137.053813939, 35.521124668 ], [ 137.053875938, 35.521124668 ], [ 137.053938938, 35.521124668 ], [ 137.053938938, 35.521166668 ], [ 137.054000938, 35.521166668 ] ] ] } },
{ "type": "Feature", "properties": { "A31a_101": "8505090072", "A31a_102": "川浦川", "A31a_103": "21", "A31a_104": "岐阜県", "A31a_105": 1 }, "geometry": { "type": "Polygon", "coordinates": [ [ [ 137.055000931, 35.520541669 ], [ 137.055000931, 35.52049967 ], [ 137.055000931, 35.52045767 ], [ 137.05500093, 35.52041667 ], [ 137.054938931, 35.52041667 ], [ 137.054875931, 35.52041667 ], [ 137.054813931, 35.520416669 ], [ 137.054813931, 35.520457669 ], [ 137.054750931, 35.520457669 ], [ 137.054750932, 35.520499669 ], [ 137.054813931, 35.520499669 ], [ 137.054875931, 35.520499669 ], [ 137.054875931, 35.520541669 ], [ 137.054938931, 35.520541669 ], [ 137.055000931, 35.520541669 ] ], [ [ 137.054938931, 35.520499669 ], [ 137.054875931, 35.520499669 ], [ 137.054875931, 35.520457669 ], [ 137.054938931, 35.52045767 ], [ 137.054938931, 35.520499669 ] ] ] } },
{ "type": "Feature", "properties": { "A31a_101": "8505090072", "A31a_102": "川浦川", "A31a_103": "21", "A31a_104": "岐阜県", "A31a_105": 1 }, "geometry": { "type": "Polygon", "coordinates": [ [ [ 137.016563891, 35.506041658 ], [ 137.016563891, 35.505999658 ], [ 137.016500891, 35.505999658 ], [ 137.016500891, 35.505957658 ], [ 137.016563891, 35.505957658 ], [ 137.016563891, 35.505916658 ], [ 137.016500891, 35.505916658 ], [ 137.016438891, 35.505916658 ], [ 137.016438891, 35.505957658 ], [ 137.016375891, 35.505957658 ], [ 137.016313891, 35.505957658 ], [ 137.016313891, 35.505999658 ], [ 137.016375891, 35.505999658 ], [ 137.016375891, 35.506041658 ], [ 137.016438891, 35.506041658 ], [ 137.016500891, 35.506041658 ], [ 137.016563891, 35.506041658 ] ] ] } },
{ "type": "Feature", "properties": { "A31a_101": "8505090072", "A31a_102": "川浦川", "A31a_103": "21", "A31a_104": "岐阜県", "A31a_105": 1 }, "geometry": { "type": "Polygon", "coordinates": [ [ [ 137.054938935, 35.521124669 ], [ 137.054938934, 35.521082669 ], [ 137.054938934, 35.521041669 ], [ 137.054875934, 35.521041669 ], [ 137.054875935, 35.521082669 ], [ 137.054813935, 35.521082669 ], [ 137.054750935, 35.521082669 ], [ 137.054750935, 35.521124669 ], [ 137.054688936, 35.521124669 ], [ 137.054688936, 35.521166669 ], [ 137.054688936, 35.521207669 ], [ 137.054750936, 35.521207669 ], [ 137.054750936, 35.521166669 ], [ 137.054813935, 35.521166669 ], [ 137.054875935, 35.521166669 ], [ 137.054875935, 35.521124669 ], [ 137.054938935, 35.521124669 ] ] ] } },
{ "type": "Feature", "properties": { "A31a_101": "8505090072", "A31a_102": "川浦川", "A31a_103": "21", "A31a_104": "岐阜県", "A31a_105": 1 }, "geometry": { "type": "Polygon", "coordinates": [ [ [ 137.003750829, 35.492874657 ], [ 137.003750829, 35.492832657 ], [ 137.003750828, 35.492791657 ], [ 137.003750828, 35.492749657 ], [ 137.003750828, 35.492707657 ], [ 137.003688828, 35.492707657 ], [ 137.003688828, 35.492749657 ], [ 137.003625828, 35.492749657 ], [ 137.003563828, 35.492749657 ], [ 137.003563828, 35.492791657 ], [ 137.003625828, 35.492791657 ], [ 137.003625828, 35.492832657 ], [ 137.003625829, 35.492874657 ], [ 137.003688829, 35.492874657 ], [ 137.003750829, 35.492874657 ] ] ] } },
{ "type": "Feature", "properties": { "A31a_101": "8505090072", "A31a_102": "川浦川", "A31a_103": "21", "A31a_104": "岐阜県", "A31a_105": 1 }, "geometry": { "type": "Polygon", "coordinates": [ [ [ 136.992125809, 35.491916654 ], [ 136.992125809, 35.491874654 ], [ 136.992125809, 35.491832654 ], [ 136.992125809, 35.491791654 ], [ 136.992125808, 35.491749654 ], [ 136.992063808, 35.491749654 ], [ 136.992000808, 35.491749654 ], [ 136.992000808, 35.491707654 ], [ 136.991938808, 35.491707654 ], [ 136.991938808, 35.491749654 ], [ 136.992000808, 35.491749654 ], [ 136.992000808, 35.491791654 ], [ 136.992000808, 35.491832654 ], [ 136.992000809, 35.491874654 ], [ 136.992063809, 35.491874654 ], [ 136.992063809, 35.491916654 ], [ 136.992125809, 35.491916654 ] ] ] } },
{ "type": "Feature", "properties": { "A31a_101": "8505090072", "A31a_102": "川浦川", "A31a_103": "21", "A31a_104": "岐阜県", "A31a_105": 1 }, "geometry": { "type": "Polygon", "coordinates": [ [ [ 137.051500953, 35.522207665 ], [ 137.051500953, 35.522166665 ], [ 137.051438953, 35.522166665 ], [ 137.051375953, 35.522166665 ], [ 137.051313953, 35.522166665 ], [ 137.051250954, 35.522166665 ], [ 137.051250953, 35.522124665 ], [ 137.051188954, 35.522124665 ], [ 137.051188953, 35.522082665 ], [ 137.051125954, 35.522082665 ], [ 137.051125954, 35.522124665 ], [ 137.051125954, 35.522166665 ], [ 137.051188954, 35.522166665 ], [ 137.051188954, 35.522207665 ], [ 137.051250954, 35.522207665 ], [ 137.051313954, 35.522207665 ], [ 137.051375953, 35.522207665 ], [ 137.051438953, 35.522207665 ], [ 137.051500953, 35.522207665 ] ] ] } },
{ "type": "Feature", "properties": { "A31a_101": "8505090072", "A31a_102": "川浦川", "A31a_103": "21", "A31a_104": "岐阜県", "A31a_105": 1 }, "geometry": { "type": "Polygon", "coordinates": [ [ [ 136.965188733, 35.485166651 ], [ 136.965188733, 35.485124651 ], [ 136.965125733, 35.485124651 ], [ 136.965125733, 35.485082651 ], [ 136.965125733, 35.485041651 ], [ 136.965063733, 35.485041651 ], [ 136.965063733, 35.484999651 ], [ 136.965063733, 35.484957651 ], [ 136.965063733, 35.484916651 ], [ 136.965063733, 35.484874651 ], [ 136.965000732, 35.484874651 ], [ 136.965000733, 35.484916651 ], [ 136.965000733, 35.484957651 ], [ 136.965000733, 35.484999651 ], [ 136.965000733, 35.485041651 ], [ 136.965063733, 35.485041651 ], [ 136.965063733, 35.485082651 ], [ 136.965063733, 35.485124651 ], [ 136.965125733, 35.485124651 ], [ 136.965125733, 35.485166651 ], [ 136.965188733, 35.485166651 ] ] ] } },
{ "type": "Feature", "properties": { "A31a_101": "8505090072", "A31a_102": "川浦川", "A31a_103": "21", "A31a_104": "岐阜県", "A31a_105": 1 }, "geometry": { "type": "Polygon", "coordinates": [ [ [ 136.99275081, 35.492041654 ], [ 136.99275081, 35.491999654 ], [ 136.99275081, 35.491957654 ], [ 136.99275081, 35.491916654 ], [ 136.99268881, 35.491916654 ], [ 136.99268881, 35.491874654 ], [ 136.99262581, 35.491874654 ], [ 136.99256381, 35.491874654 ], [ 136.992500809, 35.491874654 ], [ 136.99250081, 35.491916654 ], [ 136.99256381, 35.491916654 ], [ 136.99262581, 35.491916654 ], [ 136.99262581, 35.491957654 ], [ 136.99268881, 35.491957654 ], [ 136.99268881, 35.491999654 ], [ 136.99268881, 35.492041654 ], [ 136.99275081, 35.492041654 ] ] ] } },
{ "type": "Feature", "properties": { "A31a_101": "8505090072", "A31a_102": "川浦川", "A31a_103": "21", "A31a_104": "岐阜県", "A31a_105": 1 }, "geometry": { "type": "Polygon", "coordinates": [ [ [ 137.00212583, 35.493582656 ], [ 137.00212583, 35.493541656 ], [ 137.00206383, 35.493541656 ], [ 137.002000829, 35.493541656 ], [ 137.001938829, 35.493541656 ], [ 137.001938829, 35.493499656 ], [ 137.001875829, 35.493499656 ], [ 137.001875829, 35.493541656 ], [ 137.001938829, 35.493541656 ], [ 137.00193883, 35.493582656 ], [ 137.00193883, 35.493624656 ], [ 137.00193883, 35.493666656 ], [ 137.00200083, 35.493666656 ], [ 137.00200083, 35.493624656 ], [ 137.00206383, 35.493624656 ], [ 137.00206383, 35.493582656 ], [ 137.00212583, 35.493582656 ] ] ] } },
{ "type": "Feature", "properties": { "A31a_101": "8505090072", "A31a_102": "川浦川", "A31a_103": "21", "A31a_104": "岐阜県", "A31a_105": 1 }, "geometry": { "type": "Polygon", "coordinates": [ [ [ 137.062188936, 35.525749668 ], [ 137.062188935, 35.525707668 ], [ 137.062125936, 35.525707668 ], [ 137.062063936, 35.525707668 ], [ 137.062063936, 35.525666668 ], [ 137.062063935, 35.525624668 ], [ 137.062000936, 35.525624668 ], [ 137.062000936, 35.525666668 ], [ 137.062000936, 35.525707668 ], [ 137.062000936, 35.525749668 ], [ 137.062000937, 35.525791668 ], [ 137.062063936, 35.525791668 ], [ 137.062063936, 35.525749668 ], [ 137.062125936, 35.525749668 ], [ 137.062188936, 35.525749668 ] ] ] } },
{ "type": "Feature", "properties": { "A31a_101": "8505090072", "A31a_102": "川浦川", "A31a_103": "21", "A31a_104": "岐阜県", "A31a_105": 1 }, "geometry": { "type": "Polygon", "coordinates": [ [ [ 136.968125741, 35.484791649 ], [ 136.968125741, 35.484749649 ], [ 136.968063741, 35.484749649 ], [ 136.968000741, 35.484749649 ], [ 136.968000741, 35.484707649 ], [ 136.967938741, 35.484707649 ], [ 136.96787574, 35.484707649 ], [ 136.96787574, 35.484749649 ], [ 136.96787574, 35.484791649 ], [ 136.967938741, 35.484791649 ], [ 136.968000741, 35.484791649 ], [ 136.968063741, 35.484791649 ], [ 136.968125741, 35.484791649 ] ] ] } },
{ "type": "Feature", "properties": { "A31a_101": "8505090072", "A31a_102": "川浦川", "A31a_103": "21", "A31a_104": "岐阜県", "A31a_105": 1 }, "geometry": { "type": "Polygon", "coordinates": [ [ [ 136.998688828, 35.494499655 ], [ 136.998688828, 35.494457655 ], [ 136.998625828, 35.494457655 ], [ 136.998563828, 35.494457655 ], [ 136.998563828, 35.494499655 ], [ 136.998500828, 35.494499655 ], [ 136.998500828, 35.494541655 ], [ 136.998438828, 35.494541655 ], [ 136.998438828, 35.494582655 ], [ 136.998500828, 35.494582655 ], [ 136.998563828, 35.494582655 ], [ 136.998563828, 35.494541655 ], [ 136.998625828, 35.494541655 ], [ 136.998625828, 35.494499655 ], [ 136.998688828, 35.494499655 ] ] ] } },
{ "type": "Feature", "properties": { "A31a_101": "8505090072", "A31a_102": "川浦川", "A31a_103": "21", "A31a_104": "岐阜県", "A31a_105": 1 }, "geometry": { "type": "Polygon", "coordinates": [ [ [ 136.998375828, 35.494582655 ], [ 136.998375828, 35.494541655 ], [ 136.998313828, 35.494541655 ], [ 136.998313827, 35.494499655 ], [ 136.998250827, 35.494499655 ], [ 136.998250827, 35.494457655 ], [ 136.998250827, 35.494416655 ], [ 136.998188827, 35.494416655 ], [ 136.998188827, 35.494374655 ], [ 136.998125827, 35.494374655 ], [ 136.998125827, 35.494416655 ], [ 136.998188827, 35.494416655 ], [ 136.998188827, 35.494457655 ], [ 136.998188827, 35.494499655 ], [ 136.998250827, 35.494499655 ], [ 136.998250827, 35.494541655 ], [ 136.998250828, 35.494582655 ], [ 136.998313828, 35.494582655 ], [ 136.998375828, 35.494582655 ] ] ] } },
{ "type": "Feature", "properties": { "A31a_101": "8505090072", "A31a_102": "川浦川", "A31a_103": "21", "A31a_104": "岐阜県", "A31a_105": 1 }, "geometry": { "type": "Polygon", "coordinates": [ [ [ 136.99525082, 35.493999655 ], [ 136.99525082, 35.493957655 ], [ 136.99518882, 35.493957655 ], [ 136.99512582, 35.493957655 ], [ 136.99512582, 35.493999655 ], [ 136.99512582, 35.494041655 ], [ 136.99512582, 35.494082655 ], [ 136.99512582, 35.494124655 ], [ 136.99518882, 35.494124655 ], [ 136.99518882, 35.494082655 ], [ 136.99518882, 35.494041655 ], [ 136.99518882, 35.493999655 ], [ 136.99525082, 35.493999655 ] ] ] } },
{ "type": "Feature", "properties": { "A31a_101": "8505090072", "A31a_102": "川浦川", "A31a_103": "21", "A31a_104": "岐阜県", "A31a_105": 1 }, "geometry": { "type": "Polygon", "coordinates": [ [ [ 136.998000827, 35.494374655 ], [ 136.998000826, 35.494332655 ], [ 136.998000826, 35.494291655 ], [ 136.998000826, 35.494249655 ], [ 136.998000826, 35.494207655 ], [ 136.997938826, 35.494207655 ], [ 136.997938826, 35.494249655 ], [ 136.997875826, 35.494249655 ], [ 136.997875826, 35.494291655 ], [ 136.997938826, 35.494291655 ], [ 136.997938826, 35.494332655 ], [ 136.997938826, 35.494374655 ], [ 136.998000827, 35.494374655 ] ] ] } },
{ "type": "Feature", "properties": { "A31a_101": "8505090072", "A31a_102": "川浦川", "A31a_103": "21", "A31a_104": "岐阜県", "A31a_105": 1 }, "geometry": { "type": "Polygon", "coordinates": [ [ [ 137.002563828, 35.493082657 ], [ 137.002563828, 35.493041657 ], [ 137.002500828, 35.493041657 ], [ 137.002438828, 35.493041657 ], [ 137.002375828, 35.493041657 ], [ 137.002313828, 35.493041656 ], [ 137.002250828, 35.493041656 ], [ 137.002250828, 35.493082656 ], [ 137.002313828, 35.493082656 ], [ 137.002375828, 35.493082657 ], [ 137.002438828, 35.493082657 ], [ 137.002500828, 35.493082657 ], [ 137.002563828, 35.493082657 ] ] ] } },
{ "type": "Feature", "properties": { "A31a_101": "8505090072", "A31a_102": "川浦川", "A31a_103": "21", "A31a_104": "岐阜県", "A31a_105": 1 }, "geometry": { "type": "Polygon", "coordinates": [ [ [ 136.965813734, 35.48420765 ], [ 136.965813734, 35.48416665 ], [ 136.965750734, 35.48416665 ], [ 136.965688734, 35.48416665 ], [ 136.965625734, 35.48416665 ], [ 136.965563734, 35.48416665 ], [ 136.965500733, 35.48416665 ], [ 136.965500734, 35.48420765 ], [ 136.965563734, 35.48420765 ], [ 136.965625734, 35.48420765 ], [ 136.965688734, 35.48420765 ], [ 136.965750734, 35.48420765 ], [ 136.965813734, 35.48420765 ] ] ] } },
{ "type": "Feature", "properties": { "A31a_101": "8505090072", "A31a_102": "川浦川", "A31a_103": "21", "A31a_104": "岐阜県", "A31a_105": 1 }, "geometry": { "type": "Polygon", "coordinates": [ [ [ 137.016313891, 35.506041658 ], [ 137.016313891, 35.505999658 ], [ 137.016250891, 35.505999658 ], [ 137.016188891, 35.505999658 ], [ 137.016125891, 35.505999658 ], [ 137.016063891, 35.505999658 ], [ 137.016063891, 35.506041658 ], [ 137.016125891, 35.506041658 ], [ 137.016188891, 35.506041658 ], [ 137.016250891, 35.506041658 ], [ 137.016313891, 35.506041658 ] ] ] } },
{ "type": "Feature", "properties": { "A31a_101": "8505090072", "A31a_102": "川浦川", "A31a_103": "21", "A31a_104": "岐阜県", "A31a_105": 1 }, "geometry": { "type": "Polygon", "coordinates": [ [ [ 136.966500736, 35.484374649 ], [ 136.966500736, 35.484332649 ], [ 136.966438736, 35.484332649 ], [ 136.966375736, 35.48433265 ], [ 136.966313736, 35.48433265 ], [ 136.966250736, 35.48433265 ], [ 136.966250736, 35.48437465 ], [ 136.966313736, 35.48437465 ], [ 136.966375736, 35.48437465 ], [ 136.966438736, 35.48437465 ], [ 136.966500736, 35.484374649 ] ] ] } },
{ "type": "Feature", "properties": { "A31a_101": "8505090072", "A31a_102": "川浦川", "A31a_103": "21", "A31a_104": "岐阜県", "A31a_105": 1 }, "geometry": { "type": "Polygon", "coordinates": [ [ [ 136.997875826, 35.494207655 ], [ 136.997875826, 35.494166655 ], [ 136.997813826, 35.494166655 ], [ 136.997813825, 35.494124655 ], [ 136.997750825, 35.494124655 ], [ 136.997750825, 35.494082655 ], [ 136.997688825, 35.494082655 ], [ 136.997625825, 35.494082655 ], [ 136.997625825, 35.494124655 ], [ 136.997688825, 35.494124655 ], [ 136.997750825, 35.494124655 ], [ 136.997750825, 35.494166655 ], [ 136.997813826, 35.494166655 ], [ 136.997813826, 35.494207655 ], [ 136.997875826, 35.494207655 ] ] ] } },
{ "type": "Feature", "properties": { "A31a_101": "8505090072", "A31a_102": "川浦川", "A31a_103": "21", "A31a_104": "岐阜県", "A31a_105": 1 }, "geometry": { "type": "Polygon", "coordinates": [ [ [ 137.018875892, 35.50591666 ], [ 137.018875892, 35.50587466 ], [ 137.018875892, 35.50583266 ], [ 137.018875892, 35.50579166 ], [ 137.018875892, 35.50574966 ], [ 137.018813892, 35.50574966 ], [ 137.018813892, 35.50579166 ], [ 137.018813892, 35.50583266 ], [ 137.018813892, 35.50587466 ], [ 137.018813892, 35.50591666 ], [ 137.018875892, 35.50591666 ] ] ] } },
{ "type": "Feature", "properties": { "A31a_101": "8505090072", "A31a_102": "川浦川", "A31a_103": "21", "A31a_104": "岐阜県", "A31a_105": 1 }, "geometry": { "type": "Polygon", "coordinates": [ [ [ 137.036875924, 35.512499665 ], [ 137.036875924, 35.512457665 ], [ 137.036875923, 35.512416665 ], [ 137.036875923, 35.512374665 ], [ 137.036875923, 35.512332665 ], [ 137.036813923, 35.512332665 ], [ 137.036813923, 35.512374665 ], [ 137.036813923, 35.512416665 ], [ 137.036813924, 35.512457665 ], [ 137.036813924, 35.512499665 ], [ 137.036875924, 35.512499665 ] ] ] } },
{ "type": "Feature", "properties": { "A31a_101": "8505090072", "A31a_102": "川浦川", "A31a_103": "21", "A31a_104": "岐阜県", "A31a_105": 1 }, "geometry": { "type": "Polygon", "coordinates": [ [ [ 137.051563954, 35.522457665 ], [ 137.051563954, 35.522416665 ], [ 137.051563954, 35.522374665 ], [ 137.051500954, 35.522374665 ], [ 137.051500954, 35.522416665 ], [ 137.051438954, 35.522416665 ], [ 137.051375955, 35.522416665 ], [ 137.051375955, 35.522457665 ], [ 137.051438955, 35.522457665 ], [ 137.051500955, 35.522457665 ], [ 137.051563954, 35.522457665 ] ] ] } },
{ "type": "Feature", "properties": { "A31a_101": "8505090072", "A31a_102": "川浦川", "A31a_103": "21", "A31a_104": "岐阜県", "A31a_105": 1 }, "geometry": { "type": "Polygon", "coordinates": [ [ [ 137.001938827, 35.492832656 ], [ 137.001938827, 35.492791656 ], [ 137.001938827, 35.492749656 ], [ 137.001938827, 35.492707656 ], [ 137.001875827, 35.492707656 ], [ 137.001875827, 35.492749656 ], [ 137.001875827, 35.492791656 ], [ 137.001875827, 35.492832656 ], [ 137.001938827, 35.492832656 ] ] ] } },
{ "type": "Feature", "properties": { "A31a_101": "8505090072", "A31a_102": "川浦川", "A31a_103": "21", "A31a_104": "岐阜県", "A31a_105": 1 }, "geometry": { "type": "Polygon", "coordinates": [ [ [ 136.966813737, 35.48449965 ], [ 136.966813737, 35.484457649 ], [ 136.966813737, 35.484416649 ], [ 136.966813737, 35.484374649 ], [ 136.966750737, 35.484374649 ], [ 136.966750737, 35.484416649 ], [ 136.966750737, 35.484457649 ], [ 136.966750737, 35.48449965 ], [ 136.966813737, 35.48449965 ] ] ] } },
{ "type": "Feature", "properties": { "A31a_101": "8505090072", "A31a_102": "川浦川", "A31a_103": "21", "A31a_104": "岐阜県", "A31a_105": 1 }, "geometry": { "type": "Polygon", "coordinates": [ [ [ 137.055813932, 35.521207669 ], [ 137.055813932, 35.521166669 ], [ 137.055813932, 35.521124669 ], [ 137.055813931, 35.52108267 ], [ 137.055750932, 35.521082669 ], [ 137.055750932, 35.521124669 ], [ 137.055750932, 35.521166669 ], [ 137.055750932, 35.521207669 ], [ 137.055813932, 35.521207669 ] ] ] } },
{ "type": "Feature", "properties": { "A31a_101": "8505090072", "A31a_102": "川浦川", "A31a_103": "21", "A31a_104": "岐阜県", "A31a_105": 1 }, "geometry": { "type": "Polygon", "coordinates": [ [ [ 137.046750943, 35.518624665 ], [ 137.046750942, 35.518582665 ], [ 137.046688942, 35.518582665 ], [ 137.046625942, 35.518582665 ], [ 137.046563943, 35.518582665 ], [ 137.046563943, 35.518624665 ], [ 137.046625943, 35.518624665 ], [ 137.046688943, 35.518624665 ], [ 137.046750943, 35.518624665 ] ] ] } },
{ "type": "Feature", "properties": { "A31a_101": "8505090072", "A31a_102": "川浦川", "A31a_103": "21", "A31a_104": "岐阜県", "A31a_105": 1 }, "geometry": { "type": "Polygon", "coordinates": [ [ [ 137.002438828, 35.492916657 ], [ 137.002438828, 35.492874657 ], [ 137.002438828, 35.492832657 ], [ 137.002375828, 35.492832657 ], [ 137.002375827, 35.492791657 ], [ 137.002313827, 35.492791657 ], [ 137.002313827, 35.492832657 ], [ 137.002375828, 35.492832657 ], [ 137.002375828, 35.492874657 ], [ 137.002375828, 35.492916657 ], [ 137.002438828, 35.492916657 ] ] ] } },
{ "type": "Feature", "properties": { "A31a_101": "8505090072", "A31a_102": "川浦川", "A31a_103": "21", "A31a_104": "岐阜県", "A31a_105": 1 }, "geometry": { "type": "Polygon", "coordinates": [ [ [ 137.047938942, 35.518916666 ], [ 137.047938942, 35.518874666 ], [ 137.047938942, 35.518832666 ], [ 137.047875942, 35.518832666 ], [ 137.047875942, 35.518791666 ], [ 137.047813942, 35.518791666 ], [ 137.047813942, 35.518832666 ], [ 137.047875942, 35.518832666 ], [ 137.047875942, 35.518874666 ], [ 137.047875942, 35.518916666 ], [ 137.047938942, 35.518916666 ] ] ] } },
{ "type": "Feature", "properties": { "A31a_101": "8505090072", "A31a_102": "川浦川", "A31a_103": "21", "A31a_104": "岐阜県", "A31a_105": 1 }, "geometry": { "type": "Polygon", "coordinates": [ [ [ 137.062688941, 35.527041667 ], [ 137.06268894, 35.526999667 ], [ 137.062625941, 35.526999667 ], [ 137.06262594, 35.526957667 ], [ 137.062563941, 35.526957667 ], [ 137.06256394, 35.526916667 ], [ 137.062500941, 35.526916667 ], [ 137.062500941, 35.526957667 ], [ 137.062563941, 35.526957667 ], [ 137.062563941, 35.526999667 ], [ 137.062625941, 35.526999667 ], [ 137.062625941, 35.527041667 ], [ 137.062688941, 35.527041667 ] ] ] } },
{ "type": "Feature", "properties": { "A31a_101": "8505090072", "A31a_102": "川浦川", "A31a_103": "21", "A31a_104": "岐阜県", "A31a_105": 1 }, "geometry": { "type": "Polygon", "coordinates": [ [ [ 137.008000839, 35.494916658 ], [ 137.008000839, 35.494874658 ], [ 137.007938839, 35.494874658 ], [ 137.007938839, 35.494832658 ], [ 137.007875839, 35.494832658 ], [ 137.007875839, 35.494791658 ], [ 137.007813839, 35.494791658 ], [ 137.007813839, 35.494832658 ], [ 137.007875839, 35.494832658 ], [ 137.007875839, 35.494874658 ], [ 137.007938839, 35.494874658 ], [ 137.007938839, 35.494916658 ], [ 137.008000839, 35.494916658 ] ] ] } },
{ "type": "Feature", "properties": { "A31a_101": "8505090072", "A31a_102": "川浦川", "A31a_103": "21", "A31a_104": "岐阜県", "A31a_105": 1 }, "geometry": { "type": "Polygon", "coordinates": [ [ [ 137.002625828, 35.493041657 ], [ 137.002625828, 35.492999657 ], [ 137.002625828, 35.492957657 ], [ 137.002563828, 35.492957657 ], [ 137.002563828, 35.492916657 ], [ 137.002500828, 35.492916657 ], [ 137.002500828, 35.492957657 ], [ 137.002563828, 35.492957657 ], [ 137.002563828, 35.492999657 ], [ 137.002563828, 35.493041657 ], [ 137.002625828, 35.493041657 ] ] ] } },
{ "type": "Feature", "properties": { "A31a_101": "8505090072", "A31a_102": "川浦川", "A31a_103": "21", "A31a_104": "岐阜県", "A31a_105": 1 }, "geometry": { "type": "Polygon", "coordinates": [ [ [ 136.964875732, 35.484666651 ], [ 136.964875732, 35.484624651 ], [ 136.964875732, 35.484582651 ], [ 136.964875732, 35.48454165 ], [ 136.964813732, 35.484541651 ], [ 136.964813732, 35.484582651 ], [ 136.964813732, 35.484624651 ], [ 136.964813732, 35.484666651 ], [ 136.964875732, 35.484666651 ] ] ] } },
{ "type": "Feature", "properties": { "A31a_101": "8505090072", "A31a_102": "川浦川", "A31a_103": "21", "A31a_104": "岐阜県", "A31a_105": 1 }, "geometry": { "type": "Polygon", "coordinates": [ [ [ 137.01575089, 35.505832658 ], [ 137.01575089, 35.505791658 ], [ 137.015750889, 35.505749658 ], [ 137.015688889, 35.505749658 ], [ 137.015688889, 35.505791658 ], [ 137.015625889, 35.505791658 ], [ 137.01562589, 35.505832658 ], [ 137.01568889, 35.505832658 ], [ 137.01575089, 35.505832658 ] ] ] } },
{ "type": "Feature", "properties": { "A31a_101": "8505090072", "A31a_102": "川浦川", "A31a_103": "21", "A31a_104": "岐阜県", "A31a_105": 1 }, "geometry": { "type": "Polygon", "coordinates": [ [ [ 137.018813893, 35.50604166 ], [ 137.018813893, 35.50599966 ], [ 137.018813893, 35.50595766 ], [ 137.018750892, 35.50595766 ], [ 137.018750893, 35.505999659 ], [ 137.018750893, 35.506041659 ], [ 137.018813893, 35.50604166 ] ] ] } },
{ "type": "Feature", "properties": { "A31a_101": "8505090072", "A31a_102": "川浦川", "A31a_103": "21", "A31a_104": "岐阜県", "A31a_105": 1 }, "geometry": { "type": "Polygon", "coordinates": [ [ [ 137.036688924, 35.512416665 ], [ 137.036688923, 35.512374665 ], [ 137.036688923, 35.512332665 ], [ 137.036625923, 35.512332665 ], [ 137.036625923, 35.512374665 ], [ 137.036625924, 35.512416665 ], [ 137.036688924, 35.512416665 ] ] ] } },
{ "type": "Feature", "properties": { "A31a_101": "8505090072", "A31a_102": "川浦川", "A31a_103": "21", "A31a_104": "岐阜県", "A31a_105": 1 }, "geometry": { "type": "Polygon", "coordinates": [ [ [ 137.046438936, 35.517416666 ], [ 137.046438936, 35.517374666 ], [ 137.046438935, 35.517332666 ], [ 137.046375935, 35.517332666 ], [ 137.046375936, 35.517374666 ], [ 137.046375936, 35.517416666 ], [ 137.046438936, 35.517416666 ] ] ] } },
{ "type": "Feature", "properties": { "A31a_101": "8505090072", "A31a_102": "川浦川", "A31a_103": "21", "A31a_104": "岐阜県", "A31a_105": 1 }, "geometry": { "type": "Polygon", "coordinates": [ [ [ 137.047688944, 35.519166665 ], [ 137.047688944, 35.519124665 ], [ 137.047688944, 35.519082665 ], [ 137.047625944, 35.519082665 ], [ 137.047625944, 35.519124665 ], [ 137.047625944, 35.519166665 ], [ 137.047688944, 35.519166665 ] ] ] } },
{ "type": "Feature", "properties": { "A31a_101": "8505090072", "A31a_102": "川浦川", "A31a_103": "21", "A31a_104": "岐阜県", "A31a_105": 1 }, "geometry": { "type": "Polygon", "coordinates": [ [ [ 136.999813828, 35.493874656 ], [ 136.999813828, 35.493832656 ], [ 136.999750828, 35.493832656 ], [ 136.999688828, 35.493832656 ], [ 136.999688828, 35.493874656 ], [ 136.999750828, 35.493874656 ], [ 136.999813828, 35.493874656 ] ] ] } },
{ "type": "Feature", "properties": { "A31a_101": "8505090072", "A31a_102": "川浦川", "A31a_103": "21", "A31a_104": "岐阜県", "A31a_105": 1 }, "geometry": { "type": "Polygon", "coordinates": [ [ [ 136.966375736, 35.484249649 ], [ 136.966375736, 35.484207649 ], [ 136.966313736, 35.484207649 ], [ 136.966250736, 35.484207649 ], [ 136.966250736, 35.484249649 ], [ 136.966313736, 35.484249649 ], [ 136.966375736, 35.484249649 ] ] ] } },
{ "type": "Feature", "properties": { "A31a_101": "8505090072", "A31a_102": "川浦川", "A31a_103": "21", "A31a_104": "岐阜県", "A31a_105": 1 }, "geometry": { "type": "Polygon", "coordinates": [ [ [ 136.99262581, 35.491999654 ], [ 136.99262581, 35.491957654 ], [ 136.99256381, 35.491957654 ], [ 136.99250081, 35.491957654 ], [ 136.99250081, 35.491999654 ], [ 136.99256381, 35.491999654 ], [ 136.99262581, 35.491999654 ] ] ] } },
{ "type": "Feature", "properties": { "A31a_101": "8505090072", "A31a_102": "川浦川", "A31a_103": "21", "A31a_104": "岐阜県", "A31a_105": 1 }, "geometry": { "type": "Polygon", "coordinates": [ [ [ 137.035438922, 35.511999665 ], [ 137.035438922, 35.511957665 ], [ 137.035375922, 35.511957665 ], [ 137.035313922, 35.511957665 ], [ 137.035313922, 35.511999665 ], [ 137.035375922, 35.511999665 ], [ 137.035438922, 35.511999665 ] ] ] } },
{ "type": "Feature", "properties": { "A31a_101": "8505090072", "A31a_102": "川浦川", "A31a_103": "21", "A31a_104": "岐阜県", "A31a_105": 1 }, "geometry": { "type": "Polygon", "coordinates": [ [ [ 137.036250922, 35.512166665 ], [ 137.036250922, 35.512124665 ], [ 137.036188922, 35.512124665 ], [ 137.036188922, 35.512082665 ], [ 137.036125922, 35.512082665 ], [ 137.036125922, 35.512124665 ], [ 137.036188922, 35.512124665 ], [ 137.036188922, 35.512166665 ], [ 137.036250922, 35.512166665 ] ] ] } },
{ "type": "Feature", "properties": { "A31a_101": "8505090072", "A31a_102": "川浦川", "A31a_103": "21", "A31a_104": "岐阜県", "A31a_105": 1 }, "geometry": { "type": "Polygon", "coordinates": [ [ [ 137.036438925, 35.512666665 ], [ 137.036438925, 35.512624665 ], [ 137.036375925, 35.512624665 ], [ 137.036313925, 35.512624664 ], [ 137.036313925, 35.512666664 ], [ 137.036375925, 35.512666664 ], [ 137.036438925, 35.512666665 ] ] ] } },
{ "type": "Feature", "properties": { "A31a_101": "8505090072", "A31a_102": "川浦川", "A31a_103": "21", "A31a_104": "岐阜県", "A31a_105": 1 }, "geometry": { "type": "Polygon", "coordinates": [ [ [ 137.043063923, 35.514166668 ], [ 137.043063923, 35.514124668 ], [ 137.043000923, 35.514124668 ], [ 137.043000923, 35.514082668 ], [ 137.042938923, 35.514082668 ], [ 137.042938923, 35.514124668 ], [ 137.043000923, 35.514124668 ], [ 137.043000923, 35.514166668 ], [ 137.043063923, 35.514166668 ] ] ] } },
{ "type": "Feature", "properties": { "A31a_101": "8505090072", "A31a_102": "川浦川", "A31a_103": "21", "A31a_104": "岐阜県", "A31a_105": 1 }, "geometry": { "type": "Polygon", "coordinates": [ [ [ 137.045063922, 35.514541669 ], [ 137.045063921, 35.514499669 ], [ 137.045000922, 35.514499669 ], [ 137.044938922, 35.514499669 ], [ 137.044938922, 35.514541669 ], [ 137.045000922, 35.514541669 ], [ 137.045063922, 35.514541669 ] ] ] } },
{ "type": "Feature", "properties": { "A31a_101": "8505090072", "A31a_102": "川浦川", "A31a_103": "21", "A31a_104": "岐阜県", "A31a_105": 1 }, "geometry": { "type": "Polygon", "coordinates": [ [ [ 137.04593892, 35.514541669 ], [ 137.04593892, 35.514499669 ], [ 137.04587592, 35.514499669 ], [ 137.04587592, 35.514457669 ], [ 137.04581392, 35.514457669 ], [ 137.04581392, 35.514499669 ], [ 137.04587592, 35.514499669 ], [ 137.04587592, 35.514541669 ], [ 137.04593892, 35.514541669 ] ] ] } },
{ "type": "Feature", "properties": { "A31a_101": "8505090072", "A31a_102": "川浦川", "A31a_103": "21", "A31a_104": "岐阜県", "A31a_105": 1 }, "geometry": { "type": "Polygon", "coordinates": [ [ [ 136.997938825, 35.494041655 ], [ 136.997938825, 35.493999655 ], [ 136.997875825, 35.493999655 ], [ 136.997875825, 35.493957655 ], [ 136.997813825, 35.493957655 ], [ 136.997813825, 35.493999655 ], [ 136.997875825, 35.493999655 ], [ 136.997875825, 35.494041655 ], [ 136.997938825, 35.494041655 ] ] ] } },
{ "type": "Feature", "properties": { "A31a_101": "8505090072", "A31a_102": "川浦川", "A31a_103": "21", "A31a_104": "岐阜県", "A31a_105": 1 }, "geometry": { "type": "Polygon", "coordinates": [ [ [ 137.003750828, 35.492541657 ], [ 137.003750827, 35.492499657 ], [ 137.003688827, 35.492499657 ], [ 137.003625827, 35.492499657 ], [ 137.003625828, 35.492541657 ], [ 137.003688828, 35.492541657 ], [ 137.003750828, 35.492541657 ] ] ] } },
{ "type": "Feature", "properties": { "A31a_101": "8505090072", "A31a_102": "川浦川", "A31a_103": "21", "A31a_104": "岐阜県", "A31a_105": 1 }, "geometry": { "type": "Polygon", "coordinates": [ [ [ 137.05206395, 35.522041666 ], [ 137.05206395, 35.521999666 ], [ 137.05200095, 35.521999666 ], [ 137.05193895, 35.521999666 ], [ 137.051938951, 35.522041666 ], [ 137.05200095, 35.522041666 ], [ 137.05206395, 35.522041666 ] ] ] } },
{ "type": "Feature", "properties": { "A31a_101": "8505090072", "A31a_102": "川浦川", "A31a_103": "21", "A31a_104": "岐阜県", "A31a_105": 1 }, "geometry": { "type": "Polygon", "coordinates": [ [ [ 137.054875936, 35.521374668 ], [ 137.054875936, 35.521332669 ], [ 137.054813936, 35.521332668 ], [ 137.054750937, 35.521332668 ], [ 137.054750937, 35.521374668 ], [ 137.054813937, 35.521374668 ], [ 137.054875936, 35.521374668 ] ] ] } },
{ "type": "Feature", "properties": { "A31a_101": "8505090072", "A31a_102": "川浦川", "A31a_103": "21", "A31a_104": "岐阜県", "A31a_105": 1 }, "geometry": { "type": "Polygon", "coordinates": [ [ [ 137.036063921, 35.511957665 ], [ 137.036063921, 35.511916665 ], [ 137.036063921, 35.511874665 ], [ 137.036000921, 35.511874665 ], [ 137.036000921, 35.511916665 ], [ 137.036000921, 35.511957665 ], [ 137.036063921, 35.511957665 ] ] ] } },
{ "type": "Feature", "properties": { "A31a_101": "8505090072", "A31a_102": "川浦川", "A31a_103": "21", "A31a_104": "岐阜県", "A31a_105": 1 }, "geometry": { "type": "Polygon", "coordinates": [ [ [ 137.037813924, 35.512707665 ], [ 137.037813924, 35.512666665 ], [ 137.037813924, 35.512624665 ], [ 137.037750924, 35.512624665 ], [ 137.037750924, 35.512666665 ], [ 137.037750924, 35.512707665 ], [ 137.037813924, 35.512707665 ] ] ] } },
{ "type": "Feature", "properties": { "A31a_101": "8505090072", "A31a_102": "川浦川", "A31a_103": "21", "A31a_104": "岐阜県", "A31a_105": 1 }, "geometry": { "type": "Polygon", "coordinates": [ [ [ 136.995438821, 35.494207655 ], [ 136.995438821, 35.494166655 ], [ 136.995438821, 35.494124655 ], [ 136.995375821, 35.494124655 ], [ 136.995375821, 35.494166655 ], [ 136.995375821, 35.494207655 ], [ 136.995438821, 35.494207655 ] ] ] } },
{ "type": "Feature", "properties": { "A31a_101": "8505090072", "A31a_102": "川浦川", "A31a_103": "21", "A31a_104": "岐阜県", "A31a_105": 1 }, "geometry": { "type": "Polygon", "coordinates": [ [ [ 136.995375821, 35.494291655 ], [ 136.995375821, 35.494249655 ], [ 136.995375821, 35.494207655 ], [ 136.995313821, 35.494207655 ], [ 136.995313821, 35.494249655 ], [ 136.995313821, 35.494291655 ], [ 136.995375821, 35.494291655 ] ] ] } },
{ "type": "Feature", "properties": { "A31a_101": "8505090072", "A31a_102": "川浦川", "A31a_103": "21", "A31a_104": "岐阜県", "A31a_105": 1 }, "geometry": { "type": "Polygon", "coordinates": [ [ [ 137.054000937, 35.520916668 ], [ 137.054000936, 35.520874668 ], [ 137.054000936, 35.520832668 ], [ 137.053938936, 35.520832668 ], [ 137.053938937, 35.520874668 ], [ 137.053938937, 35.520916668 ], [ 137.054000937, 35.520916668 ] ] ] } },
{ "type": "Feature", "properties": { "A31a_101": "8505090072", "A31a_102": "川浦川", "A31a_103": "21", "A31a_104": "岐阜県", "A31a_105": 1 }, "geometry": { "type": "Polygon", "coordinates": [ [ [ 136.998000826, 35.494166655 ], [ 136.998000826, 35.494124655 ], [ 136.998000826, 35.494082655 ], [ 136.997938826, 35.494082655 ], [ 136.997938826, 35.494124655 ], [ 136.997938826, 35.494166655 ], [ 136.998000826, 35.494166655 ] ] ] } },
{ "type": "Feature", "properties": { "A31a_101": "8505090072", "A31a_102": "川浦川", "A31a_103": "21", "A31a_104": "岐阜県", "A31a_105": 1 }, "geometry": { "type": "Polygon", "coordinates": [ [ [ 137.036250921, 35.511957665 ], [ 137.036250921, 35.511916665 ], [ 137.036188921, 35.511916665 ], [ 137.036188921, 35.511874665 ], [ 137.036125921, 35.511874665 ], [ 137.036125921, 35.511916665 ], [ 137.036188921, 35.511916665 ], [ 137.036188921, 35.511957665 ], [ 137.036250921, 35.511957665 ] ] ] } },
{ "type": "Feature", "properties": { "A31a_101": "8505090072", "A31a_102": "川浦川", "A31a_103": "21", "A31a_104": "岐阜県", "A31a_105": 1 }, "geometry": { "type": "Polygon", "coordinates": [ [ [ 137.042938922, 35.513999668 ], [ 137.042938922, 35.513957668 ], [ 137.042875922, 35.513957668 ], [ 137.042875922, 35.513916668 ], [ 137.042813922, 35.513916668 ], [ 137.042813922, 35.513957668 ], [ 137.042875922, 35.513957668 ], [ 137.042875923, 35.513999668 ], [ 137.042938922, 35.513999668 ] ] ] } },
{ "type": "Feature", "properties": { "A31a_101": "8505090072", "A31a_102": "川浦川", "A31a_103": "21", "A31a_104": "岐阜県", "A31a_105": 1 }, "geometry": { "type": "Polygon", "coordinates": [ [ [ 136.998375828, 35.494707655 ], [ 136.998375828, 35.494666655 ], [ 136.998313828, 35.494666655 ], [ 136.998313828, 35.494624655 ], [ 136.998250828, 35.494624655 ], [ 136.998250828, 35.494666655 ], [ 136.998313828, 35.494666655 ], [ 136.998313828, 35.494707655 ], [ 136.998375828, 35.494707655 ] ] ] } },
{ "type": "Feature", "properties": { "A31a_101": "8505090072", "A31a_102": "川浦川", "A31a_103": "21", "A31a_104": "岐阜県", "A31a_105": 1 }, "geometry": { "type": "Polygon", "coordinates": [ [ [ 137.062313937, 35.526124668 ], [ 137.062313937, 35.526082668 ], [ 137.062250937, 35.526082668 ], [ 137.062250937, 35.526041668 ], [ 137.062188937, 35.526041668 ], [ 137.062188937, 35.526082668 ], [ 137.062250937, 35.526082668 ], [ 137.062250937, 35.526124668 ], [ 137.062313937, 35.526124668 ] ] ] } },
{ "type": "Feature", "properties": { "A31a_101": "8505090072", "A31a_102": "川浦川", "A31a_103": "21", "A31a_104": "岐阜県", "A31a_105": 1 }, "geometry": { "type": "Polygon", "coordinates": [ [ [ 137.047563944, 35.519082665 ], [ 137.047563944, 35.519041665 ], [ 137.047500944, 35.519041665 ], [ 137.047500943, 35.518999665 ], [ 137.047438944, 35.518999665 ], [ 137.047438944, 35.519041665 ], [ 137.047500944, 35.519041665 ], [ 137.047500944, 35.519082665 ], [ 137.047563944, 35.519082665 ] ] ] } },
{ "type": "Feature", "properties": { "A31a_101": "8505090072", "A31a_102": "川浦川", "A31a_103": "21", "A31a_104": "岐阜県", "A31a_105": 1 }, "geometry": { "type": "Polygon", "coordinates": [ [ [ 137.054875934, 35.520999669 ], [ 137.054875934, 35.520957669 ], [ 137.054813934, 35.520957669 ], [ 137.054813934, 35.520916669 ], [ 137.054750934, 35.520916669 ], [ 137.054750934, 35.520957669 ], [ 137.054813934, 35.520957669 ], [ 137.054813934, 35.520999669 ], [ 137.054875934, 35.520999669 ] ] ] } },
{ "type": "Feature", "properties": { "A31a_101": "8505090072", "A31a_102": "川浦川", "A31a_103": "21", "A31a_104": "岐阜県", "A31a_105": 1 }, "geometry": { "type": "Polygon", "coordinates": [ [ [ 137.05531393, 35.52058267 ], [ 137.05531393, 35.52054167 ], [ 137.05525093, 35.52054167 ], [ 137.05525093, 35.52049967 ], [ 137.05518893, 35.52049967 ], [ 137.05518893, 35.52054167 ], [ 137.05525093, 35.52054167 ], [ 137.05525093, 35.52058267 ], [ 137.05531393, 35.52058267 ] ] ] } },
{ "type": "Feature", "properties": { "A31a_101": "8505090072", "A31a_102": "川浦川", "A31a_103": "21", "A31a_104": "岐阜県", "A31a_105": 1 }, "geometry": { "type": "Polygon", "coordinates": [ [ [ 137.002000829, 35.493457656 ], [ 137.002000829, 35.493416656 ], [ 137.002000829, 35.493374656 ], [ 137.001938829, 35.493374656 ], [ 137.001938829, 35.493416656 ], [ 137.001938829, 35.493457656 ], [ 137.002000829, 35.493457656 ] ] ] } },
{ "type": "Feature", "properties": { "A31a_101": "8505090072", "A31a_102": "川浦川", "A31a_103": "21", "A31a_104": "岐阜県", "A31a_105": 1 }, "geometry": { "type": "Polygon", "coordinates": [ [ [ 137.036500924, 35.512499665 ], [ 137.036500924, 35.512457665 ], [ 137.036500924, 35.512416665 ], [ 137.036438924, 35.512416665 ], [ 137.036438924, 35.512457665 ], [ 137.036438924, 35.512499665 ], [ 137.036500924, 35.512499665 ] ] ] } },
{ "type": "Feature", "properties": { "A31a_101": "8505090072", "A31a_102": "川浦川", "A31a_103": "21", "A31a_104": "岐阜県", "A31a_105": 1 }, "geometry": { "type": "Polygon", "coordinates": [ [ [ 137.036500925, 35.512624665 ], [ 137.036500925, 35.512582665 ], [ 137.036500924, 35.512541665 ], [ 137.036438924, 35.512541665 ], [ 137.036438925, 35.512582665 ], [ 137.036438925, 35.512624665 ], [ 137.036500925, 35.512624665 ] ] ] } },
{ "type": "Feature", "properties": { "A31a_101": "8505090072", "A31a_102": "川浦川", "A31a_103": "21", "A31a_104": "岐阜県", "A31a_105": 1 }, "geometry": { "type": "Polygon", "coordinates": [ [ [ 136.995500821, 35.494082655 ], [ 136.995500821, 35.494041655 ], [ 136.995500821, 35.493999655 ], [ 136.995438821, 35.493999655 ], [ 136.995438821, 35.494041655 ], [ 136.995438821, 35.494082655 ], [ 136.995500821, 35.494082655 ] ] ] } },
{ "type": "Feature", "properties": { "A31a_101": "8505090072", "A31a_102": "川浦川", "A31a_103": "21", "A31a_104": "岐阜県", "A31a_105": 1 }, "geometry": { "type": "Polygon", "coordinates": [ [ [ 137.002250827, 35.492832656 ], [ 137.002250827, 35.492791656 ], [ 137.002250827, 35.492749656 ], [ 137.002188827, 35.492749656 ], [ 137.002188827, 35.492791656 ], [ 137.002188827, 35.492832656 ], [ 137.002250827, 35.492832656 ] ] ] } },
{ "type": "Feature", "properties": { "A31a_101": "8505090072", "A31a_102": "川浦川", "A31a_103": "21", "A31a_104": "岐阜県", "A31a_105": 1 }, "geometry": { "type": "Polygon", "coordinates": [ [ [ 137.047875943, 35.518999666 ], [ 137.047875943, 35.518957666 ], [ 137.047875942, 35.518916666 ], [ 137.047813942, 35.518916666 ], [ 137.047813943, 35.518957666 ], [ 137.047813943, 35.518999666 ], [ 137.047875943, 35.518999666 ] ] ] } },
{ "type": "Feature", "properties": { "A31a_101": "8505090072", "A31a_102": "川浦川", "A31a_103": "21", "A31a_104": "岐阜県", "A31a_105": 1 }, "geometry": { "type": "Polygon", "coordinates": [ [ [ 136.965375734, 35.485832652 ], [ 136.965375734, 35.485791652 ], [ 136.965375734, 35.485749652 ], [ 136.965313734, 35.485749652 ], [ 136.965313734, 35.485791652 ], [ 136.965313734, 35.485832652 ], [ 136.965375734, 35.485832652 ] ] ] } },
{ "type": "Feature", "properties": { "A31a_101": "8505090072", "A31a_102": "川浦川", "A31a_103": "21", "A31a_104": "岐阜県", "A31a_105": 1 }, "geometry": { "type": "Polygon", "coordinates": [ [ [ 137.052500948, 35.521957666 ], [ 137.052500948, 35.521916666 ], [ 137.052500948, 35.521874666 ], [ 137.052438948, 35.521874666 ], [ 137.052438948, 35.521916666 ], [ 137.052438948, 35.521957666 ], [ 137.052500948, 35.521957666 ] ] ] } },
{ "type": "Feature", "properties": { "A31a_101": "8505090072", "A31a_102": "川浦川", "A31a_103": "21", "A31a_104": "岐阜県", "A31a_105": 1 }, "geometry": { "type": "Polygon", "coordinates": [ [ [ 137.002250828, 35.492957656 ], [ 137.002250828, 35.492916656 ], [ 137.002250828, 35.492874656 ], [ 137.002188828, 35.492874656 ], [ 137.002188828, 35.492916656 ], [ 137.002188828, 35.492957656 ], [ 137.002250828, 35.492957656 ] ] ] } },
{ "type": "Feature", "properties": { "A31a_101": "8505090072", "A31a_102": "川浦川", "A31a_103": "21", "A31a_104": "岐阜県", "A31a_105": 1 }, "geometry": { "type": "Polygon", "coordinates": [ [ [ 137.054875932, 35.520624669 ], [ 137.054875932, 35.520582669 ], [ 137.054875931, 35.520541669 ], [ 137.054813932, 35.520541669 ], [ 137.054813932, 35.520582669 ], [ 137.054813932, 35.520624669 ], [ 137.054875932, 35.520624669 ] ] ] } },
{ "type": "Feature", "properties": { "A31a_101": "8505090072", "A31a_102": "川浦川", "A31a_103": "21", "A31a_104": "岐阜県", "A31a_105": 1 }, "geometry": { "type": "Polygon", "coordinates": [ [ [ 136.998750828, 35.494457655 ], [ 136.998750828, 35.494416655 ], [ 136.998750828, 35.494374655 ], [ 136.998688828, 35.494374655 ], [ 136.998688828, 35.494416655 ], [ 136.998688828, 35.494457655 ], [ 136.998750828, 35.494457655 ] ] ] } },
{ "type": "Feature", "properties": { "A31a_101": "8505090072", "A31a_102": "川浦川", "A31a_103": "21", "A31a_104": "岐阜県", "A31a_105": 1 }, "geometry": { "type": "Polygon", "coordinates": [ [ [ 137.045250921, 35.514457669 ], [ 137.045250921, 35.514416669 ], [ 137.045188921, 35.514416669 ], [ 137.045125921, 35.514416669 ], [ 137.045125921, 35.514457669 ], [ 137.045188921, 35.514457669 ], [ 137.045250921, 35.514457669 ] ] ] } },
{ "type": "Feature", "properties": { "A31a_101": "8505090072", "A31a_102": "川浦川", "A31a_103": "21", "A31a_104": "岐阜県", "A31a_105": 1 }, "geometry": { "type": "Polygon", "coordinates": [ [ [ 136.965438733, 35.48433265 ], [ 136.965438733, 35.48429165 ], [ 136.965375733, 35.48429165 ], [ 136.965313733, 35.48429165 ], [ 136.965313733, 35.48433265 ], [ 136.965375733, 35.48433265 ], [ 136.965438733, 35.48433265 ] ] ] } },
{ "type": "Feature", "properties": { "A31a_101": "8505090072", "A31a_102": "川浦川", "A31a_103": "21", "A31a_104": "岐阜県", "A31a_105": 1 }, "geometry": { "type": "Polygon", "coordinates": [ [ [ 137.054563935, 35.520957669 ], [ 137.054563935, 35.520916669 ], [ 137.054500935, 35.520916669 ], [ 137.054438935, 35.520916669 ], [ 137.054438935, 35.520957669 ], [ 137.054500935, 35.520957669 ], [ 137.054563935, 35.520957669 ] ] ] } },
{ "type": "Feature", "properties": { "A31a_101": "8505090072", "A31a_102": "川浦川", "A31a_103": "21", "A31a_104": "岐阜県", "A31a_105": 1 }, "geometry": { "type": "Polygon", "coordinates": [ [ [ 137.016938891, 35.505957659 ], [ 137.016938891, 35.505916659 ], [ 137.016875891, 35.505916659 ], [ 137.016813891, 35.505916659 ], [ 137.016813891, 35.505957659 ], [ 137.016875891, 35.505957659 ], [ 137.016938891, 35.505957659 ] ] ] } },
{ "type": "Feature", "properties": { "A31a_101": "8505090072", "A31a_102": "川浦川", "A31a_103": "21", "A31a_104": "岐阜県", "A31a_105": 1 }, "geometry": { "type": "Polygon", "coordinates": [ [ [ 136.966125735, 35.48433265 ], [ 136.966125735, 35.48429165 ], [ 136.966063735, 35.48429165 ], [ 136.966000735, 35.48429165 ], [ 136.966000735, 35.48433265 ], [ 136.966063735, 35.48433265 ], [ 136.966125735, 35.48433265 ] ] ] } },
{ "type": "Feature", "properties": { "A31a_101": "8505090072", "A31a_102": "川浦川", "A31a_103": "21", "A31a_104": "岐阜県", "A31a_105": 1 }, "geometry": { "type": "Polygon", "coordinates": [ [ [ 137.00343883, 35.493207657 ], [ 137.003438829, 35.493166657 ], [ 137.003375829, 35.493166657 ], [ 137.003313829, 35.493166657 ], [ 137.003313829, 35.493207657 ], [ 137.00337583, 35.493207657 ], [ 137.00343883, 35.493207657 ] ] ] } },
{ "type": "Feature", "properties": { "A31a_101": "8505090072", "A31a_102": "川浦川", "A31a_103": "21", "A31a_104": "岐阜県", "A31a_105": 1 }, "geometry": { "type": "Polygon", "coordinates": [ [ [ 137.02618891, 35.508916661 ], [ 137.02618891, 35.508874662 ], [ 137.02612591, 35.508874661 ], [ 137.026125911, 35.508916661 ], [ 137.02618891, 35.508916661 ] ] ] } },
{ "type": "Feature", "properties": { "A31a_101": "8505090072", "A31a_102": "川浦川", "A31a_103": "21", "A31a_104": "岐阜県", "A31a_105": 1 }, "geometry": { "type": "Polygon", "coordinates": [ [ [ 137.037813925, 35.512916665 ], [ 137.037813925, 35.512874665 ], [ 137.037750925, 35.512874665 ], [ 137.037750926, 35.512916665 ], [ 137.037813925, 35.512916665 ] ] ] } },
{ "type": "Feature", "properties": { "A31a_101": "8505090072", "A31a_102": "川浦川", "A31a_103": "21", "A31a_104": "岐阜県", "A31a_105": 1 }, "geometry": { "type": "Polygon", "coordinates": [ [ [ 136.967438739, 35.484416649 ], [ 136.967438739, 35.484374649 ], [ 136.967375739, 35.484374649 ], [ 136.967375739, 35.484416649 ], [ 136.967438739, 35.484416649 ] ] ] } },
{ "type": "Feature", "properties": { "A31a_101": "8505090072", "A31a_102": "川浦川", "A31a_103": "21", "A31a_104": "岐阜県", "A31a_105": 1 }, "geometry": { "type": "Polygon", "coordinates": [ [ [ 137.044938923, 35.514791668 ], [ 137.044938923, 35.514749668 ], [ 137.044875923, 35.514749668 ], [ 137.044875923, 35.514791668 ], [ 137.044938923, 35.514791668 ] ] ] } },
{ "type": "Feature", "properties": { "A31a_101": "8505090072", "A31a_102": "川浦川", "A31a_103": "21", "A31a_104": "岐阜県", "A31a_105": 1 }, "geometry": { "type": "Polygon", "coordinates": [ [ [ 137.034688921, 35.511874664 ], [ 137.034688921, 35.511832664 ], [ 137.034625921, 35.511832664 ], [ 137.034625921, 35.511874664 ], [ 137.034688921, 35.511874664 ] ] ] } },
{ "type": "Feature", "properties": { "A31a_101": "8505090072", "A31a_102": "川浦川", "A31a_103": "21", "A31a_104": "岐阜県", "A31a_105": 1 }, "geometry": { "type": "Polygon", "coordinates": [ [ [ 137.045688926, 35.515541668 ], [ 137.045688926, 35.515499668 ], [ 137.045625926, 35.515499668 ], [ 137.045625926, 35.515541668 ], [ 137.045688926, 35.515541668 ] ] ] } },
{ "type": "Feature", "properties": { "A31a_101": "8505090072", "A31a_102": "川浦川", "A31a_103": "21", "A31a_104": "岐阜県", "A31a_105": 1 }, "geometry": { "type": "Polygon", "coordinates": [ [ [ 137.045813926, 35.515499668 ], [ 137.045813926, 35.515457668 ], [ 137.045750926, 35.515457668 ], [ 137.045750926, 35.515499668 ], [ 137.045813926, 35.515499668 ] ] ] } },
{ "type": "Feature", "properties": { "A31a_101": "8505090072", "A31a_102": "川浦川", "A31a_103": "21", "A31a_104": "岐阜県", "A31a_105": 1 }, "geometry": { "type": "Polygon", "coordinates": [ [ [ 137.018938892, 35.50574966 ], [ 137.018938892, 35.50570766 ], [ 137.018875891, 35.50570766 ], [ 137.018875892, 35.50574966 ], [ 137.018938892, 35.50574966 ] ] ] } },
{ "type": "Feature", "properties": { "A31a_101": "8505090072", "A31a_102": "川浦川", "A31a_103": "21", "A31a_104": "岐阜県", "A31a_105": 1 }, "geometry": { "type": "Polygon", "coordinates": [ [ [ 137.046188924, 35.515291669 ], [ 137.046188924, 35.515249669 ], [ 137.046125924, 35.515249669 ], [ 137.046125924, 35.515291669 ], [ 137.046188924, 35.515291669 ] ] ] } },
{ "type": "Feature", "properties": { "A31a_101": "8505090072", "A31a_102": "川浦川", "A31a_103": "21", "A31a_104": "岐阜県", "A31a_105": 1 }, "geometry": { "type": "Polygon", "coordinates": [ [ [ 136.992813811, 35.492124654 ], [ 136.992813811, 35.492082654 ], [ 136.99275081, 35.492082654 ], [ 136.992750811, 35.492124654 ], [ 136.992813811, 35.492124654 ] ] ] } },
{ "type": "Feature", "properties": { "A31a_101": "8505090072", "A31a_102": "川浦川", "A31a_103": "21", "A31a_104": "岐阜県", "A31a_105": 1 }, "geometry": { "type": "Polygon", "coordinates": [ [ [ 137.046438925, 35.515499669 ], [ 137.046438924, 35.515457669 ], [ 137.046375925, 35.515457669 ], [ 137.046375925, 35.515499668 ], [ 137.046438925, 35.515499669 ] ] ] } },
{ "type": "Feature", "properties": { "A31a_101": "8505090072", "A31a_102": "川浦川", "A31a_103": "21", "A31a_104": "岐阜県", "A31a_105": 1 }, "geometry": { "type": "Polygon", "coordinates": [ [ [ 137.047063927, 35.516124668 ], [ 137.047063927, 35.516082668 ], [ 137.047000927, 35.516082668 ], [ 137.047000927, 35.516124668 ], [ 137.047063927, 35.516124668 ] ] ] } },
{ "type": "Feature", "properties": { "A31a_101": "8505090072", "A31a_102": "川浦川", "A31a_103": "21", "A31a_104": "岐阜県", "A31a_105": 1 }, "geometry": { "type": "Polygon", "coordinates": [ [ [ 137.047063942, 35.518666665 ], [ 137.047063942, 35.518624666 ], [ 137.047000942, 35.518624665 ], [ 137.047000942, 35.518666665 ], [ 137.047063942, 35.518666665 ] ] ] } },
{ "type": "Feature", "properties": { "A31a_101": "8505090072", "A31a_102": "川浦川", "A31a_103": "21", "A31a_104": "岐阜県", "A31a_105": 1 }, "geometry": { "type": "Polygon", "coordinates": [ [ [ 136.999313826, 35.493416655 ], [ 136.999313826, 35.493374655 ], [ 136.999250826, 35.493374655 ], [ 136.999250826, 35.493416655 ], [ 136.999313826, 35.493416655 ] ] ] } },
{ "type": "Feature", "properties": { "A31a_101": "8505090072", "A31a_102": "川浦川", "A31a_103": "21", "A31a_104": "岐阜県", "A31a_105": 1 }, "geometry": { "type": "Polygon", "coordinates": [ [ [ 136.97131375, 35.484874648 ], [ 136.97131375, 35.484832648 ], [ 136.97125075, 35.484832648 ], [ 136.97125075, 35.484874648 ], [ 136.97131375, 35.484874648 ] ] ] } },
{ "type": "Feature", "properties": { "A31a_101": "8505090072", "A31a_102": "川浦川", "A31a_103": "21", "A31a_104": "岐阜県", "A31a_105": 1 }, "geometry": { "type": "Polygon", "coordinates": [ [ [ 137.047688943, 35.518999666 ], [ 137.047688943, 35.518957666 ], [ 137.047625943, 35.518957666 ], [ 137.047625943, 35.518999666 ], [ 137.047688943, 35.518999666 ] ] ] } },
{ "type": "Feature", "properties": { "A31a_101": "8505090072", "A31a_102": "川浦川", "A31a_103": "21", "A31a_104": "岐阜県", "A31a_105": 1 }, "geometry": { "type": "Polygon", "coordinates": [ [ [ 137.000188829, 35.493749656 ], [ 137.000188829, 35.493707656 ], [ 137.000125828, 35.493707656 ], [ 137.000125829, 35.493749656 ], [ 137.000188829, 35.493749656 ] ] ] } },
{ "type": "Feature", "properties": { "A31a_101": "8505090072", "A31a_102": "川浦川", "A31a_103": "21", "A31a_104": "岐阜県", "A31a_105": 1 }, "geometry": { "type": "Polygon", "coordinates": [ [ [ 136.971563751, 35.484999648 ], [ 136.971563751, 35.484957648 ], [ 136.971500751, 35.484957648 ], [ 136.971500751, 35.484999648 ], [ 136.971563751, 35.484999648 ] ] ] } },
{ "type": "Feature", "properties": { "A31a_101": "8505090072", "A31a_102": "川浦川", "A31a_103": "21", "A31a_104": "岐阜県", "A31a_105": 1 }, "geometry": { "type": "Polygon", "coordinates": [ [ [ 137.048063943, 35.519166666 ], [ 137.048063943, 35.519124666 ], [ 137.048000943, 35.519124666 ], [ 137.048000944, 35.519166666 ], [ 137.048063943, 35.519166666 ] ] ] } },
{ "type": "Feature", "properties": { "A31a_101": "8505090072", "A31a_102": "川浦川", "A31a_103": "21", "A31a_104": "岐阜県", "A31a_105": 1 }, "geometry": { "type": "Polygon", "coordinates": [ [ [ 137.015063886, 35.505041658 ], [ 137.015063886, 35.504999658 ], [ 137.015000886, 35.504999658 ], [ 137.015000886, 35.505041658 ], [ 137.015063886, 35.505041658 ] ] ] } },
{ "type": "Feature", "properties": { "A31a_101": "8505090072", "A31a_102": "川浦川", "A31a_103": "21", "A31a_104": "岐阜県", "A31a_105": 1 }, "geometry": { "type": "Polygon", "coordinates": [ [ [ 136.996188823, 35.494291655 ], [ 136.996188823, 35.494249655 ], [ 136.996125823, 35.494249655 ], [ 136.996125823, 35.494291655 ], [ 136.996188823, 35.494291655 ] ] ] } },
{ "type": "Feature", "properties": { "A31a_101": "8505090072", "A31a_102": "川浦川", "A31a_103": "21", "A31a_104": "岐阜県", "A31a_105": 1 }, "geometry": { "type": "Polygon", "coordinates": [ [ [ 136.997813824, 35.493624655 ], [ 136.997813824, 35.493582655 ], [ 136.997750824, 35.493582655 ], [ 136.997750824, 35.493624655 ], [ 136.997813824, 35.493624655 ] ] ] } },
{ "type": "Feature", "properties": { "A31a_101": "8505090072", "A31a_102": "川浦川", "A31a_103": "21", "A31a_104": "岐阜県", "A31a_105": 1 }, "geometry": { "type": "Polygon", "coordinates": [ [ [ 137.015563889, 35.505624658 ], [ 137.015563888, 35.505582658 ], [ 137.015500888, 35.505582658 ], [ 137.015500889, 35.505624658 ], [ 137.015563889, 35.505624658 ] ] ] } },
{ "type": "Feature", "properties": { "A31a_101": "8505090072", "A31a_102": "川浦川", "A31a_103": "21", "A31a_104": "岐阜県", "A31a_105": 1 }, "geometry": { "type": "Polygon", "coordinates": [ [ [ 137.052438949, 35.521999666 ], [ 137.052438948, 35.521957666 ], [ 137.052375948, 35.521957666 ], [ 137.052375949, 35.521999666 ], [ 137.052438949, 35.521999666 ] ] ] } },
{ "type": "Feature", "properties": { "A31a_101": "8505090072", "A31a_102": "川浦川", "A31a_103": "21", "A31a_104": "岐阜県", "A31a_105": 1 }, "geometry": { "type": "Polygon", "coordinates": [ [ [ 137.003063828, 35.492874657 ], [ 137.003063828, 35.492832657 ], [ 137.003000828, 35.492832657 ], [ 137.003000828, 35.492874657 ], [ 137.003063828, 35.492874657 ] ] ] } },
{ "type": "Feature", "properties": { "A31a_101": "8505090072", "A31a_102": "川浦川", "A31a_103": "21", "A31a_104": "岐阜県", "A31a_105": 1 }, "geometry": { "type": "Polygon", "coordinates": [ [ [ 137.054563936, 35.521166668 ], [ 137.054563936, 35.521124668 ], [ 137.054500936, 35.521124668 ], [ 137.054500936, 35.521166668 ], [ 137.054563936, 35.521166668 ] ] ] } },
{ "type": "Feature", "properties": { "A31a_101": "8505090072", "A31a_102": "川浦川", "A31a_103": "21", "A31a_104": "岐阜県", "A31a_105": 1 }, "geometry": { "type": "Polygon", "coordinates": [ [ [ 136.998688829, 35.494624655 ], [ 136.998688828, 35.494582655 ], [ 136.998625828, 35.494582655 ], [ 136.998625828, 35.494624655 ], [ 136.998688829, 35.494624655 ] ] ] } },
{ "type": "Feature", "properties": { "A31a_101": "8505090072", "A31a_102": "川浦川", "A31a_103": "21", "A31a_104": "岐阜県", "A31a_105": 1 }, "geometry": { "type": "Polygon", "coordinates": [ [ [ 137.003188828, 35.492916657 ], [ 137.003188828, 35.492874657 ], [ 137.003125828, 35.492874657 ], [ 137.003125828, 35.492916657 ], [ 137.003188828, 35.492916657 ] ] ] } },
{ "type": "Feature", "properties": { "A31a_101": "8505090072", "A31a_102": "川浦川", "A31a_103": "21", "A31a_104": "岐阜県", "A31a_105": 1 }, "geometry": { "type": "Polygon", "coordinates": [ [ [ 136.992063809, 35.491999654 ], [ 136.992063809, 35.491957654 ], [ 136.992000809, 35.491957654 ], [ 136.992000809, 35.491999654 ], [ 136.992063809, 35.491999654 ] ] ] } },
{ "type": "Feature", "properties": { "A31a_101": "8505090072", "A31a_102": "川浦川", "A31a_103": "21", "A31a_104": "岐阜県", "A31a_105": 1 }, "geometry": { "type": "Polygon", "coordinates": [ [ [ 137.031063911, 35.509499664 ], [ 137.03106391, 35.509457664 ], [ 137.03100091, 35.509457664 ], [ 137.031000911, 35.509499664 ], [ 137.031063911, 35.509499664 ] ] ] } },
{ "type": "Feature", "properties": { "A31a_101": "8505090072", "A31a_102": "川浦川", "A31a_103": "21", "A31a_104": "岐阜県", "A31a_105": 1 }, "geometry": { "type": "Polygon", "coordinates": [ [ [ 137.001688827, 35.492874656 ], [ 137.001688827, 35.492832656 ], [ 137.001625827, 35.492832656 ], [ 137.001625827, 35.492874656 ], [ 137.001688827, 35.492874656 ] ] ] } },
{ "type": "Feature", "properties": { "A31a_101": "8505090072", "A31a_102": "川浦川", "A31a_103": "21", "A31a_104": "岐阜県", "A31a_105": 1 }, "geometry": { "type": "Polygon", "coordinates": [ [ [ 137.036438923, 35.512374665 ], [ 137.036438923, 35.512332665 ], [ 137.036375923, 35.512332665 ], [ 137.036375923, 35.512374665 ], [ 137.036438923, 35.512374665 ] ] ] } },
{ "type": "Feature", "properties": { "A31a_101": "8505090072", "A31a_102": "川浦川", "A31a_103": "21", "A31a_104": "岐阜県", "A31a_105": 1 }, "geometry": { "type": "Polygon", "coordinates": [ [ [ 137.06281394, 35.526999667 ], [ 137.06281394, 35.526957667 ], [ 137.06275094, 35.526957667 ], [ 137.06275094, 35.526999667 ], [ 137.06281394, 35.526999667 ] ] ] } },
{ "type": "Feature", "properties": { "A31a_101": "8505090072", "A31a_102": "川浦川", "A31a_103": "21", "A31a_104": "岐阜県", "A31a_105": 1 }, "geometry": { "type": "Polygon", "coordinates": [ [ [ 137.045500925, 35.515291668 ], [ 137.045500925, 35.515249668 ], [ 137.045438925, 35.515249668 ], [ 137.045438925, 35.515291668 ], [ 137.045500925, 35.515291668 ] ] ] } },
{ "type": "Feature", "properties": { "A31a_101": "8505090072", "A31a_102": "川浦川", "A31a_103": "21", "A31a_104": "岐阜県", "A31a_105": 1 }, "geometry": { "type": "Polygon", "coordinates": [ [ [ 136.965500735, 35.486249652 ], [ 136.965500735, 35.486207652 ], [ 136.965438734, 35.486207652 ], [ 136.965438734, 35.486249652 ], [ 136.965500735, 35.486249652 ] ] ] } },
{ "type": "Feature", "properties": { "A31a_101": "8505090072", "A31a_102": "川浦川", "A31a_103": "21", "A31a_104": "岐阜県", "A31a_105": 1 }, "geometry": { "type": "Polygon", "coordinates": [ [ [ 137.002125828, 35.492916656 ], [ 137.002125827, 35.492874656 ], [ 137.002063827, 35.492874656 ], [ 137.002063828, 35.492916656 ], [ 137.002125828, 35.492916656 ] ] ] } },
{ "type": "Feature", "properties": { "A31a_101": "8505090072", "A31a_102": "川浦川", "A31a_103": "21", "A31a_104": "岐阜県", "A31a_105": 1 }, "geometry": { "type": "Polygon", "coordinates": [ [ [ 137.031375914, 35.510124664 ], [ 137.031375913, 35.510082664 ], [ 137.031313913, 35.510082664 ], [ 137.031313914, 35.510124664 ], [ 137.031375914, 35.510124664 ] ] ] } },
{ "type": "Feature", "properties": { "A31a_101": "8505090072", "A31a_102": "川浦川", "A31a_103": "21", "A31a_104": "岐阜県", "A31a_105": 1 }, "geometry": { "type": "Polygon", "coordinates": [ [ [ 137.031000911, 35.509541664 ], [ 137.031000911, 35.509499664 ], [ 137.030938911, 35.509499664 ], [ 137.030938911, 35.509541664 ], [ 137.031000911, 35.509541664 ] ] ] } },
{ "type": "Feature", "properties": { "A31a_101": "8505090072", "A31a_102": "川浦川", "A31a_103": "21", "A31a_104": "岐阜県", "A31a_105": 1 }, "geometry": { "type": "Polygon", "coordinates": [ [ [ 137.03237592, 35.511416663 ], [ 137.03237592, 35.511374663 ], [ 137.03231392, 35.511374663 ], [ 137.03231392, 35.511416663 ], [ 137.03237592, 35.511416663 ] ] ] } },
{ "type": "Feature", "properties": { "A31a_101": "8505090072", "A31a_102": "川浦川", "A31a_103": "21", "A31a_104": "岐阜県", "A31a_105": 1 }, "geometry": { "type": "Polygon", "coordinates": [ [ [ 137.003375828, 35.492624657 ], [ 137.003375827, 35.492582657 ], [ 137.003313827, 35.492582657 ], [ 137.003313828, 35.492624657 ], [ 137.003375828, 35.492624657 ] ] ] } },
{ "type": "Feature", "properties": { "A31a_101": "8505090072", "A31a_102": "川浦川", "A31a_103": "21", "A31a_104": "岐阜県", "A31a_105": 1 }, "geometry": { "type": "Polygon", "coordinates": [ [ [ 137.04575092, 35.514499669 ], [ 137.04575092, 35.514457669 ], [ 137.04568892, 35.514457669 ], [ 137.04568892, 35.514499669 ], [ 137.04575092, 35.514499669 ] ] ] } },
{ "type": "Feature", "properties": { "A31a_101": "8505090072", "A31a_102": "川浦川", "A31a_103": "21", "A31a_104": "岐阜県", "A31a_105": 1 }, "geometry": { "type": "Polygon", "coordinates": [ [ [ 137.045750924, 35.515124668 ], [ 137.045750924, 35.515082669 ], [ 137.045688924, 35.515082668 ], [ 137.045688924, 35.515124668 ], [ 137.045750924, 35.515124668 ] ] ] } },
{ "type": "Feature", "properties": { "A31a_101": "8505090072", "A31a_102": "川浦川", "A31a_103": "21", "A31a_104": "岐阜県", "A31a_105": 1 }, "geometry": { "type": "Polygon", "coordinates": [ [ [ 137.025875905, 35.507749662 ], [ 137.025875905, 35.507707662 ], [ 137.025813905, 35.507707662 ], [ 137.025813905, 35.507749662 ], [ 137.025875905, 35.507749662 ] ] ] } },
{ "type": "Feature", "properties": { "A31a_101": "8505090072", "A31a_102": "川浦川", "A31a_103": "21", "A31a_104": "岐阜県", "A31a_105": 1 }, "geometry": { "type": "Polygon", "coordinates": [ [ [ 136.965250733, 35.48424965 ], [ 136.965250733, 35.48420765 ], [ 136.965188733, 35.48420765 ], [ 136.965188733, 35.48424965 ], [ 136.965250733, 35.48424965 ] ] ] } },
{ "type": "Feature", "properties": { "A31a_101": "8505090072", "A31a_102": "川浦川", "A31a_103": "21", "A31a_104": "岐阜県", "A31a_105": 1 }, "geometry": { "type": "Polygon", "coordinates": [ [ [ 137.051000955, 35.522291665 ], [ 137.051000955, 35.522249665 ], [ 137.050938955, 35.522249665 ], [ 137.050938955, 35.522291665 ], [ 137.051000955, 35.522291665 ] ] ] } },
{ "type": "Feature", "properties": { "A31a_101": "8505090072", "A31a_102": "川浦川", "A31a_103": "21", "A31a_104": "岐阜県", "A31a_105": 1 }, "geometry": { "type": "Polygon", "coordinates": [ [ [ 137.052000951, 35.522166665 ], [ 137.052000951, 35.522124665 ], [ 137.051938951, 35.522124665 ], [ 137.051938951, 35.522166665 ], [ 137.052000951, 35.522166665 ] ] ] } },
{ "type": "Feature", "properties": { "A31a_101": "8505090072", "A31a_102": "川浦川", "A31a_103": "21", "A31a_104": "岐阜県", "A31a_105": 1 }, "geometry": { "type": "Polygon", "coordinates": [ [ [ 137.037625926, 35.512874665 ], [ 137.037625925, 35.512832665 ], [ 137.037563925, 35.512832665 ], [ 137.037563926, 35.512874665 ], [ 137.037625926, 35.512874665 ] ] ] } },
{ "type": "Feature", "properties": { "A31a_101": "8505090072", "A31a_102": "川浦川", "A31a_103": "21", "A31a_104": "岐阜県", "A31a_105": 1 }, "geometry": { "type": "Polygon", "coordinates": [ [ [ 137.052250949, 35.522041666 ], [ 137.052250949, 35.521999666 ], [ 137.052188949, 35.521999666 ], [ 137.05218895, 35.522041666 ], [ 137.052250949, 35.522041666 ] ] ] } },
{ "type": "Feature", "properties": { "A31a_101": "8505090072", "A31a_102": "川浦川", "A31a_103": "21", "A31a_104": "岐阜県", "A31a_105": 1 }, "geometry": { "type": "Polygon", "coordinates": [ [ [ 136.99512582, 35.494166655 ], [ 136.99512582, 35.494124655 ], [ 136.99506382, 35.494124655 ], [ 136.99506382, 35.494166655 ], [ 136.99512582, 35.494166655 ] ] ] } },
{ "type": "Feature", "properties": { "A31a_101": "8505090072", "A31a_102": "川浦川", "A31a_103": "21", "A31a_104": "岐阜県", "A31a_105": 1 }, "geometry": { "type": "Polygon", "coordinates": [ [ [ 137.036125922, 35.512041665 ], [ 137.036125921, 35.511999665 ], [ 137.036063921, 35.511999665 ], [ 137.036063922, 35.512041665 ], [ 137.036125922, 35.512041665 ] ] ] } },
{ "type": "Feature", "properties": { "A31a_101": "8505090072", "A31a_102": "川浦川", "A31a_103": "21", "A31a_104": "岐阜県", "A31a_105": 1 }, "geometry": { "type": "Polygon", "coordinates": [ [ [ 137.00812584, 35.494999658 ], [ 137.00812584, 35.494957658 ], [ 137.00806384, 35.494957658 ], [ 137.00806384, 35.494999658 ], [ 137.00812584, 35.494999658 ] ] ] } },
{ "type": "Feature", "properties": { "A31a_101": "8505090072", "A31a_102": "川浦川", "A31a_103": "21", "A31a_104": "岐阜県", "A31a_105": 1 }, "geometry": { "type": "Polygon", "coordinates": [ [ [ 137.045125921, 35.514499669 ], [ 137.045125921, 35.514457669 ], [ 137.045063921, 35.514457669 ], [ 137.045063921, 35.514499669 ], [ 137.045125921, 35.514499669 ] ] ] } },
{ "type": "Feature", "properties": { "A31a_101": "8505090072", "A31a_102": "川浦川", "A31a_103": "21", "A31a_104": "岐阜県", "A31a_105": 1 }, "geometry": { "type": "Polygon", "coordinates": [ [ [ 137.054625936, 35.521124669 ], [ 137.054625936, 35.521082669 ], [ 137.054563936, 35.521082669 ], [ 137.054563936, 35.521124668 ], [ 137.054625936, 35.521124669 ] ] ] } },
{ "type": "Feature", "properties": { "A31a_101": "8505090072", "A31a_102": "川浦川", "A31a_103": "21", "A31a_104": "岐阜県", "A31a_105": 1 }, "geometry": { "type": "Polygon", "coordinates": [ [ [ 136.996125823, 35.494374655 ], [ 136.996125823, 35.494332655 ], [ 136.996063823, 35.494332655 ], [ 136.996063823, 35.494374655 ], [ 136.996125823, 35.494374655 ] ] ] } },
{ "type": "Feature", "properties": { "A31a_101": "8505090072", "A31a_102": "川浦川", "A31a_103": "21", "A31a_104": "岐阜県", "A31a_105": 1 }, "geometry": { "type": "Polygon", "coordinates": [ [ [ 137.054750932, 35.520541669 ], [ 137.054750932, 35.520499669 ], [ 137.054688932, 35.520499669 ], [ 137.054688932, 35.520541669 ], [ 137.054750932, 35.520541669 ] ] ] } },
{ "type": "Feature", "properties": { "A31a_101": "8505090072", "A31a_102": "川浦川", "A31a_103": "21", "A31a_104": "岐阜県", "A31a_105": 1 }, "geometry": { "type": "Polygon", "coordinates": [ [ [ 137.054750937, 35.521416668 ], [ 137.054750937, 35.521374668 ], [ 137.054688937, 35.521374668 ], [ 137.054688937, 35.521416668 ], [ 137.054750937, 35.521416668 ] ] ] } },
{ "type": "Feature", "properties": { "A31a_101": "8505090072", "A31a_102": "川浦川", "A31a_103": "21", "A31a_104": "岐阜県", "A31a_105": 1 }, "geometry": { "type": "Polygon", "coordinates": [ [ [ 137.036750924, 35.512499665 ], [ 137.036750924, 35.512457665 ], [ 137.036688924, 35.512457665 ], [ 137.036688924, 35.512499665 ], [ 137.036750924, 35.512499665 ] ] ] } },
{ "type": "Feature", "properties": { "A31a_101": "8505090072", "A31a_102": "川浦川", "A31a_103": "21", "A31a_104": "岐阜県", "A31a_105": 1 }, "geometry": { "type": "Polygon", "coordinates": [ [ [ 137.046375936, 35.517499666 ], [ 137.046375936, 35.517457666 ], [ 137.046313936, 35.517457666 ], [ 137.046313937, 35.517499666 ], [ 137.046375936, 35.517499666 ] ] ] } },
{ "type": "Feature", "properties": { "A31a_101": "8505090072", "A31a_102": "川浦川", "A31a_103": "21", "A31a_104": "岐阜県", "A31a_105": 1 }, "geometry": { "type": "Polygon", "coordinates": [ [ [ 137.003125827, 35.492541657 ], [ 137.003125827, 35.492499657 ], [ 137.003063827, 35.492499657 ], [ 137.003063827, 35.492541657 ], [ 137.003125827, 35.492541657 ] ] ] } },
{ "type": "Feature", "properties": { "A31a_101": "8505090072", "A31a_102": "川浦川", "A31a_103": "21", "A31a_104": "岐阜県", "A31a_105": 1 }, "geometry": { "type": "Polygon", "coordinates": [ [ [ 136.965375734, 35.485499651 ], [ 136.965375734, 35.485457651 ], [ 136.965313734, 35.485457651 ], [ 136.965313734, 35.485499651 ], [ 136.965375734, 35.485499651 ] ] ] } },
{ "type": "Feature", "properties": { "A31a_101": "8505090072", "A31a_102": "川浦川", "A31a_103": "21", "A31a_104": "岐阜県", "A31a_105": 1 }, "geometry": { "type": "Polygon", "coordinates": [ [ [ 137.055000935, 35.521291669 ], [ 137.055000935, 35.521249669 ], [ 137.054938935, 35.521249669 ], [ 137.054938936, 35.521291669 ], [ 137.055000935, 35.521291669 ] ] ] } },
{ "type": "Feature", "properties": { "A31a_101": "8505090072", "A31a_102": "川浦川", "A31a_103": "21", "A31a_104": "岐阜県", "A31a_105": 1 }, "geometry": { "type": "Polygon", "coordinates": [ [ [ 137.031625915, 35.510374664 ], [ 137.031625915, 35.510332664 ], [ 137.031563915, 35.510332664 ], [ 137.031563915, 35.510374664 ], [ 137.031625915, 35.510374664 ] ] ] } },
{ "type": "Feature", "properties": { "A31a_101": "8505090072", "A31a_102": "川浦川", "A31a_103": "21", "A31a_104": "岐阜県", "A31a_105": 1 }, "geometry": { "type": "Polygon", "coordinates": [ [ [ 137.001750826, 35.492624656 ], [ 137.001750826, 35.492582656 ], [ 137.001688826, 35.492582656 ], [ 137.001688826, 35.492624656 ], [ 137.001750826, 35.492624656 ] ] ] } },
{ "type": "Feature", "properties": { "A31a_101": "8505090072", "A31a_102": "川浦川", "A31a_103": "21", "A31a_104": "岐阜県", "A31a_105": 1 }, "geometry": { "type": "Polygon", "coordinates": [ [ [ 137.055750934, 35.521416669 ], [ 137.055750933, 35.521374669 ], [ 137.055688934, 35.521374669 ], [ 137.055688934, 35.521416669 ], [ 137.055750934, 35.521416669 ] ] ] } },
{ "type": "Feature", "properties": { "A31a_101": "8505090072", "A31a_102": "川浦川", "A31a_103": "21", "A31a_104": "岐阜県", "A31a_105": 1 }, "geometry": { "type": "Polygon", "coordinates": [ [ [ 137.00837584, 35.495041659 ], [ 137.00837584, 35.494999659 ], [ 137.00831384, 35.494999659 ], [ 137.00831384, 35.495041659 ], [ 137.00837584, 35.495041659 ] ] ] } },
{ "type": "Feature", "properties": { "A31a_101": "8505090072", "A31a_102": "川浦川", "A31a_103": "21", "A31a_104": "岐阜県", "A31a_105": 1 }, "geometry": { "type": "Polygon", "coordinates": [ [ [ 136.96787574, 35.484624649 ], [ 136.96787574, 35.484582649 ], [ 136.96781374, 35.484582649 ], [ 136.96781374, 35.484624649 ], [ 136.96787574, 35.484624649 ] ] ] } },
{ "type": "Feature", "properties": { "A31a_101": "8505090072", "A31a_102": "川浦川", "A31a_103": "21", "A31a_104": "岐阜県", "A31a_105": 1 }, "geometry": { "type": "Polygon", "coordinates": [ [ [ 137.056500934, 35.521874669 ], [ 137.056500933, 35.521832669 ], [ 137.056438934, 35.521832669 ], [ 137.056438934, 35.521874669 ], [ 137.056500934, 35.521874669 ] ] ] } },
{ "type": "Feature", "properties": { "A31a_101": "8505090072", "A31a_102": "川浦川", "A31a_103": "21", "A31a_104": "岐阜県", "A31a_105": 1 }, "geometry": { "type": "Polygon", "coordinates": [ [ [ 137.003250828, 35.492666657 ], [ 137.003250828, 35.492624657 ], [ 137.003188827, 35.492624657 ], [ 137.003188828, 35.492666657 ], [ 137.003250828, 35.492666657 ] ] ] } },
{ "type": "Feature", "properties": { "A31a_101": "8505090072", "A31a_102": "川浦川", "A31a_103": "21", "A31a_104": "岐阜県", "A31a_105": 1 }, "geometry": { "type": "Polygon", "coordinates": [ [ [ 136.964875732, 35.48449965 ], [ 136.964875732, 35.48445765 ], [ 136.964813732, 35.48445765 ], [ 136.964813732, 35.48449965 ], [ 136.964875732, 35.48449965 ] ] ] } },
{ "type": "Feature", "properties": { "A31a_101": "8505090072", "A31a_102": "川浦川", "A31a_103": "21", "A31a_104": "岐阜県", "A31a_105": 1 }, "geometry": { "type": "Polygon", "coordinates": [ [ [ 137.047000928, 35.516166668 ], [ 137.047000927, 35.516124668 ], [ 137.046938927, 35.516124668 ], [ 137.046938928, 35.516166668 ], [ 137.047000928, 35.516166668 ] ] ] } },
{ "type": "Feature", "properties": { "A31a_101": "8505090072", "A31a_102": "川浦川", "A31a_103": "21", "A31a_104": "岐阜県", "A31a_105": 1 }, "geometry": { "type": "Polygon", "coordinates": [ [ [ 137.045375925, 35.515291668 ], [ 137.045375925, 35.515249668 ], [ 137.045313925, 35.515249668 ], [ 137.045313926, 35.515291668 ], [ 137.045375925, 35.515291668 ] ] ] } },
{ "type": "Feature", "properties": { "A31a_101": "8505090072", "A31a_102": "川浦川", "A31a_103": "21", "A31a_104": "岐阜県", "A31a_105": 1 }, "geometry": { "type": "Polygon", "coordinates": [ [ [ 136.965438734, 35.486082652 ], [ 136.965438734, 35.486041652 ], [ 136.965375734, 35.486041652 ], [ 136.965375734, 35.486082652 ], [ 136.965438734, 35.486082652 ] ] ] } },
{ "type": "Feature", "properties": { "A31a_101": "8505090072", "A31a_102": "川浦川", "A31a_103": "21", "A31a_104": "岐阜県", "A31a_105": 1 }, "geometry": { "type": "Polygon", "coordinates": [ [ [ 137.031438914, 35.510207664 ], [ 137.031438914, 35.510166664 ], [ 137.031375914, 35.510166664 ], [ 137.031375914, 35.510207664 ], [ 137.031438914, 35.510207664 ] ] ] } },
{ "type": "Feature", "properties": { "A31a_101": "8505090072", "A31a_102": "川浦川", "A31a_103": "21", "A31a_104": "岐阜県", "A31a_105": 1 }, "geometry": { "type": "Polygon", "coordinates": [ [ [ 137.054938936, 35.521332669 ], [ 137.054938936, 35.521291669 ], [ 137.054875936, 35.521291669 ], [ 137.054875936, 35.521332669 ], [ 137.054938936, 35.521332669 ] ] ] } },
{ "type": "Feature", "properties": { "A31a_101": "8505090072", "A31a_102": "川浦川", "A31a_103": "21", "A31a_104": "岐阜県", "A31a_105": 1 }, "geometry": { "type": "Polygon", "coordinates": [ [ [ 137.047938943, 35.519082666 ], [ 137.047938943, 35.519041666 ], [ 137.047875943, 35.519041666 ], [ 137.047875943, 35.519082666 ], [ 137.047938943, 35.519082666 ] ] ] } },
{ "type": "Feature", "properties": { "A31a_101": "8505090072", "A31a_102": "川浦川", "A31a_103": "21", "A31a_104": "岐阜県", "A31a_105": 1 }, "geometry": { "type": "Polygon", "coordinates": [ [ [ 136.992063809, 35.492082654 ], [ 136.992063809, 35.492041654 ], [ 136.992000809, 35.492041654 ], [ 136.992000809, 35.492082654 ], [ 136.992063809, 35.492082654 ] ] ] } },
{ "type": "Feature", "properties": { "A31a_101": "8505090072", "A31a_102": "川浦川", "A31a_103": "21", "A31a_104": "岐阜県", "A31a_105": 1 }, "geometry": { "type": "Polygon", "coordinates": [ [ [ 136.998563829, 35.494707655 ], [ 136.998563828, 35.494666655 ], [ 136.998500828, 35.494666655 ], [ 136.998500828, 35.494707655 ], [ 136.998563829, 35.494707655 ] ] ] } },
{ "type": "Feature", "properties": { "A31a_101": "8505090072", "A31a_102": "川浦川", "A31a_103": "21", "A31a_104": "岐阜県", "A31a_105": 1 }, "geometry": { "type": "Polygon", "coordinates": [ [ [ 137.031938916, 35.510707664 ], [ 137.031938916, 35.510666664 ], [ 137.031875916, 35.510666664 ], [ 137.031875916, 35.510707664 ], [ 137.031938916, 35.510707664 ] ] ] } },
{ "type": "Feature", "properties": { "A31a_101": "8505090072", "A31a_102": "川浦川", "A31a_103": "21", "A31a_104": "岐阜県", "A31a_105": 1 }, "geometry": { "type": "Polygon", "coordinates": [ [ [ 137.055813933, 35.521332669 ], [ 137.055813933, 35.521291669 ], [ 137.055750933, 35.521291669 ], [ 137.055750933, 35.521332669 ], [ 137.055813933, 35.521332669 ] ] ] } },
{ "type": "Feature", "properties": { "A31a_101": "8505090072", "A31a_102": "川浦川", "A31a_103": "21", "A31a_104": "岐阜県", "A31a_105": 1 }, "geometry": { "type": "Polygon", "coordinates": [ [ [ 137.036688924, 35.512582665 ], [ 137.036688924, 35.512541665 ], [ 137.036625924, 35.512541665 ], [ 137.036625924, 35.512582665 ], [ 137.036688924, 35.512582665 ] ] ] } },
{ "type": "Feature", "properties": { "A31a_101": "8505090072", "A31a_102": "川浦川", "A31a_103": "21", "A31a_104": "岐阜県", "A31a_105": 1 }, "geometry": { "type": "Polygon", "coordinates": [ [ [ 137.036813924, 35.512582665 ], [ 137.036813924, 35.512541665 ], [ 137.036750924, 35.512541665 ], [ 137.036750924, 35.512582665 ], [ 137.036813924, 35.512582665 ] ] ] } },
{ "type": "Feature", "properties": { "A31a_101": "8505090072", "A31a_102": "川浦川", "A31a_103": "21", "A31a_104": "岐阜県", "A31a_105": 1 }, "geometry": { "type": "Polygon", "coordinates": [ [ [ 136.999063828, 35.494332655 ], [ 136.999063828, 35.494291655 ], [ 136.999000828, 35.494291655 ], [ 136.999000828, 35.494332655 ], [ 136.999063828, 35.494332655 ] ] ] } },
{ "type": "Feature", "properties": { "A31a_101": "8505090072", "A31a_102": "川浦川", "A31a_103": "21", "A31a_104": "岐阜県", "A31a_105": 1 }, "geometry": { "type": "Polygon", "coordinates": [ [ [ 136.997313823, 35.493707655 ], [ 136.997313823, 35.493666655 ], [ 136.997250823, 35.493666655 ], [ 136.997250823, 35.493707655 ], [ 136.997313823, 35.493707655 ] ] ] } },
{ "type": "Feature", "properties": { "A31a_101": "8505090072", "A31a_102": "川浦川", "A31a_103": "21", "A31a_104": "岐阜県", "A31a_105": 1 }, "geometry": { "type": "Polygon", "coordinates": [ [ [ 137.002938828, 35.492832657 ], [ 137.002938828, 35.492791657 ], [ 137.002875828, 35.492791657 ], [ 137.002875828, 35.492832657 ], [ 137.002938828, 35.492832657 ] ] ] } },
{ "type": "Feature", "properties": { "A31a_101": "8505090072", "A31a_102": "川浦川", "A31a_103": "21", "A31a_104": "岐阜県", "A31a_105": 1 }, "geometry": { "type": "Polygon", "coordinates": [ [ [ 136.997688824, 35.493707655 ], [ 136.997688824, 35.493666655 ], [ 136.997625824, 35.493666655 ], [ 136.997625824, 35.493707655 ], [ 136.997688824, 35.493707655 ] ] ] } },
{ "type": "Feature", "properties": { "A31a_101": "8505090072", "A31a_102": "川浦川", "A31a_103": "21", "A31a_104": "岐阜県", "A31a_105": 1 }, "geometry": { "type": "Polygon", "coordinates": [ [ [ 137.042875922, 35.513832668 ], [ 137.042875921, 35.513791668 ], [ 137.042813921, 35.513791668 ], [ 137.042813922, 35.513832668 ], [ 137.042875922, 35.513832668 ] ] ] } },
{ "type": "Feature", "properties": { "A31a_101": "8505090072", "A31a_102": "川浦川", "A31a_103": "21", "A31a_104": "岐阜県", "A31a_105": 1 }, "geometry": { "type": "Polygon", "coordinates": [ [ [ 137.054500937, 35.521207668 ], [ 137.054500936, 35.521166668 ], [ 137.054438937, 35.521166668 ], [ 137.054438937, 35.521207668 ], [ 137.054500937, 35.521207668 ] ] ] } },
{ "type": "Feature", "properties": { "A31a_101": "8505090072", "A31a_102": "川浦川", "A31a_103": "21", "A31a_104": "岐阜県", "A31a_105": 1 }, "geometry": { "type": "Polygon", "coordinates": [ [ [ 136.965125733, 35.485207651 ], [ 136.965125733, 35.485166651 ], [ 136.965063733, 35.485166651 ], [ 136.965063733, 35.485207651 ], [ 136.965125733, 35.485207651 ] ] ] } },
{ "type": "Feature", "properties": { "A31a_101": "8505090072", "A31a_102": "川浦川", "A31a_103": "21", "A31a_104": "岐阜県", "A31a_105": 1 }, "geometry": { "type": "Polygon", "coordinates": [ [ [ 137.031000912, 35.509707664 ], [ 137.031000911, 35.509666664 ], [ 137.030938911, 35.509666664 ], [ 137.030938912, 35.509707664 ], [ 137.031000912, 35.509707664 ] ] ] } },
{ "type": "Feature", "properties": { "A31a_101": "8505090072", "A31a_102": "川浦川", "A31a_103": "21", "A31a_104": "岐阜県", "A31a_105": 1 }, "geometry": { "type": "Polygon", "coordinates": [ [ [ 137.003500828, 35.492582657 ], [ 137.003500827, 35.492541657 ], [ 137.003438827, 35.492541657 ], [ 137.003438828, 35.492582657 ], [ 137.003500828, 35.492582657 ] ] ] } },
{ "type": "Feature", "properties": { "A31a_101": "8505090072", "A31a_102": "川浦川", "A31a_103": "21", "A31a_104": "岐阜県", "A31a_105": 1 }, "geometry": { "type": "Polygon", "coordinates": [ [ [ 137.025625904, 35.507582662 ], [ 137.025625904, 35.507541662 ], [ 137.025563904, 35.507541662 ], [ 137.025563904, 35.507582662 ], [ 137.025625904, 35.507582662 ] ] ] } },
{ "type": "Feature", "properties": { "A31a_101": "8505090072", "A31a_102": "川浦川", "A31a_103": "21", "A31a_104": "岐阜県", "A31a_105": 1 }, "geometry": { "type": "Polygon", "coordinates": [ [ [ 136.995375821, 35.494082655 ], [ 136.995375821, 35.494041655 ], [ 136.99531382, 35.494041655 ], [ 136.995313821, 35.494082655 ], [ 136.995375821, 35.494082655 ] ] ] } },
{ "type": "Feature", "properties": { "A31a_101": "8505090072", "A31a_102": "川浦川", "A31a_103": "21", "A31a_104": "岐阜県", "A31a_105": 2 }, "geometry": { "type": "Polygon", "coordinates": [ [ [ 136.965813735, 35.485541651 ], [ 136.965813735, 35.485499651 ], [ 136.965813735, 35.485457651 ], [ 136.965750735, 35.485457651 ], [ 136.965750735, 35.485416651 ], [ 136.965750735, 35.485374651 ], [ 136.965750735, 35.485332651 ], [ 136.965750735, 35.485291651 ], [ 136.965750735, 35.485249651 ], [ 136.965750735, 35.485207651 ], [ 136.965813735, 35.485207651 ], [ 136.965813735, 35.485166651 ], [ 136.965813735, 35.485124651 ], [ 136.965813735, 35.485082651 ], [ 136.965813735, 35.485041651 ], [ 136.965813735, 35.484999651 ], [ 136.965813735, 35.484957651 ], [ 136.965813735, 35.48491665 ], [ 136.965813735, 35.48487465 ], [ 136.965813735, 35.48483265 ], [ 136.965813735, 35.48479165 ], [ 136.965813735, 35.48474965 ], [ 136.965813735, 35.48470765 ], [ 136.965813735, 35.48466665 ], [ 136.965813735, 35.48462465 ], [ 136.965813735, 35.48458265 ], [ 136.965750734, 35.48458265 ], [ 136.965688734, 35.48458265 ], [ 136.965625734, 35.48458265 ], [ 136.965625734, 35.48454165 ], [ 136.965563734, 35.48454165 ], [ 136.965500734, 35.48454165 ], [ 136.965500734, 35.48458265 ], [ 136.965500734, 35.48462465 ], [ 136.965500734, 35.48466665 ], [ 136.965500734, 35.48470765 ], [ 136.965500734, 35.48474965 ], [ 136.965500734, 35.48479165 ], [ 136.965500734, 35.484832651 ], [ 136.965500734, 35.484874651 ], [ 136.965500734, 35.484916651 ], [ 136.965500734, 35.484957651 ], [ 136.965500734, 35.484999651 ], [ 136.965500734, 35.485041651 ], [ 136.965500734, 35.485082651 ], [ 136.965500734, 35.485124651 ], [ 136.965500734, 35.485166651 ], [ 136.965500734, 35.485207651 ], [ 136.965500734, 35.485249651 ], [ 136.965500734, 35.485291651 ], [ 136.965500734, 35.485332651 ], [ 136.965500734, 35.485374651 ], [ 136.965438734, 35.485374651 ], [ 136.965438734, 35.485416651 ], [ 136.965438734, 35.485457651 ], [ 136.965500734, 35.485457651 ], [ 136.965563734, 35.485457651 ], [ 136.965625735, 35.485457651 ], [ 136.965688735, 35.485457651 ], [ 136.965750735, 35.485457651 ], [ 136.965750735, 35.485499651 ], [ 136.965688735, 35.485499651 ], [ 136.965688735, 35.485541651 ], [ 136.965750735, 35.485541651 ], [ 136.965813735, 35.485541651 ] ] ] } },
{ "type": "Feature", "properties": { "A31a_101": "8505090072", "A31a_102": "川浦川", "A31a_103": "21", "A31a_104": "岐阜県", "A31a_105": 2 }, "geometry": { "type": "Polygon", "coordinates": [ [ [ 137.026375911, 35.508999662 ], [ 137.026375911, 35.508957662 ], [ 137.026313911, 35.508957662 ], [ 137.02631391, 35.508916662 ], [ 137.02625091, 35.508916662 ], [ 137.02618891, 35.508916661 ], [ 137.026188911, 35.508957661 ], [ 137.026125911, 35.508957661 ], [ 137.026125911, 35.508916661 ], [ 137.026063911, 35.508916661 ], [ 137.026063911, 35.508957661 ], [ 137.026063911, 35.508999661 ], [ 137.026000911, 35.508999661 ], [ 137.026000911, 35.509041661 ], [ 137.026000911, 35.509082661 ], [ 137.025938911, 35.509082661 ], [ 137.025938912, 35.509124661 ], [ 137.025938912, 35.509166661 ], [ 137.025938912, 35.509207661 ], [ 137.025875912, 35.509207661 ], [ 137.025875912, 35.509249661 ], [ 137.025813912, 35.509249661 ], [ 137.025750912, 35.509249661 ], [ 137.025688912, 35.509249661 ], [ 137.025688913, 35.509291661 ], [ 137.025688913, 35.509332661 ], [ 137.025625913, 35.509332661 ], [ 137.025625913, 35.509374661 ], [ 137.025563913, 35.509374661 ], [ 137.025563913, 35.509416661 ], [ 137.025563914, 35.509457661 ], [ 137.025500914, 35.509457661 ], [ 137.025500914, 35.509499661 ], [ 137.025438914, 35.509499661 ], [ 137.025438914, 35.509541661 ], [ 137.025438914, 35.509582661 ], [ 137.025500914, 35.509582661 ], [ 137.025563914, 35.509582661 ], [ 137.025625914, 35.509582661 ], [ 137.025688914, 35.509582661 ], [ 137.025688914, 35.509541661 ], [ 137.025750914, 35.509541661 ], [ 137.025750914, 35.509499661 ], [ 137.025750914, 35.509457661 ], [ 137.025813913, 35.509457661 ], [ 137.025813913, 35.509416661 ], [ 137.025813913, 35.509374661 ], [ 137.025875913, 35.509374661 ], [ 137.025875913, 35.509332661 ], [ 137.025938913, 35.509332661 ], [ 137.026000913, 35.509332661 ], [ 137.026000913, 35.509374661 ], [ 137.026000913, 35.509416661 ], [ 137.026063913, 35.509416661 ], [ 137.026125913, 35.509416661 ], [ 137.026125913, 35.509374661 ], [ 137.026125913, 35.509332661 ], [ 137.026125912, 35.509291661 ], [ 137.026188912, 35.509291661 ], [ 137.026188912, 35.509249661 ], [ 137.026188912, 35.509207661 ], [ 137.026250912, 35.509207661 ], [ 137.026250912, 35.509166661 ], [ 137.026313912, 35.509166661 ], [ 137.026313911, 35.509124661 ], [ 137.026250912, 35.509124661 ], [ 137.026250911, 35.509082661 ], [ 137.026250911, 35.509041661 ], [ 137.026250911, 35.508999661 ], [ 137.026250911, 35.508957662 ], [ 137.026313911, 35.508957662 ], [ 137.026313911, 35.508999662 ], [ 137.026375911, 35.508999662 ] ] ] } },
{ "type": "Feature", "properties": { "A31a_101": "8505090072", "A31a_102": "川浦川", "A31a_103": "21", "A31a_104": "岐阜県", "A31a_105": 2 }, "geometry": { "type": "Polygon", "coordinates": [ [ [ 137.01743889, 35.505624659 ], [ 137.01743889, 35.505582659 ], [ 137.01737589, 35.505582659 ], [ 137.01731389, 35.505582659 ], [ 137.01725089, 35.505582659 ], [ 137.01725089, 35.505541659 ], [ 137.01731389, 35.505541659 ], [ 137.017313889, 35.505499659 ], [ 137.017375889, 35.505499659 ], [ 137.017375889, 35.505457659 ], [ 137.017313889, 35.505457659 ], [ 137.017250889, 35.505457659 ], [ 137.017188889, 35.505457659 ], [ 137.017125889, 35.505457659 ], [ 137.017125889, 35.505416659 ], [ 137.017063889, 35.505416659 ], [ 137.017000889, 35.505416659 ], [ 137.016938889, 35.505416659 ], [ 137.016938889, 35.505457659 ], [ 137.016938889, 35.505499659 ], [ 137.016938889, 35.505541659 ], [ 137.016875889, 35.505541659 ], [ 137.016875889, 35.505582659 ], [ 137.01687589, 35.505624659 ], [ 137.01687589, 35.505666659 ], [ 137.01687589, 35.505707659 ], [ 137.01687589, 35.505749659 ], [ 137.01687589, 35.505791659 ], [ 137.01681389, 35.505791659 ], [ 137.01681389, 35.505832659 ], [ 137.016813891, 35.505874659 ], [ 137.016813891, 35.505916659 ], [ 137.016875891, 35.505916659 ], [ 137.016938891, 35.505916659 ], [ 137.016938891, 35.505957659 ], [ 137.017000891, 35.505957659 ], [ 137.017063891, 35.505957659 ], [ 137.017125891, 35.505957659 ], [ 137.017125891, 35.505916659 ], [ 137.017125891, 35.505874659 ], [ 137.017125891, 35.505832659 ], [ 137.017125891, 35.505791659 ], [ 137.017188891, 35.505791659 ], [ 137.01718889, 35.505749659 ], [ 137.01725089, 35.505749659 ], [ 137.01725089, 35.505707659 ], [ 137.01725089, 35.505666659 ], [ 137.01725089, 35.505624659 ], [ 137.01731389, 35.505624659 ], [ 137.01737589, 35.505624659 ], [ 137.01743889, 35.505624659 ] ] ] } },
{ "type": "Feature", "properties": { "A31a_101": "8505090072", "A31a_102": "川浦川", "A31a_103": "21", "A31a_104": "岐阜県", "A31a_105": 2 }, "geometry": { "type": "Polygon", "coordinates": [ [ [ 137.038000925, 35.512874665 ], [ 137.038000925, 35.512832665 ], [ 137.038000924, 35.512791665 ], [ 137.038000924, 35.512749665 ], [ 137.037938924, 35.512749665 ], [ 137.037938924, 35.512791665 ], [ 137.037938925, 35.512832665 ], [ 137.037875925, 35.512832665 ], [ 137.037875925, 35.512874665 ], [ 137.037813925, 35.512874665 ], [ 137.037813925, 35.512832665 ], [ 137.037750925, 35.512832665 ], [ 137.037750925, 35.512791665 ], [ 137.037813925, 35.512791665 ], [ 137.037875925, 35.512791665 ], [ 137.037875924, 35.512749665 ], [ 137.037875924, 35.512707665 ], [ 137.037813924, 35.512707665 ], [ 137.037750924, 35.512707665 ], [ 137.037750924, 35.512666665 ], [ 137.037750924, 35.512624665 ], [ 137.037813924, 35.512624665 ], [ 137.037813924, 35.512582665 ], [ 137.037750924, 35.512582665 ], [ 137.037688924, 35.512582665 ], [ 137.037625924, 35.512582665 ], [ 137.037625924, 35.512541665 ], [ 137.037563924, 35.512541665 ], [ 137.037500924, 35.512541665 ], [ 137.037438924, 35.512541665 ], [ 137.037375924, 35.512541665 ], [ 137.037375924, 35.512499665 ], [ 137.037313924, 35.512499665 ], [ 137.037250924, 35.512499665 ], [ 137.037250924, 35.512541665 ], [ 137.037250924, 35.512582665 ], [ 137.037250924, 35.512624665 ], [ 137.037250925, 35.512666665 ], [ 137.037250925, 35.512707665 ], [ 137.037313925, 35.512707665 ], [ 137.037375925, 35.512707665 ], [ 137.037438925, 35.512707665 ], [ 137.037500925, 35.512707665 ], [ 137.037500925, 35.512749665 ], [ 137.037500925, 35.512791665 ], [ 137.037563925, 35.512791665 ], [ 137.037625925, 35.512791665 ], [ 137.037625925, 35.512832665 ], [ 137.037625926, 35.512874665 ], [ 137.037688925, 35.512874665 ], [ 137.037750925, 35.512874665 ], [ 137.037813925, 35.512874665 ], [ 137.037813925, 35.512916665 ], [ 137.037875925, 35.512916665 ], [ 137.037938925, 35.512916665 ], [ 137.037938925, 35.512874665 ], [ 137.038000925, 35.512874665 ] ] ] } },
{ "type": "Feature", "properties": { "A31a_101": "8505090072", "A31a_102": "川浦川", "A31a_103": "21", "A31a_104": "岐阜県", "A31a_105": 2 }, "geometry": { "type": "Polygon", "coordinates": [ [ [ 137.035188921, 35.511832665 ], [ 137.035188921, 35.511791665 ], [ 137.035125921, 35.511791665 ], [ 137.035063921, 35.511791665 ], [ 137.035063921, 35.511749665 ], [ 137.03506392, 35.511707665 ], [ 137.03506392, 35.511666665 ], [ 137.03506392, 35.511624665 ], [ 137.03500092, 35.511624665 ], [ 137.03500092, 35.511582665 ], [ 137.03493892, 35.511582665 ], [ 137.034938919, 35.511541665 ], [ 137.034875919, 35.511541665 ], [ 137.034875919, 35.511499665 ], [ 137.034813919, 35.511499665 ], [ 137.034813919, 35.511457665 ], [ 137.034750919, 35.511457665 ], [ 137.034750919, 35.511499665 ], [ 137.03475092, 35.511541665 ], [ 137.03475092, 35.511582665 ], [ 137.03475092, 35.511624665 ], [ 137.03475092, 35.511666665 ], [ 137.03468892, 35.511666664 ], [ 137.03468892, 35.511707664 ], [ 137.034688921, 35.511749664 ], [ 137.034688921, 35.511791664 ], [ 137.034688921, 35.511832664 ], [ 137.034688921, 35.511874664 ], [ 137.034750921, 35.511874664 ], [ 137.034813921, 35.511874664 ], [ 137.034875921, 35.511874664 ], [ 137.034938921, 35.511874664 ], [ 137.035000921, 35.511874664 ], [ 137.035063921, 35.511874665 ], [ 137.035125921, 35.511874665 ], [ 137.035125921, 35.511832665 ], [ 137.035188921, 35.511832665 ] ] ] } },
{ "type": "Feature", "properties": { "A31a_101": "8505090072", "A31a_102": "川浦川", "A31a_103": "21", "A31a_104": "岐阜県", "A31a_105": 2 }, "geometry": { "type": "Polygon", "coordinates": [ [ [ 137.045063921, 35.514499669 ], [ 137.045063921, 35.514457669 ], [ 137.045000921, 35.514457669 ], [ 137.045000921, 35.514416669 ], [ 137.045000921, 35.514374669 ], [ 137.045000921, 35.514332669 ], [ 137.044938921, 35.514332669 ], [ 137.044875921, 35.514332669 ], [ 137.044875921, 35.514291669 ], [ 137.044813921, 35.514291669 ], [ 137.044750921, 35.514291669 ], [ 137.044688921, 35.514291669 ], [ 137.044688921, 35.514332669 ], [ 137.044688921, 35.514374669 ], [ 137.044688922, 35.514416669 ], [ 137.044688922, 35.514457669 ], [ 137.044688922, 35.514499668 ], [ 137.044688922, 35.514541668 ], [ 137.044688923, 35.514582668 ], [ 137.044688923, 35.514624668 ], [ 137.044688923, 35.514666668 ], [ 137.044750923, 35.514666668 ], [ 137.044750923, 35.514624668 ], [ 137.044813923, 35.514624668 ], [ 137.044813922, 35.514582668 ], [ 137.044875922, 35.514582669 ], [ 137.044875922, 35.514541669 ], [ 137.044938922, 35.514541669 ], [ 137.044938922, 35.514499669 ], [ 137.045000922, 35.514499669 ], [ 137.045063921, 35.514499669 ] ] ] } },
{ "type": "Feature", "properties": { "A31a_101": "8505090072", "A31a_102": "川浦川", "A31a_103": "21", "A31a_104": "岐阜県", "A31a_105": 2 }, "geometry": { "type": "Polygon", "coordinates": [ [ [ 136.998750827, 35.494166655 ], [ 136.998750827, 35.494124655 ], [ 136.998750827, 35.494082655 ], [ 136.998750827, 35.494041655 ], [ 136.998750827, 35.493999655 ], [ 136.998750827, 35.493957655 ], [ 136.998688827, 35.493957655 ], [ 136.998625826, 35.493957655 ], [ 136.998625826, 35.493916655 ], [ 136.998563826, 35.493916655 ], [ 136.998563826, 35.493874655 ], [ 136.998563826, 35.493832655 ], [ 136.998563826, 35.493791655 ], [ 136.998563826, 35.493749655 ], [ 136.998500826, 35.493749655 ], [ 136.998500826, 35.493707655 ], [ 136.998500825, 35.493666655 ], [ 136.998563826, 35.493666655 ], [ 136.998563825, 35.493624655 ], [ 136.998563825, 35.493582655 ], [ 136.998500825, 35.493582655 ], [ 136.998500825, 35.493541655 ], [ 136.998438825, 35.493541655 ], [ 136.998438825, 35.493582655 ], [ 136.998375825, 35.493582655 ], [ 136.998375825, 35.493624655 ], [ 136.998375825, 35.493666655 ], [ 136.998313825, 35.493666655 ], [ 136.998313825, 35.493707655 ], [ 136.998313825, 35.493749655 ], [ 136.998375825, 35.493749655 ], [ 136.998438826, 35.493749655 ], [ 136.998438826, 35.493791655 ], [ 136.998438826, 35.493832655 ], [ 136.998375826, 35.493832655 ], [ 136.998375826, 35.493874655 ], [ 136.998438826, 35.493874655 ], [ 136.998500826, 35.493874655 ], [ 136.998500826, 35.493916655 ], [ 136.998500826, 35.493957655 ], [ 136.998563826, 35.493957655 ], [ 136.998563826, 35.493999655 ], [ 136.998625827, 35.493999655 ], [ 136.998625827, 35.494041655 ], [ 136.998625827, 35.494082655 ], [ 136.998688827, 35.494082655 ], [ 136.998688827, 35.494124655 ], [ 136.998688827, 35.494166655 ], [ 136.998750827, 35.494166655 ] ] ] } },
{ "type": "Feature", "properties": { "A31a_101": "8505090072", "A31a_102": "川浦川", "A31a_103": "21", "A31a_104": "岐阜県", "A31a_105": 2 }, "geometry": { "type": "Polygon", "coordinates": [ [ [ 136.966813737, 35.48454165 ], [ 136.966813737, 35.48449965 ], [ 136.966750737, 35.48449965 ], [ 136.966750737, 35.484457649 ], [ 136.966750737, 35.484416649 ], [ 136.966750737, 35.484374649 ], [ 136.966688737, 35.484374649 ], [ 136.966625737, 35.484374649 ], [ 136.966563737, 35.484374649 ], [ 136.966500736, 35.484374649 ], [ 136.966438736, 35.48437465 ], [ 136.966375736, 35.48437465 ], [ 136.966313736, 35.48437465 ], [ 136.966250736, 35.48437465 ], [ 136.966250736, 35.48433265 ], [ 136.966188735, 35.48433265 ], [ 136.966188735, 35.48437465 ], [ 136.966188736, 35.48441665 ], [ 136.966188736, 35.48445765 ], [ 136.966188736, 35.48449965 ], [ 136.966188736, 35.48454165 ], [ 136.966250736, 35.48454165 ], [ 136.966313736, 35.48454165 ], [ 136.966313736, 35.48449965 ], [ 136.966375736, 35.48449965 ], [ 136.966438736, 35.48449965 ], [ 136.966438736, 35.48445765 ], [ 136.966500736, 35.48445765 ], [ 136.966500736, 35.48449965 ], [ 136.966563737, 35.48449965 ], [ 136.966625737, 35.48449965 ], [ 136.966688737, 35.48449965 ], [ 136.966688737, 35.48454165 ], [ 136.966750737, 35.48454165 ], [ 136.966813737, 35.48454165 ] ] ] } },
{ "type": "Feature", "properties": { "A31a_101": "8505090072", "A31a_102": "川浦川", "A31a_103": "21", "A31a_104": "岐阜県", "A31a_105": 2 }, "geometry": { "type": "Polygon", "coordinates": [ [ [ 136.996188823, 35.494249655 ], [ 136.996188823, 35.494207655 ], [ 136.996188822, 35.494166655 ], [ 136.996188822, 35.494124655 ], [ 136.996188822, 35.494082655 ], [ 136.996125822, 35.494082655 ], [ 136.996125822, 35.494041655 ], [ 136.996063822, 35.494041655 ], [ 136.996000822, 35.494041655 ], [ 136.995938822, 35.494041655 ], [ 136.995938822, 35.494082655 ], [ 136.995938822, 35.494124655 ], [ 136.995938822, 35.494166655 ], [ 136.995938822, 35.494207655 ], [ 136.995938822, 35.494249655 ], [ 136.995938822, 35.494291655 ], [ 136.995938822, 35.494332655 ], [ 136.995938823, 35.494374655 ], [ 136.996000823, 35.494374655 ], [ 136.996063823, 35.494374655 ], [ 136.996063823, 35.494332655 ], [ 136.996125823, 35.494332655 ], [ 136.996125823, 35.494291655 ], [ 136.996125823, 35.494249655 ], [ 136.996188823, 35.494249655 ] ] ] } },
{ "type": "Feature", "properties": { "A31a_101": "8505090072", "A31a_102": "川浦川", "A31a_103": "21", "A31a_104": "岐阜県", "A31a_105": 2 }, "geometry": { "type": "Polygon", "coordinates": [ [ [ 137.054750935, 35.521124669 ], [ 137.054750935, 35.521082669 ], [ 137.054688935, 35.521082669 ], [ 137.054688935, 35.521041669 ], [ 137.054688935, 35.520999669 ], [ 137.054688935, 35.520957669 ], [ 137.054688934, 35.520916669 ], [ 137.054625935, 35.520916669 ], [ 137.054563935, 35.520916669 ], [ 137.054563935, 35.520957669 ], [ 137.054500935, 35.520957669 ], [ 137.054438935, 35.520957669 ], [ 137.054375936, 35.520957669 ], [ 137.054375936, 35.520999668 ], [ 137.054375936, 35.521041668 ], [ 137.054375936, 35.521082668 ], [ 137.054375937, 35.521124668 ], [ 137.054375937, 35.521166668 ], [ 137.054375937, 35.521207668 ], [ 137.054438937, 35.521207668 ], [ 137.054438937, 35.521166668 ], [ 137.054500936, 35.521166668 ], [ 137.054500936, 35.521124668 ], [ 137.054563936, 35.521124668 ], [ 137.054563936, 35.521082669 ], [ 137.054625936, 35.521082669 ], [ 137.054688935, 35.521082669 ], [ 137.054688936, 35.521124669 ], [ 137.054750935, 35.521124669 ] ] ] } },
{ "type": "Feature", "properties": { "A31a_101": "8505090072", "A31a_102": "川浦川", "A31a_103": "21", "A31a_104": "岐阜県", "A31a_105": 2 }, "geometry": { "type": "Polygon", "coordinates": [ [ [ 137.052875946, 35.521874666 ], [ 137.052875946, 35.521832666 ], [ 137.052813946, 35.521832666 ], [ 137.052750946, 35.521832666 ], [ 137.052750946, 35.521791666 ], [ 137.052750946, 35.521749666 ], [ 137.052750946, 35.521707666 ], [ 137.052688946, 35.521707666 ], [ 137.052688946, 35.521749666 ], [ 137.052625946, 35.521749666 ], [ 137.052563947, 35.521749666 ], [ 137.052563947, 35.521791666 ], [ 137.052500947, 35.521791666 ], [ 137.052500947, 35.521832666 ], [ 137.052500948, 35.521874666 ], [ 137.052500948, 35.521916666 ], [ 137.052500948, 35.521957666 ], [ 137.052500948, 35.521999666 ], [ 137.052500949, 35.522041666 ], [ 137.052563948, 35.522041666 ], [ 137.052563948, 35.521999666 ], [ 137.052563948, 35.521957666 ], [ 137.052625948, 35.521957666 ], [ 137.052625947, 35.521916666 ], [ 137.052688947, 35.521916666 ], [ 137.052750947, 35.521916666 ], [ 137.052750947, 35.521874666 ], [ 137.052813946, 35.521874666 ], [ 137.052875946, 35.521874666 ] ] ] } },
{ "type": "Feature", "properties": { "A31a_101": "8505090072", "A31a_102": "川浦川", "A31a_103": "21", "A31a_104": "岐阜県", "A31a_105": 2 }, "geometry": { "type": "Polygon", "coordinates": [ [ [ 137.036500924, 35.512541665 ], [ 137.036500924, 35.512499665 ], [ 137.036438924, 35.512499665 ], [ 137.036438924, 35.512457665 ], [ 137.036438924, 35.512416665 ], [ 137.036438923, 35.512374665 ], [ 137.036375923, 35.512374665 ], [ 137.036375923, 35.512332665 ], [ 137.036375923, 35.512291665 ], [ 137.036313923, 35.512291665 ], [ 137.036313923, 35.512332665 ], [ 137.036250923, 35.512332665 ], [ 137.036250923, 35.512374665 ], [ 137.036188923, 35.512374665 ], [ 137.036188924, 35.512416665 ], [ 137.036188924, 35.512457665 ], [ 137.036125924, 35.512457665 ], [ 137.036125924, 35.512499665 ], [ 137.036188924, 35.512499665 ], [ 137.036250924, 35.512499665 ], [ 137.036313924, 35.512499665 ], [ 137.036313924, 35.512541665 ], [ 137.036375924, 35.512541665 ], [ 137.036375925, 35.512582665 ], [ 137.036375925, 35.512624665 ], [ 137.036438925, 35.512624665 ], [ 137.036438925, 35.512582665 ], [ 137.036438924, 35.512541665 ], [ 137.036375924, 35.512541665 ], [ 137.036375924, 35.512499665 ], [ 137.036438924, 35.512499665 ], [ 137.036438924, 35.512541665 ], [ 137.036500924, 35.512541665 ] ] ] } },
{ "type": "Feature", "properties": { "A31a_101": "8505090072", "A31a_102": "川浦川", "A31a_103": "21", "A31a_104": "岐阜県", "A31a_105": 2 }, "geometry": { "type": "Polygon", "coordinates": [ [ [ 137.003063829, 35.493207657 ], [ 137.003063829, 35.493166657 ], [ 137.003063829, 35.493124657 ], [ 137.003000829, 35.493124657 ], [ 137.002938829, 35.493124657 ], [ 137.002875829, 35.493124657 ], [ 137.002813829, 35.493124657 ], [ 137.002750829, 35.493124657 ], [ 137.002750829, 35.493082657 ], [ 137.002688829, 35.493082657 ], [ 137.002625829, 35.493082657 ], [ 137.002625828, 35.493041657 ], [ 137.002563828, 35.493041657 ], [ 137.002563828, 35.493082657 ], [ 137.002500828, 35.493082657 ], [ 137.002438828, 35.493082657 ], [ 137.002438829, 35.493124657 ], [ 137.002500829, 35.493124657 ], [ 137.002500829, 35.493166657 ], [ 137.002563829, 35.493166657 ], [ 137.002563829, 35.493124657 ], [ 137.002625829, 35.493124657 ], [ 137.002688829, 35.493124657 ], [ 137.002750829, 35.493124657 ], [ 137.002750829, 35.493166657 ], [ 137.002813829, 35.493166657 ], [ 137.002813829, 35.493207657 ], [ 137.002875829, 35.493207657 ], [ 137.002938829, 35.493207657 ], [ 137.003000829, 35.493207657 ], [ 137.003063829, 35.493207657 ] ] ] } },
{ "type": "Feature", "properties": { "A31a_101": "8505090072", "A31a_102": "川浦川", "A31a_103": "21", "A31a_104": "岐阜県", "A31a_105": 2 }, "geometry": { "type": "Polygon", "coordinates": [ [ [ 137.05531393, 35.52062467 ], [ 137.05531393, 35.52058267 ], [ 137.05525093, 35.52058267 ], [ 137.05525093, 35.52054167 ], [ 137.05518893, 35.52054167 ], [ 137.05518893, 35.52049967 ], [ 137.05518893, 35.52045767 ], [ 137.05512593, 35.52045767 ], [ 137.05512593, 35.52041667 ], [ 137.05506393, 35.52041667 ], [ 137.05500093, 35.52041667 ], [ 137.055000931, 35.52045767 ], [ 137.055000931, 35.52049967 ], [ 137.055000931, 35.520541669 ], [ 137.055063931, 35.52054167 ], [ 137.055063931, 35.520582669 ], [ 137.055063931, 35.520624669 ], [ 137.055125931, 35.52062467 ], [ 137.055188931, 35.52062467 ], [ 137.055188931, 35.52066667 ], [ 137.055250931, 35.52066667 ], [ 137.055250931, 35.52062467 ], [ 137.05531393, 35.52062467 ] ] ] } },
{ "type": "Feature", "properties": { "A31a_101": "8505090072", "A31a_102": "川浦川", "A31a_103": "21", "A31a_104": "岐阜県", "A31a_105": 2 }, "geometry": { "type": "Polygon", "coordinates": [ [ [ 137.055750933, 35.521374669 ], [ 137.055750933, 35.521332669 ], [ 137.055688933, 35.521332669 ], [ 137.055625934, 35.521332669 ], [ 137.055625934, 35.521374669 ], [ 137.055625934, 35.521416669 ], [ 137.055625934, 35.521457669 ], [ 137.055563934, 35.521457669 ], [ 137.055500935, 35.521457669 ], [ 137.055438935, 35.521457669 ], [ 137.055375935, 35.521457669 ], [ 137.055375935, 35.521499669 ], [ 137.055375936, 35.521541669 ], [ 137.055375936, 35.521582669 ], [ 137.055375936, 35.521624669 ], [ 137.055438936, 35.521624669 ], [ 137.055438936, 35.521582669 ], [ 137.055438935, 35.521541669 ], [ 137.055438935, 35.521499669 ], [ 137.055500935, 35.521499669 ], [ 137.055500935, 35.521541669 ], [ 137.055563935, 35.521541669 ], [ 137.055625935, 35.521541669 ], [ 137.055688935, 35.521541669 ], [ 137.055688934, 35.521499669 ], [ 137.055688934, 35.521457669 ], [ 137.055688934, 35.521416669 ], [ 137.055688934, 35.521374669 ], [ 137.055750933, 35.521374669 ] ] ] } },
{ "type": "Feature", "properties": { "A31a_101": "8505090072", "A31a_102": "川浦川", "A31a_103": "21", "A31a_104": "岐阜県", "A31a_105": 2 }, "geometry": { "type": "Polygon", "coordinates": [ [ [ 137.047438943, 35.518916665 ], [ 137.047438943, 35.518874666 ], [ 137.047438943, 35.518832666 ], [ 137.047375943, 35.518832666 ], [ 137.047375942, 35.518791666 ], [ 137.047375942, 35.518749666 ], [ 137.047313942, 35.518749666 ], [ 137.047250942, 35.518749666 ], [ 137.047188942, 35.518749665 ], [ 137.047188943, 35.518791665 ], [ 137.047188943, 35.518832665 ], [ 137.047188943, 35.518874665 ], [ 137.047188944, 35.518916665 ], [ 137.047250943, 35.518916665 ], [ 137.047313943, 35.518916665 ], [ 137.047375943, 35.518916665 ], [ 137.047438943, 35.518916665 ] ] ] } },
{ "type": "Feature", "properties": { "A31a_101": "8505090072", "A31a_102": "川浦川", "A31a_103": "21", "A31a_104": "岐阜県", "A31a_105": 2 }, "geometry": { "type": "Polygon", "coordinates": [ [ [ 137.001375828, 35.493166656 ], [ 137.001375828, 35.493124656 ], [ 137.001375828, 35.493082656 ], [ 137.001375827, 35.493041656 ], [ 137.001375827, 35.492999656 ], [ 137.001375827, 35.492957656 ], [ 137.001375827, 35.492916656 ], [ 137.001313827, 35.492916656 ], [ 137.001250827, 35.492916656 ], [ 137.001250827, 35.492957656 ], [ 137.001250827, 35.492999656 ], [ 137.001250827, 35.493041656 ], [ 137.001250827, 35.493082656 ], [ 137.001250828, 35.493124656 ], [ 137.001250828, 35.493166656 ], [ 137.001250828, 35.493207656 ], [ 137.001313828, 35.493207656 ], [ 137.001313828, 35.493166656 ], [ 137.001375828, 35.493166656 ] ] ] } },
{ "type": "Feature", "properties": { "A31a_101": "8505090072", "A31a_102": "川浦川", "A31a_103": "21", "A31a_104": "岐阜県", "A31a_105": 2 }, "geometry": { "type": "Polygon", "coordinates": [ [ [ 137.054000937, 35.520999668 ], [ 137.054000937, 35.520957668 ], [ 137.054000937, 35.520916668 ], [ 137.053938937, 35.520916668 ], [ 137.053938937, 35.520874668 ], [ 137.053938936, 35.520832668 ], [ 137.053875937, 35.520832668 ], [ 137.053813937, 35.520832668 ], [ 137.053813937, 35.520874668 ], [ 137.053813937, 35.520916668 ], [ 137.053813938, 35.520957668 ], [ 137.053813938, 35.520999668 ], [ 137.053813938, 35.521041668 ], [ 137.053875938, 35.521041668 ], [ 137.053938938, 35.521041668 ], [ 137.053938937, 35.520999668 ], [ 137.054000937, 35.520999668 ] ] ] } },
{ "type": "Feature", "properties": { "A31a_101": "8505090072", "A31a_102": "川浦川", "A31a_103": "21", "A31a_104": "岐阜県", "A31a_105": 2 }, "geometry": { "type": "Polygon", "coordinates": [ [ [ 137.048688944, 35.519499666 ], [ 137.048688944, 35.519457666 ], [ 137.048625944, 35.519457666 ], [ 137.048625944, 35.519416666 ], [ 137.048625944, 35.519374666 ], [ 137.048563944, 35.519374666 ], [ 137.048563944, 35.519416666 ], [ 137.048563944, 35.519457666 ], [ 137.048563945, 35.519499666 ], [ 137.048500945, 35.519499666 ], [ 137.048500944, 35.519457666 ], [ 137.048438945, 35.519457666 ], [ 137.048438945, 35.519499666 ], [ 137.048438945, 35.519541666 ], [ 137.048438945, 35.519582665 ], [ 137.048438946, 35.519624665 ], [ 137.048438946, 35.519666665 ], [ 137.048500946, 35.519666665 ], [ 137.048500945, 35.519624665 ], [ 137.048500945, 35.519582666 ], [ 137.048563945, 35.519582666 ], [ 137.048563945, 35.519541666 ], [ 137.048625945, 35.519541666 ], [ 137.048625944, 35.519499666 ], [ 137.048688944, 35.519499666 ] ] ] } },
{ "type": "Feature", "properties": { "A31a_101": "8505090072", "A31a_102": "川浦川", "A31a_103": "21", "A31a_104": "岐阜県", "A31a_105": 2 }, "geometry": { "type": "Polygon", "coordinates": [ [ [ 137.062750938, 35.526541668 ], [ 137.062750937, 35.526499668 ], [ 137.062688938, 35.526499668 ], [ 137.062688937, 35.526457668 ], [ 137.062625938, 35.526457668 ], [ 137.062563938, 35.526457668 ], [ 137.062500938, 35.526457668 ], [ 137.062500939, 35.526499667 ], [ 137.062500939, 35.526541667 ], [ 137.062500939, 35.526582667 ], [ 137.062500939, 35.526624667 ], [ 137.062563939, 35.526624667 ], [ 137.062563939, 35.526582667 ], [ 137.062625938, 35.526582667 ], [ 137.062688938, 35.526582668 ], [ 137.062688938, 35.526541668 ], [ 137.062750938, 35.526541668 ] ] ] } },
{ "type": "Feature", "properties": { "A31a_101": "8505090072", "A31a_102": "川浦川", "A31a_103": "21", "A31a_104": "岐阜県", "A31a_105": 2 }, "geometry": { "type": "Polygon", "coordinates": [ [ [ 137.017438891, 35.505916659 ], [ 137.017438891, 35.505874659 ], [ 137.017438891, 35.505832659 ], [ 137.017375891, 35.505832659 ], [ 137.017313891, 35.505832659 ], [ 137.017250891, 35.505832659 ], [ 137.017188891, 35.505832659 ], [ 137.017188891, 35.505874659 ], [ 137.017188891, 35.505916659 ], [ 137.017188891, 35.505957659 ], [ 137.017250891, 35.505957659 ], [ 137.017313891, 35.505957659 ], [ 137.017375891, 35.505957659 ], [ 137.017375891, 35.505916659 ], [ 137.017438891, 35.505916659 ] ] ] } },
{ "type": "Feature", "properties": { "A31a_101": "8505090072", "A31a_102": "川浦川", "A31a_103": "21", "A31a_104": "岐阜県", "A31a_105": 2 }, "geometry": { "type": "Polygon", "coordinates": [ [ [ 137.053375943, 35.521666667 ], [ 137.053375943, 35.521624667 ], [ 137.053375943, 35.521582667 ], [ 137.053375943, 35.521541667 ], [ 137.053313943, 35.521541667 ], [ 137.053313943, 35.521582667 ], [ 137.053250943, 35.521582667 ], [ 137.053188943, 35.521582667 ], [ 137.053188944, 35.521624667 ], [ 137.053125944, 35.521624667 ], [ 137.053125944, 35.521666667 ], [ 137.053125944, 35.521707667 ], [ 137.053125945, 35.521749667 ], [ 137.053188944, 35.521749667 ], [ 137.053188944, 35.521707667 ], [ 137.053250944, 35.521707667 ], [ 137.053250944, 35.521666667 ], [ 137.053313944, 35.521666667 ], [ 137.053375943, 35.521666667 ] ] ] } },
{ "type": "Feature", "properties": { "A31a_101": "8505090072", "A31a_102": "川浦川", "A31a_103": "21", "A31a_104": "岐阜県", "A31a_105": 2 }, "geometry": { "type": "Polygon", "coordinates": [ [ [ 137.055813932, 35.521249669 ], [ 137.055813932, 35.521207669 ], [ 137.055750932, 35.521207669 ], [ 137.055750932, 35.521166669 ], [ 137.055750932, 35.521124669 ], [ 137.055750932, 35.521082669 ], [ 137.055750931, 35.52104167 ], [ 137.055688932, 35.521041669 ], [ 137.055688932, 35.521082669 ], [ 137.055625932, 35.521082669 ], [ 137.055625932, 35.521124669 ], [ 137.055625933, 35.521166669 ], [ 137.055625933, 35.521207669 ], [ 137.055625933, 35.521249669 ], [ 137.055688933, 35.521249669 ], [ 137.055750933, 35.521249669 ], [ 137.055813932, 35.521249669 ] ] ] } },
{ "type": "Feature", "properties": { "A31a_101": "8505090072", "A31a_102": "川浦川", "A31a_103": "21", "A31a_104": "岐阜県", "A31a_105": 2 }, "geometry": { "type": "Polygon", "coordinates": [ [ [ 137.018938892, 35.50570766 ], [ 137.018938891, 35.50566666 ], [ 137.018875891, 35.50566666 ], [ 137.018813891, 35.50566666 ], [ 137.018750891, 35.50566666 ], [ 137.018750891, 35.50570766 ], [ 137.018750892, 35.50574966 ], [ 137.018750892, 35.50579166 ], [ 137.018750892, 35.50583266 ], [ 137.018750892, 35.50587466 ], [ 137.018750892, 35.50591666 ], [ 137.018750892, 35.50595766 ], [ 137.018813893, 35.50595766 ], [ 137.018813892, 35.50591666 ], [ 137.018813892, 35.50587466 ], [ 137.018813892, 35.50583266 ], [ 137.018813892, 35.50579166 ], [ 137.018813892, 35.50574966 ], [ 137.018875892, 35.50574966 ], [ 137.018875891, 35.50570766 ], [ 137.018938892, 35.50570766 ] ] ] } },
{ "type": "Feature", "properties": { "A31a_101": "8505090072", "A31a_102": "川浦川", "A31a_103": "21", "A31a_104": "岐阜県", "A31a_105": 2 }, "geometry": { "type": "Polygon", "coordinates": [ [ [ 137.054000939, 35.521249668 ], [ 137.054000938, 35.521207668 ], [ 137.054000938, 35.521166668 ], [ 137.053938938, 35.521166668 ], [ 137.053938938, 35.521124668 ], [ 137.053875938, 35.521124668 ], [ 137.053813939, 35.521124668 ], [ 137.053813939, 35.521166668 ], [ 137.053750939, 35.521166668 ], [ 137.053750939, 35.521207668 ], [ 137.05375094, 35.521249668 ], [ 137.053813939, 35.521249668 ], [ 137.053875939, 35.521249668 ], [ 137.053938939, 35.521249668 ], [ 137.054000939, 35.521249668 ] ] ] } },
{ "type": "Feature", "properties": { "A31a_101": "8505090072", "A31a_102": "川浦川", "A31a_103": "21", "A31a_104": "岐阜県", "A31a_105": 2 }, "geometry": { "type": "Polygon", "coordinates": [ [ [ 137.034375919, 35.511457664 ], [ 137.034375919, 35.511416665 ], [ 137.034313919, 35.511416664 ], [ 137.034313919, 35.511374665 ], [ 137.034250919, 35.511374664 ], [ 137.034188919, 35.511374664 ], [ 137.034188919, 35.511332665 ], [ 137.034125919, 35.511332664 ], [ 137.034063919, 35.511332664 ], [ 137.034063919, 35.511374664 ], [ 137.034125919, 35.511374664 ], [ 137.034125919, 35.511416664 ], [ 137.034063919, 35.511416664 ], [ 137.034063919, 35.511457664 ], [ 137.034125919, 35.511457664 ], [ 137.034188919, 35.511457664 ], [ 137.034250919, 35.511457664 ], [ 137.034313919, 35.511457664 ], [ 137.034375919, 35.511457664 ] ] ] } },
{ "type": "Feature", "properties": { "A31a_101": "8505090072", "A31a_102": "川浦川", "A31a_103": "21", "A31a_104": "岐阜県", "A31a_105": 2 }, "geometry": { "type": "Polygon", "coordinates": [ [ [ 137.016438891, 35.505957658 ], [ 137.016438891, 35.505916658 ], [ 137.016375891, 35.505916658 ], [ 137.01631389, 35.505916658 ], [ 137.01625089, 35.505916658 ], [ 137.01618889, 35.505916658 ], [ 137.016188891, 35.505957658 ], [ 137.01612589, 35.505957658 ], [ 137.01606389, 35.505957658 ], [ 137.01606389, 35.505916658 ], [ 137.01600089, 35.505916658 ], [ 137.01600089, 35.505957658 ], [ 137.01606389, 35.505957658 ], [ 137.016063891, 35.505999658 ], [ 137.016125891, 35.505999658 ], [ 137.016188891, 35.505999658 ], [ 137.016250891, 35.505999658 ], [ 137.016313891, 35.505999658 ], [ 137.016313891, 35.506041658 ], [ 137.016375891, 35.506041658 ], [ 137.016375891, 35.505999658 ], [ 137.016313891, 35.505999658 ], [ 137.016313891, 35.505957658 ], [ 137.016375891, 35.505957658 ], [ 137.016438891, 35.505957658 ] ] ] } },
{ "type": "Feature", "properties": { "A31a_101": "8505090072", "A31a_102": "川浦川", "A31a_103": "21", "A31a_104": "岐阜県", "A31a_105": 2 }, "geometry": { "type": "Polygon", "coordinates": [ [ [ 137.045250921, 35.514416669 ], [ 137.04525092, 35.514374669 ], [ 137.04525092, 35.514332669 ], [ 137.04525092, 35.514291669 ], [ 137.04518892, 35.514291669 ], [ 137.04512592, 35.514291669 ], [ 137.04512592, 35.514249669 ], [ 137.04506392, 35.514249669 ], [ 137.04506392, 35.514207669 ], [ 137.04500092, 35.514207669 ], [ 137.04500092, 35.514249669 ], [ 137.04493892, 35.514249669 ], [ 137.044938921, 35.514291669 ], [ 137.04500092, 35.514291669 ], [ 137.04506392, 35.514291669 ], [ 137.04512592, 35.514291669 ], [ 137.04512592, 35.514332669 ], [ 137.045125921, 35.514374669 ], [ 137.045188921, 35.514374669 ], [ 137.045188921, 35.514416669 ], [ 137.045250921, 35.514416669 ] ] ] } },
{ "type": "Feature", "properties": { "A31a_101": "8505090072", "A31a_102": "川浦川", "A31a_103": "21", "A31a_104": "岐阜県", "A31a_105": 2 }, "geometry": { "type": "Polygon", "coordinates": [ [ [ 137.046188924, 35.515249669 ], [ 137.046188924, 35.515207669 ], [ 137.046125924, 35.515207669 ], [ 137.046063924, 35.515207669 ], [ 137.046000924, 35.515207669 ], [ 137.045938924, 35.515207669 ], [ 137.045938924, 35.515249668 ], [ 137.045938924, 35.515291668 ], [ 137.045938925, 35.515332668 ], [ 137.046000925, 35.515332668 ], [ 137.046063924, 35.515332668 ], [ 137.046063924, 35.515291669 ], [ 137.046125924, 35.515291669 ], [ 137.046125924, 35.515249669 ], [ 137.046188924, 35.515249669 ] ] ] } },
{ "type": "Feature", "properties": { "A31a_101": "8505090072", "A31a_102": "川浦川", "A31a_103": "21", "A31a_104": "岐阜県", "A31a_105": 2 }, "geometry": { "type": "Polygon", "coordinates": [ [ [ 137.035875921, 35.511916665 ], [ 137.035875921, 35.511874665 ], [ 137.035813921, 35.511874665 ], [ 137.035813921, 35.511832665 ], [ 137.03581392, 35.511791665 ], [ 137.03575092, 35.511791665 ], [ 137.03575092, 35.511749665 ], [ 137.03568892, 35.511749665 ], [ 137.03562592, 35.511749665 ], [ 137.035625921, 35.511791665 ], [ 137.035625921, 35.511832665 ], [ 137.035625921, 35.511874665 ], [ 137.035688921, 35.511874665 ], [ 137.035750921, 35.511874665 ], [ 137.035813921, 35.511874665 ], [ 137.035813921, 35.511916665 ], [ 137.035875921, 35.511916665 ] ] ] } },
{ "type": "Feature", "properties": { "A31a_101": "8505090072", "A31a_102": "川浦川", "A31a_103": "21", "A31a_104": "岐阜県", "A31a_105": 2 }, "geometry": { "type": "Polygon", "coordinates": [ [ [ 137.054188936, 35.520832669 ], [ 137.054188935, 35.520791669 ], [ 137.054188935, 35.520749669 ], [ 137.054188935, 35.520707669 ], [ 137.054188935, 35.520666669 ], [ 137.054125935, 35.520666669 ], [ 137.054125935, 35.520624669 ], [ 137.054063935, 35.520624669 ], [ 137.054063935, 35.520666669 ], [ 137.054063935, 35.520707669 ], [ 137.054063936, 35.520749669 ], [ 137.054063936, 35.520791668 ], [ 137.054063936, 35.520832668 ], [ 137.054125936, 35.520832668 ], [ 137.054188936, 35.520832669 ] ] ] } },
{ "type": "Feature", "properties": { "A31a_101": "8505090072", "A31a_102": "川浦川", "A31a_103": "21", "A31a_104": "岐阜県", "A31a_105": 2 }, "geometry": { "type": "Polygon", "coordinates": [ [ [ 136.998875827, 35.493832655 ], [ 136.998875826, 35.493791655 ], [ 136.998875826, 35.493749655 ], [ 136.998813826, 35.493749655 ], [ 136.998813826, 35.493707655 ], [ 136.998750826, 35.493707655 ], [ 136.998750826, 35.493749655 ], [ 136.998750826, 35.493791655 ], [ 136.998688826, 35.493791655 ], [ 136.998688826, 35.493749655 ], [ 136.998625826, 35.493749655 ], [ 136.998625826, 35.493791655 ], [ 136.998688826, 35.493791655 ], [ 136.998688826, 35.493832655 ], [ 136.998750826, 35.493832655 ], [ 136.998750826, 35.493874655 ], [ 136.998813827, 35.493874655 ], [ 136.998813826, 35.493832655 ], [ 136.998875827, 35.493832655 ] ] ] } },
{ "type": "Feature", "properties": { "A31a_101": "8505090072", "A31a_102": "川浦川", "A31a_103": "21", "A31a_104": "岐阜県", "A31a_105": 2 }, "geometry": { "type": "Polygon", "coordinates": [ [ [ 137.049250943, 35.519457666 ], [ 137.049250943, 35.519416666 ], [ 137.049250943, 35.519374666 ], [ 137.049188943, 35.519374666 ], [ 137.049125943, 35.519374666 ], [ 137.049063943, 35.519374666 ], [ 137.049063943, 35.519416666 ], [ 137.049063943, 35.519457666 ], [ 137.049063944, 35.519499666 ], [ 137.049125944, 35.519499666 ], [ 137.049188943, 35.519499666 ], [ 137.049188943, 35.519457666 ], [ 137.049250943, 35.519457666 ] ] ] } },
{ "type": "Feature", "properties": { "A31a_101": "8505090072", "A31a_102": "川浦川", "A31a_103": "21", "A31a_104": "岐阜県", "A31a_105": 2 }, "geometry": { "type": "Polygon", "coordinates": [ [ [ 137.055000932, 35.520624669 ], [ 137.055000931, 35.520582669 ], [ 137.055000931, 35.520541669 ], [ 137.054938931, 35.520541669 ], [ 137.054875931, 35.520541669 ], [ 137.054875931, 35.520499669 ], [ 137.054813931, 35.520499669 ], [ 137.054750932, 35.520499669 ], [ 137.054750932, 35.520541669 ], [ 137.054688932, 35.520541669 ], [ 137.054688932, 35.520582669 ], [ 137.054750932, 35.520582669 ], [ 137.054813932, 35.520582669 ], [ 137.054813932, 35.520541669 ], [ 137.054875931, 35.520541669 ], [ 137.054875932, 35.520582669 ], [ 137.054875932, 35.520624669 ], [ 137.054938932, 35.520624669 ], [ 137.055000932, 35.520624669 ] ] ] } },
{ "type": "Feature", "properties": { "A31a_101": "8505090072", "A31a_102": "川浦川", "A31a_103": "21", "A31a_104": "岐阜県", "A31a_105": 2 }, "geometry": { "type": "Polygon", "coordinates": [ [ [ 136.998438829, 35.494791655 ], [ 136.998438828, 35.494749655 ], [ 136.998438828, 35.494707655 ], [ 136.998375828, 35.494707655 ], [ 136.998313828, 35.494707655 ], [ 136.998250828, 35.494707655 ], [ 136.998188828, 35.494707655 ], [ 136.998125828, 35.494707655 ], [ 136.998125828, 35.494749655 ], [ 136.998188828, 35.494749655 ], [ 136.998250828, 35.494749655 ], [ 136.998313828, 35.494749655 ], [ 136.998313828, 35.494791655 ], [ 136.998375828, 35.494791655 ], [ 136.998438829, 35.494791655 ] ] ] } },
{ "type": "Feature", "properties": { "A31a_101": "8505090072", "A31a_102": "川浦川", "A31a_103": "21", "A31a_104": "岐阜県", "A31a_105": 2 }, "geometry": { "type": "Polygon", "coordinates": [ [ [ 137.052375949, 35.521999666 ], [ 137.052375948, 35.521957666 ], [ 137.052313949, 35.521957666 ], [ 137.052250949, 35.521957666 ], [ 137.052250949, 35.521916666 ], [ 137.052188949, 35.521916666 ], [ 137.052188949, 35.521874666 ], [ 137.052125949, 35.521874666 ], [ 137.052125949, 35.521916666 ], [ 137.052125949, 35.521957666 ], [ 137.05212595, 35.521999666 ], [ 137.052188949, 35.521999666 ], [ 137.052250949, 35.521999666 ], [ 137.052313949, 35.521999666 ], [ 137.052375949, 35.521999666 ] ] ] } },
{ "type": "Feature", "properties": { "A31a_101": "8505090072", "A31a_102": "川浦川", "A31a_103": "21", "A31a_104": "岐阜県", "A31a_105": 2 }, "geometry": { "type": "Polygon", "coordinates": [ [ [ 137.046813943, 35.518666665 ], [ 137.046813942, 35.518624665 ], [ 137.046750943, 35.518624665 ], [ 137.046688943, 35.518624665 ], [ 137.046625943, 35.518624665 ], [ 137.046563943, 35.518624665 ], [ 137.046563943, 35.518666665 ], [ 137.046563943, 35.518707665 ], [ 137.046625943, 35.518707665 ], [ 137.046688943, 35.518707665 ], [ 137.046750943, 35.518707665 ], [ 137.046750943, 35.518666665 ], [ 137.046813943, 35.518666665 ] ] ] } },
{ "type": "Feature", "properties": { "A31a_101": "8505090072", "A31a_102": "川浦川", "A31a_103": "21", "A31a_104": "岐阜県", "A31a_105": 2 }, "geometry": { "type": "Polygon", "coordinates": [ [ [ 137.018563891, 35.50570766 ], [ 137.018563891, 35.50566666 ], [ 137.018563891, 35.50562466 ], [ 137.018500891, 35.50562466 ], [ 137.018438891, 35.50562466 ], [ 137.018438891, 35.50566666 ], [ 137.018438891, 35.505707659 ], [ 137.018438891, 35.505749659 ], [ 137.018438892, 35.505791659 ], [ 137.018438892, 35.505832659 ], [ 137.018500892, 35.505832659 ], [ 137.018500892, 35.505791659 ], [ 137.018500891, 35.505749659 ], [ 137.018500891, 35.50570766 ], [ 137.018563891, 35.50570766 ] ] ] } },
{ "type": "Feature", "properties": { "A31a_101": "8505090072", "A31a_102": "川浦川", "A31a_103": "21", "A31a_104": "岐阜県", "A31a_105": 2 }, "geometry": { "type": "Polygon", "coordinates": [ [ [ 136.995500821, 35.493999655 ], [ 136.995500821, 35.493957655 ], [ 136.99543882, 35.493957655 ], [ 136.99537582, 35.493957655 ], [ 136.99537582, 35.493999655 ], [ 136.995375821, 35.494041655 ], [ 136.995375821, 35.494082655 ], [ 136.995313821, 35.494082655 ], [ 136.995313821, 35.494124655 ], [ 136.995375821, 35.494124655 ], [ 136.995438821, 35.494124655 ], [ 136.995438821, 35.494082655 ], [ 136.995438821, 35.494041655 ], [ 136.995438821, 35.493999655 ], [ 136.995500821, 35.493999655 ] ] ] } },
{ "type": "Feature", "properties": { "A31a_101": "8505090072", "A31a_102": "川浦川", "A31a_103": "21", "A31a_104": "岐阜県", "A31a_105": 2 }, "geometry": { "type": "Polygon", "coordinates": [ [ [ 137.048938945, 35.519624666 ], [ 137.048938944, 35.519582666 ], [ 137.048875944, 35.519582666 ], [ 137.048813945, 35.519582666 ], [ 137.048750945, 35.519582666 ], [ 137.048750945, 35.519624666 ], [ 137.048750945, 35.519666666 ], [ 137.048750945, 35.519707666 ], [ 137.048813945, 35.519707666 ], [ 137.048813945, 35.519666666 ], [ 137.048875945, 35.519666666 ], [ 137.048875945, 35.519624666 ], [ 137.048938945, 35.519624666 ] ] ] } },
{ "type": "Feature", "properties": { "A31a_101": "8505090072", "A31a_102": "川浦川", "A31a_103": "21", "A31a_104": "岐阜県", "A31a_105": 2 }, "geometry": { "type": "Polygon", "coordinates": [ [ [ 137.018250891, 35.505666659 ], [ 137.018250891, 35.505624659 ], [ 137.018188891, 35.505624659 ], [ 137.018125891, 35.505624659 ], [ 137.018125891, 35.505666659 ], [ 137.018125891, 35.505707659 ], [ 137.018125891, 35.505749659 ], [ 137.018125891, 35.505791659 ], [ 137.018125891, 35.505832659 ], [ 137.018188892, 35.505832659 ], [ 137.018188891, 35.505791659 ], [ 137.018188891, 35.505749659 ], [ 137.018188891, 35.505707659 ], [ 137.018188891, 35.505666659 ], [ 137.018250891, 35.505666659 ] ] ] } },
{ "type": "Feature", "properties": { "A31a_101": "8505090072", "A31a_102": "川浦川", "A31a_103": "21", "A31a_104": "岐阜県", "A31a_105": 2 }, "geometry": { "type": "Polygon", "coordinates": [ [ [ 136.999063828, 35.494166655 ], [ 136.999063828, 35.494124655 ], [ 136.999000828, 35.494124655 ], [ 136.999000828, 35.494082655 ], [ 136.998938827, 35.494082655 ], [ 136.998875827, 35.494082655 ], [ 136.998875827, 35.494124655 ], [ 136.998875828, 35.494166655 ], [ 136.998938828, 35.494166655 ], [ 136.998938828, 35.494207655 ], [ 136.999000828, 35.494207655 ], [ 136.999000828, 35.494166655 ], [ 136.999063828, 35.494166655 ] ] ] } },
{ "type": "Feature", "properties": { "A31a_101": "8505090072", "A31a_102": "川浦川", "A31a_103": "21", "A31a_104": "岐阜県", "A31a_105": 2 }, "geometry": { "type": "Polygon", "coordinates": [ [ [ 137.01587589, 35.505916658 ], [ 137.01587589, 35.505874658 ], [ 137.01587589, 35.505832658 ], [ 137.01581389, 35.505832658 ], [ 137.01581389, 35.505791658 ], [ 137.01575089, 35.505791658 ], [ 137.01575089, 35.505832658 ], [ 137.01568889, 35.505832658 ], [ 137.01562589, 35.505832658 ], [ 137.01562589, 35.505874658 ], [ 137.01568889, 35.505874658 ], [ 137.01575089, 35.505874658 ], [ 137.01581389, 35.505874658 ], [ 137.01581389, 35.505916658 ], [ 137.01587589, 35.505916658 ] ] ] } },
{ "type": "Feature", "properties": { "A31a_101": "8505090072", "A31a_102": "川浦川", "A31a_103": "21", "A31a_104": "岐阜県", "A31a_105": 2 }, "geometry": { "type": "Polygon", "coordinates": [ [ [ 137.051313954, 35.522291665 ], [ 137.051313954, 35.522249665 ], [ 137.051313954, 35.522207665 ], [ 137.051250954, 35.522207665 ], [ 137.051188954, 35.522207665 ], [ 137.051188954, 35.522166665 ], [ 137.051125954, 35.522166665 ], [ 137.051125954, 35.522124665 ], [ 137.051125954, 35.522082665 ], [ 137.051063954, 35.522082665 ], [ 137.051063954, 35.522124665 ], [ 137.051063954, 35.522166665 ], [ 137.051125954, 35.522166665 ], [ 137.051125954, 35.522207665 ], [ 137.051188954, 35.522207665 ], [ 137.051188954, 35.522249665 ], [ 137.051250954, 35.522249665 ], [ 137.051250954, 35.522291665 ], [ 137.051313954, 35.522291665 ] ] ] } },
{ "type": "Feature", "properties": { "A31a_101": "8505090072", "A31a_102": "川浦川", "A31a_103": "21", "A31a_104": "岐阜県", "A31a_105": 2 }, "geometry": { "type": "Polygon", "coordinates": [ [ [ 137.047063927, 35.516082668 ], [ 137.047063927, 35.516041668 ], [ 137.047000927, 35.516041668 ], [ 137.046938927, 35.516041668 ], [ 137.046875927, 35.516041668 ], [ 137.046875927, 35.516082668 ], [ 137.046875927, 35.516124668 ], [ 137.046875928, 35.516166668 ], [ 137.046938928, 35.516166668 ], [ 137.046938927, 35.516124668 ], [ 137.047000927, 35.516124668 ], [ 137.047000927, 35.516082668 ], [ 137.047063927, 35.516082668 ] ] ] } },
{ "type": "Feature", "properties": { "A31a_101": "8505090072", "A31a_102": "川浦川", "A31a_103": "21", "A31a_104": "岐阜県", "A31a_105": 2 }, "geometry": { "type": "Polygon", "coordinates": [ [ [ 137.035813922, 35.512082665 ], [ 137.035813922, 35.512041665 ], [ 137.035750922, 35.512041665 ], [ 137.035750922, 35.511999665 ], [ 137.035750921, 35.511957665 ], [ 137.035688921, 35.511957665 ], [ 137.035688922, 35.511999665 ], [ 137.035625922, 35.511999665 ], [ 137.035625922, 35.512041665 ], [ 137.035625922, 35.512082665 ], [ 137.035688922, 35.512082665 ], [ 137.035750922, 35.512082665 ], [ 137.035813922, 35.512082665 ] ] ] } },
{ "type": "Feature", "properties": { "A31a_101": "8505090072", "A31a_102": "川浦川", "A31a_103": "21", "A31a_104": "岐阜県", "A31a_105": 2 }, "geometry": { "type": "Polygon", "coordinates": [ [ [ 137.034063921, 35.511666664 ], [ 137.03406392, 35.511624664 ], [ 137.03406392, 35.511582664 ], [ 137.03406392, 35.511541664 ], [ 137.03406392, 35.511499664 ], [ 137.034063919, 35.511457664 ], [ 137.034000919, 35.511457664 ], [ 137.03400092, 35.511499664 ], [ 137.03400092, 35.511541664 ], [ 137.03400092, 35.511582664 ], [ 137.03400092, 35.511624664 ], [ 137.034000921, 35.511666664 ], [ 137.034063921, 35.511666664 ] ] ] } },
{ "type": "Feature", "properties": { "A31a_101": "8505090072", "A31a_102": "川浦川", "A31a_103": "21", "A31a_104": "岐阜県", "A31a_105": 2 }, "geometry": { "type": "Polygon", "coordinates": [ [ [ 137.00193883, 35.493749656 ], [ 137.00193883, 35.493707656 ], [ 137.00193883, 35.493666656 ], [ 137.00193883, 35.493624656 ], [ 137.00193883, 35.493582656 ], [ 137.001938829, 35.493541656 ], [ 137.001875829, 35.493541656 ], [ 137.00187583, 35.493582656 ], [ 137.00187583, 35.493624656 ], [ 137.00187583, 35.493666656 ], [ 137.00187583, 35.493707656 ], [ 137.00187583, 35.493749656 ], [ 137.00193883, 35.493749656 ] ] ] } },
{ "type": "Feature", "properties": { "A31a_101": "8505090072", "A31a_102": "川浦川", "A31a_103": "21", "A31a_104": "岐阜県", "A31a_105": 2 }, "geometry": { "type": "Polygon", "coordinates": [ [ [ 137.045688923, 35.514999669 ], [ 137.045688923, 35.514957669 ], [ 137.045688923, 35.514916669 ], [ 137.045688923, 35.514874669 ], [ 137.045688922, 35.514832669 ], [ 137.045688922, 35.514791669 ], [ 137.045625922, 35.514791669 ], [ 137.045625922, 35.514832669 ], [ 137.045625923, 35.514874669 ], [ 137.045625923, 35.514916669 ], [ 137.045625923, 35.514957669 ], [ 137.045625923, 35.514999669 ], [ 137.045688923, 35.514999669 ] ] ] } },
{ "type": "Feature", "properties": { "A31a_101": "8505090072", "A31a_102": "川浦川", "A31a_103": "21", "A31a_104": "岐阜県", "A31a_105": 2 }, "geometry": { "type": "Polygon", "coordinates": [ [ [ 136.997813827, 35.494582655 ], [ 136.997813827, 35.494541655 ], [ 136.997813827, 35.494499655 ], [ 136.997750826, 35.494499655 ], [ 136.997688826, 35.494499655 ], [ 136.997625826, 35.494499655 ], [ 136.997563826, 35.494499655 ], [ 136.997563826, 35.494541655 ], [ 136.997625826, 35.494541655 ], [ 136.997688826, 35.494541655 ], [ 136.997750827, 35.494541655 ], [ 136.997750827, 35.494582655 ], [ 136.997813827, 35.494582655 ] ] ] } },
{ "type": "Feature", "properties": { "A31a_101": "8505090072", "A31a_102": "川浦川", "A31a_103": "21", "A31a_104": "岐阜県", "A31a_105": 2 }, "geometry": { "type": "Polygon", "coordinates": [ [ [ 136.992188809, 35.491749654 ], [ 136.992188808, 35.491707654 ], [ 136.992125808, 35.491707654 ], [ 136.992063808, 35.491707654 ], [ 136.992063808, 35.491666654 ], [ 136.992000808, 35.491666654 ], [ 136.991938808, 35.491666654 ], [ 136.991938808, 35.491707654 ], [ 136.992000808, 35.491707654 ], [ 136.992000808, 35.491749654 ], [ 136.992063808, 35.491749654 ], [ 136.992125808, 35.491749654 ], [ 136.992188809, 35.491749654 ] ] ] } },
{ "type": "Feature", "properties": { "A31a_101": "8505090072", "A31a_102": "川浦川", "A31a_103": "21", "A31a_104": "岐阜県", "A31a_105": 2 }, "geometry": { "type": "Polygon", "coordinates": [ [ [ 136.992063809, 35.491957654 ], [ 136.992063809, 35.491916654 ], [ 136.992063809, 35.491874654 ], [ 136.992000809, 35.491874654 ], [ 136.992000808, 35.491832654 ], [ 136.992000808, 35.491791654 ], [ 136.992000808, 35.491749654 ], [ 136.991938808, 35.491749654 ], [ 136.991938808, 35.491791654 ], [ 136.991938808, 35.491832654 ], [ 136.991938808, 35.491874654 ], [ 136.992000809, 35.491874654 ], [ 136.992000809, 35.491916654 ], [ 136.992000809, 35.491957654 ], [ 136.992063809, 35.491957654 ] ] ] } },
{ "type": "Feature", "properties": { "A31a_101": "8505090072", "A31a_102": "川浦川", "A31a_103": "21", "A31a_104": "岐阜県", "A31a_105": 2 }, "geometry": { "type": "Polygon", "coordinates": [ [ [ 137.053625941, 35.521457667 ], [ 137.053625941, 35.521416667 ], [ 137.053625941, 35.521374668 ], [ 137.05362594, 35.521332668 ], [ 137.053563941, 35.521332668 ], [ 137.053563941, 35.521374667 ], [ 137.053500941, 35.521374667 ], [ 137.053500941, 35.521416667 ], [ 137.053500942, 35.521457667 ], [ 137.053563941, 35.521457667 ], [ 137.053625941, 35.521457667 ] ] ] } },
{ "type": "Feature", "properties": { "A31a_101": "8505090072", "A31a_102": "川浦川", "A31a_103": "21", "A31a_104": "岐阜県", "A31a_105": 2 }, "geometry": { "type": "Polygon", "coordinates": [ [ [ 136.999813828, 35.493832656 ], [ 136.999813828, 35.493791656 ], [ 136.999813828, 35.493749656 ], [ 136.999750828, 35.493749656 ], [ 136.999750828, 35.493791656 ], [ 136.999688828, 35.493791656 ], [ 136.999625828, 35.493791655 ], [ 136.999625828, 35.493749655 ], [ 136.999563828, 35.493749655 ], [ 136.999563828, 35.493791655 ], [ 136.999625828, 35.493791655 ], [ 136.999625828, 35.493832655 ], [ 136.999688828, 35.493832656 ], [ 136.999750828, 35.493832656 ], [ 136.999813828, 35.493832656 ] ] ] } },
{ "type": "Feature", "properties": { "A31a_101": "8505090072", "A31a_102": "川浦川", "A31a_103": "21", "A31a_104": "岐阜県", "A31a_105": 2 }, "geometry": { "type": "Polygon", "coordinates": [ [ [ 137.045000924, 35.514874668 ], [ 137.045000923, 35.514832668 ], [ 137.044938924, 35.514832668 ], [ 137.044875924, 35.514832668 ], [ 137.044875923, 35.514791668 ], [ 137.044813924, 35.514791668 ], [ 137.044750924, 35.514791668 ], [ 137.044688924, 35.514791668 ], [ 137.044688924, 35.514832668 ], [ 137.044750924, 35.514832668 ], [ 137.044813924, 35.514832668 ], [ 137.044875924, 35.514832668 ], [ 137.044875924, 35.514874668 ], [ 137.044938924, 35.514874668 ], [ 137.045000924, 35.514874668 ] ] ] } },
{ "type": "Feature", "properties": { "A31a_101": "8505090072", "A31a_102": "川浦川", "A31a_103": "21", "A31a_104": "岐阜県", "A31a_105": 2 }, "geometry": { "type": "Polygon", "coordinates": [ [ [ 137.017875891, 35.505832659 ], [ 137.017875891, 35.505791659 ], [ 137.017875891, 35.505749659 ], [ 137.017875891, 35.505707659 ], [ 137.017875891, 35.505666659 ], [ 137.01787589, 35.505624659 ], [ 137.01781389, 35.505624659 ], [ 137.017813891, 35.505666659 ], [ 137.017813891, 35.505707659 ], [ 137.017813891, 35.505749659 ], [ 137.017813891, 35.505791659 ], [ 137.017813891, 35.505832659 ], [ 137.017875891, 35.505832659 ] ] ] } },
{ "type": "Feature", "properties": { "A31a_101": "8505090072", "A31a_102": "川浦川", "A31a_103": "21", "A31a_104": "岐阜県", "A31a_105": 2 }, "geometry": { "type": "Polygon", "coordinates": [ [ [ 137.049563944, 35.519624666 ], [ 137.049563943, 35.519582666 ], [ 137.049500943, 35.519582666 ], [ 137.049438943, 35.519582666 ], [ 137.049375944, 35.519582666 ], [ 137.049375944, 35.519624666 ], [ 137.049375944, 35.519666666 ], [ 137.049438944, 35.519666666 ], [ 137.049438944, 35.519624666 ], [ 137.049500944, 35.519624666 ], [ 137.049563944, 35.519624666 ] ] ] } },
{ "type": "Feature", "properties": { "A31a_101": "8505090072", "A31a_102": "川浦川", "A31a_103": "21", "A31a_104": "岐阜県", "A31a_105": 2 }, "geometry": { "type": "Polygon", "coordinates": [ [ [ 137.001188829, 35.493624656 ], [ 137.001188829, 35.493582656 ], [ 137.001188829, 35.493541656 ], [ 137.001188829, 35.493499656 ], [ 137.001188829, 35.493457656 ], [ 137.001125829, 35.493457656 ], [ 137.001125829, 35.493499656 ], [ 137.001125829, 35.493541656 ], [ 137.001125829, 35.493582656 ], [ 137.001125829, 35.493624656 ], [ 137.001188829, 35.493624656 ] ] ] } },
{ "type": "Feature", "properties": { "A31a_101": "8505090072", "A31a_102": "川浦川", "A31a_103": "21", "A31a_104": "岐阜県", "A31a_105": 2 }, "geometry": { "type": "Polygon", "coordinates": [ [ [ 136.965625735, 35.485541651 ], [ 136.965625735, 35.485499651 ], [ 136.965563734, 35.485499651 ], [ 136.965500734, 35.485499651 ], [ 136.965438734, 35.485499651 ], [ 136.965375734, 35.485499651 ], [ 136.965375734, 35.485541651 ], [ 136.965438734, 35.485541651 ], [ 136.965500734, 35.485541651 ], [ 136.965563734, 35.485541651 ], [ 136.965625735, 35.485541651 ] ] ] } },
{ "type": "Feature", "properties": { "A31a_101": "8505090072", "A31a_102": "川浦川", "A31a_103": "21", "A31a_104": "岐阜県", "A31a_105": 2 }, "geometry": { "type": "Polygon", "coordinates": [ [ [ 136.999500829, 35.494374655 ], [ 136.999500829, 35.494332655 ], [ 136.999438829, 35.494332655 ], [ 136.999438829, 35.494291655 ], [ 136.999438829, 35.494249655 ], [ 136.999375829, 35.494249655 ], [ 136.999375829, 35.494291655 ], [ 136.999375829, 35.494332655 ], [ 136.999375829, 35.494374655 ], [ 136.999438829, 35.494374655 ], [ 136.999500829, 35.494374655 ] ] ] } },
{ "type": "Feature", "properties": { "A31a_101": "8505090072", "A31a_102": "川浦川", "A31a_103": "21", "A31a_104": "岐阜県", "A31a_105": 2 }, "geometry": { "type": "Polygon", "coordinates": [ [ [ 137.048875944, 35.519541666 ], [ 137.048875944, 35.519499666 ], [ 137.048813944, 35.519499666 ], [ 137.048813944, 35.519457666 ], [ 137.048813944, 35.519416666 ], [ 137.048750944, 35.519416666 ], [ 137.048750944, 35.519457666 ], [ 137.048750944, 35.519499666 ], [ 137.048750944, 35.519541666 ], [ 137.048813944, 35.519541666 ], [ 137.048875944, 35.519541666 ] ] ] } },
{ "type": "Feature", "properties": { "A31a_101": "8505090072", "A31a_102": "川浦川", "A31a_103": "21", "A31a_104": "岐阜県", "A31a_105": 2 }, "geometry": { "type": "Polygon", "coordinates": [ [ [ 136.997938826, 35.494166655 ], [ 136.997938826, 35.494124655 ], [ 136.997938826, 35.494082655 ], [ 136.997938825, 35.494041655 ], [ 136.997875825, 35.494041655 ], [ 136.997875825, 35.493999655 ], [ 136.997813825, 35.493999655 ], [ 136.997813825, 35.494041655 ], [ 136.997875825, 35.494041655 ], [ 136.997875825, 35.494082655 ], [ 136.997875826, 35.494124655 ], [ 136.997875826, 35.494166655 ], [ 136.997938826, 35.494166655 ] ] ] } },
{ "type": "Feature", "properties": { "A31a_101": "8505090072", "A31a_102": "川浦川", "A31a_103": "21", "A31a_104": "岐阜県", "A31a_105": 2 }, "geometry": { "type": "Polygon", "coordinates": [ [ [ 137.045500921, 35.514624669 ], [ 137.045500921, 35.514582669 ], [ 137.045438921, 35.514582669 ], [ 137.045375921, 35.514582669 ], [ 137.045313922, 35.514582669 ], [ 137.045313922, 35.514624669 ], [ 137.045313922, 35.514666669 ], [ 137.045375922, 35.514666669 ], [ 137.045375922, 35.514624669 ], [ 137.045438922, 35.514624669 ], [ 137.045500921, 35.514624669 ] ] ] } },
{ "type": "Feature", "properties": { "A31a_101": "8505090072", "A31a_102": "川浦川", "A31a_103": "21", "A31a_104": "岐阜県", "A31a_105": 2 }, "geometry": { "type": "Polygon", "coordinates": [ [ [ 137.02612591, 35.508874661 ], [ 137.02612591, 35.508832662 ], [ 137.02606391, 35.508832661 ], [ 137.02606391, 35.508791662 ], [ 137.02600091, 35.508791661 ], [ 137.02600091, 35.508749661 ], [ 137.02593891, 35.508749661 ], [ 137.02593891, 35.508707661 ], [ 137.02587591, 35.508707661 ], [ 137.02587591, 35.508749661 ], [ 137.02593891, 35.508749661 ], [ 137.02593891, 35.508791661 ], [ 137.02600091, 35.508791661 ], [ 137.02600091, 35.508832661 ], [ 137.02606391, 35.508832661 ], [ 137.02606391, 35.508874661 ], [ 137.02612591, 35.508874661 ] ] ] } },
{ "type": "Feature", "properties": { "A31a_101": "8505090072", "A31a_102": "川浦川", "A31a_103": "21", "A31a_104": "岐阜県", "A31a_105": 2 }, "geometry": { "type": "Polygon", "coordinates": [ [ [ 137.053500944, 35.521832667 ], [ 137.053500944, 35.521791667 ], [ 137.053500943, 35.521749667 ], [ 137.053500943, 35.521707667 ], [ 137.053438943, 35.521707667 ], [ 137.053438944, 35.521749667 ], [ 137.053375944, 35.521749667 ], [ 137.053375944, 35.521791667 ], [ 137.053438944, 35.521791667 ], [ 137.053438944, 35.521832667 ], [ 137.053500944, 35.521832667 ] ] ] } },
{ "type": "Feature", "properties": { "A31a_101": "8505090072", "A31a_102": "川浦川", "A31a_103": "21", "A31a_104": "岐阜県", "A31a_105": 2 }, "geometry": { "type": "Polygon", "coordinates": [ [ [ 136.998250828, 35.494582655 ], [ 136.998250827, 35.494541655 ], [ 136.998250827, 35.494499655 ], [ 136.998188827, 35.494499655 ], [ 136.998188827, 35.494457655 ], [ 136.998188827, 35.494416655 ], [ 136.998125827, 35.494416655 ], [ 136.998125827, 35.494457655 ], [ 136.998125827, 35.494499655 ], [ 136.998188827, 35.494499655 ], [ 136.998188827, 35.494541655 ], [ 136.998188827, 35.494582655 ], [ 136.998250828, 35.494582655 ] ] ] } },
{ "type": "Feature", "properties": { "A31a_101": "8505090072", "A31a_102": "川浦川", "A31a_103": "21", "A31a_104": "岐阜県", "A31a_105": 2 }, "geometry": { "type": "Polygon", "coordinates": [ [ [ 137.03437592, 35.511666664 ], [ 137.03437592, 35.511624664 ], [ 137.03437592, 35.511582664 ], [ 137.03437592, 35.511541664 ], [ 137.03437592, 35.511499664 ], [ 137.03431392, 35.511499664 ], [ 137.03431392, 35.511541664 ], [ 137.03431392, 35.511582664 ], [ 137.03431392, 35.511624664 ], [ 137.03431392, 35.511666664 ], [ 137.03437592, 35.511666664 ] ] ] } },
{ "type": "Feature", "properties": { "A31a_101": "8505090072", "A31a_102": "川浦川", "A31a_103": "21", "A31a_104": "岐阜県", "A31a_105": 2 }, "geometry": { "type": "Polygon", "coordinates": [ [ [ 137.056000934, 35.521624669 ], [ 137.056000934, 35.521582669 ], [ 137.056000933, 35.521541669 ], [ 137.056000933, 35.521499669 ], [ 137.056000933, 35.521457669 ], [ 137.055938933, 35.521457669 ], [ 137.055938933, 35.521499669 ], [ 137.055938934, 35.521541669 ], [ 137.055938934, 35.521582669 ], [ 137.055938934, 35.521624669 ], [ 137.056000934, 35.521624669 ] ] ] } },
{ "type": "Feature", "properties": { "A31a_101": "8505090072", "A31a_102": "川浦川", "A31a_103": "21", "A31a_104": "岐阜県", "A31a_105": 2 }, "geometry": { "type": "Polygon", "coordinates": [ [ [ 137.046563935, 35.517332666 ], [ 137.046563935, 35.517291667 ], [ 137.046500935, 35.517291666 ], [ 137.046438935, 35.517291666 ], [ 137.046438935, 35.517332666 ], [ 137.046438936, 35.517374666 ], [ 137.046438936, 35.517416666 ], [ 137.046500936, 35.517416666 ], [ 137.046500935, 35.517374666 ], [ 137.046500935, 35.517332666 ], [ 137.046563935, 35.517332666 ] ] ] } },
{ "type": "Feature", "properties": { "A31a_101": "8505090072", "A31a_102": "川浦川", "A31a_103": "21", "A31a_104": "岐阜県", "A31a_105": 2 }, "geometry": { "type": "Polygon", "coordinates": [ [ [ 137.016813891, 35.505957659 ], [ 137.016813891, 35.505916659 ], [ 137.016750891, 35.505916659 ], [ 137.016688891, 35.505916658 ], [ 137.016625891, 35.505916658 ], [ 137.016563891, 35.505916658 ], [ 137.016563891, 35.505957658 ], [ 137.016625891, 35.505957658 ], [ 137.016688891, 35.505957658 ], [ 137.016750891, 35.505957659 ], [ 137.016813891, 35.505957659 ] ] ] } },
{ "type": "Feature", "properties": { "A31a_101": "8505090072", "A31a_102": "川浦川", "A31a_103": "21", "A31a_104": "岐阜県", "A31a_105": 2 }, "geometry": { "type": "Polygon", "coordinates": [ [ [ 136.966000735, 35.48433265 ], [ 136.966000735, 35.48429165 ], [ 136.965938735, 35.48429165 ], [ 136.965875735, 35.48429165 ], [ 136.965813734, 35.48429165 ], [ 136.965750734, 35.48429165 ], [ 136.965750734, 35.48433265 ], [ 136.965813734, 35.48433265 ], [ 136.965875735, 35.48433265 ], [ 136.965938735, 35.48433265 ], [ 136.966000735, 35.48433265 ] ] ] } },
{ "type": "Feature", "properties": { "A31a_101": "8505090072", "A31a_102": "川浦川", "A31a_103": "21", "A31a_104": "岐阜県", "A31a_105": 2 }, "geometry": { "type": "Polygon", "coordinates": [ [ [ 136.997813829, 35.495207655 ], [ 136.997813828, 35.495166655 ], [ 136.997750828, 35.495166655 ], [ 136.997688828, 35.495166655 ], [ 136.997625828, 35.495166655 ], [ 136.997563828, 35.495166655 ], [ 136.997563828, 35.495207655 ], [ 136.997625828, 35.495207655 ], [ 136.997688828, 35.495207655 ], [ 136.997750828, 35.495207655 ], [ 136.997813829, 35.495207655 ] ] ] } },
{ "type": "Feature", "properties": { "A31a_101": "8505090072", "A31a_102": "川浦川", "A31a_103": "21", "A31a_104": "岐阜県", "A31a_105": 2 }, "geometry": { "type": "Polygon", "coordinates": [ [ [ 137.000688825, 35.492541656 ], [ 137.000688825, 35.492499656 ], [ 137.000625825, 35.492499656 ], [ 137.000563825, 35.492499656 ], [ 137.000500825, 35.492499656 ], [ 137.000500825, 35.492541656 ], [ 137.000563825, 35.492541656 ], [ 137.000625825, 35.492541656 ], [ 137.000688825, 35.492541656 ] ] ] } },
{ "type": "Feature", "properties": { "A31a_101": "8505090072", "A31a_102": "川浦川", "A31a_103": "21", "A31a_104": "岐阜県", "A31a_105": 2 }, "geometry": { "type": "Polygon", "coordinates": [ [ [ 136.997438828, 35.495166655 ], [ 136.997438828, 35.495124655 ], [ 136.997375827, 35.495124655 ], [ 136.997375827, 35.495082655 ], [ 136.997313827, 35.495082655 ], [ 136.997250827, 35.495082655 ], [ 136.997250827, 35.495124655 ], [ 136.997313827, 35.495124655 ], [ 136.997375827, 35.495124655 ], [ 136.997375828, 35.495166655 ], [ 136.997438828, 35.495166655 ] ] ] } },
{ "type": "Feature", "properties": { "A31a_101": "8505090072", "A31a_102": "川浦川", "A31a_103": "21", "A31a_104": "岐阜県", "A31a_105": 2 }, "geometry": { "type": "Polygon", "coordinates": [ [ [ 137.051188955, 35.522291665 ], [ 137.051188954, 35.522249665 ], [ 137.051125955, 35.522249665 ], [ 137.051063955, 35.522249665 ], [ 137.051000955, 35.522249665 ], [ 137.051000955, 35.522291665 ], [ 137.051063955, 35.522291665 ], [ 137.051125955, 35.522291665 ], [ 137.051188955, 35.522291665 ] ] ] } },
{ "type": "Feature", "properties": { "A31a_101": "8505090072", "A31a_102": "川浦川", "A31a_103": "21", "A31a_104": "岐阜県", "A31a_105": 2 }, "geometry": { "type": "Polygon", "coordinates": [ [ [ 136.999313827, 35.493541655 ], [ 136.999313826, 35.493499655 ], [ 136.999313826, 35.493457655 ], [ 136.999313826, 35.493416655 ], [ 136.999250826, 35.493416655 ], [ 136.999250826, 35.493457655 ], [ 136.999250826, 35.493499655 ], [ 136.999250826, 35.493541655 ], [ 136.999313827, 35.493541655 ] ] ] } },
{ "type": "Feature", "properties": { "A31a_101": "8505090072", "A31a_102": "川浦川", "A31a_103": "21", "A31a_104": "岐阜県", "A31a_105": 2 }, "geometry": { "type": "Polygon", "coordinates": [ [ [ 137.001938829, 35.493499656 ], [ 137.001938829, 35.493457656 ], [ 137.001938829, 35.493416656 ], [ 137.001938829, 35.493374656 ], [ 137.001875829, 35.493374656 ], [ 137.001875829, 35.493416656 ], [ 137.001875829, 35.493457656 ], [ 137.001875829, 35.493499656 ], [ 137.001938829, 35.493499656 ] ] ] } },
{ "type": "Feature", "properties": { "A31a_101": "8505090072", "A31a_102": "川浦川", "A31a_103": "21", "A31a_104": "岐阜県", "A31a_105": 2 }, "geometry": { "type": "Polygon", "coordinates": [ [ [ 137.035438921, 35.511874665 ], [ 137.035438921, 35.511832665 ], [ 137.035438921, 35.511791665 ], [ 137.03543892, 35.511749665 ], [ 137.03537592, 35.511749665 ], [ 137.035375921, 35.511791665 ], [ 137.035375921, 35.511832665 ], [ 137.035375921, 35.511874665 ], [ 137.035438921, 35.511874665 ] ] ] } },
{ "type": "Feature", "properties": { "A31a_101": "8505090072", "A31a_102": "川浦川", "A31a_103": "21", "A31a_104": "岐阜県", "A31a_105": 2 }, "geometry": { "type": "Polygon", "coordinates": [ [ [ 137.053000945, 35.521791667 ], [ 137.053000945, 35.521749667 ], [ 137.052938945, 35.521749667 ], [ 137.052875946, 35.521749667 ], [ 137.052813946, 35.521749666 ], [ 137.052813946, 35.521791666 ], [ 137.052875946, 35.521791666 ], [ 137.052938946, 35.521791667 ], [ 137.053000945, 35.521791667 ] ] ] } },
{ "type": "Feature", "properties": { "A31a_101": "8505090072", "A31a_102": "川浦川", "A31a_103": "21", "A31a_104": "岐阜県", "A31a_105": 2 }, "geometry": { "type": "Polygon", "coordinates": [ [ [ 137.002000829, 35.493374656 ], [ 137.002000829, 35.493332656 ], [ 137.001938829, 35.493332656 ], [ 137.001938829, 35.493291656 ], [ 137.001938829, 35.493249656 ], [ 137.001875828, 35.493249656 ], [ 137.001875829, 35.493291656 ], [ 137.001875829, 35.493332656 ], [ 137.001938829, 35.493332656 ], [ 137.001938829, 35.493374656 ], [ 137.002000829, 35.493374656 ] ] ] } },
{ "type": "Feature", "properties": { "A31a_101": "8505090072", "A31a_102": "川浦川", "A31a_103": "21", "A31a_104": "岐阜県", "A31a_105": 2 }, "geometry": { "type": "Polygon", "coordinates": [ [ [ 137.01756389, 35.505582659 ], [ 137.01756389, 35.505541659 ], [ 137.01756389, 35.505499659 ], [ 137.01750089, 35.505499659 ], [ 137.01743889, 35.505499659 ], [ 137.01743889, 35.505541659 ], [ 137.01750089, 35.505541659 ], [ 137.01750089, 35.505582659 ], [ 137.01756389, 35.505582659 ] ] ] } },
{ "type": "Feature", "properties": { "A31a_101": "8505090072", "A31a_102": "川浦川", "A31a_103": "21", "A31a_104": "岐阜県", "A31a_105": 2 }, "geometry": { "type": "Polygon", "coordinates": [ [ [ 136.992563811, 35.492541654 ], [ 136.992563811, 35.492499654 ], [ 136.992500811, 35.492499654 ], [ 136.992500811, 35.492457654 ], [ 136.992438811, 35.492457654 ], [ 136.992438811, 35.492416654 ], [ 136.992375811, 35.492416654 ], [ 136.992375811, 35.492457654 ], [ 136.992438811, 35.492457654 ], [ 136.992438811, 35.492499654 ], [ 136.992500811, 35.492499654 ], [ 136.992500811, 35.492541654 ], [ 136.992563811, 35.492541654 ] ] ] } },
{ "type": "Feature", "properties": { "A31a_101": "8505090072", "A31a_102": "川浦川", "A31a_103": "21", "A31a_104": "岐阜県", "A31a_105": 2 }, "geometry": { "type": "Polygon", "coordinates": [ [ [ 136.999188826, 35.493291655 ], [ 136.999188825, 35.493249655 ], [ 136.999125825, 35.493249655 ], [ 136.999125825, 35.493207655 ], [ 136.999125825, 35.493166655 ], [ 136.999063825, 35.493166655 ], [ 136.999063825, 35.493207655 ], [ 136.999063825, 35.493249655 ], [ 136.999125825, 35.493249655 ], [ 136.999125825, 35.493291655 ], [ 136.999188826, 35.493291655 ] ] ] } },
{ "type": "Feature", "properties": { "A31a_101": "8505090072", "A31a_102": "川浦川", "A31a_103": "21", "A31a_104": "岐阜県", "A31a_105": 2 }, "geometry": { "type": "Polygon", "coordinates": [ [ [ 137.055438933, 35.521124669 ], [ 137.055438933, 35.521082669 ], [ 137.055375933, 35.521082669 ], [ 137.055375933, 35.521041669 ], [ 137.055313933, 35.521041669 ], [ 137.055313933, 35.521082669 ], [ 137.055313933, 35.521124669 ], [ 137.055375933, 35.521124669 ], [ 137.055438933, 35.521124669 ] ] ] } },
{ "type": "Feature", "properties": { "A31a_101": "8505090072", "A31a_102": "川浦川", "A31a_103": "21", "A31a_104": "岐阜県", "A31a_105": 2 }, "geometry": { "type": "Polygon", "coordinates": [ [ [ 137.04575092, 35.514457669 ], [ 137.04575092, 35.514416669 ], [ 137.04568892, 35.514416669 ], [ 137.04562592, 35.514416669 ], [ 137.04562592, 35.514457669 ], [ 137.04562592, 35.514499669 ], [ 137.04568892, 35.514499669 ], [ 137.04568892, 35.514457669 ], [ 137.04575092, 35.514457669 ] ] ] } },
{ "type": "Feature", "properties": { "A31a_101": "8505090072", "A31a_102": "川浦川", "A31a_103": "21", "A31a_104": "岐阜県", "A31a_105": 2 }, "geometry": { "type": "Polygon", "coordinates": [ [ [ 136.99512582, 35.494082655 ], [ 136.99512582, 35.494041655 ], [ 136.99512582, 35.493999655 ], [ 136.99512582, 35.493957655 ], [ 136.99506382, 35.493957655 ], [ 136.99506382, 35.493999655 ], [ 136.99506382, 35.494041655 ], [ 136.99506382, 35.494082655 ], [ 136.99512582, 35.494082655 ] ] ] } },
{ "type": "Feature", "properties": { "A31a_101": "8505090072", "A31a_102": "川浦川", "A31a_103": "21", "A31a_104": "岐阜県", "A31a_105": 2 }, "geometry": { "type": "Polygon", "coordinates": [ [ [ 137.046438924, 35.515457669 ], [ 137.046438924, 35.515416669 ], [ 137.046375924, 35.515416669 ], [ 137.046313924, 35.515416669 ], [ 137.046313925, 35.515457668 ], [ 137.046313925, 35.515499668 ], [ 137.046375925, 35.515499668 ], [ 137.046375925, 35.515457669 ], [ 137.046438924, 35.515457669 ] ] ] } },
{ "type": "Feature", "properties": { "A31a_101": "8505090072", "A31a_102": "川浦川", "A31a_103": "21", "A31a_104": "岐阜県", "A31a_105": 2 }, "geometry": { "type": "Polygon", "coordinates": [ [ [ 137.00106383, 35.494041656 ], [ 137.00106383, 35.493999656 ], [ 137.00106383, 35.493957656 ], [ 137.00100083, 35.493957656 ], [ 137.00100083, 35.493999656 ], [ 137.00100083, 35.494041656 ], [ 137.00106383, 35.494041656 ] ] ] } },
{ "type": "Feature", "properties": { "A31a_101": "8505090072", "A31a_102": "川浦川", "A31a_103": "21", "A31a_104": "岐阜県", "A31a_105": 2 }, "geometry": { "type": "Polygon", "coordinates": [ [ [ 137.025938909, 35.508666662 ], [ 137.025938909, 35.508624662 ], [ 137.025938909, 35.508582662 ], [ 137.025875909, 35.508582662 ], [ 137.025875909, 35.508624661 ], [ 137.025875909, 35.508666661 ], [ 137.025938909, 35.508666662 ] ] ] } },
{ "type": "Feature", "properties": { "A31a_101": "8505090072", "A31a_102": "川浦川", "A31a_103": "21", "A31a_104": "岐阜県", "A31a_105": 2 }, "geometry": { "type": "Polygon", "coordinates": [ [ [ 136.998938828, 35.494291655 ], [ 136.998938828, 35.494249655 ], [ 136.998938828, 35.494207655 ], [ 136.998875828, 35.494207655 ], [ 136.998875828, 35.494249655 ], [ 136.998875828, 35.494291655 ], [ 136.998938828, 35.494291655 ] ] ] } },
{ "type": "Feature", "properties": { "A31a_101": "8505090072", "A31a_102": "川浦川", "A31a_103": "21", "A31a_104": "岐阜県", "A31a_105": 2 }, "geometry": { "type": "Polygon", "coordinates": [ [ [ 137.053813942, 35.521666667 ], [ 137.053813942, 35.521624667 ], [ 137.053813941, 35.521582667 ], [ 137.053750942, 35.521582667 ], [ 137.053750942, 35.521624667 ], [ 137.053750942, 35.521666667 ], [ 137.053813942, 35.521666667 ] ] ] } },
{ "type": "Feature", "properties": { "A31a_101": "8505090072", "A31a_102": "川浦川", "A31a_103": "21", "A31a_104": "岐阜県", "A31a_105": 2 }, "geometry": { "type": "Polygon", "coordinates": [ [ [ 137.055063932, 35.520791669 ], [ 137.055063932, 35.520749669 ], [ 137.055063932, 35.520707669 ], [ 137.055000932, 35.520707669 ], [ 137.055000932, 35.520749669 ], [ 137.055000933, 35.520791669 ], [ 137.055063932, 35.520791669 ] ] ] } },
{ "type": "Feature", "properties": { "A31a_101": "8505090072", "A31a_102": "川浦川", "A31a_103": "21", "A31a_104": "岐阜県", "A31a_105": 2 }, "geometry": { "type": "Polygon", "coordinates": [ [ [ 137.002375828, 35.493124657 ], [ 137.002375828, 35.493082657 ], [ 137.002313828, 35.493082656 ], [ 137.002250828, 35.493082656 ], [ 137.002250828, 35.493124656 ], [ 137.002313828, 35.493124656 ], [ 137.002375828, 35.493124657 ] ] ] } },
{ "type": "Feature", "properties": { "A31a_101": "8505090072", "A31a_102": "川浦川", "A31a_103": "21", "A31a_104": "岐阜県", "A31a_105": 2 }, "geometry": { "type": "Polygon", "coordinates": [ [ [ 137.003250827, 35.492541657 ], [ 137.003250827, 35.492499657 ], [ 137.003188827, 35.492499657 ], [ 137.003125827, 35.492499657 ], [ 137.003125827, 35.492541657 ], [ 137.003188827, 35.492541657 ], [ 137.003250827, 35.492541657 ] ] ] } },
{ "type": "Feature", "properties": { "A31a_101": "8505090072", "A31a_102": "川浦川", "A31a_103": "21", "A31a_104": "岐阜県", "A31a_105": 2 }, "geometry": { "type": "Polygon", "coordinates": [ [ [ 137.033875919, 35.511291664 ], [ 137.033875918, 35.511249664 ], [ 137.033813918, 35.511249664 ], [ 137.033750918, 35.511249664 ], [ 137.033750919, 35.511291664 ], [ 137.033813919, 35.511291664 ], [ 137.033875919, 35.511291664 ] ] ] } },
{ "type": "Feature", "properties": { "A31a_101": "8505090072", "A31a_102": "川浦川", "A31a_103": "21", "A31a_104": "岐阜県", "A31a_105": 2 }, "geometry": { "type": "Polygon", "coordinates": [ [ [ 136.965125733, 35.48437465 ], [ 136.965125733, 35.48433265 ], [ 136.965063732, 35.48433265 ], [ 136.965000732, 35.48433265 ], [ 136.965000732, 35.48437465 ], [ 136.965063732, 35.48437465 ], [ 136.965125733, 35.48437465 ] ] ] } },
{ "type": "Feature", "properties": { "A31a_101": "8505090072", "A31a_102": "川浦川", "A31a_103": "21", "A31a_104": "岐阜県", "A31a_105": 2 }, "geometry": { "type": "Polygon", "coordinates": [ [ [ 137.044500922, 35.514416668 ], [ 137.044500922, 35.514374668 ], [ 137.044438922, 35.514374668 ], [ 137.044375922, 35.514374668 ], [ 137.044375922, 35.514416668 ], [ 137.044438922, 35.514416668 ], [ 137.044500922, 35.514416668 ] ] ] } },
{ "type": "Feature", "properties": { "A31a_101": "8505090072", "A31a_102": "川浦川", "A31a_103": "21", "A31a_104": "岐阜県", "A31a_105": 2 }, "geometry": { "type": "Polygon", "coordinates": [ [ [ 136.997750825, 35.494166655 ], [ 136.997750825, 35.494124655 ], [ 136.997688825, 35.494124655 ], [ 136.997625825, 35.494124655 ], [ 136.997625825, 35.494166655 ], [ 136.997688825, 35.494166655 ], [ 136.997750825, 35.494166655 ] ] ] } },
{ "type": "Feature", "properties": { "A31a_101": "8505090072", "A31a_102": "川浦川", "A31a_103": "21", "A31a_104": "岐阜県", "A31a_105": 2 }, "geometry": { "type": "Polygon", "coordinates": [ [ [ 137.000188828, 35.493624656 ], [ 137.000188828, 35.493582656 ], [ 137.000125828, 35.493582656 ], [ 137.000063828, 35.493582656 ], [ 137.000063828, 35.493624656 ], [ 137.000125828, 35.493624656 ], [ 137.000188828, 35.493624656 ] ] ] } },
{ "type": "Feature", "properties": { "A31a_101": "8505090072", "A31a_102": "川浦川", "A31a_103": "21", "A31a_104": "岐阜県", "A31a_105": 2 }, "geometry": { "type": "Polygon", "coordinates": [ [ [ 137.047188926, 35.515916669 ], [ 137.047188926, 35.515874669 ], [ 137.047125926, 35.515874669 ], [ 137.047125925, 35.515832669 ], [ 137.047063925, 35.515832669 ], [ 137.047063926, 35.515874668 ], [ 137.047125926, 35.515874669 ], [ 137.047125926, 35.515916668 ], [ 137.047188926, 35.515916669 ] ] ] } },
{ "type": "Feature", "properties": { "A31a_101": "8505090072", "A31a_102": "川浦川", "A31a_103": "21", "A31a_104": "岐阜県", "A31a_105": 2 }, "geometry": { "type": "Polygon", "coordinates": [ [ [ 136.966500736, 35.484249649 ], [ 136.966500736, 35.484207649 ], [ 136.966438736, 35.484207649 ], [ 136.966375736, 35.484207649 ], [ 136.966375736, 35.484249649 ], [ 136.966438736, 35.484249649 ], [ 136.966500736, 35.484249649 ] ] ] } },
{ "type": "Feature", "properties": { "A31a_101": "8505090072", "A31a_102": "川浦川", "A31a_103": "21", "A31a_104": "岐阜県", "A31a_105": 2 }, "geometry": { "type": "Polygon", "coordinates": [ [ [ 137.049438946, 35.520041666 ], [ 137.049438946, 35.519999666 ], [ 137.049375946, 35.519999666 ], [ 137.049313946, 35.519999666 ], [ 137.049313946, 35.520041666 ], [ 137.049375946, 35.520041666 ], [ 137.049438946, 35.520041666 ] ] ] } },
{ "type": "Feature", "properties": { "A31a_101": "8505090072", "A31a_102": "川浦川", "A31a_103": "21", "A31a_104": "岐阜県", "A31a_105": 2 }, "geometry": { "type": "Polygon", "coordinates": [ [ [ 137.054938933, 35.520916669 ], [ 137.054938933, 35.520874669 ], [ 137.054875933, 35.520874669 ], [ 137.054875933, 35.520832669 ], [ 137.054813933, 35.520832669 ], [ 137.054813934, 35.520874669 ], [ 137.054875933, 35.520874669 ], [ 137.054875934, 35.520916669 ], [ 137.054938933, 35.520916669 ] ] ] } },
{ "type": "Feature", "properties": { "A31a_101": "8505090072", "A31a_102": "川浦川", "A31a_103": "21", "A31a_104": "岐阜県", "A31a_105": 2 }, "geometry": { "type": "Polygon", "coordinates": [ [ [ 137.056813932, 35.521749669 ], [ 137.056813932, 35.52170767 ], [ 137.056750932, 35.521707669 ], [ 137.056688932, 35.521707669 ], [ 137.056688932, 35.521749669 ], [ 137.056750932, 35.521749669 ], [ 137.056813932, 35.521749669 ] ] ] } },
{ "type": "Feature", "properties": { "A31a_101": "8505090072", "A31a_102": "川浦川", "A31a_103": "21", "A31a_104": "岐阜県", "A31a_105": 2 }, "geometry": { "type": "Polygon", "coordinates": [ [ [ 137.003438828, 35.492582657 ], [ 137.003438827, 35.492541657 ], [ 137.003438827, 35.492499657 ], [ 137.003375827, 35.492499657 ], [ 137.003375827, 35.492541657 ], [ 137.003375827, 35.492582657 ], [ 137.003438828, 35.492582657 ] ] ] } },
{ "type": "Feature", "properties": { "A31a_101": "8505090072", "A31a_102": "川浦川", "A31a_103": "21", "A31a_104": "岐阜県", "A31a_105": 2 }, "geometry": { "type": "Polygon", "coordinates": [ [ [ 137.045813923, 35.515082669 ], [ 137.045813923, 35.515041669 ], [ 137.045813923, 35.514999669 ], [ 137.045750923, 35.514999669 ], [ 137.045750923, 35.515041669 ], [ 137.045750924, 35.515082669 ], [ 137.045813923, 35.515082669 ] ] ] } },
{ "type": "Feature", "properties": { "A31a_101": "8505090072", "A31a_102": "川浦川", "A31a_103": "21", "A31a_104": "岐阜県", "A31a_105": 2 }, "geometry": { "type": "Polygon", "coordinates": [ [ [ 137.046438936, 35.517499666 ], [ 137.046438936, 35.517457666 ], [ 137.046438936, 35.517416666 ], [ 137.046375936, 35.517416666 ], [ 137.046375936, 35.517457666 ], [ 137.046375936, 35.517499666 ], [ 137.046438936, 35.517499666 ] ] ] } },
{ "type": "Feature", "properties": { "A31a_101": "8505090072", "A31a_102": "川浦川", "A31a_103": "21", "A31a_104": "岐阜県", "A31a_105": 2 }, "geometry": { "type": "Polygon", "coordinates": [ [ [ 137.001313828, 35.493332656 ], [ 137.001313828, 35.493291656 ], [ 137.001313828, 35.493249656 ], [ 137.001250828, 35.493249656 ], [ 137.001250828, 35.493291656 ], [ 137.001250828, 35.493332656 ], [ 137.001313828, 35.493332656 ] ] ] } },
{ "type": "Feature", "properties": { "A31a_101": "8505090072", "A31a_102": "川浦川", "A31a_103": "21", "A31a_104": "岐阜県", "A31a_105": 2 }, "geometry": { "type": "Polygon", "coordinates": [ [ [ 137.002250829, 35.493291656 ], [ 137.002250829, 35.493249656 ], [ 137.002250829, 35.493207656 ], [ 137.002188829, 35.493207656 ], [ 137.002188829, 35.493249656 ], [ 137.002188829, 35.493291656 ], [ 137.002250829, 35.493291656 ] ] ] } },
{ "type": "Feature", "properties": { "A31a_101": "8505090072", "A31a_102": "川浦川", "A31a_103": "21", "A31a_104": "岐阜県", "A31a_105": 2 }, "geometry": { "type": "Polygon", "coordinates": [ [ [ 137.046000921, 35.514666669 ], [ 137.046000921, 35.514624669 ], [ 137.04600092, 35.514582669 ], [ 137.04593892, 35.514582669 ], [ 137.045938921, 35.514624669 ], [ 137.045938921, 35.514666669 ], [ 137.046000921, 35.514666669 ] ] ] } },
{ "type": "Feature", "properties": { "A31a_101": "8505090072", "A31a_102": "川浦川", "A31a_103": "21", "A31a_104": "岐阜県", "A31a_105": 2 }, "geometry": { "type": "Polygon", "coordinates": [ [ [ 136.965375734, 35.485916652 ], [ 136.965375734, 35.485874652 ], [ 136.965375734, 35.485832652 ], [ 136.965313734, 35.485832652 ], [ 136.965313734, 35.485874652 ], [ 136.965313734, 35.485916652 ], [ 136.965375734, 35.485916652 ] ] ] } },
{ "type": "Feature", "properties": { "A31a_101": "8505090072", "A31a_102": "川浦川", "A31a_103": "21", "A31a_104": "岐阜県", "A31a_105": 2 }, "geometry": { "type": "Polygon", "coordinates": [ [ [ 137.015250887, 35.505207658 ], [ 137.015250887, 35.505166658 ], [ 137.015188886, 35.505166658 ], [ 137.015188886, 35.505124658 ], [ 137.015125886, 35.505124658 ], [ 137.015125886, 35.505166658 ], [ 137.015188886, 35.505166658 ], [ 137.015188887, 35.505207658 ], [ 137.015250887, 35.505207658 ] ] ] } },
{ "type": "Feature", "properties": { "A31a_101": "8505090072", "A31a_102": "川浦川", "A31a_103": "21", "A31a_104": "岐阜県", "A31a_105": 2 }, "geometry": { "type": "Polygon", "coordinates": [ [ [ 137.06262594, 35.526957667 ], [ 137.06262594, 35.526916667 ], [ 137.06256394, 35.526916667 ], [ 137.06256394, 35.526874667 ], [ 137.062500941, 35.526874667 ], [ 137.062500941, 35.526916667 ], [ 137.06256394, 35.526916667 ], [ 137.062563941, 35.526957667 ], [ 137.06262594, 35.526957667 ] ] ] } },
{ "type": "Feature", "properties": { "A31a_101": "8505090072", "A31a_102": "川浦川", "A31a_103": "21", "A31a_104": "岐阜県", "A31a_105": 2 }, "geometry": { "type": "Polygon", "coordinates": [ [ [ 137.019125892, 35.50574966 ], [ 137.019125892, 35.50570766 ], [ 137.019063892, 35.50570766 ], [ 137.019063891, 35.50566666 ], [ 137.019000891, 35.50566666 ], [ 137.019000892, 35.50570766 ], [ 137.019063892, 35.50570766 ], [ 137.019063892, 35.50574966 ], [ 137.019125892, 35.50574966 ] ] ] } },
{ "type": "Feature", "properties": { "A31a_101": "8505090072", "A31a_102": "川浦川", "A31a_103": "21", "A31a_104": "岐阜県", "A31a_105": 2 }, "geometry": { "type": "Polygon", "coordinates": [ [ [ 137.03512592, 35.511624665 ], [ 137.03512592, 35.511582665 ], [ 137.03506392, 35.511582665 ], [ 137.035063919, 35.511541665 ], [ 137.035000919, 35.511541665 ], [ 137.03500092, 35.511582665 ], [ 137.03506392, 35.511582665 ], [ 137.03506392, 35.511624665 ], [ 137.03512592, 35.511624665 ] ] ] } },
{ "type": "Feature", "properties": { "A31a_101": "8505090072", "A31a_102": "川浦川", "A31a_103": "21", "A31a_104": "岐阜県", "A31a_105": 2 }, "geometry": { "type": "Polygon", "coordinates": [ [ [ 136.998313826, 35.493832655 ], [ 136.998313825, 35.493791655 ], [ 136.998250825, 35.493791655 ], [ 136.998250825, 35.493749655 ], [ 136.998188825, 35.493749655 ], [ 136.998188825, 35.493791655 ], [ 136.998250825, 35.493791655 ], [ 136.998250825, 35.493832655 ], [ 136.998313826, 35.493832655 ] ] ] } },
{ "type": "Feature", "properties": { "A31a_101": "8505090072", "A31a_102": "川浦川", "A31a_103": "21", "A31a_104": "岐阜県", "A31a_105": 2 }, "geometry": { "type": "Polygon", "coordinates": [ [ [ 137.00112583, 35.493957656 ], [ 137.00112583, 35.493916656 ], [ 137.00112583, 35.493874656 ], [ 137.00106383, 35.493874656 ], [ 137.00106383, 35.493916656 ], [ 137.00106383, 35.493957656 ], [ 137.00112583, 35.493957656 ] ] ] } },
{ "type": "Feature", "properties": { "A31a_101": "8505090072", "A31a_102": "川浦川", "A31a_103": "21", "A31a_104": "岐阜県", "A31a_105": 2 }, "geometry": { "type": "Polygon", "coordinates": [ [ [ 136.998625829, 35.494749655 ], [ 136.998625829, 35.494707655 ], [ 136.998625829, 35.494666655 ], [ 136.998563828, 35.494666655 ], [ 136.998563829, 35.494707655 ], [ 136.998563829, 35.494749655 ], [ 136.998625829, 35.494749655 ] ] ] } },
{ "type": "Feature", "properties": { "A31a_101": "8505090072", "A31a_102": "川浦川", "A31a_103": "21", "A31a_104": "岐阜県", "A31a_105": 2 }, "geometry": { "type": "Polygon", "coordinates": [ [ [ 136.997313823, 35.493582655 ], [ 136.997313823, 35.493541655 ], [ 136.997250823, 35.493541655 ], [ 136.997188823, 35.493541655 ], [ 136.997188823, 35.493582655 ], [ 136.997250823, 35.493582655 ], [ 136.997313823, 35.493582655 ] ] ] } },
{ "type": "Feature", "properties": { "A31a_101": "8505090072", "A31a_102": "川浦川", "A31a_103": "21", "A31a_104": "岐阜県", "A31a_105": 2 }, "geometry": { "type": "Polygon", "coordinates": [ [ [ 136.965563734, 35.48433265 ], [ 136.965563734, 35.48429165 ], [ 136.965500734, 35.48429165 ], [ 136.965438733, 35.48429165 ], [ 136.965438733, 35.48433265 ], [ 136.965500734, 35.48433265 ], [ 136.965563734, 35.48433265 ] ] ] } },
{ "type": "Feature", "properties": { "A31a_101": "8505090072", "A31a_102": "川浦川", "A31a_103": "21", "A31a_104": "岐阜県", "A31a_105": 2 }, "geometry": { "type": "Polygon", "coordinates": [ [ [ 136.998188825, 35.493832655 ], [ 136.998188825, 35.493791655 ], [ 136.998125825, 35.493791655 ], [ 136.998063825, 35.493791655 ], [ 136.998063825, 35.493832655 ], [ 136.998125825, 35.493832655 ], [ 136.998188825, 35.493832655 ] ] ] } },
{ "type": "Feature", "properties": { "A31a_101": "8505090072", "A31a_102": "川浦川", "A31a_103": "21", "A31a_104": "岐阜県", "A31a_105": 2 }, "geometry": { "type": "Polygon", "coordinates": [ [ [ 136.966000735, 35.48458265 ], [ 136.966000735, 35.48454165 ], [ 136.965938735, 35.48454165 ], [ 136.965875735, 35.48454165 ], [ 136.965875735, 35.48458265 ], [ 136.965938735, 35.48458265 ], [ 136.966000735, 35.48458265 ] ] ] } },
{ "type": "Feature", "properties": { "A31a_101": "8505090072", "A31a_102": "川浦川", "A31a_103": "21", "A31a_104": "岐阜県", "A31a_105": 2 }, "geometry": { "type": "Polygon", "coordinates": [ [ [ 137.049188945, 35.519832666 ], [ 137.049188945, 35.519791666 ], [ 137.049125945, 35.519791666 ], [ 137.049063945, 35.519791666 ], [ 137.049063946, 35.519832666 ], [ 137.049125946, 35.519832666 ], [ 137.049188945, 35.519832666 ] ] ] } },
{ "type": "Feature", "properties": { "A31a_101": "8505090072", "A31a_102": "川浦川", "A31a_103": "21", "A31a_104": "岐阜県", "A31a_105": 2 }, "geometry": { "type": "Polygon", "coordinates": [ [ [ 137.000375825, 35.492582656 ], [ 137.000375825, 35.492541656 ], [ 137.000313825, 35.492541656 ], [ 137.000250825, 35.492541656 ], [ 137.000250825, 35.492582656 ], [ 137.000313825, 35.492582656 ], [ 137.000375825, 35.492582656 ] ] ] } },
{ "type": "Feature", "properties": { "A31a_101": "8505090072", "A31a_102": "川浦川", "A31a_103": "21", "A31a_104": "岐阜県", "A31a_105": 2 }, "geometry": { "type": "Polygon", "coordinates": [ [ [ 137.054875936, 35.521332669 ], [ 137.054875936, 35.521291669 ], [ 137.054813936, 35.521291669 ], [ 137.054750936, 35.521291668 ], [ 137.054750937, 35.521332668 ], [ 137.054813936, 35.521332668 ], [ 137.054875936, 35.521332669 ] ] ] } },
{ "type": "Feature", "properties": { "A31a_101": "8505090072", "A31a_102": "川浦川", "A31a_103": "21", "A31a_104": "岐阜県", "A31a_105": 2 }, "geometry": { "type": "Polygon", "coordinates": [ [ [ 137.002313827, 35.492791657 ], [ 137.002313827, 35.492749657 ], [ 137.002250827, 35.492749656 ], [ 137.002250827, 35.492791656 ], [ 137.002313827, 35.492791657 ] ] ] } },
{ "type": "Feature", "properties": { "A31a_101": "8505090072", "A31a_102": "川浦川", "A31a_103": "21", "A31a_104": "岐阜県", "A31a_105": 2 }, "geometry": { "type": "Polygon", "coordinates": [ [ [ 137.015438888, 35.505499658 ], [ 137.015438888, 35.505457658 ], [ 137.015375888, 35.505457658 ], [ 137.015375888, 35.505499658 ], [ 137.015438888, 35.505499658 ] ] ] } },
{ "type": "Feature", "properties": { "A31a_101": "8505090072", "A31a_102": "川浦川", "A31a_103": "21", "A31a_104": "岐阜県", "A31a_105": 2 }, "geometry": { "type": "Polygon", "coordinates": [ [ [ 137.003063827, 35.492624657 ], [ 137.003063827, 35.492582657 ], [ 137.003000827, 35.492582657 ], [ 137.003000827, 35.492624657 ], [ 137.003063827, 35.492624657 ] ] ] } },
{ "type": "Feature", "properties": { "A31a_101": "8505090072", "A31a_102": "川浦川", "A31a_103": "21", "A31a_104": "岐阜県", "A31a_105": 2 }, "geometry": { "type": "Polygon", "coordinates": [ [ [ 137.019563893, 35.50587466 ], [ 137.019563893, 35.50583266 ], [ 137.019500893, 35.50583266 ], [ 137.019500893, 35.50587466 ], [ 137.019563893, 35.50587466 ] ] ] } },
{ "type": "Feature", "properties": { "A31a_101": "8505090072", "A31a_102": "川浦川", "A31a_103": "21", "A31a_104": "岐阜県", "A31a_105": 2 }, "geometry": { "type": "Polygon", "coordinates": [ [ [ 137.000188825, 35.492624656 ], [ 137.000188825, 35.492582656 ], [ 137.000125825, 35.492582656 ], [ 137.000125825, 35.492624656 ], [ 137.000188825, 35.492624656 ] ] ] } },
{ "type": "Feature", "properties": { "A31a_101": "8505090072", "A31a_102": "川浦川", "A31a_103": "21", "A31a_104": "岐阜県", "A31a_105": 2 }, "geometry": { "type": "Polygon", "coordinates": [ [ [ 137.026063908, 35.508416662 ], [ 137.026063908, 35.508374662 ], [ 137.026000908, 35.508374662 ], [ 137.026000908, 35.508416662 ], [ 137.026063908, 35.508416662 ] ] ] } },
{ "type": "Feature", "properties": { "A31a_101": "8505090072", "A31a_102": "川浦川", "A31a_103": "21", "A31a_104": "岐阜県", "A31a_105": 2 }, "geometry": { "type": "Polygon", "coordinates": [ [ [ 136.964813732, 35.484624651 ], [ 136.964813732, 35.484582651 ], [ 136.964750732, 35.484582651 ], [ 136.964750732, 35.484624651 ], [ 136.964813732, 35.484624651 ] ] ] } },
{ "type": "Feature", "properties": { "A31a_101": "8505090072", "A31a_102": "川浦川", "A31a_103": "21", "A31a_104": "岐阜県", "A31a_105": 2 }, "geometry": { "type": "Polygon", "coordinates": [ [ [ 137.026563913, 35.509374661 ], [ 137.026563912, 35.509332661 ], [ 137.026500912, 35.509332661 ], [ 137.026500913, 35.509374661 ], [ 137.026563913, 35.509374661 ] ] ] } },
{ "type": "Feature", "properties": { "A31a_101": "8505090072", "A31a_102": "川浦川", "A31a_103": "21", "A31a_104": "岐阜県", "A31a_105": 2 }, "geometry": { "type": "Polygon", "coordinates": [ [ [ 137.031688915, 35.510416664 ], [ 137.031688915, 35.510374664 ], [ 137.031625915, 35.510374664 ], [ 137.031625915, 35.510416664 ], [ 137.031688915, 35.510416664 ] ] ] } },
{ "type": "Feature", "properties": { "A31a_101": "8505090072", "A31a_102": "川浦川", "A31a_103": "21", "A31a_104": "岐阜県", "A31a_105": 2 }, "geometry": { "type": "Polygon", "coordinates": [ [ [ 137.033438918, 35.511166664 ], [ 137.033438918, 35.511124664 ], [ 137.033375918, 35.511124664 ], [ 137.033375918, 35.511166664 ], [ 137.033438918, 35.511166664 ] ] ] } },
{ "type": "Feature", "properties": { "A31a_101": "8505090072", "A31a_102": "川浦川", "A31a_103": "21", "A31a_104": "岐阜県", "A31a_105": 2 }, "geometry": { "type": "Polygon", "coordinates": [ [ [ 136.998688828, 35.494541655 ], [ 136.998688828, 35.494499655 ], [ 136.998625828, 35.494499655 ], [ 136.998625828, 35.494541655 ], [ 136.998688828, 35.494541655 ] ] ] } },
{ "type": "Feature", "properties": { "A31a_101": "8505090072", "A31a_102": "川浦川", "A31a_103": "21", "A31a_104": "岐阜県", "A31a_105": 2 }, "geometry": { "type": "Polygon", "coordinates": [ [ [ 137.036063921, 35.511999665 ], [ 137.036063921, 35.511957665 ], [ 137.036000921, 35.511957665 ], [ 137.036000921, 35.511999665 ], [ 137.036063921, 35.511999665 ] ] ] } },
{ "type": "Feature", "properties": { "A31a_101": "8505090072", "A31a_102": "川浦川", "A31a_103": "21", "A31a_104": "岐阜県", "A31a_105": 2 }, "geometry": { "type": "Polygon", "coordinates": [ [ [ 137.036313925, 35.512666664 ], [ 137.036313925, 35.512624664 ], [ 137.036250925, 35.512624664 ], [ 137.036250925, 35.512666664 ], [ 137.036313925, 35.512666664 ] ] ] } },
{ "type": "Feature", "properties": { "A31a_101": "8505090072", "A31a_102": "川浦川", "A31a_103": "21", "A31a_104": "岐阜県", "A31a_105": 2 }, "geometry": { "type": "Polygon", "coordinates": [ [ [ 136.964938732, 35.484791651 ], [ 136.964938732, 35.484749651 ], [ 136.964875732, 35.484749651 ], [ 136.964875732, 35.484791651 ], [ 136.964938732, 35.484791651 ] ] ] } },
{ "type": "Feature", "properties": { "A31a_101": "8505090072", "A31a_102": "川浦川", "A31a_103": "21", "A31a_104": "岐阜県", "A31a_105": 2 }, "geometry": { "type": "Polygon", "coordinates": [ [ [ 137.042938923, 35.514041668 ], [ 137.042938922, 35.513999668 ], [ 137.042875923, 35.513999668 ], [ 137.042875923, 35.514041668 ], [ 137.042938923, 35.514041668 ] ] ] } },
{ "type": "Feature", "properties": { "A31a_101": "8505090072", "A31a_102": "川浦川", "A31a_103": "21", "A31a_104": "岐阜県", "A31a_105": 2 }, "geometry": { "type": "Polygon", "coordinates": [ [ [ 137.001188828, 35.493374656 ], [ 137.001188828, 35.493332656 ], [ 137.001125828, 35.493332656 ], [ 137.001125828, 35.493374656 ], [ 137.001188828, 35.493374656 ] ] ] } },
{ "type": "Feature", "properties": { "A31a_101": "8505090072", "A31a_102": "川浦川", "A31a_103": "21", "A31a_104": "岐阜県", "A31a_105": 2 }, "geometry": { "type": "Polygon", "coordinates": [ [ [ 136.997938829, 35.495166655 ], [ 136.997938829, 35.495124655 ], [ 136.997875828, 35.495124655 ], [ 136.997875829, 35.495166655 ], [ 136.997938829, 35.495166655 ] ] ] } },
{ "type": "Feature", "properties": { "A31a_101": "8505090072", "A31a_102": "川浦川", "A31a_103": "21", "A31a_104": "岐阜県", "A31a_105": 2 }, "geometry": { "type": "Polygon", "coordinates": [ [ [ 137.04531392, 35.514291669 ], [ 137.04531392, 35.514249669 ], [ 137.04525092, 35.514249669 ], [ 137.04525092, 35.514291669 ], [ 137.04531392, 35.514291669 ] ] ] } },
{ "type": "Feature", "properties": { "A31a_101": "8505090072", "A31a_102": "川浦川", "A31a_103": "21", "A31a_104": "岐阜県", "A31a_105": 2 }, "geometry": { "type": "Polygon", "coordinates": [ [ [ 137.045438925, 35.515291668 ], [ 137.045438925, 35.515249668 ], [ 137.045375925, 35.515249668 ], [ 137.045375925, 35.515291668 ], [ 137.045438925, 35.515291668 ] ] ] } },
{ "type": "Feature", "properties": { "A31a_101": "8505090072", "A31a_102": "川浦川", "A31a_103": "21", "A31a_104": "岐阜県", "A31a_105": 2 }, "geometry": { "type": "Polygon", "coordinates": [ [ [ 137.045688924, 35.515124668 ], [ 137.045688924, 35.515082668 ], [ 137.045625924, 35.515082668 ], [ 137.045625924, 35.515124668 ], [ 137.045688924, 35.515124668 ] ] ] } },
{ "type": "Feature", "properties": { "A31a_101": "8505090072", "A31a_102": "川浦川", "A31a_103": "21", "A31a_104": "岐阜県", "A31a_105": 2 }, "geometry": { "type": "Polygon", "coordinates": [ [ [ 136.997688825, 35.493999655 ], [ 136.997688825, 35.493957655 ], [ 136.997625825, 35.493957655 ], [ 136.997625825, 35.493999655 ], [ 136.997688825, 35.493999655 ] ] ] } },
{ "type": "Feature", "properties": { "A31a_101": "8505090072", "A31a_102": "川浦川", "A31a_103": "21", "A31a_104": "岐阜県", "A31a_105": 2 }, "geometry": { "type": "Polygon", "coordinates": [ [ [ 136.997313823, 35.493666655 ], [ 136.997313823, 35.493624655 ], [ 136.997250823, 35.493624655 ], [ 136.997250823, 35.493666655 ], [ 136.997313823, 35.493666655 ] ] ] } },
{ "type": "Feature", "properties": { "A31a_101": "8505090072", "A31a_102": "川浦川", "A31a_103": "21", "A31a_104": "岐阜県", "A31a_105": 2 }, "geometry": { "type": "Polygon", "coordinates": [ [ [ 137.00118883, 35.494041656 ], [ 137.00118883, 35.493999656 ], [ 137.00112583, 35.493999656 ], [ 137.00112583, 35.494041656 ], [ 137.00118883, 35.494041656 ] ] ] } },
{ "type": "Feature", "properties": { "A31a_101": "8505090072", "A31a_102": "川浦川", "A31a_103": "21", "A31a_104": "岐阜県", "A31a_105": 2 }, "geometry": { "type": "Polygon", "coordinates": [ [ [ 137.002063828, 35.492916656 ], [ 137.002063827, 35.492874656 ], [ 137.002000827, 35.492874656 ], [ 137.002000828, 35.492916656 ], [ 137.002063828, 35.492916656 ] ] ] } },
{ "type": "Feature", "properties": { "A31a_101": "8505090072", "A31a_102": "川浦川", "A31a_103": "21", "A31a_104": "岐阜県", "A31a_105": 2 }, "geometry": { "type": "Polygon", "coordinates": [ [ [ 137.04718893, 35.516624668 ], [ 137.04718893, 35.516582668 ], [ 137.04712593, 35.516582668 ], [ 137.04712593, 35.516624668 ], [ 137.04718893, 35.516624668 ] ] ] } },
{ "type": "Feature", "properties": { "A31a_101": "8505090072", "A31a_102": "川浦川", "A31a_103": "21", "A31a_104": "岐阜県", "A31a_105": 2 }, "geometry": { "type": "Polygon", "coordinates": [ [ [ 137.047188942, 35.518624666 ], [ 137.047188941, 35.518582666 ], [ 137.047125942, 35.518582666 ], [ 137.047125942, 35.518624666 ], [ 137.047188942, 35.518624666 ] ] ] } },
{ "type": "Feature", "properties": { "A31a_101": "8505090072", "A31a_102": "川浦川", "A31a_103": "21", "A31a_104": "岐阜県", "A31a_105": 2 }, "geometry": { "type": "Polygon", "coordinates": [ [ [ 137.048438944, 35.519374666 ], [ 137.048438944, 35.519332666 ], [ 137.048375944, 35.519332666 ], [ 137.048375944, 35.519374666 ], [ 137.048438944, 35.519374666 ] ] ] } },
{ "type": "Feature", "properties": { "A31a_101": "8505090072", "A31a_102": "川浦川", "A31a_103": "21", "A31a_104": "岐阜県", "A31a_105": 2 }, "geometry": { "type": "Polygon", "coordinates": [ [ [ 136.966063736, 35.485541651 ], [ 136.966063736, 35.485499651 ], [ 136.966000736, 35.485499651 ], [ 136.966000736, 35.485541651 ], [ 136.966063736, 35.485541651 ] ] ] } },
{ "type": "Feature", "properties": { "A31a_101": "8505090072", "A31a_102": "川浦川", "A31a_103": "21", "A31a_104": "岐阜県", "A31a_105": 2 }, "geometry": { "type": "Polygon", "coordinates": [ [ [ 137.048938947, 35.520041665 ], [ 137.048938947, 35.519999665 ], [ 137.048875947, 35.519999665 ], [ 137.048875947, 35.520041665 ], [ 137.048938947, 35.520041665 ] ] ] } },
{ "type": "Feature", "properties": { "A31a_101": "8505090072", "A31a_102": "川浦川", "A31a_103": "21", "A31a_104": "岐阜県", "A31a_105": 2 }, "geometry": { "type": "Polygon", "coordinates": [ [ [ 137.00831384, 35.495041659 ], [ 137.00831384, 35.494999659 ], [ 137.00825084, 35.494999658 ], [ 137.00825084, 35.495041658 ], [ 137.00831384, 35.495041659 ] ] ] } },
{ "type": "Feature", "properties": { "A31a_101": "8505090072", "A31a_102": "川浦川", "A31a_103": "21", "A31a_104": "岐阜県", "A31a_105": 2 }, "geometry": { "type": "Polygon", "coordinates": [ [ [ 137.049688944, 35.519791666 ], [ 137.049688944, 35.519749666 ], [ 137.049625944, 35.519749666 ], [ 137.049625944, 35.519791666 ], [ 137.049688944, 35.519791666 ] ] ] } },
{ "type": "Feature", "properties": { "A31a_101": "8505090072", "A31a_102": "川浦川", "A31a_103": "21", "A31a_104": "岐阜県", "A31a_105": 2 }, "geometry": { "type": "Polygon", "coordinates": [ [ [ 137.051563954, 35.522374665 ], [ 137.051563954, 35.522332665 ], [ 137.051500954, 35.522332665 ], [ 137.051500954, 35.522374665 ], [ 137.051563954, 35.522374665 ] ] ] } },
{ "type": "Feature", "properties": { "A31a_101": "8505090072", "A31a_102": "川浦川", "A31a_103": "21", "A31a_104": "岐阜県", "A31a_105": 2 }, "geometry": { "type": "Polygon", "coordinates": [ [ [ 137.051938951, 35.522041666 ], [ 137.05193895, 35.521999666 ], [ 137.05187595, 35.521999666 ], [ 137.051875951, 35.522041665 ], [ 137.051938951, 35.522041666 ] ] ] } },
{ "type": "Feature", "properties": { "A31a_101": "8505090072", "A31a_102": "川浦川", "A31a_103": "21", "A31a_104": "岐阜県", "A31a_105": 2 }, "geometry": { "type": "Polygon", "coordinates": [ [ [ 136.999188825, 35.493166655 ], [ 136.999188825, 35.493124655 ], [ 136.999125825, 35.493124655 ], [ 136.999125825, 35.493166655 ], [ 136.999188825, 35.493166655 ] ] ] } },
{ "type": "Feature", "properties": { "A31a_101": "8505090072", "A31a_102": "川浦川", "A31a_103": "21", "A31a_104": "岐阜県", "A31a_105": 2 }, "geometry": { "type": "Polygon", "coordinates": [ [ [ 136.99843883, 35.495124655 ], [ 136.998438829, 35.495082655 ], [ 136.998375829, 35.495082655 ], [ 136.998375829, 35.495124655 ], [ 136.99843883, 35.495124655 ] ] ] } },
{ "type": "Feature", "properties": { "A31a_101": "8505090072", "A31a_102": "川浦川", "A31a_103": "21", "A31a_104": "岐阜県", "A31a_105": 2 }, "geometry": { "type": "Polygon", "coordinates": [ [ [ 137.015063886, 35.504999658 ], [ 137.015063886, 35.504957658 ], [ 137.015000885, 35.504957658 ], [ 137.015000886, 35.504999658 ], [ 137.015063886, 35.504999658 ] ] ] } },
{ "type": "Feature", "properties": { "A31a_101": "8505090072", "A31a_102": "川浦川", "A31a_103": "21", "A31a_104": "岐阜県", "A31a_105": 2 }, "geometry": { "type": "Polygon", "coordinates": [ [ [ 137.054938931, 35.520499669 ], [ 137.054938931, 35.52045767 ], [ 137.054875931, 35.520457669 ], [ 137.054875931, 35.520499669 ], [ 137.054938931, 35.520499669 ] ] ] } },
{ "type": "Feature", "properties": { "A31a_101": "8505090072", "A31a_102": "川浦川", "A31a_103": "21", "A31a_104": "岐阜県", "A31a_105": 2 }, "geometry": { "type": "Polygon", "coordinates": [ [ [ 137.054938936, 35.521291669 ], [ 137.054938935, 35.521249669 ], [ 137.054875936, 35.521249669 ], [ 137.054875936, 35.521291669 ], [ 137.054938936, 35.521291669 ] ] ] } },
{ "type": "Feature", "properties": { "A31a_101": "8505090072", "A31a_102": "川浦川", "A31a_103": "21", "A31a_104": "岐阜県", "A31a_105": 2 }, "geometry": { "type": "Polygon", "coordinates": [ [ [ 136.997063824, 35.494041655 ], [ 136.997063824, 35.493999655 ], [ 136.997000824, 35.493999655 ], [ 136.997000824, 35.494041655 ], [ 136.997063824, 35.494041655 ] ] ] } },
{ "type": "Feature", "properties": { "A31a_101": "8505090072", "A31a_102": "川浦川", "A31a_103": "21", "A31a_104": "岐阜県", "A31a_105": 2 }, "geometry": { "type": "Polygon", "coordinates": [ [ [ 136.964813732, 35.48441665 ], [ 136.964813732, 35.48437465 ], [ 136.964750732, 35.48437465 ], [ 136.964750732, 35.48441665 ], [ 136.964813732, 35.48441665 ] ] ] } },
{ "type": "Feature", "properties": { "A31a_101": "8505090072", "A31a_102": "川浦川", "A31a_103": "21", "A31a_104": "岐阜県", "A31a_105": 2 }, "geometry": { "type": "Polygon", "coordinates": [ [ [ 137.055688936, 35.521874669 ], [ 137.055688936, 35.521832669 ], [ 137.055625936, 35.521832669 ], [ 137.055625937, 35.521874668 ], [ 137.055688936, 35.521874669 ] ] ] } },
{ "type": "Feature", "properties": { "A31a_101": "8505090072", "A31a_102": "川浦川", "A31a_103": "21", "A31a_104": "岐阜県", "A31a_105": 2 }, "geometry": { "type": "Polygon", "coordinates": [ [ [ 136.998813828, 35.494416655 ], [ 136.998813828, 35.494374655 ], [ 136.998750828, 35.494374655 ], [ 136.998750828, 35.494416655 ], [ 136.998813828, 35.494416655 ] ] ] } },
{ "type": "Feature", "properties": { "A31a_101": "8505090072", "A31a_102": "川浦川", "A31a_103": "21", "A31a_104": "岐阜県", "A31a_105": 2 }, "geometry": { "type": "Polygon", "coordinates": [ [ [ 136.965188733, 35.48424965 ], [ 136.965188733, 35.48420765 ], [ 136.965125732, 35.48420765 ], [ 136.965125732, 35.48424965 ], [ 136.965188733, 35.48424965 ] ] ] } },
{ "type": "Feature", "properties": { "A31a_101": "8505090072", "A31a_102": "川浦川", "A31a_103": "21", "A31a_104": "岐阜県", "A31a_105": 2 }, "geometry": { "type": "Polygon", "coordinates": [ [ [ 137.056313932, 35.521499669 ], [ 137.056313932, 35.521457669 ], [ 137.056250932, 35.521457669 ], [ 137.056250932, 35.521499669 ], [ 137.056313932, 35.521499669 ] ] ] } },
{ "type": "Feature", "properties": { "A31a_101": "8505090072", "A31a_102": "川浦川", "A31a_103": "21", "A31a_104": "岐阜県", "A31a_105": 2 }, "geometry": { "type": "Polygon", "coordinates": [ [ [ 137.056313934, 35.521791669 ], [ 137.056313934, 35.521749669 ], [ 137.056250934, 35.521749669 ], [ 137.056250934, 35.521791669 ], [ 137.056313934, 35.521791669 ] ] ] } },
{ "type": "Feature", "properties": { "A31a_101": "8505090072", "A31a_102": "川浦川", "A31a_103": "21", "A31a_104": "岐阜県", "A31a_105": 2 }, "geometry": { "type": "Polygon", "coordinates": [ [ [ 137.056563933, 35.521874669 ], [ 137.056563933, 35.521832669 ], [ 137.056500933, 35.521832669 ], [ 137.056500934, 35.521874669 ], [ 137.056563933, 35.521874669 ] ] ] } },
{ "type": "Feature", "properties": { "A31a_101": "8505090072", "A31a_102": "川浦川", "A31a_103": "21", "A31a_104": "岐阜県", "A31a_105": 2 }, "geometry": { "type": "Polygon", "coordinates": [ [ [ 137.001938827, 35.492874656 ], [ 137.001938827, 35.492832656 ], [ 137.001875827, 35.492832656 ], [ 137.001875827, 35.492874656 ], [ 137.001938827, 35.492874656 ] ] ] } },
{ "type": "Feature", "properties": { "A31a_101": "8505090072", "A31a_102": "川浦川", "A31a_103": "21", "A31a_104": "岐阜県", "A31a_105": 2 }, "geometry": { "type": "Polygon", "coordinates": [ [ [ 136.965188733, 35.485124651 ], [ 136.965188733, 35.485082651 ], [ 136.965125733, 35.485082651 ], [ 136.965125733, 35.485124651 ], [ 136.965188733, 35.485124651 ] ] ] } },
{ "type": "Feature", "properties": { "A31a_101": "8505090072", "A31a_102": "川浦川", "A31a_103": "21", "A31a_104": "岐阜県", "A31a_105": 2 }, "geometry": { "type": "Polygon", "coordinates": [ [ [ 137.062813938, 35.526624668 ], [ 137.062813938, 35.526582668 ], [ 137.062750938, 35.526582668 ], [ 137.062750938, 35.526624668 ], [ 137.062813938, 35.526624668 ] ] ] } },
{ "type": "Feature", "properties": { "A31a_101": "8505090072", "A31a_102": "川浦川", "A31a_103": "21", "A31a_104": "岐阜県", "A31a_105": 2 }, "geometry": { "type": "Polygon", "coordinates": [ [ [ 137.036000924, 35.512374665 ], [ 137.036000923, 35.512332665 ], [ 137.035938923, 35.512332665 ], [ 137.035938924, 35.512374665 ], [ 137.036000924, 35.512374665 ] ] ] } },
{ "type": "Feature", "properties": { "A31a_101": "8505090072", "A31a_102": "川浦川", "A31a_103": "21", "A31a_104": "岐阜県", "A31a_105": 2 }, "geometry": { "type": "Polygon", "coordinates": [ [ [ 136.997250823, 35.493749655 ], [ 136.997250823, 35.493707655 ], [ 136.997188823, 35.493707655 ], [ 136.997188823, 35.493749655 ], [ 136.997250823, 35.493749655 ] ] ] } },
{ "type": "Feature", "properties": { "A31a_101": "8505090072", "A31a_102": "川浦川", "A31a_103": "21", "A31a_104": "岐阜県", "A31a_105": 2 }, "geometry": { "type": "Polygon", "coordinates": [ [ [ 137.036750924, 35.512541665 ], [ 137.036750924, 35.512499665 ], [ 137.036688924, 35.512499665 ], [ 137.036688924, 35.512541665 ], [ 137.036750924, 35.512541665 ] ] ] } },
{ "type": "Feature", "properties": { "A31a_101": "8505090072", "A31a_102": "川浦川", "A31a_103": "21", "A31a_104": "岐阜県", "A31a_105": 2 }, "geometry": { "type": "Polygon", "coordinates": [ [ [ 137.038250925, 35.512916665 ], [ 137.038250924, 35.512874665 ], [ 137.038188925, 35.512874665 ], [ 137.038188925, 35.512916665 ], [ 137.038250925, 35.512916665 ] ] ] } },
{ "type": "Feature", "properties": { "A31a_101": "8505090072", "A31a_102": "川浦川", "A31a_103": "21", "A31a_104": "岐阜県", "A31a_105": 2 }, "geometry": { "type": "Polygon", "coordinates": [ [ [ 137.042375921, 35.513541668 ], [ 137.042375921, 35.513499668 ], [ 137.042313921, 35.513499668 ], [ 137.042313921, 35.513541668 ], [ 137.042375921, 35.513541668 ] ] ] } },
{ "type": "Feature", "properties": { "A31a_101": "8505090072", "A31a_102": "川浦川", "A31a_103": "21", "A31a_104": "岐阜県", "A31a_105": 2 }, "geometry": { "type": "Polygon", "coordinates": [ [ [ 137.042875921, 35.513791668 ], [ 137.042875921, 35.513749668 ], [ 137.042813921, 35.513749668 ], [ 137.042813921, 35.513791668 ], [ 137.042875921, 35.513791668 ] ] ] } },
{ "type": "Feature", "properties": { "A31a_101": "8505090072", "A31a_102": "川浦川", "A31a_103": "21", "A31a_104": "岐阜県", "A31a_105": 2 }, "geometry": { "type": "Polygon", "coordinates": [ [ [ 137.019250892, 35.50574966 ], [ 137.019250892, 35.50570766 ], [ 137.019188892, 35.50570766 ], [ 137.019188892, 35.50574966 ], [ 137.019250892, 35.50574966 ] ] ] } },
{ "type": "Feature", "properties": { "A31a_101": "8505090072", "A31a_102": "川浦川", "A31a_103": "21", "A31a_104": "岐阜県", "A31a_105": 2 }, "geometry": { "type": "Polygon", "coordinates": [ [ [ 137.019375892, 35.50579166 ], [ 137.019375892, 35.50574966 ], [ 137.019313892, 35.50574966 ], [ 137.019313892, 35.50579166 ], [ 137.019375892, 35.50579166 ] ] ] } },
{ "type": "Feature", "properties": { "A31a_101": "8505090072", "A31a_102": "川浦川", "A31a_103": "21", "A31a_104": "岐阜県", "A31a_105": 2 }, "geometry": { "type": "Polygon", "coordinates": [ [ [ 136.965125733, 35.485041651 ], [ 136.965125733, 35.484999651 ], [ 136.965063733, 35.484999651 ], [ 136.965063733, 35.485041651 ], [ 136.965125733, 35.485041651 ] ] ] } },
{ "type": "Feature", "properties": { "A31a_101": "8505090072", "A31a_102": "川浦川", "A31a_103": "21", "A31a_104": "岐阜県", "A31a_105": 2 }, "geometry": { "type": "Polygon", "coordinates": [ [ [ 137.026000909, 35.508541662 ], [ 137.026000909, 35.508499662 ], [ 137.025938909, 35.508499662 ], [ 137.025938909, 35.508541662 ], [ 137.026000909, 35.508541662 ] ] ] } },
{ "type": "Feature", "properties": { "A31a_101": "8505090072", "A31a_102": "川浦川", "A31a_103": "21", "A31a_104": "岐阜県", "A31a_105": 2 }, "geometry": { "type": "Polygon", "coordinates": [ [ [ 137.045750926, 35.515499668 ], [ 137.045750926, 35.515457668 ], [ 137.045688926, 35.515457668 ], [ 137.045688926, 35.515499668 ], [ 137.045750926, 35.515499668 ] ] ] } },
{ "type": "Feature", "properties": { "A31a_101": "8505090072", "A31a_102": "川浦川", "A31a_103": "21", "A31a_104": "岐阜県", "A31a_105": 2 }, "geometry": { "type": "Polygon", "coordinates": [ [ [ 136.998750829, 35.494624655 ], [ 136.998750829, 35.494582655 ], [ 136.998688828, 35.494582655 ], [ 136.998688829, 35.494624655 ], [ 136.998750829, 35.494624655 ] ] ] } },
{ "type": "Feature", "properties": { "A31a_101": "8505090072", "A31a_102": "川浦川", "A31a_103": "21", "A31a_104": "岐阜県", "A31a_105": 2 }, "geometry": { "type": "Polygon", "coordinates": [ [ [ 137.002250828, 35.493166656 ], [ 137.002250828, 35.493124656 ], [ 137.002188828, 35.493124656 ], [ 137.002188828, 35.493166656 ], [ 137.002250828, 35.493166656 ] ] ] } },
{ "type": "Feature", "properties": { "A31a_101": "8505090072", "A31a_102": "川浦川", "A31a_103": "21", "A31a_104": "岐阜県", "A31a_105": 2 }, "geometry": { "type": "Polygon", "coordinates": [ [ [ 137.046000926, 35.515666668 ], [ 137.046000926, 35.515624668 ], [ 137.045938926, 35.515624668 ], [ 137.045938927, 35.515666668 ], [ 137.046000926, 35.515666668 ] ] ] } },
{ "type": "Feature", "properties": { "A31a_101": "8505090072", "A31a_102": "川浦川", "A31a_103": "21", "A31a_104": "岐阜県", "A31a_105": 2 }, "geometry": { "type": "Polygon", "coordinates": [ [ [ 136.997250825, 35.494249655 ], [ 136.997250825, 35.494207655 ], [ 136.997188824, 35.494207655 ], [ 136.997188825, 35.494249655 ], [ 136.997250825, 35.494249655 ] ] ] } },
{ "type": "Feature", "properties": { "A31a_101": "8505090072", "A31a_102": "川浦川", "A31a_103": "21", "A31a_104": "岐阜県", "A31a_105": 2 }, "geometry": { "type": "Polygon", "coordinates": [ [ [ 137.046500922, 35.515041669 ], [ 137.046500922, 35.514999669 ], [ 137.046438922, 35.514999669 ], [ 137.046438922, 35.515041669 ], [ 137.046500922, 35.515041669 ] ] ] } },
{ "type": "Feature", "properties": { "A31a_101": "8505090072", "A31a_102": "川浦川", "A31a_103": "21", "A31a_104": "岐阜県", "A31a_105": 2 }, "geometry": { "type": "Polygon", "coordinates": [ [ [ 136.998750828, 35.494499655 ], [ 136.998750828, 35.494457655 ], [ 136.998688828, 35.494457655 ], [ 136.998688828, 35.494499655 ], [ 136.998750828, 35.494499655 ] ] ] } },
{ "type": "Feature", "properties": { "A31a_101": "8505090072", "A31a_102": "川浦川", "A31a_103": "21", "A31a_104": "岐阜県", "A31a_105": 2 }, "geometry": { "type": "Polygon", "coordinates": [ [ [ 137.047000942, 35.518624665 ], [ 137.047000942, 35.518582666 ], [ 137.046938942, 35.518582665 ], [ 137.046938942, 35.518624665 ], [ 137.047000942, 35.518624665 ] ] ] } },
{ "type": "Feature", "properties": { "A31a_101": "8505090072", "A31a_102": "川浦川", "A31a_103": "21", "A31a_104": "岐阜県", "A31a_105": 2 }, "geometry": { "type": "Polygon", "coordinates": [ [ [ 136.967500739, 35.484416649 ], [ 136.967500739, 35.484374649 ], [ 136.967438739, 35.484374649 ], [ 136.967438739, 35.484416649 ], [ 136.967500739, 35.484416649 ] ] ] } },
{ "type": "Feature", "properties": { "A31a_101": "8505090072", "A31a_102": "川浦川", "A31a_103": "21", "A31a_104": "岐阜県", "A31a_105": 2 }, "geometry": { "type": "Polygon", "coordinates": [ [ [ 137.026750911, 35.509166662 ], [ 137.026750911, 35.509124662 ], [ 137.026688911, 35.509124662 ], [ 137.026688911, 35.509166662 ], [ 137.026750911, 35.509166662 ] ] ] } },
{ "type": "Feature", "properties": { "A31a_101": "8505090072", "A31a_102": "川浦川", "A31a_103": "21", "A31a_104": "岐阜県", "A31a_105": 2 }, "geometry": { "type": "Polygon", "coordinates": [ [ [ 137.00825084, 35.495124658 ], [ 137.00825084, 35.495082658 ], [ 137.00818884, 35.495082658 ], [ 137.00818884, 35.495124658 ], [ 137.00825084, 35.495124658 ] ] ] } },
{ "type": "Feature", "properties": { "A31a_101": "8505090072", "A31a_102": "川浦川", "A31a_103": "21", "A31a_104": "岐阜県", "A31a_105": 2 }, "geometry": { "type": "Polygon", "coordinates": [ [ [ 137.048000943, 35.519124666 ], [ 137.048000943, 35.519082666 ], [ 137.047938943, 35.519082666 ], [ 137.047938943, 35.519124666 ], [ 137.048000943, 35.519124666 ] ] ] } },
{ "type": "Feature", "properties": { "A31a_101": "8505090072", "A31a_102": "川浦川", "A31a_103": "21", "A31a_104": "岐阜県", "A31a_105": 2 }, "geometry": { "type": "Polygon", "coordinates": [ [ [ 137.02687591, 35.508999662 ], [ 137.02687591, 35.508957662 ], [ 137.02681391, 35.508957662 ], [ 137.026813911, 35.508999662 ], [ 137.02687591, 35.508999662 ] ] ] } },
{ "type": "Feature", "properties": { "A31a_101": "8505090072", "A31a_102": "川浦川", "A31a_103": "21", "A31a_104": "岐阜県", "A31a_105": 2 }, "geometry": { "type": "Polygon", "coordinates": [ [ [ 136.997250827, 35.495041655 ], [ 136.997250827, 35.494999655 ], [ 136.997188827, 35.494999655 ], [ 136.997188827, 35.495041655 ], [ 136.997250827, 35.495041655 ] ] ] } },
{ "type": "Feature", "properties": { "A31a_101": "8505090072", "A31a_102": "川浦川", "A31a_103": "21", "A31a_104": "岐阜県", "A31a_105": 2 }, "geometry": { "type": "Polygon", "coordinates": [ [ [ 137.028375902, 35.507416664 ], [ 137.028375902, 35.507374664 ], [ 137.028313902, 35.507374664 ], [ 137.028313902, 35.507416664 ], [ 137.028375902, 35.507416664 ] ] ] } },
{ "type": "Feature", "properties": { "A31a_101": "8505090072", "A31a_102": "川浦川", "A31a_103": "21", "A31a_104": "岐阜県", "A31a_105": 2 }, "geometry": { "type": "Polygon", "coordinates": [ [ [ 137.049625947, 35.520249666 ], [ 137.049625947, 35.520207666 ], [ 137.049563947, 35.520207666 ], [ 137.049563947, 35.520249666 ], [ 137.049625947, 35.520249666 ] ] ] } },
{ "type": "Feature", "properties": { "A31a_101": "8505090072", "A31a_102": "川浦川", "A31a_103": "21", "A31a_104": "岐阜県", "A31a_105": 2 }, "geometry": { "type": "Polygon", "coordinates": [ [ [ 136.999375828, 35.494124655 ], [ 136.999375828, 35.494082655 ], [ 136.999313828, 35.494082655 ], [ 136.999313828, 35.494124655 ], [ 136.999375828, 35.494124655 ] ] ] } },
{ "type": "Feature", "properties": { "A31a_101": "8505090072", "A31a_102": "川浦川", "A31a_103": "21", "A31a_104": "岐阜県", "A31a_105": 2 }, "geometry": { "type": "Polygon", "coordinates": [ [ [ 136.997375823, 35.493499655 ], [ 136.997375823, 35.493457655 ], [ 136.997313823, 35.493457655 ], [ 136.997313823, 35.493499655 ], [ 136.997375823, 35.493499655 ] ] ] } },
{ "type": "Feature", "properties": { "A31a_101": "8505090072", "A31a_102": "川浦川", "A31a_103": "21", "A31a_104": "岐阜県", "A31a_105": 2 }, "geometry": { "type": "Polygon", "coordinates": [ [ [ 137.051375955, 35.522416665 ], [ 137.051375954, 35.522374665 ], [ 137.051313955, 35.522374665 ], [ 137.051313955, 35.522416665 ], [ 137.051375955, 35.522416665 ] ] ] } },
{ "type": "Feature", "properties": { "A31a_101": "8505090072", "A31a_102": "川浦川", "A31a_103": "21", "A31a_104": "岐阜県", "A31a_105": 2 }, "geometry": { "type": "Polygon", "coordinates": [ [ [ 137.032000917, 35.510749664 ], [ 137.032000916, 35.510707664 ], [ 137.031938916, 35.510707664 ], [ 137.031938917, 35.510749664 ], [ 137.032000917, 35.510749664 ] ] ] } },
{ "type": "Feature", "properties": { "A31a_101": "8505090072", "A31a_102": "川浦川", "A31a_103": "21", "A31a_104": "岐阜県", "A31a_105": 2 }, "geometry": { "type": "Polygon", "coordinates": [ [ [ 136.998000825, 35.493874655 ], [ 136.998000825, 35.493832655 ], [ 136.997938825, 35.493832655 ], [ 136.997938825, 35.493874655 ], [ 136.998000825, 35.493874655 ] ] ] } },
{ "type": "Feature", "properties": { "A31a_101": "8505090072", "A31a_102": "川浦川", "A31a_103": "21", "A31a_104": "岐阜県", "A31a_105": 2 }, "geometry": { "type": "Polygon", "coordinates": [ [ [ 136.997125826, 35.494874655 ], [ 136.997125826, 35.494832655 ], [ 136.997063826, 35.494832655 ], [ 136.997063826, 35.494874655 ], [ 136.997125826, 35.494874655 ] ] ] } },
{ "type": "Feature", "properties": { "A31a_101": "8505090072", "A31a_102": "川浦川", "A31a_103": "21", "A31a_104": "岐阜県", "A31a_105": 2 }, "geometry": { "type": "Polygon", "coordinates": [ [ [ 136.999250826, 35.493374655 ], [ 136.999250826, 35.493332655 ], [ 136.999188826, 35.493332655 ], [ 136.999188826, 35.493374655 ], [ 136.999250826, 35.493374655 ] ] ] } },
{ "type": "Feature", "properties": { "A31a_101": "8505090072", "A31a_102": "川浦川", "A31a_103": "21", "A31a_104": "岐阜県", "A31a_105": 2 }, "geometry": { "type": "Polygon", "coordinates": [ [ [ 137.053375942, 35.521499667 ], [ 137.053375942, 35.521457667 ], [ 137.053313942, 35.521457667 ], [ 137.053313943, 35.521499667 ], [ 137.053375942, 35.521499667 ] ] ] } },
{ "type": "Feature", "properties": { "A31a_101": "8505090072", "A31a_102": "川浦川", "A31a_103": "21", "A31a_104": "岐阜県", "A31a_105": 2 }, "geometry": { "type": "Polygon", "coordinates": [ [ [ 136.997875826, 35.494249655 ], [ 136.997875826, 35.494207655 ], [ 136.997813826, 35.494207655 ], [ 136.997813826, 35.494249655 ], [ 136.997875826, 35.494249655 ] ] ] } },
{ "type": "Feature", "properties": { "A31a_101": "8505090072", "A31a_102": "川浦川", "A31a_103": "21", "A31a_104": "岐阜県", "A31a_105": 2 }, "geometry": { "type": "Polygon", "coordinates": [ [ [ 137.033500921, 35.511624664 ], [ 137.03350092, 35.511582664 ], [ 137.03343892, 35.511582664 ], [ 137.033438921, 35.511624664 ], [ 137.033500921, 35.511624664 ] ] ] } },
{ "type": "Feature", "properties": { "A31a_101": "8505090072", "A31a_102": "川浦川", "A31a_103": "21", "A31a_104": "岐阜県", "A31a_105": 2 }, "geometry": { "type": "Polygon", "coordinates": [ [ [ 136.999875828, 35.493749656 ], [ 136.999875828, 35.493707656 ], [ 136.999813828, 35.493707656 ], [ 136.999813828, 35.493749656 ], [ 136.999875828, 35.493749656 ] ] ] } },
{ "type": "Feature", "properties": { "A31a_101": "8505090072", "A31a_102": "川浦川", "A31a_103": "21", "A31a_104": "岐阜県", "A31a_105": 2 }, "geometry": { "type": "Polygon", "coordinates": [ [ [ 136.99275081, 35.491916654 ], [ 136.99275081, 35.491874654 ], [ 136.99268881, 35.491874654 ], [ 136.99268881, 35.491916654 ], [ 136.99275081, 35.491916654 ] ] ] } },
{ "type": "Feature", "properties": { "A31a_101": "8505090072", "A31a_102": "川浦川", "A31a_103": "21", "A31a_104": "岐阜県", "A31a_105": 2 }, "geometry": { "type": "Polygon", "coordinates": [ [ [ 137.054125939, 35.521416668 ], [ 137.054125939, 35.521374668 ], [ 137.054063939, 35.521374668 ], [ 137.054063939, 35.521416668 ], [ 137.054125939, 35.521416668 ] ] ] } },
{ "type": "Feature", "properties": { "A31a_101": "8505090072", "A31a_102": "川浦川", "A31a_103": "21", "A31a_104": "岐阜県", "A31a_105": 2 }, "geometry": { "type": "Polygon", "coordinates": [ [ [ 137.002250829, 35.493374656 ], [ 137.002250829, 35.493332656 ], [ 137.002188829, 35.493332656 ], [ 137.002188829, 35.493374656 ], [ 137.002250829, 35.493374656 ] ] ] } },
{ "type": "Feature", "properties": { "A31a_101": "8505090072", "A31a_102": "川浦川", "A31a_103": "21", "A31a_104": "岐阜県", "A31a_105": 2 }, "geometry": { "type": "Polygon", "coordinates": [ [ [ 137.054750937, 35.521374668 ], [ 137.054750937, 35.521332668 ], [ 137.054688937, 35.521332668 ], [ 137.054688937, 35.521374668 ], [ 137.054750937, 35.521374668 ] ] ] } },
{ "type": "Feature", "properties": { "A31a_101": "8505090072", "A31a_102": "川浦川", "A31a_103": "21", "A31a_104": "岐阜県", "A31a_105": 2 }, "geometry": { "type": "Polygon", "coordinates": [ [ [ 137.000375828, 35.493624656 ], [ 137.000375828, 35.493582656 ], [ 137.000313828, 35.493582656 ], [ 137.000313828, 35.493624656 ], [ 137.000375828, 35.493624656 ] ] ] } },
{ "type": "Feature", "properties": { "A31a_101": "8505090072", "A31a_102": "川浦川", "A31a_103": "21", "A31a_104": "岐阜県", "A31a_105": 2 }, "geometry": { "type": "Polygon", "coordinates": [ [ [ 137.000875829, 35.493666656 ], [ 137.000875829, 35.493624656 ], [ 137.000813829, 35.493624656 ], [ 137.000813829, 35.493666656 ], [ 137.000875829, 35.493666656 ] ] ] } },
{ "type": "Feature", "properties": { "A31a_101": "8505090072", "A31a_102": "川浦川", "A31a_103": "21", "A31a_104": "岐阜県", "A31a_105": 2 }, "geometry": { "type": "Polygon", "coordinates": [ [ [ 137.003625828, 35.492541657 ], [ 137.003625827, 35.492499657 ], [ 137.003563827, 35.492499657 ], [ 137.003563827, 35.492541657 ], [ 137.003625828, 35.492541657 ] ] ] } },
{ "type": "Feature", "properties": { "A31a_101": "8505090072", "A31a_102": "川浦川", "A31a_103": "21", "A31a_104": "岐阜県", "A31a_105": 2 }, "geometry": { "type": "Polygon", "coordinates": [ [ [ 136.999500827, 35.493666655 ], [ 136.999500827, 35.493624655 ], [ 136.999438827, 35.493624655 ], [ 136.999438827, 35.493666655 ], [ 136.999500827, 35.493666655 ] ] ] } },
{ "type": "Feature", "properties": { "A31a_101": "8505090072", "A31a_102": "川浦川", "A31a_103": "21", "A31a_104": "岐阜県", "A31a_105": 2 }, "geometry": { "type": "Polygon", "coordinates": [ [ [ 137.056000935, 35.521874669 ], [ 137.056000935, 35.521832669 ], [ 137.055938935, 35.521832669 ], [ 137.055938936, 35.521874669 ], [ 137.056000935, 35.521874669 ] ] ] } },
{ "type": "Feature", "properties": { "A31a_101": "8505090072", "A31a_102": "川浦川", "A31a_103": "21", "A31a_104": "岐阜県", "A31a_105": 2 }, "geometry": { "type": "Polygon", "coordinates": [ [ [ 137.056125935, 35.521874669 ], [ 137.056125935, 35.521832669 ], [ 137.056063935, 35.521832669 ], [ 137.056063935, 35.521874669 ], [ 137.056125935, 35.521874669 ] ] ] } },
{ "type": "Feature", "properties": { "A31a_101": "8505090072", "A31a_102": "川浦川", "A31a_103": "21", "A31a_104": "岐阜県", "A31a_105": 2 }, "geometry": { "type": "Polygon", "coordinates": [ [ [ 137.035500922, 35.511999665 ], [ 137.035500921, 35.511957665 ], [ 137.035438922, 35.511957665 ], [ 137.035438922, 35.511999665 ], [ 137.035500922, 35.511999665 ] ] ] } },
{ "type": "Feature", "properties": { "A31a_101": "8505090072", "A31a_102": "川浦川", "A31a_103": "21", "A31a_104": "岐阜県", "A31a_105": 2 }, "geometry": { "type": "Polygon", "coordinates": [ [ [ 136.997625824, 35.493749655 ], [ 136.997625824, 35.493707655 ], [ 136.997563824, 35.493707655 ], [ 136.997563824, 35.493749655 ], [ 136.997625824, 35.493749655 ] ] ] } },
{ "type": "Feature", "properties": { "A31a_101": "8505090072", "A31a_102": "川浦川", "A31a_103": "21", "A31a_104": "岐阜県", "A31a_105": 2 }, "geometry": { "type": "Polygon", "coordinates": [ [ [ 137.062375937, 35.526166668 ], [ 137.062375937, 35.526124668 ], [ 137.062313937, 35.526124668 ], [ 137.062313937, 35.526166668 ], [ 137.062375937, 35.526166668 ] ] ] } },
{ "type": "Feature", "properties": { "A31a_101": "8505090072", "A31a_102": "川浦川", "A31a_103": "21", "A31a_104": "岐阜県", "A31a_105": 2 }, "geometry": { "type": "Polygon", "coordinates": [ [ [ 136.997000825, 35.494499655 ], [ 136.997000825, 35.494457655 ], [ 136.996938825, 35.494457655 ], [ 136.996938825, 35.494499655 ], [ 136.997000825, 35.494499655 ] ] ] } },
{ "type": "Feature", "properties": { "A31a_101": "8505090072", "A31a_102": "川浦川", "A31a_103": "21", "A31a_104": "岐阜県", "A31a_105": 2 }, "geometry": { "type": "Polygon", "coordinates": [ [ [ 136.995625822, 35.494374655 ], [ 136.995625822, 35.494332655 ], [ 136.995563822, 35.494332655 ], [ 136.995563822, 35.494374655 ], [ 136.995625822, 35.494374655 ] ] ] } },
{ "type": "Feature", "properties": { "A31a_101": "8505090072", "A31a_102": "川浦川", "A31a_103": "21", "A31a_104": "岐阜県", "A31a_105": 2 }, "geometry": { "type": "Polygon", "coordinates": [ [ [ 137.036000921, 35.511916665 ], [ 137.036000921, 35.511874665 ], [ 137.035938921, 35.511874665 ], [ 137.035938921, 35.511916665 ], [ 137.036000921, 35.511916665 ] ] ] } },
{ "type": "Feature", "properties": { "A31a_101": "8505090072", "A31a_102": "川浦川", "A31a_103": "21", "A31a_104": "岐阜県", "A31a_105": 2 }, "geometry": { "type": "Polygon", "coordinates": [ [ [ 137.038313924, 35.512832666 ], [ 137.038313924, 35.512791666 ], [ 137.038250924, 35.512791666 ], [ 137.038250924, 35.512832666 ], [ 137.038313924, 35.512832666 ] ] ] } },
{ "type": "Feature", "properties": { "A31a_101": "8505090072", "A31a_102": "川浦川", "A31a_103": "21", "A31a_104": "岐阜県", "A31a_105": 2 }, "geometry": { "type": "Polygon", "coordinates": [ [ [ 137.028438901, 35.507332664 ], [ 137.028438901, 35.507291664 ], [ 137.028375901, 35.507291664 ], [ 137.028375901, 35.507332664 ], [ 137.028438901, 35.507332664 ] ] ] } },
{ "type": "Feature", "properties": { "A31a_101": "8505090072", "A31a_102": "川浦川", "A31a_103": "21", "A31a_104": "岐阜県", "A31a_105": 2 }, "geometry": { "type": "Polygon", "coordinates": [ [ [ 136.998938829, 35.494457655 ], [ 136.998938828, 35.494416655 ], [ 136.998875828, 35.494416655 ], [ 136.998875828, 35.494457655 ], [ 136.998938829, 35.494457655 ] ] ] } },
{ "type": "Feature", "properties": { "A31a_101": "8505090072", "A31a_102": "川浦川", "A31a_103": "21", "A31a_104": "岐阜県", "A31a_105": 2 }, "geometry": { "type": "Polygon", "coordinates": [ [ [ 136.999438827, 35.493582655 ], [ 136.999438827, 35.493541655 ], [ 136.999375827, 35.493541655 ], [ 136.999375827, 35.493582655 ], [ 136.999438827, 35.493582655 ] ] ] } },
{ "type": "Feature", "properties": { "A31a_101": "8505090072", "A31a_102": "川浦川", "A31a_103": "21", "A31a_104": "岐阜県", "A31a_105": 2 }, "geometry": { "type": "Polygon", "coordinates": [ [ [ 137.045813926, 35.515457668 ], [ 137.045813925, 35.515416668 ], [ 137.045750925, 35.515416668 ], [ 137.045750926, 35.515457668 ], [ 137.045813926, 35.515457668 ] ] ] } },
{ "type": "Feature", "properties": { "A31a_101": "8505090072", "A31a_102": "川浦川", "A31a_103": "21", "A31a_104": "岐阜県", "A31a_105": 2 }, "geometry": { "type": "Polygon", "coordinates": [ [ [ 137.051563953, 35.522207665 ], [ 137.051563953, 35.522166665 ], [ 137.051500953, 35.522166665 ], [ 137.051500953, 35.522207665 ], [ 137.051563953, 35.522207665 ] ] ] } },
{ "type": "Feature", "properties": { "A31a_101": "8505090072", "A31a_102": "川浦川", "A31a_103": "21", "A31a_104": "岐阜県", "A31a_105": 2 }, "geometry": { "type": "Polygon", "coordinates": [ [ [ 137.036063924, 35.512457665 ], [ 137.036063924, 35.512416665 ], [ 137.036000924, 35.512416665 ], [ 137.036000924, 35.512457664 ], [ 137.036063924, 35.512457665 ] ] ] } },
{ "type": "Feature", "properties": { "A31a_101": "8505090072", "A31a_102": "川浦川", "A31a_103": "21", "A31a_104": "岐阜県", "A31a_105": 2 }, "geometry": { "type": "Polygon", "coordinates": [ [ [ 137.015688889, 35.505707658 ], [ 137.015688889, 35.505666658 ], [ 137.015625889, 35.505666658 ], [ 137.015625889, 35.505707658 ], [ 137.015688889, 35.505707658 ] ] ] } },
{ "type": "Feature", "properties": { "A31a_101": "8505090072", "A31a_102": "川浦川", "A31a_103": "21", "A31a_104": "岐阜県", "A31a_105": 2 }, "geometry": { "type": "Polygon", "coordinates": [ [ [ 136.997938826, 35.494332655 ], [ 136.997938826, 35.494291655 ], [ 136.997875826, 35.494291655 ], [ 136.997875826, 35.494332655 ], [ 136.997938826, 35.494332655 ] ] ] } },
{ "type": "Feature", "properties": { "A31a_101": "8505090072", "A31a_102": "川浦川", "A31a_103": "21", "A31a_104": "岐阜県", "A31a_105": 2 }, "geometry": { "type": "Polygon", "coordinates": [ [ [ 136.997313825, 35.494207655 ], [ 136.997313825, 35.494166655 ], [ 136.997250824, 35.494166655 ], [ 136.997250825, 35.494207655 ], [ 136.997313825, 35.494207655 ] ] ] } },
{ "type": "Feature", "properties": { "A31a_101": "8505090072", "A31a_102": "川浦川", "A31a_103": "21", "A31a_104": "岐阜県", "A31a_105": 2 }, "geometry": { "type": "Polygon", "coordinates": [ [ [ 137.053813938, 35.521082668 ], [ 137.053813938, 35.521041668 ], [ 137.053750938, 35.521041668 ], [ 137.053750939, 35.521082668 ], [ 137.053813938, 35.521082668 ] ] ] } },
{ "type": "Feature", "properties": { "A31a_101": "8505090072", "A31a_102": "川浦川", "A31a_103": "21", "A31a_104": "岐阜県", "A31a_105": 2 }, "geometry": { "type": "Polygon", "coordinates": [ [ [ 136.966188736, 35.48458265 ], [ 136.966188736, 35.48454165 ], [ 136.966125735, 35.48454165 ], [ 136.966125735, 35.48458265 ], [ 136.966188736, 35.48458265 ] ] ] } },
{ "type": "Feature", "properties": { "A31a_101": "8505090072", "A31a_102": "川浦川", "A31a_103": "21", "A31a_104": "岐阜県", "A31a_105": 2 }, "geometry": { "type": "Polygon", "coordinates": [ [ [ 136.997188827, 35.494957655 ], [ 136.997188826, 35.494916655 ], [ 136.997125826, 35.494916655 ], [ 136.997125826, 35.494957655 ], [ 136.997188827, 35.494957655 ] ] ] } },
{ "type": "Feature", "properties": { "A31a_101": "8505090072", "A31a_102": "川浦川", "A31a_103": "21", "A31a_104": "岐阜県", "A31a_105": 2 }, "geometry": { "type": "Polygon", "coordinates": [ [ [ 137.045063923, 35.514832668 ], [ 137.045063923, 35.514791668 ], [ 137.045000923, 35.514791668 ], [ 137.045000923, 35.514832668 ], [ 137.045063923, 35.514832668 ] ] ] } },
{ "type": "Feature", "properties": { "A31a_101": "8505090072", "A31a_102": "川浦川", "A31a_103": "21", "A31a_104": "岐阜県", "A31a_105": 2 }, "geometry": { "type": "Polygon", "coordinates": [ [ [ 137.055563932, 35.521082669 ], [ 137.055563932, 35.521041669 ], [ 137.055500932, 35.521041669 ], [ 137.055500933, 35.521082669 ], [ 137.055563932, 35.521082669 ] ] ] } },
{ "type": "Feature", "properties": { "A31a_101": "8505090072", "A31a_102": "川浦川", "A31a_103": "21", "A31a_104": "岐阜県", "A31a_105": 2 }, "geometry": { "type": "Polygon", "coordinates": [ [ [ 137.003313829, 35.493207657 ], [ 137.003313829, 35.493166657 ], [ 137.003250829, 35.493166657 ], [ 137.003250829, 35.493207657 ], [ 137.003313829, 35.493207657 ] ] ] } },
{ "type": "Feature", "properties": { "A31a_101": "8505090072", "A31a_102": "川浦川", "A31a_103": "21", "A31a_104": "岐阜県", "A31a_105": 2 }, "geometry": { "type": "Polygon", "coordinates": [ [ [ 136.998813829, 35.494582655 ], [ 136.998813829, 35.494541655 ], [ 136.998750828, 35.494541655 ], [ 136.998750829, 35.494582655 ], [ 136.998813829, 35.494582655 ] ] ] } },
{ "type": "Feature", "properties": { "A31a_101": "8505090072", "A31a_102": "川浦川", "A31a_103": "21", "A31a_104": "岐阜県", "A31a_105": 2 }, "geometry": { "type": "Polygon", "coordinates": [ [ [ 136.995438821, 35.494332655 ], [ 136.995438821, 35.494291655 ], [ 136.995375821, 35.494291655 ], [ 136.995375821, 35.494332655 ], [ 136.995438821, 35.494332655 ] ] ] } },
{ "type": "Feature", "properties": { "A31a_101": "8505090072", "A31a_102": "川浦川", "A31a_103": "21", "A31a_104": "岐阜県", "A31a_105": 2 }, "geometry": { "type": "Polygon", "coordinates": [ [ [ 137.025938905, 35.507832662 ], [ 137.025938905, 35.507791662 ], [ 137.025875905, 35.507791662 ], [ 137.025875905, 35.507832662 ], [ 137.025938905, 35.507832662 ] ] ] } },
{ "type": "Feature", "properties": { "A31a_101": "8505090072", "A31a_102": "川浦川", "A31a_103": "21", "A31a_104": "岐阜県", "A31a_105": 2 }, "geometry": { "type": "Polygon", "coordinates": [ [ [ 137.047438944, 35.519082665 ], [ 137.047438944, 35.519041665 ], [ 137.047375944, 35.519041665 ], [ 137.047375944, 35.519082665 ], [ 137.047438944, 35.519082665 ] ] ] } },
{ "type": "Feature", "properties": { "A31a_101": "8505090072", "A31a_102": "川浦川", "A31a_103": "21", "A31a_104": "岐阜県", "A31a_105": 2 }, "geometry": { "type": "Polygon", "coordinates": [ [ [ 137.03581392, 35.511707665 ], [ 137.03581392, 35.511666665 ], [ 137.03575092, 35.511666665 ], [ 137.03575092, 35.511707665 ], [ 137.03581392, 35.511707665 ] ] ] } },
{ "type": "Feature", "properties": { "A31a_101": "8505090072", "A31a_102": "川浦川", "A31a_103": "21", "A31a_104": "岐阜県", "A31a_105": 2 }, "geometry": { "type": "Polygon", "coordinates": [ [ [ 137.035813921, 35.511957665 ], [ 137.035813921, 35.511916665 ], [ 137.035750921, 35.511916665 ], [ 137.035750921, 35.511957665 ], [ 137.035813921, 35.511957665 ] ] ] } },
{ "type": "Feature", "properties": { "A31a_101": "8505090072", "A31a_102": "川浦川", "A31a_103": "21", "A31a_104": "岐阜県", "A31a_105": 2 }, "geometry": { "type": "Polygon", "coordinates": [ [ [ 137.056688933, 35.521832669 ], [ 137.056688933, 35.521791669 ], [ 137.056625933, 35.521791669 ], [ 137.056625933, 35.521832669 ], [ 137.056688933, 35.521832669 ] ] ] } },
{ "type": "Feature", "properties": { "A31a_101": "8505090072", "A31a_102": "川浦川", "A31a_103": "21", "A31a_104": "岐阜県", "A31a_105": 2 }, "geometry": { "type": "Polygon", "coordinates": [ [ [ 137.048188944, 35.519332666 ], [ 137.048188944, 35.519291666 ], [ 137.048125944, 35.519291666 ], [ 137.048125944, 35.519332666 ], [ 137.048188944, 35.519332666 ] ] ] } },
{ "type": "Feature", "properties": { "A31a_101": "8505090072", "A31a_102": "川浦川", "A31a_103": "21", "A31a_104": "岐阜県", "A31a_105": 2 }, "geometry": { "type": "Polygon", "coordinates": [ [ [ 137.062313937, 35.526082668 ], [ 137.062313937, 35.526041668 ], [ 137.062250937, 35.526041668 ], [ 137.062250937, 35.526082668 ], [ 137.062313937, 35.526082668 ] ] ] } },
{ "type": "Feature", "properties": { "A31a_101": "8505090072", "A31a_102": "川浦川", "A31a_103": "21", "A31a_104": "岐阜県", "A31a_105": 2 }, "geometry": { "type": "Polygon", "coordinates": [ [ [ 137.026813911, 35.509082662 ], [ 137.026813911, 35.509041662 ], [ 137.026750911, 35.509041662 ], [ 137.026750911, 35.509082662 ], [ 137.026813911, 35.509082662 ] ] ] } },
{ "type": "Feature", "properties": { "A31a_101": "8505090072", "A31a_102": "川浦川", "A31a_103": "21", "A31a_104": "岐阜県", "A31a_105": 2 }, "geometry": { "type": "Polygon", "coordinates": [ [ [ 136.997063825, 35.494457655 ], [ 136.997063825, 35.494416655 ], [ 136.997000825, 35.494416655 ], [ 136.997000825, 35.494457655 ], [ 136.997063825, 35.494457655 ] ] ] } },
{ "type": "Feature", "properties": { "A31a_101": "8505090072", "A31a_102": "川浦川", "A31a_103": "21", "A31a_104": "岐阜県", "A31a_105": 2 }, "geometry": { "type": "Polygon", "coordinates": [ [ [ 137.046625944, 35.518832665 ], [ 137.046625944, 35.518791665 ], [ 137.046563944, 35.518791665 ], [ 137.046563944, 35.518832665 ], [ 137.046625944, 35.518832665 ] ] ] } },
{ "type": "Feature", "properties": { "A31a_101": "8505090072", "A31a_102": "川浦川", "A31a_103": "21", "A31a_104": "岐阜県", "A31a_105": 2 }, "geometry": { "type": "Polygon", "coordinates": [ [ [ 136.965375734, 35.485457651 ], [ 136.965375734, 35.485416651 ], [ 136.965313734, 35.485416651 ], [ 136.965313734, 35.485457651 ], [ 136.965375734, 35.485457651 ] ] ] } },
{ "type": "Feature", "properties": { "A31a_101": "8505090072", "A31a_102": "川浦川", "A31a_103": "21", "A31a_104": "岐阜県", "A31a_105": 2 }, "geometry": { "type": "Polygon", "coordinates": [ [ [ 137.003625828, 35.492832657 ], [ 137.003625828, 35.492791657 ], [ 137.003563828, 35.492791657 ], [ 137.003563828, 35.492832657 ], [ 137.003625828, 35.492832657 ] ] ] } },
{ "type": "Feature", "properties": { "A31a_101": "8505090072", "A31a_102": "川浦川", "A31a_103": "21", "A31a_104": "岐阜県", "A31a_105": 2 }, "geometry": { "type": "Polygon", "coordinates": [ [ [ 136.999625828, 35.493957655 ], [ 136.999625828, 35.493916655 ], [ 136.999563828, 35.493916655 ], [ 136.999563828, 35.493957655 ], [ 136.999625828, 35.493957655 ] ] ] } },
{ "type": "Feature", "properties": { "A31a_101": "8505090072", "A31a_102": "川浦川", "A31a_103": "21", "A31a_104": "岐阜県", "A31a_105": 2 }, "geometry": { "type": "Polygon", "coordinates": [ [ [ 137.054875935, 35.521082669 ], [ 137.054875934, 35.521041669 ], [ 137.054813935, 35.521041669 ], [ 137.054813935, 35.521082669 ], [ 137.054875935, 35.521082669 ] ] ] } },
{ "type": "Feature", "properties": { "A31a_101": "8505090072", "A31a_102": "川浦川", "A31a_103": "21", "A31a_104": "岐阜県", "A31a_105": 2 }, "geometry": { "type": "Polygon", "coordinates": [ [ [ 137.034000919, 35.511332664 ], [ 137.034000919, 35.511291664 ], [ 137.033938919, 35.511291664 ], [ 137.033938919, 35.511332664 ], [ 137.034000919, 35.511332664 ] ] ] } },
{ "type": "Feature", "properties": { "A31a_101": "8505090072", "A31a_102": "川浦川", "A31a_103": "21", "A31a_104": "岐阜県", "A31a_105": 2 }, "geometry": { "type": "Polygon", "coordinates": [ [ [ 136.997625825, 35.494082655 ], [ 136.997625825, 35.494041655 ], [ 136.997563825, 35.494041655 ], [ 136.997563825, 35.494082655 ], [ 136.997625825, 35.494082655 ] ] ] } },
{ "type": "Feature", "properties": { "A31a_101": "8505090072", "A31a_102": "川浦川", "A31a_103": "21", "A31a_104": "岐阜県", "A31a_105": 2 }, "geometry": { "type": "Polygon", "coordinates": [ [ [ 137.001750826, 35.492582656 ], [ 137.001750826, 35.492541656 ], [ 137.001688826, 35.492541656 ], [ 137.001688826, 35.492582656 ], [ 137.001750826, 35.492582656 ] ] ] } },
{ "type": "Feature", "properties": { "A31a_101": "8505090072", "A31a_102": "川浦川", "A31a_103": "21", "A31a_104": "岐阜県", "A31a_105": 2 }, "geometry": { "type": "Polygon", "coordinates": [ [ [ 137.034375919, 35.511332665 ], [ 137.034375918, 35.511291665 ], [ 137.034313918, 35.511291665 ], [ 137.034313919, 35.511332665 ], [ 137.034375919, 35.511332665 ] ] ] } },
{ "type": "Feature", "properties": { "A31a_101": "8505090072", "A31a_102": "川浦川", "A31a_103": "21", "A31a_104": "岐阜県", "A31a_105": 2 }, "geometry": { "type": "Polygon", "coordinates": [ [ [ 136.999750825, 35.492832656 ], [ 136.999750825, 35.492791656 ], [ 136.999688825, 35.492791655 ], [ 136.999688825, 35.492832655 ], [ 136.999750825, 35.492832656 ] ] ] } },
{ "type": "Feature", "properties": { "A31a_101": "8505090072", "A31a_102": "川浦川", "A31a_103": "21", "A31a_104": "岐阜県", "A31a_105": 2 }, "geometry": { "type": "Polygon", "coordinates": [ [ [ 136.998625828, 35.494582655 ], [ 136.998625828, 35.494541655 ], [ 136.998563828, 35.494541655 ], [ 136.998563828, 35.494582655 ], [ 136.998625828, 35.494582655 ] ] ] } },
{ "type": "Feature", "properties": { "A31a_101": "8505090072", "A31a_102": "川浦川", "A31a_103": "21", "A31a_104": "岐阜県", "A31a_105": 2 }, "geometry": { "type": "Polygon", "coordinates": [ [ [ 136.998750826, 35.493582655 ], [ 136.998750826, 35.493541655 ], [ 136.998688825, 35.493541655 ], [ 136.998688826, 35.493582655 ], [ 136.998750826, 35.493582655 ] ] ] } },
{ "type": "Feature", "properties": { "A31a_101": "8505090072", "A31a_102": "川浦川", "A31a_103": "21", "A31a_104": "岐阜県", "A31a_105": 2 }, "geometry": { "type": "Polygon", "coordinates": [ [ [ 137.055375934, 35.521332669 ], [ 137.055375934, 35.521291669 ], [ 137.055313934, 35.521291669 ], [ 137.055313935, 35.521332669 ], [ 137.055375934, 35.521332669 ] ] ] } },
{ "type": "Feature", "properties": { "A31a_101": "8505090072", "A31a_102": "川浦川", "A31a_103": "21", "A31a_104": "岐阜県", "A31a_105": 2 }, "geometry": { "type": "Polygon", "coordinates": [ [ [ 136.964875732, 35.484707651 ], [ 136.964875732, 35.484666651 ], [ 136.964813732, 35.484666651 ], [ 136.964813732, 35.484707651 ], [ 136.964875732, 35.484707651 ] ] ] } },
{ "type": "Feature", "properties": { "A31a_101": "8505090072", "A31a_102": "川浦川", "A31a_103": "21", "A31a_104": "岐阜県", "A31a_105": 2 }, "geometry": { "type": "Polygon", "coordinates": [ [ [ 137.046125925, 35.515457668 ], [ 137.046125925, 35.515416668 ], [ 137.046063925, 35.515416668 ], [ 137.046063925, 35.515457668 ], [ 137.046125925, 35.515457668 ] ] ] } },
{ "type": "Feature", "properties": { "A31a_101": "8505090072", "A31a_102": "川浦川", "A31a_103": "21", "A31a_104": "岐阜県", "A31a_105": 2 }, "geometry": { "type": "Polygon", "coordinates": [ [ [ 137.045125921, 35.514457669 ], [ 137.045125921, 35.514416669 ], [ 137.045063921, 35.514416669 ], [ 137.045063921, 35.514457669 ], [ 137.045125921, 35.514457669 ] ] ] } },
{ "type": "Feature", "properties": { "A31a_101": "8505090072", "A31a_102": "川浦川", "A31a_103": "21", "A31a_104": "岐阜県", "A31a_105": 2 }, "geometry": { "type": "Polygon", "coordinates": [ [ [ 137.052875945, 35.521707667 ], [ 137.052875945, 35.521666667 ], [ 137.052813945, 35.521666667 ], [ 137.052813945, 35.521707667 ], [ 137.052875945, 35.521707667 ] ] ] } },
{ "type": "Feature", "properties": { "A31a_101": "8505090072", "A31a_102": "川浦川", "A31a_103": "21", "A31a_104": "岐阜県", "A31a_105": 2 }, "geometry": { "type": "Polygon", "coordinates": [ [ [ 137.055750936, 35.521832669 ], [ 137.055750936, 35.521791669 ], [ 137.055688936, 35.521791669 ], [ 137.055688936, 35.521832669 ], [ 137.055750936, 35.521832669 ] ] ] } },
{ "type": "Feature", "properties": { "A31a_101": "8505090072", "A31a_102": "川浦川", "A31a_103": "21", "A31a_104": "岐阜県", "A31a_105": 2 }, "geometry": { "type": "Polygon", "coordinates": [ [ [ 136.965500734, 35.48420765 ], [ 136.965500733, 35.48416665 ], [ 136.965438733, 35.48416665 ], [ 136.965438733, 35.48420765 ], [ 136.965500734, 35.48420765 ] ] ] } },
{ "type": "Feature", "properties": { "A31a_101": "8505090072", "A31a_102": "川浦川", "A31a_103": "21", "A31a_104": "岐阜県", "A31a_105": 2 }, "geometry": { "type": "Polygon", "coordinates": [ [ [ 137.053000945, 35.521707667 ], [ 137.053000945, 35.521666667 ], [ 137.052938945, 35.521666667 ], [ 137.052938945, 35.521707667 ], [ 137.053000945, 35.521707667 ] ] ] } },
{ "type": "Feature", "properties": { "A31a_101": "8505090072", "A31a_102": "川浦川", "A31a_103": "21", "A31a_104": "岐阜県", "A31a_105": 2 }, "geometry": { "type": "Polygon", "coordinates": [ [ [ 137.042250921, 35.513457668 ], [ 137.04225092, 35.513416668 ], [ 137.04218892, 35.513416668 ], [ 137.042188921, 35.513457668 ], [ 137.042250921, 35.513457668 ] ] ] } },
{ "type": "Feature", "properties": { "A31a_101": "8505090072", "A31a_102": "川浦川", "A31a_103": "21", "A31a_104": "岐阜県", "A31a_105": 2 }, "geometry": { "type": "Polygon", "coordinates": [ [ [ 137.00800084, 35.494957658 ], [ 137.008000839, 35.494916658 ], [ 137.007938839, 35.494916658 ], [ 137.007938839, 35.494957658 ], [ 137.00800084, 35.494957658 ] ] ] } },
{ "type": "Feature", "properties": { "A31a_101": "8505090072", "A31a_102": "川浦川", "A31a_103": "21", "A31a_104": "岐阜県", "A31a_105": 2 }, "geometry": { "type": "Polygon", "coordinates": [ [ [ 136.995375821, 35.494207655 ], [ 136.995375821, 35.494166655 ], [ 136.995313821, 35.494166655 ], [ 136.995313821, 35.494207655 ], [ 136.995375821, 35.494207655 ] ] ] } },
{ "type": "Feature", "properties": { "A31a_101": "8505090072", "A31a_102": "川浦川", "A31a_103": "21", "A31a_104": "岐阜県", "A31a_105": 2 }, "geometry": { "type": "Polygon", "coordinates": [ [ [ 137.026125908, 35.508332662 ], [ 137.026125907, 35.508291662 ], [ 137.026063907, 35.508291662 ], [ 137.026063908, 35.508332662 ], [ 137.026125908, 35.508332662 ] ] ] } },
{ "type": "Feature", "properties": { "A31a_101": "8505090072", "A31a_102": "川浦川", "A31a_103": "21", "A31a_104": "岐阜県", "A31a_105": 2 }, "geometry": { "type": "Polygon", "coordinates": [ [ [ 136.997000826, 35.494707655 ], [ 136.997000825, 35.494666655 ], [ 136.996938825, 35.494666655 ], [ 136.996938825, 35.494707655 ], [ 136.997000826, 35.494707655 ] ] ] } },
{ "type": "Feature", "properties": { "A31a_101": "8505090072", "A31a_102": "川浦川", "A31a_103": "21", "A31a_104": "岐阜県", "A31a_105": 2 }, "geometry": { "type": "Polygon", "coordinates": [ [ [ 137.036125922, 35.512082665 ], [ 137.036125922, 35.512041665 ], [ 137.036063922, 35.512041665 ], [ 137.036063922, 35.512082665 ], [ 137.036125922, 35.512082665 ] ] ] } },
{ "type": "Feature", "properties": { "A31a_101": "8505090072", "A31a_102": "川浦川", "A31a_103": "21", "A31a_104": "岐阜県", "A31a_105": 2 }, "geometry": { "type": "Polygon", "coordinates": [ [ [ 137.001500828, 35.493332656 ], [ 137.001500828, 35.493291656 ], [ 137.001438828, 35.493291656 ], [ 137.001438828, 35.493332656 ], [ 137.001500828, 35.493332656 ] ] ] } },
{ "type": "Feature", "properties": { "A31a_101": "8505090072", "A31a_102": "川浦川", "A31a_103": "21", "A31a_104": "岐阜県", "A31a_105": 2 }, "geometry": { "type": "Polygon", "coordinates": [ [ [ 137.062125936, 35.525707668 ], [ 137.062125935, 35.525666668 ], [ 137.062063936, 35.525666668 ], [ 137.062063936, 35.525707668 ], [ 137.062125936, 35.525707668 ] ] ] } },
{ "type": "Feature", "properties": { "A31a_101": "8505090072", "A31a_102": "川浦川", "A31a_103": "21", "A31a_104": "岐阜県", "A31a_105": 2 }, "geometry": { "type": "Polygon", "coordinates": [ [ [ 137.008500841, 35.495207659 ], [ 137.008500841, 35.495166659 ], [ 137.008438841, 35.495166659 ], [ 137.008438841, 35.495207659 ], [ 137.008500841, 35.495207659 ] ] ] } },
{ "type": "Feature", "properties": { "A31a_101": "8505090072", "A31a_102": "川浦川", "A31a_103": "21", "A31a_104": "岐阜県", "A31a_105": 2 }, "geometry": { "type": "Polygon", "coordinates": [ [ [ 136.998000827, 35.494582655 ], [ 136.998000827, 35.494541655 ], [ 136.997938827, 35.494541655 ], [ 136.997938827, 35.494582655 ], [ 136.998000827, 35.494582655 ] ] ] } },
{ "type": "Feature", "properties": { "A31a_101": "8505090072", "A31a_102": "川浦川", "A31a_103": "21", "A31a_104": "岐阜県", "A31a_105": 2 }, "geometry": { "type": "Polygon", "coordinates": [ [ [ 136.998500828, 35.494707655 ], [ 136.998500828, 35.494666655 ], [ 136.998438828, 35.494666655 ], [ 136.998438828, 35.494707655 ], [ 136.998500828, 35.494707655 ] ] ] } },
{ "type": "Feature", "properties": { "A31a_101": "8505090072", "A31a_102": "川浦川", "A31a_103": "21", "A31a_104": "岐阜県", "A31a_105": 2 }, "geometry": { "type": "Polygon", "coordinates": [ [ [ 137.046625942, 35.518582665 ], [ 137.046625942, 35.518541665 ], [ 137.046563942, 35.518541665 ], [ 137.046563943, 35.518582665 ], [ 137.046625942, 35.518582665 ] ] ] } },
{ "type": "Feature", "properties": { "A31a_101": "8505090072", "A31a_102": "川浦川", "A31a_103": "21", "A31a_104": "岐阜県", "A31a_105": 2 }, "geometry": { "type": "Polygon", "coordinates": [ [ [ 137.048875947, 35.520082665 ], [ 137.048875947, 35.520041665 ], [ 137.048813947, 35.520041665 ], [ 137.048813948, 35.520082665 ], [ 137.048875947, 35.520082665 ] ] ] } },
{ "type": "Feature", "properties": { "A31a_101": "8505090072", "A31a_102": "川浦川", "A31a_103": "21", "A31a_104": "岐阜県", "A31a_105": 3 }, "geometry": { "type": "Polygon", "coordinates": [ [ [ 137.03475092, 35.511666665 ], [ 137.03475092, 35.511624665 ], [ 137.03475092, 35.511582665 ], [ 137.03475092, 35.511541665 ], [ 137.034750919, 35.511499665 ], [ 137.034750919, 35.511457665 ], [ 137.034688919, 35.511457665 ], [ 137.034625919, 35.511457665 ], [ 137.034563919, 35.511457665 ], [ 137.034500919, 35.511457665 ], [ 137.034438919, 35.511457665 ], [ 137.034375919, 35.511457664 ], [ 137.034313919, 35.511457664 ], [ 137.034250919, 35.511457664 ], [ 137.034188919, 35.511457664 ], [ 137.034125919, 35.511457664 ], [ 137.034063919, 35.511457664 ], [ 137.034063919, 35.511416664 ], [ 137.034125919, 35.511416664 ], [ 137.034125919, 35.511374664 ], [ 137.034063919, 35.511374664 ], [ 137.034063919, 35.511332664 ], [ 137.034000919, 35.511332664 ], [ 137.033938919, 35.511332664 ], [ 137.033938919, 35.511291664 ], [ 137.033875919, 35.511291664 ], [ 137.033813919, 35.511291664 ], [ 137.033750919, 35.511291664 ], [ 137.033750918, 35.511249664 ], [ 137.033688918, 35.511249664 ], [ 137.033625919, 35.511249664 ], [ 137.033563919, 35.511249664 ], [ 137.033500919, 35.511249664 ], [ 137.033438919, 35.511249664 ], [ 137.033438918, 35.511207664 ], [ 137.033438918, 35.511166664 ], [ 137.033375918, 35.511166664 ], [ 137.033375918, 35.511124664 ], [ 137.033375918, 35.511082664 ], [ 137.033313918, 35.511082664 ], [ 137.033250918, 35.511082664 ], [ 137.033250918, 35.511041664 ], [ 137.033188918, 35.511041664 ], [ 137.033125918, 35.511041664 ], [ 137.033063918, 35.511041664 ], [ 137.033000918, 35.511041664 ], [ 137.032938918, 35.511041664 ], [ 137.032938918, 35.511082664 ], [ 137.033000918, 35.511082664 ], [ 137.033063918, 35.511082664 ], [ 137.033063918, 35.511124664 ], [ 137.033125918, 35.511124664 ], [ 137.033125918, 35.511166664 ], [ 137.033125919, 35.511207664 ], [ 137.033125919, 35.511249664 ], [ 137.033063919, 35.511249664 ], [ 137.033063919, 35.511291664 ], [ 137.033063919, 35.511332664 ], [ 137.033063919, 35.511374664 ], [ 137.03306392, 35.511416664 ], [ 137.03312592, 35.511416664 ], [ 137.03318892, 35.511416664 ], [ 137.03318892, 35.511457664 ], [ 137.03325092, 35.511457664 ], [ 137.03331392, 35.511457664 ], [ 137.03337592, 35.511457664 ], [ 137.03343892, 35.511457664 ], [ 137.03343892, 35.511499664 ], [ 137.03343892, 35.511541664 ], [ 137.03350092, 35.511541664 ], [ 137.03350092, 35.511582664 ], [ 137.033500921, 35.511624664 ], [ 137.033563921, 35.511624664 ], [ 137.033563921, 35.511666664 ], [ 137.033625921, 35.511666664 ], [ 137.033688921, 35.511666664 ], [ 137.033750921, 35.511666664 ], [ 137.033813921, 35.511666664 ], [ 137.033875921, 35.511666664 ], [ 137.033938921, 35.511666664 ], [ 137.034000921, 35.511666664 ], [ 137.03400092, 35.511624664 ], [ 137.03400092, 35.511582664 ], [ 137.03400092, 35.511541664 ], [ 137.03400092, 35.511499664 ], [ 137.034000919, 35.511457664 ], [ 137.034063919, 35.511457664 ], [ 137.03406392, 35.511499664 ], [ 137.03406392, 35.511541664 ], [ 137.03406392, 35.511582664 ], [ 137.03406392, 35.511624664 ], [ 137.034063921, 35.511666664 ], [ 137.034125921, 35.511666664 ], [ 137.034188921, 35.511666664 ], [ 137.03425092, 35.511666664 ], [ 137.03431392, 35.511666664 ], [ 137.03431392, 35.511624664 ], [ 137.03431392, 35.511582664 ], [ 137.03431392, 35.511541664 ], [ 137.03431392, 35.511499664 ], [ 137.03437592, 35.511499664 ], [ 137.03437592, 35.511541664 ], [ 137.03437592, 35.511582664 ], [ 137.03437592, 35.511624664 ], [ 137.03437592, 35.511666664 ], [ 137.034375921, 35.511707664 ], [ 137.034375921, 35.511749664 ], [ 137.034375921, 35.511791664 ], [ 137.034438921, 35.511791664 ], [ 137.034438921, 35.511832664 ], [ 137.034500921, 35.511832664 ], [ 137.034563921, 35.511832664 ], [ 137.034625921, 35.511832664 ], [ 137.034688921, 35.511832664 ], [ 137.034688921, 35.511791664 ], [ 137.034688921, 35.511749664 ], [ 137.03468892, 35.511707664 ], [ 137.03468892, 35.511666664 ], [ 137.03475092, 35.511666665 ] ] ] } },
{ "type": "Feature", "properties": { "A31a_101": "8505090072", "A31a_102": "川浦川", "A31a_103": "21", "A31a_104": "岐阜県", "A31a_105": 3 }, "geometry": { "type": "Polygon", "coordinates": [ [ [ 136.999688828, 35.493874656 ], [ 136.999688828, 35.493832656 ], [ 136.999625828, 35.493832655 ], [ 136.999625828, 35.493791655 ], [ 136.999563828, 35.493791655 ], [ 136.999563828, 35.493749655 ], [ 136.999563828, 35.493707655 ], [ 136.999500827, 35.493707655 ], [ 136.999500827, 35.493666655 ], [ 136.999438827, 35.493666655 ], [ 136.999438827, 35.493624655 ], [ 136.999438827, 35.493582655 ], [ 136.999375827, 35.493582655 ], [ 136.999375827, 35.493541655 ], [ 136.999313827, 35.493541655 ], [ 136.999250826, 35.493541655 ], [ 136.999250826, 35.493499655 ], [ 136.999250826, 35.493457655 ], [ 136.999250826, 35.493416655 ], [ 136.999250826, 35.493374655 ], [ 136.999188826, 35.493374655 ], [ 136.999188826, 35.493332655 ], [ 136.999188826, 35.493291655 ], [ 136.999125825, 35.493291655 ], [ 136.999125825, 35.493249655 ], [ 136.999063825, 35.493249655 ], [ 136.999063825, 35.493291655 ], [ 136.999063825, 35.493332655 ], [ 136.999000825, 35.493332655 ], [ 136.998938825, 35.493332655 ], [ 136.998875825, 35.493332655 ], [ 136.998813825, 35.493332655 ], [ 136.998813825, 35.493374655 ], [ 136.998750825, 35.493374655 ], [ 136.998750825, 35.493416655 ], [ 136.998750825, 35.493457655 ], [ 136.998750825, 35.493499655 ], [ 136.998750826, 35.493541655 ], [ 136.998750826, 35.493582655 ], [ 136.998750826, 35.493624655 ], [ 136.998750826, 35.493666655 ], [ 136.998750826, 35.493707655 ], [ 136.998813826, 35.493707655 ], [ 136.998813826, 35.493749655 ], [ 136.998875826, 35.493749655 ], [ 136.998875826, 35.493791655 ], [ 136.998875827, 35.493832655 ], [ 136.998813826, 35.493832655 ], [ 136.998813827, 35.493874655 ], [ 136.998750826, 35.493874655 ], [ 136.998750826, 35.493832655 ], [ 136.998688826, 35.493832655 ], [ 136.998688826, 35.493791655 ], [ 136.998625826, 35.493791655 ], [ 136.998563826, 35.493791655 ], [ 136.998563826, 35.493832655 ], [ 136.998563826, 35.493874655 ], [ 136.998563826, 35.493916655 ], [ 136.998625826, 35.493916655 ], [ 136.998625826, 35.493957655 ], [ 136.998688827, 35.493957655 ], [ 136.998750827, 35.493957655 ], [ 136.998813827, 35.493957655 ], [ 136.998875827, 35.493957655 ], [ 136.998938827, 35.493957655 ], [ 136.999000827, 35.493957655 ], [ 136.999063827, 35.493957655 ], [ 136.999063827, 35.493999655 ], [ 136.999063828, 35.494041655 ], [ 136.999063828, 35.494082655 ], [ 136.999063828, 35.494124655 ], [ 136.999063828, 35.494166655 ], [ 136.999125828, 35.494166655 ], [ 136.999188828, 35.494166655 ], [ 136.999250828, 35.494166655 ], [ 136.999313828, 35.494166655 ], [ 136.999313828, 35.494124655 ], [ 136.999313828, 35.494082655 ], [ 136.999375828, 35.494082655 ], [ 136.999375828, 35.494041655 ], [ 136.999438828, 35.494041655 ], [ 136.999438828, 35.493999655 ], [ 136.999500828, 35.493999655 ], [ 136.999500828, 35.493957655 ], [ 136.999563828, 35.493957655 ], [ 136.999563828, 35.493916655 ], [ 136.999625828, 35.493916655 ], [ 136.999625828, 35.493874655 ], [ 136.999688828, 35.493874656 ] ] ] } },
{ "type": "Feature", "properties": { "A31a_101": "8505090072", "A31a_102": "川浦川", "A31a_103": "21", "A31a_104": "岐阜県", "A31a_105": 3 }, "geometry": { "type": "Polygon", "coordinates": [ [ [ 136.966188736, 35.48454165 ], [ 136.966188736, 35.48449965 ], [ 136.966188736, 35.48445765 ], [ 136.966188736, 35.48441665 ], [ 136.966188735, 35.48437465 ], [ 136.966188735, 35.48433265 ], [ 136.966125735, 35.48433265 ], [ 136.966063735, 35.48433265 ], [ 136.966000735, 35.48433265 ], [ 136.965938735, 35.48433265 ], [ 136.965875735, 35.48433265 ], [ 136.965813734, 35.48433265 ], [ 136.965750734, 35.48433265 ], [ 136.965750734, 35.48429165 ], [ 136.965688734, 35.48429165 ], [ 136.965625734, 35.48429165 ], [ 136.965563734, 35.48429165 ], [ 136.965563734, 35.48433265 ], [ 136.965500734, 35.48433265 ], [ 136.965500734, 35.48437465 ], [ 136.965500734, 35.48441665 ], [ 136.965500734, 35.48445765 ], [ 136.965500734, 35.48449965 ], [ 136.965438733, 35.48449965 ], [ 136.965438734, 35.48454165 ], [ 136.965375733, 35.48454165 ], [ 136.965375733, 35.48449965 ], [ 136.965313733, 35.48449965 ], [ 136.965250733, 35.48449965 ], [ 136.965250733, 35.48454165 ], [ 136.965188733, 35.48454165 ], [ 136.965125733, 35.48454165 ], [ 136.965125733, 35.48458265 ], [ 136.965125733, 35.48462465 ], [ 136.965125733, 35.484666651 ], [ 136.965125733, 35.484707651 ], [ 136.965125733, 35.484749651 ], [ 136.965125733, 35.484791651 ], [ 136.965125733, 35.484832651 ], [ 136.965125733, 35.484874651 ], [ 136.965063733, 35.484874651 ], [ 136.965063733, 35.484832651 ], [ 136.965000732, 35.484832651 ], [ 136.965000732, 35.484874651 ], [ 136.965063733, 35.484874651 ], [ 136.965063733, 35.484916651 ], [ 136.965063733, 35.484957651 ], [ 136.965063733, 35.484999651 ], [ 136.965125733, 35.484999651 ], [ 136.965125733, 35.485041651 ], [ 136.965125733, 35.485082651 ], [ 136.965188733, 35.485082651 ], [ 136.965188733, 35.485124651 ], [ 136.965188733, 35.485166651 ], [ 136.965188733, 35.485207651 ], [ 136.965250733, 35.485207651 ], [ 136.965313734, 35.485207651 ], [ 136.965313734, 35.485249651 ], [ 136.965313734, 35.485291651 ], [ 136.965313734, 35.485332651 ], [ 136.965313734, 35.485374651 ], [ 136.965313734, 35.485416651 ], [ 136.965375734, 35.485416651 ], [ 136.965375734, 35.485457651 ], [ 136.965375734, 35.485499651 ], [ 136.965438734, 35.485499651 ], [ 136.965500734, 35.485499651 ], [ 136.965563734, 35.485499651 ], [ 136.965625735, 35.485499651 ], [ 136.965625735, 35.485541651 ], [ 136.965688735, 35.485541651 ], [ 136.965688735, 35.485499651 ], [ 136.965750735, 35.485499651 ], [ 136.965750735, 35.485457651 ], [ 136.965688735, 35.485457651 ], [ 136.965625735, 35.485457651 ], [ 136.965563734, 35.485457651 ], [ 136.965500734, 35.485457651 ], [ 136.965438734, 35.485457651 ], [ 136.965438734, 35.485416651 ], [ 136.965438734, 35.485374651 ], [ 136.965500734, 35.485374651 ], [ 136.965500734, 35.485332651 ], [ 136.965500734, 35.485291651 ], [ 136.965500734, 35.485249651 ], [ 136.965500734, 35.485207651 ], [ 136.965500734, 35.485166651 ], [ 136.965500734, 35.485124651 ], [ 136.965500734, 35.485082651 ], [ 136.965500734, 35.485041651 ], [ 136.965500734, 35.484999651 ], [ 136.965500734, 35.484957651 ], [ 136.965500734, 35.484916651 ], [ 136.965500734, 35.484874651 ], [ 136.965500734, 35.484832651 ], [ 136.965500734, 35.48479165 ], [ 136.965500734, 35.48474965 ], [ 136.965500734, 35.48470765 ], [ 136.965500734, 35.48466665 ], [ 136.965500734, 35.48462465 ], [ 136.965500734, 35.48458265 ], [ 136.965500734, 35.48454165 ], [ 136.965563734, 35.48454165 ], [ 136.965625734, 35.48454165 ], [ 136.965625734, 35.48458265 ], [ 136.965688734, 35.48458265 ], [ 136.965750734, 35.48458265 ], [ 136.965813735, 35.48458265 ], [ 136.965875735, 35.48458265 ], [ 136.965875735, 35.48454165 ], [ 136.965938735, 35.48454165 ], [ 136.966000735, 35.48454165 ], [ 136.966000735, 35.48458265 ], [ 136.966063735, 35.48458265 ], [ 136.966125735, 35.48458265 ], [ 136.966125735, 35.48454165 ], [ 136.966188736, 35.48454165 ] ] ] } },
{ "type": "Feature", "properties": { "A31a_101": "8505090072", "A31a_102": "川浦川", "A31a_103": "21", "A31a_104": "岐阜県", "A31a_105": 3 }, "geometry": { "type": "Polygon", "coordinates": [ [ [ 137.026188911, 35.508957661 ], [ 137.02618891, 35.508916661 ], [ 137.026125911, 35.508916661 ], [ 137.02612591, 35.508874661 ], [ 137.02606391, 35.508874661 ], [ 137.02606391, 35.508832661 ], [ 137.02600091, 35.508832661 ], [ 137.02600091, 35.508791661 ], [ 137.02593891, 35.508791661 ], [ 137.02593891, 35.508749661 ], [ 137.02587591, 35.508749661 ], [ 137.02587591, 35.508707661 ], [ 137.025875909, 35.508666661 ], [ 137.025875909, 35.508624661 ], [ 137.025875909, 35.508582662 ], [ 137.025938909, 35.508582662 ], [ 137.025938909, 35.508541662 ], [ 137.025938909, 35.508499662 ], [ 137.026000909, 35.508499662 ], [ 137.026000908, 35.508457662 ], [ 137.026000908, 35.508416662 ], [ 137.026000908, 35.508374662 ], [ 137.026063908, 35.508374662 ], [ 137.026063908, 35.508332662 ], [ 137.026063907, 35.508291662 ], [ 137.026125907, 35.508291662 ], [ 137.026125907, 35.508249662 ], [ 137.026125907, 35.508207662 ], [ 137.026125907, 35.508166662 ], [ 137.026125907, 35.508124662 ], [ 137.026063907, 35.508124662 ], [ 137.026063907, 35.508166662 ], [ 137.026063907, 35.508207662 ], [ 137.026000907, 35.508207662 ], [ 137.026000907, 35.508166662 ], [ 137.025938907, 35.508166662 ], [ 137.025938907, 35.508207662 ], [ 137.026000907, 35.508207662 ], [ 137.026000907, 35.508249662 ], [ 137.025938907, 35.508249662 ], [ 137.025938908, 35.508291662 ], [ 137.025938908, 35.508332662 ], [ 137.025875908, 35.508332662 ], [ 137.025813908, 35.508332662 ], [ 137.025750908, 35.508332662 ], [ 137.025750908, 35.508374662 ], [ 137.025688908, 35.508374662 ], [ 137.025688908, 35.508416662 ], [ 137.025750908, 35.508416662 ], [ 137.025750908, 35.508457662 ], [ 137.025813908, 35.508457662 ], [ 137.025813909, 35.508499662 ], [ 137.025813909, 35.508541662 ], [ 137.025813909, 35.508582661 ], [ 137.025813909, 35.508624661 ], [ 137.025813909, 35.508666661 ], [ 137.02581391, 35.508707661 ], [ 137.02581391, 35.508749661 ], [ 137.02575091, 35.508749661 ], [ 137.02575091, 35.508791661 ], [ 137.02575091, 35.508832661 ], [ 137.025750911, 35.508874661 ], [ 137.025688911, 35.508874661 ], [ 137.025688911, 35.508916661 ], [ 137.025688911, 35.508957661 ], [ 137.025688911, 35.508999661 ], [ 137.025625911, 35.508999661 ], [ 137.025625911, 35.509041661 ], [ 137.025563912, 35.509041661 ], [ 137.025563912, 35.509082661 ], [ 137.025500912, 35.509082661 ], [ 137.025500912, 35.509124661 ], [ 137.025438912, 35.509124661 ], [ 137.025375912, 35.509124661 ], [ 137.025375912, 35.509166661 ], [ 137.025375912, 35.509207661 ], [ 137.025313913, 35.509207661 ], [ 137.025313913, 35.509249661 ], [ 137.025313913, 35.509291661 ], [ 137.025313913, 35.509332661 ], [ 137.025313913, 35.509374661 ], [ 137.025313914, 35.509416661 ], [ 137.025313914, 35.509457661 ], [ 137.025375914, 35.509457661 ], [ 137.025375914, 35.509499661 ], [ 137.025375914, 35.509541661 ], [ 137.025375914, 35.509582661 ], [ 137.025438914, 35.509582661 ], [ 137.025438914, 35.509541661 ], [ 137.025438914, 35.509499661 ], [ 137.025500914, 35.509499661 ], [ 137.025500914, 35.509457661 ], [ 137.025563914, 35.509457661 ], [ 137.025563913, 35.509416661 ], [ 137.025563913, 35.509374661 ], [ 137.025625913, 35.509374661 ], [ 137.025625913, 35.509332661 ], [ 137.025688913, 35.509332661 ], [ 137.025688913, 35.509291661 ], [ 137.025688912, 35.509249661 ], [ 137.025750912, 35.509249661 ], [ 137.025813912, 35.509249661 ], [ 137.025875912, 35.509249661 ], [ 137.025875912, 35.509207661 ], [ 137.025938912, 35.509207661 ], [ 137.025938912, 35.509166661 ], [ 137.025938912, 35.509124661 ], [ 137.025938911, 35.509082661 ], [ 137.026000911, 35.509082661 ], [ 137.026000911, 35.509041661 ], [ 137.026000911, 35.508999661 ], [ 137.026063911, 35.508999661 ], [ 137.026063911, 35.508957661 ], [ 137.026063911, 35.508916661 ], [ 137.026125911, 35.508916661 ], [ 137.026125911, 35.508957661 ], [ 137.026188911, 35.508957661 ] ] ] } },
{ "type": "Feature", "properties": { "A31a_101": "8505090072", "A31a_102": "川浦川", "A31a_103": "21", "A31a_104": "岐阜県", "A31a_105": 3 }, "geometry": { "type": "Polygon", "coordinates": [ [ [ 137.016938889, 35.505541659 ], [ 137.016938889, 35.505499659 ], [ 137.016938889, 35.505457659 ], [ 137.016938889, 35.505416659 ], [ 137.016875889, 35.505416659 ], [ 137.016813889, 35.505416659 ], [ 137.016750889, 35.505416659 ], [ 137.016688889, 35.505416659 ], [ 137.016625889, 35.505416659 ], [ 137.016563889, 35.505416659 ], [ 137.016563889, 35.505457659 ], [ 137.016563889, 35.505499659 ], [ 137.016563889, 35.505541659 ], [ 137.016500889, 35.505541659 ], [ 137.016500889, 35.505582659 ], [ 137.016500889, 35.505624659 ], [ 137.01650089, 35.505666659 ], [ 137.01650089, 35.505707658 ], [ 137.01650089, 35.505749658 ], [ 137.01643889, 35.505749658 ], [ 137.01643889, 35.505791658 ], [ 137.01643889, 35.505832658 ], [ 137.01643889, 35.505874658 ], [ 137.01637589, 35.505874658 ], [ 137.01631389, 35.505874658 ], [ 137.01625089, 35.505874658 ], [ 137.01618889, 35.505874658 ], [ 137.01612589, 35.505874658 ], [ 137.01606389, 35.505874658 ], [ 137.01600089, 35.505874658 ], [ 137.01600089, 35.505832658 ], [ 137.01593889, 35.505832658 ], [ 137.01593889, 35.505791658 ], [ 137.01587589, 35.505791658 ], [ 137.01581389, 35.505791658 ], [ 137.015813889, 35.505749658 ], [ 137.015750889, 35.505749658 ], [ 137.015750889, 35.505707658 ], [ 137.015688889, 35.505707658 ], [ 137.015688889, 35.505749658 ], [ 137.015750889, 35.505749658 ], [ 137.01575089, 35.505791658 ], [ 137.01581389, 35.505791658 ], [ 137.01581389, 35.505832658 ], [ 137.01587589, 35.505832658 ], [ 137.01587589, 35.505874658 ], [ 137.01587589, 35.505916658 ], [ 137.01581389, 35.505916658 ], [ 137.01581389, 35.505874658 ], [ 137.01575089, 35.505874658 ], [ 137.01568889, 35.505874658 ], [ 137.01562589, 35.505874658 ], [ 137.01562589, 35.505916658 ], [ 137.01562589, 35.505957658 ], [ 137.01562589, 35.505999658 ], [ 137.01562589, 35.506041658 ], [ 137.015688891, 35.506041658 ], [ 137.015750891, 35.506041658 ], [ 137.01575089, 35.505999658 ], [ 137.01575089, 35.505957658 ], [ 137.01575089, 35.505916658 ], [ 137.01581389, 35.505916658 ], [ 137.01581389, 35.505957658 ], [ 137.01587589, 35.505957658 ], [ 137.01593889, 35.505957658 ], [ 137.015938891, 35.505999658 ], [ 137.016000891, 35.505999658 ], [ 137.016000891, 35.506041658 ], [ 137.016063891, 35.506041658 ], [ 137.016063891, 35.505999658 ], [ 137.01606389, 35.505957658 ], [ 137.01600089, 35.505957658 ], [ 137.01600089, 35.505916658 ], [ 137.01606389, 35.505916658 ], [ 137.01606389, 35.505957658 ], [ 137.01612589, 35.505957658 ], [ 137.016188891, 35.505957658 ], [ 137.01618889, 35.505916658 ], [ 137.01625089, 35.505916658 ], [ 137.01631389, 35.505916658 ], [ 137.016375891, 35.505916658 ], [ 137.016438891, 35.505916658 ], [ 137.016500891, 35.505916658 ], [ 137.016563891, 35.505916658 ], [ 137.016625891, 35.505916658 ], [ 137.016688891, 35.505916658 ], [ 137.016750891, 35.505916659 ], [ 137.016813891, 35.505916659 ], [ 137.016813891, 35.505874659 ], [ 137.01681389, 35.505832659 ], [ 137.01681389, 35.505791659 ], [ 137.01687589, 35.505791659 ], [ 137.01687589, 35.505749659 ], [ 137.01687589, 35.505707659 ], [ 137.01687589, 35.505666659 ], [ 137.01687589, 35.505624659 ], [ 137.016875889, 35.505582659 ], [ 137.016875889, 35.505541659 ], [ 137.016938889, 35.505541659 ] ] ] } },
{ "type": "Feature", "properties": { "A31a_101": "8505090072", "A31a_102": "川浦川", "A31a_103": "21", "A31a_104": "岐阜県", "A31a_105": 3 }, "geometry": { "type": "Polygon", "coordinates": [ [ [ 137.048813944, 35.519416666 ], [ 137.048813943, 35.519374666 ], [ 137.048750943, 35.519374666 ], [ 137.048750943, 35.519332666 ], [ 137.048750943, 35.519291666 ], [ 137.048750943, 35.519249666 ], [ 137.048750942, 35.519207666 ], [ 137.048688943, 35.519207666 ], [ 137.048688942, 35.519166666 ], [ 137.048625942, 35.519166666 ], [ 137.048563943, 35.519166666 ], [ 137.048500943, 35.519166666 ], [ 137.048438943, 35.519166666 ], [ 137.048438943, 35.519124666 ], [ 137.048438942, 35.519082666 ], [ 137.048375942, 35.519082666 ], [ 137.048313942, 35.519082666 ], [ 137.048313942, 35.519041666 ], [ 137.048313942, 35.518999666 ], [ 137.048250942, 35.518999666 ], [ 137.048250942, 35.518957666 ], [ 137.048188942, 35.518957666 ], [ 137.048125942, 35.518957666 ], [ 137.048125942, 35.518916666 ], [ 137.048063942, 35.518916666 ], [ 137.048000942, 35.518916666 ], [ 137.048000942, 35.518874666 ], [ 137.047938942, 35.518874666 ], [ 137.047938942, 35.518916666 ], [ 137.047875942, 35.518916666 ], [ 137.047875943, 35.518957666 ], [ 137.047875943, 35.518999666 ], [ 137.047875943, 35.519041666 ], [ 137.047938943, 35.519041666 ], [ 137.047938943, 35.519082666 ], [ 137.048000943, 35.519082666 ], [ 137.048000943, 35.519124666 ], [ 137.048063943, 35.519124666 ], [ 137.048063943, 35.519166666 ], [ 137.048125943, 35.519166666 ], [ 137.048125944, 35.519207666 ], [ 137.048125944, 35.519249666 ], [ 137.048125944, 35.519291666 ], [ 137.048188944, 35.519291666 ], [ 137.048188944, 35.519332666 ], [ 137.048188944, 35.519374666 ], [ 137.048250944, 35.519374666 ], [ 137.048313944, 35.519374666 ], [ 137.048375944, 35.519374666 ], [ 137.048375944, 35.519332666 ], [ 137.048438944, 35.519332666 ], [ 137.048438944, 35.519374666 ], [ 137.048438944, 35.519416666 ], [ 137.048438945, 35.519457666 ], [ 137.048500944, 35.519457666 ], [ 137.048500945, 35.519499666 ], [ 137.048563945, 35.519499666 ], [ 137.048563944, 35.519457666 ], [ 137.048563944, 35.519416666 ], [ 137.048563944, 35.519374666 ], [ 137.048625944, 35.519374666 ], [ 137.048625944, 35.519416666 ], [ 137.048625944, 35.519457666 ], [ 137.048688944, 35.519457666 ], [ 137.048750944, 35.519457666 ], [ 137.048750944, 35.519416666 ], [ 137.048813944, 35.519416666 ] ] ] } },
{ "type": "Feature", "properties": { "A31a_101": "8505090072", "A31a_102": "川浦川", "A31a_103": "21", "A31a_104": "岐阜県", "A31a_105": 3 }, "geometry": { "type": "Polygon", "coordinates": [ [ [ 137.036313923, 35.512332665 ], [ 137.036313923, 35.512291665 ], [ 137.036250923, 35.512291665 ], [ 137.036250923, 35.512249665 ], [ 137.036250923, 35.512207665 ], [ 137.036250922, 35.512166665 ], [ 137.036188922, 35.512166665 ], [ 137.036188922, 35.512124665 ], [ 137.036125922, 35.512124665 ], [ 137.036125922, 35.512082665 ], [ 137.036063922, 35.512082665 ], [ 137.036063922, 35.512041665 ], [ 137.036063921, 35.511999665 ], [ 137.036000921, 35.511999665 ], [ 137.036000921, 35.511957665 ], [ 137.036000921, 35.511916665 ], [ 137.035938921, 35.511916665 ], [ 137.035938921, 35.511957665 ], [ 137.035938922, 35.511999665 ], [ 137.036000921, 35.511999665 ], [ 137.036000922, 35.512041665 ], [ 137.036000922, 35.512082665 ], [ 137.036000922, 35.512124665 ], [ 137.035938922, 35.512124665 ], [ 137.035938922, 35.512166665 ], [ 137.035875922, 35.512166665 ], [ 137.035875923, 35.512207665 ], [ 137.035813923, 35.512207665 ], [ 137.035813923, 35.512166665 ], [ 137.035750923, 35.512166665 ], [ 137.035750922, 35.512124665 ], [ 137.035688922, 35.512124665 ], [ 137.035688922, 35.512082665 ], [ 137.035625922, 35.512082665 ], [ 137.035625922, 35.512041665 ], [ 137.035625922, 35.511999665 ], [ 137.035688922, 35.511999665 ], [ 137.035688921, 35.511957665 ], [ 137.035750921, 35.511957665 ], [ 137.035750921, 35.511916665 ], [ 137.035813921, 35.511916665 ], [ 137.035813921, 35.511874665 ], [ 137.035750921, 35.511874665 ], [ 137.035688921, 35.511874665 ], [ 137.035625921, 35.511874665 ], [ 137.035563921, 35.511874665 ], [ 137.035500921, 35.511874665 ], [ 137.035438921, 35.511874665 ], [ 137.035375921, 35.511874665 ], [ 137.035375921, 35.511832665 ], [ 137.035375921, 35.511791665 ], [ 137.03537592, 35.511749665 ], [ 137.03543892, 35.511749665 ], [ 137.03543892, 35.511707665 ], [ 137.03543892, 35.511666665 ], [ 137.03537592, 35.511666665 ], [ 137.03531392, 35.511666665 ], [ 137.03531392, 35.511707665 ], [ 137.03531392, 35.511749665 ], [ 137.035313921, 35.511791665 ], [ 137.035313921, 35.511832665 ], [ 137.035313921, 35.511874665 ], [ 137.035313921, 35.511916665 ], [ 137.035313922, 35.511957665 ], [ 137.035375922, 35.511957665 ], [ 137.035438922, 35.511957665 ], [ 137.035500921, 35.511957665 ], [ 137.035500922, 35.511999665 ], [ 137.035500922, 35.512041665 ], [ 137.035563922, 35.512041665 ], [ 137.035563922, 35.512082665 ], [ 137.035625922, 35.512082665 ], [ 137.035625922, 35.512124665 ], [ 137.035688922, 35.512124665 ], [ 137.035688923, 35.512166665 ], [ 137.035750923, 35.512166665 ], [ 137.035750923, 35.512207665 ], [ 137.035813923, 35.512207665 ], [ 137.035813923, 35.512249665 ], [ 137.035875923, 35.512249665 ], [ 137.035875923, 35.512291665 ], [ 137.035938923, 35.512291665 ], [ 137.035938923, 35.512332665 ], [ 137.036000923, 35.512332665 ], [ 137.036000924, 35.512374665 ], [ 137.036000924, 35.512416665 ], [ 137.036063924, 35.512416665 ], [ 137.036063924, 35.512457665 ], [ 137.036063924, 35.512499664 ], [ 137.036125924, 35.512499665 ], [ 137.036125924, 35.512457665 ], [ 137.036188924, 35.512457665 ], [ 137.036188924, 35.512416665 ], [ 137.036188923, 35.512374665 ], [ 137.036250923, 35.512374665 ], [ 137.036250923, 35.512332665 ], [ 137.036313923, 35.512332665 ] ] ] } },
{ "type": "Feature", "properties": { "A31a_101": "8505090072", "A31a_102": "川浦川", "A31a_103": "21", "A31a_104": "岐阜県", "A31a_105": 3 }, "geometry": { "type": "Polygon", "coordinates": [ [ [ 137.051563954, 35.522332665 ], [ 137.051563953, 35.522291665 ], [ 137.051563953, 35.522249665 ], [ 137.051563953, 35.522207665 ], [ 137.051500953, 35.522207665 ], [ 137.051438953, 35.522207665 ], [ 137.051375953, 35.522207665 ], [ 137.051313954, 35.522207665 ], [ 137.051313954, 35.522249665 ], [ 137.051313954, 35.522291665 ], [ 137.051250954, 35.522291665 ], [ 137.051250955, 35.522332665 ], [ 137.051250955, 35.522374665 ], [ 137.051313955, 35.522374665 ], [ 137.051375954, 35.522374665 ], [ 137.051375955, 35.522416665 ], [ 137.051438954, 35.522416665 ], [ 137.051500954, 35.522416665 ], [ 137.051500954, 35.522374665 ], [ 137.051500954, 35.522332665 ], [ 137.051563954, 35.522332665 ] ] ] } },
{ "type": "Feature", "properties": { "A31a_101": "8505090072", "A31a_102": "川浦川", "A31a_103": "21", "A31a_104": "岐阜県", "A31a_105": 3 }, "geometry": { "type": "Polygon", "coordinates": [ [ [ 137.037250925, 35.512707665 ], [ 137.037250925, 35.512666665 ], [ 137.037250924, 35.512624665 ], [ 137.037250924, 35.512582665 ], [ 137.037250924, 35.512541665 ], [ 137.037250924, 35.512499665 ], [ 137.037188924, 35.512499665 ], [ 137.037125924, 35.512499665 ], [ 137.037063924, 35.512499665 ], [ 137.037000924, 35.512499665 ], [ 137.036938924, 35.512499665 ], [ 137.036938924, 35.512541665 ], [ 137.036938924, 35.512582665 ], [ 137.037000924, 35.512582665 ], [ 137.037000925, 35.512624665 ], [ 137.037063925, 35.512624665 ], [ 137.037063925, 35.512666665 ], [ 137.037125925, 35.512666665 ], [ 137.037125925, 35.512707665 ], [ 137.037188925, 35.512707665 ], [ 137.037250925, 35.512707665 ] ] ] } },
{ "type": "Feature", "properties": { "A31a_101": "8505090072", "A31a_102": "川浦川", "A31a_103": "21", "A31a_104": "岐阜県", "A31a_105": 3 }, "geometry": { "type": "Polygon", "coordinates": [ [ [ 137.045188921, 35.514416669 ], [ 137.045188921, 35.514374669 ], [ 137.045125921, 35.514374669 ], [ 137.04512592, 35.514332669 ], [ 137.04512592, 35.514291669 ], [ 137.04506392, 35.514291669 ], [ 137.04500092, 35.514291669 ], [ 137.044938921, 35.514291669 ], [ 137.04493892, 35.514249669 ], [ 137.04500092, 35.514249669 ], [ 137.04500092, 35.514207669 ], [ 137.04493892, 35.514207669 ], [ 137.04487592, 35.514207669 ], [ 137.04487592, 35.514249669 ], [ 137.044813921, 35.514249669 ], [ 137.044750921, 35.514249669 ], [ 137.044688921, 35.514249669 ], [ 137.044688921, 35.514291669 ], [ 137.044750921, 35.514291669 ], [ 137.044813921, 35.514291669 ], [ 137.044875921, 35.514291669 ], [ 137.044875921, 35.514332669 ], [ 137.044938921, 35.514332669 ], [ 137.045000921, 35.514332669 ], [ 137.045000921, 35.514374669 ], [ 137.045000921, 35.514416669 ], [ 137.045000921, 35.514457669 ], [ 137.045063921, 35.514457669 ], [ 137.045063921, 35.514416669 ], [ 137.045125921, 35.514416669 ], [ 137.045188921, 35.514416669 ] ] ] } },
{ "type": "Feature", "properties": { "A31a_101": "8505090072", "A31a_102": "川浦川", "A31a_103": "21", "A31a_104": "岐阜県", "A31a_105": 3 }, "geometry": { "type": "Polygon", "coordinates": [ [ [ 137.001688827, 35.492832656 ], [ 137.001688827, 35.492791656 ], [ 137.001688827, 35.492749656 ], [ 137.001688827, 35.492707656 ], [ 137.001688826, 35.492666656 ], [ 137.001688826, 35.492624656 ], [ 137.001688826, 35.492582656 ], [ 137.001688826, 35.492541656 ], [ 137.001688826, 35.492499656 ], [ 137.001625826, 35.492499656 ], [ 137.001563826, 35.492499656 ], [ 137.001563826, 35.492541656 ], [ 137.001563826, 35.492582656 ], [ 137.001563826, 35.492624656 ], [ 137.001563826, 35.492666656 ], [ 137.001563827, 35.492707656 ], [ 137.001563827, 35.492749656 ], [ 137.001563827, 35.492791656 ], [ 137.001625827, 35.492791656 ], [ 137.001625827, 35.492832656 ], [ 137.001688827, 35.492832656 ] ] ] } },
{ "type": "Feature", "properties": { "A31a_101": "8505090072", "A31a_102": "川浦川", "A31a_103": "21", "A31a_104": "岐阜県", "A31a_105": 3 }, "geometry": { "type": "Polygon", "coordinates": [ [ [ 137.047500943, 35.518999665 ], [ 137.047500943, 35.518957665 ], [ 137.047438943, 35.518957665 ], [ 137.047375943, 35.518957665 ], [ 137.047313944, 35.518957665 ], [ 137.047250944, 35.518957665 ], [ 137.047188944, 35.518957665 ], [ 137.047188944, 35.518999665 ], [ 137.047188944, 35.519041665 ], [ 137.047188944, 35.519082665 ], [ 137.047188945, 35.519124665 ], [ 137.047250945, 35.519124665 ], [ 137.047313945, 35.519124665 ], [ 137.047313944, 35.519082665 ], [ 137.047375944, 35.519082665 ], [ 137.047375944, 35.519041665 ], [ 137.047438944, 35.519041665 ], [ 137.047438944, 35.518999665 ], [ 137.047500943, 35.518999665 ] ] ] } },
{ "type": "Feature", "properties": { "A31a_101": "8505090072", "A31a_102": "川浦川", "A31a_103": "21", "A31a_104": "岐阜県", "A31a_105": 3 }, "geometry": { "type": "Polygon", "coordinates": [ [ [ 137.031563912, 35.509791664 ], [ 137.031563912, 35.509749664 ], [ 137.031563911, 35.509707664 ], [ 137.031500911, 35.509707664 ], [ 137.031500911, 35.509666664 ], [ 137.031438911, 35.509666664 ], [ 137.031438911, 35.509624664 ], [ 137.031438911, 35.509582664 ], [ 137.031375911, 35.509582664 ], [ 137.031313911, 35.509582664 ], [ 137.031250911, 35.509582664 ], [ 137.031250911, 35.509541664 ], [ 137.03125091, 35.509499664 ], [ 137.03125091, 35.509457664 ], [ 137.03118891, 35.509457664 ], [ 137.03118891, 35.509416664 ], [ 137.03112591, 35.509416664 ], [ 137.03112591, 35.509457664 ], [ 137.03118891, 35.509457664 ], [ 137.03118891, 35.509499664 ], [ 137.031188911, 35.509541664 ], [ 137.031188911, 35.509582664 ], [ 137.031250911, 35.509582664 ], [ 137.031250911, 35.509624664 ], [ 137.031313911, 35.509624664 ], [ 137.031313911, 35.509666664 ], [ 137.031375911, 35.509666664 ], [ 137.031375911, 35.509707664 ], [ 137.031438911, 35.509707664 ], [ 137.031438912, 35.509749664 ], [ 137.031500912, 35.509749664 ], [ 137.031500912, 35.509791664 ], [ 137.031563912, 35.509791664 ] ] ] } },
{ "type": "Feature", "properties": { "A31a_101": "8505090072", "A31a_102": "川浦川", "A31a_103": "21", "A31a_104": "岐阜県", "A31a_105": 3 }, "geometry": { "type": "Polygon", "coordinates": [ [ [ 137.015250887, 35.505166658 ], [ 137.015250886, 35.505124658 ], [ 137.015250886, 35.505082658 ], [ 137.015250886, 35.505041658 ], [ 137.015250886, 35.504999658 ], [ 137.015188886, 35.504999658 ], [ 137.015188886, 35.504957658 ], [ 137.015125886, 35.504957658 ], [ 137.015063886, 35.504957658 ], [ 137.015063885, 35.504916658 ], [ 137.015063885, 35.504874658 ], [ 137.015000885, 35.504874658 ], [ 137.015000885, 35.504916658 ], [ 137.015000885, 35.504957658 ], [ 137.015063886, 35.504957658 ], [ 137.015063886, 35.504999658 ], [ 137.015063886, 35.505041658 ], [ 137.015063886, 35.505082658 ], [ 137.015063886, 35.505124658 ], [ 137.015125886, 35.505124658 ], [ 137.015188886, 35.505124658 ], [ 137.015188886, 35.505166658 ], [ 137.015250887, 35.505166658 ] ] ] } },
{ "type": "Feature", "properties": { "A31a_101": "8505090072", "A31a_102": "川浦川", "A31a_103": "21", "A31a_104": "岐阜県", "A31a_105": 3 }, "geometry": { "type": "Polygon", "coordinates": [ [ [ 136.966563736, 35.484249649 ], [ 136.966563736, 35.484207649 ], [ 136.966563736, 35.484166649 ], [ 136.966500736, 35.484166649 ], [ 136.966438736, 35.484166649 ], [ 136.966375736, 35.484166649 ], [ 136.966313736, 35.484166649 ], [ 136.966250736, 35.484166649 ], [ 136.966188735, 35.484166649 ], [ 136.966125735, 35.484166649 ], [ 136.966063735, 35.484166649 ], [ 136.966000735, 35.484166649 ], [ 136.965938735, 35.48416665 ], [ 136.965875735, 35.48416665 ], [ 136.965813734, 35.48416665 ], [ 136.965813734, 35.48420765 ], [ 136.965875735, 35.48420765 ], [ 136.965938735, 35.48420765 ], [ 136.966000735, 35.48420765 ], [ 136.966063735, 35.484207649 ], [ 136.966125735, 35.484207649 ], [ 136.966188735, 35.484207649 ], [ 136.966250736, 35.484207649 ], [ 136.966313736, 35.484207649 ], [ 136.966375736, 35.484207649 ], [ 136.966438736, 35.484207649 ], [ 136.966500736, 35.484207649 ], [ 136.966500736, 35.484249649 ], [ 136.966563736, 35.484249649 ] ] ] } },
{ "type": "Feature", "properties": { "A31a_101": "8505090072", "A31a_102": "川浦川", "A31a_103": "21", "A31a_104": "岐阜県", "A31a_105": 3 }, "geometry": { "type": "Polygon", "coordinates": [ [ [ 137.05212595, 35.521999666 ], [ 137.052125949, 35.521957666 ], [ 137.052125949, 35.521916666 ], [ 137.052125949, 35.521874666 ], [ 137.052063949, 35.521874666 ], [ 137.052000949, 35.521874666 ], [ 137.05193895, 35.521874666 ], [ 137.05187595, 35.521874666 ], [ 137.05187595, 35.521916666 ], [ 137.05187595, 35.521957666 ], [ 137.05187595, 35.521999666 ], [ 137.05193895, 35.521999666 ], [ 137.05200095, 35.521999666 ], [ 137.05206395, 35.521999666 ], [ 137.05212595, 35.521999666 ] ] ] } },
{ "type": "Feature", "properties": { "A31a_101": "8505090072", "A31a_102": "川浦川", "A31a_103": "21", "A31a_104": "岐阜県", "A31a_105": 3 }, "geometry": { "type": "Polygon", "coordinates": [ [ [ 137.038313924, 35.512791666 ], [ 137.038313924, 35.512749666 ], [ 137.038313923, 35.512707666 ], [ 137.038250923, 35.512707666 ], [ 137.038188924, 35.512707666 ], [ 137.038125924, 35.512707666 ], [ 137.038125924, 35.512749666 ], [ 137.038125924, 35.512791665 ], [ 137.038125924, 35.512832665 ], [ 137.038125925, 35.512874665 ], [ 137.038125925, 35.512916665 ], [ 137.038188925, 35.512916665 ], [ 137.038188925, 35.512874665 ], [ 137.038250924, 35.512874665 ], [ 137.038250924, 35.512832666 ], [ 137.038250924, 35.512791666 ], [ 137.038313924, 35.512791666 ] ] ] } },
{ "type": "Feature", "properties": { "A31a_101": "8505090072", "A31a_102": "川浦川", "A31a_103": "21", "A31a_104": "岐阜県", "A31a_105": 3 }, "geometry": { "type": "Polygon", "coordinates": [ [ [ 137.051188954, 35.522249665 ], [ 137.051188954, 35.522207665 ], [ 137.051125954, 35.522207665 ], [ 137.051125954, 35.522166665 ], [ 137.051063954, 35.522166665 ], [ 137.051063954, 35.522124665 ], [ 137.051063954, 35.522082665 ], [ 137.051000954, 35.522082665 ], [ 137.050938954, 35.522082665 ], [ 137.050938954, 35.522124665 ], [ 137.050938955, 35.522166665 ], [ 137.050938955, 35.522207665 ], [ 137.050938955, 35.522249665 ], [ 137.051000955, 35.522249665 ], [ 137.051063955, 35.522249665 ], [ 137.051125955, 35.522249665 ], [ 137.051188954, 35.522249665 ] ] ] } },
{ "type": "Feature", "properties": { "A31a_101": "8505090072", "A31a_102": "川浦川", "A31a_103": "21", "A31a_104": "岐阜県", "A31a_105": 3 }, "geometry": { "type": "Polygon", "coordinates": [ [ [ 136.997500828, 35.495207655 ], [ 136.997500828, 35.495166655 ], [ 136.997438828, 35.495166655 ], [ 136.997375828, 35.495166655 ], [ 136.997375827, 35.495124655 ], [ 136.997313827, 35.495124655 ], [ 136.997250827, 35.495124655 ], [ 136.997250827, 35.495082655 ], [ 136.997250827, 35.495041655 ], [ 136.997188827, 35.495041655 ], [ 136.997188827, 35.495082655 ], [ 136.997188827, 35.495124655 ], [ 136.997188827, 35.495166655 ], [ 136.997188827, 35.495207655 ], [ 136.997250827, 35.495207655 ], [ 136.997313828, 35.495207655 ], [ 136.997375828, 35.495207655 ], [ 136.997438828, 35.495207655 ], [ 136.997500828, 35.495207655 ] ] ] } },
{ "type": "Feature", "properties": { "A31a_101": "8505090072", "A31a_102": "川浦川", "A31a_103": "21", "A31a_104": "岐阜県", "A31a_105": 3 }, "geometry": { "type": "Polygon", "coordinates": [ [ [ 137.06281394, 35.526957667 ], [ 137.062813939, 35.526916667 ], [ 137.062813939, 35.526874667 ], [ 137.062750939, 35.526874667 ], [ 137.06268894, 35.526874667 ], [ 137.06262594, 35.526874667 ], [ 137.06256394, 35.526874667 ], [ 137.06256394, 35.526916667 ], [ 137.06262594, 35.526916667 ], [ 137.06262594, 35.526957667 ], [ 137.062625941, 35.526999667 ], [ 137.06268894, 35.526999667 ], [ 137.06275094, 35.526999667 ], [ 137.06275094, 35.526957667 ], [ 137.06281394, 35.526957667 ] ] ] } },
{ "type": "Feature", "properties": { "A31a_101": "8505090072", "A31a_102": "川浦川", "A31a_103": "21", "A31a_104": "岐阜県", "A31a_105": 3 }, "geometry": { "type": "Polygon", "coordinates": [ [ [ 136.99843883, 35.495207655 ], [ 136.99843883, 35.495166655 ], [ 136.99843883, 35.495124655 ], [ 136.998375829, 35.495124655 ], [ 136.998375829, 35.495082655 ], [ 136.998313829, 35.495082655 ], [ 136.998250829, 35.495082655 ], [ 136.998188829, 35.495082655 ], [ 136.998125829, 35.495082655 ], [ 136.998125829, 35.495124655 ], [ 136.998188829, 35.495124655 ], [ 136.998250829, 35.495124655 ], [ 136.998313829, 35.495124655 ], [ 136.998375829, 35.495124655 ], [ 136.99837583, 35.495166655 ], [ 136.998313829, 35.495166655 ], [ 136.998250829, 35.495166655 ], [ 136.998250829, 35.495207655 ], [ 136.99831383, 35.495207655 ], [ 136.99837583, 35.495207655 ], [ 136.99843883, 35.495207655 ] ] ] } },
{ "type": "Feature", "properties": { "A31a_101": "8505090072", "A31a_102": "川浦川", "A31a_103": "21", "A31a_104": "岐阜県", "A31a_105": 3 }, "geometry": { "type": "Polygon", "coordinates": [ [ [ 137.054875934, 35.521041669 ], [ 137.054875934, 35.520999669 ], [ 137.054813934, 35.520999669 ], [ 137.054813934, 35.520957669 ], [ 137.054750934, 35.520957669 ], [ 137.054750934, 35.520916669 ], [ 137.054688934, 35.520916669 ], [ 137.054688935, 35.520957669 ], [ 137.054688935, 35.520999669 ], [ 137.054688935, 35.521041669 ], [ 137.054688935, 35.521082669 ], [ 137.054750935, 35.521082669 ], [ 137.054813935, 35.521082669 ], [ 137.054813935, 35.521041669 ], [ 137.054875934, 35.521041669 ] ] ] } },
{ "type": "Feature", "properties": { "A31a_101": "8505090072", "A31a_102": "川浦川", "A31a_103": "21", "A31a_104": "岐阜県", "A31a_105": 3 }, "geometry": { "type": "Polygon", "coordinates": [ [ [ 137.025938915, 35.509791661 ], [ 137.025938915, 35.509749661 ], [ 137.025938915, 35.509707661 ], [ 137.025875915, 35.509707661 ], [ 137.025813915, 35.509707661 ], [ 137.025750915, 35.509707661 ], [ 137.025688915, 35.509707661 ], [ 137.025625915, 35.509707661 ], [ 137.025625915, 35.509749661 ], [ 137.025688915, 35.509749661 ], [ 137.025750915, 35.509749661 ], [ 137.025813915, 35.509749661 ], [ 137.025813915, 35.509791661 ], [ 137.025875915, 35.509791661 ], [ 137.025938915, 35.509791661 ] ] ] } },
{ "type": "Feature", "properties": { "A31a_101": "8505090072", "A31a_102": "川浦川", "A31a_103": "21", "A31a_104": "岐阜県", "A31a_105": 3 }, "geometry": { "type": "Polygon", "coordinates": [ [ [ 137.019188892, 35.50574966 ], [ 137.019188892, 35.50570766 ], [ 137.019125892, 35.50570766 ], [ 137.019125892, 35.50566666 ], [ 137.019063891, 35.50566666 ], [ 137.019063891, 35.50562466 ], [ 137.019000891, 35.50562466 ], [ 137.018938891, 35.50562466 ], [ 137.018875891, 35.50562466 ], [ 137.018813891, 35.50562466 ], [ 137.018750891, 35.50562466 ], [ 137.018750891, 35.50566666 ], [ 137.018813891, 35.50566666 ], [ 137.018875891, 35.50566666 ], [ 137.018938891, 35.50566666 ], [ 137.019000891, 35.50566666 ], [ 137.019063891, 35.50566666 ], [ 137.019063892, 35.50570766 ], [ 137.019125892, 35.50570766 ], [ 137.019125892, 35.50574966 ], [ 137.019188892, 35.50574966 ] ] ] } },
{ "type": "Feature", "properties": { "A31a_101": "8505090072", "A31a_102": "川浦川", "A31a_103": "21", "A31a_104": "岐阜県", "A31a_105": 3 }, "geometry": { "type": "Polygon", "coordinates": [ [ [ 136.998375825, 35.493666655 ], [ 136.998375825, 35.493624655 ], [ 136.998375825, 35.493582655 ], [ 136.998313825, 35.493582655 ], [ 136.998313825, 35.493624655 ], [ 136.998250825, 35.493624655 ], [ 136.998250825, 35.493666655 ], [ 136.998250825, 35.493707655 ], [ 136.998188825, 35.493707655 ], [ 136.998188825, 35.493749655 ], [ 136.998250825, 35.493749655 ], [ 136.998250825, 35.493791655 ], [ 136.998313825, 35.493791655 ], [ 136.998313825, 35.493749655 ], [ 136.998313825, 35.493707655 ], [ 136.998313825, 35.493666655 ], [ 136.998375825, 35.493666655 ] ] ] } },
{ "type": "Feature", "properties": { "A31a_101": "8505090072", "A31a_102": "川浦川", "A31a_103": "21", "A31a_104": "岐阜県", "A31a_105": 3 }, "geometry": { "type": "Polygon", "coordinates": [ [ [ 136.965000732, 35.48454165 ], [ 136.965000732, 35.48449965 ], [ 136.964938732, 35.48449965 ], [ 136.964938732, 35.48445765 ], [ 136.964875732, 35.48445765 ], [ 136.964875732, 35.48441665 ], [ 136.964938732, 35.48441665 ], [ 136.964938732, 35.48437465 ], [ 136.964875732, 35.48437465 ], [ 136.964813732, 35.48437465 ], [ 136.964813732, 35.48441665 ], [ 136.964750732, 35.48441665 ], [ 136.964750732, 35.48445765 ], [ 136.964813732, 35.48445765 ], [ 136.964875732, 35.48445765 ], [ 136.964875732, 35.48449965 ], [ 136.964875732, 35.48454165 ], [ 136.964938732, 35.48454165 ], [ 136.965000732, 35.48454165 ] ] ] } },
{ "type": "Feature", "properties": { "A31a_101": "8505090072", "A31a_102": "川浦川", "A31a_103": "21", "A31a_104": "岐阜県", "A31a_105": 3 }, "geometry": { "type": "Polygon", "coordinates": [ [ [ 137.055188931, 35.52066667 ], [ 137.055188931, 35.52062467 ], [ 137.055125931, 35.52062467 ], [ 137.055063931, 35.520624669 ], [ 137.055063931, 35.520582669 ], [ 137.055063931, 35.52054167 ], [ 137.055000931, 35.520541669 ], [ 137.055000931, 35.520582669 ], [ 137.055000932, 35.520624669 ], [ 137.055000932, 35.520666669 ], [ 137.055000932, 35.520707669 ], [ 137.055063932, 35.520707669 ], [ 137.055125932, 35.520707669 ], [ 137.055125931, 35.520666669 ], [ 137.055188931, 35.52066667 ] ] ] } },
{ "type": "Feature", "properties": { "A31a_101": "8505090072", "A31a_102": "川浦川", "A31a_103": "21", "A31a_104": "岐阜県", "A31a_105": 3 }, "geometry": { "type": "Polygon", "coordinates": [ [ [ 137.052438948, 35.521957666 ], [ 137.052438948, 35.521916666 ], [ 137.052438948, 35.521874666 ], [ 137.052375948, 35.521874666 ], [ 137.052313948, 35.521874666 ], [ 137.052250948, 35.521874666 ], [ 137.052188949, 35.521874666 ], [ 137.052188949, 35.521916666 ], [ 137.052250949, 35.521916666 ], [ 137.052250949, 35.521957666 ], [ 137.052313949, 35.521957666 ], [ 137.052375948, 35.521957666 ], [ 137.052438948, 35.521957666 ] ] ] } },
{ "type": "Feature", "properties": { "A31a_101": "8505090072", "A31a_102": "川浦川", "A31a_103": "21", "A31a_104": "岐阜県", "A31a_105": 3 }, "geometry": { "type": "Polygon", "coordinates": [ [ [ 137.032813918, 35.510999664 ], [ 137.032813917, 35.510957664 ], [ 137.032813917, 35.510916664 ], [ 137.032813917, 35.510874664 ], [ 137.032750917, 35.510874664 ], [ 137.032688917, 35.510874664 ], [ 137.032625917, 35.510874664 ], [ 137.032625917, 35.510916664 ], [ 137.032688917, 35.510916664 ], [ 137.032688917, 35.510957664 ], [ 137.032750917, 35.510957664 ], [ 137.032750918, 35.510999664 ], [ 137.032813918, 35.510999664 ] ] ] } },
{ "type": "Feature", "properties": { "A31a_101": "8505090072", "A31a_102": "川浦川", "A31a_103": "21", "A31a_104": "岐阜県", "A31a_105": 3 }, "geometry": { "type": "Polygon", "coordinates": [ [ [ 137.002813829, 35.493124657 ], [ 137.002813829, 35.493082657 ], [ 137.002750829, 35.493082657 ], [ 137.002750828, 35.493041657 ], [ 137.002688828, 35.493041657 ], [ 137.002688828, 35.492999657 ], [ 137.002688828, 35.492957657 ], [ 137.002625828, 35.492957657 ], [ 137.002625828, 35.492916657 ], [ 137.002563828, 35.492916657 ], [ 137.002563828, 35.492957657 ], [ 137.002625828, 35.492957657 ], [ 137.002625828, 35.492999657 ], [ 137.002625828, 35.493041657 ], [ 137.002625829, 35.493082657 ], [ 137.002688829, 35.493082657 ], [ 137.002750829, 35.493082657 ], [ 137.002750829, 35.493124657 ], [ 137.002813829, 35.493124657 ] ] ] } },
{ "type": "Feature", "properties": { "A31a_101": "8505090072", "A31a_102": "川浦川", "A31a_103": "21", "A31a_104": "岐阜県", "A31a_105": 3 }, "geometry": { "type": "Polygon", "coordinates": [ [ [ 137.003125827, 35.492624657 ], [ 137.003125827, 35.492582657 ], [ 137.003125827, 35.492541657 ], [ 137.003063827, 35.492541657 ], [ 137.003000827, 35.492541657 ], [ 137.002938827, 35.492541657 ], [ 137.002938827, 35.492582657 ], [ 137.002875827, 35.492582657 ], [ 137.002875827, 35.492624657 ], [ 137.002938827, 35.492624657 ], [ 137.003000827, 35.492624657 ], [ 137.003000827, 35.492582657 ], [ 137.003063827, 35.492582657 ], [ 137.003063827, 35.492624657 ], [ 137.003125827, 35.492624657 ] ] ] } },
{ "type": "Feature", "properties": { "A31a_101": "8505090072", "A31a_102": "川浦川", "A31a_103": "21", "A31a_104": "岐阜県", "A31a_105": 3 }, "geometry": { "type": "Polygon", "coordinates": [ [ [ 136.99512582, 35.494124655 ], [ 136.99512582, 35.494082655 ], [ 136.99506382, 35.494082655 ], [ 136.99506382, 35.494041655 ], [ 136.99506382, 35.493999655 ], [ 136.99506382, 35.493957655 ], [ 136.99500082, 35.493957655 ], [ 136.99500082, 35.493999655 ], [ 136.99500082, 35.494041655 ], [ 136.99500082, 35.494082655 ], [ 136.99500082, 35.494124655 ], [ 136.99506382, 35.494124655 ], [ 136.99512582, 35.494124655 ] ] ] } },
{ "type": "Feature", "properties": { "A31a_101": "8505090072", "A31a_102": "川浦川", "A31a_103": "21", "A31a_104": "岐阜県", "A31a_105": 3 }, "geometry": { "type": "Polygon", "coordinates": [ [ [ 136.999063828, 35.494291655 ], [ 136.999063828, 35.494249655 ], [ 136.999063828, 35.494207655 ], [ 136.999063828, 35.494166655 ], [ 136.999000828, 35.494166655 ], [ 136.999000828, 35.494207655 ], [ 136.998938828, 35.494207655 ], [ 136.998938828, 35.494249655 ], [ 136.998938828, 35.494291655 ], [ 136.999000828, 35.494291655 ], [ 136.999063828, 35.494291655 ] ] ] } },
{ "type": "Feature", "properties": { "A31a_101": "8505090072", "A31a_102": "川浦川", "A31a_103": "21", "A31a_104": "岐阜県", "A31a_105": 3 }, "geometry": { "type": "Polygon", "coordinates": [ [ [ 137.00118883, 35.493999656 ], [ 137.00118883, 35.493957656 ], [ 137.00118883, 35.493916656 ], [ 137.00118883, 35.493874656 ], [ 137.00112583, 35.493874656 ], [ 137.00112583, 35.493916656 ], [ 137.00112583, 35.493957656 ], [ 137.00106383, 35.493957656 ], [ 137.00106383, 35.493999656 ], [ 137.00106383, 35.494041656 ], [ 137.00112583, 35.494041656 ], [ 137.00112583, 35.493999656 ], [ 137.00118883, 35.493999656 ] ] ] } },
{ "type": "Feature", "properties": { "A31a_101": "8505090072", "A31a_102": "川浦川", "A31a_103": "21", "A31a_104": "岐阜県", "A31a_105": 3 }, "geometry": { "type": "Polygon", "coordinates": [ [ [ 136.997625825, 35.494166655 ], [ 136.997625825, 35.494124655 ], [ 136.997625825, 35.494082655 ], [ 136.997563825, 35.494082655 ], [ 136.997563825, 35.494041655 ], [ 136.997500825, 35.494041655 ], [ 136.997500825, 35.494082655 ], [ 136.997500825, 35.494124655 ], [ 136.997500825, 35.494166655 ], [ 136.997563825, 35.494166655 ], [ 136.997625825, 35.494166655 ] ] ] } },
{ "type": "Feature", "properties": { "A31a_101": "8505090072", "A31a_102": "川浦川", "A31a_103": "21", "A31a_104": "岐阜県", "A31a_105": 3 }, "geometry": { "type": "Polygon", "coordinates": [ [ [ 136.965000732, 35.484791651 ], [ 136.965000732, 35.484749651 ], [ 136.965000732, 35.484707651 ], [ 136.964938732, 35.484707651 ], [ 136.964938732, 35.484666651 ], [ 136.964938732, 35.484624651 ], [ 136.964875732, 35.484624651 ], [ 136.964875732, 35.484666651 ], [ 136.964875732, 35.484707651 ], [ 136.964875732, 35.484749651 ], [ 136.964938732, 35.484749651 ], [ 136.964938732, 35.484791651 ], [ 136.965000732, 35.484791651 ] ] ] } },
{ "type": "Feature", "properties": { "A31a_101": "8505090072", "A31a_102": "川浦川", "A31a_103": "21", "A31a_104": "岐阜県", "A31a_105": 3 }, "geometry": { "type": "Polygon", "coordinates": [ [ [ 137.036375925, 35.512624665 ], [ 137.036375925, 35.512582665 ], [ 137.036375924, 35.512541665 ], [ 137.036313924, 35.512541665 ], [ 137.036313924, 35.512499665 ], [ 137.036250924, 35.512499665 ], [ 137.036250924, 35.512541665 ], [ 137.036250925, 35.512582665 ], [ 137.036250925, 35.512624664 ], [ 137.036313925, 35.512624664 ], [ 137.036375925, 35.512624665 ] ] ] } },
{ "type": "Feature", "properties": { "A31a_101": "8505090072", "A31a_102": "川浦川", "A31a_103": "21", "A31a_104": "岐阜県", "A31a_105": 3 }, "geometry": { "type": "Polygon", "coordinates": [ [ [ 137.055813933, 35.521291669 ], [ 137.055813932, 35.521249669 ], [ 137.055750933, 35.521249669 ], [ 137.055688933, 35.521249669 ], [ 137.055625933, 35.521249669 ], [ 137.055625933, 35.521291669 ], [ 137.055625934, 35.521332669 ], [ 137.055688933, 35.521332669 ], [ 137.055750933, 35.521332669 ], [ 137.055750933, 35.521291669 ], [ 137.055813933, 35.521291669 ] ] ] } },
{ "type": "Feature", "properties": { "A31a_101": "8505090072", "A31a_102": "川浦川", "A31a_103": "21", "A31a_104": "岐阜県", "A31a_105": 3 }, "geometry": { "type": "Polygon", "coordinates": [ [ [ 136.998313828, 35.494707655 ], [ 136.998313828, 35.494666655 ], [ 136.998250828, 35.494666655 ], [ 136.998250828, 35.494624655 ], [ 136.998188828, 35.494624655 ], [ 136.998125827, 35.494624655 ], [ 136.998125828, 35.494666655 ], [ 136.998125828, 35.494707655 ], [ 136.998188828, 35.494707655 ], [ 136.998250828, 35.494707655 ], [ 136.998313828, 35.494707655 ] ] ] } },
{ "type": "Feature", "properties": { "A31a_101": "8505090072", "A31a_102": "川浦川", "A31a_103": "21", "A31a_104": "岐阜県", "A31a_105": 3 }, "geometry": { "type": "Polygon", "coordinates": [ [ [ 137.026313911, 35.509124661 ], [ 137.026313911, 35.509082661 ], [ 137.026313911, 35.509041661 ], [ 137.026313911, 35.508999662 ], [ 137.026313911, 35.508957662 ], [ 137.026250911, 35.508957662 ], [ 137.026250911, 35.508999661 ], [ 137.026250911, 35.509041661 ], [ 137.026250911, 35.509082661 ], [ 137.026250912, 35.509124661 ], [ 137.026313911, 35.509124661 ] ] ] } },
{ "type": "Feature", "properties": { "A31a_101": "8505090072", "A31a_102": "川浦川", "A31a_103": "21", "A31a_104": "岐阜県", "A31a_105": 3 }, "geometry": { "type": "Polygon", "coordinates": [ [ [ 137.056313934, 35.521874669 ], [ 137.056313934, 35.521832669 ], [ 137.056313934, 35.521791669 ], [ 137.056250934, 35.521791669 ], [ 137.056250934, 35.521832669 ], [ 137.056188935, 35.521832669 ], [ 137.056125935, 35.521832669 ], [ 137.056125935, 35.521874669 ], [ 137.056188935, 35.521874669 ], [ 137.056250935, 35.521874669 ], [ 137.056313934, 35.521874669 ] ] ] } },
{ "type": "Feature", "properties": { "A31a_101": "8505090072", "A31a_102": "川浦川", "A31a_103": "21", "A31a_104": "岐阜県", "A31a_105": 3 }, "geometry": { "type": "Polygon", "coordinates": [ [ [ 137.046250921, 35.514749669 ], [ 137.046250921, 35.514707669 ], [ 137.046188921, 35.514707669 ], [ 137.04618892, 35.514666669 ], [ 137.046125921, 35.514666669 ], [ 137.04612592, 35.514624669 ], [ 137.04606392, 35.514624669 ], [ 137.04606392, 35.514582669 ], [ 137.04600092, 35.514582669 ], [ 137.046000921, 35.514624669 ], [ 137.04606392, 35.514624669 ], [ 137.046063921, 35.514666669 ], [ 137.046125921, 35.514666669 ], [ 137.046125921, 35.514707669 ], [ 137.046188921, 35.514707669 ], [ 137.046188921, 35.514749669 ], [ 137.046250921, 35.514749669 ] ] ] } },
{ "type": "Feature", "properties": { "A31a_101": "8505090072", "A31a_102": "川浦川", "A31a_103": "21", "A31a_104": "岐阜県", "A31a_105": 3 }, "geometry": { "type": "Polygon", "coordinates": [ [ [ 136.997938826, 35.494374655 ], [ 136.997938826, 35.494332655 ], [ 136.997875826, 35.494332655 ], [ 136.997875826, 35.494291655 ], [ 136.997875826, 35.494249655 ], [ 136.997813826, 35.494249655 ], [ 136.997813826, 35.494291655 ], [ 136.997813826, 35.494332655 ], [ 136.997813826, 35.494374655 ], [ 136.997875826, 35.494374655 ], [ 136.997938826, 35.494374655 ] ] ] } },
{ "type": "Feature", "properties": { "A31a_101": "8505090072", "A31a_102": "川浦川", "A31a_103": "21", "A31a_104": "岐阜県", "A31a_105": 3 }, "geometry": { "type": "Polygon", "coordinates": [ [ [ 136.997313823, 35.493624655 ], [ 136.997313823, 35.493582655 ], [ 136.997250823, 35.493582655 ], [ 136.997188823, 35.493582655 ], [ 136.997188823, 35.493624655 ], [ 136.997188823, 35.493666655 ], [ 136.997188823, 35.493707655 ], [ 136.997250823, 35.493707655 ], [ 136.997250823, 35.493666655 ], [ 136.997250823, 35.493624655 ], [ 136.997313823, 35.493624655 ] ] ] } },
{ "type": "Feature", "properties": { "A31a_101": "8505090072", "A31a_102": "川浦川", "A31a_103": "21", "A31a_104": "岐阜県", "A31a_105": 3 }, "geometry": { "type": "Polygon", "coordinates": [ [ [ 137.054875936, 35.521291669 ], [ 137.054875936, 35.521249669 ], [ 137.054813936, 35.521249669 ], [ 137.054750936, 35.521249669 ], [ 137.054688936, 35.521249668 ], [ 137.054688937, 35.521291668 ], [ 137.054688937, 35.521332668 ], [ 137.054750937, 35.521332668 ], [ 137.054750936, 35.521291668 ], [ 137.054813936, 35.521291669 ], [ 137.054875936, 35.521291669 ] ] ] } },
{ "type": "Feature", "properties": { "A31a_101": "8505090072", "A31a_102": "川浦川", "A31a_103": "21", "A31a_104": "岐阜県", "A31a_105": 3 }, "geometry": { "type": "Polygon", "coordinates": [ [ [ 136.992813812, 35.492707654 ], [ 136.992813812, 35.492666654 ], [ 136.992750812, 35.492666654 ], [ 136.992750812, 35.492624654 ], [ 136.992688812, 35.492624654 ], [ 136.992688812, 35.492582654 ], [ 136.992625811, 35.492582654 ], [ 136.992625811, 35.492541654 ], [ 136.992563811, 35.492541654 ], [ 136.992563811, 35.492582654 ], [ 136.992625811, 35.492582654 ], [ 136.992625812, 35.492624654 ], [ 136.992688812, 35.492624654 ], [ 136.992688812, 35.492666654 ], [ 136.992750812, 35.492666654 ], [ 136.992750812, 35.492707654 ], [ 136.992813812, 35.492707654 ] ] ] } },
{ "type": "Feature", "properties": { "A31a_101": "8505090072", "A31a_102": "川浦川", "A31a_103": "21", "A31a_104": "岐阜県", "A31a_105": 3 }, "geometry": { "type": "Polygon", "coordinates": [ [ [ 137.045750924, 35.515082669 ], [ 137.045750923, 35.515041669 ], [ 137.045750923, 35.514999669 ], [ 137.045688923, 35.514999669 ], [ 137.045625923, 35.514999669 ], [ 137.045625924, 35.515041669 ], [ 137.045625924, 35.515082668 ], [ 137.045688924, 35.515082668 ], [ 137.045750924, 35.515082669 ] ] ] } },
{ "type": "Feature", "properties": { "A31a_101": "8505090072", "A31a_102": "川浦川", "A31a_103": "21", "A31a_104": "岐阜県", "A31a_105": 3 }, "geometry": { "type": "Polygon", "coordinates": [ [ [ 137.002250828, 35.493124656 ], [ 137.002250828, 35.493082656 ], [ 137.002250828, 35.493041656 ], [ 137.002250828, 35.492999656 ], [ 137.002250828, 35.492957656 ], [ 137.002188828, 35.492957656 ], [ 137.002188828, 35.492999656 ], [ 137.002188828, 35.493041656 ], [ 137.002188828, 35.493082656 ], [ 137.002188828, 35.493124656 ], [ 137.002250828, 35.493124656 ] ] ] } },
{ "type": "Feature", "properties": { "A31a_101": "8505090072", "A31a_102": "川浦川", "A31a_103": "21", "A31a_104": "岐阜県", "A31a_105": 3 }, "geometry": { "type": "Polygon", "coordinates": [ [ [ 136.998563829, 35.494791655 ], [ 136.998563829, 35.494749655 ], [ 136.998563829, 35.494707655 ], [ 136.998500828, 35.494707655 ], [ 136.998438828, 35.494707655 ], [ 136.998438828, 35.494749655 ], [ 136.998500829, 35.494749655 ], [ 136.998500829, 35.494791655 ], [ 136.998563829, 35.494791655 ] ] ] } },
{ "type": "Feature", "properties": { "A31a_101": "8505090072", "A31a_102": "川浦川", "A31a_103": "21", "A31a_104": "岐阜県", "A31a_105": 3 }, "geometry": { "type": "Polygon", "coordinates": [ [ [ 136.965313733, 35.48437465 ], [ 136.965313733, 35.48433265 ], [ 136.965250733, 35.48433265 ], [ 136.965188733, 35.48433265 ], [ 136.965125733, 35.48433265 ], [ 136.965125733, 35.48437465 ], [ 136.965188733, 35.48437465 ], [ 136.965250733, 35.48437465 ], [ 136.965313733, 35.48437465 ] ] ] } },
{ "type": "Feature", "properties": { "A31a_101": "8505090072", "A31a_102": "川浦川", "A31a_103": "21", "A31a_104": "岐阜県", "A31a_105": 3 }, "geometry": { "type": "Polygon", "coordinates": [ [ [ 136.991938808, 35.491791654 ], [ 136.991938808, 35.491749654 ], [ 136.991938808, 35.491707654 ], [ 136.991938808, 35.491666654 ], [ 136.991875808, 35.491666654 ], [ 136.991875808, 35.491707654 ], [ 136.991875808, 35.491749654 ], [ 136.991875808, 35.491791654 ], [ 136.991938808, 35.491791654 ] ] ] } },
{ "type": "Feature", "properties": { "A31a_101": "8505090072", "A31a_102": "川浦川", "A31a_103": "21", "A31a_104": "岐阜県", "A31a_105": 3 }, "geometry": { "type": "Polygon", "coordinates": [ [ [ 136.965063733, 35.485166651 ], [ 136.965063733, 35.485124651 ], [ 136.965063733, 35.485082651 ], [ 136.965063733, 35.485041651 ], [ 136.965000733, 35.485041651 ], [ 136.965000733, 35.485082651 ], [ 136.965000733, 35.485124651 ], [ 136.965000733, 35.485166651 ], [ 136.965063733, 35.485166651 ] ] ] } },
{ "type": "Feature", "properties": { "A31a_101": "8505090072", "A31a_102": "川浦川", "A31a_103": "21", "A31a_104": "岐阜県", "A31a_105": 3 }, "geometry": { "type": "Polygon", "coordinates": [ [ [ 137.04525092, 35.514291669 ], [ 137.04525092, 35.514249669 ], [ 137.04518892, 35.514249669 ], [ 137.04512592, 35.514249669 ], [ 137.04512592, 35.514207669 ], [ 137.04506392, 35.514207669 ], [ 137.04506392, 35.514249669 ], [ 137.04512592, 35.514249669 ], [ 137.04512592, 35.514291669 ], [ 137.04518892, 35.514291669 ], [ 137.04525092, 35.514291669 ] ] ] } },
{ "type": "Feature", "properties": { "A31a_101": "8505090072", "A31a_102": "川浦川", "A31a_103": "21", "A31a_104": "岐阜県", "A31a_105": 3 }, "geometry": { "type": "Polygon", "coordinates": [ [ [ 137.045500925, 35.515249668 ], [ 137.045500925, 35.515207668 ], [ 137.045438925, 35.515207668 ], [ 137.045375925, 35.515207668 ], [ 137.045313925, 35.515207668 ], [ 137.045313925, 35.515249668 ], [ 137.045375925, 35.515249668 ], [ 137.045438925, 35.515249668 ], [ 137.045500925, 35.515249668 ] ] ] } },
{ "type": "Feature", "properties": { "A31a_101": "8505090072", "A31a_102": "川浦川", "A31a_103": "21", "A31a_104": "岐阜県", "A31a_105": 3 }, "geometry": { "type": "Polygon", "coordinates": [ [ [ 137.031375913, 35.510082664 ], [ 137.031375913, 35.510041664 ], [ 137.031313913, 35.510041664 ], [ 137.031313913, 35.509999664 ], [ 137.031313913, 35.509957664 ], [ 137.031250913, 35.509957664 ], [ 137.031250913, 35.509999664 ], [ 137.031250913, 35.510041664 ], [ 137.031313913, 35.510041664 ], [ 137.031313913, 35.510082664 ], [ 137.031375913, 35.510082664 ] ] ] } },
{ "type": "Feature", "properties": { "A31a_101": "8505090072", "A31a_102": "川浦川", "A31a_103": "21", "A31a_104": "岐阜県", "A31a_105": 3 }, "geometry": { "type": "Polygon", "coordinates": [ [ [ 137.048875947, 35.520041665 ], [ 137.048875947, 35.519999665 ], [ 137.048813947, 35.519999665 ], [ 137.048750947, 35.519999665 ], [ 137.048750947, 35.520041665 ], [ 137.048750948, 35.520082665 ], [ 137.048813948, 35.520082665 ], [ 137.048813947, 35.520041665 ], [ 137.048875947, 35.520041665 ] ] ] } },
{ "type": "Feature", "properties": { "A31a_101": "8505090072", "A31a_102": "川浦川", "A31a_103": "21", "A31a_104": "岐阜県", "A31a_105": 3 }, "geometry": { "type": "Polygon", "coordinates": [ [ [ 137.062813938, 35.526582668 ], [ 137.062813937, 35.526541668 ], [ 137.062813937, 35.526499668 ], [ 137.062750937, 35.526499668 ], [ 137.062750937, 35.526457668 ], [ 137.062688937, 35.526457668 ], [ 137.062688938, 35.526499668 ], [ 137.062750937, 35.526499668 ], [ 137.062750938, 35.526541668 ], [ 137.062750938, 35.526582668 ], [ 137.062813938, 35.526582668 ] ] ] } },
{ "type": "Feature", "properties": { "A31a_101": "8505090072", "A31a_102": "川浦川", "A31a_103": "21", "A31a_104": "岐阜県", "A31a_105": 3 }, "geometry": { "type": "Polygon", "coordinates": [ [ [ 137.031750915, 35.510416664 ], [ 137.031750915, 35.510374664 ], [ 137.031688915, 35.510374664 ], [ 137.031688915, 35.510332664 ], [ 137.031625915, 35.510332664 ], [ 137.031625914, 35.510291664 ], [ 137.031563914, 35.510291664 ], [ 137.031563915, 35.510332664 ], [ 137.031625915, 35.510332664 ], [ 137.031625915, 35.510374664 ], [ 137.031688915, 35.510374664 ], [ 137.031688915, 35.510416664 ], [ 137.031750915, 35.510416664 ] ] ] } },
{ "type": "Feature", "properties": { "A31a_101": "8505090072", "A31a_102": "川浦川", "A31a_103": "21", "A31a_104": "岐阜県", "A31a_105": 3 }, "geometry": { "type": "Polygon", "coordinates": [ [ [ 137.045750926, 35.515457668 ], [ 137.045750925, 35.515416668 ], [ 137.045688926, 35.515416668 ], [ 137.045625926, 35.515416668 ], [ 137.045625926, 35.515457668 ], [ 137.045625926, 35.515499668 ], [ 137.045688926, 35.515499668 ], [ 137.045688926, 35.515457668 ], [ 137.045750926, 35.515457668 ] ] ] } },
{ "type": "Feature", "properties": { "A31a_101": "8505090072", "A31a_102": "川浦川", "A31a_103": "21", "A31a_104": "岐阜県", "A31a_105": 3 }, "geometry": { "type": "Polygon", "coordinates": [ [ [ 137.053313943, 35.521582667 ], [ 137.053313943, 35.521541667 ], [ 137.053313943, 35.521499667 ], [ 137.053250943, 35.521499667 ], [ 137.053250943, 35.521541667 ], [ 137.053188943, 35.521541667 ], [ 137.053188943, 35.521582667 ], [ 137.053250943, 35.521582667 ], [ 137.053313943, 35.521582667 ] ] ] } },
{ "type": "Feature", "properties": { "A31a_101": "8505090072", "A31a_102": "川浦川", "A31a_103": "21", "A31a_104": "岐阜県", "A31a_105": 3 }, "geometry": { "type": "Polygon", "coordinates": [ [ [ 137.031000911, 35.509666664 ], [ 137.031000911, 35.509624664 ], [ 137.031000911, 35.509582664 ], [ 137.031000911, 35.509541664 ], [ 137.030938911, 35.509541664 ], [ 137.030938911, 35.509582664 ], [ 137.030938911, 35.509624664 ], [ 137.030938911, 35.509666664 ], [ 137.031000911, 35.509666664 ] ] ] } },
{ "type": "Feature", "properties": { "A31a_101": "8505090072", "A31a_102": "川浦川", "A31a_103": "21", "A31a_104": "岐阜県", "A31a_105": 3 }, "geometry": { "type": "Polygon", "coordinates": [ [ [ 136.997875826, 35.494166655 ], [ 136.997875826, 35.494124655 ], [ 136.997875825, 35.494082655 ], [ 136.997875825, 35.494041655 ], [ 136.997813825, 35.494041655 ], [ 136.997813825, 35.494082655 ], [ 136.997813825, 35.494124655 ], [ 136.997813826, 35.494166655 ], [ 136.997875826, 35.494166655 ] ] ] } },
{ "type": "Feature", "properties": { "A31a_101": "8505090072", "A31a_102": "川浦川", "A31a_103": "21", "A31a_104": "岐阜県", "A31a_105": 3 }, "geometry": { "type": "Polygon", "coordinates": [ [ [ 137.055375935, 35.521457669 ], [ 137.055375935, 35.521416669 ], [ 137.055375935, 35.521374669 ], [ 137.055375934, 35.521332669 ], [ 137.055313935, 35.521332669 ], [ 137.055313935, 35.521374669 ], [ 137.055313935, 35.521416669 ], [ 137.055313935, 35.521457669 ], [ 137.055375935, 35.521457669 ] ] ] } },
{ "type": "Feature", "properties": { "A31a_101": "8505090072", "A31a_102": "川浦川", "A31a_103": "21", "A31a_104": "岐阜県", "A31a_105": 3 }, "geometry": { "type": "Polygon", "coordinates": [ [ [ 136.997938827, 35.494582655 ], [ 136.997938827, 35.494541655 ], [ 136.997875827, 35.494541655 ], [ 136.997875827, 35.494499655 ], [ 136.997813827, 35.494499655 ], [ 136.997813827, 35.494541655 ], [ 136.997813827, 35.494582655 ], [ 136.997875827, 35.494582655 ], [ 136.997938827, 35.494582655 ] ] ] } },
{ "type": "Feature", "properties": { "A31a_101": "8505090072", "A31a_102": "川浦川", "A31a_103": "21", "A31a_104": "岐阜県", "A31a_105": 3 }, "geometry": { "type": "Polygon", "coordinates": [ [ [ 137.017313889, 35.505457659 ], [ 137.017313889, 35.505416659 ], [ 137.017250889, 35.505416659 ], [ 137.017188889, 35.505416659 ], [ 137.017125889, 35.505416659 ], [ 137.017125889, 35.505457659 ], [ 137.017188889, 35.505457659 ], [ 137.017250889, 35.505457659 ], [ 137.017313889, 35.505457659 ] ] ] } },
{ "type": "Feature", "properties": { "A31a_101": "8505090072", "A31a_102": "川浦川", "A31a_103": "21", "A31a_104": "岐阜県", "A31a_105": 3 }, "geometry": { "type": "Polygon", "coordinates": [ [ [ 137.046813942, 35.518582665 ], [ 137.046813942, 35.518541665 ], [ 137.046750942, 35.518541665 ], [ 137.046688942, 35.518541665 ], [ 137.046625942, 35.518541665 ], [ 137.046625942, 35.518582665 ], [ 137.046688942, 35.518582665 ], [ 137.046750942, 35.518582665 ], [ 137.046813942, 35.518582665 ] ] ] } },
{ "type": "Feature", "properties": { "A31a_101": "8505090072", "A31a_102": "川浦川", "A31a_103": "21", "A31a_104": "岐阜県", "A31a_105": 3 }, "geometry": { "type": "Polygon", "coordinates": [ [ [ 137.026813911, 35.509166662 ], [ 137.026813911, 35.509124662 ], [ 137.026813911, 35.509082662 ], [ 137.026750911, 35.509082662 ], [ 137.026750911, 35.509124662 ], [ 137.026750911, 35.509166662 ], [ 137.026813911, 35.509166662 ] ] ] } },
{ "type": "Feature", "properties": { "A31a_101": "8505090072", "A31a_102": "川浦川", "A31a_103": "21", "A31a_104": "岐阜県", "A31a_105": 3 }, "geometry": { "type": "Polygon", "coordinates": [ [ [ 137.046563936, 35.517416666 ], [ 137.046563935, 35.517374666 ], [ 137.046563935, 35.517332666 ], [ 137.046500935, 35.517332666 ], [ 137.046500935, 35.517374666 ], [ 137.046500936, 35.517416666 ], [ 137.046563936, 35.517416666 ] ] ] } },
{ "type": "Feature", "properties": { "A31a_101": "8505090072", "A31a_102": "川浦川", "A31a_103": "21", "A31a_104": "岐阜県", "A31a_105": 3 }, "geometry": { "type": "Polygon", "coordinates": [ [ [ 137.053813938, 35.521041668 ], [ 137.053813938, 35.520999668 ], [ 137.053813938, 35.520957668 ], [ 137.053750938, 35.520957668 ], [ 137.053750938, 35.520999668 ], [ 137.053750938, 35.521041668 ], [ 137.053813938, 35.521041668 ] ] ] } },
{ "type": "Feature", "properties": { "A31a_101": "8505090072", "A31a_102": "川浦川", "A31a_103": "21", "A31a_104": "岐阜県", "A31a_105": 3 }, "geometry": { "type": "Polygon", "coordinates": [ [ [ 137.002813827, 35.492666657 ], [ 137.002813827, 35.492624657 ], [ 137.002750827, 35.492624657 ], [ 137.002750827, 35.492582657 ], [ 137.002688827, 35.492582657 ], [ 137.002688827, 35.492624657 ], [ 137.002750827, 35.492624657 ], [ 137.002750827, 35.492666657 ], [ 137.002813827, 35.492666657 ] ] ] } },
{ "type": "Feature", "properties": { "A31a_101": "8505090072", "A31a_102": "川浦川", "A31a_103": "21", "A31a_104": "岐阜県", "A31a_105": 3 }, "geometry": { "type": "Polygon", "coordinates": [ [ [ 137.003188829, 35.493166657 ], [ 137.003188829, 35.493124657 ], [ 137.003125829, 35.493124657 ], [ 137.003063829, 35.493124657 ], [ 137.003063829, 35.493166657 ], [ 137.003125829, 35.493166657 ], [ 137.003188829, 35.493166657 ] ] ] } },
{ "type": "Feature", "properties": { "A31a_101": "8505090072", "A31a_102": "川浦川", "A31a_103": "21", "A31a_104": "岐阜県", "A31a_105": 3 }, "geometry": { "type": "Polygon", "coordinates": [ [ [ 137.007938839, 35.494916658 ], [ 137.007938839, 35.494874658 ], [ 137.007875839, 35.494874658 ], [ 137.007875839, 35.494832658 ], [ 137.007813839, 35.494832658 ], [ 137.007813839, 35.494874658 ], [ 137.007875839, 35.494874658 ], [ 137.007875839, 35.494916658 ], [ 137.007938839, 35.494916658 ] ] ] } },
{ "type": "Feature", "properties": { "A31a_101": "8505090072", "A31a_102": "川浦川", "A31a_103": "21", "A31a_104": "岐阜県", "A31a_105": 3 }, "geometry": { "type": "Polygon", "coordinates": [ [ [ 137.01750089, 35.505499659 ], [ 137.017500889, 35.505457659 ], [ 137.017438889, 35.505457659 ], [ 137.017375889, 35.505457659 ], [ 137.017375889, 35.505499659 ], [ 137.01743889, 35.505499659 ], [ 137.01750089, 35.505499659 ] ] ] } },
{ "type": "Feature", "properties": { "A31a_101": "8505090072", "A31a_102": "川浦川", "A31a_103": "21", "A31a_104": "岐阜県", "A31a_105": 3 }, "geometry": { "type": "Polygon", "coordinates": [ [ [ 137.01781389, 35.505541659 ], [ 137.01781389, 35.505499659 ], [ 137.01775089, 35.505499659 ], [ 137.01768889, 35.505499659 ], [ 137.01768889, 35.505541659 ], [ 137.01775089, 35.505541659 ], [ 137.01781389, 35.505541659 ] ] ] } },
{ "type": "Feature", "properties": { "A31a_101": "8505090072", "A31a_102": "川浦川", "A31a_103": "21", "A31a_104": "岐阜県", "A31a_105": 3 }, "geometry": { "type": "Polygon", "coordinates": [ [ [ 137.019375892, 35.50574966 ], [ 137.019375892, 35.50570766 ], [ 137.019313892, 35.50570766 ], [ 137.019250892, 35.50570766 ], [ 137.019250892, 35.50574966 ], [ 137.019313892, 35.50574966 ], [ 137.019375892, 35.50574966 ] ] ] } },
{ "type": "Feature", "properties": { "A31a_101": "8505090072", "A31a_102": "川浦川", "A31a_103": "21", "A31a_104": "岐阜県", "A31a_105": 3 }, "geometry": { "type": "Polygon", "coordinates": [ [ [ 136.998188825, 35.493791655 ], [ 136.998188825, 35.493749655 ], [ 136.998125825, 35.493749655 ], [ 136.998063825, 35.493749655 ], [ 136.998063825, 35.493791655 ], [ 136.998125825, 35.493791655 ], [ 136.998188825, 35.493791655 ] ] ] } },
{ "type": "Feature", "properties": { "A31a_101": "8505090072", "A31a_102": "川浦川", "A31a_103": "21", "A31a_104": "岐阜県", "A31a_105": 3 }, "geometry": { "type": "Polygon", "coordinates": [ [ [ 137.000500825, 35.492541656 ], [ 137.000500825, 35.492499656 ], [ 137.000438825, 35.492499656 ], [ 137.000375825, 35.492499656 ], [ 137.000375825, 35.492541656 ], [ 137.000438825, 35.492541656 ], [ 137.000500825, 35.492541656 ] ] ] } },
{ "type": "Feature", "properties": { "A31a_101": "8505090072", "A31a_102": "川浦川", "A31a_103": "21", "A31a_104": "岐阜県", "A31a_105": 3 }, "geometry": { "type": "Polygon", "coordinates": [ [ [ 137.034188918, 35.511291665 ], [ 137.034188918, 35.511249665 ], [ 137.034125918, 35.511249665 ], [ 137.034063918, 35.511249665 ], [ 137.034063919, 35.511291664 ], [ 137.034125918, 35.511291665 ], [ 137.034188918, 35.511291665 ] ] ] } },
{ "type": "Feature", "properties": { "A31a_101": "8505090072", "A31a_102": "川浦川", "A31a_103": "21", "A31a_104": "岐阜県", "A31a_105": 3 }, "geometry": { "type": "Polygon", "coordinates": [ [ [ 137.037500924, 35.512541665 ], [ 137.037500924, 35.512499665 ], [ 137.037438924, 35.512499665 ], [ 137.037375924, 35.512499665 ], [ 137.037375924, 35.512541665 ], [ 137.037438924, 35.512541665 ], [ 137.037500924, 35.512541665 ] ] ] } },
{ "type": "Feature", "properties": { "A31a_101": "8505090072", "A31a_102": "川浦川", "A31a_103": "21", "A31a_104": "岐阜県", "A31a_105": 3 }, "geometry": { "type": "Polygon", "coordinates": [ [ [ 136.998063829, 35.495166655 ], [ 136.998063829, 35.495124655 ], [ 136.998000829, 35.495124655 ], [ 136.997938829, 35.495124655 ], [ 136.997938829, 35.495166655 ], [ 136.998000829, 35.495166655 ], [ 136.998063829, 35.495166655 ] ] ] } },
{ "type": "Feature", "properties": { "A31a_101": "8505090072", "A31a_102": "川浦川", "A31a_103": "21", "A31a_104": "岐阜県", "A31a_105": 3 }, "geometry": { "type": "Polygon", "coordinates": [ [ [ 137.002000828, 35.492916656 ], [ 137.002000827, 35.492874656 ], [ 137.001938827, 35.492874656 ], [ 137.001875827, 35.492874656 ], [ 137.001875827, 35.492916656 ], [ 137.001938827, 35.492916656 ], [ 137.002000828, 35.492916656 ] ] ] } },
{ "type": "Feature", "properties": { "A31a_101": "8505090072", "A31a_102": "川浦川", "A31a_103": "21", "A31a_104": "岐阜県", "A31a_105": 3 }, "geometry": { "type": "Polygon", "coordinates": [ [ [ 137.047125942, 35.518624666 ], [ 137.047125942, 35.518582666 ], [ 137.047063942, 35.518582666 ], [ 137.047000942, 35.518582666 ], [ 137.047000942, 35.518624665 ], [ 137.047063942, 35.518624666 ], [ 137.047125942, 35.518624666 ] ] ] } },
{ "type": "Feature", "properties": { "A31a_101": "8505090072", "A31a_102": "川浦川", "A31a_103": "21", "A31a_104": "岐阜県", "A31a_105": 3 }, "geometry": { "type": "Polygon", "coordinates": [ [ [ 137.015438888, 35.505457658 ], [ 137.015438888, 35.505416658 ], [ 137.015438888, 35.505374658 ], [ 137.015375887, 35.505374658 ], [ 137.015375888, 35.505416658 ], [ 137.015375888, 35.505457658 ], [ 137.015438888, 35.505457658 ] ] ] } },
{ "type": "Feature", "properties": { "A31a_101": "8505090072", "A31a_102": "川浦川", "A31a_103": "21", "A31a_104": "岐阜県", "A31a_105": 3 }, "geometry": { "type": "Polygon", "coordinates": [ [ [ 137.046313925, 35.515499668 ], [ 137.046313925, 35.515457668 ], [ 137.046313924, 35.515416669 ], [ 137.046250925, 35.515416668 ], [ 137.046250925, 35.515457668 ], [ 137.046250925, 35.515499668 ], [ 137.046313925, 35.515499668 ] ] ] } },
{ "type": "Feature", "properties": { "A31a_101": "8505090072", "A31a_102": "川浦川", "A31a_103": "21", "A31a_104": "岐阜県", "A31a_105": 3 }, "geometry": { "type": "Polygon", "coordinates": [ [ [ 136.998688829, 35.494707655 ], [ 136.998688829, 35.494666655 ], [ 136.998688829, 35.494624655 ], [ 136.998625828, 35.494624655 ], [ 136.998625829, 35.494666655 ], [ 136.998625829, 35.494707655 ], [ 136.998688829, 35.494707655 ] ] ] } },
{ "type": "Feature", "properties": { "A31a_101": "8505090072", "A31a_102": "川浦川", "A31a_103": "21", "A31a_104": "岐阜県", "A31a_105": 3 }, "geometry": { "type": "Polygon", "coordinates": [ [ [ 137.047688944, 35.519082665 ], [ 137.047688943, 35.519041666 ], [ 137.047688943, 35.518999666 ], [ 137.047625943, 35.518999666 ], [ 137.047625943, 35.519041665 ], [ 137.047625944, 35.519082665 ], [ 137.047688944, 35.519082665 ] ] ] } },
{ "type": "Feature", "properties": { "A31a_101": "8505090072", "A31a_102": "川浦川", "A31a_103": "21", "A31a_104": "岐阜県", "A31a_105": 3 }, "geometry": { "type": "Polygon", "coordinates": [ [ [ 136.998188827, 35.494582655 ], [ 136.998188827, 35.494541655 ], [ 136.998188827, 35.494499655 ], [ 136.998125827, 35.494499655 ], [ 136.998125827, 35.494541655 ], [ 136.998125827, 35.494582655 ], [ 136.998188827, 35.494582655 ] ] ] } },
{ "type": "Feature", "properties": { "A31a_101": "8505090072", "A31a_102": "川浦川", "A31a_103": "21", "A31a_104": "岐阜県", "A31a_105": 3 }, "geometry": { "type": "Polygon", "coordinates": [ [ [ 136.997000824, 35.494166655 ], [ 136.997000824, 35.494124655 ], [ 136.997000824, 35.494082655 ], [ 136.996938824, 35.494082655 ], [ 136.996938824, 35.494124655 ], [ 136.996938824, 35.494166655 ], [ 136.997000824, 35.494166655 ] ] ] } },
{ "type": "Feature", "properties": { "A31a_101": "8505090072", "A31a_102": "川浦川", "A31a_103": "21", "A31a_104": "岐阜県", "A31a_105": 3 }, "geometry": { "type": "Polygon", "coordinates": [ [ [ 137.031500914, 35.510207664 ], [ 137.031500914, 35.510166664 ], [ 137.031438914, 35.510166664 ], [ 137.031438914, 35.510124664 ], [ 137.031375914, 35.510124664 ], [ 137.031375914, 35.510166664 ], [ 137.031438914, 35.510166664 ], [ 137.031438914, 35.510207664 ], [ 137.031500914, 35.510207664 ] ] ] } },
{ "type": "Feature", "properties": { "A31a_101": "8505090072", "A31a_102": "川浦川", "A31a_103": "21", "A31a_104": "岐阜県", "A31a_105": 3 }, "geometry": { "type": "Polygon", "coordinates": [ [ [ 137.03250092, 35.511457663 ], [ 137.03250092, 35.511416663 ], [ 137.03243892, 35.511416663 ], [ 137.03243892, 35.511374663 ], [ 137.03237592, 35.511374663 ], [ 137.03237592, 35.511416663 ], [ 137.03243892, 35.511416663 ], [ 137.03243892, 35.511457663 ], [ 137.03250092, 35.511457663 ] ] ] } },
{ "type": "Feature", "properties": { "A31a_101": "8505090072", "A31a_102": "川浦川", "A31a_103": "21", "A31a_104": "岐阜県", "A31a_105": 3 }, "geometry": { "type": "Polygon", "coordinates": [ [ [ 136.97137575, 35.484957648 ], [ 136.97137575, 35.484916648 ], [ 136.97131375, 35.484916648 ], [ 136.97131375, 35.484874648 ], [ 136.97125075, 35.484874648 ], [ 136.97125075, 35.484916648 ], [ 136.97131375, 35.484916648 ], [ 136.97131375, 35.484957648 ], [ 136.97137575, 35.484957648 ] ] ] } },
{ "type": "Feature", "properties": { "A31a_101": "8505090072", "A31a_102": "川浦川", "A31a_103": "21", "A31a_104": "岐阜県", "A31a_105": 3 }, "geometry": { "type": "Polygon", "coordinates": [ [ [ 137.049375943, 35.519457666 ], [ 137.049375943, 35.519416666 ], [ 137.049313943, 35.519416666 ], [ 137.049313942, 35.519374666 ], [ 137.049250943, 35.519374666 ], [ 137.049250943, 35.519416666 ], [ 137.049313943, 35.519416666 ], [ 137.049313943, 35.519457666 ], [ 137.049375943, 35.519457666 ] ] ] } },
{ "type": "Feature", "properties": { "A31a_101": "8505090072", "A31a_102": "川浦川", "A31a_103": "21", "A31a_104": "岐阜県", "A31a_105": 3 }, "geometry": { "type": "Polygon", "coordinates": [ [ [ 136.999000828, 35.494374655 ], [ 136.999000828, 35.494332655 ], [ 136.998938828, 35.494332655 ], [ 136.998938828, 35.494291655 ], [ 136.998875828, 35.494291655 ], [ 136.998875828, 35.494332655 ], [ 136.998938828, 35.494332655 ], [ 136.998938828, 35.494374655 ], [ 136.999000828, 35.494374655 ] ] ] } },
{ "type": "Feature", "properties": { "A31a_101": "8505090072", "A31a_102": "川浦川", "A31a_103": "21", "A31a_104": "岐阜県", "A31a_105": 3 }, "geometry": { "type": "Polygon", "coordinates": [ [ [ 136.998875829, 35.494499655 ], [ 136.998875828, 35.494457655 ], [ 136.998813828, 35.494457655 ], [ 136.998813828, 35.494416655 ], [ 136.998750828, 35.494416655 ], [ 136.998750828, 35.494457655 ], [ 136.998813828, 35.494457655 ], [ 136.998813828, 35.494499655 ], [ 136.998875829, 35.494499655 ] ] ] } },
{ "type": "Feature", "properties": { "A31a_101": "8505090072", "A31a_102": "川浦川", "A31a_103": "21", "A31a_104": "岐阜県", "A31a_105": 3 }, "geometry": { "type": "Polygon", "coordinates": [ [ [ 137.062500937, 35.526249668 ], [ 137.062500937, 35.526207668 ], [ 137.062438937, 35.526207668 ], [ 137.062438937, 35.526166668 ], [ 137.062375937, 35.526166668 ], [ 137.062375937, 35.526207668 ], [ 137.062438937, 35.526207668 ], [ 137.062438937, 35.526249668 ], [ 137.062500937, 35.526249668 ] ] ] } },
{ "type": "Feature", "properties": { "A31a_101": "8505090072", "A31a_102": "川浦川", "A31a_103": "21", "A31a_104": "岐阜県", "A31a_105": 3 }, "geometry": { "type": "Polygon", "coordinates": [ [ [ 137.00825084, 35.495082658 ], [ 137.00825084, 35.495041658 ], [ 137.00825084, 35.494999658 ], [ 137.00818884, 35.494999658 ], [ 137.00818884, 35.495041658 ], [ 137.00818884, 35.495082658 ], [ 137.00825084, 35.495082658 ] ] ] } },
{ "type": "Feature", "properties": { "A31a_101": "8505090072", "A31a_102": "川浦川", "A31a_103": "21", "A31a_104": "岐阜県", "A31a_105": 3 }, "geometry": { "type": "Polygon", "coordinates": [ [ [ 137.046500936, 35.517499666 ], [ 137.046500936, 35.517457666 ], [ 137.046500936, 35.517416666 ], [ 137.046438936, 35.517416666 ], [ 137.046438936, 35.517457666 ], [ 137.046438936, 35.517499666 ], [ 137.046500936, 35.517499666 ] ] ] } },
{ "type": "Feature", "properties": { "A31a_101": "8505090072", "A31a_102": "川浦川", "A31a_103": "21", "A31a_104": "岐阜県", "A31a_105": 3 }, "geometry": { "type": "Polygon", "coordinates": [ [ [ 136.997938829, 35.495207655 ], [ 136.997938829, 35.495166655 ], [ 136.997875829, 35.495166655 ], [ 136.997813828, 35.495166655 ], [ 136.997813829, 35.495207655 ], [ 136.997875829, 35.495207655 ], [ 136.997938829, 35.495207655 ] ] ] } },
{ "type": "Feature", "properties": { "A31a_101": "8505090072", "A31a_102": "川浦川", "A31a_103": "21", "A31a_104": "岐阜県", "A31a_105": 3 }, "geometry": { "type": "Polygon", "coordinates": [ [ [ 136.965438733, 35.48420765 ], [ 136.965438733, 35.48416665 ], [ 136.965375733, 35.48416665 ], [ 136.965313733, 35.48416665 ], [ 136.965313733, 35.48420765 ], [ 136.965375733, 35.48420765 ], [ 136.965438733, 35.48420765 ] ] ] } },
{ "type": "Feature", "properties": { "A31a_101": "8505090072", "A31a_102": "川浦川", "A31a_103": "21", "A31a_104": "岐阜県", "A31a_105": 3 }, "geometry": { "type": "Polygon", "coordinates": [ [ [ 137.037625925, 35.512832665 ], [ 137.037625925, 35.512791665 ], [ 137.037563925, 35.512791665 ], [ 137.037500925, 35.512791665 ], [ 137.037500925, 35.512832665 ], [ 137.037563925, 35.512832665 ], [ 137.037625925, 35.512832665 ] ] ] } },
{ "type": "Feature", "properties": { "A31a_101": "8505090072", "A31a_102": "川浦川", "A31a_103": "21", "A31a_104": "岐阜県", "A31a_105": 3 }, "geometry": { "type": "Polygon", "coordinates": [ [ [ 137.037750924, 35.512582665 ], [ 137.037750923, 35.512541665 ], [ 137.037688924, 35.512541665 ], [ 137.037625924, 35.512541665 ], [ 137.037625924, 35.512582665 ], [ 137.037688924, 35.512582665 ], [ 137.037750924, 35.512582665 ] ] ] } },
{ "type": "Feature", "properties": { "A31a_101": "8505090072", "A31a_102": "川浦川", "A31a_103": "21", "A31a_104": "岐阜県", "A31a_105": 3 }, "geometry": { "type": "Polygon", "coordinates": [ [ [ 136.992188808, 35.491707654 ], [ 136.992188808, 35.491666654 ], [ 136.992125808, 35.491666654 ], [ 136.992063808, 35.491666654 ], [ 136.992063808, 35.491707654 ], [ 136.992125808, 35.491707654 ], [ 136.992188808, 35.491707654 ] ] ] } },
{ "type": "Feature", "properties": { "A31a_101": "8505090072", "A31a_102": "川浦川", "A31a_103": "21", "A31a_104": "岐阜県", "A31a_105": 3 }, "geometry": { "type": "Polygon", "coordinates": [ [ [ 137.045000923, 35.514832668 ], [ 137.045000923, 35.514791668 ], [ 137.044938923, 35.514791668 ], [ 137.044875923, 35.514791668 ], [ 137.044875924, 35.514832668 ], [ 137.044938924, 35.514832668 ], [ 137.045000923, 35.514832668 ] ] ] } },
{ "type": "Feature", "properties": { "A31a_101": "8505090072", "A31a_102": "川浦川", "A31a_103": "21", "A31a_104": "岐阜県", "A31a_105": 3 }, "geometry": { "type": "Polygon", "coordinates": [ [ [ 137.031063911, 35.509541664 ], [ 137.031063911, 35.509499664 ], [ 137.031000911, 35.509499664 ], [ 137.031000911, 35.509541664 ], [ 137.031063911, 35.509541664 ] ] ] } },
{ "type": "Feature", "properties": { "A31a_101": "8505090072", "A31a_102": "川浦川", "A31a_103": "21", "A31a_104": "岐阜県", "A31a_105": 3 }, "geometry": { "type": "Polygon", "coordinates": [ [ [ 137.031063912, 35.509749664 ], [ 137.031063912, 35.509707664 ], [ 137.031000912, 35.509707664 ], [ 137.031000912, 35.509749664 ], [ 137.031063912, 35.509749664 ] ] ] } },
{ "type": "Feature", "properties": { "A31a_101": "8505090072", "A31a_102": "川浦川", "A31a_103": "21", "A31a_104": "岐阜県", "A31a_105": 3 }, "geometry": { "type": "Polygon", "coordinates": [ [ [ 137.031563913, 35.509999664 ], [ 137.031563913, 35.509957664 ], [ 137.031500913, 35.509957664 ], [ 137.031500913, 35.509999664 ], [ 137.031563913, 35.509999664 ] ] ] } },
{ "type": "Feature", "properties": { "A31a_101": "8505090072", "A31a_102": "川浦川", "A31a_103": "21", "A31a_104": "岐阜県", "A31a_105": 3 }, "geometry": { "type": "Polygon", "coordinates": [ [ [ 137.03231392, 35.511374663 ], [ 137.03231392, 35.511332663 ], [ 137.03225092, 35.511332663 ], [ 137.03225092, 35.511374663 ], [ 137.03231392, 35.511374663 ] ] ] } },
{ "type": "Feature", "properties": { "A31a_101": "8505090072", "A31a_102": "川浦川", "A31a_103": "21", "A31a_104": "岐阜県", "A31a_105": 3 }, "geometry": { "type": "Polygon", "coordinates": [ [ [ 137.002438829, 35.493124657 ], [ 137.002438828, 35.493082657 ], [ 137.002375828, 35.493082657 ], [ 137.002375828, 35.493124657 ], [ 137.002438829, 35.493124657 ] ] ] } },
{ "type": "Feature", "properties": { "A31a_101": "8505090072", "A31a_102": "川浦川", "A31a_103": "21", "A31a_104": "岐阜県", "A31a_105": 3 }, "geometry": { "type": "Polygon", "coordinates": [ [ [ 137.03506392, 35.511624665 ], [ 137.03506392, 35.511582665 ], [ 137.03500092, 35.511582665 ], [ 137.03500092, 35.511624665 ], [ 137.03506392, 35.511624665 ] ] ] } },
{ "type": "Feature", "properties": { "A31a_101": "8505090072", "A31a_102": "川浦川", "A31a_103": "21", "A31a_104": "岐阜県", "A31a_105": 3 }, "geometry": { "type": "Polygon", "coordinates": [ [ [ 137.035313919, 35.511499665 ], [ 137.035313919, 35.511457665 ], [ 137.035250919, 35.511457665 ], [ 137.035250919, 35.511499665 ], [ 137.035313919, 35.511499665 ] ] ] } },
{ "type": "Feature", "properties": { "A31a_101": "8505090072", "A31a_102": "川浦川", "A31a_103": "21", "A31a_104": "岐阜県", "A31a_105": 3 }, "geometry": { "type": "Polygon", "coordinates": [ [ [ 137.036438924, 35.512541665 ], [ 137.036438924, 35.512499665 ], [ 137.036375924, 35.512499665 ], [ 137.036375924, 35.512541665 ], [ 137.036438924, 35.512541665 ] ] ] } },
{ "type": "Feature", "properties": { "A31a_101": "8505090072", "A31a_102": "川浦川", "A31a_103": "21", "A31a_104": "岐阜県", "A31a_105": 3 }, "geometry": { "type": "Polygon", "coordinates": [ [ [ 137.036688925, 35.512624665 ], [ 137.036688924, 35.512582665 ], [ 137.036625924, 35.512582665 ], [ 137.036625925, 35.512624665 ], [ 137.036688925, 35.512624665 ] ] ] } },
{ "type": "Feature", "properties": { "A31a_101": "8505090072", "A31a_102": "川浦川", "A31a_103": "21", "A31a_104": "岐阜県", "A31a_105": 3 }, "geometry": { "type": "Polygon", "coordinates": [ [ [ 137.042313921, 35.513499668 ], [ 137.04231392, 35.513457668 ], [ 137.042250921, 35.513457668 ], [ 137.042250921, 35.513499668 ], [ 137.042313921, 35.513499668 ] ] ] } },
{ "type": "Feature", "properties": { "A31a_101": "8505090072", "A31a_102": "川浦川", "A31a_103": "21", "A31a_104": "岐阜県", "A31a_105": 3 }, "geometry": { "type": "Polygon", "coordinates": [ [ [ 137.042563922, 35.513749668 ], [ 137.042563921, 35.513707668 ], [ 137.042500922, 35.513707668 ], [ 137.042500922, 35.513749668 ], [ 137.042563922, 35.513749668 ] ] ] } },
{ "type": "Feature", "properties": { "A31a_101": "8505090072", "A31a_102": "川浦川", "A31a_103": "21", "A31a_104": "岐阜県", "A31a_105": 3 }, "geometry": { "type": "Polygon", "coordinates": [ [ [ 137.02543891, 35.508624661 ], [ 137.025438909, 35.508582661 ], [ 137.025375909, 35.508582661 ], [ 137.02537591, 35.508624661 ], [ 137.02543891, 35.508624661 ] ] ] } },
{ "type": "Feature", "properties": { "A31a_101": "8505090072", "A31a_102": "川浦川", "A31a_103": "21", "A31a_104": "岐阜県", "A31a_105": 3 }, "geometry": { "type": "Polygon", "coordinates": [ [ [ 136.997063826, 35.494791655 ], [ 136.997063826, 35.494749655 ], [ 136.997000826, 35.494749655 ], [ 136.997000826, 35.494791655 ], [ 136.997063826, 35.494791655 ] ] ] } },
{ "type": "Feature", "properties": { "A31a_101": "8505090072", "A31a_102": "川浦川", "A31a_103": "21", "A31a_104": "岐阜県", "A31a_105": 3 }, "geometry": { "type": "Polygon", "coordinates": [ [ [ 136.997938825, 35.493916655 ], [ 136.997938825, 35.493874655 ], [ 136.997875825, 35.493874655 ], [ 136.997875825, 35.493916655 ], [ 136.997938825, 35.493916655 ] ] ] } },
{ "type": "Feature", "properties": { "A31a_101": "8505090072", "A31a_102": "川浦川", "A31a_103": "21", "A31a_104": "岐阜県", "A31a_105": 3 }, "geometry": { "type": "Polygon", "coordinates": [ [ [ 136.999438825, 35.492999655 ], [ 136.999438825, 35.492957655 ], [ 136.999375825, 35.492957655 ], [ 136.999375825, 35.492999655 ], [ 136.999438825, 35.492999655 ] ] ] } },
{ "type": "Feature", "properties": { "A31a_101": "8505090072", "A31a_102": "川浦川", "A31a_103": "21", "A31a_104": "岐阜県", "A31a_105": 3 }, "geometry": { "type": "Polygon", "coordinates": [ [ [ 137.04568892, 35.514416669 ], [ 137.04568892, 35.514374669 ], [ 137.04562592, 35.514374669 ], [ 137.04562592, 35.514416669 ], [ 137.04568892, 35.514416669 ] ] ] } },
{ "type": "Feature", "properties": { "A31a_101": "8505090072", "A31a_102": "川浦川", "A31a_103": "21", "A31a_104": "岐阜県", "A31a_105": 3 }, "geometry": { "type": "Polygon", "coordinates": [ [ [ 137.000063825, 35.492666656 ], [ 137.000063825, 35.492624656 ], [ 137.000000825, 35.492624656 ], [ 137.000000825, 35.492666656 ], [ 137.000063825, 35.492666656 ] ] ] } },
{ "type": "Feature", "properties": { "A31a_101": "8505090072", "A31a_102": "川浦川", "A31a_103": "21", "A31a_104": "岐阜県", "A31a_105": 3 }, "geometry": { "type": "Polygon", "coordinates": [ [ [ 137.04593892, 35.514499669 ], [ 137.04593892, 35.514457669 ], [ 137.04587592, 35.514457669 ], [ 137.04587592, 35.514499669 ], [ 137.04593892, 35.514499669 ] ] ] } },
{ "type": "Feature", "properties": { "A31a_101": "8505090072", "A31a_102": "川浦川", "A31a_103": "21", "A31a_104": "岐阜県", "A31a_105": 3 }, "geometry": { "type": "Polygon", "coordinates": [ [ [ 137.003563827, 35.492541657 ], [ 137.003563827, 35.492499657 ], [ 137.003500827, 35.492499657 ], [ 137.003500827, 35.492541657 ], [ 137.003563827, 35.492541657 ] ] ] } },
{ "type": "Feature", "properties": { "A31a_101": "8505090072", "A31a_102": "川浦川", "A31a_103": "21", "A31a_104": "岐阜県", "A31a_105": 3 }, "geometry": { "type": "Polygon", "coordinates": [ [ [ 137.025563904, 35.507541662 ], [ 137.025563904, 35.507499662 ], [ 137.025500904, 35.507499662 ], [ 137.025500904, 35.507541662 ], [ 137.025563904, 35.507541662 ] ] ] } },
{ "type": "Feature", "properties": { "A31a_101": "8505090072", "A31a_102": "川浦川", "A31a_103": "21", "A31a_104": "岐阜県", "A31a_105": 3 }, "geometry": { "type": "Polygon", "coordinates": [ [ [ 137.046938942, 35.518624665 ], [ 137.046938942, 35.518582665 ], [ 137.046875942, 35.518582665 ], [ 137.046875942, 35.518624665 ], [ 137.046938942, 35.518624665 ] ] ] } },
{ "type": "Feature", "properties": { "A31a_101": "8505090072", "A31a_102": "川浦川", "A31a_103": "21", "A31a_104": "岐阜県", "A31a_105": 3 }, "geometry": { "type": "Polygon", "coordinates": [ [ [ 137.00806384, 35.494999658 ], [ 137.00806384, 35.494957658 ], [ 137.00800084, 35.494957658 ], [ 137.00800084, 35.494999658 ], [ 137.00806384, 35.494999658 ] ] ] } },
{ "type": "Feature", "properties": { "A31a_101": "8505090072", "A31a_102": "川浦川", "A31a_103": "21", "A31a_104": "岐阜県", "A31a_105": 3 }, "geometry": { "type": "Polygon", "coordinates": [ [ [ 137.047188926, 35.515874669 ], [ 137.047188925, 35.515832669 ], [ 137.047125925, 35.515832669 ], [ 137.047125926, 35.515874669 ], [ 137.047188926, 35.515874669 ] ] ] } },
{ "type": "Feature", "properties": { "A31a_101": "8505090072", "A31a_102": "川浦川", "A31a_103": "21", "A31a_104": "岐阜県", "A31a_105": 3 }, "geometry": { "type": "Polygon", "coordinates": [ [ [ 137.04718893, 35.516666668 ], [ 137.04718893, 35.516624668 ], [ 137.04712593, 35.516624668 ], [ 137.04712593, 35.516666668 ], [ 137.04718893, 35.516666668 ] ] ] } },
{ "type": "Feature", "properties": { "A31a_101": "8505090072", "A31a_102": "川浦川", "A31a_103": "21", "A31a_104": "岐阜県", "A31a_105": 3 }, "geometry": { "type": "Polygon", "coordinates": [ [ [ 137.001938829, 35.493374656 ], [ 137.001938829, 35.493332656 ], [ 137.001875829, 35.493332656 ], [ 137.001875829, 35.493374656 ], [ 137.001938829, 35.493374656 ] ] ] } },
{ "type": "Feature", "properties": { "A31a_101": "8505090072", "A31a_102": "川浦川", "A31a_103": "21", "A31a_104": "岐阜県", "A31a_105": 3 }, "geometry": { "type": "Polygon", "coordinates": [ [ [ 136.996938826, 35.494999655 ], [ 136.996938826, 35.494957655 ], [ 136.996875826, 35.494957655 ], [ 136.996875826, 35.494999655 ], [ 136.996938826, 35.494999655 ] ] ] } },
{ "type": "Feature", "properties": { "A31a_101": "8505090072", "A31a_102": "川浦川", "A31a_103": "21", "A31a_104": "岐阜県", "A31a_105": 3 }, "geometry": { "type": "Polygon", "coordinates": [ [ [ 136.964813732, 35.484666651 ], [ 136.964813732, 35.484624651 ], [ 136.964750732, 35.484624651 ], [ 136.964750732, 35.484666651 ], [ 136.964813732, 35.484666651 ] ] ] } },
{ "type": "Feature", "properties": { "A31a_101": "8505090072", "A31a_102": "川浦川", "A31a_103": "21", "A31a_104": "岐阜県", "A31a_105": 3 }, "geometry": { "type": "Polygon", "coordinates": [ [ [ 137.049688944, 35.519749666 ], [ 137.049688944, 35.519707666 ], [ 137.049625944, 35.519707666 ], [ 137.049625944, 35.519749666 ], [ 137.049688944, 35.519749666 ] ] ] } },
{ "type": "Feature", "properties": { "A31a_101": "8505090072", "A31a_102": "川浦川", "A31a_103": "21", "A31a_104": "岐阜県", "A31a_105": 3 }, "geometry": { "type": "Polygon", "coordinates": [ [ [ 137.051938952, 35.522291665 ], [ 137.051938952, 35.522249665 ], [ 137.051875952, 35.522249665 ], [ 137.051875952, 35.522291665 ], [ 137.051938952, 35.522291665 ] ] ] } },
{ "type": "Feature", "properties": { "A31a_101": "8505090072", "A31a_102": "川浦川", "A31a_103": "21", "A31a_104": "岐阜県", "A31a_105": 3 }, "geometry": { "type": "Polygon", "coordinates": [ [ [ 137.052563947, 35.521791666 ], [ 137.052563947, 35.521749666 ], [ 137.052500947, 35.521749666 ], [ 137.052500947, 35.521791666 ], [ 137.052563947, 35.521791666 ] ] ] } },
{ "type": "Feature", "properties": { "A31a_101": "8505090072", "A31a_102": "川浦川", "A31a_103": "21", "A31a_104": "岐阜県", "A31a_105": 3 }, "geometry": { "type": "Polygon", "coordinates": [ [ [ 137.052688946, 35.521749666 ], [ 137.052688946, 35.521707666 ], [ 137.052625946, 35.521707666 ], [ 137.052625946, 35.521749666 ], [ 137.052688946, 35.521749666 ] ] ] } },
{ "type": "Feature", "properties": { "A31a_101": "8505090072", "A31a_102": "川浦川", "A31a_103": "21", "A31a_104": "岐阜県", "A31a_105": 3 }, "geometry": { "type": "Polygon", "coordinates": [ [ [ 137.053188944, 35.521624667 ], [ 137.053188943, 35.521582667 ], [ 137.053125944, 35.521582667 ], [ 137.053125944, 35.521624667 ], [ 137.053188944, 35.521624667 ] ] ] } },
{ "type": "Feature", "properties": { "A31a_101": "8505090072", "A31a_102": "川浦川", "A31a_103": "21", "A31a_104": "岐阜県", "A31a_105": 3 }, "geometry": { "type": "Polygon", "coordinates": [ [ [ 137.054563933, 35.520666669 ], [ 137.054563933, 35.520624669 ], [ 137.054500933, 35.520624669 ], [ 137.054500934, 35.520666669 ], [ 137.054563933, 35.520666669 ] ] ] } },
{ "type": "Feature", "properties": { "A31a_101": "8505090072", "A31a_102": "川浦川", "A31a_103": "21", "A31a_104": "岐阜県", "A31a_105": 3 }, "geometry": { "type": "Polygon", "coordinates": [ [ [ 137.054813932, 35.520624669 ], [ 137.054813932, 35.520582669 ], [ 137.054750932, 35.520582669 ], [ 137.054750932, 35.520624669 ], [ 137.054813932, 35.520624669 ] ] ] } },
{ "type": "Feature", "properties": { "A31a_101": "8505090072", "A31a_102": "川浦川", "A31a_103": "21", "A31a_104": "岐阜県", "A31a_105": 3 }, "geometry": { "type": "Polygon", "coordinates": [ [ [ 136.995563822, 35.494374655 ], [ 136.995563822, 35.494332655 ], [ 136.995500822, 35.494332655 ], [ 136.995500822, 35.494374655 ], [ 136.995563822, 35.494374655 ] ] ] } },
{ "type": "Feature", "properties": { "A31a_101": "8505090072", "A31a_102": "川浦川", "A31a_103": "21", "A31a_104": "岐阜県", "A31a_105": 3 }, "geometry": { "type": "Polygon", "coordinates": [ [ [ 137.054938933, 35.520874669 ], [ 137.054938933, 35.520832669 ], [ 137.054875933, 35.520832669 ], [ 137.054875933, 35.520874669 ], [ 137.054938933, 35.520874669 ] ] ] } },
{ "type": "Feature", "properties": { "A31a_101": "8505090072", "A31a_102": "川浦川", "A31a_103": "21", "A31a_104": "岐阜県", "A31a_105": 3 }, "geometry": { "type": "Polygon", "coordinates": [ [ [ 137.055438936, 35.521666669 ], [ 137.055438936, 35.521624669 ], [ 137.055375936, 35.521624669 ], [ 137.055375936, 35.521666669 ], [ 137.055438936, 35.521666669 ] ] ] } },
{ "type": "Feature", "properties": { "A31a_101": "8505090072", "A31a_102": "川浦川", "A31a_103": "21", "A31a_104": "岐阜県", "A31a_105": 3 }, "geometry": { "type": "Polygon", "coordinates": [ [ [ 136.999813825, 35.492791656 ], [ 136.999813825, 35.492749656 ], [ 136.999750825, 35.492749656 ], [ 136.999750825, 35.492791656 ], [ 136.999813825, 35.492791656 ] ] ] } },
{ "type": "Feature", "properties": { "A31a_101": "8505090072", "A31a_102": "川浦川", "A31a_103": "21", "A31a_104": "岐阜県", "A31a_105": 3 }, "geometry": { "type": "Polygon", "coordinates": [ [ [ 137.032250919, 35.511291663 ], [ 137.032250919, 35.511249663 ], [ 137.032188919, 35.511249663 ], [ 137.032188919, 35.511291663 ], [ 137.032250919, 35.511291663 ] ] ] } },
{ "type": "Feature", "properties": { "A31a_101": "8505090072", "A31a_102": "川浦川", "A31a_103": "21", "A31a_104": "岐阜県", "A31a_105": 3 }, "geometry": { "type": "Polygon", "coordinates": [ [ [ 137.003125828, 35.492916657 ], [ 137.003125828, 35.492874657 ], [ 137.003063828, 35.492874657 ], [ 137.003063828, 35.492916657 ], [ 137.003125828, 35.492916657 ] ] ] } },
{ "type": "Feature", "properties": { "A31a_101": "8505090072", "A31a_102": "川浦川", "A31a_103": "21", "A31a_104": "岐阜県", "A31a_105": 3 }, "geometry": { "type": "Polygon", "coordinates": [ [ [ 137.002250827, 35.492749656 ], [ 137.002250827, 35.492707656 ], [ 137.002188827, 35.492707656 ], [ 137.002188827, 35.492749656 ], [ 137.002250827, 35.492749656 ] ] ] } },
{ "type": "Feature", "properties": { "A31a_101": "8505090072", "A31a_102": "川浦川", "A31a_103": "21", "A31a_104": "岐阜県", "A31a_105": 3 }, "geometry": { "type": "Polygon", "coordinates": [ [ [ 136.998750828, 35.494541655 ], [ 136.998750828, 35.494499655 ], [ 136.998688828, 35.494499655 ], [ 136.998688828, 35.494541655 ], [ 136.998750828, 35.494541655 ] ] ] } },
{ "type": "Feature", "properties": { "A31a_101": "8505090072", "A31a_102": "川浦川", "A31a_103": "21", "A31a_104": "岐阜県", "A31a_105": 3 }, "geometry": { "type": "Polygon", "coordinates": [ [ [ 137.002500828, 35.492916657 ], [ 137.002500828, 35.492874657 ], [ 137.002438828, 35.492874657 ], [ 137.002438828, 35.492916657 ], [ 137.002500828, 35.492916657 ] ] ] } },
{ "type": "Feature", "properties": { "A31a_101": "8505090072", "A31a_102": "川浦川", "A31a_103": "21", "A31a_104": "岐阜県", "A31a_105": 3 }, "geometry": { "type": "Polygon", "coordinates": [ [ [ 136.964750732, 35.484541651 ], [ 136.964750732, 35.48449965 ], [ 136.964688731, 35.484499651 ], [ 136.964688731, 35.484541651 ], [ 136.964750732, 35.484541651 ] ] ] } },
{ "type": "Feature", "properties": { "A31a_101": "8505090072", "A31a_102": "川浦川", "A31a_103": "21", "A31a_104": "岐阜県", "A31a_105": 3 }, "geometry": { "type": "Polygon", "coordinates": [ [ [ 137.00850084, 35.495041659 ], [ 137.00850084, 35.494999659 ], [ 137.00843884, 35.494999659 ], [ 137.00843884, 35.495041659 ], [ 137.00850084, 35.495041659 ] ] ] } },
{ "type": "Feature", "properties": { "A31a_101": "8505090072", "A31a_102": "川浦川", "A31a_103": "21", "A31a_104": "岐阜県", "A31a_105": 3 }, "geometry": { "type": "Polygon", "coordinates": [ [ [ 137.002625827, 35.492666657 ], [ 137.002625827, 35.492624657 ], [ 137.002563827, 35.492624657 ], [ 137.002563827, 35.492666657 ], [ 137.002625827, 35.492666657 ] ] ] } },
{ "type": "Feature", "properties": { "A31a_101": "8505090072", "A31a_102": "川浦川", "A31a_103": "21", "A31a_104": "岐阜県", "A31a_105": 3 }, "geometry": { "type": "Polygon", "coordinates": [ [ [ 137.046875924, 35.515499669 ], [ 137.046875924, 35.515457669 ], [ 137.046813924, 35.515457669 ], [ 137.046813924, 35.515499669 ], [ 137.046875924, 35.515499669 ] ] ] } },
{ "type": "Feature", "properties": { "A31a_101": "8505090072", "A31a_102": "川浦川", "A31a_103": "21", "A31a_104": "岐阜県", "A31a_105": 3 }, "geometry": { "type": "Polygon", "coordinates": [ [ [ 137.026875911, 35.509041662 ], [ 137.02687591, 35.508999662 ], [ 137.026813911, 35.508999662 ], [ 137.026813911, 35.509041662 ], [ 137.026875911, 35.509041662 ] ] ] } },
{ "type": "Feature", "properties": { "A31a_101": "8505090072", "A31a_102": "川浦川", "A31a_103": "21", "A31a_104": "岐阜県", "A31a_105": 3 }, "geometry": { "type": "Polygon", "coordinates": [ [ [ 137.03112591, 35.509499664 ], [ 137.03112591, 35.509457664 ], [ 137.03106391, 35.509457664 ], [ 137.031063911, 35.509499664 ], [ 137.03112591, 35.509499664 ] ] ] } },
{ "type": "Feature", "properties": { "A31a_101": "8505090072", "A31a_102": "川浦川", "A31a_103": "21", "A31a_104": "岐阜県", "A31a_105": 3 }, "geometry": { "type": "Polygon", "coordinates": [ [ [ 136.998875828, 35.494374655 ], [ 136.998875828, 35.494332655 ], [ 136.998813828, 35.494332655 ], [ 136.998813828, 35.494374655 ], [ 136.998875828, 35.494374655 ] ] ] } },
{ "type": "Feature", "properties": { "A31a_101": "8505090072", "A31a_102": "川浦川", "A31a_103": "21", "A31a_104": "岐阜県", "A31a_105": 3 }, "geometry": { "type": "Polygon", "coordinates": [ [ [ 136.965125732, 35.48424965 ], [ 136.965125732, 35.48420765 ], [ 136.965063732, 35.48420765 ], [ 136.965063732, 35.48424965 ], [ 136.965125732, 35.48424965 ] ] ] } },
{ "type": "Feature", "properties": { "A31a_101": "8505090072", "A31a_102": "川浦川", "A31a_103": "21", "A31a_104": "岐阜県", "A31a_105": 3 }, "geometry": { "type": "Polygon", "coordinates": [ [ [ 137.015500888, 35.505541658 ], [ 137.015500888, 35.505499658 ], [ 137.015438888, 35.505499658 ], [ 137.015438888, 35.505541658 ], [ 137.015500888, 35.505541658 ] ] ] } },
{ "type": "Feature", "properties": { "A31a_101": "8505090072", "A31a_102": "川浦川", "A31a_103": "21", "A31a_104": "岐阜県", "A31a_105": 3 }, "geometry": { "type": "Polygon", "coordinates": [ [ [ 137.049625944, 35.519666666 ], [ 137.049625943, 35.519624666 ], [ 137.049563944, 35.519624666 ], [ 137.049563944, 35.519666666 ], [ 137.049625944, 35.519666666 ] ] ] } },
{ "type": "Feature", "properties": { "A31a_101": "8505090072", "A31a_102": "川浦川", "A31a_103": "21", "A31a_104": "岐阜県", "A31a_105": 3 }, "geometry": { "type": "Polygon", "coordinates": [ [ [ 137.025875905, 35.507791662 ], [ 137.025875905, 35.507749662 ], [ 137.025813905, 35.507749662 ], [ 137.025813905, 35.507791662 ], [ 137.025875905, 35.507791662 ] ] ] } },
{ "type": "Feature", "properties": { "A31a_101": "8505090072", "A31a_102": "川浦川", "A31a_103": "21", "A31a_104": "岐阜県", "A31a_105": 3 }, "geometry": { "type": "Polygon", "coordinates": [ [ [ 136.992000809, 35.492041654 ], [ 136.992000809, 35.491999654 ], [ 136.991938809, 35.491999654 ], [ 136.991938809, 35.492041654 ], [ 136.992000809, 35.492041654 ] ] ] } },
{ "type": "Feature", "properties": { "A31a_101": "8505090072", "A31a_102": "川浦川", "A31a_103": "21", "A31a_104": "岐阜県", "A31a_105": 3 }, "geometry": { "type": "Polygon", "coordinates": [ [ [ 137.025875907, 35.508249662 ], [ 137.025875907, 35.508207662 ], [ 137.025813907, 35.508207662 ], [ 137.025813907, 35.508249662 ], [ 137.025875907, 35.508249662 ] ] ] } },
{ "type": "Feature", "properties": { "A31a_101": "8505090072", "A31a_102": "川浦川", "A31a_103": "21", "A31a_104": "岐阜県", "A31a_105": 3 }, "geometry": { "type": "Polygon", "coordinates": [ [ [ 136.992000809, 35.491916654 ], [ 136.992000809, 35.491874654 ], [ 136.991938808, 35.491874654 ], [ 136.991938809, 35.491916654 ], [ 136.992000809, 35.491916654 ] ] ] } },
{ "type": "Feature", "properties": { "A31a_101": "8505090072", "A31a_102": "川浦川", "A31a_103": "21", "A31a_104": "岐阜県", "A31a_105": 3 }, "geometry": { "type": "Polygon", "coordinates": [ [ [ 136.971500751, 35.484999648 ], [ 136.971500751, 35.484957648 ], [ 136.971438751, 35.484957648 ], [ 136.971438751, 35.484999648 ], [ 136.971500751, 35.484999648 ] ] ] } },
{ "type": "Feature", "properties": { "A31a_101": "8505090072", "A31a_102": "川浦川", "A31a_103": "21", "A31a_104": "岐阜県", "A31a_105": 3 }, "geometry": { "type": "Polygon", "coordinates": [ [ [ 137.042875923, 35.513999668 ], [ 137.042875922, 35.513957668 ], [ 137.042813922, 35.513957668 ], [ 137.042813923, 35.513999668 ], [ 137.042875923, 35.513999668 ] ] ] } },
{ "type": "Feature", "properties": { "A31a_101": "8505090072", "A31a_102": "川浦川", "A31a_103": "21", "A31a_104": "岐阜県", "A31a_105": 3 }, "geometry": { "type": "Polygon", "coordinates": [ [ [ 136.995375821, 35.494166655 ], [ 136.995375821, 35.494124655 ], [ 136.995313821, 35.494124655 ], [ 136.995313821, 35.494166655 ], [ 136.995375821, 35.494166655 ] ] ] } },
{ "type": "Feature", "properties": { "A31a_101": "8505090072", "A31a_102": "川浦川", "A31a_103": "21", "A31a_104": "岐阜県", "A31a_105": 3 }, "geometry": { "type": "Polygon", "coordinates": [ [ [ 136.997125824, 35.493999655 ], [ 136.997125824, 35.493957655 ], [ 136.997063824, 35.493957655 ], [ 136.997063824, 35.493999655 ], [ 136.997125824, 35.493999655 ] ] ] } },
{ "type": "Feature", "properties": { "A31a_101": "8505090072", "A31a_102": "川浦川", "A31a_103": "21", "A31a_104": "岐阜県", "A31a_105": 3 }, "geometry": { "type": "Polygon", "coordinates": [ [ [ 137.001625827, 35.492874656 ], [ 137.001625827, 35.492832656 ], [ 137.001563827, 35.492832656 ], [ 137.001563827, 35.492874656 ], [ 137.001625827, 35.492874656 ] ] ] } },
{ "type": "Feature", "properties": { "A31a_101": "8505090072", "A31a_102": "川浦川", "A31a_103": "21", "A31a_104": "岐阜県", "A31a_105": 3 }, "geometry": { "type": "Polygon", "coordinates": [ [ [ 136.999875825, 35.492749656 ], [ 136.999875825, 35.492707656 ], [ 136.999813825, 35.492707656 ], [ 136.999813825, 35.492749656 ], [ 136.999875825, 35.492749656 ] ] ] } },
{ "type": "Feature", "properties": { "A31a_101": "8505090072", "A31a_102": "川浦川", "A31a_103": "21", "A31a_104": "岐阜県", "A31a_105": 3 }, "geometry": { "type": "Polygon", "coordinates": [ [ [ 137.055750936, 35.521874669 ], [ 137.055750936, 35.521832669 ], [ 137.055688936, 35.521832669 ], [ 137.055688936, 35.521874669 ], [ 137.055750936, 35.521874669 ] ] ] } },
{ "type": "Feature", "properties": { "A31a_101": "8505090072", "A31a_102": "川浦川", "A31a_103": "21", "A31a_104": "岐阜県", "A31a_105": 3 }, "geometry": { "type": "Polygon", "coordinates": [ [ [ 137.056750932, 35.521791669 ], [ 137.056750932, 35.521749669 ], [ 137.056688932, 35.521749669 ], [ 137.056688933, 35.521791669 ], [ 137.056750932, 35.521791669 ] ] ] } },
{ "type": "Feature", "properties": { "A31a_101": "8505090072", "A31a_102": "川浦川", "A31a_103": "21", "A31a_104": "岐阜県", "A31a_105": 3 }, "geometry": { "type": "Polygon", "coordinates": [ [ [ 137.056875932, 35.521791669 ], [ 137.056875932, 35.52174967 ], [ 137.056813932, 35.521749669 ], [ 137.056813932, 35.521791669 ], [ 137.056875932, 35.521791669 ] ] ] } },
{ "type": "Feature", "properties": { "A31a_101": "8505090072", "A31a_102": "川浦川", "A31a_103": "21", "A31a_104": "岐阜県", "A31a_105": 3 }, "geometry": { "type": "Polygon", "coordinates": [ [ [ 137.062125935, 35.525666668 ], [ 137.062125935, 35.525624668 ], [ 137.062063935, 35.525624668 ], [ 137.062063936, 35.525666668 ], [ 137.062125935, 35.525666668 ] ] ] } },
{ "type": "Feature", "properties": { "A31a_101": "8505090072", "A31a_102": "川浦川", "A31a_103": "21", "A31a_104": "岐阜県", "A31a_105": 3 }, "geometry": { "type": "Polygon", "coordinates": [ [ [ 137.062375937, 35.526124668 ], [ 137.062375937, 35.526082668 ], [ 137.062313937, 35.526082668 ], [ 137.062313937, 35.526124668 ], [ 137.062375937, 35.526124668 ] ] ] } },
{ "type": "Feature", "properties": { "A31a_101": "8505090072", "A31a_102": "川浦川", "A31a_103": "21", "A31a_104": "岐阜県", "A31a_105": 3 }, "geometry": { "type": "Polygon", "coordinates": [ [ [ 136.997625825, 35.494041655 ], [ 136.997625825, 35.493999655 ], [ 136.997563825, 35.493999655 ], [ 136.997563825, 35.494041655 ], [ 136.997625825, 35.494041655 ] ] ] } },
{ "type": "Feature", "properties": { "A31a_101": "8505090072", "A31a_102": "川浦川", "A31a_103": "21", "A31a_104": "岐阜県", "A31a_105": 3 }, "geometry": { "type": "Polygon", "coordinates": [ [ [ 136.996938825, 35.494582655 ], [ 136.996938825, 35.494541655 ], [ 136.996875825, 35.494541655 ], [ 136.996875825, 35.494582655 ], [ 136.996938825, 35.494582655 ] ] ] } },
{ "type": "Feature", "properties": { "A31a_101": "8505090072", "A31a_102": "川浦川", "A31a_103": "21", "A31a_104": "岐阜県", "A31a_105": 3 }, "geometry": { "type": "Polygon", "coordinates": [ [ [ 137.052813945, 35.521707667 ], [ 137.052813945, 35.521666667 ], [ 137.052750945, 35.521666667 ], [ 137.052750946, 35.521707666 ], [ 137.052813945, 35.521707667 ] ] ] } },
{ "type": "Feature", "properties": { "A31a_101": "8505090072", "A31a_102": "川浦川", "A31a_103": "21", "A31a_104": "岐阜県", "A31a_105": 3 }, "geometry": { "type": "Polygon", "coordinates": [ [ [ 137.036688923, 35.512332665 ], [ 137.036688923, 35.512291665 ], [ 137.036625923, 35.512291665 ], [ 137.036625923, 35.512332665 ], [ 137.036688923, 35.512332665 ] ] ] } },
{ "type": "Feature", "properties": { "A31a_101": "8505090072", "A31a_102": "川浦川", "A31a_103": "21", "A31a_104": "岐阜県", "A31a_105": 3 }, "geometry": { "type": "Polygon", "coordinates": [ [ [ 137.002438828, 35.492832657 ], [ 137.002438827, 35.492791657 ], [ 137.002375827, 35.492791657 ], [ 137.002375828, 35.492832657 ], [ 137.002438828, 35.492832657 ] ] ] } },
{ "type": "Feature", "properties": { "A31a_101": "8505090072", "A31a_102": "川浦川", "A31a_103": "21", "A31a_104": "岐阜県", "A31a_105": 3 }, "geometry": { "type": "Polygon", "coordinates": [ [ [ 137.047938942, 35.518832666 ], [ 137.047938941, 35.518791666 ], [ 137.047875942, 35.518791666 ], [ 137.047875942, 35.518832666 ], [ 137.047938942, 35.518832666 ] ] ] } },
{ "type": "Feature", "properties": { "A31a_101": "8505090072", "A31a_102": "川浦川", "A31a_103": "21", "A31a_104": "岐阜県", "A31a_105": 3 }, "geometry": { "type": "Polygon", "coordinates": [ [ [ 137.054688933, 35.520707669 ], [ 137.054688933, 35.520666669 ], [ 137.054625933, 35.520666669 ], [ 137.054625933, 35.520707669 ], [ 137.054688933, 35.520707669 ] ] ] } },
{ "type": "Feature", "properties": { "A31a_101": "8505090072", "A31a_102": "川浦川", "A31a_103": "21", "A31a_104": "岐阜県", "A31a_105": 3 }, "geometry": { "type": "Polygon", "coordinates": [ [ [ 137.008313841, 35.495207658 ], [ 137.008313841, 35.495166658 ], [ 137.008250841, 35.495166658 ], [ 137.008250841, 35.495207658 ], [ 137.008313841, 35.495207658 ] ] ] } },
{ "type": "Feature", "properties": { "A31a_101": "8505090072", "A31a_102": "川浦川", "A31a_103": "21", "A31a_104": "岐阜県", "A31a_105": 3 }, "geometry": { "type": "Polygon", "coordinates": [ [ [ 137.04581392, 35.514457669 ], [ 137.04581392, 35.514416669 ], [ 137.04575092, 35.514416669 ], [ 137.04575092, 35.514457669 ], [ 137.04581392, 35.514457669 ] ] ] } },
{ "type": "Feature", "properties": { "A31a_101": "8505090072", "A31a_102": "川浦川", "A31a_103": "21", "A31a_104": "岐阜県", "A31a_105": 3 }, "geometry": { "type": "Polygon", "coordinates": [ [ [ 137.042938923, 35.514082668 ], [ 137.042938923, 35.514041668 ], [ 137.042875923, 35.514041668 ], [ 137.042875923, 35.514082668 ], [ 137.042938923, 35.514082668 ] ] ] } },
{ "type": "Feature", "properties": { "A31a_101": "8505090072", "A31a_102": "川浦川", "A31a_103": "21", "A31a_104": "岐阜県", "A31a_105": 3 }, "geometry": { "type": "Polygon", "coordinates": [ [ [ 137.055063933, 35.520832669 ], [ 137.055063932, 35.520791669 ], [ 137.055000933, 35.520791669 ], [ 137.055000933, 35.520832669 ], [ 137.055063933, 35.520832669 ] ] ] } },
{ "type": "Feature", "properties": { "A31a_101": "8505090072", "A31a_102": "川浦川", "A31a_103": "21", "A31a_104": "岐阜県", "A31a_105": 3 }, "geometry": { "type": "Polygon", "coordinates": [ [ [ 137.03293892, 35.511457664 ], [ 137.03293892, 35.511416664 ], [ 137.03287592, 35.511416664 ], [ 137.03287592, 35.511457664 ], [ 137.03293892, 35.511457664 ] ] ] } },
{ "type": "Feature", "properties": { "A31a_101": "8505090072", "A31a_102": "川浦川", "A31a_103": "21", "A31a_104": "岐阜県", "A31a_105": 3 }, "geometry": { "type": "Polygon", "coordinates": [ [ [ 136.998688828, 35.494582655 ], [ 136.998688828, 35.494541655 ], [ 136.998625828, 35.494541655 ], [ 136.998625828, 35.494582655 ], [ 136.998688828, 35.494582655 ] ] ] } },
{ "type": "Feature", "properties": { "A31a_101": "8505090072", "A31a_102": "川浦川", "A31a_103": "21", "A31a_104": "岐阜県", "A31a_105": 3 }, "geometry": { "type": "Polygon", "coordinates": [ [ [ 137.055688932, 35.521082669 ], [ 137.055688932, 35.521041669 ], [ 137.055625932, 35.521041669 ], [ 137.055625932, 35.521082669 ], [ 137.055688932, 35.521082669 ] ] ] } },
{ "type": "Feature", "properties": { "A31a_101": "8505090072", "A31a_102": "川浦川", "A31a_103": "21", "A31a_104": "岐阜県", "A31a_105": 3 }, "geometry": { "type": "Polygon", "coordinates": [ [ [ 136.998063825, 35.493832655 ], [ 136.998063825, 35.493791655 ], [ 136.998000825, 35.493791655 ], [ 136.998000825, 35.493832655 ], [ 136.998063825, 35.493832655 ] ] ] } },
{ "type": "Feature", "properties": { "A31a_101": "8505090072", "A31a_102": "川浦川", "A31a_103": "21", "A31a_104": "岐阜県", "A31a_105": 3 }, "geometry": { "type": "Polygon", "coordinates": [ [ [ 137.003313827, 35.492582657 ], [ 137.003313827, 35.492541657 ], [ 137.003250827, 35.492541657 ], [ 137.003250827, 35.492582657 ], [ 137.003313827, 35.492582657 ] ] ] } },
{ "type": "Feature", "properties": { "A31a_101": "8505090072", "A31a_102": "川浦川", "A31a_103": "21", "A31a_104": "岐阜県", "A31a_105": 3 }, "geometry": { "type": "Polygon", "coordinates": [ [ [ 136.998438825, 35.493582655 ], [ 136.998438825, 35.493541655 ], [ 136.998375825, 35.493541655 ], [ 136.998375825, 35.493582655 ], [ 136.998438825, 35.493582655 ] ] ] } },
{ "type": "Feature", "properties": { "A31a_101": "8505090072", "A31a_102": "川浦川", "A31a_103": "21", "A31a_104": "岐阜県", "A31a_105": 3 }, "geometry": { "type": "Polygon", "coordinates": [ [ [ 137.032063917, 35.510832664 ], [ 137.032063917, 35.510791664 ], [ 137.032000917, 35.510791664 ], [ 137.032000917, 35.510832664 ], [ 137.032063917, 35.510832664 ] ] ] } },
{ "type": "Feature", "properties": { "A31a_101": "8505090072", "A31a_102": "川浦川", "A31a_103": "21", "A31a_104": "岐阜県", "A31a_105": 3 }, "geometry": { "type": "Polygon", "coordinates": [ [ [ 137.028375902, 35.507457664 ], [ 137.028375902, 35.507416664 ], [ 137.028313902, 35.507416664 ], [ 137.028313902, 35.507457664 ], [ 137.028375902, 35.507457664 ] ] ] } },
{ "type": "Feature", "properties": { "A31a_101": "8505090072", "A31a_102": "川浦川", "A31a_103": "21", "A31a_104": "岐阜県", "A31a_105": 3 }, "geometry": { "type": "Polygon", "coordinates": [ [ [ 137.000250825, 35.492582656 ], [ 137.000250825, 35.492541656 ], [ 137.000188825, 35.492541656 ], [ 137.000188825, 35.492582656 ], [ 137.000250825, 35.492582656 ] ] ] } },
{ "type": "Feature", "properties": { "A31a_101": "8505090072", "A31a_102": "川浦川", "A31a_103": "21", "A31a_104": "岐阜県", "A31a_105": 3 }, "geometry": { "type": "Polygon", "coordinates": [ [ [ 137.054125939, 35.521457668 ], [ 137.054125939, 35.521416668 ], [ 137.054063939, 35.521416668 ], [ 137.05406394, 35.521457668 ], [ 137.054125939, 35.521457668 ] ] ] } },
{ "type": "Feature", "properties": { "A31a_101": "8505090072", "A31a_102": "川浦川", "A31a_103": "21", "A31a_104": "岐阜県", "A31a_105": 3 }, "geometry": { "type": "Polygon", "coordinates": [ [ [ 136.99225081, 35.492332654 ], [ 136.99225081, 35.492291654 ], [ 136.99218881, 35.492291654 ], [ 136.99218881, 35.492332654 ], [ 136.99225081, 35.492332654 ] ] ] } },
{ "type": "Feature", "properties": { "A31a_101": "8505090072", "A31a_102": "川浦川", "A31a_103": "21", "A31a_104": "岐阜県", "A31a_105": 3 }, "geometry": { "type": "Polygon", "coordinates": [ [ [ 137.053500942, 35.521457667 ], [ 137.053500941, 35.521416667 ], [ 137.053438942, 35.521416667 ], [ 137.053438942, 35.521457667 ], [ 137.053500942, 35.521457667 ] ] ] } },
{ "type": "Feature", "properties": { "A31a_101": "8505090072", "A31a_102": "川浦川", "A31a_103": "21", "A31a_104": "岐阜県", "A31a_105": 3 }, "geometry": { "type": "Polygon", "coordinates": [ [ [ 137.015375887, 35.505332658 ], [ 137.015375887, 35.505291658 ], [ 137.015313887, 35.505291658 ], [ 137.015313887, 35.505332658 ], [ 137.015375887, 35.505332658 ] ] ] } },
{ "type": "Feature", "properties": { "A31a_101": "8505090072", "A31a_102": "川浦川", "A31a_103": "21", "A31a_104": "岐阜県", "A31a_105": 3 }, "geometry": { "type": "Polygon", "coordinates": [ [ [ 136.965375734, 35.485957652 ], [ 136.965375734, 35.485916652 ], [ 136.965313734, 35.485916652 ], [ 136.965313734, 35.485957652 ], [ 136.965375734, 35.485957652 ] ] ] } },
{ "type": "Feature", "properties": { "A31a_101": "8505090072", "A31a_102": "川浦川", "A31a_103": "21", "A31a_104": "岐阜県", "A31a_105": 3 }, "geometry": { "type": "Polygon", "coordinates": [ [ [ 137.055000934, 35.520957669 ], [ 137.055000933, 35.520916669 ], [ 137.054938933, 35.520916669 ], [ 137.054938934, 35.520957669 ], [ 137.055000934, 35.520957669 ] ] ] } },
{ "type": "Feature", "properties": { "A31a_101": "8505090072", "A31a_102": "川浦川", "A31a_103": "21", "A31a_104": "岐阜県", "A31a_105": 3 }, "geometry": { "type": "Polygon", "coordinates": [ [ [ 137.025750909, 35.508582661 ], [ 137.025750909, 35.508541661 ], [ 137.025688909, 35.508541661 ], [ 137.025688909, 35.508582661 ], [ 137.025750909, 35.508582661 ] ] ] } },
{ "type": "Feature", "properties": { "A31a_101": "8505090072", "A31a_102": "川浦川", "A31a_103": "21", "A31a_104": "岐阜県", "A31a_105": 3 }, "geometry": { "type": "Polygon", "coordinates": [ [ [ 137.05362594, 35.521332668 ], [ 137.05362594, 35.521291668 ], [ 137.05356394, 35.521291668 ], [ 137.053563941, 35.521332668 ], [ 137.05362594, 35.521332668 ] ] ] } },
{ "type": "Feature", "properties": { "A31a_101": "8505090072", "A31a_102": "川浦川", "A31a_103": "21", "A31a_104": "岐阜県", "A31a_105": 3 }, "geometry": { "type": "Polygon", "coordinates": [ [ [ 136.999500825, 35.492957655 ], [ 136.999500825, 35.492916655 ], [ 136.999438825, 35.492916655 ], [ 136.999438825, 35.492957655 ], [ 136.999500825, 35.492957655 ] ] ] } },
{ "type": "Feature", "properties": { "A31a_101": "8505090072", "A31a_102": "川浦川", "A31a_103": "21", "A31a_104": "岐阜県", "A31a_105": 3 }, "geometry": { "type": "Polygon", "coordinates": [ [ [ 137.002750827, 35.492707657 ], [ 137.002750827, 35.492666657 ], [ 137.002688827, 35.492666657 ], [ 137.002688827, 35.492707657 ], [ 137.002750827, 35.492707657 ] ] ] } },
{ "type": "Feature", "properties": { "A31a_101": "8505090072", "A31a_102": "川浦川", "A31a_103": "21", "A31a_104": "岐阜県", "A31a_105": 3 }, "geometry": { "type": "Polygon", "coordinates": [ [ [ 136.997875825, 35.493957655 ], [ 136.997875825, 35.493916655 ], [ 136.997813825, 35.493916655 ], [ 136.997813825, 35.493957655 ], [ 136.997875825, 35.493957655 ] ] ] } },
{ "type": "Feature", "properties": { "A31a_101": "8505090072", "A31a_102": "川浦川", "A31a_103": "21", "A31a_104": "岐阜県", "A31a_105": 4 }, "geometry": { "type": "Polygon", "coordinates": [ [ [ 137.03318892, 35.511457664 ], [ 137.03318892, 35.511416664 ], [ 137.03312592, 35.511416664 ], [ 137.03306392, 35.511416664 ], [ 137.033063919, 35.511374664 ], [ 137.033063919, 35.511332664 ], [ 137.033063919, 35.511291664 ], [ 137.033063919, 35.511249664 ], [ 137.033125919, 35.511249664 ], [ 137.033125919, 35.511207664 ], [ 137.033125918, 35.511166664 ], [ 137.033125918, 35.511124664 ], [ 137.033063918, 35.511124664 ], [ 137.033063918, 35.511082664 ], [ 137.033000918, 35.511082664 ], [ 137.032938918, 35.511082664 ], [ 137.032938918, 35.511041664 ], [ 137.032875918, 35.511041664 ], [ 137.032813918, 35.511041664 ], [ 137.032813918, 35.510999664 ], [ 137.032750918, 35.510999664 ], [ 137.032750917, 35.510957664 ], [ 137.032688917, 35.510957664 ], [ 137.032688917, 35.510916664 ], [ 137.032625917, 35.510916664 ], [ 137.032625917, 35.510874664 ], [ 137.032688917, 35.510874664 ], [ 137.032750917, 35.510874664 ], [ 137.032813917, 35.510874664 ], [ 137.032813917, 35.510832664 ], [ 137.032750917, 35.510832664 ], [ 137.032688917, 35.510832664 ], [ 137.032625917, 35.510832664 ], [ 137.032563917, 35.510832664 ], [ 137.032500917, 35.510832664 ], [ 137.032500917, 35.510791664 ], [ 137.032500916, 35.510749664 ], [ 137.032500916, 35.510707664 ], [ 137.032500916, 35.510666664 ], [ 137.032500916, 35.510624664 ], [ 137.032438916, 35.510624664 ], [ 137.032375916, 35.510624664 ], [ 137.032313916, 35.510624664 ], [ 137.032250916, 35.510624664 ], [ 137.032188916, 35.510624664 ], [ 137.032188916, 35.510582664 ], [ 137.032188915, 35.510541664 ], [ 137.032188915, 35.510499664 ], [ 137.032188915, 35.510457664 ], [ 137.032188915, 35.510416664 ], [ 137.032125915, 35.510416664 ], [ 137.032063915, 35.510416664 ], [ 137.032000915, 35.510416664 ], [ 137.031938915, 35.510416664 ], [ 137.031875915, 35.510416664 ], [ 137.031875915, 35.510374664 ], [ 137.031875914, 35.510332664 ], [ 137.031875914, 35.510291664 ], [ 137.031875914, 35.510249664 ], [ 137.031875914, 35.510207664 ], [ 137.031875914, 35.510166664 ], [ 137.031875913, 35.510124664 ], [ 137.031875913, 35.510082664 ], [ 137.031875913, 35.510041664 ], [ 137.031875913, 35.509999664 ], [ 137.031813913, 35.509999664 ], [ 137.031750913, 35.509999664 ], [ 137.031688913, 35.509999664 ], [ 137.031625913, 35.509999664 ], [ 137.031563913, 35.509999664 ], [ 137.031500913, 35.509999664 ], [ 137.031500913, 35.509957664 ], [ 137.031563913, 35.509957664 ], [ 137.031563912, 35.509916664 ], [ 137.031563912, 35.509874664 ], [ 137.031563912, 35.509832664 ], [ 137.031563912, 35.509791664 ], [ 137.031500912, 35.509791664 ], [ 137.031500912, 35.509749664 ], [ 137.031438912, 35.509749664 ], [ 137.031438911, 35.509707664 ], [ 137.031375911, 35.509707664 ], [ 137.031375911, 35.509666664 ], [ 137.031313911, 35.509666664 ], [ 137.031313911, 35.509624664 ], [ 137.031250911, 35.509624664 ], [ 137.031250911, 35.509582664 ], [ 137.031188911, 35.509582664 ], [ 137.031188911, 35.509541664 ], [ 137.03118891, 35.509499664 ], [ 137.03118891, 35.509457664 ], [ 137.03112591, 35.509457664 ], [ 137.03112591, 35.509499664 ], [ 137.031063911, 35.509499664 ], [ 137.031063911, 35.509541664 ], [ 137.031000911, 35.509541664 ], [ 137.031000911, 35.509582664 ], [ 137.031000911, 35.509624664 ], [ 137.031000911, 35.509666664 ], [ 137.031000912, 35.509707664 ], [ 137.031063912, 35.509707664 ], [ 137.031063912, 35.509749664 ], [ 137.031063912, 35.509791664 ], [ 137.031125912, 35.509791664 ], [ 137.031188912, 35.509791664 ], [ 137.031250912, 35.509791664 ], [ 137.031250912, 35.509832664 ], [ 137.031250912, 35.509874664 ], [ 137.031250913, 35.509916664 ], [ 137.031250913, 35.509957664 ], [ 137.031313913, 35.509957664 ], [ 137.031313913, 35.509999664 ], [ 137.031313913, 35.510041664 ], [ 137.031375913, 35.510041664 ], [ 137.031375913, 35.510082664 ], [ 137.031375914, 35.510124664 ], [ 137.031438914, 35.510124664 ], [ 137.031438914, 35.510166664 ], [ 137.031500914, 35.510166664 ], [ 137.031500914, 35.510207664 ], [ 137.031563914, 35.510207664 ], [ 137.031563914, 35.510249664 ], [ 137.031563914, 35.510291664 ], [ 137.031625914, 35.510291664 ], [ 137.031625915, 35.510332664 ], [ 137.031688915, 35.510332664 ], [ 137.031688915, 35.510374664 ], [ 137.031750915, 35.510374664 ], [ 137.031750915, 35.510416664 ], [ 137.031813915, 35.510416664 ], [ 137.031875915, 35.510416664 ], [ 137.031875915, 35.510457664 ], [ 137.031875915, 35.510499664 ], [ 137.031875916, 35.510541664 ], [ 137.031875916, 35.510582664 ], [ 137.031875916, 35.510624664 ], [ 137.031875916, 35.510666664 ], [ 137.031938916, 35.510666664 ], [ 137.031938916, 35.510707664 ], [ 137.032000916, 35.510707664 ], [ 137.032000917, 35.510749664 ], [ 137.032000917, 35.510791664 ], [ 137.032063917, 35.510791664 ], [ 137.032063917, 35.510832664 ], [ 137.032125917, 35.510832664 ], [ 137.032188917, 35.510832664 ], [ 137.032188917, 35.510874664 ], [ 137.032188917, 35.510916664 ], [ 137.032188918, 35.510957664 ], [ 137.032188918, 35.510999664 ], [ 137.032188918, 35.511041664 ], [ 137.032188918, 35.511082664 ], [ 137.032188919, 35.511124664 ], [ 137.032188919, 35.511166663 ], [ 137.032188919, 35.511207663 ], [ 137.032188919, 35.511249663 ], [ 137.032250919, 35.511249663 ], [ 137.032250919, 35.511291663 ], [ 137.03225092, 35.511332663 ], [ 137.03231392, 35.511332663 ], [ 137.03231392, 35.511374663 ], [ 137.03237592, 35.511374663 ], [ 137.03243892, 35.511374663 ], [ 137.03243892, 35.511416663 ], [ 137.03250092, 35.511416663 ], [ 137.03250092, 35.511457663 ], [ 137.03256392, 35.511457663 ], [ 137.03262592, 35.511457663 ], [ 137.03268892, 35.511457664 ], [ 137.03275092, 35.511457664 ], [ 137.03281392, 35.511457664 ], [ 137.03287592, 35.511457664 ], [ 137.03287592, 35.511416664 ], [ 137.03293892, 35.511416664 ], [ 137.03293892, 35.511457664 ], [ 137.03300092, 35.511457664 ], [ 137.03306392, 35.511457664 ], [ 137.03312592, 35.511457664 ], [ 137.03318892, 35.511457664 ] ] ] } },
{ "type": "Feature", "properties": { "A31a_101": "8505090072", "A31a_102": "川浦川", "A31a_103": "21", "A31a_104": "岐阜県", "A31a_105": 4 }, "geometry": { "type": "Polygon", "coordinates": [ [ [ 137.016563889, 35.505541659 ], [ 137.016563889, 35.505499659 ], [ 137.016563889, 35.505457659 ], [ 137.016563889, 35.505416659 ], [ 137.016563888, 35.505374659 ], [ 137.016563888, 35.505332659 ], [ 137.016563888, 35.505291659 ], [ 137.016563888, 35.505249659 ], [ 137.016500888, 35.505249659 ], [ 137.016500888, 35.505207659 ], [ 137.016438888, 35.505207659 ], [ 137.016375888, 35.505207659 ], [ 137.016313887, 35.505207659 ], [ 137.016250887, 35.505207659 ], [ 137.016188887, 35.505207659 ], [ 137.016125887, 35.505207659 ], [ 137.016063887, 35.505207658 ], [ 137.016000887, 35.505207658 ], [ 137.015938887, 35.505207658 ], [ 137.015938887, 35.505166658 ], [ 137.015938887, 35.505124658 ], [ 137.015938887, 35.505082658 ], [ 137.015875887, 35.505082658 ], [ 137.015813887, 35.505082658 ], [ 137.015813886, 35.505041658 ], [ 137.015750886, 35.505041658 ], [ 137.015688886, 35.505041658 ], [ 137.015688886, 35.504999658 ], [ 137.015625886, 35.504999658 ], [ 137.015563886, 35.504999658 ], [ 137.015500886, 35.504999658 ], [ 137.015438886, 35.504999658 ], [ 137.015375886, 35.504999658 ], [ 137.015313886, 35.504999658 ], [ 137.015313886, 35.504957658 ], [ 137.015313886, 35.504916658 ], [ 137.015313885, 35.504874658 ], [ 137.015250885, 35.504874658 ], [ 137.015250885, 35.504832658 ], [ 137.015188885, 35.504832658 ], [ 137.015125885, 35.504832658 ], [ 137.015125885, 35.504791658 ], [ 137.015063885, 35.504791658 ], [ 137.015000885, 35.504791658 ], [ 137.015000885, 35.504832658 ], [ 137.015000885, 35.504874658 ], [ 137.015063885, 35.504874658 ], [ 137.015063885, 35.504916658 ], [ 137.015063886, 35.504957658 ], [ 137.015125886, 35.504957658 ], [ 137.015188886, 35.504957658 ], [ 137.015188886, 35.504999658 ], [ 137.015250886, 35.504999658 ], [ 137.015250886, 35.505041658 ], [ 137.015250886, 35.505082658 ], [ 137.015250886, 35.505124658 ], [ 137.015250887, 35.505166658 ], [ 137.015250887, 35.505207658 ], [ 137.015313887, 35.505207658 ], [ 137.015313887, 35.505249658 ], [ 137.015313887, 35.505291658 ], [ 137.015375887, 35.505291658 ], [ 137.015375887, 35.505332658 ], [ 137.015375887, 35.505374658 ], [ 137.015438888, 35.505374658 ], [ 137.015438888, 35.505416658 ], [ 137.015438888, 35.505457658 ], [ 137.015438888, 35.505499658 ], [ 137.015500888, 35.505499658 ], [ 137.015500888, 35.505541658 ], [ 137.015500888, 35.505582658 ], [ 137.015563888, 35.505582658 ], [ 137.015563889, 35.505624658 ], [ 137.015625889, 35.505624658 ], [ 137.015625889, 35.505666658 ], [ 137.015688889, 35.505666658 ], [ 137.015688889, 35.505707658 ], [ 137.015750889, 35.505707658 ], [ 137.015750889, 35.505749658 ], [ 137.015813889, 35.505749658 ], [ 137.01581389, 35.505791658 ], [ 137.01587589, 35.505791658 ], [ 137.01593889, 35.505791658 ], [ 137.01593889, 35.505832658 ], [ 137.01600089, 35.505832658 ], [ 137.01600089, 35.505874658 ], [ 137.01606389, 35.505874658 ], [ 137.01612589, 35.505874658 ], [ 137.01618889, 35.505874658 ], [ 137.01625089, 35.505874658 ], [ 137.01631389, 35.505874658 ], [ 137.01637589, 35.505874658 ], [ 137.01643889, 35.505874658 ], [ 137.01643889, 35.505832658 ], [ 137.01643889, 35.505791658 ], [ 137.01643889, 35.505749658 ], [ 137.01650089, 35.505749658 ], [ 137.01650089, 35.505707658 ], [ 137.01650089, 35.505666659 ], [ 137.016500889, 35.505624659 ], [ 137.016500889, 35.505582659 ], [ 137.016500889, 35.505541659 ], [ 137.016563889, 35.505541659 ] ] ] } },
{ "type": "Feature", "properties": { "A31a_101": "8505090072", "A31a_102": "川浦川", "A31a_103": "21", "A31a_104": "岐阜県", "A31a_105": 4 }, "geometry": { "type": "Polygon", "coordinates": [ [ [ 137.026063907, 35.508207662 ], [ 137.026063907, 35.508166662 ], [ 137.026063907, 35.508124662 ], [ 137.026000907, 35.508124662 ], [ 137.025938907, 35.508124662 ], [ 137.025938907, 35.508082662 ], [ 137.025938906, 35.508041662 ], [ 137.025938906, 35.507999662 ], [ 137.025938906, 35.507957662 ], [ 137.025938906, 35.507916662 ], [ 137.025938906, 35.507874662 ], [ 137.025938905, 35.507832662 ], [ 137.025875905, 35.507832662 ], [ 137.025875905, 35.507791662 ], [ 137.025813905, 35.507791662 ], [ 137.025813905, 35.507749662 ], [ 137.025813905, 35.507707662 ], [ 137.025750905, 35.507707662 ], [ 137.025688905, 35.507707662 ], [ 137.025625905, 35.507707662 ], [ 137.025625905, 35.507666662 ], [ 137.025625905, 35.507624662 ], [ 137.025625904, 35.507582662 ], [ 137.025563904, 35.507582662 ], [ 137.025563904, 35.507541662 ], [ 137.025500904, 35.507541662 ], [ 137.025500904, 35.507499662 ], [ 137.025438904, 35.507499662 ], [ 137.025375904, 35.507499662 ], [ 137.025313904, 35.507499662 ], [ 137.025313904, 35.507541662 ], [ 137.025313905, 35.507582662 ], [ 137.025313905, 35.507624662 ], [ 137.025313905, 35.507666662 ], [ 137.025313905, 35.507707662 ], [ 137.025313905, 35.507749662 ], [ 137.025313906, 35.507791662 ], [ 137.025313906, 35.507832662 ], [ 137.025313906, 35.507874662 ], [ 137.025313906, 35.507916662 ], [ 137.025313906, 35.507957662 ], [ 137.025313907, 35.507999662 ], [ 137.025313907, 35.508041662 ], [ 137.025313907, 35.508082661 ], [ 137.025313907, 35.508124661 ], [ 137.025313907, 35.508166661 ], [ 137.025313908, 35.508207661 ], [ 137.025313908, 35.508249661 ], [ 137.025313908, 35.508291661 ], [ 137.025313908, 35.508332661 ], [ 137.025313908, 35.508374661 ], [ 137.025313909, 35.508416661 ], [ 137.025313909, 35.508457661 ], [ 137.025313909, 35.508499661 ], [ 137.025313909, 35.508541661 ], [ 137.025313909, 35.508582661 ], [ 137.02531391, 35.508624661 ], [ 137.02531391, 35.508666661 ], [ 137.02531391, 35.508707661 ], [ 137.02531391, 35.508749661 ], [ 137.02531391, 35.508791661 ], [ 137.025313911, 35.508832661 ], [ 137.025313911, 35.508874661 ], [ 137.025313911, 35.508916661 ], [ 137.025313911, 35.508957661 ], [ 137.025313911, 35.508999661 ], [ 137.025313912, 35.509041661 ], [ 137.025313912, 35.509082661 ], [ 137.025313912, 35.509124661 ], [ 137.025313912, 35.509166661 ], [ 137.025313913, 35.509207661 ], [ 137.025375912, 35.509207661 ], [ 137.025375912, 35.509166661 ], [ 137.025375912, 35.509124661 ], [ 137.025438912, 35.509124661 ], [ 137.025500912, 35.509124661 ], [ 137.025500912, 35.509082661 ], [ 137.025563912, 35.509082661 ], [ 137.025563912, 35.509041661 ], [ 137.025625911, 35.509041661 ], [ 137.025625911, 35.508999661 ], [ 137.025688911, 35.508999661 ], [ 137.025688911, 35.508957661 ], [ 137.025688911, 35.508916661 ], [ 137.025688911, 35.508874661 ], [ 137.025750911, 35.508874661 ], [ 137.02575091, 35.508832661 ], [ 137.02575091, 35.508791661 ], [ 137.02575091, 35.508749661 ], [ 137.02581391, 35.508749661 ], [ 137.02581391, 35.508707661 ], [ 137.025813909, 35.508666661 ], [ 137.025813909, 35.508624661 ], [ 137.025813909, 35.508582661 ], [ 137.025813909, 35.508541662 ], [ 137.025813909, 35.508499662 ], [ 137.025813908, 35.508457662 ], [ 137.025750908, 35.508457662 ], [ 137.025750908, 35.508416662 ], [ 137.025688908, 35.508416662 ], [ 137.025688908, 35.508374662 ], [ 137.025750908, 35.508374662 ], [ 137.025750908, 35.508332662 ], [ 137.025813908, 35.508332662 ], [ 137.025875908, 35.508332662 ], [ 137.025938908, 35.508332662 ], [ 137.025938908, 35.508291662 ], [ 137.025938907, 35.508249662 ], [ 137.026000907, 35.508249662 ], [ 137.026000907, 35.508207662 ], [ 137.025938907, 35.508207662 ], [ 137.025938907, 35.508166662 ], [ 137.026000907, 35.508166662 ], [ 137.026000907, 35.508207662 ], [ 137.026063907, 35.508207662 ] ], [ [ 137.02543891, 35.508624661 ], [ 137.02537591, 35.508624661 ], [ 137.025375909, 35.508582661 ], [ 137.025438909, 35.508582661 ], [ 137.02543891, 35.508624661 ] ], [ [ 137.025875907, 35.508249662 ], [ 137.025813907, 35.508249662 ], [ 137.025813907, 35.508207662 ], [ 137.025875907, 35.508207662 ], [ 137.025875907, 35.508249662 ] ], [ [ 137.025750909, 35.508582661 ], [ 137.025688909, 35.508582661 ], [ 137.025688909, 35.508541661 ], [ 137.025750909, 35.508541661 ], [ 137.025750909, 35.508582661 ] ] ] } },
{ "type": "Feature", "properties": { "A31a_101": "8505090072", "A31a_102": "川浦川", "A31a_103": "21", "A31a_104": "岐阜県", "A31a_105": 4 }, "geometry": { "type": "Polygon", "coordinates": [ [ [ 136.965500734, 35.48449965 ], [ 136.965500734, 35.48445765 ], [ 136.965500734, 35.48441665 ], [ 136.965500734, 35.48437465 ], [ 136.965500734, 35.48433265 ], [ 136.965438733, 35.48433265 ], [ 136.965375733, 35.48433265 ], [ 136.965313733, 35.48433265 ], [ 136.965313733, 35.48437465 ], [ 136.965250733, 35.48437465 ], [ 136.965188733, 35.48437465 ], [ 136.965125733, 35.48437465 ], [ 136.965063732, 35.48437465 ], [ 136.965000732, 35.48437465 ], [ 136.964938732, 35.48437465 ], [ 136.964938732, 35.48441665 ], [ 136.964875732, 35.48441665 ], [ 136.964875732, 35.48445765 ], [ 136.964938732, 35.48445765 ], [ 136.964938732, 35.48449965 ], [ 136.965000732, 35.48449965 ], [ 136.965000732, 35.48454165 ], [ 136.964938732, 35.48454165 ], [ 136.964875732, 35.48454165 ], [ 136.964875732, 35.484582651 ], [ 136.964875732, 35.484624651 ], [ 136.964938732, 35.484624651 ], [ 136.964938732, 35.484666651 ], [ 136.964938732, 35.484707651 ], [ 136.965000732, 35.484707651 ], [ 136.965000732, 35.484749651 ], [ 136.965000732, 35.484791651 ], [ 136.965000732, 35.484832651 ], [ 136.965063733, 35.484832651 ], [ 136.965063733, 35.484874651 ], [ 136.965125733, 35.484874651 ], [ 136.965125733, 35.484832651 ], [ 136.965125733, 35.484791651 ], [ 136.965125733, 35.484749651 ], [ 136.965125733, 35.484707651 ], [ 136.965125733, 35.484666651 ], [ 136.965125733, 35.48462465 ], [ 136.965125733, 35.48458265 ], [ 136.965125733, 35.48454165 ], [ 136.965188733, 35.48454165 ], [ 136.965250733, 35.48454165 ], [ 136.965250733, 35.48449965 ], [ 136.965313733, 35.48449965 ], [ 136.965375733, 35.48449965 ], [ 136.965375733, 35.48454165 ], [ 136.965438734, 35.48454165 ], [ 136.965438733, 35.48449965 ], [ 136.965500734, 35.48449965 ] ] ] } },
{ "type": "Feature", "properties": { "A31a_101": "8505090072", "A31a_102": "川浦川", "A31a_103": "21", "A31a_104": "岐阜県", "A31a_105": 4 }, "geometry": { "type": "Polygon", "coordinates": [ [ [ 137.04531392, 35.514249669 ], [ 137.045313919, 35.514207669 ], [ 137.045313919, 35.514166669 ], [ 137.045250919, 35.514166669 ], [ 137.045188919, 35.514166669 ], [ 137.04512592, 35.514166669 ], [ 137.04506392, 35.514166669 ], [ 137.04500092, 35.514166669 ], [ 137.04493892, 35.514166669 ], [ 137.04487592, 35.514166669 ], [ 137.04481392, 35.514166669 ], [ 137.04475092, 35.514166669 ], [ 137.04468892, 35.514166669 ], [ 137.044688921, 35.514207669 ], [ 137.044688921, 35.514249669 ], [ 137.044750921, 35.514249669 ], [ 137.044813921, 35.514249669 ], [ 137.04487592, 35.514249669 ], [ 137.04487592, 35.514207669 ], [ 137.04493892, 35.514207669 ], [ 137.04500092, 35.514207669 ], [ 137.04506392, 35.514207669 ], [ 137.04512592, 35.514207669 ], [ 137.04512592, 35.514249669 ], [ 137.04518892, 35.514249669 ], [ 137.04525092, 35.514249669 ], [ 137.04531392, 35.514249669 ] ] ] } },
{ "type": "Feature", "properties": { "A31a_101": "8505090072", "A31a_102": "川浦川", "A31a_103": "21", "A31a_104": "岐阜県", "A31a_105": 4 }, "geometry": { "type": "Polygon", "coordinates": [ [ [ 137.01781389, 35.505499659 ], [ 137.01781389, 35.505457659 ], [ 137.01775089, 35.505457659 ], [ 137.017750889, 35.505416659 ], [ 137.017688889, 35.505416659 ], [ 137.017625889, 35.505416659 ], [ 137.017563889, 35.505416659 ], [ 137.017500889, 35.505416659 ], [ 137.017438889, 35.505416659 ], [ 137.017375889, 35.505416659 ], [ 137.017313889, 35.505416659 ], [ 137.017313889, 35.505457659 ], [ 137.017375889, 35.505457659 ], [ 137.017438889, 35.505457659 ], [ 137.017500889, 35.505457659 ], [ 137.01750089, 35.505499659 ], [ 137.01756389, 35.505499659 ], [ 137.01762589, 35.505499659 ], [ 137.01768889, 35.505499659 ], [ 137.01775089, 35.505499659 ], [ 137.01781389, 35.505499659 ] ] ] } },
{ "type": "Feature", "properties": { "A31a_101": "8505090072", "A31a_102": "川浦川", "A31a_103": "21", "A31a_104": "岐阜県", "A31a_105": 4 }, "geometry": { "type": "Polygon", "coordinates": [ [ [ 137.036000922, 35.512124665 ], [ 137.036000922, 35.512082665 ], [ 137.036000922, 35.512041665 ], [ 137.036000921, 35.511999665 ], [ 137.035938922, 35.511999665 ], [ 137.035938922, 35.512041665 ], [ 137.035938922, 35.512082665 ], [ 137.035875922, 35.512082665 ], [ 137.035813922, 35.512082665 ], [ 137.035750922, 35.512082665 ], [ 137.035688922, 35.512082665 ], [ 137.035688922, 35.512124665 ], [ 137.035750922, 35.512124665 ], [ 137.035750923, 35.512166665 ], [ 137.035813923, 35.512166665 ], [ 137.035813923, 35.512207665 ], [ 137.035875923, 35.512207665 ], [ 137.035875922, 35.512166665 ], [ 137.035938922, 35.512166665 ], [ 137.035938922, 35.512124665 ], [ 137.036000922, 35.512124665 ] ] ] } },
{ "type": "Feature", "properties": { "A31a_101": "8505090072", "A31a_102": "川浦川", "A31a_103": "21", "A31a_104": "岐阜県", "A31a_105": 4 }, "geometry": { "type": "Polygon", "coordinates": [ [ [ 137.036875923, 35.512332665 ], [ 137.036875923, 35.512291665 ], [ 137.036813923, 35.512291665 ], [ 137.036750923, 35.512291665 ], [ 137.036688923, 35.512291665 ], [ 137.036688923, 35.512332665 ], [ 137.036688923, 35.512374665 ], [ 137.036688924, 35.512416665 ], [ 137.036688924, 35.512457665 ], [ 137.036750924, 35.512457665 ], [ 137.036750924, 35.512499665 ], [ 137.036750924, 35.512541665 ], [ 137.036813924, 35.512541665 ], [ 137.036813924, 35.512499665 ], [ 137.036813924, 35.512457665 ], [ 137.036813923, 35.512416665 ], [ 137.036813923, 35.512374665 ], [ 137.036813923, 35.512332665 ], [ 137.036875923, 35.512332665 ] ] ] } },
{ "type": "Feature", "properties": { "A31a_101": "8505090072", "A31a_102": "川浦川", "A31a_103": "21", "A31a_104": "岐阜県", "A31a_105": 4 }, "geometry": { "type": "Polygon", "coordinates": [ [ [ 136.992000809, 35.492082654 ], [ 136.992000809, 35.492041654 ], [ 136.991938809, 35.492041654 ], [ 136.991938809, 35.491999654 ], [ 136.992000809, 35.491999654 ], [ 136.992000809, 35.491957654 ], [ 136.992000809, 35.491916654 ], [ 136.991938809, 35.491916654 ], [ 136.991938808, 35.491874654 ], [ 136.991938808, 35.491832654 ], [ 136.991938808, 35.491791654 ], [ 136.991875808, 35.491791654 ], [ 136.991875808, 35.491832654 ], [ 136.991875808, 35.491874654 ], [ 136.991875808, 35.491916654 ], [ 136.991875809, 35.491957654 ], [ 136.991875809, 35.491999654 ], [ 136.991875809, 35.492041654 ], [ 136.991875809, 35.492082654 ], [ 136.991938809, 35.492082654 ], [ 136.992000809, 35.492082654 ] ] ] } },
{ "type": "Feature", "properties": { "A31a_101": "8505090072", "A31a_102": "川浦川", "A31a_103": "21", "A31a_104": "岐阜県", "A31a_105": 4 }, "geometry": { "type": "Polygon", "coordinates": [ [ [ 136.99837583, 35.495166655 ], [ 136.998375829, 35.495124655 ], [ 136.998313829, 35.495124655 ], [ 136.998250829, 35.495124655 ], [ 136.998188829, 35.495124655 ], [ 136.998125829, 35.495124655 ], [ 136.998063829, 35.495124655 ], [ 136.998063829, 35.495166655 ], [ 136.998000829, 35.495166655 ], [ 136.997938829, 35.495166655 ], [ 136.997938829, 35.495207655 ], [ 136.998000829, 35.495207655 ], [ 136.998063829, 35.495207655 ], [ 136.998125829, 35.495207655 ], [ 136.998188829, 35.495207655 ], [ 136.998250829, 35.495207655 ], [ 136.998250829, 35.495166655 ], [ 136.998313829, 35.495166655 ], [ 136.99837583, 35.495166655 ] ] ] } },
{ "type": "Feature", "properties": { "A31a_101": "8505090072", "A31a_102": "川浦川", "A31a_103": "21", "A31a_104": "岐阜県", "A31a_105": 4 }, "geometry": { "type": "Polygon", "coordinates": [ [ [ 137.056875932, 35.521874669 ], [ 137.056875932, 35.521832669 ], [ 137.056875932, 35.521791669 ], [ 137.056813932, 35.521791669 ], [ 137.056813932, 35.521749669 ], [ 137.056750932, 35.521749669 ], [ 137.056750932, 35.521791669 ], [ 137.056688933, 35.521791669 ], [ 137.056688933, 35.521832669 ], [ 137.056625933, 35.521832669 ], [ 137.056563933, 35.521832669 ], [ 137.056563933, 35.521874669 ], [ 137.056625933, 35.521874669 ], [ 137.056688933, 35.521874669 ], [ 137.056750933, 35.521874669 ], [ 137.056813933, 35.521874669 ], [ 137.056875932, 35.521874669 ] ] ] } },
{ "type": "Feature", "properties": { "A31a_101": "8505090072", "A31a_102": "川浦川", "A31a_103": "21", "A31a_104": "岐阜県", "A31a_105": 4 }, "geometry": { "type": "Polygon", "coordinates": [ [ [ 137.016000891, 35.506041658 ], [ 137.016000891, 35.505999658 ], [ 137.015938891, 35.505999658 ], [ 137.01593889, 35.505957658 ], [ 137.01587589, 35.505957658 ], [ 137.01581389, 35.505957658 ], [ 137.01581389, 35.505916658 ], [ 137.01575089, 35.505916658 ], [ 137.01575089, 35.505957658 ], [ 137.01575089, 35.505999658 ], [ 137.015750891, 35.506041658 ], [ 137.015813891, 35.506041658 ], [ 137.015875891, 35.506041658 ], [ 137.015938891, 35.506041658 ], [ 137.016000891, 35.506041658 ] ] ] } },
{ "type": "Feature", "properties": { "A31a_101": "8505090072", "A31a_102": "川浦川", "A31a_103": "21", "A31a_104": "岐阜県", "A31a_105": 4 }, "geometry": { "type": "Polygon", "coordinates": [ [ [ 136.997188824, 35.494082655 ], [ 136.997188824, 35.494041655 ], [ 136.997188824, 35.493999655 ], [ 136.997188824, 35.493957655 ], [ 136.997125824, 35.493957655 ], [ 136.997125824, 35.493999655 ], [ 136.997063824, 35.493999655 ], [ 136.997063824, 35.494041655 ], [ 136.997000824, 35.494041655 ], [ 136.997000824, 35.494082655 ], [ 136.997000824, 35.494124655 ], [ 136.997000824, 35.494166655 ], [ 136.997063824, 35.494166655 ], [ 136.997063824, 35.494124655 ], [ 136.997063824, 35.494082655 ], [ 136.997125824, 35.494082655 ], [ 136.997188824, 35.494082655 ] ] ] } },
{ "type": "Feature", "properties": { "A31a_101": "8505090072", "A31a_102": "川浦川", "A31a_103": "21", "A31a_104": "岐阜県", "A31a_105": 4 }, "geometry": { "type": "Polygon", "coordinates": [ [ [ 136.965438734, 35.486249652 ], [ 136.965438734, 35.486207652 ], [ 136.965438734, 35.486166652 ], [ 136.965438734, 35.486124652 ], [ 136.965438734, 35.486082652 ], [ 136.965375734, 35.486082652 ], [ 136.965375734, 35.486041652 ], [ 136.965375734, 35.485999652 ], [ 136.965375734, 35.485957652 ], [ 136.965313734, 35.485957652 ], [ 136.965313734, 35.485999652 ], [ 136.965313734, 35.486041652 ], [ 136.965313734, 35.486082652 ], [ 136.965313734, 35.486124652 ], [ 136.965375734, 35.486124652 ], [ 136.965375734, 35.486166652 ], [ 136.965375734, 35.486207652 ], [ 136.965375734, 35.486249652 ], [ 136.965438734, 35.486249652 ] ] ] } },
{ "type": "Feature", "properties": { "A31a_101": "8505090072", "A31a_102": "川浦川", "A31a_103": "21", "A31a_104": "岐阜県", "A31a_105": 4 }, "geometry": { "type": "Polygon", "coordinates": [ [ [ 137.05362594, 35.521291668 ], [ 137.05362594, 35.521249668 ], [ 137.05356394, 35.521249668 ], [ 137.05350094, 35.521249668 ], [ 137.053438941, 35.521249667 ], [ 137.053438941, 35.521291667 ], [ 137.053438941, 35.521332667 ], [ 137.053438941, 35.521374667 ], [ 137.053438942, 35.521416667 ], [ 137.053500941, 35.521416667 ], [ 137.053500941, 35.521374667 ], [ 137.053563941, 35.521374667 ], [ 137.053563941, 35.521332668 ], [ 137.05356394, 35.521291668 ], [ 137.05362594, 35.521291668 ] ] ] } },
{ "type": "Feature", "properties": { "A31a_101": "8505090072", "A31a_102": "川浦川", "A31a_103": "21", "A31a_104": "岐阜県", "A31a_105": 4 }, "geometry": { "type": "Polygon", "coordinates": [ [ [ 136.997188827, 35.494999655 ], [ 136.997188827, 35.494957655 ], [ 136.997125826, 35.494957655 ], [ 136.997125826, 35.494916655 ], [ 136.997125826, 35.494874655 ], [ 136.997063826, 35.494874655 ], [ 136.997063826, 35.494832655 ], [ 136.997063826, 35.494791655 ], [ 136.997000826, 35.494791655 ], [ 136.997000826, 35.494749655 ], [ 136.997000826, 35.494707655 ], [ 136.996938825, 35.494707655 ], [ 136.996938825, 35.494666655 ], [ 136.996875825, 35.494666655 ], [ 136.996875825, 35.494707655 ], [ 136.996938825, 35.494707655 ], [ 136.996938826, 35.494749655 ], [ 136.996938826, 35.494791655 ], [ 136.997000826, 35.494791655 ], [ 136.997000826, 35.494832655 ], [ 136.997000826, 35.494874655 ], [ 136.997063826, 35.494874655 ], [ 136.997063826, 35.494916655 ], [ 136.997063826, 35.494957655 ], [ 136.997125826, 35.494957655 ], [ 136.997125827, 35.494999655 ], [ 136.997188827, 35.494999655 ] ] ] } },
{ "type": "Feature", "properties": { "A31a_101": "8505090072", "A31a_102": "川浦川", "A31a_103": "21", "A31a_104": "岐阜県", "A31a_105": 4 }, "geometry": { "type": "Polygon", "coordinates": [ [ [ 137.019375892, 35.50570766 ], [ 137.019375892, 35.50566666 ], [ 137.019313892, 35.50566666 ], [ 137.019313891, 35.50562466 ], [ 137.019250891, 35.50562466 ], [ 137.019188891, 35.50562466 ], [ 137.019125891, 35.50562466 ], [ 137.019063891, 35.50562466 ], [ 137.019063891, 35.50566666 ], [ 137.019125892, 35.50566666 ], [ 137.019125892, 35.50570766 ], [ 137.019188892, 35.50570766 ], [ 137.019250892, 35.50570766 ], [ 137.019313892, 35.50570766 ], [ 137.019375892, 35.50570766 ] ] ] } },
{ "type": "Feature", "properties": { "A31a_101": "8505090072", "A31a_102": "川浦川", "A31a_103": "21", "A31a_104": "岐阜県", "A31a_105": 4 }, "geometry": { "type": "Polygon", "coordinates": [ [ [ 137.036813925, 35.512707665 ], [ 137.036813925, 35.512666665 ], [ 137.036813925, 35.512624665 ], [ 137.036750925, 35.512624665 ], [ 137.036750924, 35.512582665 ], [ 137.036750924, 35.512541665 ], [ 137.036688924, 35.512541665 ], [ 137.036688924, 35.512582665 ], [ 137.036688925, 35.512624665 ], [ 137.036625925, 35.512624665 ], [ 137.036625925, 35.512666665 ], [ 137.036625925, 35.512707665 ], [ 137.036688925, 35.512707665 ], [ 137.036750925, 35.512707665 ], [ 137.036813925, 35.512707665 ] ] ] } },
{ "type": "Feature", "properties": { "A31a_101": "8505090072", "A31a_102": "川浦川", "A31a_103": "21", "A31a_104": "岐阜県", "A31a_105": 4 }, "geometry": { "type": "Polygon", "coordinates": [ [ [ 137.062500937, 35.526207668 ], [ 137.062500937, 35.526166668 ], [ 137.062500937, 35.526124668 ], [ 137.062500936, 35.526082668 ], [ 137.062500936, 35.526041668 ], [ 137.062438936, 35.526041668 ], [ 137.062375937, 35.526041668 ], [ 137.062313937, 35.526041668 ], [ 137.062313937, 35.526082668 ], [ 137.062375937, 35.526082668 ], [ 137.062375937, 35.526124668 ], [ 137.062375937, 35.526166668 ], [ 137.062438937, 35.526166668 ], [ 137.062438937, 35.526207668 ], [ 137.062500937, 35.526207668 ] ] ] } },
{ "type": "Feature", "properties": { "A31a_101": "8505090072", "A31a_102": "川浦川", "A31a_103": "21", "A31a_104": "岐阜県", "A31a_105": 4 }, "geometry": { "type": "Polygon", "coordinates": [ [ [ 137.048125942, 35.518916666 ], [ 137.048125942, 35.518874666 ], [ 137.048063942, 35.518874666 ], [ 137.048063941, 35.518832666 ], [ 137.048000942, 35.518832666 ], [ 137.048000941, 35.518791666 ], [ 137.047938941, 35.518791666 ], [ 137.047938941, 35.518749666 ], [ 137.047875941, 35.518749666 ], [ 137.047813941, 35.518749666 ], [ 137.047813942, 35.518791666 ], [ 137.047875942, 35.518791666 ], [ 137.047938941, 35.518791666 ], [ 137.047938942, 35.518832666 ], [ 137.047938942, 35.518874666 ], [ 137.048000942, 35.518874666 ], [ 137.048000942, 35.518916666 ], [ 137.048063942, 35.518916666 ], [ 137.048125942, 35.518916666 ] ] ] } },
{ "type": "Feature", "properties": { "A31a_101": "8505090072", "A31a_102": "川浦川", "A31a_103": "21", "A31a_104": "岐阜県", "A31a_105": 4 }, "geometry": { "type": "Polygon", "coordinates": [ [ [ 137.008250841, 35.495207658 ], [ 137.008250841, 35.495166658 ], [ 137.00825084, 35.495124658 ], [ 137.00818884, 35.495124658 ], [ 137.00818884, 35.495082658 ], [ 137.00818884, 35.495041658 ], [ 137.00818884, 35.494999658 ], [ 137.00812584, 35.494999658 ], [ 137.00812584, 35.495041658 ], [ 137.00812584, 35.495082658 ], [ 137.00812584, 35.495124658 ], [ 137.00812584, 35.495166658 ], [ 137.008125841, 35.495207658 ], [ 137.008188841, 35.495207658 ], [ 137.008250841, 35.495207658 ] ] ] } },
{ "type": "Feature", "properties": { "A31a_101": "8505090072", "A31a_102": "川浦川", "A31a_103": "21", "A31a_104": "岐阜県", "A31a_105": 4 }, "geometry": { "type": "Polygon", "coordinates": [ [ [ 137.043000923, 35.514166668 ], [ 137.043000923, 35.514124668 ], [ 137.042938923, 35.514124668 ], [ 137.042938923, 35.514082668 ], [ 137.042875923, 35.514082668 ], [ 137.042875923, 35.514041668 ], [ 137.042875923, 35.513999668 ], [ 137.042813923, 35.513999668 ], [ 137.042813923, 35.514041668 ], [ 137.042813923, 35.514082668 ], [ 137.042813923, 35.514124668 ], [ 137.042813924, 35.514166668 ], [ 137.042875924, 35.514166668 ], [ 137.042938923, 35.514166668 ], [ 137.043000923, 35.514166668 ] ] ] } },
{ "type": "Feature", "properties": { "A31a_101": "8505090072", "A31a_102": "川浦川", "A31a_103": "21", "A31a_104": "岐阜県", "A31a_105": 4 }, "geometry": { "type": "Polygon", "coordinates": [ [ [ 136.998063825, 35.493791655 ], [ 136.998063825, 35.493749655 ], [ 136.998000825, 35.493749655 ], [ 136.997938825, 35.493749655 ], [ 136.997938825, 35.493791655 ], [ 136.997875825, 35.493791655 ], [ 136.997875825, 35.493832655 ], [ 136.997813825, 35.493832655 ], [ 136.997813825, 35.493874655 ], [ 136.997813825, 35.493916655 ], [ 136.997875825, 35.493916655 ], [ 136.997875825, 35.493874655 ], [ 136.997938825, 35.493874655 ], [ 136.997938825, 35.493832655 ], [ 136.998000825, 35.493832655 ], [ 136.998000825, 35.493791655 ], [ 136.998063825, 35.493791655 ] ] ] } },
{ "type": "Feature", "properties": { "A31a_101": "8505090072", "A31a_102": "川浦川", "A31a_103": "21", "A31a_104": "岐阜県", "A31a_105": 4 }, "geometry": { "type": "Polygon", "coordinates": [ [ [ 136.992438811, 35.492499654 ], [ 136.992438811, 35.492457654 ], [ 136.992375811, 35.492457654 ], [ 136.992375811, 35.492416654 ], [ 136.99231381, 35.492416654 ], [ 136.99231381, 35.492374654 ], [ 136.99225081, 35.492374654 ], [ 136.99225081, 35.492332654 ], [ 136.99218881, 35.492332654 ], [ 136.99218881, 35.492374654 ], [ 136.99218881, 35.492416654 ], [ 136.99225081, 35.492416654 ], [ 136.99225081, 35.492457654 ], [ 136.992313811, 35.492457654 ], [ 136.992313811, 35.492499654 ], [ 136.992375811, 35.492499654 ], [ 136.992438811, 35.492499654 ] ] ] } },
{ "type": "Feature", "properties": { "A31a_101": "8505090072", "A31a_102": "川浦川", "A31a_103": "21", "A31a_104": "岐阜県", "A31a_105": 4 }, "geometry": { "type": "Polygon", "coordinates": [ [ [ 137.002813829, 35.493082657 ], [ 137.002813829, 35.493041657 ], [ 137.002813828, 35.492999657 ], [ 137.002813828, 35.492957657 ], [ 137.002750828, 35.492957657 ], [ 137.002750828, 35.492916657 ], [ 137.002688828, 35.492916657 ], [ 137.002625828, 35.492916657 ], [ 137.002625828, 35.492957657 ], [ 137.002688828, 35.492957657 ], [ 137.002688828, 35.492999657 ], [ 137.002688828, 35.493041657 ], [ 137.002750828, 35.493041657 ], [ 137.002750829, 35.493082657 ], [ 137.002813829, 35.493082657 ] ] ] } },
{ "type": "Feature", "properties": { "A31a_101": "8505090072", "A31a_102": "川浦川", "A31a_103": "21", "A31a_104": "岐阜県", "A31a_105": 4 }, "geometry": { "type": "Polygon", "coordinates": [ [ [ 137.037813924, 35.512582665 ], [ 137.037813923, 35.512541665 ], [ 137.037813923, 35.512499666 ], [ 137.037750923, 35.512499665 ], [ 137.037688923, 35.512499665 ], [ 137.037625923, 35.512499665 ], [ 137.037563923, 35.512499665 ], [ 137.037500924, 35.512499665 ], [ 137.037500924, 35.512541665 ], [ 137.037563924, 35.512541665 ], [ 137.037625924, 35.512541665 ], [ 137.037688924, 35.512541665 ], [ 137.037750923, 35.512541665 ], [ 137.037750924, 35.512582665 ], [ 137.037813924, 35.512582665 ] ] ] } },
{ "type": "Feature", "properties": { "A31a_101": "8505090072", "A31a_102": "川浦川", "A31a_103": "21", "A31a_104": "岐阜県", "A31a_105": 4 }, "geometry": { "type": "Polygon", "coordinates": [ [ [ 137.053313943, 35.521499667 ], [ 137.053313942, 35.521457667 ], [ 137.053250942, 35.521457667 ], [ 137.053188943, 35.521457667 ], [ 137.053125943, 35.521457667 ], [ 137.053125943, 35.521499667 ], [ 137.053125943, 35.521541667 ], [ 137.053125944, 35.521582667 ], [ 137.053188943, 35.521582667 ], [ 137.053188943, 35.521541667 ], [ 137.053250943, 35.521541667 ], [ 137.053250943, 35.521499667 ], [ 137.053313943, 35.521499667 ] ] ] } },
{ "type": "Feature", "properties": { "A31a_101": "8505090072", "A31a_102": "川浦川", "A31a_103": "21", "A31a_104": "岐阜県", "A31a_105": 4 }, "geometry": { "type": "Polygon", "coordinates": [ [ [ 137.048438942, 35.519082666 ], [ 137.048438942, 35.519041666 ], [ 137.048438942, 35.518999666 ], [ 137.048375942, 35.518999666 ], [ 137.048375942, 35.518957666 ], [ 137.048313942, 35.518957666 ], [ 137.048250942, 35.518957666 ], [ 137.048250942, 35.518999666 ], [ 137.048313942, 35.518999666 ], [ 137.048313942, 35.519041666 ], [ 137.048313942, 35.519082666 ], [ 137.048375942, 35.519082666 ], [ 137.048438942, 35.519082666 ] ] ] } },
{ "type": "Feature", "properties": { "A31a_101": "8505090072", "A31a_102": "川浦川", "A31a_103": "21", "A31a_104": "岐阜県", "A31a_105": 4 }, "geometry": { "type": "Polygon", "coordinates": [ [ [ 137.052000952, 35.522291665 ], [ 137.052000952, 35.522249665 ], [ 137.052000951, 35.522207665 ], [ 137.052000951, 35.522166665 ], [ 137.051938951, 35.522166665 ], [ 137.051938951, 35.522124665 ], [ 137.051875951, 35.522124665 ], [ 137.051875951, 35.522166665 ], [ 137.051875952, 35.522207665 ], [ 137.051875952, 35.522249665 ], [ 137.051938952, 35.522249665 ], [ 137.051938952, 35.522291665 ], [ 137.052000952, 35.522291665 ] ] ] } },
{ "type": "Feature", "properties": { "A31a_101": "8505090072", "A31a_102": "川浦川", "A31a_103": "21", "A31a_104": "岐阜県", "A31a_105": 4 }, "geometry": { "type": "Polygon", "coordinates": [ [ [ 137.052750946, 35.521707666 ], [ 137.052750945, 35.521666667 ], [ 137.052688946, 35.521666666 ], [ 137.052625946, 35.521666666 ], [ 137.052563946, 35.521666666 ], [ 137.052500946, 35.521666666 ], [ 137.052500947, 35.521707666 ], [ 137.052500947, 35.521749666 ], [ 137.052563947, 35.521749666 ], [ 137.052625946, 35.521749666 ], [ 137.052625946, 35.521707666 ], [ 137.052688946, 35.521707666 ], [ 137.052750946, 35.521707666 ] ] ] } },
{ "type": "Feature", "properties": { "A31a_101": "8505090072", "A31a_102": "川浦川", "A31a_103": "21", "A31a_104": "岐阜県", "A31a_105": 4 }, "geometry": { "type": "Polygon", "coordinates": [ [ [ 136.965313733, 35.48420765 ], [ 136.965313733, 35.48416665 ], [ 136.965250733, 35.48416665 ], [ 136.965188733, 35.48416665 ], [ 136.965125732, 35.48416665 ], [ 136.965063732, 35.48416665 ], [ 136.965000732, 35.48416665 ], [ 136.965000732, 35.48420765 ], [ 136.965000732, 35.48424965 ], [ 136.965063732, 35.48424965 ], [ 136.965063732, 35.48420765 ], [ 136.965125732, 35.48420765 ], [ 136.965188733, 35.48420765 ], [ 136.965250733, 35.48420765 ], [ 136.965313733, 35.48420765 ] ] ] } },
{ "type": "Feature", "properties": { "A31a_101": "8505090072", "A31a_102": "川浦川", "A31a_103": "21", "A31a_104": "岐阜県", "A31a_105": 4 }, "geometry": { "type": "Polygon", "coordinates": [ [ [ 137.047188941, 35.518582666 ], [ 137.047188941, 35.518541666 ], [ 137.047125941, 35.518541666 ], [ 137.047063941, 35.518541666 ], [ 137.047000942, 35.518541666 ], [ 137.046938942, 35.518541666 ], [ 137.046875942, 35.518541665 ], [ 137.046813942, 35.518541665 ], [ 137.046813942, 35.518582665 ], [ 137.046875942, 35.518582665 ], [ 137.046938942, 35.518582665 ], [ 137.047000942, 35.518582666 ], [ 137.047063942, 35.518582666 ], [ 137.047125942, 35.518582666 ], [ 137.047188941, 35.518582666 ] ] ] } },
{ "type": "Feature", "properties": { "A31a_101": "8505090072", "A31a_102": "川浦川", "A31a_103": "21", "A31a_104": "岐阜県", "A31a_105": 4 }, "geometry": { "type": "Polygon", "coordinates": [ [ [ 137.046250921, 35.514707669 ], [ 137.04625092, 35.514666669 ], [ 137.04625092, 35.514624669 ], [ 137.04618892, 35.514624669 ], [ 137.04618892, 35.514582669 ], [ 137.04612592, 35.514582669 ], [ 137.04606392, 35.514582669 ], [ 137.04606392, 35.514624669 ], [ 137.04612592, 35.514624669 ], [ 137.046125921, 35.514666669 ], [ 137.04618892, 35.514666669 ], [ 137.046188921, 35.514707669 ], [ 137.046250921, 35.514707669 ] ] ] } },
{ "type": "Feature", "properties": { "A31a_101": "8505090072", "A31a_102": "川浦川", "A31a_103": "21", "A31a_104": "岐阜県", "A31a_105": 4 }, "geometry": { "type": "Polygon", "coordinates": [ [ [ 137.047625944, 35.519082665 ], [ 137.047625943, 35.519041665 ], [ 137.047625943, 35.518999666 ], [ 137.047625943, 35.518957666 ], [ 137.047563943, 35.518957666 ], [ 137.047500943, 35.518957665 ], [ 137.047500943, 35.518999665 ], [ 137.047500944, 35.519041665 ], [ 137.047563944, 35.519041665 ], [ 137.047563944, 35.519082665 ], [ 137.047625944, 35.519082665 ] ] ] } },
{ "type": "Feature", "properties": { "A31a_101": "8505090072", "A31a_102": "川浦川", "A31a_103": "21", "A31a_104": "岐阜県", "A31a_105": 4 }, "geometry": { "type": "Polygon", "coordinates": [ [ [ 137.002750827, 35.492666657 ], [ 137.002750827, 35.492624657 ], [ 137.002688827, 35.492624657 ], [ 137.002625827, 35.492624657 ], [ 137.002625827, 35.492666657 ], [ 137.002563827, 35.492666657 ], [ 137.002563827, 35.492624657 ], [ 137.002500827, 35.492624657 ], [ 137.002500827, 35.492666657 ], [ 137.002563827, 35.492666657 ], [ 137.002563827, 35.492707657 ], [ 137.002625827, 35.492707657 ], [ 137.002688827, 35.492707657 ], [ 137.002688827, 35.492666657 ], [ 137.002750827, 35.492666657 ] ] ] } },
{ "type": "Feature", "properties": { "A31a_101": "8505090072", "A31a_102": "川浦川", "A31a_103": "21", "A31a_104": "岐阜県", "A31a_105": 4 }, "geometry": { "type": "Polygon", "coordinates": [ [ [ 137.003313828, 35.492624657 ], [ 137.003313827, 35.492582657 ], [ 137.003250827, 35.492582657 ], [ 137.003250827, 35.492541657 ], [ 137.003188827, 35.492541657 ], [ 137.003125827, 35.492541657 ], [ 137.003125827, 35.492582657 ], [ 137.003125827, 35.492624657 ], [ 137.003188827, 35.492624657 ], [ 137.003250828, 35.492624657 ], [ 137.003313828, 35.492624657 ] ] ] } },
{ "type": "Feature", "properties": { "A31a_101": "8505090072", "A31a_102": "川浦川", "A31a_103": "21", "A31a_104": "岐阜県", "A31a_105": 4 }, "geometry": { "type": "Polygon", "coordinates": [ [ [ 137.00800084, 35.494999658 ], [ 137.00800084, 35.494957658 ], [ 137.007938839, 35.494957658 ], [ 137.007938839, 35.494916658 ], [ 137.007875839, 35.494916658 ], [ 137.007875839, 35.494874658 ], [ 137.007813839, 35.494874658 ], [ 137.007813839, 35.494916658 ], [ 137.007813839, 35.494957658 ], [ 137.007875839, 35.494957658 ], [ 137.00787584, 35.494999658 ], [ 137.00793884, 35.494999658 ], [ 137.00800084, 35.494999658 ] ] ] } },
{ "type": "Feature", "properties": { "A31a_101": "8505090072", "A31a_102": "川浦川", "A31a_103": "21", "A31a_104": "岐阜県", "A31a_105": 4 }, "geometry": { "type": "Polygon", "coordinates": [ [ [ 137.04593892, 35.514457669 ], [ 137.045938919, 35.514416669 ], [ 137.04587592, 35.514416669 ], [ 137.045875919, 35.514374669 ], [ 137.045813919, 35.514374669 ], [ 137.04575092, 35.514374669 ], [ 137.04568892, 35.514374669 ], [ 137.04568892, 35.514416669 ], [ 137.04575092, 35.514416669 ], [ 137.04581392, 35.514416669 ], [ 137.04581392, 35.514457669 ], [ 137.04587592, 35.514457669 ], [ 137.04593892, 35.514457669 ] ] ] } },
{ "type": "Feature", "properties": { "A31a_101": "8505090072", "A31a_102": "川浦川", "A31a_103": "21", "A31a_104": "岐阜県", "A31a_105": 4 }, "geometry": { "type": "Polygon", "coordinates": [ [ [ 136.992750812, 35.492707654 ], [ 136.992750812, 35.492666654 ], [ 136.992688812, 35.492666654 ], [ 136.992688812, 35.492624654 ], [ 136.992625812, 35.492624654 ], [ 136.992625811, 35.492582654 ], [ 136.992563811, 35.492582654 ], [ 136.992563811, 35.492541654 ], [ 136.992500811, 35.492541654 ], [ 136.992500811, 35.492582654 ], [ 136.992563811, 35.492582654 ], [ 136.992563811, 35.492624654 ], [ 136.992563812, 35.492666654 ], [ 136.992625812, 35.492666654 ], [ 136.992688812, 35.492666654 ], [ 136.992688812, 35.492707654 ], [ 136.992750812, 35.492707654 ] ] ] } },
{ "type": "Feature", "properties": { "A31a_101": "8505090072", "A31a_102": "川浦川", "A31a_103": "21", "A31a_104": "岐阜県", "A31a_105": 4 }, "geometry": { "type": "Polygon", "coordinates": [ [ [ 137.002938827, 35.492582657 ], [ 137.002938827, 35.492541657 ], [ 137.002875827, 35.492541657 ], [ 137.002813827, 35.492541657 ], [ 137.002750827, 35.492541657 ], [ 137.002750827, 35.492582657 ], [ 137.002750827, 35.492624657 ], [ 137.002813827, 35.492624657 ], [ 137.002875827, 35.492624657 ], [ 137.002875827, 35.492582657 ], [ 137.002938827, 35.492582657 ] ] ] } },
{ "type": "Feature", "properties": { "A31a_101": "8505090072", "A31a_102": "川浦川", "A31a_103": "21", "A31a_104": "岐阜県", "A31a_105": 4 }, "geometry": { "type": "Polygon", "coordinates": [ [ [ 137.055375936, 35.521666669 ], [ 137.055375936, 35.521624669 ], [ 137.055375936, 35.521582669 ], [ 137.055375936, 35.521541669 ], [ 137.055375935, 35.521499669 ], [ 137.055375935, 35.521457669 ], [ 137.055313935, 35.521457669 ], [ 137.055313936, 35.521499669 ], [ 137.055313936, 35.521541669 ], [ 137.055313936, 35.521582669 ], [ 137.055313936, 35.521624669 ], [ 137.055313937, 35.521666668 ], [ 137.055375936, 35.521666669 ] ] ] } },
{ "type": "Feature", "properties": { "A31a_101": "8505090072", "A31a_102": "川浦川", "A31a_103": "21", "A31a_104": "岐阜県", "A31a_105": 4 }, "geometry": { "type": "Polygon", "coordinates": [ [ [ 137.003438829, 35.493166657 ], [ 137.003438829, 35.493124657 ], [ 137.003375829, 35.493124657 ], [ 137.003313829, 35.493124657 ], [ 137.003250829, 35.493124657 ], [ 137.003188829, 35.493124657 ], [ 137.003188829, 35.493166657 ], [ 137.003250829, 35.493166657 ], [ 137.003313829, 35.493166657 ], [ 137.003375829, 35.493166657 ], [ 137.003438829, 35.493166657 ] ] ] } },
{ "type": "Feature", "properties": { "A31a_101": "8505090072", "A31a_102": "川浦川", "A31a_103": "21", "A31a_104": "岐阜県", "A31a_105": 4 }, "geometry": { "type": "Polygon", "coordinates": [ [ [ 136.971438751, 35.484999648 ], [ 136.971438751, 35.484957648 ], [ 136.97137575, 35.484957648 ], [ 136.97131375, 35.484957648 ], [ 136.97131375, 35.484916648 ], [ 136.97125075, 35.484916648 ], [ 136.97125075, 35.484957648 ], [ 136.97125075, 35.484999648 ], [ 136.97131375, 35.484999648 ], [ 136.97137575, 35.484999648 ], [ 136.971438751, 35.484999648 ] ] ] } },
{ "type": "Feature", "properties": { "A31a_101": "8505090072", "A31a_102": "川浦川", "A31a_103": "21", "A31a_104": "岐阜県", "A31a_105": 4 }, "geometry": { "type": "Polygon", "coordinates": [ [ [ 137.049688944, 35.519707666 ], [ 137.049688944, 35.519666666 ], [ 137.049688943, 35.519624666 ], [ 137.049688943, 35.519582666 ], [ 137.049625943, 35.519582666 ], [ 137.049563943, 35.519582666 ], [ 137.049563944, 35.519624666 ], [ 137.049625943, 35.519624666 ], [ 137.049625944, 35.519666666 ], [ 137.049625944, 35.519707666 ], [ 137.049688944, 35.519707666 ] ] ] } },
{ "type": "Feature", "properties": { "A31a_101": "8505090072", "A31a_102": "川浦川", "A31a_103": "21", "A31a_104": "岐阜県", "A31a_105": 4 }, "geometry": { "type": "Polygon", "coordinates": [ [ [ 137.003063828, 35.492916657 ], [ 137.003063828, 35.492874657 ], [ 137.003000828, 35.492874657 ], [ 137.003000828, 35.492832657 ], [ 137.002938828, 35.492832657 ], [ 137.002875828, 35.492832657 ], [ 137.002875828, 35.492791657 ], [ 137.002813828, 35.492791657 ], [ 137.002813828, 35.492832657 ], [ 137.002875828, 35.492832657 ], [ 137.002875828, 35.492874657 ], [ 137.002938828, 35.492874657 ], [ 137.003000828, 35.492874657 ], [ 137.003000828, 35.492916657 ], [ 137.003063828, 35.492916657 ] ] ] } },
{ "type": "Feature", "properties": { "A31a_101": "8505090072", "A31a_102": "川浦川", "A31a_103": "21", "A31a_104": "岐阜県", "A31a_105": 4 }, "geometry": { "type": "Polygon", "coordinates": [ [ [ 136.998938828, 35.494416655 ], [ 136.998938828, 35.494374655 ], [ 136.998938828, 35.494332655 ], [ 136.998875828, 35.494332655 ], [ 136.998875828, 35.494374655 ], [ 136.998813828, 35.494374655 ], [ 136.998813828, 35.494416655 ], [ 136.998813828, 35.494457655 ], [ 136.998875828, 35.494457655 ], [ 136.998875828, 35.494416655 ], [ 136.998938828, 35.494416655 ] ] ] } },
{ "type": "Feature", "properties": { "A31a_101": "8505090072", "A31a_102": "川浦川", "A31a_103": "21", "A31a_104": "岐阜県", "A31a_105": 4 }, "geometry": { "type": "Polygon", "coordinates": [ [ [ 136.964875732, 35.484791651 ], [ 136.964875732, 35.484749651 ], [ 136.964875732, 35.484707651 ], [ 136.964813732, 35.484707651 ], [ 136.964813732, 35.484666651 ], [ 136.964750732, 35.484666651 ], [ 136.964750732, 35.484707651 ], [ 136.964750732, 35.484749651 ], [ 136.964813732, 35.484749651 ], [ 136.964813732, 35.484791651 ], [ 136.964875732, 35.484791651 ] ] ] } },
{ "type": "Feature", "properties": { "A31a_101": "8505090072", "A31a_102": "川浦川", "A31a_103": "21", "A31a_104": "岐阜県", "A31a_105": 4 }, "geometry": { "type": "Polygon", "coordinates": [ [ [ 137.031563911, 35.509707664 ], [ 137.031563911, 35.509666664 ], [ 137.031563911, 35.509624664 ], [ 137.031500911, 35.509624664 ], [ 137.031500911, 35.509582664 ], [ 137.031438911, 35.509582664 ], [ 137.031438911, 35.509624664 ], [ 137.031438911, 35.509666664 ], [ 137.031500911, 35.509666664 ], [ 137.031500911, 35.509707664 ], [ 137.031563911, 35.509707664 ] ] ] } },
{ "type": "Feature", "properties": { "A31a_101": "8505090072", "A31a_102": "川浦川", "A31a_103": "21", "A31a_104": "岐阜県", "A31a_105": 4 }, "geometry": { "type": "Polygon", "coordinates": [ [ [ 136.998250825, 35.493707655 ], [ 136.998250825, 35.493666655 ], [ 136.998250825, 35.493624655 ], [ 136.998188825, 35.493624655 ], [ 136.998188825, 35.493666655 ], [ 136.998125825, 35.493666655 ], [ 136.998125825, 35.493707655 ], [ 136.998125825, 35.493749655 ], [ 136.998188825, 35.493749655 ], [ 136.998188825, 35.493707655 ], [ 136.998250825, 35.493707655 ] ] ] } },
{ "type": "Feature", "properties": { "A31a_101": "8505090072", "A31a_102": "川浦川", "A31a_103": "21", "A31a_104": "岐阜県", "A31a_105": 4 }, "geometry": { "type": "Polygon", "coordinates": [ [ [ 137.000188825, 35.492582656 ], [ 137.000188825, 35.492541656 ], [ 137.000125825, 35.492541656 ], [ 137.000063825, 35.492541656 ], [ 137.000063825, 35.492582656 ], [ 137.000000825, 35.492582656 ], [ 137.000000825, 35.492624656 ], [ 137.000063825, 35.492624656 ], [ 137.000125825, 35.492624656 ], [ 137.000125825, 35.492582656 ], [ 137.000188825, 35.492582656 ] ] ] } },
{ "type": "Feature", "properties": { "A31a_101": "8505090072", "A31a_102": "川浦川", "A31a_103": "21", "A31a_104": "岐阜県", "A31a_105": 4 }, "geometry": { "type": "Polygon", "coordinates": [ [ [ 137.025813915, 35.509791661 ], [ 137.025813915, 35.509749661 ], [ 137.025750915, 35.509749661 ], [ 137.025688915, 35.509749661 ], [ 137.025625915, 35.509749661 ], [ 137.025625915, 35.509791661 ], [ 137.025688915, 35.509791661 ], [ 137.025750915, 35.509791661 ], [ 137.025813915, 35.509791661 ] ] ] } },
{ "type": "Feature", "properties": { "A31a_101": "8505090072", "A31a_102": "川浦川", "A31a_103": "21", "A31a_104": "岐阜県", "A31a_105": 4 }, "geometry": { "type": "Polygon", "coordinates": [ [ [ 137.002438827, 35.492791657 ], [ 137.002438827, 35.492749657 ], [ 137.002375827, 35.492749657 ], [ 137.002313827, 35.492749657 ], [ 137.002313827, 35.492707657 ], [ 137.002250827, 35.492707656 ], [ 137.002250827, 35.492749656 ], [ 137.002313827, 35.492749657 ], [ 137.002313827, 35.492791657 ], [ 137.002375827, 35.492791657 ], [ 137.002438827, 35.492791657 ] ] ] } },
{ "type": "Feature", "properties": { "A31a_101": "8505090072", "A31a_102": "川浦川", "A31a_103": "21", "A31a_104": "岐阜県", "A31a_105": 4 }, "geometry": { "type": "Polygon", "coordinates": [ [ [ 137.053813938, 35.520957668 ], [ 137.053813937, 35.520916668 ], [ 137.053813937, 35.520874668 ], [ 137.053813937, 35.520832668 ], [ 137.053750937, 35.520832668 ], [ 137.053750937, 35.520874668 ], [ 137.053750938, 35.520916668 ], [ 137.053750938, 35.520957668 ], [ 137.053813938, 35.520957668 ] ] ] } },
{ "type": "Feature", "properties": { "A31a_101": "8505090072", "A31a_102": "川浦川", "A31a_103": "21", "A31a_104": "岐阜県", "A31a_105": 4 }, "geometry": { "type": "Polygon", "coordinates": [ [ [ 137.034375918, 35.511291665 ], [ 137.034375918, 35.511249665 ], [ 137.034313918, 35.511249665 ], [ 137.034250918, 35.511249665 ], [ 137.034188918, 35.511249665 ], [ 137.034188918, 35.511291665 ], [ 137.034250918, 35.511291665 ], [ 137.034313918, 35.511291665 ], [ 137.034375918, 35.511291665 ] ] ] } },
{ "type": "Feature", "properties": { "A31a_101": "8505090072", "A31a_102": "川浦川", "A31a_103": "21", "A31a_104": "岐阜県", "A31a_105": 4 }, "geometry": { "type": "Polygon", "coordinates": [ [ [ 137.000375825, 35.492541656 ], [ 137.000375825, 35.492499656 ], [ 137.000313825, 35.492499656 ], [ 137.000250825, 35.492499656 ], [ 137.000188825, 35.492499656 ], [ 137.000188825, 35.492541656 ], [ 137.000250825, 35.492541656 ], [ 137.000313825, 35.492541656 ], [ 137.000375825, 35.492541656 ] ] ] } },
{ "type": "Feature", "properties": { "A31a_101": "8505090072", "A31a_102": "川浦川", "A31a_103": "21", "A31a_104": "岐阜県", "A31a_105": 4 }, "geometry": { "type": "Polygon", "coordinates": [ [ [ 137.001875826, 35.492541656 ], [ 137.001875826, 35.492499656 ], [ 137.001813826, 35.492499656 ], [ 137.001750826, 35.492499656 ], [ 137.001688826, 35.492499656 ], [ 137.001688826, 35.492541656 ], [ 137.001750826, 35.492541656 ], [ 137.001813826, 35.492541656 ], [ 137.001875826, 35.492541656 ] ] ] } },
{ "type": "Feature", "properties": { "A31a_101": "8505090072", "A31a_102": "川浦川", "A31a_103": "21", "A31a_104": "岐阜県", "A31a_105": 4 }, "geometry": { "type": "Polygon", "coordinates": [ [ [ 136.997000826, 35.494999655 ], [ 136.997000826, 35.494957655 ], [ 136.996938826, 35.494957655 ], [ 136.996938826, 35.494916655 ], [ 136.996938826, 35.494874655 ], [ 136.996875826, 35.494874655 ], [ 136.996875826, 35.494916655 ], [ 136.996875826, 35.494957655 ], [ 136.996938826, 35.494957655 ], [ 136.996938826, 35.494999655 ], [ 136.997000826, 35.494999655 ] ] ] } },
{ "type": "Feature", "properties": { "A31a_101": "8505090072", "A31a_102": "川浦川", "A31a_103": "21", "A31a_104": "岐阜県", "A31a_105": 4 }, "geometry": { "type": "Polygon", "coordinates": [ [ [ 136.995500822, 35.494374655 ], [ 136.995500822, 35.494332655 ], [ 136.995438821, 35.494332655 ], [ 136.995375821, 35.494332655 ], [ 136.995375821, 35.494291655 ], [ 136.995313821, 35.494291655 ], [ 136.995313821, 35.494332655 ], [ 136.995375821, 35.494332655 ], [ 136.995375821, 35.494374655 ], [ 136.995438822, 35.494374655 ], [ 136.995500822, 35.494374655 ] ] ] } },
{ "type": "Feature", "properties": { "A31a_101": "8505090072", "A31a_102": "川浦川", "A31a_103": "21", "A31a_104": "岐阜県", "A31a_105": 4 }, "geometry": { "type": "Polygon", "coordinates": [ [ [ 137.033438918, 35.511124664 ], [ 137.033438918, 35.511082664 ], [ 137.033375918, 35.511082664 ], [ 137.033375918, 35.511041664 ], [ 137.033313918, 35.511041664 ], [ 137.033250918, 35.511041664 ], [ 137.033250918, 35.511082664 ], [ 137.033313918, 35.511082664 ], [ 137.033375918, 35.511082664 ], [ 137.033375918, 35.511124664 ], [ 137.033438918, 35.511124664 ] ] ] } },
{ "type": "Feature", "properties": { "A31a_101": "8505090072", "A31a_102": "川浦川", "A31a_103": "21", "A31a_104": "岐阜県", "A31a_105": 4 }, "geometry": { "type": "Polygon", "coordinates": [ [ [ 137.03593892, 35.511749665 ], [ 137.03593892, 35.511707665 ], [ 137.03593892, 35.511666665 ], [ 137.03587592, 35.511666665 ], [ 137.03581392, 35.511666665 ], [ 137.03581392, 35.511707665 ], [ 137.03587592, 35.511707665 ], [ 137.03587592, 35.511749665 ], [ 137.03593892, 35.511749665 ] ] ] } },
{ "type": "Feature", "properties": { "A31a_101": "8505090072", "A31a_102": "川浦川", "A31a_103": "21", "A31a_104": "岐阜県", "A31a_105": 4 }, "geometry": { "type": "Polygon", "coordinates": [ [ [ 136.997813824, 35.493707655 ], [ 136.997813824, 35.493666655 ], [ 136.997813824, 35.493624655 ], [ 136.997750824, 35.493624655 ], [ 136.997750824, 35.493666655 ], [ 136.997688824, 35.493666655 ], [ 136.997688824, 35.493707655 ], [ 136.997750824, 35.493707655 ], [ 136.997813824, 35.493707655 ] ] ] } },
{ "type": "Feature", "properties": { "A31a_101": "8505090072", "A31a_102": "川浦川", "A31a_103": "21", "A31a_104": "岐阜県", "A31a_105": 4 }, "geometry": { "type": "Polygon", "coordinates": [ [ [ 137.026875911, 35.509166662 ], [ 137.026875911, 35.509124662 ], [ 137.026875911, 35.509082662 ], [ 137.026875911, 35.509041662 ], [ 137.026813911, 35.509041662 ], [ 137.026813911, 35.509082662 ], [ 137.026813911, 35.509124662 ], [ 137.026813911, 35.509166662 ], [ 137.026875911, 35.509166662 ] ] ] } },
{ "type": "Feature", "properties": { "A31a_101": "8505090072", "A31a_102": "川浦川", "A31a_103": "21", "A31a_104": "岐阜県", "A31a_105": 4 }, "geometry": { "type": "Polygon", "coordinates": [ [ [ 137.025375914, 35.509582661 ], [ 137.025375914, 35.509541661 ], [ 137.025375914, 35.509499661 ], [ 137.025375914, 35.509457661 ], [ 137.025313914, 35.509457661 ], [ 137.025313914, 35.509499661 ], [ 137.025313914, 35.509541661 ], [ 137.025313914, 35.50958266 ], [ 137.025375914, 35.509582661 ] ] ] } },
{ "type": "Feature", "properties": { "A31a_101": "8505090072", "A31a_102": "川浦川", "A31a_103": "21", "A31a_104": "岐阜県", "A31a_105": 4 }, "geometry": { "type": "Polygon", "coordinates": [ [ [ 136.996938825, 35.494541655 ], [ 136.996938825, 35.494499655 ], [ 136.996938825, 35.494457655 ], [ 136.996875825, 35.494457655 ], [ 136.996875825, 35.494499655 ], [ 136.996875825, 35.494541655 ], [ 136.996938825, 35.494541655 ] ] ] } },
{ "type": "Feature", "properties": { "A31a_101": "8505090072", "A31a_102": "川浦川", "A31a_103": "21", "A31a_104": "岐阜県", "A31a_105": 4 }, "geometry": { "type": "Polygon", "coordinates": [ [ [ 136.998813829, 35.494541655 ], [ 136.998813828, 35.494499655 ], [ 136.998813828, 35.494457655 ], [ 136.998750828, 35.494457655 ], [ 136.998750828, 35.494499655 ], [ 136.998750828, 35.494541655 ], [ 136.998813829, 35.494541655 ] ] ] } },
{ "type": "Feature", "properties": { "A31a_101": "8505090072", "A31a_102": "川浦川", "A31a_103": "21", "A31a_104": "岐阜県", "A31a_105": 4 }, "geometry": { "type": "Polygon", "coordinates": [ [ [ 137.042313921, 35.513541668 ], [ 137.042313921, 35.513499668 ], [ 137.042250921, 35.513499668 ], [ 137.042250921, 35.513457668 ], [ 137.042188921, 35.513457668 ], [ 137.042188921, 35.513499668 ], [ 137.042250921, 35.513499668 ], [ 137.042250921, 35.513541668 ], [ 137.042313921, 35.513541668 ] ] ] } },
{ "type": "Feature", "properties": { "A31a_101": "8505090072", "A31a_102": "川浦川", "A31a_103": "21", "A31a_104": "岐阜県", "A31a_105": 4 }, "geometry": { "type": "Polygon", "coordinates": [ [ [ 137.054688933, 35.520666669 ], [ 137.054688933, 35.520624669 ], [ 137.054625933, 35.520624669 ], [ 137.054563933, 35.520624669 ], [ 137.054563933, 35.520666669 ], [ 137.054625933, 35.520666669 ], [ 137.054688933, 35.520666669 ] ] ] } },
{ "type": "Feature", "properties": { "A31a_101": "8505090072", "A31a_102": "川浦川", "A31a_103": "21", "A31a_104": "岐阜県", "A31a_105": 4 }, "geometry": { "type": "Polygon", "coordinates": [ [ [ 137.046563936, 35.517499666 ], [ 137.046563936, 35.517457666 ], [ 137.046563936, 35.517416666 ], [ 137.046500936, 35.517416666 ], [ 137.046500936, 35.517457666 ], [ 137.046500936, 35.517499666 ], [ 137.046563936, 35.517499666 ] ] ] } },
{ "type": "Feature", "properties": { "A31a_101": "8505090072", "A31a_102": "川浦川", "A31a_103": "21", "A31a_104": "岐阜県", "A31a_105": 4 }, "geometry": { "type": "Polygon", "coordinates": [ [ [ 137.062188935, 35.525707668 ], [ 137.062188935, 35.525666668 ], [ 137.062188935, 35.525624668 ], [ 137.062125935, 35.525624668 ], [ 137.062125935, 35.525666668 ], [ 137.062125936, 35.525707668 ], [ 137.062188935, 35.525707668 ] ] ] } },
{ "type": "Feature", "properties": { "A31a_101": "8505090072", "A31a_102": "川浦川", "A31a_103": "21", "A31a_104": "岐阜県", "A31a_105": 4 }, "geometry": { "type": "Polygon", "coordinates": [ [ [ 137.055000933, 35.520916669 ], [ 137.055000933, 35.520874669 ], [ 137.055000933, 35.520832669 ], [ 137.054938933, 35.520832669 ], [ 137.054938933, 35.520874669 ], [ 137.054938933, 35.520916669 ], [ 137.055000933, 35.520916669 ] ] ] } },
{ "type": "Feature", "properties": { "A31a_101": "8505090072", "A31a_102": "川浦川", "A31a_103": "21", "A31a_104": "岐阜県", "A31a_105": 4 }, "geometry": { "type": "Polygon", "coordinates": [ [ [ 136.964750732, 35.484624651 ], [ 136.964750732, 35.484582651 ], [ 136.964750732, 35.484541651 ], [ 136.964688731, 35.484541651 ], [ 136.964688731, 35.484582651 ], [ 136.964688731, 35.484624651 ], [ 136.964750732, 35.484624651 ] ] ] } },
{ "type": "Feature", "properties": { "A31a_101": "8505090072", "A31a_102": "川浦川", "A31a_103": "21", "A31a_104": "岐阜県", "A31a_105": 4 }, "geometry": { "type": "Polygon", "coordinates": [ [ [ 137.03125091, 35.509457664 ], [ 137.03125091, 35.509416664 ], [ 137.03125091, 35.509374664 ], [ 137.03118891, 35.509374664 ], [ 137.03118891, 35.509416664 ], [ 137.03118891, 35.509457664 ], [ 137.03125091, 35.509457664 ] ] ] } },
{ "type": "Feature", "properties": { "A31a_101": "8505090072", "A31a_102": "川浦川", "A31a_103": "21", "A31a_104": "岐阜県", "A31a_105": 4 }, "geometry": { "type": "Polygon", "coordinates": [ [ [ 137.036938924, 35.512541665 ], [ 137.036938924, 35.512499665 ], [ 137.036875924, 35.512499665 ], [ 137.036875924, 35.512541665 ], [ 137.036938924, 35.512541665 ] ] ] } },
{ "type": "Feature", "properties": { "A31a_101": "8505090072", "A31a_102": "川浦川", "A31a_103": "21", "A31a_104": "岐阜県", "A31a_105": 4 }, "geometry": { "type": "Polygon", "coordinates": [ [ [ 136.999813825, 35.492749656 ], [ 136.999813825, 35.492707656 ], [ 136.999750825, 35.492707656 ], [ 136.999750825, 35.492749656 ], [ 136.999813825, 35.492749656 ] ] ] } },
{ "type": "Feature", "properties": { "A31a_101": "8505090072", "A31a_102": "川浦川", "A31a_103": "21", "A31a_104": "岐阜県", "A31a_105": 4 }, "geometry": { "type": "Polygon", "coordinates": [ [ [ 137.046563922, 35.515041669 ], [ 137.046563922, 35.514999669 ], [ 137.046500922, 35.514999669 ], [ 137.046500922, 35.515041669 ], [ 137.046563922, 35.515041669 ] ] ] } },
{ "type": "Feature", "properties": { "A31a_101": "8505090072", "A31a_102": "川浦川", "A31a_103": "21", "A31a_104": "岐阜県", "A31a_105": 4 }, "geometry": { "type": "Polygon", "coordinates": [ [ [ 136.998813825, 35.493374655 ], [ 136.998813825, 35.493332655 ], [ 136.998750825, 35.493332655 ], [ 136.998750825, 35.493374655 ], [ 136.998813825, 35.493374655 ] ] ] } },
{ "type": "Feature", "properties": { "A31a_101": "8505090072", "A31a_102": "川浦川", "A31a_103": "21", "A31a_104": "岐阜県", "A31a_105": 4 }, "geometry": { "type": "Polygon", "coordinates": [ [ [ 136.998313825, 35.493624655 ], [ 136.998313825, 35.493582655 ], [ 136.998250825, 35.493582655 ], [ 136.998250825, 35.493624655 ], [ 136.998313825, 35.493624655 ] ] ] } },
{ "type": "Feature", "properties": { "A31a_101": "8505090072", "A31a_102": "川浦川", "A31a_103": "21", "A31a_104": "岐阜県", "A31a_105": 4 }, "geometry": { "type": "Polygon", "coordinates": [ [ [ 136.997063825, 35.494416655 ], [ 136.997063825, 35.494374655 ], [ 136.997000825, 35.494374655 ], [ 136.997000825, 35.494416655 ], [ 136.997063825, 35.494416655 ] ] ] } },
{ "type": "Feature", "properties": { "A31a_101": "8505090072", "A31a_102": "川浦川", "A31a_103": "21", "A31a_104": "岐阜県", "A31a_105": 4 }, "geometry": { "type": "Polygon", "coordinates": [ [ [ 136.997688824, 35.493749655 ], [ 136.997688824, 35.493707655 ], [ 136.997625824, 35.493707655 ], [ 136.997625824, 35.493749655 ], [ 136.997688824, 35.493749655 ] ] ] } },
{ "type": "Feature", "properties": { "A31a_101": "8505090072", "A31a_102": "川浦川", "A31a_103": "21", "A31a_104": "岐阜県", "A31a_105": 4 }, "geometry": { "type": "Polygon", "coordinates": [ [ [ 136.997563825, 35.494041655 ], [ 136.997563825, 35.493999655 ], [ 136.997500824, 35.493999655 ], [ 136.997500825, 35.494041655 ], [ 136.997563825, 35.494041655 ] ] ] } },
{ "type": "Feature", "properties": { "A31a_101": "8505090072", "A31a_102": "川浦川", "A31a_103": "21", "A31a_104": "岐阜県", "A31a_105": 4 }, "geometry": { "type": "Polygon", "coordinates": [ [ [ 137.062813937, 35.526499668 ], [ 137.062813937, 35.526457668 ], [ 137.062750937, 35.526457668 ], [ 137.062750937, 35.526499668 ], [ 137.062813937, 35.526499668 ] ] ] } },
{ "type": "Feature", "properties": { "A31a_101": "8505090072", "A31a_102": "川浦川", "A31a_103": "21", "A31a_104": "岐阜県", "A31a_105": 4 }, "geometry": { "type": "Polygon", "coordinates": [ [ [ 137.036250921, 35.511916665 ], [ 137.036250921, 35.511874665 ], [ 137.036188921, 35.511874665 ], [ 137.036188921, 35.511916665 ], [ 137.036250921, 35.511916665 ] ] ] } },
{ "type": "Feature", "properties": { "A31a_101": "8505090072", "A31a_102": "川浦川", "A31a_103": "21", "A31a_104": "岐阜県", "A31a_105": 4 }, "geometry": { "type": "Polygon", "coordinates": [ [ [ 137.003500827, 35.492541657 ], [ 137.003500827, 35.492499657 ], [ 137.003438827, 35.492499657 ], [ 137.003438827, 35.492541657 ], [ 137.003500827, 35.492541657 ] ] ] } },
{ "type": "Feature", "properties": { "A31a_101": "8505090072", "A31a_102": "川浦川", "A31a_103": "21", "A31a_104": "岐阜県", "A31a_105": 4 }, "geometry": { "type": "Polygon", "coordinates": [ [ [ 136.999125825, 35.493166655 ], [ 136.999125825, 35.493124655 ], [ 136.999063825, 35.493124655 ], [ 136.999063825, 35.493166655 ], [ 136.999125825, 35.493166655 ] ] ] } },
{ "type": "Feature", "properties": { "A31a_101": "8505090072", "A31a_102": "川浦川", "A31a_103": "21", "A31a_104": "岐阜県", "A31a_105": 4 }, "geometry": { "type": "Polygon", "coordinates": [ [ [ 136.997625825, 35.493999655 ], [ 136.997625825, 35.493957655 ], [ 136.997563824, 35.493957655 ], [ 136.997563825, 35.493999655 ], [ 136.997625825, 35.493999655 ] ] ] } },
{ "type": "Feature", "properties": { "A31a_101": "8505090072", "A31a_102": "川浦川", "A31a_103": "21", "A31a_104": "岐阜県", "A31a_105": 4 }, "geometry": { "type": "Polygon", "coordinates": [ [ [ 136.998500829, 35.494791655 ], [ 136.998500829, 35.494749655 ], [ 136.998438828, 35.494749655 ], [ 136.998438829, 35.494791655 ], [ 136.998500829, 35.494791655 ] ] ] } },
{ "type": "Feature", "properties": { "A31a_101": "8505090072", "A31a_102": "川浦川", "A31a_103": "21", "A31a_104": "岐阜県", "A31a_105": 4 }, "geometry": { "type": "Polygon", "coordinates": [ [ [ 137.049375943, 35.519416666 ], [ 137.049375942, 35.519374666 ], [ 137.049313942, 35.519374666 ], [ 137.049313943, 35.519416666 ], [ 137.049375943, 35.519416666 ] ] ] } },
{ "type": "Feature", "properties": { "A31a_101": "8505090072", "A31a_102": "川浦川", "A31a_103": "21", "A31a_104": "岐阜県", "A31a_105": 4 }, "geometry": { "type": "Polygon", "coordinates": [ [ [ 136.999750825, 35.492791656 ], [ 136.999750825, 35.492749656 ], [ 136.999688825, 35.492749655 ], [ 136.999688825, 35.492791655 ], [ 136.999750825, 35.492791656 ] ] ] } },
{ "type": "Feature", "properties": { "A31a_101": "8505090072", "A31a_102": "川浦川", "A31a_103": "21", "A31a_104": "岐阜県", "A31a_105": 4 }, "geometry": { "type": "Polygon", "coordinates": [ [ [ 137.054750932, 35.520624669 ], [ 137.054750932, 35.520582669 ], [ 137.054688932, 35.520582669 ], [ 137.054688933, 35.520624669 ], [ 137.054750932, 35.520624669 ] ] ] } },
{ "type": "Feature", "properties": { "A31a_101": "8505090072", "A31a_102": "川浦川", "A31a_103": "21", "A31a_104": "岐阜県", "A31a_105": 4 }, "geometry": { "type": "Polygon", "coordinates": [ [ [ 137.002500828, 35.492874657 ], [ 137.002500828, 35.492832657 ], [ 137.002438828, 35.492832657 ], [ 137.002438828, 35.492874657 ], [ 137.002500828, 35.492874657 ] ] ] } },
{ "type": "Feature", "properties": { "A31a_101": "8505090072", "A31a_102": "川浦川", "A31a_103": "21", "A31a_104": "岐阜県", "A31a_105": 4 }, "geometry": { "type": "Polygon", "coordinates": [ [ [ 136.965063733, 35.485207651 ], [ 136.965063733, 35.485166651 ], [ 136.965000733, 35.485166651 ], [ 136.965000733, 35.485207651 ], [ 136.965063733, 35.485207651 ] ] ] } },
{ "type": "Feature", "properties": { "A31a_101": "8505090072", "A31a_102": "川浦川", "A31a_103": "21", "A31a_104": "岐阜県", "A31a_105": 4 }, "geometry": { "type": "Polygon", "coordinates": [ [ [ 136.999438825, 35.492957655 ], [ 136.999438825, 35.492916655 ], [ 136.999375825, 35.492916655 ], [ 136.999375825, 35.492957655 ], [ 136.999438825, 35.492957655 ] ] ] } },
{ "type": "Feature", "properties": { "A31a_101": "8505090072", "A31a_102": "川浦川", "A31a_103": "21", "A31a_104": "岐阜県", "A31a_105": 4 }, "geometry": { "type": "Polygon", "coordinates": [ [ [ 137.046875924, 35.515457669 ], [ 137.046875923, 35.515416669 ], [ 137.046813924, 35.515416669 ], [ 137.046813924, 35.515457669 ], [ 137.046875924, 35.515457669 ] ] ] } },
{ "type": "Feature", "properties": { "A31a_101": "8505090072", "A31a_102": "川浦川", "A31a_103": "21", "A31a_104": "岐阜県", "A31a_105": 4 }, "geometry": { "type": "Polygon", "coordinates": [ [ [ 136.997250825, 35.494207655 ], [ 136.997250824, 35.494166655 ], [ 136.997188824, 35.494166655 ], [ 136.997188824, 35.494207655 ], [ 136.997250825, 35.494207655 ] ] ] } },
{ "type": "Feature", "properties": { "A31a_101": "8505090072", "A31a_102": "川浦川", "A31a_103": "21", "A31a_104": "岐阜県", "A31a_105": 4 }, "geometry": { "type": "Polygon", "coordinates": [ [ [ 136.997000825, 35.494457655 ], [ 136.997000825, 35.494416655 ], [ 136.996938825, 35.494416655 ], [ 136.996938825, 35.494457655 ], [ 136.997000825, 35.494457655 ] ] ] } },
{ "type": "Feature", "properties": { "A31a_101": "8505090072", "A31a_102": "川浦川", "A31a_103": "21", "A31a_104": "岐阜県", "A31a_105": 4 }, "geometry": { "type": "Polygon", "coordinates": [ [ [ 136.998750829, 35.494582655 ], [ 136.998750828, 35.494541655 ], [ 136.998688828, 35.494541655 ], [ 136.998688828, 35.494582655 ], [ 136.998750829, 35.494582655 ] ] ] } },
{ "type": "Feature", "properties": { "A31a_101": "8505090072", "A31a_102": "川浦川", "A31a_103": "21", "A31a_104": "岐阜県", "A31a_105": 4 }, "geometry": { "type": "Polygon", "coordinates": [ [ [ 137.048750942, 35.519207666 ], [ 137.048750942, 35.519166666 ], [ 137.048688942, 35.519166666 ], [ 137.048688943, 35.519207666 ], [ 137.048750942, 35.519207666 ] ] ] } },
{ "type": "Feature", "properties": { "A31a_101": "8505090072", "A31a_102": "川浦川", "A31a_103": "21", "A31a_104": "岐阜県", "A31a_105": 4 }, "geometry": { "type": "Polygon", "coordinates": [ [ [ 137.001625827, 35.492832656 ], [ 137.001625827, 35.492791656 ], [ 137.001563827, 35.492791656 ], [ 137.001563827, 35.492832656 ], [ 137.001625827, 35.492832656 ] ] ] } },
{ "type": "Feature", "properties": { "A31a_101": "8505090072", "A31a_102": "川浦川", "A31a_103": "21", "A31a_104": "岐阜県", "A31a_105": 4 }, "geometry": { "type": "Polygon", "coordinates": [ [ [ 136.998375825, 35.493582655 ], [ 136.998375825, 35.493541655 ], [ 136.998313825, 35.493541655 ], [ 136.998313825, 35.493582655 ], [ 136.998375825, 35.493582655 ] ] ] } },
{ "type": "Feature", "properties": { "A31a_101": "8505090072", "A31a_102": "川浦川", "A31a_103": "21", "A31a_104": "岐阜県", "A31a_105": 4 }, "geometry": { "type": "Polygon", "coordinates": [ [ [ 137.03350092, 35.511582664 ], [ 137.03350092, 35.511541664 ], [ 137.03343892, 35.511541664 ], [ 137.03343892, 35.511582664 ], [ 137.03350092, 35.511582664 ] ] ] } },
{ "type": "Feature", "properties": { "A31a_101": "8505090072", "A31a_102": "川浦川", "A31a_103": "21", "A31a_104": "岐阜県", "A31a_105": 4 }, "geometry": { "type": "Polygon", "coordinates": [ [ [ 137.003375827, 35.492582657 ], [ 137.003375827, 35.492541657 ], [ 137.003313827, 35.492541657 ], [ 137.003313827, 35.492582657 ], [ 137.003375827, 35.492582657 ] ] ] } },
{ "type": "Feature", "properties": { "A31a_101": "8505090072", "A31a_102": "川浦川", "A31a_103": "21", "A31a_104": "岐阜県", "A31a_105": 4 }, "geometry": { "type": "Polygon", "coordinates": [ [ [ 136.999000828, 35.494332655 ], [ 136.999000828, 35.494291655 ], [ 136.998938828, 35.494291655 ], [ 136.998938828, 35.494332655 ], [ 136.999000828, 35.494332655 ] ] ] } },
{ "type": "Feature", "properties": { "A31a_101": "8505090072", "A31a_102": "川浦川", "A31a_103": "21", "A31a_104": "岐阜県", "A31a_105": 5 }, "geometry": { "type": "Polygon", "coordinates": [ [ [ 136.997125827, 35.494999655 ], [ 136.997125826, 35.494957655 ], [ 136.997063826, 35.494957655 ], [ 136.997063826, 35.494916655 ], [ 136.997063826, 35.494874655 ], [ 136.997000826, 35.494874655 ], [ 136.997000826, 35.494832655 ], [ 136.997000826, 35.494791655 ], [ 136.996938826, 35.494791655 ], [ 136.996938826, 35.494749655 ], [ 136.996938825, 35.494707655 ], [ 136.996875825, 35.494707655 ], [ 136.996875825, 35.494749655 ], [ 136.996875826, 35.494791655 ], [ 136.996875826, 35.494832655 ], [ 136.996875826, 35.494874655 ], [ 136.996938826, 35.494874655 ], [ 136.996938826, 35.494916655 ], [ 136.996938826, 35.494957655 ], [ 136.997000826, 35.494957655 ], [ 136.997000826, 35.494999655 ], [ 136.997063826, 35.494999655 ], [ 136.997125827, 35.494999655 ] ] ] } },
{ "type": "Feature", "properties": { "A31a_101": "8505090072", "A31a_102": "川浦川", "A31a_103": "21", "A31a_104": "岐阜県", "A31a_105": 5 }, "geometry": { "type": "Polygon", "coordinates": [ [ [ 137.015938887, 35.505082658 ], [ 137.015938887, 35.505041658 ], [ 137.015938886, 35.504999659 ], [ 137.015875886, 35.504999658 ], [ 137.015813886, 35.504999658 ], [ 137.015750886, 35.504999658 ], [ 137.015688886, 35.504999658 ], [ 137.015688886, 35.505041658 ], [ 137.015750886, 35.505041658 ], [ 137.015813886, 35.505041658 ], [ 137.015813887, 35.505082658 ], [ 137.015875887, 35.505082658 ], [ 137.015938887, 35.505082658 ] ] ] } },
{ "type": "Feature", "properties": { "A31a_101": "8505090072", "A31a_102": "川浦川", "A31a_103": "21", "A31a_104": "岐阜県", "A31a_105": 5 }, "geometry": { "type": "Polygon", "coordinates": [ [ [ 137.048125942, 35.518874666 ], [ 137.048125941, 35.518832666 ], [ 137.048125941, 35.518791666 ], [ 137.048125941, 35.518749666 ], [ 137.048063941, 35.518749666 ], [ 137.048000941, 35.518749666 ], [ 137.047938941, 35.518749666 ], [ 137.047938941, 35.518791666 ], [ 137.048000941, 35.518791666 ], [ 137.048000942, 35.518832666 ], [ 137.048063941, 35.518832666 ], [ 137.048063942, 35.518874666 ], [ 137.048125942, 35.518874666 ] ] ] } },
{ "type": "Feature", "properties": { "A31a_101": "8505090072", "A31a_102": "川浦川", "A31a_103": "21", "A31a_104": "岐阜県", "A31a_105": 5 }, "geometry": { "type": "Polygon", "coordinates": [ [ [ 136.992688812, 35.492707654 ], [ 136.992688812, 35.492666654 ], [ 136.992625812, 35.492666654 ], [ 136.992563812, 35.492666654 ], [ 136.992563811, 35.492624654 ], [ 136.992563811, 35.492582654 ], [ 136.992500811, 35.492582654 ], [ 136.992500811, 35.492624654 ], [ 136.992500811, 35.492666654 ], [ 136.992500812, 35.492707654 ], [ 136.992563812, 35.492707654 ], [ 136.992625812, 35.492707654 ], [ 136.992688812, 35.492707654 ] ] ] } },
{ "type": "Feature", "properties": { "A31a_101": "8505090072", "A31a_102": "川浦川", "A31a_103": "21", "A31a_104": "岐阜県", "A31a_105": 5 }, "geometry": { "type": "Polygon", "coordinates": [ [ [ 136.964813732, 35.484791651 ], [ 136.964813732, 35.484749651 ], [ 136.964750732, 35.484749651 ], [ 136.964750732, 35.484707651 ], [ 136.964750732, 35.484666651 ], [ 136.964750732, 35.484624651 ], [ 136.964688731, 35.484624651 ], [ 136.964688732, 35.484666651 ], [ 136.964688732, 35.484707651 ], [ 136.964688732, 35.484749651 ], [ 136.964688732, 35.484791651 ], [ 136.964750732, 35.484791651 ], [ 136.964813732, 35.484791651 ] ] ] } },
{ "type": "Feature", "properties": { "A31a_101": "8505090072", "A31a_102": "川浦川", "A31a_103": "21", "A31a_104": "岐阜県", "A31a_105": 5 }, "geometry": { "type": "Polygon", "coordinates": [ [ [ 137.002500828, 35.492832657 ], [ 137.002500827, 35.492791657 ], [ 137.002500827, 35.492749657 ], [ 137.002500827, 35.492707657 ], [ 137.002438827, 35.492707657 ], [ 137.002375827, 35.492707657 ], [ 137.002313827, 35.492707657 ], [ 137.002313827, 35.492749657 ], [ 137.002375827, 35.492749657 ], [ 137.002438827, 35.492749657 ], [ 137.002438827, 35.492791657 ], [ 137.002438828, 35.492832657 ], [ 137.002500828, 35.492832657 ] ] ] } },
{ "type": "Feature", "properties": { "A31a_101": "8505090072", "A31a_102": "川浦川", "A31a_103": "21", "A31a_104": "岐阜県", "A31a_105": 5 }, "geometry": { "type": "Polygon", "coordinates": [ [ [ 136.997188824, 35.494166655 ], [ 136.997188824, 35.494124655 ], [ 136.997188824, 35.494082655 ], [ 136.997125824, 35.494082655 ], [ 136.997063824, 35.494082655 ], [ 136.997063824, 35.494124655 ], [ 136.997063824, 35.494166655 ], [ 136.997125824, 35.494166655 ], [ 136.997188824, 35.494166655 ] ] ] } },
{ "type": "Feature", "properties": { "A31a_101": "8505090072", "A31a_102": "川浦川", "A31a_103": "21", "A31a_104": "岐阜県", "A31a_105": 5 }, "geometry": { "type": "Polygon", "coordinates": [ [ [ 137.003000828, 35.492916657 ], [ 137.003000828, 35.492874657 ], [ 137.002938828, 35.492874657 ], [ 137.002875828, 35.492874657 ], [ 137.002875828, 35.492832657 ], [ 137.002813828, 35.492832657 ], [ 137.002813828, 35.492874657 ], [ 137.002813828, 35.492916657 ], [ 137.002875828, 35.492916657 ], [ 137.002938828, 35.492916657 ], [ 137.003000828, 35.492916657 ] ] ] } },
{ "type": "Feature", "properties": { "A31a_101": "8505090072", "A31a_102": "川浦川", "A31a_103": "21", "A31a_104": "岐阜県", "A31a_105": 5 }, "geometry": { "type": "Polygon", "coordinates": [ [ [ 137.015313885, 35.504874658 ], [ 137.015313885, 35.504832658 ], [ 137.015313885, 35.504791658 ], [ 137.015250885, 35.504791658 ], [ 137.015188885, 35.504791658 ], [ 137.015125885, 35.504791658 ], [ 137.015125885, 35.504832658 ], [ 137.015188885, 35.504832658 ], [ 137.015250885, 35.504832658 ], [ 137.015250885, 35.504874658 ], [ 137.015313885, 35.504874658 ] ] ] } },
{ "type": "Feature", "properties": { "A31a_101": "8505090072", "A31a_102": "川浦川", "A31a_103": "21", "A31a_104": "岐阜県", "A31a_105": 5 }, "geometry": { "type": "Polygon", "coordinates": [ [ [ 136.992313811, 35.492499654 ], [ 136.992313811, 35.492457654 ], [ 136.99225081, 35.492457654 ], [ 136.99225081, 35.492416654 ], [ 136.99218881, 35.492416654 ], [ 136.99218881, 35.492457654 ], [ 136.99218881, 35.492499654 ], [ 136.992250811, 35.492499654 ], [ 136.992313811, 35.492499654 ] ] ] } },
{ "type": "Feature", "properties": { "A31a_101": "8505090072", "A31a_102": "川浦川", "A31a_103": "21", "A31a_104": "岐阜県", "A31a_105": 5 }, "geometry": { "type": "Polygon", "coordinates": [ [ [ 136.965375734, 35.486249652 ], [ 136.965375734, 35.486207652 ], [ 136.965375734, 35.486166652 ], [ 136.965375734, 35.486124652 ], [ 136.965313734, 35.486124652 ], [ 136.965313734, 35.486166652 ], [ 136.965313734, 35.486207652 ], [ 136.965313734, 35.486249652 ], [ 136.965375734, 35.486249652 ] ] ] } },
{ "type": "Feature", "properties": { "A31a_101": "8505090072", "A31a_102": "川浦川", "A31a_103": "21", "A31a_104": "岐阜県", "A31a_105": 5 }, "geometry": { "type": "Polygon", "coordinates": [ [ [ 137.000188825, 35.492541656 ], [ 137.000188825, 35.492499656 ], [ 137.000125825, 35.492499656 ], [ 137.000063825, 35.492499656 ], [ 137.000063825, 35.492541656 ], [ 137.000125825, 35.492541656 ], [ 137.000188825, 35.492541656 ] ] ] } },
{ "type": "Feature", "properties": { "A31a_101": "8505090072", "A31a_102": "川浦川", "A31a_103": "21", "A31a_104": "岐阜県", "A31a_105": 5 }, "geometry": { "type": "Polygon", "coordinates": [ [ [ 136.997813824, 35.493749655 ], [ 136.997813824, 35.493707655 ], [ 136.997750824, 35.493707655 ], [ 136.997688824, 35.493707655 ], [ 136.997688824, 35.493749655 ], [ 136.997750824, 35.493749655 ], [ 136.997813824, 35.493749655 ] ] ] } },
{ "type": "Feature", "properties": { "A31a_101": "8505090072", "A31a_102": "川浦川", "A31a_103": "21", "A31a_104": "岐阜県", "A31a_105": 5 }, "geometry": { "type": "Polygon", "coordinates": [ [ [ 136.998188825, 35.493666655 ], [ 136.998188825, 35.493624655 ], [ 136.998125825, 35.493624655 ], [ 136.998125825, 35.493666655 ], [ 136.998188825, 35.493666655 ] ] ] } },
{ "type": "Feature", "properties": { "A31a_101": "8505090072", "A31a_102": "川浦川", "A31a_103": "21", "A31a_104": "岐阜県", "A31a_105": 5 }, "geometry": { "type": "Polygon", "coordinates": [ [ [ 136.997938825, 35.493791655 ], [ 136.997938825, 35.493749655 ], [ 136.997875824, 35.493749655 ], [ 136.997875825, 35.493791655 ], [ 136.997938825, 35.493791655 ] ] ] } },
{ "type": "Feature", "properties": { "A31a_101": "8505090072", "A31a_102": "川浦川", "A31a_103": "21", "A31a_104": "岐阜県", "A31a_105": 5 }, "geometry": { "type": "Polygon", "coordinates": [ [ [ 137.016563888, 35.505249659 ], [ 137.016563888, 35.505207659 ], [ 137.016500888, 35.505207659 ], [ 137.016500888, 35.505249659 ], [ 137.016563888, 35.505249659 ] ] ] } },
{ "type": "Feature", "properties": { "A31a_101": "8505090072", "A31a_102": "川浦川", "A31a_103": "21", "A31a_104": "岐阜県", "A31a_105": 5 }, "geometry": { "type": "Polygon", "coordinates": [ [ [ 137.031563911, 35.509624664 ], [ 137.031563911, 35.509582664 ], [ 137.031500911, 35.509582664 ], [ 137.031500911, 35.509624664 ], [ 137.031563911, 35.509624664 ] ] ] } },
{ "type": "Feature", "properties": { "A31a_101": "8505090072", "A31a_102": "川浦川", "A31a_103": "21", "A31a_104": "岐阜県", "A31a_105": 5 }, "geometry": { "type": "Polygon", "coordinates": [ [ [ 137.045938919, 35.514416669 ], [ 137.045938919, 35.51437467 ], [ 137.045875919, 35.514374669 ], [ 137.04587592, 35.514416669 ], [ 137.045938919, 35.514416669 ] ] ] } },
{ "type": "Feature", "properties": { "A31a_101": "8505090072", "A31a_102": "川浦川", "A31a_103": "21", "A31a_104": "岐阜県", "A31a_105": 5 }, "geometry": { "type": "Polygon", "coordinates": [ [ [ 136.997563825, 35.493999655 ], [ 136.997563824, 35.493957655 ], [ 136.997500824, 35.493957655 ], [ 136.997500824, 35.493999655 ], [ 136.997563825, 35.493999655 ] ] ] } },
{ "type": "Feature", "properties": { "A31a_101": "8505090072", "A31a_102": "川浦川", "A31a_103": "21", "A31a_104": "岐阜県", "A31a_105": 5 }, "geometry": { "type": "Polygon", "coordinates": [ [ [ 137.048438942, 35.518999666 ], [ 137.048438942, 35.518957666 ], [ 137.048375942, 35.518957666 ], [ 137.048375942, 35.518999666 ], [ 137.048438942, 35.518999666 ] ] ] } },
{ "type": "Feature", "properties": { "A31a_101": "8505090072", "A31a_102": "川浦川", "A31a_103": "21", "A31a_104": "岐阜県", "A31a_105": 5 }, "geometry": { "type": "Polygon", "coordinates": [ [ [ 136.995375821, 35.494374655 ], [ 136.995375821, 35.494332655 ], [ 136.995313821, 35.494332655 ], [ 136.995313821, 35.494374655 ], [ 136.995375821, 35.494374655 ] ] ] } },
{ "type": "Feature", "properties": { "A31a_101": "8505090072", "A31a_102": "川浦川", "A31a_103": "21", "A31a_104": "岐阜県", "A31a_105": 5 }, "geometry": { "type": "Polygon", "coordinates": [ [ [ 137.00787584, 35.494999658 ], [ 137.007875839, 35.494957658 ], [ 137.007813839, 35.494957658 ], [ 137.00781384, 35.494999658 ], [ 137.00787584, 35.494999658 ] ] ] } },
{ "type": "Feature", "properties": { "A31a_101": "8505090072", "A31a_102": "川浦川", "A31a_103": "21", "A31a_104": "岐阜県", "A31a_105": 5 }, "geometry": { "type": "Polygon", "coordinates": [ [ [ 136.997000825, 35.494416655 ], [ 136.997000825, 35.494374655 ], [ 136.996938824, 35.494374655 ], [ 136.996938825, 35.494416655 ], [ 136.997000825, 35.494416655 ] ] ] } },
{ "type": "Feature", "properties": { "A31a_101": "8505090072", "A31a_102": "川浦川", "A31a_103": "21", "A31a_104": "岐阜県", "A31a_105": 5 }, "geometry": { "type": "Polygon", "coordinates": [ [ [ 136.998250825, 35.493624655 ], [ 136.998250825, 35.493582655 ], [ 136.998188825, 35.493582655 ], [ 136.998188825, 35.493624655 ], [ 136.998250825, 35.493624655 ] ] ] } },
{ "type": "Feature", "properties": { "A31a_101": "8505090072", "A31a_102": "川浦川", "A31a_103": "21", "A31a_104": "岐阜県", "A31a_105": 5 }, "geometry": { "type": "Polygon", "coordinates": [ [ [ 137.019375892, 35.50566666 ], [ 137.019375892, 35.50562466 ], [ 137.019313891, 35.50562466 ], [ 137.019313892, 35.50566666 ], [ 137.019375892, 35.50566666 ] ] ] } },
{ "type": "Feature", "properties": { "A31a_101": "8505090072", "A31a_102": "川浦川", "A31a_103": "21", "A31a_104": "岐阜県", "A31a_105": 5 }, "geometry": { "type": "Polygon", "coordinates": [ [ [ 136.999750825, 35.492749656 ], [ 136.999750825, 35.492707656 ], [ 136.999688825, 35.492707655 ], [ 136.999688825, 35.492749655 ], [ 136.999750825, 35.492749656 ] ] ] } },
{ "type": "Feature", "properties": { "A31a_101": "8505090072", "A31a_102": "川浦川", "A31a_103": "21", "A31a_104": "岐阜県", "A31a_105": 5 }, "geometry": { "type": "Polygon", "coordinates": [ [ [ 137.042250921, 35.513541668 ], [ 137.042250921, 35.513499668 ], [ 137.042188921, 35.513499668 ], [ 137.042188921, 35.513541668 ], [ 137.042250921, 35.513541668 ] ] ] } },
{ "type": "Feature", "properties": { "A31a_101": "8505090072", "A31a_102": "川浦川", "A31a_103": "21", "A31a_104": "岐阜県", "A31a_105": 5 }, "geometry": { "type": "Polygon", "coordinates": [ [ [ 137.04625092, 35.514624669 ], [ 137.04625092, 35.51458267 ], [ 137.04618892, 35.514582669 ], [ 137.04618892, 35.514624669 ], [ 137.04625092, 35.514624669 ] ] ] } },
{ "type": "Feature", "properties": { "A31a_101": "8505090072", "A31a_102": "川浦川", "A31a_103": "21", "A31a_104": "岐阜県", "A31a_105": 5 }, "geometry": { "type": "Polygon", "coordinates": [ [ [ 137.002563827, 35.492707657 ], [ 137.002563827, 35.492666657 ], [ 137.002500827, 35.492666657 ], [ 137.002500827, 35.492707657 ], [ 137.002563827, 35.492707657 ] ] ] } },
{ "type": "Feature", "properties": { "A31a_101": "8505090072", "A31a_102": "川浦川", "A31a_103": "21", "A31a_104": "岐阜県", "A31a_105": 5 }, "geometry": { "type": "Polygon", "coordinates": [ [ [ 137.002813828, 35.492957657 ], [ 137.002813828, 35.492916657 ], [ 137.002750828, 35.492916657 ], [ 137.002750828, 35.492957657 ], [ 137.002813828, 35.492957657 ] ] ] } },
{ "type": "Feature", "properties": { "A31a_101": "8505090072", "A31a_102": "川浦川", "A31a_103": "21", "A31a_104": "岐阜県", "A31a_105": 5 }, "geometry": { "type": "Polygon", "coordinates": [ [ [ 137.033438918, 35.511082664 ], [ 137.033438917, 35.511041664 ], [ 137.033375918, 35.511041664 ], [ 137.033375918, 35.511082664 ], [ 137.033438918, 35.511082664 ] ] ] } },
{ "type": "Feature", "properties": { "A31a_101": "8505090072", "A31a_102": "川浦川", "A31a_103": "21", "A31a_104": "岐阜県", "A31a_105": 5 }, "geometry": { "type": "Polygon", "coordinates": [ [ [ 136.998313825, 35.493582655 ], [ 136.998313825, 35.493541655 ], [ 136.998250825, 35.493541655 ], [ 136.998250825, 35.493582655 ], [ 136.998313825, 35.493582655 ] ] ] } },
{ "type": "Feature", "properties": { "A31a_101": "8505090072", "A31a_102": "川浦川", "A31a_103": "21", "A31a_104": "岐阜県", "A31a_105": 5 }, "geometry": { "type": "Polygon", "coordinates": [ [ [ 137.000063825, 35.492582656 ], [ 137.000063825, 35.492541656 ], [ 137.000000825, 35.492541656 ], [ 137.000000825, 35.492582656 ], [ 137.000063825, 35.492582656 ] ] ] } },
{ "type": "Feature", "properties": { "A31a_101": "8505090072", "A31a_102": "川浦川", "A31a_103": "21", "A31a_104": "岐阜県", "A31a_105": 5 }, "geometry": { "type": "Polygon", "coordinates": [ [ [ 137.01781389, 35.505457659 ], [ 137.017813889, 35.505416659 ], [ 137.017750889, 35.505416659 ], [ 137.01775089, 35.505457659 ], [ 137.01781389, 35.505457659 ] ] ] } },
{ "type": "Feature", "properties": { "A31a_101": "8505090072", "A31a_102": "川浦川", "A31a_103": "21", "A31a_104": "岐阜県", "A31a_105": 5 }, "geometry": { "type": "Polygon", "coordinates": [ [ [ 136.996938825, 35.494457655 ], [ 136.996938825, 35.494416655 ], [ 136.996875824, 35.494416655 ], [ 136.996875825, 35.494457655 ], [ 136.996938825, 35.494457655 ] ] ] } },
{ "type": "Feature", "properties": { "A31a_101": "8505090072", "A31a_102": "川浦川", "A31a_103": "21", "A31a_104": "岐阜県", "A31a_105": 5 }, "geometry": { "type": "Polygon", "coordinates": [ [ [ 136.997875825, 35.493832655 ], [ 136.997875825, 35.493791655 ], [ 136.997813824, 35.493791655 ], [ 136.997813825, 35.493832655 ], [ 136.997875825, 35.493832655 ] ] ] } },
{ "type": "Feature", "properties": { "A31a_101": "8505090072", "A31a_102": "川浦川", "A31a_103": "21", "A31a_104": "岐阜県", "A31a_105": 6 }, "geometry": { "type": "Polygon", "coordinates": [ [ [ 136.998250825, 35.493582655 ], [ 136.998250825, 35.493541655 ], [ 136.998188824, 35.493541655 ], [ 136.998125824, 35.493541655 ], [ 136.998125824, 35.493582655 ], [ 136.998125825, 35.493624655 ], [ 136.998188825, 35.493624655 ], [ 136.998188825, 35.493582655 ], [ 136.998250825, 35.493582655 ] ] ] } },
{ "type": "Feature", "properties": { "A31a_101": "8505090072", "A31a_102": "川浦川", "A31a_103": "21", "A31a_104": "岐阜県", "A31a_105": 6 }, "geometry": { "type": "Polygon", "coordinates": [ [ [ 136.996938825, 35.494416655 ], [ 136.996938824, 35.494374655 ], [ 136.996875824, 35.494374655 ], [ 136.996875824, 35.494416655 ], [ 136.996938825, 35.494416655 ] ] ] } },
{ "type": "Feature", "properties": { "A31a_101": "8505090072", "A31a_102": "川浦川", "A31a_103": "21", "A31a_104": "岐阜県", "A31a_105": 6 }, "geometry": { "type": "Polygon", "coordinates": [ [ [ 137.000063825, 35.492541656 ], [ 137.000063825, 35.492499656 ], [ 137.000000825, 35.492499656 ], [ 137.000000825, 35.492541656 ], [ 137.000063825, 35.492541656 ] ] ] } },
{ "type": "Feature", "properties": { "A31a_101": "8505090072", "A31a_102": "川浦川", "A31a_103": "21", "A31a_104": "岐阜県", "A31a_105": 6 }, "geometry": { "type": "Polygon", "coordinates": [ [ [ 136.997875825, 35.493791655 ], [ 136.997875824, 35.493749655 ], [ 136.997813824, 35.493749655 ], [ 136.997813824, 35.493791655 ], [ 136.997875825, 35.493791655 ] ] ] } }
]
}
