{
"type": "FeatureCollection",
"name": "A31a-10-25_21_8505090098_20",
"crs": { "type": "name", "properties": { "name": "urn:ogc:def:crs:EPSG::6668" } },
"xy_coordinate_resolution": 1e-09,
"features": [
{ "type": "Feature", "properties": { "A31a_101": "8505090098", "A31a_102": "板取川", "A31a_103": "21", "A31a_104": "岐阜県", "A31a_105": 1 }, "geometry": { "type": "Polygon", "coordinates": [ [ [ 136.911778308, 35.563555266 ], [ 136.911778308, 35.563499706 ], [ 136.911722748, 35.563499706 ], [ 136.911722748, 35.563444146 ], [ 136.911667198, 35.563444146 ], [ 136.911667198, 35.563499706 ], [ 136.911667198, 35.563555266 ], [ 136.911722748, 35.563555266 ], [ 136.911778308, 35.563555266 ] ] ] } },
{ "type": "Feature", "properties": { "A31a_101": "8505090098", "A31a_102": "板取川", "A31a_103": "21", "A31a_104": "岐阜県", "A31a_105": 1 }, "geometry": { "type": "Polygon", "coordinates": [ [ [ 136.911778308, 35.563666375 ], [ 136.911778308, 35.563610816 ], [ 136.911722748, 35.563610816 ], [ 136.911722748, 35.563666375 ], [ 136.911778308, 35.563666375 ] ] ] } },
{ "type": "Feature", "properties": { "A31a_101": "8505090098", "A31a_102": "板取川", "A31a_103": "21", "A31a_104": "岐阜県", "A31a_105": 1 }, "geometry": { "type": "Polygon", "coordinates": [ [ [ 136.911889419, 35.563777485 ], [ 136.911889419, 35.563721925 ], [ 136.911833859, 35.563721925 ], [ 136.911833859, 35.563777485 ], [ 136.911889419, 35.563777485 ] ] ] } },
{ "type": "Feature", "properties": { "A31a_101": "8505090098", "A31a_102": "板取川", "A31a_103": "21", "A31a_104": "岐阜県", "A31a_105": 1 }, "geometry": { "type": "Polygon", "coordinates": [ [ [ 136.91200053, 35.563888595 ], [ 136.91200053, 35.563833035 ], [ 136.911944969, 35.563833035 ], [ 136.911944969, 35.563888595 ], [ 136.91200053, 35.563888595 ] ] ] } },
{ "type": "Feature", "properties": { "A31a_101": "8505090098", "A31a_102": "板取川", "A31a_103": "21", "A31a_104": "岐阜県", "A31a_105": 1 }, "geometry": { "type": "Polygon", "coordinates": [ [ [ 136.91200053, 35.563888595 ], [ 136.91200053, 35.563944145 ], [ 136.91200053, 35.563999704 ], [ 136.91194497, 35.563999704 ], [ 136.91194497, 35.564055264 ], [ 136.91200053, 35.564055264 ], [ 136.91205609, 35.564055264 ], [ 136.91205609, 35.564110814 ], [ 136.91205609, 35.564166374 ], [ 136.912111641, 35.564166374 ], [ 136.91211164, 35.564110814 ], [ 136.912167201, 35.564110814 ], [ 136.912167201, 35.564055264 ], [ 136.91211164, 35.564055264 ], [ 136.91211164, 35.563999704 ], [ 136.91211164, 35.563944145 ], [ 136.91205609, 35.563944145 ], [ 136.91205609, 35.563888595 ], [ 136.91200053, 35.563888595 ] ] ] } },
{ "type": "Feature", "properties": { "A31a_101": "8505090098", "A31a_102": "板取川", "A31a_103": "21", "A31a_104": "岐阜県", "A31a_105": 1 }, "geometry": { "type": "Polygon", "coordinates": [ [ [ 136.912278311, 35.564221924 ], [ 136.912278311, 35.564166374 ], [ 136.912222751, 35.564166374 ], [ 136.912222751, 35.564221924 ], [ 136.912222751, 35.564277484 ], [ 136.912278311, 35.564277484 ], [ 136.912278311, 35.564221924 ] ] ] } },
{ "type": "Feature", "properties": { "A31a_101": "8505090098", "A31a_102": "板取川", "A31a_103": "21", "A31a_104": "岐阜県", "A31a_105": 1 }, "geometry": { "type": "Polygon", "coordinates": [ [ [ 136.912778314, 35.564888592 ], [ 136.912778314, 35.564833032 ], [ 136.912778314, 35.564777482 ], [ 136.912722754, 35.564777482 ], [ 136.912722754, 35.564721922 ], [ 136.912667204, 35.564721922 ], [ 136.912667204, 35.564666372 ], [ 136.912611643, 35.564666372 ], [ 136.912611643, 35.564610813 ], [ 136.912556093, 35.564610813 ], [ 136.912556093, 35.564666373 ], [ 136.912556093, 35.564721922 ], [ 136.912611643, 35.564721922 ], [ 136.912611643, 35.564777482 ], [ 136.912611644, 35.564833032 ], [ 136.912667204, 35.564833032 ], [ 136.912667204, 35.564888592 ], [ 136.912722754, 35.564888592 ], [ 136.912778314, 35.564888592 ] ] ] } },
{ "type": "Feature", "properties": { "A31a_101": "8505090098", "A31a_102": "板取川", "A31a_103": "21", "A31a_104": "岐阜県", "A31a_105": 1 }, "geometry": { "type": "Polygon", "coordinates": [ [ [ 136.913167207, 35.565166371 ], [ 136.913167207, 35.565110811 ], [ 136.913111646, 35.565110811 ], [ 136.913111646, 35.565166371 ], [ 136.913167207, 35.565166371 ] ] ] } },
{ "type": "Feature", "properties": { "A31a_101": "8505090098", "A31a_102": "板取川", "A31a_103": "21", "A31a_104": "岐阜県", "A31a_105": 1 }, "geometry": { "type": "Polygon", "coordinates": [ [ [ 136.913222757, 35.565221921 ], [ 136.913222757, 35.565166371 ], [ 136.913167207, 35.565166371 ], [ 136.913167207, 35.565221921 ], [ 136.913222757, 35.565221921 ] ] ] } },
{ "type": "Feature", "properties": { "A31a_101": "8505090098", "A31a_102": "板取川", "A31a_103": "21", "A31a_104": "岐阜県", "A31a_105": 1 }, "geometry": { "type": "Polygon", "coordinates": [ [ [ 136.912611644, 35.565221921 ], [ 136.912611644, 35.565166371 ], [ 136.912556094, 35.565166371 ], [ 136.912556094, 35.565221921 ], [ 136.912611644, 35.565221921 ] ] ] } },
{ "type": "Feature", "properties": { "A31a_101": "8505090098", "A31a_102": "板取川", "A31a_103": "21", "A31a_104": "岐阜県", "A31a_105": 1 }, "geometry": { "type": "Polygon", "coordinates": [ [ [ 136.913278317, 35.56527748 ], [ 136.913278317, 35.565221921 ], [ 136.913222757, 35.565221921 ], [ 136.913222757, 35.56527748 ], [ 136.913278317, 35.56527748 ] ] ] } },
{ "type": "Feature", "properties": { "A31a_101": "8505090098", "A31a_102": "板取川", "A31a_103": "21", "A31a_104": "岐阜県", "A31a_105": 1 }, "geometry": { "type": "Polygon", "coordinates": [ [ [ 136.912722755, 35.565333031 ], [ 136.912722755, 35.565277481 ], [ 136.912667205, 35.565277481 ], [ 136.912667205, 35.565333031 ], [ 136.912722755, 35.565333031 ] ] ] } },
{ "type": "Feature", "properties": { "A31a_101": "8505090098", "A31a_102": "板取川", "A31a_103": "21", "A31a_104": "岐阜県", "A31a_105": 1 }, "geometry": { "type": "Polygon", "coordinates": [ [ [ 136.913444978, 35.56538859 ], [ 136.913444978, 35.56533303 ], [ 136.913389428, 35.56533303 ], [ 136.913389428, 35.56527748 ], [ 136.913333868, 35.56527748 ], [ 136.913278317, 35.56527748 ], [ 136.913278318, 35.56533303 ], [ 136.913333868, 35.56533303 ], [ 136.913333868, 35.56538859 ], [ 136.913389428, 35.56538859 ], [ 136.913444978, 35.56538859 ] ] ] } },
{ "type": "Feature", "properties": { "A31a_101": "8505090098", "A31a_102": "板取川", "A31a_103": "21", "A31a_104": "岐阜県", "A31a_105": 1 }, "geometry": { "type": "Polygon", "coordinates": [ [ [ 136.913500539, 35.56544414 ], [ 136.913500539, 35.56538859 ], [ 136.913444978, 35.56538859 ], [ 136.913444979, 35.56544414 ], [ 136.913500539, 35.56544414 ] ] ] } },
{ "type": "Feature", "properties": { "A31a_101": "8505090098", "A31a_102": "板取川", "A31a_103": "21", "A31a_104": "岐阜県", "A31a_105": 1 }, "geometry": { "type": "Polygon", "coordinates": [ [ [ 136.913556099, 35.5654997 ], [ 136.913556099, 35.56544414 ], [ 136.913500539, 35.56544414 ], [ 136.913500539, 35.5654997 ], [ 136.913556099, 35.5654997 ] ] ] } },
{ "type": "Feature", "properties": { "A31a_101": "8505090098", "A31a_102": "板取川", "A31a_103": "21", "A31a_104": "岐阜県", "A31a_105": 1 }, "geometry": { "type": "Polygon", "coordinates": [ [ [ 136.91377832, 35.565666369 ], [ 136.91377832, 35.565610809 ], [ 136.91372276, 35.565610809 ], [ 136.91372276, 35.565666369 ], [ 136.91377832, 35.565666369 ] ] ] } },
{ "type": "Feature", "properties": { "A31a_101": "8505090098", "A31a_102": "板取川", "A31a_103": "21", "A31a_104": "岐阜県", "A31a_105": 1 }, "geometry": { "type": "Polygon", "coordinates": [ [ [ 136.912889426, 35.565721919 ], [ 136.912889426, 35.56566637 ], [ 136.912889426, 35.56561081 ], [ 136.912833866, 35.56561081 ], [ 136.912833866, 35.56566637 ], [ 136.912833866, 35.56572192 ], [ 136.912889426, 35.565721919 ] ] ] } },
{ "type": "Feature", "properties": { "A31a_101": "8505090098", "A31a_102": "板取川", "A31a_103": "21", "A31a_104": "岐阜県", "A31a_105": 1 }, "geometry": { "type": "Polygon", "coordinates": [ [ [ 136.912944977, 35.565721919 ], [ 136.912889426, 35.565721919 ], [ 136.912889426, 35.565777479 ], [ 136.912944977, 35.565777479 ], [ 136.912944977, 35.565721919 ] ] ] } },
{ "type": "Feature", "properties": { "A31a_101": "8505090098", "A31a_102": "板取川", "A31a_103": "21", "A31a_104": "岐阜県", "A31a_105": 1 }, "geometry": { "type": "Polygon", "coordinates": [ [ [ 136.913944983, 35.566555257 ], [ 136.913944983, 35.566499697 ], [ 136.914000543, 35.566499697 ], [ 136.914000543, 35.566444137 ], [ 136.914056103, 35.566444137 ], [ 136.914111653, 35.566444137 ], [ 136.914111653, 35.566388587 ], [ 136.914167213, 35.566388587 ], [ 136.914167213, 35.566333027 ], [ 136.914167213, 35.566277477 ], [ 136.914222764, 35.566277477 ], [ 136.914222763, 35.566221917 ], [ 136.914278324, 35.566221917 ], [ 136.914333874, 35.566221917 ], [ 136.914333874, 35.566166367 ], [ 136.914278324, 35.566166367 ], [ 136.914278324, 35.566110807 ], [ 136.914222763, 35.566110808 ], [ 136.914167213, 35.566110808 ], [ 136.914111653, 35.566110808 ], [ 136.914111653, 35.566055258 ], [ 136.914056102, 35.566055258 ], [ 136.914056102, 35.565999698 ], [ 136.914056102, 35.565944138 ], [ 136.914111652, 35.565944138 ], [ 136.914111652, 35.565888588 ], [ 136.914056102, 35.565888588 ], [ 136.914056102, 35.565833028 ], [ 136.914000542, 35.565833028 ], [ 136.914000542, 35.565777479 ], [ 136.913944981, 35.565777479 ], [ 136.913944981, 35.565721919 ], [ 136.913889431, 35.565721919 ], [ 136.913833871, 35.565721919 ], [ 136.913833871, 35.565666369 ], [ 136.91377832, 35.565666369 ], [ 136.913778321, 35.565721919 ], [ 136.91372276, 35.565721919 ], [ 136.91372276, 35.565666369 ], [ 136.91366721, 35.565666369 ], [ 136.91366721, 35.565610809 ], [ 136.91372276, 35.565610809 ], [ 136.91372276, 35.565555259 ], [ 136.91366721, 35.565555259 ], [ 136.91366721, 35.5654997 ], [ 136.913611649, 35.5654997 ], [ 136.913556099, 35.5654997 ], [ 136.913556099, 35.565555259 ], [ 136.913500539, 35.565555259 ], [ 136.913444979, 35.56555526 ], [ 136.913444979, 35.565610809 ], [ 136.913444979, 35.565666369 ], [ 136.913389429, 35.565666369 ], [ 136.913389429, 35.565610809 ], [ 136.913389428, 35.56555526 ], [ 136.913333868, 35.56555526 ], [ 136.913278318, 35.56555526 ], [ 136.913222758, 35.56555526 ], [ 136.913167207, 35.56555526 ], [ 136.913111647, 35.56555526 ], [ 136.913056097, 35.56555526 ], [ 136.913056097, 35.56561081 ], [ 136.913000537, 35.56561081 ], [ 136.912944976, 35.56561081 ], [ 136.912944977, 35.56566637 ], [ 136.912944977, 35.565721919 ], [ 136.913000537, 35.565721919 ], [ 136.913000537, 35.565777479 ], [ 136.913056097, 35.565777479 ], [ 136.913111647, 35.565777479 ], [ 136.913167208, 35.565777479 ], [ 136.913222758, 35.565777479 ], [ 136.913278318, 35.565777479 ], [ 136.913333869, 35.565777479 ], [ 136.913333869, 35.565833029 ], [ 136.913333869, 35.565888589 ], [ 136.913333869, 35.565944139 ], [ 136.913333869, 35.565999698 ], [ 136.913389429, 35.565999698 ], [ 136.913389429, 35.565944139 ], [ 136.913444979, 35.565944139 ], [ 136.91350054, 35.565944138 ], [ 136.91350054, 35.565888589 ], [ 136.9135561, 35.565888589 ], [ 136.91361165, 35.565888589 ], [ 136.91361165, 35.565833029 ], [ 136.91366721, 35.565833029 ], [ 136.91372276, 35.565833029 ], [ 136.91372276, 35.565777479 ], [ 136.913778321, 35.565777479 ], [ 136.913833871, 35.565777479 ], [ 136.913889431, 35.565777479 ], [ 136.913889431, 35.565833028 ], [ 136.913833871, 35.565833029 ], [ 136.913778321, 35.565833029 ], [ 136.91372276, 35.565833029 ], [ 136.913722761, 35.565888588 ], [ 136.91366721, 35.565888588 ], [ 136.91361165, 35.565888589 ], [ 136.91361165, 35.565944138 ], [ 136.9135561, 35.565944138 ], [ 136.91350054, 35.565944138 ], [ 136.91350054, 35.565999698 ], [ 136.913444979, 35.565999698 ], [ 136.913389429, 35.565999698 ], [ 136.913389429, 35.566055258 ], [ 136.913333869, 35.566055258 ], [ 136.913333869, 35.566110808 ], [ 136.913333869, 35.566166368 ], [ 136.913333869, 35.566221918 ], [ 136.913333869, 35.566277478 ], [ 136.913333869, 35.566333028 ], [ 136.91333387, 35.566388587 ], [ 136.91333387, 35.566444137 ], [ 136.91338943, 35.566444137 ], [ 136.91344498, 35.566444137 ], [ 136.91344498, 35.566388587 ], [ 136.91350054, 35.566388587 ], [ 136.91350054, 35.566333027 ], [ 136.9135561, 35.566333027 ], [ 136.913611651, 35.566333027 ], [ 136.913667211, 35.566333027 ], [ 136.913667211, 35.566277477 ], [ 136.913722761, 35.566277477 ], [ 136.913778321, 35.566277477 ], [ 136.913778322, 35.566333027 ], [ 136.913778322, 35.566388587 ], [ 136.913833872, 35.566388587 ], [ 136.913833872, 35.566444137 ], [ 136.913889432, 35.566444137 ], [ 136.913889432, 35.566499697 ], [ 136.913889432, 35.566555257 ], [ 136.913944983, 35.566555257 ] ], [ [ 136.913833872, 35.566333027 ], [ 136.913833872, 35.566277477 ], [ 136.913889432, 35.566277477 ], [ 136.913889432, 35.566333027 ], [ 136.913833872, 35.566333027 ] ], [ [ 136.913222758, 35.56561081 ], [ 136.913278318, 35.565610809 ], [ 136.913278318, 35.565666369 ], [ 136.913222758, 35.565666369 ], [ 136.913167208, 35.565666369 ], [ 136.913167207, 35.56561081 ], [ 136.913222758, 35.56561081 ] ] ] } },
{ "type": "Feature", "properties": { "A31a_101": "8505090098", "A31a_102": "板取川", "A31a_103": "21", "A31a_104": "岐阜県", "A31a_105": 1 }, "geometry": { "type": "Polygon", "coordinates": [ [ [ 136.914167213, 35.566388587 ], [ 136.914167214, 35.566444137 ], [ 136.914111653, 35.566444137 ], [ 136.914111653, 35.566499697 ], [ 136.914111653, 35.566555256 ], [ 136.914167214, 35.566555256 ], [ 136.914222764, 35.566555256 ], [ 136.914278324, 35.566555256 ], [ 136.914278324, 35.566610806 ], [ 136.914333875, 35.566610806 ], [ 136.914389435, 35.566610806 ], [ 136.914389435, 35.566555256 ], [ 136.914389435, 35.566499696 ], [ 136.914389435, 35.566444137 ], [ 136.914333874, 35.566444137 ], [ 136.914278324, 35.566444137 ], [ 136.914222764, 35.566444137 ], [ 136.914222764, 35.566388587 ], [ 136.914167213, 35.566388587 ] ] ] } },
{ "type": "Feature", "properties": { "A31a_101": "8505090098", "A31a_102": "板取川", "A31a_103": "21", "A31a_104": "岐阜県", "A31a_105": 1 }, "geometry": { "type": "Polygon", "coordinates": [ [ [ 136.913944983, 35.566555257 ], [ 136.913944983, 35.566610806 ], [ 136.914000543, 35.566610806 ], [ 136.914000543, 35.566555257 ], [ 136.913944983, 35.566555257 ] ] ] } },
{ "type": "Feature", "properties": { "A31a_101": "8505090098", "A31a_102": "板取川", "A31a_103": "21", "A31a_104": "岐阜県", "A31a_105": 1 }, "geometry": { "type": "Polygon", "coordinates": [ [ [ 136.914222764, 35.566833026 ], [ 136.914222764, 35.566777476 ], [ 136.914167214, 35.566777476 ], [ 136.914167214, 35.566833026 ], [ 136.914222764, 35.566833026 ] ] ] } },
{ "type": "Feature", "properties": { "A31a_101": "8505090098", "A31a_102": "板取川", "A31a_103": "21", "A31a_104": "岐阜県", "A31a_105": 1 }, "geometry": { "type": "Polygon", "coordinates": [ [ [ 136.914556106, 35.566888585 ], [ 136.914556106, 35.566833025 ], [ 136.914500546, 35.566833025 ], [ 136.914500546, 35.566888585 ], [ 136.914556106, 35.566888585 ] ] ] } },
{ "type": "Feature", "properties": { "A31a_101": "8505090098", "A31a_102": "板取川", "A31a_103": "21", "A31a_104": "岐阜県", "A31a_105": 1 }, "geometry": { "type": "Polygon", "coordinates": [ [ [ 136.914278325, 35.566944135 ], [ 136.914278325, 35.566888585 ], [ 136.914222764, 35.566888585 ], [ 136.914222765, 35.566944135 ], [ 136.914278325, 35.566944135 ] ] ] } },
{ "type": "Feature", "properties": { "A31a_101": "8505090098", "A31a_102": "板取川", "A31a_103": "21", "A31a_104": "岐阜県", "A31a_105": 1 }, "geometry": { "type": "Polygon", "coordinates": [ [ [ 136.914444986, 35.566999695 ], [ 136.914444986, 35.566944135 ], [ 136.914389435, 35.566944135 ], [ 136.914389435, 35.566999695 ], [ 136.914444986, 35.566999695 ] ] ] } },
{ "type": "Feature", "properties": { "A31a_101": "8505090098", "A31a_102": "板取川", "A31a_103": "21", "A31a_104": "岐阜県", "A31a_105": 1 }, "geometry": { "type": "Polygon", "coordinates": [ [ [ 136.91527833, 35.567055254 ], [ 136.915278329, 35.566999695 ], [ 136.915222769, 35.566999695 ], [ 136.915222769, 35.567055254 ], [ 136.91527833, 35.567055254 ] ] ] } },
{ "type": "Feature", "properties": { "A31a_101": "8505090098", "A31a_102": "板取川", "A31a_103": "21", "A31a_104": "岐阜県", "A31a_105": 1 }, "geometry": { "type": "Polygon", "coordinates": [ [ [ 136.914333875, 35.567055255 ], [ 136.914333875, 35.566999695 ], [ 136.914278325, 35.566999695 ], [ 136.914278325, 35.567055255 ], [ 136.914333875, 35.567055255 ] ] ] } },
{ "type": "Feature", "properties": { "A31a_101": "8505090098", "A31a_102": "板取川", "A31a_103": "21", "A31a_104": "岐阜県", "A31a_105": 1 }, "geometry": { "type": "Polygon", "coordinates": [ [ [ 136.91533388, 35.567110804 ], [ 136.91533388, 35.567055254 ], [ 136.91527833, 35.567055254 ], [ 136.91527833, 35.567110804 ], [ 136.91533388, 35.567110804 ] ] ] } },
{ "type": "Feature", "properties": { "A31a_101": "8505090098", "A31a_102": "板取川", "A31a_103": "21", "A31a_104": "岐阜県", "A31a_105": 1 }, "geometry": { "type": "Polygon", "coordinates": [ [ [ 136.91538944, 35.567166364 ], [ 136.91538944, 35.567110804 ], [ 136.91533388, 35.567110804 ], [ 136.91533388, 35.567166364 ], [ 136.91538944, 35.567166364 ] ] ] } },
{ "type": "Feature", "properties": { "A31a_101": "8505090098", "A31a_102": "板取川", "A31a_103": "21", "A31a_104": "岐阜県", "A31a_105": 1 }, "geometry": { "type": "Polygon", "coordinates": [ [ [ 136.914722767, 35.567166364 ], [ 136.914722767, 35.567110805 ], [ 136.914667217, 35.567110805 ], [ 136.914667217, 35.567166364 ], [ 136.914722767, 35.567166364 ] ] ] } },
{ "type": "Feature", "properties": { "A31a_101": "8505090098", "A31a_102": "板取川", "A31a_103": "21", "A31a_104": "岐阜県", "A31a_105": 1 }, "geometry": { "type": "Polygon", "coordinates": [ [ [ 136.915444991, 35.567221914 ], [ 136.91544499, 35.567166364 ], [ 136.91538944, 35.567166364 ], [ 136.91538944, 35.567221914 ], [ 136.915444991, 35.567221914 ] ] ] } },
{ "type": "Feature", "properties": { "A31a_101": "8505090098", "A31a_102": "板取川", "A31a_103": "21", "A31a_104": "岐阜県", "A31a_105": 1 }, "geometry": { "type": "Polygon", "coordinates": [ [ [ 136.914722767, 35.567166364 ], [ 136.914722767, 35.567221914 ], [ 136.914778327, 35.567221914 ], [ 136.914778327, 35.567166364 ], [ 136.914722767, 35.567166364 ] ] ] } },
{ "type": "Feature", "properties": { "A31a_101": "8505090098", "A31a_102": "板取川", "A31a_103": "21", "A31a_104": "岐阜県", "A31a_105": 1 }, "geometry": { "type": "Polygon", "coordinates": [ [ [ 136.915500551, 35.567277474 ], [ 136.915500551, 35.567221914 ], [ 136.915444991, 35.567221914 ], [ 136.915444991, 35.567277474 ], [ 136.915500551, 35.567277474 ] ] ] } },
{ "type": "Feature", "properties": { "A31a_101": "8505090098", "A31a_102": "板取川", "A31a_103": "21", "A31a_104": "岐阜県", "A31a_105": 1 }, "geometry": { "type": "Polygon", "coordinates": [ [ [ 136.915556111, 35.567333023 ], [ 136.915556111, 35.567277474 ], [ 136.915500551, 35.567277474 ], [ 136.915500551, 35.567333023 ], [ 136.915556111, 35.567333023 ] ] ] } },
{ "type": "Feature", "properties": { "A31a_101": "8505090098", "A31a_102": "板取川", "A31a_103": "21", "A31a_104": "岐阜県", "A31a_105": 1 }, "geometry": { "type": "Polygon", "coordinates": [ [ [ 136.914833878, 35.567333024 ], [ 136.914833878, 35.567277474 ], [ 136.914778328, 35.567277474 ], [ 136.914778328, 35.567333024 ], [ 136.914833878, 35.567333024 ] ] ] } },
{ "type": "Feature", "properties": { "A31a_101": "8505090098", "A31a_102": "板取川", "A31a_103": "21", "A31a_104": "岐阜県", "A31a_105": 1 }, "geometry": { "type": "Polygon", "coordinates": [ [ [ 136.915611662, 35.567388583 ], [ 136.915611661, 35.567333023 ], [ 136.915556111, 35.567333023 ], [ 136.915556111, 35.567388583 ], [ 136.915611662, 35.567388583 ] ] ] } },
{ "type": "Feature", "properties": { "A31a_101": "8505090098", "A31a_102": "板取川", "A31a_103": "21", "A31a_104": "岐阜県", "A31a_105": 1 }, "geometry": { "type": "Polygon", "coordinates": [ [ [ 136.915667222, 35.567444133 ], [ 136.915667222, 35.567388583 ], [ 136.915611662, 35.567388583 ], [ 136.915611662, 35.567444133 ], [ 136.915667222, 35.567444133 ] ] ] } },
{ "type": "Feature", "properties": { "A31a_101": "8505090098", "A31a_102": "板取川", "A31a_103": "21", "A31a_104": "岐阜県", "A31a_105": 1 }, "geometry": { "type": "Polygon", "coordinates": [ [ [ 136.914889438, 35.567444134 ], [ 136.914889438, 35.567388584 ], [ 136.914889438, 35.567333024 ], [ 136.914833878, 35.567333024 ], [ 136.914833878, 35.567388584 ], [ 136.914833878, 35.567444134 ], [ 136.914889438, 35.567444134 ] ] ] } },
{ "type": "Feature", "properties": { "A31a_101": "8505090098", "A31a_102": "板取川", "A31a_103": "21", "A31a_104": "岐阜県", "A31a_105": 1 }, "geometry": { "type": "Polygon", "coordinates": [ [ [ 136.915722772, 35.567499693 ], [ 136.915722772, 35.567444133 ], [ 136.915667222, 35.567444133 ], [ 136.915667222, 35.567499693 ], [ 136.915722772, 35.567499693 ] ] ] } },
{ "type": "Feature", "properties": { "A31a_101": "8505090098", "A31a_102": "板取川", "A31a_103": "21", "A31a_104": "岐阜県", "A31a_105": 1 }, "geometry": { "type": "Polygon", "coordinates": [ [ [ 136.914778328, 35.567499694 ], [ 136.914778328, 35.567444134 ], [ 136.914722767, 35.567444134 ], [ 136.914722768, 35.567499694 ], [ 136.914778328, 35.567499694 ] ] ] } },
{ "type": "Feature", "properties": { "A31a_101": "8505090098", "A31a_102": "板取川", "A31a_103": "21", "A31a_104": "岐阜県", "A31a_105": 1 }, "geometry": { "type": "Polygon", "coordinates": [ [ [ 136.914944989, 35.567555253 ], [ 136.914944989, 35.567499693 ], [ 136.914944989, 35.567444134 ], [ 136.914889438, 35.567444134 ], [ 136.914889438, 35.567499693 ], [ 136.914889438, 35.567555253 ], [ 136.914944989, 35.567555253 ] ] ] } },
{ "type": "Feature", "properties": { "A31a_101": "8505090098", "A31a_102": "板取川", "A31a_103": "21", "A31a_104": "岐阜県", "A31a_105": 1 }, "geometry": { "type": "Polygon", "coordinates": [ [ [ 136.915000549, 35.567610803 ], [ 136.915000549, 35.567555253 ], [ 136.914944989, 35.567555253 ], [ 136.914944989, 35.567610803 ], [ 136.915000549, 35.567610803 ] ] ] } },
{ "type": "Feature", "properties": { "A31a_101": "8505090098", "A31a_102": "板取川", "A31a_103": "21", "A31a_104": "岐阜県", "A31a_105": 1 }, "geometry": { "type": "Polygon", "coordinates": [ [ [ 136.915056109, 35.567721913 ], [ 136.915056109, 35.567666363 ], [ 136.915056109, 35.567610803 ], [ 136.915000549, 35.567610803 ], [ 136.915000549, 35.567666363 ], [ 136.915000549, 35.567721913 ], [ 136.915056109, 35.567721913 ] ] ] } },
{ "type": "Feature", "properties": { "A31a_101": "8505090098", "A31a_102": "板取川", "A31a_103": "21", "A31a_104": "岐阜県", "A31a_105": 1 }, "geometry": { "type": "Polygon", "coordinates": [ [ [ 136.914667218, 35.567721913 ], [ 136.914667217, 35.567666363 ], [ 136.914611657, 35.567666363 ], [ 136.914611657, 35.567721913 ], [ 136.914667218, 35.567721913 ] ] ] } },
{ "type": "Feature", "properties": { "A31a_101": "8505090098", "A31a_102": "板取川", "A31a_103": "21", "A31a_104": "岐阜県", "A31a_105": 1 }, "geometry": { "type": "Polygon", "coordinates": [ [ [ 136.915611662, 35.567777472 ], [ 136.915611662, 35.567721912 ], [ 136.915556112, 35.567721912 ], [ 136.915556112, 35.567777472 ], [ 136.915611662, 35.567777472 ] ] ] } },
{ "type": "Feature", "properties": { "A31a_101": "8505090098", "A31a_102": "板取川", "A31a_103": "21", "A31a_104": "岐阜県", "A31a_105": 1 }, "geometry": { "type": "Polygon", "coordinates": [ [ [ 136.916000554, 35.567833022 ], [ 136.916000554, 35.567777472 ], [ 136.916000554, 35.567721912 ], [ 136.915944993, 35.567721912 ], [ 136.915889443, 35.567721912 ], [ 136.915833883, 35.567721912 ], [ 136.915833883, 35.567777472 ], [ 136.915889443, 35.567777472 ], [ 136.915889443, 35.567833022 ], [ 136.915944994, 35.567833022 ], [ 136.916000554, 35.567833022 ] ] ] } },
{ "type": "Feature", "properties": { "A31a_101": "8505090098", "A31a_102": "板取川", "A31a_103": "21", "A31a_104": "岐阜県", "A31a_105": 1 }, "geometry": { "type": "Polygon", "coordinates": [ [ [ 136.914722768, 35.567833023 ], [ 136.914722768, 35.567777473 ], [ 136.914667218, 35.567777473 ], [ 136.914667218, 35.567833023 ], [ 136.914722768, 35.567833023 ] ] ] } },
{ "type": "Feature", "properties": { "A31a_101": "8505090098", "A31a_102": "板取川", "A31a_103": "21", "A31a_104": "岐阜県", "A31a_105": 1 }, "geometry": { "type": "Polygon", "coordinates": [ [ [ 136.915389441, 35.567888582 ], [ 136.915389441, 35.567833022 ], [ 136.915333881, 35.567833022 ], [ 136.915333881, 35.567888582 ], [ 136.915389441, 35.567888582 ] ] ] } },
{ "type": "Feature", "properties": { "A31a_101": "8505090098", "A31a_102": "板取川", "A31a_103": "21", "A31a_104": "岐阜県", "A31a_105": 1 }, "geometry": { "type": "Polygon", "coordinates": [ [ [ 136.914611658, 35.567888583 ], [ 136.914611657, 35.567833023 ], [ 136.914556107, 35.567833023 ], [ 136.914556107, 35.567888583 ], [ 136.914611658, 35.567888583 ] ] ] } },
{ "type": "Feature", "properties": { "A31a_101": "8505090098", "A31a_102": "板取川", "A31a_103": "21", "A31a_104": "岐阜県", "A31a_105": 1 }, "geometry": { "type": "Polygon", "coordinates": [ [ [ 136.916167225, 35.567999691 ], [ 136.916167225, 35.567944131 ], [ 136.916111665, 35.567944132 ], [ 136.916111665, 35.567999691 ], [ 136.916167225, 35.567999691 ] ] ] } },
{ "type": "Feature", "properties": { "A31a_101": "8505090098", "A31a_102": "板取川", "A31a_103": "21", "A31a_104": "岐阜県", "A31a_105": 1 }, "geometry": { "type": "Polygon", "coordinates": [ [ [ 136.914778329, 35.568055252 ], [ 136.914778328, 35.567999692 ], [ 136.914722768, 35.567999692 ], [ 136.914722768, 35.568055252 ], [ 136.914778329, 35.568055252 ] ] ] } },
{ "type": "Feature", "properties": { "A31a_101": "8505090098", "A31a_102": "板取川", "A31a_103": "21", "A31a_104": "岐阜県", "A31a_105": 1 }, "geometry": { "type": "Polygon", "coordinates": [ [ [ 136.916333886, 35.568110801 ], [ 136.916333886, 35.568055251 ], [ 136.916278335, 35.568055251 ], [ 136.916278336, 35.568110801 ], [ 136.916333886, 35.568110801 ] ] ] } },
{ "type": "Feature", "properties": { "A31a_101": "8505090098", "A31a_102": "板取川", "A31a_103": "21", "A31a_104": "岐阜県", "A31a_105": 1 }, "geometry": { "type": "Polygon", "coordinates": [ [ [ 136.915722772, 35.567499693 ], [ 136.915722772, 35.567555253 ], [ 136.915667222, 35.567555253 ], [ 136.915611662, 35.567555253 ], [ 136.915556111, 35.567555253 ], [ 136.915556112, 35.567610803 ], [ 136.915500551, 35.567610803 ], [ 136.915444991, 35.567610803 ], [ 136.915389441, 35.567610803 ], [ 136.915333881, 35.567610803 ], [ 136.915333881, 35.567666363 ], [ 136.91527833, 35.567666363 ], [ 136.91522277, 35.567666363 ], [ 136.91516722, 35.567666363 ], [ 136.91516722, 35.567721913 ], [ 136.91511166, 35.567721913 ], [ 136.915056109, 35.567721913 ], [ 136.915056109, 35.567777473 ], [ 136.915000549, 35.567777473 ], [ 136.914944989, 35.567777473 ], [ 136.914889439, 35.567777473 ], [ 136.914889439, 35.567833023 ], [ 136.914833878, 35.567833023 ], [ 136.914833879, 35.567888582 ], [ 136.914778328, 35.567888583 ], [ 136.914778328, 35.567944132 ], [ 136.914833879, 35.567944132 ], [ 136.914833879, 35.567999692 ], [ 136.914889439, 35.567999692 ], [ 136.914944989, 35.567999692 ], [ 136.914944989, 35.568055252 ], [ 136.914944989, 35.568110802 ], [ 136.914889439, 35.568110802 ], [ 136.914889439, 35.568166362 ], [ 136.914944989, 35.568166362 ], [ 136.91500055, 35.568166362 ], [ 136.91505611, 35.568166362 ], [ 136.91505611, 35.568110802 ], [ 136.91500055, 35.568110802 ], [ 136.91500055, 35.568055252 ], [ 136.91505611, 35.568055252 ], [ 136.91505611, 35.567999692 ], [ 136.91511166, 35.567999692 ], [ 136.91516722, 35.567999692 ], [ 136.91522277, 35.567999692 ], [ 136.915278331, 35.567999692 ], [ 136.915278331, 35.567944132 ], [ 136.915278331, 35.567888582 ], [ 136.91522277, 35.567888582 ], [ 136.91522277, 35.567833022 ], [ 136.91516722, 35.567833022 ], [ 136.91511166, 35.567833022 ], [ 136.91511166, 35.567777473 ], [ 136.91516722, 35.567777473 ], [ 136.91522277, 35.567777473 ], [ 136.91527833, 35.567777472 ], [ 136.915333881, 35.567777472 ], [ 136.915389441, 35.567777472 ], [ 136.915389441, 35.567721913 ], [ 136.915444991, 35.567721913 ], [ 136.915500551, 35.567721912 ], [ 136.915500551, 35.567666363 ], [ 136.915556112, 35.567666363 ], [ 136.915611662, 35.567666363 ], [ 136.915667222, 35.567666363 ], [ 136.915722772, 35.567666362 ], [ 136.915722772, 35.567610803 ], [ 136.915778333, 35.567610803 ], [ 136.915833883, 35.567610803 ], [ 136.915833883, 35.567555253 ], [ 136.915778333, 35.567555253 ], [ 136.915778332, 35.567499693 ], [ 136.915722772, 35.567499693 ] ] ] } },
{ "type": "Feature", "properties": { "A31a_101": "8505090098", "A31a_102": "板取川", "A31a_103": "21", "A31a_104": "岐阜県", "A31a_105": 1 }, "geometry": { "type": "Polygon", "coordinates": [ [ [ 136.914889439, 35.568166362 ], [ 136.914833879, 35.568166362 ], [ 136.914778329, 35.568166362 ], [ 136.914722768, 35.568166362 ], [ 136.914722768, 35.568221912 ], [ 136.914778329, 35.568221912 ], [ 136.914833879, 35.568221912 ], [ 136.914889439, 35.568221912 ], [ 136.914889439, 35.568166362 ] ] ] } },
{ "type": "Feature", "properties": { "A31a_101": "8505090098", "A31a_102": "板取川", "A31a_103": "21", "A31a_104": "岐阜県", "A31a_105": 1 }, "geometry": { "type": "Polygon", "coordinates": [ [ [ 136.916278336, 35.56844413 ], [ 136.916278336, 35.56838858 ], [ 136.916278336, 35.56833302 ], [ 136.916278336, 35.568277471 ], [ 136.916222775, 35.568277471 ], [ 136.916222776, 35.56833302 ], [ 136.916222776, 35.56838858 ], [ 136.916222776, 35.56844413 ], [ 136.916278336, 35.56844413 ] ] ] } },
{ "type": "Feature", "properties": { "A31a_101": "8505090098", "A31a_102": "板取川", "A31a_103": "21", "A31a_104": "岐阜県", "A31a_105": 1 }, "geometry": { "type": "Polygon", "coordinates": [ [ [ 136.916333886, 35.56855525 ], [ 136.916333886, 35.56849969 ], [ 136.916333886, 35.56844413 ], [ 136.916278336, 35.56844413 ], [ 136.916278336, 35.56849969 ], [ 136.916278336, 35.56855525 ], [ 136.916333886, 35.56855525 ] ] ] } },
{ "type": "Feature", "properties": { "A31a_101": "8505090098", "A31a_102": "板取川", "A31a_103": "21", "A31a_104": "岐阜県", "A31a_105": 1 }, "geometry": { "type": "Polygon", "coordinates": [ [ [ 136.91494499, 35.568555251 ], [ 136.91494499, 35.568499691 ], [ 136.91488944, 35.568499691 ], [ 136.91488944, 35.568444131 ], [ 136.914889439, 35.568388581 ], [ 136.914833879, 35.568388581 ], [ 136.914778329, 35.568388581 ], [ 136.914778329, 35.568444131 ], [ 136.914722769, 35.568444131 ], [ 136.914722769, 35.568499691 ], [ 136.914778329, 35.568499691 ], [ 136.914778329, 35.568555251 ], [ 136.914833879, 35.568555251 ], [ 136.91488944, 35.568555251 ], [ 136.91494499, 35.568555251 ] ] ] } },
{ "type": "Feature", "properties": { "A31a_101": "8505090098", "A31a_102": "板取川", "A31a_103": "21", "A31a_104": "岐阜県", "A31a_105": 1 }, "geometry": { "type": "Polygon", "coordinates": [ [ [ 136.916333886, 35.56855525 ], [ 136.916333886, 35.5686108 ], [ 136.916389447, 35.5686108 ], [ 136.916389447, 35.56855525 ], [ 136.916333886, 35.56855525 ] ] ] } },
{ "type": "Feature", "properties": { "A31a_101": "8505090098", "A31a_102": "板取川", "A31a_103": "21", "A31a_104": "岐阜県", "A31a_105": 1 }, "geometry": { "type": "Polygon", "coordinates": [ [ [ 136.916278336, 35.56855525 ], [ 136.916222776, 35.56855525 ], [ 136.916222776, 35.5686108 ], [ 136.916278336, 35.5686108 ], [ 136.916278336, 35.56855525 ] ] ] } },
{ "type": "Feature", "properties": { "A31a_101": "8505090098", "A31a_102": "板取川", "A31a_103": "21", "A31a_104": "岐阜県", "A31a_105": 1 }, "geometry": { "type": "Polygon", "coordinates": [ [ [ 136.915167221, 35.56866636 ], [ 136.915167221, 35.5686108 ], [ 136.915167221, 35.568555251 ], [ 136.915222771, 35.568555251 ], [ 136.915278331, 35.56855525 ], [ 136.915278331, 35.568499691 ], [ 136.915222771, 35.568499691 ], [ 136.915167221, 35.568499691 ], [ 136.915111661, 35.568499691 ], [ 136.915111661, 35.568555251 ], [ 136.91505611, 35.568555251 ], [ 136.91505611, 35.5686108 ], [ 136.915111661, 35.5686108 ], [ 136.915111661, 35.56866636 ], [ 136.915167221, 35.56866636 ] ] ] } },
{ "type": "Feature", "properties": { "A31a_101": "8505090098", "A31a_102": "板取川", "A31a_103": "21", "A31a_104": "岐阜県", "A31a_105": 1 }, "geometry": { "type": "Polygon", "coordinates": [ [ [ 136.915667223, 35.56872191 ], [ 136.915667223, 35.56866636 ], [ 136.915611663, 35.56866636 ], [ 136.915611663, 35.56872191 ], [ 136.915667223, 35.56872191 ] ] ] } },
{ "type": "Feature", "properties": { "A31a_101": "8505090098", "A31a_102": "板取川", "A31a_103": "21", "A31a_104": "岐阜県", "A31a_105": 1 }, "geometry": { "type": "Polygon", "coordinates": [ [ [ 136.915278331, 35.56855525 ], [ 136.915278332, 35.5686108 ], [ 136.915278332, 35.56866636 ], [ 136.915278332, 35.56872191 ], [ 136.915333882, 35.56872191 ], [ 136.915333882, 35.56866636 ], [ 136.915389442, 35.56866636 ], [ 136.915389442, 35.5686108 ], [ 136.915444992, 35.5686108 ], [ 136.915444992, 35.56866636 ], [ 136.915500553, 35.56866636 ], [ 136.915500553, 35.5686108 ], [ 136.915500552, 35.56855525 ], [ 136.915500552, 35.56849969 ], [ 136.915444992, 35.568499691 ], [ 136.915389442, 35.568499691 ], [ 136.915333882, 35.568499691 ], [ 136.915333882, 35.56855525 ], [ 136.915278331, 35.56855525 ] ] ] } },
{ "type": "Feature", "properties": { "A31a_101": "8505090098", "A31a_102": "板取川", "A31a_103": "21", "A31a_104": "岐阜県", "A31a_105": 1 }, "geometry": { "type": "Polygon", "coordinates": [ [ [ 136.915167221, 35.56866636 ], [ 136.915167221, 35.56872191 ], [ 136.915222771, 35.56872191 ], [ 136.915222771, 35.56866636 ], [ 136.915167221, 35.56866636 ] ] ] } },
{ "type": "Feature", "properties": { "A31a_101": "8505090098", "A31a_102": "板取川", "A31a_103": "21", "A31a_104": "岐阜県", "A31a_105": 1 }, "geometry": { "type": "Polygon", "coordinates": [ [ [ 136.915556113, 35.56877747 ], [ 136.915556113, 35.56872191 ], [ 136.915500553, 35.56872191 ], [ 136.915500553, 35.56877747 ], [ 136.915556113, 35.56877747 ] ] ] } },
{ "type": "Feature", "properties": { "A31a_101": "8505090098", "A31a_102": "板取川", "A31a_103": "21", "A31a_104": "岐阜県", "A31a_105": 1 }, "geometry": { "type": "Polygon", "coordinates": [ [ [ 136.916222776, 35.568833019 ], [ 136.916222776, 35.568777469 ], [ 136.916167226, 35.568777469 ], [ 136.916167226, 35.568833019 ], [ 136.916222776, 35.568833019 ] ] ] } },
{ "type": "Feature", "properties": { "A31a_101": "8505090098", "A31a_102": "板取川", "A31a_103": "21", "A31a_104": "岐阜県", "A31a_105": 1 }, "geometry": { "type": "Polygon", "coordinates": [ [ [ 136.91505611, 35.5686108 ], [ 136.91500055, 35.568610801 ], [ 136.91500055, 35.56866636 ], [ 136.91494499, 35.56866636 ], [ 136.91488944, 35.56866636 ], [ 136.91488944, 35.56872191 ], [ 136.91488944, 35.56877747 ], [ 136.91494499, 35.56877747 ], [ 136.91494499, 35.56883302 ], [ 136.915000551, 35.56883302 ], [ 136.915000551, 35.56888858 ], [ 136.915056111, 35.56888858 ], [ 136.915056111, 35.56883302 ], [ 136.915111661, 35.56883302 ], [ 136.915111661, 35.56877747 ], [ 136.915111661, 35.56872191 ], [ 136.915056111, 35.56872191 ], [ 136.915056111, 35.56866636 ], [ 136.91505611, 35.5686108 ] ] ] } },
{ "type": "Feature", "properties": { "A31a_101": "8505090098", "A31a_102": "板取川", "A31a_103": "21", "A31a_104": "岐阜県", "A31a_105": 1 }, "geometry": { "type": "Polygon", "coordinates": [ [ [ 136.907944963, 35.568944132 ], [ 136.907944963, 35.568888582 ], [ 136.907889413, 35.568888582 ], [ 136.907833852, 35.568888582 ], [ 136.907833853, 35.568944132 ], [ 136.907889413, 35.568944132 ], [ 136.907944963, 35.568944132 ] ] ] } },
{ "type": "Feature", "properties": { "A31a_101": "8505090098", "A31a_102": "板取川", "A31a_103": "21", "A31a_104": "岐阜県", "A31a_105": 1 }, "geometry": { "type": "Polygon", "coordinates": [ [ [ 136.907556082, 35.568944132 ], [ 136.907556081, 35.568888582 ], [ 136.907500521, 35.568888582 ], [ 136.907500521, 35.568944132 ], [ 136.907556082, 35.568944132 ] ] ] } },
{ "type": "Feature", "properties": { "A31a_101": "8505090098", "A31a_102": "板取川", "A31a_103": "21", "A31a_104": "岐阜県", "A31a_105": 1 }, "geometry": { "type": "Polygon", "coordinates": [ [ [ 136.915444993, 35.568999689 ], [ 136.915444993, 35.568944129 ], [ 136.915389442, 35.568944129 ], [ 136.915389443, 35.568999689 ], [ 136.915444993, 35.568999689 ] ] ] } },
{ "type": "Feature", "properties": { "A31a_101": "8505090098", "A31a_102": "板取川", "A31a_103": "21", "A31a_104": "岐阜県", "A31a_105": 1 }, "geometry": { "type": "Polygon", "coordinates": [ [ [ 136.915056111, 35.568999689 ], [ 136.915056111, 35.56894413 ], [ 136.915000551, 35.56894413 ], [ 136.915000551, 35.568999689 ], [ 136.915056111, 35.568999689 ] ] ] } },
{ "type": "Feature", "properties": { "A31a_101": "8505090098", "A31a_102": "板取川", "A31a_103": "21", "A31a_104": "岐阜県", "A31a_105": 1 }, "geometry": { "type": "Polygon", "coordinates": [ [ [ 136.916333887, 35.568944129 ], [ 136.916333887, 35.568888579 ], [ 136.916278336, 35.568888579 ], [ 136.916278337, 35.568944129 ], [ 136.916278337, 35.568999689 ], [ 136.916278337, 35.569055249 ], [ 136.916333887, 35.569055249 ], [ 136.916333887, 35.568999689 ], [ 136.916333887, 35.568944129 ] ] ] } },
{ "type": "Feature", "properties": { "A31a_101": "8505090098", "A31a_102": "板取川", "A31a_103": "21", "A31a_104": "岐阜県", "A31a_105": 1 }, "geometry": { "type": "Polygon", "coordinates": [ [ [ 136.916222776, 35.568999689 ], [ 136.916222776, 35.568944129 ], [ 136.916167226, 35.568944129 ], [ 136.916167226, 35.568999689 ], [ 136.916167226, 35.569055249 ], [ 136.916222776, 35.569055249 ], [ 136.916222776, 35.568999689 ] ] ] } },
{ "type": "Feature", "properties": { "A31a_101": "8505090098", "A31a_102": "板取川", "A31a_103": "21", "A31a_104": "岐阜県", "A31a_105": 1 }, "geometry": { "type": "Polygon", "coordinates": [ [ [ 136.915722774, 35.569055249 ], [ 136.915722774, 35.568999689 ], [ 136.915722774, 35.568944129 ], [ 136.915722774, 35.568888579 ], [ 136.915667224, 35.568888579 ], [ 136.915667224, 35.568944129 ], [ 136.915667224, 35.568999689 ], [ 136.915611664, 35.568999689 ], [ 136.915611664, 35.569055249 ], [ 136.915667224, 35.569055249 ], [ 136.915722774, 35.569055249 ] ] ] } },
{ "type": "Feature", "properties": { "A31a_101": "8505090098", "A31a_102": "板取川", "A31a_103": "21", "A31a_104": "岐阜県", "A31a_105": 1 }, "geometry": { "type": "Polygon", "coordinates": [ [ [ 136.915111661, 35.569055249 ], [ 136.915111661, 35.568999689 ], [ 136.915056111, 35.568999689 ], [ 136.915056111, 35.569055249 ], [ 136.915111661, 35.569055249 ] ] ] } },
{ "type": "Feature", "properties": { "A31a_101": "8505090098", "A31a_102": "板取川", "A31a_103": "21", "A31a_104": "岐阜県", "A31a_105": 1 }, "geometry": { "type": "Polygon", "coordinates": [ [ [ 136.915167222, 35.569110799 ], [ 136.915167222, 35.569055249 ], [ 136.915111661, 35.569055249 ], [ 136.915111661, 35.569110799 ], [ 136.915167222, 35.569110799 ] ] ] } },
{ "type": "Feature", "properties": { "A31a_101": "8505090098", "A31a_102": "板取川", "A31a_103": "21", "A31a_104": "岐阜県", "A31a_105": 1 }, "geometry": { "type": "Polygon", "coordinates": [ [ [ 136.915000551, 35.568999689 ], [ 136.91494499, 35.56899969 ], [ 136.91488944, 35.56899969 ], [ 136.91483388, 35.56899969 ], [ 136.91483388, 35.569055249 ], [ 136.91488944, 35.569055249 ], [ 136.91488944, 35.569110799 ], [ 136.914944991, 35.569110799 ], [ 136.914944991, 35.569055249 ], [ 136.915000551, 35.569055249 ], [ 136.915000551, 35.568999689 ] ] ] } },
{ "type": "Feature", "properties": { "A31a_101": "8505090098", "A31a_102": "板取川", "A31a_103": "21", "A31a_104": "岐阜県", "A31a_105": 1 }, "geometry": { "type": "Polygon", "coordinates": [ [ [ 136.908056084, 35.569110801 ], [ 136.908056083, 35.569055252 ], [ 136.908000523, 35.569055252 ], [ 136.908000523, 35.569110801 ], [ 136.908056084, 35.569110801 ] ] ] } },
{ "type": "Feature", "properties": { "A31a_101": "8505090098", "A31a_102": "板取川", "A31a_103": "21", "A31a_104": "岐阜県", "A31a_105": 1 }, "geometry": { "type": "Polygon", "coordinates": [ [ [ 136.907722742, 35.569110801 ], [ 136.907722742, 35.569055252 ], [ 136.907667192, 35.569055252 ], [ 136.907667192, 35.569110801 ], [ 136.907722742, 35.569110801 ] ] ] } },
{ "type": "Feature", "properties": { "A31a_101": "8505090098", "A31a_102": "板取川", "A31a_103": "21", "A31a_104": "岐阜県", "A31a_105": 1 }, "geometry": { "type": "Polygon", "coordinates": [ [ [ 136.915778335, 35.569166359 ], [ 136.915778334, 35.569110799 ], [ 136.915778334, 35.569055249 ], [ 136.915722774, 35.569055249 ], [ 136.915722774, 35.569110799 ], [ 136.915722774, 35.569166359 ], [ 136.915778335, 35.569166359 ] ] ] } },
{ "type": "Feature", "properties": { "A31a_101": "8505090098", "A31a_102": "板取川", "A31a_103": "21", "A31a_104": "岐阜県", "A31a_105": 1 }, "geometry": { "type": "Polygon", "coordinates": [ [ [ 136.915167222, 35.569110799 ], [ 136.915167222, 35.569166359 ], [ 136.915222772, 35.569166359 ], [ 136.915222772, 35.569110799 ], [ 136.915167222, 35.569110799 ] ] ] } },
{ "type": "Feature", "properties": { "A31a_101": "8505090098", "A31a_102": "板取川", "A31a_103": "21", "A31a_104": "岐阜県", "A31a_105": 1 }, "geometry": { "type": "Polygon", "coordinates": [ [ [ 136.908278304, 35.569166361 ], [ 136.908278304, 35.569110801 ], [ 136.908222744, 35.569110801 ], [ 136.908222744, 35.569166361 ], [ 136.908278304, 35.569166361 ] ] ] } },
{ "type": "Feature", "properties": { "A31a_101": "8505090098", "A31a_102": "板取川", "A31a_103": "21", "A31a_104": "岐阜県", "A31a_105": 1 }, "geometry": { "type": "Polygon", "coordinates": [ [ [ 136.908167194, 35.569166361 ], [ 136.908167194, 35.569110801 ], [ 136.908111634, 35.569110801 ], [ 136.908056084, 35.569110801 ], [ 136.908056084, 35.569166361 ], [ 136.908111634, 35.569166361 ], [ 136.908167194, 35.569166361 ] ] ] } },
{ "type": "Feature", "properties": { "A31a_101": "8505090098", "A31a_102": "板取川", "A31a_103": "21", "A31a_104": "岐阜県", "A31a_105": 1 }, "geometry": { "type": "Polygon", "coordinates": [ [ [ 136.916000556, 35.569221908 ], [ 136.916000556, 35.569166358 ], [ 136.915944995, 35.569166358 ], [ 136.915944995, 35.569221908 ], [ 136.916000556, 35.569221908 ] ] ] } },
{ "type": "Feature", "properties": { "A31a_101": "8505090098", "A31a_102": "板取川", "A31a_103": "21", "A31a_104": "岐阜県", "A31a_105": 1 }, "geometry": { "type": "Polygon", "coordinates": [ [ [ 136.915778335, 35.569166359 ], [ 136.915778335, 35.569221908 ], [ 136.915833885, 35.569221908 ], [ 136.915833885, 35.569166359 ], [ 136.915778335, 35.569166359 ] ] ] } },
{ "type": "Feature", "properties": { "A31a_101": "8505090098", "A31a_102": "板取川", "A31a_103": "21", "A31a_104": "岐阜県", "A31a_105": 1 }, "geometry": { "type": "Polygon", "coordinates": [ [ [ 136.908278304, 35.569166361 ], [ 136.908278305, 35.569221911 ], [ 136.908333855, 35.569221911 ], [ 136.908333855, 35.569166361 ], [ 136.908278304, 35.569166361 ] ] ] } },
{ "type": "Feature", "properties": { "A31a_101": "8505090098", "A31a_102": "板取川", "A31a_103": "21", "A31a_104": "岐阜県", "A31a_105": 1 }, "geometry": { "type": "Polygon", "coordinates": [ [ [ 136.908222744, 35.569166361 ], [ 136.908167194, 35.569166361 ], [ 136.908167194, 35.569221911 ], [ 136.908222744, 35.569221911 ], [ 136.908222744, 35.569166361 ] ] ] } },
{ "type": "Feature", "properties": { "A31a_101": "8505090098", "A31a_102": "板取川", "A31a_103": "21", "A31a_104": "岐阜県", "A31a_105": 1 }, "geometry": { "type": "Polygon", "coordinates": [ [ [ 136.915556114, 35.569277468 ], [ 136.915556114, 35.569221909 ], [ 136.915500553, 35.569221909 ], [ 136.915500553, 35.569277468 ], [ 136.915556114, 35.569277468 ] ] ] } },
{ "type": "Feature", "properties": { "A31a_101": "8505090098", "A31a_102": "板取川", "A31a_103": "21", "A31a_104": "岐阜県", "A31a_105": 1 }, "geometry": { "type": "Polygon", "coordinates": [ [ [ 136.915111662, 35.569333019 ], [ 136.915111662, 35.569388578 ], [ 136.915167222, 35.569388578 ], [ 136.915167222, 35.569333019 ], [ 136.915111662, 35.569333019 ] ] ] } },
{ "type": "Feature", "properties": { "A31a_101": "8505090098", "A31a_102": "板取川", "A31a_103": "21", "A31a_104": "岐阜県", "A31a_105": 1 }, "geometry": { "type": "Polygon", "coordinates": [ [ [ 136.91472277, 35.569110799 ], [ 136.91472277, 35.56905525 ], [ 136.914722769, 35.56899969 ], [ 136.914722769, 35.56894413 ], [ 136.914722769, 35.56888858 ], [ 136.914667219, 35.56888858 ], [ 136.914611659, 35.56888858 ], [ 136.914611659, 35.56894413 ], [ 136.914556109, 35.56894413 ], [ 136.914556109, 35.56888858 ], [ 136.914500548, 35.56888858 ], [ 136.914500548, 35.56894413 ], [ 136.914500548, 35.56899969 ], [ 136.914444988, 35.56899969 ], [ 136.914444988, 35.56905525 ], [ 136.914444988, 35.5691108 ], [ 136.914444988, 35.569166359 ], [ 136.914444988, 35.569221909 ], [ 136.914444989, 35.569277469 ], [ 136.914500549, 35.569277469 ], [ 136.914500549, 35.569333019 ], [ 136.914500549, 35.569388579 ], [ 136.914556109, 35.569388579 ], [ 136.914556109, 35.569333019 ], [ 136.914611659, 35.569333019 ], [ 136.914611659, 35.569277469 ], [ 136.91466722, 35.569277469 ], [ 136.914667219, 35.569221909 ], [ 136.914667219, 35.569166359 ], [ 136.914611659, 35.569166359 ], [ 136.914611659, 35.569110799 ], [ 136.914667219, 35.569110799 ], [ 136.91472277, 35.569110799 ] ] ] } },
{ "type": "Feature", "properties": { "A31a_101": "8505090098", "A31a_102": "板取川", "A31a_103": "21", "A31a_104": "岐阜県", "A31a_105": 1 }, "geometry": { "type": "Polygon", "coordinates": [ [ [ 136.908500526, 35.569388581 ], [ 136.908500525, 35.569333021 ], [ 136.908444965, 35.569333021 ], [ 136.908444965, 35.569388581 ], [ 136.908500526, 35.569388581 ] ] ] } },
{ "type": "Feature", "properties": { "A31a_101": "8505090098", "A31a_102": "板取川", "A31a_103": "21", "A31a_104": "岐阜県", "A31a_105": 1 }, "geometry": { "type": "Polygon", "coordinates": [ [ [ 136.915000551, 35.569388578 ], [ 136.914944991, 35.569388579 ], [ 136.914944991, 35.569333019 ], [ 136.915000551, 35.569333019 ], [ 136.915000551, 35.569388578 ], [ 136.915056111, 35.569388578 ], [ 136.915056111, 35.569333019 ], [ 136.915111662, 35.569333019 ], [ 136.915111662, 35.569277469 ], [ 136.915111662, 35.569221909 ], [ 136.915056111, 35.569221909 ], [ 136.915000551, 35.569221909 ], [ 136.914944991, 35.569221909 ], [ 136.914944991, 35.569166359 ], [ 136.91488944, 35.569166359 ], [ 136.91488944, 35.569110799 ], [ 136.91483388, 35.569110799 ], [ 136.91477833, 35.569110799 ], [ 136.91472277, 35.569110799 ], [ 136.91472277, 35.569166359 ], [ 136.91472277, 35.569221909 ], [ 136.91472277, 35.569277469 ], [ 136.91472277, 35.569333019 ], [ 136.91477833, 35.569333019 ], [ 136.91477833, 35.569388579 ], [ 136.91483388, 35.569388579 ], [ 136.91483388, 35.569333019 ], [ 136.914889441, 35.569333019 ], [ 136.914889441, 35.569388579 ], [ 136.914889441, 35.569444128 ], [ 136.914833881, 35.569444128 ], [ 136.914833881, 35.569499688 ], [ 136.914889441, 35.569499688 ], [ 136.914944991, 35.569499688 ], [ 136.915000551, 35.569499688 ], [ 136.915000551, 35.569444128 ], [ 136.915000551, 35.569388578 ] ] ] } },
{ "type": "Feature", "properties": { "A31a_101": "8505090098", "A31a_102": "板取川", "A31a_103": "21", "A31a_104": "岐阜県", "A31a_105": 1 }, "geometry": { "type": "Polygon", "coordinates": [ [ [ 136.908667196, 35.56949969 ], [ 136.908667196, 35.56944413 ], [ 136.908667196, 35.569388581 ], [ 136.908611636, 35.569388581 ], [ 136.908611636, 35.56944413 ], [ 136.908611636, 35.56949969 ], [ 136.908667196, 35.56949969 ] ] ] } },
{ "type": "Feature", "properties": { "A31a_101": "8505090098", "A31a_102": "板取川", "A31a_103": "21", "A31a_104": "岐阜県", "A31a_105": 1 }, "geometry": { "type": "Polygon", "coordinates": [ [ [ 136.908500526, 35.56949969 ], [ 136.908500526, 35.56944413 ], [ 136.908444965, 35.56944413 ], [ 136.908444965, 35.56949969 ], [ 136.908500526, 35.56949969 ] ] ] } },
{ "type": "Feature", "properties": { "A31a_101": "8505090098", "A31a_102": "板取川", "A31a_103": "21", "A31a_104": "岐阜県", "A31a_105": 1 }, "geometry": { "type": "Polygon", "coordinates": [ [ [ 136.914833881, 35.569499688 ], [ 136.91477833, 35.569499688 ], [ 136.91472277, 35.569499688 ], [ 136.91472277, 35.569555248 ], [ 136.91477833, 35.569555248 ], [ 136.914833881, 35.569555248 ], [ 136.914833881, 35.569499688 ] ] ] } },
{ "type": "Feature", "properties": { "A31a_101": "8505090098", "A31a_102": "板取川", "A31a_103": "21", "A31a_104": "岐阜県", "A31a_105": 1 }, "geometry": { "type": "Polygon", "coordinates": [ [ [ 136.908667196, 35.56949969 ], [ 136.908667196, 35.56955525 ], [ 136.908722747, 35.56955525 ], [ 136.908722746, 35.56949969 ], [ 136.908667196, 35.56949969 ] ] ] } },
{ "type": "Feature", "properties": { "A31a_101": "8505090098", "A31a_102": "板取川", "A31a_103": "21", "A31a_104": "岐阜県", "A31a_105": 1 }, "geometry": { "type": "Polygon", "coordinates": [ [ [ 136.907944964, 35.56955525 ], [ 136.907944964, 35.56949969 ], [ 136.907889413, 35.56949969 ], [ 136.907889413, 35.56944413 ], [ 136.907833853, 35.569444131 ], [ 136.907778303, 35.569444131 ], [ 136.907778303, 35.569388581 ], [ 136.907722743, 35.569388581 ], [ 136.907722743, 35.569333021 ], [ 136.907778303, 35.569333021 ], [ 136.907833853, 35.569333021 ], [ 136.907833853, 35.569277471 ], [ 136.907778303, 35.569277471 ], [ 136.907778303, 35.569221911 ], [ 136.907722743, 35.569221911 ], [ 136.907667192, 35.569221911 ], [ 136.907667192, 35.569277471 ], [ 136.907611632, 35.569277471 ], [ 136.907611632, 35.569221911 ], [ 136.907611632, 35.569166361 ], [ 136.907556082, 35.569166361 ], [ 136.907556082, 35.569110801 ], [ 136.907556082, 35.569055252 ], [ 136.907500522, 35.569055252 ], [ 136.907500522, 35.569110801 ], [ 136.907500522, 35.569166361 ], [ 136.907500522, 35.569221911 ], [ 136.907500522, 35.569277471 ], [ 136.907500522, 35.569333021 ], [ 136.907556082, 35.569333021 ], [ 136.907611632, 35.569333021 ], [ 136.907611632, 35.569388581 ], [ 136.907611632, 35.569444131 ], [ 136.907556082, 35.569444131 ], [ 136.907556082, 35.56949969 ], [ 136.907500522, 35.56949969 ], [ 136.907500522, 35.56955525 ], [ 136.907556082, 35.56955525 ], [ 136.907611633, 35.56955525 ], [ 136.907667193, 35.56955525 ], [ 136.907722743, 35.56955525 ], [ 136.907778303, 35.56955525 ], [ 136.907833853, 35.56955525 ], [ 136.907889414, 35.56955525 ], [ 136.907944964, 35.56955525 ] ] ] } },
{ "type": "Feature", "properties": { "A31a_101": "8505090098", "A31a_102": "板取川", "A31a_103": "21", "A31a_104": "岐阜県", "A31a_105": 1 }, "geometry": { "type": "Polygon", "coordinates": [ [ [ 136.908889417, 35.5696108 ], [ 136.908889417, 35.56955525 ], [ 136.908833857, 35.56955525 ], [ 136.908833857, 35.5696108 ], [ 136.908889417, 35.5696108 ] ] ] } },
{ "type": "Feature", "properties": { "A31a_101": "8505090098", "A31a_102": "板取川", "A31a_103": "21", "A31a_104": "岐阜県", "A31a_105": 1 }, "geometry": { "type": "Polygon", "coordinates": [ [ [ 136.913833876, 35.569610799 ], [ 136.913833876, 35.569555249 ], [ 136.913778326, 35.569555249 ], [ 136.913722766, 35.569555249 ], [ 136.913722766, 35.569610799 ], [ 136.913722766, 35.569666359 ], [ 136.913778326, 35.569666358 ], [ 136.913778326, 35.569610799 ], [ 136.913833876, 35.569610799 ] ] ] } },
{ "type": "Feature", "properties": { "A31a_101": "8505090098", "A31a_102": "板取川", "A31a_103": "21", "A31a_104": "岐阜県", "A31a_105": 1 }, "geometry": { "type": "Polygon", "coordinates": [ [ [ 136.911556097, 35.569666359 ], [ 136.911556097, 35.5696108 ], [ 136.911500536, 35.5696108 ], [ 136.911500537, 35.569666359 ], [ 136.911556097, 35.569666359 ] ] ] } },
{ "type": "Feature", "properties": { "A31a_101": "8505090098", "A31a_102": "板取川", "A31a_103": "21", "A31a_104": "岐阜県", "A31a_105": 1 }, "geometry": { "type": "Polygon", "coordinates": [ [ [ 136.908889417, 35.5696108 ], [ 136.908889417, 35.56966636 ], [ 136.908944967, 35.56966636 ], [ 136.909000528, 35.56966636 ], [ 136.909000528, 35.5696108 ], [ 136.908944967, 35.5696108 ], [ 136.908889417, 35.5696108 ] ] ] } },
{ "type": "Feature", "properties": { "A31a_101": "8505090098", "A31a_102": "板取川", "A31a_103": "21", "A31a_104": "岐阜県", "A31a_105": 1 }, "geometry": { "type": "Polygon", "coordinates": [ [ [ 136.908778307, 35.56966636 ], [ 136.908778307, 35.5696108 ], [ 136.908722747, 35.5696108 ], [ 136.908722747, 35.56966636 ], [ 136.908778307, 35.56966636 ] ] ] } },
{ "type": "Feature", "properties": { "A31a_101": "8505090098", "A31a_102": "板取川", "A31a_103": "21", "A31a_104": "岐阜県", "A31a_105": 1 }, "geometry": { "type": "Polygon", "coordinates": [ [ [ 136.909056088, 35.56972191 ], [ 136.909111638, 35.56972191 ], [ 136.909111638, 35.56966636 ], [ 136.909056088, 35.56966636 ], [ 136.909056088, 35.56972191 ] ] ] } },
{ "type": "Feature", "properties": { "A31a_101": "8505090098", "A31a_102": "板取川", "A31a_103": "21", "A31a_104": "岐阜県", "A31a_105": 1 }, "geometry": { "type": "Polygon", "coordinates": [ [ [ 136.908944968, 35.569777469 ], [ 136.908944968, 35.56972191 ], [ 136.908889417, 35.56972191 ], [ 136.908889417, 35.569777469 ], [ 136.908944968, 35.569777469 ] ] ] } },
{ "type": "Feature", "properties": { "A31a_101": "8505090098", "A31a_102": "板取川", "A31a_103": "21", "A31a_104": "岐阜県", "A31a_105": 1 }, "geometry": { "type": "Polygon", "coordinates": [ [ [ 136.912833872, 35.569833019 ], [ 136.912833872, 35.569777469 ], [ 136.912778322, 35.569777469 ], [ 136.912722761, 35.569777469 ], [ 136.912722761, 35.569833019 ], [ 136.912778322, 35.569833019 ], [ 136.912833872, 35.569833019 ] ] ] } },
{ "type": "Feature", "properties": { "A31a_101": "8505090098", "A31a_102": "板取川", "A31a_103": "21", "A31a_104": "岐阜県", "A31a_105": 1 }, "geometry": { "type": "Polygon", "coordinates": [ [ [ 136.909167198, 35.569833019 ], [ 136.909167198, 35.569777469 ], [ 136.909111638, 35.569777469 ], [ 136.909111638, 35.569833019 ], [ 136.909167198, 35.569833019 ] ] ] } },
{ "type": "Feature", "properties": { "A31a_101": "8505090098", "A31a_102": "板取川", "A31a_103": "21", "A31a_104": "岐阜県", "A31a_105": 1 }, "geometry": { "type": "Polygon", "coordinates": [ [ [ 136.900722718, 35.56983302 ], [ 136.900778279, 35.56983302 ], [ 136.900778279, 35.569777471 ], [ 136.900722718, 35.569777471 ], [ 136.900722718, 35.56983302 ] ] ] } },
{ "type": "Feature", "properties": { "A31a_101": "8505090098", "A31a_102": "板取川", "A31a_103": "21", "A31a_104": "岐阜県", "A31a_105": 1 }, "geometry": { "type": "Polygon", "coordinates": [ [ [ 136.909056088, 35.56972191 ], [ 136.909000528, 35.56972191 ], [ 136.909000528, 35.569777469 ], [ 136.908944968, 35.569777469 ], [ 136.908944968, 35.569833019 ], [ 136.909000528, 35.569833019 ], [ 136.909000528, 35.569888579 ], [ 136.909056088, 35.569888579 ], [ 136.909056088, 35.569833019 ], [ 136.909056088, 35.569777469 ], [ 136.909056088, 35.56972191 ] ] ] } },
{ "type": "Feature", "properties": { "A31a_101": "8505090098", "A31a_102": "板取川", "A31a_103": "21", "A31a_104": "岐阜県", "A31a_105": 1 }, "geometry": { "type": "Polygon", "coordinates": [ [ [ 136.900722718, 35.56983302 ], [ 136.900667168, 35.56983302 ], [ 136.900667168, 35.56988858 ], [ 136.900722719, 35.56988858 ], [ 136.900722718, 35.56983302 ] ] ] } },
{ "type": "Feature", "properties": { "A31a_101": "8505090098", "A31a_102": "板取川", "A31a_103": "21", "A31a_104": "岐阜県", "A31a_105": 1 }, "geometry": { "type": "Polygon", "coordinates": [ [ [ 136.914056108, 35.569944128 ], [ 136.914111658, 35.569944128 ], [ 136.914111658, 35.569888578 ], [ 136.914056108, 35.569888578 ], [ 136.914056108, 35.569944128 ] ] ] } },
{ "type": "Feature", "properties": { "A31a_101": "8505090098", "A31a_102": "板取川", "A31a_103": "21", "A31a_104": "岐阜県", "A31a_105": 1 }, "geometry": { "type": "Polygon", "coordinates": [ [ [ 136.909278309, 35.569944129 ], [ 136.909333859, 35.569944129 ], [ 136.909333859, 35.569888579 ], [ 136.909278309, 35.569888579 ], [ 136.909278309, 35.569944129 ] ] ] } },
{ "type": "Feature", "properties": { "A31a_101": "8505090098", "A31a_102": "板取川", "A31a_103": "21", "A31a_104": "岐阜県", "A31a_105": 1 }, "geometry": { "type": "Polygon", "coordinates": [ [ [ 136.909167199, 35.569944129 ], [ 136.909167199, 35.569888579 ], [ 136.909111638, 35.569888579 ], [ 136.909111638, 35.569944129 ], [ 136.909167199, 35.569944129 ] ] ] } },
{ "type": "Feature", "properties": { "A31a_101": "8505090098", "A31a_102": "板取川", "A31a_103": "21", "A31a_104": "岐阜県", "A31a_105": 1 }, "geometry": { "type": "Polygon", "coordinates": [ [ [ 136.909000528, 35.569888579 ], [ 136.908944968, 35.569888579 ], [ 136.908944968, 35.569944129 ], [ 136.909000528, 35.569944129 ], [ 136.909000528, 35.569888579 ] ] ] } },
{ "type": "Feature", "properties": { "A31a_101": "8505090098", "A31a_102": "板取川", "A31a_103": "21", "A31a_104": "岐阜県", "A31a_105": 1 }, "geometry": { "type": "Polygon", "coordinates": [ [ [ 136.900667168, 35.56988858 ], [ 136.900611608, 35.56988858 ], [ 136.900611608, 35.56994413 ], [ 136.900667168, 35.56994413 ], [ 136.900667168, 35.56988858 ] ] ] } },
{ "type": "Feature", "properties": { "A31a_101": "8505090098", "A31a_102": "板取川", "A31a_103": "21", "A31a_104": "岐阜県", "A31a_105": 1 }, "geometry": { "type": "Polygon", "coordinates": [ [ [ 136.914056108, 35.569944128 ], [ 136.914000547, 35.569944128 ], [ 136.913944987, 35.569944128 ], [ 136.913944987, 35.569999687 ], [ 136.914000547, 35.569999687 ], [ 136.914056108, 35.569999687 ], [ 136.914056108, 35.569944128 ] ] ] } },
{ "type": "Feature", "properties": { "A31a_101": "8505090098", "A31a_102": "板取川", "A31a_103": "21", "A31a_104": "岐阜県", "A31a_105": 1 }, "geometry": { "type": "Polygon", "coordinates": [ [ [ 136.90944497, 35.569999689 ], [ 136.90944497, 35.569944129 ], [ 136.909389419, 35.569944129 ], [ 136.909389419, 35.569999689 ], [ 136.90944497, 35.569999689 ] ] ] } },
{ "type": "Feature", "properties": { "A31a_101": "8505090098", "A31a_102": "板取川", "A31a_103": "21", "A31a_104": "岐阜県", "A31a_105": 1 }, "geometry": { "type": "Polygon", "coordinates": [ [ [ 136.900611608, 35.5701108 ], [ 136.900667169, 35.5701108 ], [ 136.900667169, 35.57005525 ], [ 136.900611608, 35.57005525 ], [ 136.900611608, 35.5701108 ] ] ] } },
{ "type": "Feature", "properties": { "A31a_101": "8505090098", "A31a_102": "板取川", "A31a_103": "21", "A31a_104": "岐阜県", "A31a_105": 1 }, "geometry": { "type": "Polygon", "coordinates": [ [ [ 136.913667216, 35.570166357 ], [ 136.913722766, 35.570166357 ], [ 136.913778327, 35.570166357 ], [ 136.913833877, 35.570166357 ], [ 136.913833877, 35.570110797 ], [ 136.913889437, 35.570110797 ], [ 136.913889437, 35.570055247 ], [ 136.913833877, 35.570055247 ], [ 136.913778326, 35.570055247 ], [ 136.913778327, 35.570110797 ], [ 136.913722766, 35.570110797 ], [ 136.913667216, 35.570110797 ], [ 136.913667216, 35.570166357 ] ] ] } },
{ "type": "Feature", "properties": { "A31a_101": "8505090098", "A31a_102": "板取川", "A31a_103": "21", "A31a_104": "岐阜県", "A31a_105": 1 }, "geometry": { "type": "Polygon", "coordinates": [ [ [ 136.899278274, 35.570110799 ], [ 136.899278274, 35.57005525 ], [ 136.899333824, 35.57005525 ], [ 136.899333824, 35.56999969 ], [ 136.899278274, 35.56999969 ], [ 136.899222714, 35.56999969 ], [ 136.899222714, 35.570055249 ], [ 136.899222714, 35.570110799 ], [ 136.899222714, 35.570166359 ], [ 136.899278274, 35.570166359 ], [ 136.899333824, 35.570166359 ], [ 136.899333824, 35.570110799 ], [ 136.899278274, 35.570110799 ] ] ] } },
{ "type": "Feature", "properties": { "A31a_101": "8505090098", "A31a_102": "板取川", "A31a_103": "21", "A31a_104": "岐阜県", "A31a_105": 1 }, "geometry": { "type": "Polygon", "coordinates": [ [ [ 136.900611608, 35.5701108 ], [ 136.900556058, 35.5701108 ], [ 136.900556058, 35.570166359 ], [ 136.900611609, 35.570166359 ], [ 136.900611608, 35.5701108 ] ] ] } },
{ "type": "Feature", "properties": { "A31a_101": "8505090098", "A31a_102": "板取川", "A31a_103": "21", "A31a_104": "岐阜県", "A31a_105": 1 }, "geometry": { "type": "Polygon", "coordinates": [ [ [ 136.913667216, 35.570166357 ], [ 136.913611656, 35.570166357 ], [ 136.913556106, 35.570166357 ], [ 136.913556106, 35.570221907 ], [ 136.913611656, 35.570221907 ], [ 136.913667216, 35.570221907 ], [ 136.913667216, 35.570166357 ] ] ] } },
{ "type": "Feature", "properties": { "A31a_101": "8505090098", "A31a_102": "板取川", "A31a_103": "21", "A31a_104": "岐阜県", "A31a_105": 1 }, "geometry": { "type": "Polygon", "coordinates": [ [ [ 136.911778318, 35.570221908 ], [ 136.911778318, 35.570166358 ], [ 136.911722758, 35.570166358 ], [ 136.911722758, 35.570221908 ], [ 136.911778318, 35.570221908 ] ] ] } },
{ "type": "Feature", "properties": { "A31a_101": "8505090098", "A31a_102": "板取川", "A31a_103": "21", "A31a_104": "岐阜県", "A31a_105": 1 }, "geometry": { "type": "Polygon", "coordinates": [ [ [ 136.909722751, 35.570221908 ], [ 136.909722751, 35.570166358 ], [ 136.909667201, 35.570166358 ], [ 136.909667201, 35.570221908 ], [ 136.909722751, 35.570221908 ] ] ] } },
{ "type": "Feature", "properties": { "A31a_101": "8505090098", "A31a_102": "板取川", "A31a_103": "21", "A31a_104": "岐阜県", "A31a_105": 1 }, "geometry": { "type": "Polygon", "coordinates": [ [ [ 136.908722747, 35.570221908 ], [ 136.908722747, 35.570166358 ], [ 136.908667197, 35.570166358 ], [ 136.908667197, 35.570110799 ], [ 136.908722747, 35.570110799 ], [ 136.908722747, 35.570055249 ], [ 136.908667197, 35.570055249 ], [ 136.908667197, 35.569999689 ], [ 136.908667197, 35.569944129 ], [ 136.908667197, 35.569888579 ], [ 136.908722747, 35.569888579 ], [ 136.908778307, 35.569888579 ], [ 136.908833857, 35.569888579 ], [ 136.908889418, 35.569888579 ], [ 136.908944968, 35.569888579 ], [ 136.908944968, 35.569833019 ], [ 136.908889417, 35.569833019 ], [ 136.908889417, 35.569777469 ], [ 136.908833857, 35.569777469 ], [ 136.908778307, 35.569777469 ], [ 136.908722747, 35.569777469 ], [ 136.908722747, 35.569833019 ], [ 136.908667197, 35.569833019 ], [ 136.908611637, 35.569833019 ], [ 136.908611636, 35.569777469 ], [ 136.908556086, 35.569777469 ], [ 136.908500526, 35.569777469 ], [ 136.908444966, 35.569777469 ], [ 136.908389416, 35.569777469 ], [ 136.908389416, 35.56972191 ], [ 136.908333855, 35.56972191 ], [ 136.908278305, 35.56972191 ], [ 136.908278305, 35.56966636 ], [ 136.908222745, 35.56966636 ], [ 136.908222745, 35.5696108 ], [ 136.908222745, 35.56955525 ], [ 136.908278305, 35.56955525 ], [ 136.908278305, 35.56949969 ], [ 136.908278305, 35.56944413 ], [ 136.908333855, 35.56944413 ], [ 136.908333855, 35.569388581 ], [ 136.908333855, 35.569333021 ], [ 136.908278305, 35.569333021 ], [ 136.908278305, 35.569388581 ], [ 136.908222745, 35.569388581 ], [ 136.908222744, 35.569333021 ], [ 136.908167194, 35.569333021 ], [ 136.908111634, 35.569333021 ], [ 136.908111634, 35.569388581 ], [ 136.908056084, 35.569388581 ], [ 136.908056084, 35.56944413 ], [ 136.908000524, 35.56944413 ], [ 136.908000524, 35.56949969 ], [ 136.908056084, 35.56949969 ], [ 136.908056084, 35.56955525 ], [ 136.908056084, 35.5696108 ], [ 136.908111634, 35.5696108 ], [ 136.908111635, 35.56966636 ], [ 136.908167195, 35.56966636 ], [ 136.908167195, 35.56972191 ], [ 136.908222745, 35.56972191 ], [ 136.908222745, 35.56977747 ], [ 136.908278305, 35.56977747 ], [ 136.908333855, 35.56977747 ], [ 136.908333856, 35.569833019 ], [ 136.908389416, 35.569833019 ], [ 136.908389416, 35.569888579 ], [ 136.908333856, 35.569888579 ], [ 136.908333856, 35.569944129 ], [ 136.908333856, 35.569999689 ], [ 136.908389416, 35.569999689 ], [ 136.908389416, 35.570055249 ], [ 136.908444966, 35.570055249 ], [ 136.908444966, 35.569999689 ], [ 136.908444966, 35.569944129 ], [ 136.908500526, 35.569944129 ], [ 136.908500526, 35.569999689 ], [ 136.908556087, 35.569999689 ], [ 136.908556086, 35.569944129 ], [ 136.908611637, 35.569944129 ], [ 136.908611637, 35.569999689 ], [ 136.908556087, 35.569999689 ], [ 136.908556087, 35.570055249 ], [ 136.908556087, 35.570110799 ], [ 136.908556087, 35.570166358 ], [ 136.908556087, 35.570221908 ], [ 136.908611637, 35.570221908 ], [ 136.908667197, 35.570221908 ], [ 136.908722747, 35.570221908 ] ] ] } },
{ "type": "Feature", "properties": { "A31a_101": "8505090098", "A31a_102": "板取川", "A31a_103": "21", "A31a_104": "岐阜県", "A31a_105": 1 }, "geometry": { "type": "Polygon", "coordinates": [ [ [ 136.908500527, 35.570221908 ], [ 136.908500527, 35.570166358 ], [ 136.908444966, 35.570166358 ], [ 136.908444966, 35.570221908 ], [ 136.908500527, 35.570221908 ] ] ] } },
{ "type": "Feature", "properties": { "A31a_101": "8505090098", "A31a_102": "板取川", "A31a_103": "21", "A31a_104": "岐阜県", "A31a_105": 1 }, "geometry": { "type": "Polygon", "coordinates": [ [ [ 136.908778308, 35.570221908 ], [ 136.908722747, 35.570221908 ], [ 136.908722747, 35.570277468 ], [ 136.908778308, 35.570277468 ], [ 136.908778308, 35.570221908 ] ] ] } },
{ "type": "Feature", "properties": { "A31a_101": "8505090098", "A31a_102": "板取川", "A31a_103": "21", "A31a_104": "岐阜県", "A31a_105": 1 }, "geometry": { "type": "Polygon", "coordinates": [ [ [ 136.900556058, 35.570277469 ], [ 136.900556058, 35.570221909 ], [ 136.900500498, 35.570221909 ], [ 136.900500498, 35.570277469 ], [ 136.900556058, 35.570277469 ] ] ] } },
{ "type": "Feature", "properties": { "A31a_101": "8505090098", "A31a_102": "板取川", "A31a_103": "21", "A31a_104": "岐阜県", "A31a_105": 1 }, "geometry": { "type": "Polygon", "coordinates": [ [ [ 136.909722751, 35.570388578 ], [ 136.909722751, 35.570333018 ], [ 136.909667201, 35.570333018 ], [ 136.909667201, 35.570388578 ], [ 136.909722751, 35.570388578 ] ] ] } },
{ "type": "Feature", "properties": { "A31a_101": "8505090098", "A31a_102": "板取川", "A31a_103": "21", "A31a_104": "岐阜県", "A31a_105": 1 }, "geometry": { "type": "Polygon", "coordinates": [ [ [ 136.909056089, 35.570388578 ], [ 136.909056089, 35.570333018 ], [ 136.909000529, 35.570333018 ], [ 136.909000528, 35.570277468 ], [ 136.908944968, 35.570277468 ], [ 136.908944968, 35.570221908 ], [ 136.908944968, 35.570166358 ], [ 136.909000528, 35.570166358 ], [ 136.909056089, 35.570166358 ], [ 136.909056089, 35.570221908 ], [ 136.909111639, 35.570221908 ], [ 136.909111639, 35.570166358 ], [ 136.909167199, 35.570166358 ], [ 136.909167199, 35.570221908 ], [ 136.909222749, 35.570221908 ], [ 136.909278309, 35.570221908 ], [ 136.909278309, 35.570166358 ], [ 136.909278309, 35.570110798 ], [ 136.909222749, 35.570110798 ], [ 136.909222749, 35.570055249 ], [ 136.909167199, 35.570055249 ], [ 136.909167199, 35.569999689 ], [ 136.909111639, 35.569999689 ], [ 136.909111638, 35.569944129 ], [ 136.909056088, 35.569944129 ], [ 136.909056088, 35.569999689 ], [ 136.909056088, 35.570055249 ], [ 136.909000528, 35.570055249 ], [ 136.908944968, 35.570055249 ], [ 136.908889418, 35.570055249 ], [ 136.908833858, 35.570055249 ], [ 136.908778307, 35.570055249 ], [ 136.908778307, 35.570110799 ], [ 136.908722747, 35.570110799 ], [ 136.908722747, 35.570166358 ], [ 136.908778308, 35.570166358 ], [ 136.908778308, 35.570221908 ], [ 136.908833858, 35.570221908 ], [ 136.908833858, 35.570277468 ], [ 136.908889418, 35.570277468 ], [ 136.908889418, 35.570333018 ], [ 136.908889418, 35.570388578 ], [ 136.908944968, 35.570388578 ], [ 136.909000529, 35.570388578 ], [ 136.909056089, 35.570388578 ] ] ] } },
{ "type": "Feature", "properties": { "A31a_101": "8505090098", "A31a_102": "板取川", "A31a_103": "21", "A31a_104": "岐阜県", "A31a_105": 1 }, "geometry": { "type": "Polygon", "coordinates": [ [ [ 136.908833858, 35.570388578 ], [ 136.908833858, 35.570333018 ], [ 136.908778308, 35.570333018 ], [ 136.908778308, 35.570388578 ], [ 136.908778308, 35.570444128 ], [ 136.908833858, 35.570444128 ], [ 136.908833858, 35.570388578 ] ] ] } },
{ "type": "Feature", "properties": { "A31a_101": "8505090098", "A31a_102": "板取川", "A31a_103": "21", "A31a_104": "岐阜県", "A31a_105": 1 }, "geometry": { "type": "Polygon", "coordinates": [ [ [ 136.900500498, 35.570444129 ], [ 136.900556059, 35.570444129 ], [ 136.900611609, 35.570444129 ], [ 136.900667169, 35.570444129 ], [ 136.900722719, 35.570444129 ], [ 136.900722719, 35.570388579 ], [ 136.900722719, 35.570333019 ], [ 136.900778279, 35.570333019 ], [ 136.900778279, 35.570277469 ], [ 136.900833829, 35.570277469 ], [ 136.900833829, 35.570221909 ], [ 136.900778279, 35.570221909 ], [ 136.900722719, 35.570221909 ], [ 136.900722719, 35.570277469 ], [ 136.900667169, 35.570277469 ], [ 136.900667169, 35.570333019 ], [ 136.900611609, 35.570333019 ], [ 136.900611609, 35.570388579 ], [ 136.900556059, 35.570388579 ], [ 136.900556059, 35.570333019 ], [ 136.900500498, 35.570333019 ], [ 136.900500498, 35.570388579 ], [ 136.900500498, 35.570444129 ] ] ] } },
{ "type": "Feature", "properties": { "A31a_101": "8505090098", "A31a_102": "板取川", "A31a_103": "21", "A31a_104": "岐阜県", "A31a_105": 1 }, "geometry": { "type": "Polygon", "coordinates": [ [ [ 136.900500499, 35.570610798 ], [ 136.900500499, 35.570666358 ], [ 136.900556059, 35.570666358 ], [ 136.900556059, 35.570610798 ], [ 136.900500499, 35.570610798 ] ] ] } },
{ "type": "Feature", "properties": { "A31a_101": "8505090098", "A31a_102": "板取川", "A31a_103": "21", "A31a_104": "岐阜県", "A31a_105": 1 }, "geometry": { "type": "Polygon", "coordinates": [ [ [ 136.900500499, 35.570610798 ], [ 136.900500499, 35.570555248 ], [ 136.900556059, 35.570555248 ], [ 136.900556059, 35.570499688 ], [ 136.900500499, 35.570499688 ], [ 136.900500498, 35.570444129 ], [ 136.900444938, 35.570444129 ], [ 136.900389388, 35.570444129 ], [ 136.900333828, 35.570444129 ], [ 136.900333828, 35.570499688 ], [ 136.900278278, 35.570499688 ], [ 136.900278278, 35.570555248 ], [ 136.900278278, 35.570610798 ], [ 136.900333828, 35.570610798 ], [ 136.900389388, 35.570610798 ], [ 136.900389388, 35.570666358 ], [ 136.900444939, 35.570666358 ], [ 136.900444939, 35.570610798 ], [ 136.900500499, 35.570610798 ] ] ] } },
{ "type": "Feature", "properties": { "A31a_101": "8505090098", "A31a_102": "板取川", "A31a_103": "21", "A31a_104": "岐阜県", "A31a_105": 1 }, "geometry": { "type": "Polygon", "coordinates": [ [ [ 136.909056089, 35.570721907 ], [ 136.909056089, 35.570666357 ], [ 136.909056089, 35.570610797 ], [ 136.909000529, 35.570610797 ], [ 136.909000529, 35.570555247 ], [ 136.908944969, 35.570555247 ], [ 136.908944969, 35.570499687 ], [ 136.908944969, 35.570444128 ], [ 136.908889418, 35.570444128 ], [ 136.908889418, 35.570499687 ], [ 136.908889418, 35.570555247 ], [ 136.908889419, 35.570610797 ], [ 136.908889419, 35.570666357 ], [ 136.908944969, 35.570666357 ], [ 136.908944969, 35.570721907 ], [ 136.909000529, 35.570721907 ], [ 136.909056089, 35.570721907 ] ] ] } },
{ "type": "Feature", "properties": { "A31a_101": "8505090098", "A31a_102": "板取川", "A31a_103": "21", "A31a_104": "岐阜県", "A31a_105": 1 }, "geometry": { "type": "Polygon", "coordinates": [ [ [ 136.900444939, 35.570777468 ], [ 136.900500499, 35.570777468 ], [ 136.900500499, 35.570721908 ], [ 136.900444939, 35.570721908 ], [ 136.900444939, 35.570777468 ] ] ] } },
{ "type": "Feature", "properties": { "A31a_101": "8505090098", "A31a_102": "板取川", "A31a_103": "21", "A31a_104": "岐阜県", "A31a_105": 1 }, "geometry": { "type": "Polygon", "coordinates": [ [ [ 136.910833866, 35.570833016 ], [ 136.910833866, 35.570777466 ], [ 136.910778315, 35.570777466 ], [ 136.910778316, 35.570833016 ], [ 136.910833866, 35.570833016 ] ] ] } },
{ "type": "Feature", "properties": { "A31a_101": "8505090098", "A31a_102": "板取川", "A31a_103": "21", "A31a_104": "岐阜県", "A31a_105": 1 }, "geometry": { "type": "Polygon", "coordinates": [ [ [ 136.908944969, 35.570833017 ], [ 136.908944969, 35.570777467 ], [ 136.908889419, 35.570777467 ], [ 136.908889419, 35.570833017 ], [ 136.908944969, 35.570833017 ] ] ] } },
{ "type": "Feature", "properties": { "A31a_101": "8505090098", "A31a_102": "板取川", "A31a_103": "21", "A31a_104": "岐阜県", "A31a_105": 1 }, "geometry": { "type": "Polygon", "coordinates": [ [ [ 136.898667163, 35.570777467 ], [ 136.898611603, 35.570777467 ], [ 136.898611603, 35.570833017 ], [ 136.898667164, 35.570833017 ], [ 136.898667163, 35.570777467 ] ] ] } },
{ "type": "Feature", "properties": { "A31a_101": "8505090098", "A31a_102": "板取川", "A31a_103": "21", "A31a_104": "岐阜県", "A31a_105": 1 }, "geometry": { "type": "Polygon", "coordinates": [ [ [ 136.900444939, 35.570777468 ], [ 136.900389389, 35.570777468 ], [ 136.900389389, 35.570833017 ], [ 136.900444939, 35.570833017 ], [ 136.900444939, 35.570777468 ] ] ] } },
{ "type": "Feature", "properties": { "A31a_101": "8505090098", "A31a_102": "板取川", "A31a_103": "21", "A31a_104": "岐阜県", "A31a_105": 1 }, "geometry": { "type": "Polygon", "coordinates": [ [ [ 136.909278309, 35.569944129 ], [ 136.909222749, 35.569944129 ], [ 136.909167199, 35.569944129 ], [ 136.909167199, 35.569999689 ], [ 136.909222749, 35.569999689 ], [ 136.909222749, 35.570055249 ], [ 136.909278309, 35.570055249 ], [ 136.909278309, 35.570110798 ], [ 136.909333859, 35.570110798 ], [ 136.90933386, 35.570166358 ], [ 136.90933386, 35.570221908 ], [ 136.90933386, 35.570277468 ], [ 136.90938942, 35.570277468 ], [ 136.90938942, 35.570333018 ], [ 136.90938942, 35.570388578 ], [ 136.90944497, 35.570388578 ], [ 136.90950053, 35.570388578 ], [ 136.90950053, 35.570444128 ], [ 136.90944497, 35.570444128 ], [ 136.90938942, 35.570444128 ], [ 136.90938942, 35.570388578 ], [ 136.90933386, 35.570388578 ], [ 136.90933386, 35.570333018 ], [ 136.90933386, 35.570277468 ], [ 136.909278309, 35.570277468 ], [ 136.909222749, 35.570277468 ], [ 136.909167199, 35.570277468 ], [ 136.909167199, 35.570333018 ], [ 136.909222749, 35.570333018 ], [ 136.909222749, 35.570388578 ], [ 136.90927831, 35.570388578 ], [ 136.90927831, 35.570444128 ], [ 136.909222749, 35.570444128 ], [ 136.909167199, 35.570444128 ], [ 136.909167199, 35.570388578 ], [ 136.909111639, 35.570388578 ], [ 136.909056089, 35.570388578 ], [ 136.909056089, 35.570444128 ], [ 136.909056089, 35.570499687 ], [ 136.909111639, 35.570499687 ], [ 136.909111639, 35.570555247 ], [ 136.909167199, 35.570555247 ], [ 136.9091672, 35.570610797 ], [ 136.9091672, 35.570666357 ], [ 136.9091672, 35.570721907 ], [ 136.909111639, 35.570721907 ], [ 136.909056089, 35.570721907 ], [ 136.909056089, 35.570777467 ], [ 136.909056089, 35.570833016 ], [ 136.909056089, 35.570888576 ], [ 136.90911164, 35.570888576 ], [ 136.90911164, 35.570833016 ], [ 136.9091672, 35.570833016 ], [ 136.9091672, 35.570777467 ], [ 136.90922275, 35.570777467 ], [ 136.90922275, 35.570833016 ], [ 136.90927831, 35.570833016 ], [ 136.90927831, 35.570777467 ], [ 136.90933386, 35.570777467 ], [ 136.90933386, 35.570721907 ], [ 136.90938942, 35.570721907 ], [ 136.909389421, 35.570777467 ], [ 136.909389421, 35.570833016 ], [ 136.909444971, 35.570833016 ], [ 136.909444971, 35.570777467 ], [ 136.909500531, 35.570777467 ], [ 136.909500531, 35.570721907 ], [ 136.909556091, 35.570721907 ], [ 136.909556091, 35.570666357 ], [ 136.909611641, 35.570666357 ], [ 136.909611641, 35.570610797 ], [ 136.909667201, 35.570610797 ], [ 136.909667201, 35.570555247 ], [ 136.909722751, 35.570555247 ], [ 136.909778312, 35.570555247 ], [ 136.909778312, 35.570499687 ], [ 136.909778311, 35.570444127 ], [ 136.909722751, 35.570444127 ], [ 136.909667201, 35.570444127 ], [ 136.909611641, 35.570444127 ], [ 136.909556091, 35.570444128 ], [ 136.909556091, 35.570388578 ], [ 136.909556091, 35.570333018 ], [ 136.90950053, 35.570333018 ], [ 136.90944497, 35.570333018 ], [ 136.90944497, 35.570277468 ], [ 136.90950053, 35.570277468 ], [ 136.90955609, 35.570277468 ], [ 136.90955609, 35.570221908 ], [ 136.90950053, 35.570221908 ], [ 136.90944497, 35.570221908 ], [ 136.90938942, 35.570221908 ], [ 136.90938942, 35.570166358 ], [ 136.90938942, 35.570110798 ], [ 136.90938942, 35.570055249 ], [ 136.909333859, 35.570055249 ], [ 136.909333859, 35.569999689 ], [ 136.909278309, 35.569999689 ], [ 136.909278309, 35.569944129 ] ] ] } },
{ "type": "Feature", "properties": { "A31a_101": "8505090098", "A31a_102": "板取川", "A31a_103": "21", "A31a_104": "岐阜県", "A31a_105": 1 }, "geometry": { "type": "Polygon", "coordinates": [ [ [ 136.909611642, 35.570944126 ], [ 136.909611641, 35.570888576 ], [ 136.909556091, 35.570888576 ], [ 136.909556091, 35.570944126 ], [ 136.909611642, 35.570944126 ] ] ] } },
{ "type": "Feature", "properties": { "A31a_101": "8505090098", "A31a_102": "板取川", "A31a_103": "21", "A31a_104": "岐阜県", "A31a_105": 1 }, "geometry": { "type": "Polygon", "coordinates": [ [ [ 136.908944969, 35.570999686 ], [ 136.908944969, 35.570944126 ], [ 136.908889419, 35.570944126 ], [ 136.908889419, 35.570999686 ], [ 136.908944969, 35.570999686 ] ] ] } },
{ "type": "Feature", "properties": { "A31a_101": "8505090098", "A31a_102": "板取川", "A31a_103": "21", "A31a_104": "岐阜県", "A31a_105": 1 }, "geometry": { "type": "Polygon", "coordinates": [ [ [ 136.90900053, 35.571055246 ], [ 136.909000529, 35.570999686 ], [ 136.908944969, 35.570999686 ], [ 136.908944969, 35.571055246 ], [ 136.90900053, 35.571055246 ] ] ] } },
{ "type": "Feature", "properties": { "A31a_101": "8505090098", "A31a_102": "板取川", "A31a_103": "21", "A31a_104": "岐阜県", "A31a_105": 1 }, "geometry": { "type": "Polygon", "coordinates": [ [ [ 136.900056058, 35.571110797 ], [ 136.900111608, 35.571110797 ], [ 136.900167168, 35.571110797 ], [ 136.900167168, 35.571055247 ], [ 136.900167168, 35.570999687 ], [ 136.900111608, 35.570999687 ], [ 136.900056058, 35.570999687 ], [ 136.900056058, 35.571055247 ], [ 136.900056058, 35.571110797 ] ] ] } },
{ "type": "Feature", "properties": { "A31a_101": "8505090098", "A31a_102": "板取川", "A31a_103": "21", "A31a_104": "岐阜県", "A31a_105": 1 }, "geometry": { "type": "Polygon", "coordinates": [ [ [ 136.911222758, 35.571166355 ], [ 136.911222757, 35.571110796 ], [ 136.911167207, 35.571110796 ], [ 136.911111647, 35.571110796 ], [ 136.911111647, 35.571166355 ], [ 136.911167207, 35.571166355 ], [ 136.911222758, 35.571166355 ] ] ] } },
{ "type": "Feature", "properties": { "A31a_101": "8505090098", "A31a_102": "板取川", "A31a_103": "21", "A31a_104": "岐阜県", "A31a_105": 1 }, "geometry": { "type": "Polygon", "coordinates": [ [ [ 136.911389428, 35.571166355 ], [ 136.911389428, 35.571110795 ], [ 136.911333868, 35.571110795 ], [ 136.911333868, 35.571166355 ], [ 136.911333868, 35.571221905 ], [ 136.911389428, 35.571221905 ], [ 136.911389428, 35.571166355 ] ] ] } },
{ "type": "Feature", "properties": { "A31a_101": "8505090098", "A31a_102": "板取川", "A31a_103": "21", "A31a_104": "岐阜県", "A31a_105": 1 }, "geometry": { "type": "Polygon", "coordinates": [ [ [ 136.900056058, 35.571110797 ], [ 136.900000498, 35.571110797 ], [ 136.900000498, 35.571166357 ], [ 136.900000498, 35.571221906 ], [ 136.900056058, 35.571221906 ], [ 136.900056058, 35.571166356 ], [ 136.900056058, 35.571110797 ] ] ] } },
{ "type": "Feature", "properties": { "A31a_101": "8505090098", "A31a_102": "板取川", "A31a_103": "21", "A31a_104": "岐阜県", "A31a_105": 1 }, "geometry": { "type": "Polygon", "coordinates": [ [ [ 136.911222758, 35.571166355 ], [ 136.911222758, 35.571221905 ], [ 136.911222758, 35.571277465 ], [ 136.911278318, 35.571277465 ], [ 136.911278318, 35.571221905 ], [ 136.911278318, 35.571166355 ], [ 136.911222758, 35.571166355 ] ] ] } },
{ "type": "Feature", "properties": { "A31a_101": "8505090098", "A31a_102": "板取川", "A31a_103": "21", "A31a_104": "岐阜県", "A31a_105": 1 }, "geometry": { "type": "Polygon", "coordinates": [ [ [ 136.900278279, 35.571110797 ], [ 136.900278279, 35.571055247 ], [ 136.900222718, 35.571055247 ], [ 136.900222718, 35.571110797 ], [ 136.900222718, 35.571166356 ], [ 136.900222719, 35.571221906 ], [ 136.900167168, 35.571221906 ], [ 136.900111608, 35.571221906 ], [ 136.900111608, 35.571277466 ], [ 136.900111608, 35.571333016 ], [ 136.900167168, 35.571333016 ], [ 136.900222719, 35.571333016 ], [ 136.900278279, 35.571333016 ], [ 136.900278279, 35.571277466 ], [ 136.900278279, 35.571221906 ], [ 136.900278279, 35.571166356 ], [ 136.900278279, 35.571110797 ] ] ] } },
{ "type": "Feature", "properties": { "A31a_101": "8505090098", "A31a_102": "板取川", "A31a_103": "21", "A31a_104": "岐阜県", "A31a_105": 1 }, "geometry": { "type": "Polygon", "coordinates": [ [ [ 136.915722777, 35.571388573 ], [ 136.915722777, 35.571333013 ], [ 136.915667227, 35.571333013 ], [ 136.915667227, 35.571388573 ], [ 136.915722777, 35.571388573 ] ] ] } },
{ "type": "Feature", "properties": { "A31a_101": "8505090098", "A31a_102": "板取川", "A31a_103": "21", "A31a_104": "岐阜県", "A31a_105": 1 }, "geometry": { "type": "Polygon", "coordinates": [ [ [ 136.915000554, 35.571388573 ], [ 136.915000554, 35.571333013 ], [ 136.914944993, 35.571333013 ], [ 136.914944994, 35.571388573 ], [ 136.915000554, 35.571388573 ] ] ] } },
{ "type": "Feature", "properties": { "A31a_101": "8505090098", "A31a_102": "板取川", "A31a_103": "21", "A31a_104": "岐阜県", "A31a_105": 1 }, "geometry": { "type": "Polygon", "coordinates": [ [ [ 136.915722777, 35.571388573 ], [ 136.915722777, 35.571444123 ], [ 136.915778337, 35.571444123 ], [ 136.915833888, 35.571444123 ], [ 136.915833888, 35.571388573 ], [ 136.915778337, 35.571388573 ], [ 136.915722777, 35.571388573 ] ] ] } },
{ "type": "Feature", "properties": { "A31a_101": "8505090098", "A31a_102": "板取川", "A31a_103": "21", "A31a_104": "岐阜県", "A31a_105": 1 }, "geometry": { "type": "Polygon", "coordinates": [ [ [ 136.915667227, 35.571388573 ], [ 136.915611667, 35.571388573 ], [ 136.915611667, 35.571444123 ], [ 136.915667227, 35.571444123 ], [ 136.915667227, 35.571388573 ] ] ] } },
{ "type": "Feature", "properties": { "A31a_101": "8505090098", "A31a_102": "板取川", "A31a_103": "21", "A31a_104": "岐阜県", "A31a_105": 1 }, "geometry": { "type": "Polygon", "coordinates": [ [ [ 136.915444996, 35.571444123 ], [ 136.915444996, 35.571388573 ], [ 136.915389446, 35.571388573 ], [ 136.915389446, 35.571444123 ], [ 136.915444996, 35.571444123 ] ] ] } },
{ "type": "Feature", "properties": { "A31a_101": "8505090098", "A31a_102": "板取川", "A31a_103": "21", "A31a_104": "岐阜県", "A31a_105": 1 }, "geometry": { "type": "Polygon", "coordinates": [ [ [ 136.914278331, 35.571444124 ], [ 136.91427833, 35.571388574 ], [ 136.91422277, 35.571388574 ], [ 136.91422277, 35.571444124 ], [ 136.914278331, 35.571444124 ] ] ] } },
{ "type": "Feature", "properties": { "A31a_101": "8505090098", "A31a_102": "板取川", "A31a_103": "21", "A31a_104": "岐阜県", "A31a_105": 1 }, "geometry": { "type": "Polygon", "coordinates": [ [ [ 136.914278331, 35.571444124 ], [ 136.914278331, 35.571499683 ], [ 136.914333881, 35.571499683 ], [ 136.914333881, 35.571444123 ], [ 136.914278331, 35.571444124 ] ] ] } },
{ "type": "Feature", "properties": { "A31a_101": "8505090098", "A31a_102": "板取川", "A31a_103": "21", "A31a_104": "岐阜県", "A31a_105": 1 }, "geometry": { "type": "Polygon", "coordinates": [ [ [ 136.913722768, 35.571499684 ], [ 136.913722768, 35.571444124 ], [ 136.913667218, 35.571444124 ], [ 136.913611658, 35.571444124 ], [ 136.913611658, 35.571499684 ], [ 136.913667218, 35.571499684 ], [ 136.913722768, 35.571499684 ] ] ] } },
{ "type": "Feature", "properties": { "A31a_101": "8505090098", "A31a_102": "板取川", "A31a_103": "21", "A31a_104": "岐阜県", "A31a_105": 1 }, "geometry": { "type": "Polygon", "coordinates": [ [ [ 136.911611649, 35.571444125 ], [ 136.911611649, 35.571388575 ], [ 136.911556099, 35.571388575 ], [ 136.911556099, 35.571444125 ], [ 136.911556099, 35.571499684 ], [ 136.911611649, 35.571499684 ], [ 136.911611649, 35.571444125 ] ] ] } },
{ "type": "Feature", "properties": { "A31a_101": "8505090098", "A31a_102": "板取川", "A31a_103": "21", "A31a_104": "岐阜県", "A31a_105": 1 }, "geometry": { "type": "Polygon", "coordinates": [ [ [ 136.915833888, 35.571555242 ], [ 136.915833888, 35.571499683 ], [ 136.915778337, 35.571499683 ], [ 136.915778337, 35.571555242 ], [ 136.915833888, 35.571555242 ] ] ] } },
{ "type": "Feature", "properties": { "A31a_101": "8505090098", "A31a_102": "板取川", "A31a_103": "21", "A31a_104": "岐阜県", "A31a_105": 1 }, "geometry": { "type": "Polygon", "coordinates": [ [ [ 136.898667163, 35.570777467 ], [ 136.898722714, 35.570777467 ], [ 136.898722714, 35.570833017 ], [ 136.898722714, 35.570888577 ], [ 136.898722714, 35.570944127 ], [ 136.898722714, 35.570999686 ], [ 136.898722714, 35.571055246 ], [ 136.898667164, 35.571055246 ], [ 136.898667164, 35.571110796 ], [ 136.898667164, 35.571166356 ], [ 136.898611604, 35.571166356 ], [ 136.898611604, 35.571110796 ], [ 136.898556054, 35.571110796 ], [ 136.898500493, 35.571110796 ], [ 136.898444933, 35.571110796 ], [ 136.898389383, 35.571110796 ], [ 136.898389383, 35.571166356 ], [ 136.898444933, 35.571166356 ], [ 136.898444933, 35.571221906 ], [ 136.898500494, 35.571221906 ], [ 136.898500494, 35.571277466 ], [ 136.898444934, 35.571277465 ], [ 136.898444934, 35.571333015 ], [ 136.898389383, 35.571333015 ], [ 136.898389383, 35.571277465 ], [ 136.898333823, 35.571277465 ], [ 136.898333823, 35.571333015 ], [ 136.898333823, 35.571388575 ], [ 136.898389384, 35.571388575 ], [ 136.898389384, 35.571444125 ], [ 136.898444934, 35.571444125 ], [ 136.898444934, 35.571499685 ], [ 136.898500494, 35.571499685 ], [ 136.898556054, 35.571499685 ], [ 136.898556054, 35.571555245 ], [ 136.898500494, 35.571555245 ], [ 136.898444934, 35.571555245 ], [ 136.898444934, 35.571610794 ], [ 136.898500494, 35.571610795 ], [ 136.898556054, 35.571610795 ], [ 136.898611604, 35.571610795 ], [ 136.898611604, 35.571555245 ], [ 136.898667165, 35.571555245 ], [ 136.898667164, 35.571499685 ], [ 136.898667164, 35.571444125 ], [ 136.898722715, 35.571444125 ], [ 136.898722714, 35.571388575 ], [ 136.898667164, 35.571388575 ], [ 136.898611604, 35.571388575 ], [ 136.898611604, 35.571333015 ], [ 136.898611604, 35.571277466 ], [ 136.898667164, 35.571277466 ], [ 136.898667164, 35.571333015 ], [ 136.898722714, 35.571333015 ], [ 136.898722714, 35.571277466 ], [ 136.898778274, 35.571277466 ], [ 136.898833825, 35.571277466 ], [ 136.898833825, 35.571221906 ], [ 136.898778274, 35.571221906 ], [ 136.898778274, 35.571166356 ], [ 136.898778274, 35.571110796 ], [ 136.898833824, 35.571110796 ], [ 136.898833824, 35.571055246 ], [ 136.898778274, 35.571055246 ], [ 136.898778274, 35.570999686 ], [ 136.898833824, 35.570999686 ], [ 136.898889384, 35.570999687 ], [ 136.898889384, 35.570944127 ], [ 136.898889384, 35.570888577 ], [ 136.898833824, 35.570888577 ], [ 136.898833824, 35.570833017 ], [ 136.898833824, 35.570777467 ], [ 136.898833824, 35.570721907 ], [ 136.898889384, 35.570721907 ], [ 136.898944934, 35.570721907 ], [ 136.899000494, 35.570721907 ], [ 136.899000494, 35.570666358 ], [ 136.898944934, 35.570666358 ], [ 136.898944934, 35.570610798 ], [ 136.898944934, 35.570555248 ], [ 136.899000494, 35.570555248 ], [ 136.899000494, 35.570499688 ], [ 136.899000494, 35.570444128 ], [ 136.899000494, 35.570388578 ], [ 136.899056054, 35.570388578 ], [ 136.899056054, 35.570333019 ], [ 136.899111604, 35.570333019 ], [ 136.899111604, 35.570277469 ], [ 136.899111604, 35.570221909 ], [ 136.899056054, 35.570221909 ], [ 136.899000494, 35.570221909 ], [ 136.899000494, 35.570277469 ], [ 136.898944934, 35.570277469 ], [ 136.898944934, 35.570333019 ], [ 136.898889383, 35.570333019 ], [ 136.898889384, 35.570388578 ], [ 136.898889384, 35.570444128 ], [ 136.898889384, 35.570499688 ], [ 136.898889384, 35.570555248 ], [ 136.898889384, 35.570610798 ], [ 136.898889384, 35.570666358 ], [ 136.898833824, 35.570666357 ], [ 136.898778274, 35.570666357 ], [ 136.898722713, 35.570666357 ], [ 136.898667163, 35.570666357 ], [ 136.898667163, 35.570721907 ], [ 136.898667163, 35.570777467 ] ], [ [ 136.898556054, 35.571388575 ], [ 136.898556054, 35.571444125 ], [ 136.898500494, 35.571444125 ], [ 136.898500494, 35.571388575 ], [ 136.898556054, 35.571388575 ] ] ] } },
{ "type": "Feature", "properties": { "A31a_101": "8505090098", "A31a_102": "板取川", "A31a_103": "21", "A31a_104": "岐阜県", "A31a_105": 1 }, "geometry": { "type": "Polygon", "coordinates": [ [ [ 136.900000498, 35.571555245 ], [ 136.899944938, 35.571555245 ], [ 136.899944938, 35.571610795 ], [ 136.900000498, 35.571610795 ], [ 136.900000498, 35.571555245 ] ] ] } },
{ "type": "Feature", "properties": { "A31a_101": "8505090098", "A31a_102": "板取川", "A31a_103": "21", "A31a_104": "岐阜県", "A31a_105": 1 }, "geometry": { "type": "Polygon", "coordinates": [ [ [ 136.91638945, 35.571666352 ], [ 136.91638945, 35.571610792 ], [ 136.91633389, 35.571610792 ], [ 136.91627834, 35.571610792 ], [ 136.91622278, 35.571610792 ], [ 136.91622278, 35.571666352 ], [ 136.91627834, 35.571666352 ], [ 136.91633389, 35.571666352 ], [ 136.91638945, 35.571666352 ] ] ] } },
{ "type": "Feature", "properties": { "A31a_101": "8505090098", "A31a_102": "板取川", "A31a_103": "21", "A31a_104": "岐阜県", "A31a_105": 1 }, "geometry": { "type": "Polygon", "coordinates": [ [ [ 136.912167212, 35.571666354 ], [ 136.912167212, 35.571610794 ], [ 136.912111651, 35.571610794 ], [ 136.912056101, 35.571610794 ], [ 136.912000541, 35.571610794 ], [ 136.912000541, 35.571666354 ], [ 136.912056101, 35.571666354 ], [ 136.912111651, 35.571666354 ], [ 136.912167212, 35.571666354 ] ] ] } },
{ "type": "Feature", "properties": { "A31a_101": "8505090098", "A31a_102": "板取川", "A31a_103": "21", "A31a_104": "岐阜県", "A31a_105": 1 }, "geometry": { "type": "Polygon", "coordinates": [ [ [ 136.909833863, 35.571666354 ], [ 136.909778313, 35.571666354 ], [ 136.909778313, 35.571721904 ], [ 136.909833863, 35.571721904 ], [ 136.909833863, 35.571666354 ] ] ] } },
{ "type": "Feature", "properties": { "A31a_101": "8505090098", "A31a_102": "板取川", "A31a_103": "21", "A31a_104": "岐阜県", "A31a_105": 1 }, "geometry": { "type": "Polygon", "coordinates": [ [ [ 136.917167234, 35.571777461 ], [ 136.917167234, 35.571721901 ], [ 136.917111674, 35.571721901 ], [ 136.917111674, 35.571777461 ], [ 136.917167234, 35.571777461 ] ] ] } },
{ "type": "Feature", "properties": { "A31a_101": "8505090098", "A31a_102": "板取川", "A31a_103": "21", "A31a_104": "岐阜県", "A31a_105": 1 }, "geometry": { "type": "Polygon", "coordinates": [ [ [ 136.91638945, 35.571666352 ], [ 136.91638945, 35.571721902 ], [ 136.916445001, 35.571721902 ], [ 136.916445001, 35.571777462 ], [ 136.916500561, 35.571777461 ], [ 136.916556121, 35.571777461 ], [ 136.916611672, 35.571777461 ], [ 136.916667232, 35.571777461 ], [ 136.916722782, 35.571777461 ], [ 136.916778342, 35.571777461 ], [ 136.916833893, 35.571777461 ], [ 136.916889453, 35.571777461 ], [ 136.916945003, 35.571777461 ], [ 136.917000563, 35.571777461 ], [ 136.917056124, 35.571777461 ], [ 136.917056123, 35.571721901 ], [ 136.917000563, 35.571721901 ], [ 136.916945003, 35.571721901 ], [ 136.916889453, 35.571721901 ], [ 136.916833892, 35.571721901 ], [ 136.916833892, 35.571666352 ], [ 136.916778342, 35.571666352 ], [ 136.916722782, 35.571666352 ], [ 136.916667232, 35.571666352 ], [ 136.916611671, 35.571666352 ], [ 136.916556121, 35.571666352 ], [ 136.916556121, 35.571721902 ], [ 136.916500561, 35.571721902 ], [ 136.916500561, 35.571666352 ], [ 136.916500561, 35.571610792 ], [ 136.916445001, 35.571610792 ], [ 136.916445001, 35.571666352 ], [ 136.91638945, 35.571666352 ] ] ] } },
{ "type": "Feature", "properties": { "A31a_101": "8505090098", "A31a_102": "板取川", "A31a_103": "21", "A31a_104": "岐阜県", "A31a_105": 1 }, "geometry": { "type": "Polygon", "coordinates": [ [ [ 136.898667165, 35.571666354 ], [ 136.898611605, 35.571666354 ], [ 136.898611605, 35.571721904 ], [ 136.898611605, 35.571777464 ], [ 136.898667165, 35.571777464 ], [ 136.898722715, 35.571777464 ], [ 136.898778275, 35.571777464 ], [ 136.898833825, 35.571777464 ], [ 136.898833825, 35.571721904 ], [ 136.898778275, 35.571721904 ], [ 136.898722715, 35.571721904 ], [ 136.898722715, 35.571666354 ], [ 136.898667165, 35.571666354 ] ] ] } },
{ "type": "Feature", "properties": { "A31a_101": "8505090098", "A31a_102": "板取川", "A31a_103": "21", "A31a_104": "岐阜県", "A31a_105": 1 }, "geometry": { "type": "Polygon", "coordinates": [ [ [ 136.915111665, 35.571833012 ], [ 136.915111665, 35.571777462 ], [ 136.915056115, 35.571777462 ], [ 136.915056115, 35.571833012 ], [ 136.915111665, 35.571833012 ] ] ] } },
{ "type": "Feature", "properties": { "A31a_101": "8505090098", "A31a_102": "板取川", "A31a_103": "21", "A31a_104": "岐阜県", "A31a_105": 1 }, "geometry": { "type": "Polygon", "coordinates": [ [ [ 136.910333865, 35.571833014 ], [ 136.910333865, 35.571777464 ], [ 136.910278315, 35.571777464 ], [ 136.910278315, 35.571833014 ], [ 136.910333865, 35.571833014 ] ] ] } },
{ "type": "Feature", "properties": { "A31a_101": "8505090098", "A31a_102": "板取川", "A31a_103": "21", "A31a_104": "岐阜県", "A31a_105": 1 }, "geometry": { "type": "Polygon", "coordinates": [ [ [ 136.909667203, 35.571777464 ], [ 136.909667203, 35.571833014 ], [ 136.909722753, 35.571833014 ], [ 136.909722753, 35.571777464 ], [ 136.909667203, 35.571777464 ] ] ] } },
{ "type": "Feature", "properties": { "A31a_101": "8505090098", "A31a_102": "板取川", "A31a_103": "21", "A31a_104": "岐阜県", "A31a_105": 1 }, "geometry": { "type": "Polygon", "coordinates": [ [ [ 136.911944981, 35.571888573 ], [ 136.911944981, 35.571833013 ], [ 136.911889431, 35.571833013 ], [ 136.911889431, 35.571888573 ], [ 136.911944981, 35.571888573 ] ] ] } },
{ "type": "Feature", "properties": { "A31a_101": "8505090098", "A31a_102": "板取川", "A31a_103": "21", "A31a_104": "岐阜県", "A31a_105": 1 }, "geometry": { "type": "Polygon", "coordinates": [ [ [ 136.915500557, 35.571888572 ], [ 136.915444996, 35.571888572 ], [ 136.915444996, 35.571944122 ], [ 136.915500557, 35.571944122 ], [ 136.915500557, 35.571888572 ] ] ] } },
{ "type": "Feature", "properties": { "A31a_101": "8505090098", "A31a_102": "板取川", "A31a_103": "21", "A31a_104": "岐阜県", "A31a_105": 1 }, "geometry": { "type": "Polygon", "coordinates": [ [ [ 136.915333886, 35.571944122 ], [ 136.915333886, 35.571888572 ], [ 136.915278336, 35.571888572 ], [ 136.915278336, 35.571944122 ], [ 136.915333886, 35.571944122 ] ] ] } },
{ "type": "Feature", "properties": { "A31a_101": "8505090098", "A31a_102": "板取川", "A31a_103": "21", "A31a_104": "岐阜県", "A31a_105": 1 }, "geometry": { "type": "Polygon", "coordinates": [ [ [ 136.899722718, 35.571944124 ], [ 136.899778278, 35.571944124 ], [ 136.899833828, 35.571944124 ], [ 136.899889388, 35.571944124 ], [ 136.899944939, 35.571944124 ], [ 136.899944938, 35.571888574 ], [ 136.900000499, 35.571888574 ], [ 136.900000499, 35.571833015 ], [ 136.900000498, 35.571777465 ], [ 136.900000498, 35.571721905 ], [ 136.900000498, 35.571666355 ], [ 136.899944938, 35.571666355 ], [ 136.899944938, 35.571721905 ], [ 136.899889388, 35.571721905 ], [ 136.899889388, 35.571777465 ], [ 136.899889388, 35.571833014 ], [ 136.899889388, 35.571888574 ], [ 136.899833828, 35.571888574 ], [ 136.899833828, 35.571833014 ], [ 136.899778278, 35.571833014 ], [ 136.899722718, 35.571833014 ], [ 136.899722718, 35.571888574 ], [ 136.899722718, 35.571944124 ] ] ] } },
{ "type": "Feature", "properties": { "A31a_101": "8505090098", "A31a_102": "板取川", "A31a_103": "21", "A31a_104": "岐阜県", "A31a_105": 1 }, "geometry": { "type": "Polygon", "coordinates": [ [ [ 136.91622278, 35.571666352 ], [ 136.916167229, 35.571666352 ], [ 136.916111669, 35.571666352 ], [ 136.916056119, 35.571666352 ], [ 136.916056119, 35.571721902 ], [ 136.916000559, 35.571721902 ], [ 136.916000559, 35.571777462 ], [ 136.916000559, 35.571833012 ], [ 136.916056119, 35.571833012 ], [ 136.916056119, 35.571888571 ], [ 136.916000559, 35.571888571 ], [ 136.915944999, 35.571888571 ], [ 136.915944999, 35.571833012 ], [ 136.915889448, 35.571833012 ], [ 136.915889448, 35.571777462 ], [ 136.915833888, 35.571777462 ], [ 136.915778338, 35.571777462 ], [ 136.915722778, 35.571777462 ], [ 136.915722778, 35.571833012 ], [ 136.915667227, 35.571833012 ], [ 136.915611667, 35.571833012 ], [ 136.915556117, 35.571833012 ], [ 136.915500557, 35.571833012 ], [ 136.915500557, 35.571888572 ], [ 136.915556117, 35.571888572 ], [ 136.915611667, 35.571888572 ], [ 136.915611667, 35.571944122 ], [ 136.915667227, 35.571944121 ], [ 136.915722778, 35.571944121 ], [ 136.915722778, 35.571999681 ], [ 136.915778338, 35.571999681 ], [ 136.915833888, 35.571999681 ], [ 136.915889449, 35.571999681 ], [ 136.915944999, 35.571999681 ], [ 136.915944999, 35.571944121 ], [ 136.916000559, 35.571944121 ], [ 136.916000559, 35.571999681 ], [ 136.916056119, 35.571999681 ], [ 136.91611167, 35.571999681 ], [ 136.916111669, 35.571944121 ], [ 136.916111669, 35.571888571 ], [ 136.916111669, 35.571833012 ], [ 136.916111669, 35.571777462 ], [ 136.916111669, 35.571721902 ], [ 136.916167229, 35.571721902 ], [ 136.91622278, 35.571721902 ], [ 136.91622278, 35.571666352 ] ] ] } },
{ "type": "Feature", "properties": { "A31a_101": "8505090098", "A31a_102": "板取川", "A31a_103": "21", "A31a_104": "岐阜県", "A31a_105": 1 }, "geometry": { "type": "Polygon", "coordinates": [ [ [ 136.914944994, 35.571944122 ], [ 136.914944994, 35.571999682 ], [ 136.915000555, 35.571999682 ], [ 136.915056115, 35.571999682 ], [ 136.915111665, 35.571999682 ], [ 136.915111665, 35.571944122 ], [ 136.915056115, 35.571944122 ], [ 136.915000554, 35.571944122 ], [ 136.914944994, 35.571944122 ] ] ] } },
{ "type": "Feature", "properties": { "A31a_101": "8505090098", "A31a_102": "板取川", "A31a_103": "21", "A31a_104": "岐阜県", "A31a_105": 1 }, "geometry": { "type": "Polygon", "coordinates": [ [ [ 136.909667203, 35.571833014 ], [ 136.909611643, 35.571833014 ], [ 136.909556093, 35.571833014 ], [ 136.909556092, 35.571777464 ], [ 136.909611643, 35.571777464 ], [ 136.909667203, 35.571777464 ], [ 136.909667203, 35.571721904 ], [ 136.909611643, 35.571721904 ], [ 136.909611643, 35.571666354 ], [ 136.909611642, 35.571610794 ], [ 136.909667203, 35.571610794 ], [ 136.909722753, 35.571610794 ], [ 136.909722753, 35.571555244 ], [ 136.909667203, 35.571555244 ], [ 136.909667202, 35.571499685 ], [ 136.909722753, 35.571499685 ], [ 136.909778313, 35.571499685 ], [ 136.909778313, 35.571555244 ], [ 136.909833863, 35.571555244 ], [ 136.909833863, 35.571610794 ], [ 136.909833863, 35.571666354 ], [ 136.909889423, 35.571666354 ], [ 136.909889424, 35.571721904 ], [ 136.909944974, 35.571721904 ], [ 136.909944974, 35.571777464 ], [ 136.910000534, 35.571777464 ], [ 136.910056094, 35.571777464 ], [ 136.910056094, 35.571721904 ], [ 136.910000534, 35.571721904 ], [ 136.910000534, 35.571666354 ], [ 136.909944974, 35.571666354 ], [ 136.909944974, 35.571610794 ], [ 136.909944974, 35.571555244 ], [ 136.909889423, 35.571555244 ], [ 136.909889423, 35.571499685 ], [ 136.909889423, 35.571444125 ], [ 136.909833863, 35.571444125 ], [ 136.909833863, 35.571388575 ], [ 136.909833863, 35.571333015 ], [ 136.909778313, 35.571333015 ], [ 136.909722752, 35.571333015 ], [ 136.909722752, 35.571277465 ], [ 136.909722752, 35.571221905 ], [ 136.909722752, 35.571166356 ], [ 136.909722752, 35.571110796 ], [ 136.909667202, 35.571110796 ], [ 136.909667202, 35.571055246 ], [ 136.909722752, 35.571055246 ], [ 136.909722752, 35.570999686 ], [ 136.909667202, 35.570999686 ], [ 136.909667202, 35.570944126 ], [ 136.909611642, 35.570944126 ], [ 136.909611642, 35.570999686 ], [ 136.909611642, 35.571055246 ], [ 136.909611642, 35.571110796 ], [ 136.909556092, 35.571110796 ], [ 136.909500531, 35.571110796 ], [ 136.909500531, 35.571055246 ], [ 136.909444971, 35.571055246 ], [ 136.909444971, 35.570999686 ], [ 136.909444971, 35.570944126 ], [ 136.909389421, 35.570944126 ], [ 136.909389421, 35.570888576 ], [ 136.90933386, 35.570888576 ], [ 136.909333861, 35.570944126 ], [ 136.90927831, 35.570944126 ], [ 136.90927831, 35.570999686 ], [ 136.90922275, 35.570999686 ], [ 136.9091672, 35.570999686 ], [ 136.90911164, 35.570999686 ], [ 136.90911164, 35.570944126 ], [ 136.90905609, 35.570944126 ], [ 136.909056089, 35.570888576 ], [ 136.909000529, 35.570888576 ], [ 136.909000529, 35.570944126 ], [ 136.909000529, 35.570999686 ], [ 136.90905609, 35.570999686 ], [ 136.90905609, 35.571055246 ], [ 136.90900053, 35.571055246 ], [ 136.90900053, 35.571110796 ], [ 136.908944969, 35.571110796 ], [ 136.908944969, 35.571166356 ], [ 136.908889419, 35.571166356 ], [ 136.908889419, 35.571110796 ], [ 136.908889419, 35.571055246 ], [ 136.908889419, 35.570999686 ], [ 136.908833859, 35.570999686 ], [ 136.908833859, 35.570944126 ], [ 136.908889419, 35.570944126 ], [ 136.908889419, 35.570888576 ], [ 136.908833859, 35.570888576 ], [ 136.908833859, 35.570833017 ], [ 136.908778308, 35.570833017 ], [ 136.908778308, 35.570777467 ], [ 136.908833859, 35.570777467 ], [ 136.908833858, 35.570721907 ], [ 136.908833858, 35.570666357 ], [ 136.908778308, 35.570666357 ], [ 136.908722748, 35.570666357 ], [ 136.908667198, 35.570666357 ], [ 136.908611638, 35.570666357 ], [ 136.908611638, 35.570721907 ], [ 136.908611638, 35.570777467 ], [ 136.908611638, 35.570833017 ], [ 136.908611638, 35.570888576 ], [ 136.908667198, 35.570888576 ], [ 136.908667198, 35.570944126 ], [ 136.908667198, 35.570999686 ], [ 136.908611638, 35.570999686 ], [ 136.908611638, 35.571055246 ], [ 136.908611638, 35.571110796 ], [ 136.908667198, 35.571110796 ], [ 136.908667198, 35.571166356 ], [ 136.908611638, 35.571166356 ], [ 136.908611638, 35.571221905 ], [ 136.908611638, 35.571277465 ], [ 136.908611639, 35.571333015 ], [ 136.908556088, 35.571333015 ], [ 136.908500528, 35.571333015 ], [ 136.908444968, 35.571333015 ], [ 136.908389418, 35.571333015 ], [ 136.908333858, 35.571333015 ], [ 136.908333858, 35.571388575 ], [ 136.908333858, 35.571444125 ], [ 136.908333858, 35.571499685 ], [ 136.908389418, 35.571499685 ], [ 136.908389418, 35.571555245 ], [ 136.908444968, 35.571555245 ], [ 136.908500528, 35.571555245 ], [ 136.908500528, 35.571499685 ], [ 136.908556089, 35.571499685 ], [ 136.908611639, 35.571499685 ], [ 136.908611639, 35.571555245 ], [ 136.908611639, 35.571610794 ], [ 136.908667199, 35.571610794 ], [ 136.908722749, 35.571610794 ], [ 136.908722749, 35.571555245 ], [ 136.908778309, 35.571555245 ], [ 136.908778309, 35.571610794 ], [ 136.90883386, 35.571610794 ], [ 136.90883386, 35.571666354 ], [ 136.90877831, 35.571666354 ], [ 136.908778309, 35.571610794 ], [ 136.908722749, 35.571610794 ], [ 136.908722749, 35.571666354 ], [ 136.908667199, 35.571666354 ], [ 136.908667199, 35.571721904 ], [ 136.908611639, 35.571721904 ], [ 136.908611639, 35.571777464 ], [ 136.908667199, 35.571777464 ], [ 136.908722749, 35.571777464 ], [ 136.90877831, 35.571777464 ], [ 136.90877831, 35.571721904 ], [ 136.90883386, 35.571721904 ], [ 136.90883386, 35.571777464 ], [ 136.90888942, 35.571777464 ], [ 136.90888942, 35.571721904 ], [ 136.90888942, 35.571666354 ], [ 136.90888942, 35.571610794 ], [ 136.90888942, 35.571555245 ], [ 136.90894497, 35.571555245 ], [ 136.90900053, 35.571555245 ], [ 136.90905609, 35.571555245 ], [ 136.909111641, 35.571555244 ], [ 136.909167201, 35.571555244 ], [ 136.909222751, 35.571555244 ], [ 136.909278311, 35.571555244 ], [ 136.909333861, 35.571555244 ], [ 136.909333861, 35.571499685 ], [ 136.909389421, 35.571499685 ], [ 136.909444972, 35.571499685 ], [ 136.909444972, 35.571444125 ], [ 136.909500532, 35.571444125 ], [ 136.909500532, 35.571388575 ], [ 136.909556092, 35.571388575 ], [ 136.909556092, 35.571444125 ], [ 136.909556092, 35.571499685 ], [ 136.909500532, 35.571499685 ], [ 136.909500532, 35.571555244 ], [ 136.909556092, 35.571555244 ], [ 136.909556092, 35.571610794 ], [ 136.909500532, 35.571610794 ], [ 136.909500532, 35.571555244 ], [ 136.909444972, 35.571555244 ], [ 136.909444972, 35.571610794 ], [ 136.909444972, 35.571666354 ], [ 136.909444972, 35.571721904 ], [ 136.909444972, 35.571777464 ], [ 136.909389422, 35.571777464 ], [ 136.909333862, 35.571777464 ], [ 136.909278311, 35.571777464 ], [ 136.909222751, 35.571777464 ], [ 136.909167201, 35.571777464 ], [ 136.909167201, 35.571833014 ], [ 136.909167201, 35.571888574 ], [ 136.909167201, 35.571944123 ], [ 136.909222751, 35.571944123 ], [ 136.909222752, 35.571999683 ], [ 136.909278312, 35.571999683 ], [ 136.909333862, 35.571999683 ], [ 136.909389422, 35.571999683 ], [ 136.909389422, 35.571944123 ], [ 136.909444972, 35.571944123 ], [ 136.909444972, 35.571888574 ], [ 136.909500532, 35.571888574 ], [ 136.909556093, 35.571888574 ], [ 136.909556093, 35.571944123 ], [ 136.909611643, 35.571944123 ], [ 136.909611643, 35.571888574 ], [ 136.909667203, 35.571888574 ], [ 136.909667203, 35.571833014 ] ], [ [ 136.909333862, 35.571833014 ], [ 136.909333862, 35.571888574 ], [ 136.909278312, 35.571888574 ], [ 136.909278312, 35.571833014 ], [ 136.909333862, 35.571833014 ] ], [ [ 136.909444972, 35.571388575 ], [ 136.909389421, 35.571388575 ], [ 136.909389421, 35.571333015 ], [ 136.909333861, 35.571333015 ], [ 136.909333861, 35.571388575 ], [ 136.909333861, 35.571444125 ], [ 136.909278311, 35.571444125 ], [ 136.909222751, 35.571444125 ], [ 136.909222751, 35.571388575 ], [ 136.909222751, 35.571333015 ], [ 136.9091672, 35.571333015 ], [ 136.9091672, 35.571277465 ], [ 136.9091672, 35.571221905 ], [ 136.9091672, 35.571166356 ], [ 136.9091672, 35.571110796 ], [ 136.90922275, 35.571110796 ], [ 136.90922275, 35.571055246 ], [ 136.909278311, 35.571055246 ], [ 136.909333861, 35.571055246 ], [ 136.909333861, 35.571110796 ], [ 136.909389421, 35.571110796 ], [ 136.909444971, 35.571110796 ], [ 136.909444971, 35.571166356 ], [ 136.909444971, 35.571221905 ], [ 136.909500532, 35.571221905 ], [ 136.909500532, 35.571277465 ], [ 136.909444971, 35.571277465 ], [ 136.909444971, 35.571333015 ], [ 136.909444972, 35.571388575 ] ], [ [ 136.908778309, 35.571166356 ], [ 136.908722749, 35.571166356 ], [ 136.908722749, 35.571110796 ], [ 136.908778309, 35.571110796 ], [ 136.908778309, 35.571166356 ] ] ] } },
{ "type": "Feature", "properties": { "A31a_101": "8505090098", "A31a_102": "板取川", "A31a_103": "21", "A31a_104": "岐阜県", "A31a_105": 1 }, "geometry": { "type": "Polygon", "coordinates": [ [ [ 136.914944994, 35.571944122 ], [ 136.914944994, 35.571888572 ], [ 136.915000554, 35.571888572 ], [ 136.915000554, 35.571833012 ], [ 136.914944994, 35.571833012 ], [ 136.914889444, 35.571833012 ], [ 136.914889444, 35.571888572 ], [ 136.914833884, 35.571888572 ], [ 136.914778333, 35.571888572 ], [ 136.914722773, 35.571888572 ], [ 136.914667223, 35.571888572 ], [ 136.914611663, 35.571888572 ], [ 136.914556112, 35.571888572 ], [ 136.914556112, 35.571944122 ], [ 136.914556113, 35.571999682 ], [ 136.914556113, 35.572055242 ], [ 136.914611663, 35.572055242 ], [ 136.914611663, 35.571999682 ], [ 136.914667223, 35.571999682 ], [ 136.914667223, 35.571944122 ], [ 136.914722773, 35.571944122 ], [ 136.914722773, 35.571999682 ], [ 136.914778334, 35.571999682 ], [ 136.914833884, 35.571999682 ], [ 136.914833884, 35.571944122 ], [ 136.914889444, 35.571944122 ], [ 136.914944994, 35.571944122 ] ] ] } },
{ "type": "Feature", "properties": { "A31a_101": "8505090098", "A31a_102": "板取川", "A31a_103": "21", "A31a_104": "岐阜県", "A31a_105": 1 }, "geometry": { "type": "Polygon", "coordinates": [ [ [ 136.897944933, 35.572055243 ], [ 136.898000493, 35.572055243 ], [ 136.898056054, 35.572055243 ], [ 136.898056054, 35.572110793 ], [ 136.898111604, 35.572110793 ], [ 136.898167164, 35.572110793 ], [ 136.898167164, 35.572055243 ], [ 136.898222714, 35.572055243 ], [ 136.898222714, 35.571999683 ], [ 136.898278274, 35.571999683 ], [ 136.898278274, 35.571944123 ], [ 136.898333824, 35.571944123 ], [ 136.898333824, 35.571999683 ], [ 136.898333824, 35.572055243 ], [ 136.898278274, 35.572055243 ], [ 136.898278274, 35.572110793 ], [ 136.898333824, 35.572110793 ], [ 136.898389385, 35.572110793 ], [ 136.898389384, 35.572055243 ], [ 136.898389384, 35.571999683 ], [ 136.898389384, 35.571944123 ], [ 136.898389384, 35.571888574 ], [ 136.898389384, 35.571833014 ], [ 136.898333824, 35.571833014 ], [ 136.898333824, 35.571888574 ], [ 136.898278274, 35.571888574 ], [ 136.898222714, 35.571888574 ], [ 136.898222714, 35.571833014 ], [ 136.898278274, 35.571833014 ], [ 136.898278274, 35.571777464 ], [ 136.898222714, 35.571777464 ], [ 136.898167163, 35.571777464 ], [ 136.898111603, 35.571777464 ], [ 136.898056053, 35.571777464 ], [ 136.898056053, 35.571833014 ], [ 136.898056053, 35.571888573 ], [ 136.898056053, 35.571944123 ], [ 136.898111604, 35.571944123 ], [ 136.898167164, 35.571944123 ], [ 136.898167164, 35.571999683 ], [ 136.898111604, 35.571999683 ], [ 136.898056053, 35.571999683 ], [ 136.898000493, 35.571999683 ], [ 136.897944933, 35.571999683 ], [ 136.897944933, 35.572055243 ] ] ] } },
{ "type": "Feature", "properties": { "A31a_101": "8505090098", "A31a_102": "板取川", "A31a_103": "21", "A31a_104": "岐阜県", "A31a_105": 1 }, "geometry": { "type": "Polygon", "coordinates": [ [ [ 136.899722718, 35.571944124 ], [ 136.899667168, 35.571944124 ], [ 136.899667168, 35.571999684 ], [ 136.899667168, 35.572055244 ], [ 136.899667168, 35.572110794 ], [ 136.899722718, 35.572110794 ], [ 136.899722718, 35.572055244 ], [ 136.899722718, 35.571999684 ], [ 136.899722718, 35.571944124 ] ] ] } },
{ "type": "Feature", "properties": { "A31a_101": "8505090098", "A31a_102": "板取川", "A31a_103": "21", "A31a_104": "岐阜県", "A31a_105": 1 }, "geometry": { "type": "Polygon", "coordinates": [ [ [ 136.914722773, 35.572110792 ], [ 136.914722773, 35.572055242 ], [ 136.914667223, 35.572055242 ], [ 136.914667223, 35.572110792 ], [ 136.914611663, 35.572110792 ], [ 136.914556113, 35.572110792 ], [ 136.914556113, 35.572166351 ], [ 136.914556113, 35.572221901 ], [ 136.914611663, 35.572221901 ], [ 136.914611663, 35.572166351 ], [ 136.914667223, 35.572166351 ], [ 136.914722773, 35.572166351 ], [ 136.914722773, 35.572110792 ] ] ] } },
{ "type": "Feature", "properties": { "A31a_101": "8505090098", "A31a_102": "板取川", "A31a_103": "21", "A31a_104": "岐阜県", "A31a_105": 1 }, "geometry": { "type": "Polygon", "coordinates": [ [ [ 136.914500553, 35.572221901 ], [ 136.914500552, 35.572166352 ], [ 136.914444992, 35.572166352 ], [ 136.914444992, 35.572221901 ], [ 136.914500553, 35.572221901 ] ] ] } },
{ "type": "Feature", "properties": { "A31a_101": "8505090098", "A31a_102": "板取川", "A31a_103": "21", "A31a_104": "岐阜県", "A31a_105": 1 }, "geometry": { "type": "Polygon", "coordinates": [ [ [ 136.914333882, 35.572221901 ], [ 136.914333882, 35.572166352 ], [ 136.914278331, 35.572166352 ], [ 136.914278332, 35.572221901 ], [ 136.914333882, 35.572221901 ] ] ] } },
{ "type": "Feature", "properties": { "A31a_101": "8505090098", "A31a_102": "板取川", "A31a_103": "21", "A31a_104": "岐阜県", "A31a_105": 1 }, "geometry": { "type": "Polygon", "coordinates": [ [ [ 136.914222771, 35.572221902 ], [ 136.914222771, 35.572166352 ], [ 136.914167221, 35.572166352 ], [ 136.914167221, 35.572221902 ], [ 136.914222771, 35.572221902 ] ] ] } },
{ "type": "Feature", "properties": { "A31a_101": "8505090098", "A31a_102": "板取川", "A31a_103": "21", "A31a_104": "岐阜県", "A31a_105": 1 }, "geometry": { "type": "Polygon", "coordinates": [ [ [ 136.897944933, 35.572055243 ], [ 136.897889383, 35.572055243 ], [ 136.897833823, 35.572055243 ], [ 136.897833823, 35.572110793 ], [ 136.897778273, 35.572110793 ], [ 136.897778273, 35.572166353 ], [ 136.897778273, 35.572221902 ], [ 136.897833823, 35.572221902 ], [ 136.897889383, 35.572221902 ], [ 136.897889383, 35.572166353 ], [ 136.897944933, 35.572166353 ], [ 136.897944933, 35.572110793 ], [ 136.897944933, 35.572055243 ] ] ] } },
{ "type": "Feature", "properties": { "A31a_101": "8505090098", "A31a_102": "板取川", "A31a_103": "21", "A31a_104": "岐阜県", "A31a_105": 1 }, "geometry": { "type": "Polygon", "coordinates": [ [ [ 136.897944934, 35.572277462 ], [ 136.898000494, 35.572277462 ], [ 136.898000494, 35.572221902 ], [ 136.897944933, 35.572221902 ], [ 136.897944934, 35.572277462 ] ] ] } },
{ "type": "Feature", "properties": { "A31a_101": "8505090098", "A31a_102": "板取川", "A31a_103": "21", "A31a_104": "岐阜県", "A31a_105": 1 }, "geometry": { "type": "Polygon", "coordinates": [ [ [ 136.911944982, 35.572221902 ], [ 136.911944981, 35.572166353 ], [ 136.911889431, 35.572166353 ], [ 136.911889431, 35.572221902 ], [ 136.911889431, 35.572277462 ], [ 136.911944982, 35.572277462 ], [ 136.911944982, 35.572221902 ] ] ] } },
{ "type": "Feature", "properties": { "A31a_101": "8505090098", "A31a_102": "板取川", "A31a_103": "21", "A31a_104": "岐阜県", "A31a_105": 1 }, "geometry": { "type": "Polygon", "coordinates": [ [ [ 136.899667168, 35.572277463 ], [ 136.899667168, 35.572221903 ], [ 136.899611608, 35.572221903 ], [ 136.899611608, 35.572277463 ], [ 136.899667168, 35.572277463 ] ] ] } },
{ "type": "Feature", "properties": { "A31a_101": "8505090098", "A31a_102": "板取川", "A31a_103": "21", "A31a_104": "岐阜県", "A31a_105": 1 }, "geometry": { "type": "Polygon", "coordinates": [ [ [ 136.899611608, 35.572333013 ], [ 136.899556058, 35.572333013 ], [ 136.899556058, 35.572388573 ], [ 136.899611608, 35.572388573 ], [ 136.899611608, 35.572333013 ] ] ] } },
{ "type": "Feature", "properties": { "A31a_101": "8505090098", "A31a_102": "板取川", "A31a_103": "21", "A31a_104": "岐阜県", "A31a_105": 1 }, "geometry": { "type": "Polygon", "coordinates": [ [ [ 136.899667168, 35.572277463 ], [ 136.899667168, 35.572333013 ], [ 136.899667168, 35.572388573 ], [ 136.899722719, 35.572388573 ], [ 136.899722718, 35.572333013 ], [ 136.899722718, 35.572277463 ], [ 136.899667168, 35.572277463 ] ] ] } },
{ "type": "Feature", "properties": { "A31a_101": "8505090098", "A31a_102": "板取川", "A31a_103": "21", "A31a_104": "岐阜県", "A31a_105": 1 }, "geometry": { "type": "Polygon", "coordinates": [ [ [ 136.9115561, 35.572444122 ], [ 136.9115561, 35.572388572 ], [ 136.91150054, 35.572388572 ], [ 136.91150054, 35.572444122 ], [ 136.9115561, 35.572444122 ] ] ] } },
{ "type": "Feature", "properties": { "A31a_101": "8505090098", "A31a_102": "板取川", "A31a_103": "21", "A31a_104": "岐阜県", "A31a_105": 1 }, "geometry": { "type": "Polygon", "coordinates": [ [ [ 136.911111649, 35.572499682 ], [ 136.911111649, 35.572444122 ], [ 136.911056099, 35.572444122 ], [ 136.911056099, 35.572499682 ], [ 136.911111649, 35.572499682 ] ] ] } },
{ "type": "Feature", "properties": { "A31a_101": "8505090098", "A31a_102": "板取川", "A31a_103": "21", "A31a_104": "岐阜県", "A31a_105": 1 }, "geometry": { "type": "Polygon", "coordinates": [ [ [ 136.899611608, 35.572499682 ], [ 136.899611608, 35.572444122 ], [ 136.899556058, 35.572444122 ], [ 136.899556058, 35.572499682 ], [ 136.899611608, 35.572499682 ] ] ] } },
{ "type": "Feature", "properties": { "A31a_101": "8505090098", "A31a_102": "板取川", "A31a_103": "21", "A31a_104": "岐阜県", "A31a_105": 1 }, "geometry": { "type": "Polygon", "coordinates": [ [ [ 136.897722713, 35.572499681 ], [ 136.897667163, 35.572499681 ], [ 136.897667163, 35.572555241 ], [ 136.897722713, 35.572555241 ], [ 136.897722713, 35.572499681 ] ] ] } },
{ "type": "Feature", "properties": { "A31a_101": "8505090098", "A31a_102": "板取川", "A31a_103": "21", "A31a_104": "岐阜県", "A31a_105": 1 }, "geometry": { "type": "Polygon", "coordinates": [ [ [ 136.910889428, 35.572555242 ], [ 136.910889428, 35.572499682 ], [ 136.910833868, 35.572499682 ], [ 136.910833868, 35.572555242 ], [ 136.910889428, 35.572555242 ] ] ] } },
{ "type": "Feature", "properties": { "A31a_101": "8505090098", "A31a_102": "板取川", "A31a_103": "21", "A31a_104": "岐阜県", "A31a_105": 1 }, "geometry": { "type": "Polygon", "coordinates": [ [ [ 136.91133387, 35.572610791 ], [ 136.91133387, 35.572555242 ], [ 136.91127832, 35.572555242 ], [ 136.911222759, 35.572555242 ], [ 136.911222759, 35.572610791 ], [ 136.91127832, 35.572610791 ], [ 136.91133387, 35.572610791 ] ] ] } },
{ "type": "Feature", "properties": { "A31a_101": "8505090098", "A31a_102": "板取川", "A31a_103": "21", "A31a_104": "岐阜県", "A31a_105": 1 }, "geometry": { "type": "Polygon", "coordinates": [ [ [ 136.897889384, 35.572555241 ], [ 136.897833824, 35.572555241 ], [ 136.897833824, 35.572610791 ], [ 136.897833824, 35.572666351 ], [ 136.897889384, 35.572666351 ], [ 136.897889384, 35.572610791 ], [ 136.897889384, 35.572555241 ] ] ] } },
{ "type": "Feature", "properties": { "A31a_101": "8505090098", "A31a_102": "板取川", "A31a_103": "21", "A31a_104": "岐阜県", "A31a_105": 1 }, "geometry": { "type": "Polygon", "coordinates": [ [ [ 136.910944979, 35.572666351 ], [ 136.910944979, 35.572610791 ], [ 136.910889428, 35.572610791 ], [ 136.910889428, 35.572666351 ], [ 136.910944979, 35.572666351 ] ] ] } },
{ "type": "Feature", "properties": { "A31a_101": "8505090098", "A31a_102": "板取川", "A31a_103": "21", "A31a_104": "岐阜県", "A31a_105": 1 }, "geometry": { "type": "Polygon", "coordinates": [ [ [ 136.899556058, 35.572610792 ], [ 136.899500498, 35.572610792 ], [ 136.899500498, 35.572666352 ], [ 136.899556058, 35.572666352 ], [ 136.899556058, 35.572610792 ] ] ] } },
{ "type": "Feature", "properties": { "A31a_101": "8505090098", "A31a_102": "板取川", "A31a_103": "21", "A31a_104": "岐阜県", "A31a_105": 1 }, "geometry": { "type": "Polygon", "coordinates": [ [ [ 136.899611608, 35.572499682 ], [ 136.899611608, 35.572555242 ], [ 136.899611609, 35.572610792 ], [ 136.899611609, 35.572666352 ], [ 136.899667169, 35.572666352 ], [ 136.899667169, 35.572610792 ], [ 136.899667169, 35.572555242 ], [ 136.899667169, 35.572499682 ], [ 136.899611608, 35.572499682 ] ] ] } },
{ "type": "Feature", "properties": { "A31a_101": "8505090098", "A31a_102": "板取川", "A31a_103": "21", "A31a_104": "岐阜県", "A31a_105": 1 }, "geometry": { "type": "Polygon", "coordinates": [ [ [ 136.897833824, 35.572666351 ], [ 136.897778274, 35.572666351 ], [ 136.897778274, 35.572610791 ], [ 136.897722713, 35.572610791 ], [ 136.897667163, 35.572610791 ], [ 136.897667163, 35.572666351 ], [ 136.897722713, 35.572666351 ], [ 136.897722714, 35.572721901 ], [ 136.897778274, 35.572721901 ], [ 136.897833824, 35.572721901 ], [ 136.897833824, 35.572666351 ] ] ] } },
{ "type": "Feature", "properties": { "A31a_101": "8505090098", "A31a_102": "板取川", "A31a_103": "21", "A31a_104": "岐阜県", "A31a_105": 1 }, "geometry": { "type": "Polygon", "coordinates": [ [ [ 136.898222715, 35.572777461 ], [ 136.898278275, 35.572777461 ], [ 136.898278275, 35.572721901 ], [ 136.898222715, 35.572721901 ], [ 136.898222715, 35.572777461 ] ] ] } },
{ "type": "Feature", "properties": { "A31a_101": "8505090098", "A31a_102": "板取川", "A31a_103": "21", "A31a_104": "岐阜県", "A31a_105": 1 }, "geometry": { "type": "Polygon", "coordinates": [ [ [ 136.897944934, 35.572277462 ], [ 136.897889383, 35.572277462 ], [ 136.897833823, 35.572277462 ], [ 136.897778273, 35.572277462 ], [ 136.897778273, 35.572333012 ], [ 136.897778273, 35.572388572 ], [ 136.897778273, 35.572444122 ], [ 136.897833823, 35.572444122 ], [ 136.897889384, 35.572444122 ], [ 136.897889384, 35.572388572 ], [ 136.897944934, 35.572388572 ], [ 136.897944934, 35.572444122 ], [ 136.897889384, 35.572444122 ], [ 136.897889384, 35.572499682 ], [ 136.897889384, 35.572555241 ], [ 136.897944934, 35.572555241 ], [ 136.897944934, 35.572610791 ], [ 136.898000494, 35.572610791 ], [ 136.898000494, 35.572666351 ], [ 136.898000494, 35.572721901 ], [ 136.897944934, 35.572721901 ], [ 136.897944934, 35.572777461 ], [ 136.897944934, 35.572833011 ], [ 136.898000494, 35.572833011 ], [ 136.898056055, 35.572833011 ], [ 136.898111605, 35.572833011 ], [ 136.898111605, 35.572777461 ], [ 136.898111605, 35.572721901 ], [ 136.898056054, 35.572721901 ], [ 136.898056054, 35.572666351 ], [ 136.898111605, 35.572666351 ], [ 136.898167165, 35.572666351 ], [ 136.898222715, 35.572666351 ], [ 136.898278275, 35.572666351 ], [ 136.898333825, 35.572666351 ], [ 136.898389385, 35.572666351 ], [ 136.898444935, 35.572666351 ], [ 136.898500496, 35.572666351 ], [ 136.898556056, 35.572666351 ], [ 136.898611606, 35.572666351 ], [ 136.898611606, 35.572610792 ], [ 136.898556056, 35.572610792 ], [ 136.898500495, 35.572610792 ], [ 136.898500495, 35.572555242 ], [ 136.898500495, 35.572499682 ], [ 136.898500495, 35.572444122 ], [ 136.898500495, 35.572388572 ], [ 136.898556055, 35.572388572 ], [ 136.898556055, 35.572333012 ], [ 136.898500495, 35.572333012 ], [ 136.898500495, 35.572277463 ], [ 136.898444935, 35.572277462 ], [ 136.898389385, 35.572277462 ], [ 136.898333825, 35.572277462 ], [ 136.898333825, 35.572333012 ], [ 136.898333825, 35.572388572 ], [ 136.898333825, 35.572444122 ], [ 136.898333825, 35.572499682 ], [ 136.898333825, 35.572555242 ], [ 136.898333825, 35.572610791 ], [ 136.898278275, 35.572610791 ], [ 136.898278275, 35.572555242 ], [ 136.898278275, 35.572499682 ], [ 136.898222715, 35.572499682 ], [ 136.898167164, 35.572499682 ], [ 136.898167164, 35.572444122 ], [ 136.898222715, 35.572444122 ], [ 136.898222714, 35.572388572 ], [ 136.898167164, 35.572388572 ], [ 136.898167164, 35.572333012 ], [ 136.898111604, 35.572333012 ], [ 136.898056054, 35.572333012 ], [ 136.898056054, 35.572388572 ], [ 136.898056054, 35.572444122 ], [ 136.898000494, 35.572444122 ], [ 136.898000494, 35.572388572 ], [ 136.898000494, 35.572333012 ], [ 136.897944934, 35.572333012 ], [ 136.897944934, 35.572277462 ] ] ] } },
{ "type": "Feature", "properties": { "A31a_101": "8505090098", "A31a_102": "板取川", "A31a_103": "21", "A31a_104": "岐阜県", "A31a_105": 1 }, "geometry": { "type": "Polygon", "coordinates": [ [ [ 136.898222715, 35.572777461 ], [ 136.898167165, 35.572777461 ], [ 136.898167165, 35.572833011 ], [ 136.898222715, 35.572833011 ], [ 136.898222715, 35.572777461 ] ] ] } },
{ "type": "Feature", "properties": { "A31a_101": "8505090098", "A31a_102": "板取川", "A31a_103": "21", "A31a_104": "岐阜県", "A31a_105": 1 }, "geometry": { "type": "Polygon", "coordinates": [ [ [ 136.898222715, 35.572833011 ], [ 136.898222715, 35.572888571 ], [ 136.898278275, 35.572888571 ], [ 136.898278275, 35.572833011 ], [ 136.898222715, 35.572833011 ] ] ] } },
{ "type": "Feature", "properties": { "A31a_101": "8505090098", "A31a_102": "板取川", "A31a_103": "21", "A31a_104": "岐阜県", "A31a_105": 1 }, "geometry": { "type": "Polygon", "coordinates": [ [ [ 136.897667163, 35.572666351 ], [ 136.897611603, 35.572666351 ], [ 136.897611603, 35.572610791 ], [ 136.897611603, 35.572555241 ], [ 136.897611603, 35.572499681 ], [ 136.897611603, 35.572444122 ], [ 136.897556053, 35.572444122 ], [ 136.897500493, 35.572444122 ], [ 136.897500493, 35.572499681 ], [ 136.897556053, 35.572499681 ], [ 136.897556053, 35.572555241 ], [ 136.897556053, 35.572610791 ], [ 136.897556053, 35.572666351 ], [ 136.897556053, 35.572721901 ], [ 136.897500493, 35.572721901 ], [ 136.897500493, 35.572777461 ], [ 136.897500493, 35.57283301 ], [ 136.897500493, 35.57288857 ], [ 136.897500493, 35.57294412 ], [ 136.897556053, 35.57294412 ], [ 136.897556053, 35.57288857 ], [ 136.897556053, 35.57283301 ], [ 136.897556053, 35.572777461 ], [ 136.897611603, 35.572777461 ], [ 136.897611603, 35.572721901 ], [ 136.897667163, 35.572721901 ], [ 136.897667163, 35.572666351 ] ] ] } },
{ "type": "Feature", "properties": { "A31a_101": "8505090098", "A31a_102": "板取川", "A31a_103": "21", "A31a_104": "岐阜県", "A31a_105": 1 }, "geometry": { "type": "Polygon", "coordinates": [ [ [ 136.897944934, 35.572833011 ], [ 136.897889384, 35.572833011 ], [ 136.897889384, 35.57288857 ], [ 136.897889384, 35.57294412 ], [ 136.897944934, 35.57294412 ], [ 136.897944934, 35.57288857 ], [ 136.897944934, 35.572833011 ] ] ] } },
{ "type": "Feature", "properties": { "A31a_101": "8505090098", "A31a_102": "板取川", "A31a_103": "21", "A31a_104": "岐阜県", "A31a_105": 1 }, "geometry": { "type": "Polygon", "coordinates": [ [ [ 136.897833824, 35.57299968 ], [ 136.897833824, 35.57294412 ], [ 136.897778274, 35.57294412 ], [ 136.897778274, 35.57299968 ], [ 136.897833824, 35.57299968 ] ] ] } },
{ "type": "Feature", "properties": { "A31a_101": "8505090098", "A31a_102": "板取川", "A31a_103": "21", "A31a_104": "岐阜県", "A31a_105": 1 }, "geometry": { "type": "Polygon", "coordinates": [ [ [ 136.897611604, 35.57305524 ], [ 136.897611604, 35.57311079 ], [ 136.897667164, 35.57311079 ], [ 136.897667164, 35.57305524 ], [ 136.897611604, 35.57305524 ] ] ] } },
{ "type": "Feature", "properties": { "A31a_101": "8505090098", "A31a_102": "板取川", "A31a_103": "21", "A31a_104": "岐阜県", "A31a_105": 1 }, "geometry": { "type": "Polygon", "coordinates": [ [ [ 136.897944934, 35.57294412 ], [ 136.897944935, 35.57299968 ], [ 136.897889384, 35.57299968 ], [ 136.897833824, 35.57299968 ], [ 136.897833824, 35.57305524 ], [ 136.897889384, 35.57305524 ], [ 136.897889385, 35.57311079 ], [ 136.897944935, 35.57311079 ], [ 136.897944935, 35.57305524 ], [ 136.898000495, 35.57305524 ], [ 136.898056055, 35.57305524 ], [ 136.898056055, 35.57299968 ], [ 136.898111605, 35.57299968 ], [ 136.898111605, 35.57294412 ], [ 136.898056055, 35.57294412 ], [ 136.898000495, 35.57294412 ], [ 136.897944934, 35.57294412 ] ] ] } },
{ "type": "Feature", "properties": { "A31a_101": "8505090098", "A31a_102": "板取川", "A31a_103": "21", "A31a_104": "岐阜県", "A31a_105": 1 }, "geometry": { "type": "Polygon", "coordinates": [ [ [ 136.897778274, 35.57316635 ], [ 136.897722714, 35.573166349 ], [ 136.897722714, 35.573221899 ], [ 136.897778274, 35.573221899 ], [ 136.897778274, 35.57316635 ] ] ] } },
{ "type": "Feature", "properties": { "A31a_101": "8505090098", "A31a_102": "板取川", "A31a_103": "21", "A31a_104": "岐阜県", "A31a_105": 1 }, "geometry": { "type": "Polygon", "coordinates": [ [ [ 136.897611604, 35.57311079 ], [ 136.897556054, 35.57311079 ], [ 136.897556054, 35.57305524 ], [ 136.897611604, 35.57305524 ], [ 136.897611604, 35.57299968 ], [ 136.897556053, 35.57299968 ], [ 136.897500493, 35.57299968 ], [ 136.897500493, 35.57305524 ], [ 136.897500493, 35.57311079 ], [ 136.897500494, 35.573166349 ], [ 136.897500494, 35.573221899 ], [ 136.897500494, 35.573277459 ], [ 136.897500494, 35.573333009 ], [ 136.897556054, 35.573333009 ], [ 136.897556054, 35.573277459 ], [ 136.897556054, 35.573221899 ], [ 136.897611604, 35.573221899 ], [ 136.897667164, 35.573221899 ], [ 136.897667164, 35.573166349 ], [ 136.897611604, 35.573166349 ], [ 136.897611604, 35.57311079 ] ] ] } },
{ "type": "Feature", "properties": { "A31a_101": "8505090098", "A31a_102": "板取川", "A31a_103": "21", "A31a_104": "岐阜県", "A31a_105": 1 }, "geometry": { "type": "Polygon", "coordinates": [ [ [ 136.897778275, 35.573333009 ], [ 136.897722714, 35.573333009 ], [ 136.897722714, 35.573388569 ], [ 136.897778275, 35.573388569 ], [ 136.897778275, 35.573333009 ] ] ] } },
{ "type": "Feature", "properties": { "A31a_101": "8505090098", "A31a_102": "板取川", "A31a_103": "21", "A31a_104": "岐阜県", "A31a_105": 1 }, "geometry": { "type": "Polygon", "coordinates": [ [ [ 136.897833825, 35.573666348 ], [ 136.897833825, 35.573610788 ], [ 136.897778275, 35.573610788 ], [ 136.897778275, 35.573666348 ], [ 136.897833825, 35.573666348 ] ] ] } },
{ "type": "Feature", "properties": { "A31a_101": "8505090098", "A31a_102": "板取川", "A31a_103": "21", "A31a_104": "岐阜県", "A31a_105": 1 }, "geometry": { "type": "Polygon", "coordinates": [ [ [ 136.897833825, 35.573666348 ], [ 136.897833825, 35.573721898 ], [ 136.897889385, 35.573721898 ], [ 136.897889385, 35.573666348 ], [ 136.897833825, 35.573666348 ] ] ] } },
{ "type": "Feature", "properties": { "A31a_101": "8505090098", "A31a_102": "板取川", "A31a_103": "21", "A31a_104": "岐阜県", "A31a_105": 1 }, "geometry": { "type": "Polygon", "coordinates": [ [ [ 136.897611605, 35.574166346 ], [ 136.897611605, 35.574221896 ], [ 136.897667165, 35.574221896 ], [ 136.897667165, 35.574166346 ], [ 136.897611605, 35.574166346 ] ] ] } },
{ "type": "Feature", "properties": { "A31a_101": "8505090098", "A31a_102": "板取川", "A31a_103": "21", "A31a_104": "岐阜県", "A31a_105": 1 }, "geometry": { "type": "Polygon", "coordinates": [ [ [ 136.897833826, 35.574388566 ], [ 136.897778276, 35.574388566 ], [ 136.897778276, 35.574444116 ], [ 136.897833826, 35.574444116 ], [ 136.897833826, 35.574388566 ] ] ] } },
{ "type": "Feature", "properties": { "A31a_101": "8505090098", "A31a_102": "板取川", "A31a_103": "21", "A31a_104": "岐阜県", "A31a_105": 1 }, "geometry": { "type": "Polygon", "coordinates": [ [ [ 136.898278277, 35.574388566 ], [ 136.898222717, 35.574388566 ], [ 136.898222717, 35.574444116 ], [ 136.898278277, 35.574444116 ], [ 136.898333828, 35.574444116 ], [ 136.898333827, 35.574388566 ], [ 136.898278277, 35.574388566 ] ] ] } },
{ "type": "Feature", "properties": { "A31a_101": "8505090098", "A31a_102": "板取川", "A31a_103": "21", "A31a_104": "岐阜県", "A31a_105": 1 }, "geometry": { "type": "Polygon", "coordinates": [ [ [ 136.897611605, 35.574221896 ], [ 136.897556055, 35.574221896 ], [ 136.897556055, 35.574166346 ], [ 136.897611605, 35.574166346 ], [ 136.897611605, 35.574110787 ], [ 136.897611605, 35.574055237 ], [ 136.897667165, 35.574055237 ], [ 136.897667165, 35.573999677 ], [ 136.897722715, 35.573999677 ], [ 136.897722715, 35.573944117 ], [ 136.897667165, 35.573944117 ], [ 136.897667165, 35.573888567 ], [ 136.897667165, 35.573833007 ], [ 136.897667165, 35.573777458 ], [ 136.897611605, 35.573777458 ], [ 136.897611605, 35.573721898 ], [ 136.897667165, 35.573721898 ], [ 136.897667165, 35.573666348 ], [ 136.897667165, 35.573610788 ], [ 136.897611604, 35.573610788 ], [ 136.897556054, 35.573610788 ], [ 136.897556054, 35.573555238 ], [ 136.897556054, 35.573499678 ], [ 136.897500494, 35.573499678 ], [ 136.897500494, 35.573555238 ], [ 136.897500494, 35.573610788 ], [ 136.897500494, 35.573666348 ], [ 136.897500494, 35.573721898 ], [ 136.897500494, 35.573777458 ], [ 136.897500494, 35.573833007 ], [ 136.897500495, 35.573888567 ], [ 136.897500495, 35.573944117 ], [ 136.897500495, 35.573999677 ], [ 136.897500495, 35.574055237 ], [ 136.897500495, 35.574110787 ], [ 136.897500495, 35.574166346 ], [ 136.897500495, 35.574221896 ], [ 136.897500495, 35.574277456 ], [ 136.897500495, 35.574333006 ], [ 136.897500495, 35.574388566 ], [ 136.897500495, 35.574444116 ], [ 136.897500495, 35.574499675 ], [ 136.897556056, 35.574499675 ], [ 136.897556055, 35.574444116 ], [ 136.897556055, 35.574388566 ], [ 136.897556055, 35.574333006 ], [ 136.897611605, 35.574333006 ], [ 136.897611606, 35.574388566 ], [ 136.897667166, 35.574388566 ], [ 136.897667166, 35.574333006 ], [ 136.897722716, 35.574333006 ], [ 136.897722716, 35.574277456 ], [ 136.897667166, 35.574277456 ], [ 136.897611605, 35.574277456 ], [ 136.897611605, 35.574221896 ] ] ] } },
{ "type": "Feature", "properties": { "A31a_101": "8505090098", "A31a_102": "板取川", "A31a_103": "21", "A31a_104": "岐阜県", "A31a_105": 1 }, "geometry": { "type": "Polygon", "coordinates": [ [ [ 136.897611606, 35.574666345 ], [ 136.897556056, 35.574666345 ], [ 136.897556056, 35.574721895 ], [ 136.897611606, 35.574721895 ], [ 136.897611606, 35.574666345 ] ] ] } },
{ "type": "Feature", "properties": { "A31a_101": "8505090098", "A31a_102": "板取川", "A31a_103": "21", "A31a_104": "岐阜県", "A31a_105": 1 }, "geometry": { "type": "Polygon", "coordinates": [ [ [ 136.897278276, 35.575055234 ], [ 136.897333826, 35.575055234 ], [ 136.897389386, 35.575055234 ], [ 136.897444936, 35.575055234 ], [ 136.897444936, 35.574999674 ], [ 136.897444936, 35.574944114 ], [ 136.897444936, 35.574888564 ], [ 136.897389386, 35.574888564 ], [ 136.897333826, 35.574888564 ], [ 136.897333826, 35.574944114 ], [ 136.897278275, 35.574944114 ], [ 136.897278276, 35.574999674 ], [ 136.897278276, 35.575055234 ] ] ] } },
{ "type": "Feature", "properties": { "A31a_101": "8505090098", "A31a_102": "板取川", "A31a_103": "21", "A31a_104": "岐阜県", "A31a_105": 1 }, "geometry": { "type": "Polygon", "coordinates": [ [ [ 136.897278276, 35.575055234 ], [ 136.897222715, 35.575055234 ], [ 136.897222716, 35.575110783 ], [ 136.897278276, 35.575110783 ], [ 136.897278276, 35.575055234 ] ] ] } },
{ "type": "Feature", "properties": { "A31a_101": "8505090098", "A31a_102": "板取川", "A31a_103": "21", "A31a_104": "岐阜県", "A31a_105": 1 }, "geometry": { "type": "Polygon", "coordinates": [ [ [ 136.897556057, 35.575221893 ], [ 136.897500496, 35.575221893 ], [ 136.897500496, 35.575277453 ], [ 136.897556057, 35.575277453 ], [ 136.897611607, 35.575277453 ], [ 136.897611607, 35.575221893 ], [ 136.897556057, 35.575221893 ] ] ] } },
{ "type": "Feature", "properties": { "A31a_101": "8505090098", "A31a_102": "板取川", "A31a_103": "21", "A31a_104": "岐阜県", "A31a_105": 1 }, "geometry": { "type": "Polygon", "coordinates": [ [ [ 136.897722718, 35.576055231 ], [ 136.897778278, 35.576055231 ], [ 136.897778278, 35.575999671 ], [ 136.897722718, 35.575999671 ], [ 136.897722718, 35.576055231 ] ] ] } },
{ "type": "Feature", "properties": { "A31a_101": "8505090098", "A31a_102": "板取川", "A31a_103": "21", "A31a_104": "岐阜県", "A31a_105": 1 }, "geometry": { "type": "Polygon", "coordinates": [ [ [ 136.897722718, 35.576055231 ], [ 136.897667168, 35.576055231 ], [ 136.897611608, 35.576055231 ], [ 136.897611608, 35.576110781 ], [ 136.897611608, 35.576166341 ], [ 136.897667168, 35.576166341 ], [ 136.897722718, 35.576166341 ], [ 136.897722718, 35.576110781 ], [ 136.897722718, 35.576055231 ] ] ] } },
{ "type": "Feature", "properties": { "A31a_101": "8505090098", "A31a_102": "板取川", "A31a_103": "21", "A31a_104": "岐阜県", "A31a_105": 1 }, "geometry": { "type": "Polygon", "coordinates": [ [ [ 136.897556058, 35.576333 ], [ 136.897500498, 35.576333 ], [ 136.897500498, 35.57638856 ], [ 136.897500498, 35.57644411 ], [ 136.897500498, 35.57649967 ], [ 136.897556058, 35.57649967 ], [ 136.897556058, 35.57644411 ], [ 136.897556058, 35.57638856 ], [ 136.897556058, 35.576333 ] ] ] } },
{ "type": "Feature", "properties": { "A31a_101": "8505090098", "A31a_102": "板取川", "A31a_103": "21", "A31a_104": "岐阜県", "A31a_105": 1 }, "geometry": { "type": "Polygon", "coordinates": [ [ [ 136.897556058, 35.57655523 ], [ 136.897500498, 35.57655523 ], [ 136.897500498, 35.57661078 ], [ 136.897556058, 35.57661078 ], [ 136.897556058, 35.57655523 ] ] ] } },
{ "type": "Feature", "properties": { "A31a_101": "8505090098", "A31a_102": "板取川", "A31a_103": "21", "A31a_104": "岐阜県", "A31a_105": 1 }, "geometry": { "type": "Polygon", "coordinates": [ [ [ 136.897556059, 35.576888559 ], [ 136.897500499, 35.576888559 ], [ 136.897500499, 35.576944109 ], [ 136.897556059, 35.576944109 ], [ 136.897556059, 35.576888559 ] ] ] } },
{ "type": "Feature", "properties": { "A31a_101": "8505090098", "A31a_102": "板取川", "A31a_103": "21", "A31a_104": "岐阜県", "A31a_105": 1 }, "geometry": { "type": "Polygon", "coordinates": [ [ [ 136.897556059, 35.577055228 ], [ 136.897556059, 35.576999669 ], [ 136.897500499, 35.576999669 ], [ 136.897500499, 35.577055228 ], [ 136.897556059, 35.577055228 ] ] ] } },
{ "type": "Feature", "properties": { "A31a_101": "8505090098", "A31a_102": "板取川", "A31a_103": "21", "A31a_104": "岐阜県", "A31a_105": 1 }, "geometry": { "type": "Polygon", "coordinates": [ [ [ 136.897556059, 35.577055228 ], [ 136.897556059, 35.577110778 ], [ 136.897611609, 35.577110778 ], [ 136.897611609, 35.577055228 ], [ 136.897556059, 35.577055228 ] ] ] } },
{ "type": "Feature", "properties": { "A31a_101": "8505090098", "A31a_102": "板取川", "A31a_103": "21", "A31a_104": "岐阜県", "A31a_105": 1 }, "geometry": { "type": "Polygon", "coordinates": [ [ [ 136.897556059, 35.577110778 ], [ 136.897500499, 35.577110778 ], [ 136.897500499, 35.577166338 ], [ 136.897556059, 35.577166338 ], [ 136.897556059, 35.577110778 ] ] ] } },
{ "type": "Feature", "properties": { "A31a_101": "8505090098", "A31a_102": "板取川", "A31a_103": "21", "A31a_104": "岐阜県", "A31a_105": 1 }, "geometry": { "type": "Polygon", "coordinates": [ [ [ 136.89761161, 35.577444107 ], [ 136.89755606, 35.577444107 ], [ 136.89755606, 35.577499667 ], [ 136.89761161, 35.577499667 ], [ 136.89761161, 35.577444107 ] ] ] } },
{ "type": "Feature", "properties": { "A31a_101": "8505090098", "A31a_102": "板取川", "A31a_103": "21", "A31a_104": "岐阜県", "A31a_105": 1 }, "geometry": { "type": "Polygon", "coordinates": [ [ [ 136.898778283, 35.577555228 ], [ 136.898722723, 35.577555228 ], [ 136.898722723, 35.577610777 ], [ 136.898778283, 35.577610777 ], [ 136.898778283, 35.577555228 ] ] ] } },
{ "type": "Feature", "properties": { "A31a_101": "8505090098", "A31a_102": "板取川", "A31a_103": "21", "A31a_104": "岐阜県", "A31a_105": 1 }, "geometry": { "type": "Polygon", "coordinates": [ [ [ 136.899667176, 35.578444106 ], [ 136.899611616, 35.578444106 ], [ 136.899611616, 35.578499665 ], [ 136.899667177, 35.578499666 ], [ 136.899667176, 35.578444106 ] ] ] } },
{ "type": "Feature", "properties": { "A31a_101": "8505090098", "A31a_102": "板取川", "A31a_103": "21", "A31a_104": "岐阜県", "A31a_105": 1 }, "geometry": { "type": "Polygon", "coordinates": [ [ [ 136.899556066, 35.578499665 ], [ 136.899500506, 35.578499665 ], [ 136.899500506, 35.578555225 ], [ 136.899556066, 35.578555225 ], [ 136.899556066, 35.578499665 ] ] ] } },
{ "type": "Feature", "properties": { "A31a_101": "8505090098", "A31a_102": "板取川", "A31a_103": "21", "A31a_104": "岐阜県", "A31a_105": 1 }, "geometry": { "type": "Polygon", "coordinates": [ [ [ 136.899611617, 35.578777445 ], [ 136.899611617, 35.578832995 ], [ 136.899667177, 35.578832995 ], [ 136.899722727, 35.578832995 ], [ 136.899722727, 35.578777445 ], [ 136.899722727, 35.578721885 ], [ 136.899667177, 35.578721885 ], [ 136.899667177, 35.578777445 ], [ 136.899611617, 35.578777445 ] ] ] } },
{ "type": "Feature", "properties": { "A31a_101": "8505090098", "A31a_102": "板取川", "A31a_103": "21", "A31a_104": "岐阜県", "A31a_105": 1 }, "geometry": { "type": "Polygon", "coordinates": [ [ [ 136.899167176, 35.578832994 ], [ 136.899167176, 35.578777445 ], [ 136.899111615, 35.578777445 ], [ 136.899111616, 35.578832994 ], [ 136.899056065, 35.578832994 ], [ 136.899056065, 35.578888554 ], [ 136.899111616, 35.578888554 ], [ 136.899167176, 35.578888554 ], [ 136.899167176, 35.578832994 ] ] ] } },
{ "type": "Feature", "properties": { "A31a_101": "8505090098", "A31a_102": "板取川", "A31a_103": "21", "A31a_104": "岐阜県", "A31a_105": 1 }, "geometry": { "type": "Polygon", "coordinates": [ [ [ 136.899833838, 35.578888555 ], [ 136.899778287, 35.578888555 ], [ 136.899778287, 35.578944104 ], [ 136.899833838, 35.578944104 ], [ 136.899889398, 35.578944104 ], [ 136.899889398, 35.578999664 ], [ 136.899944948, 35.578999664 ], [ 136.899944948, 35.578944104 ], [ 136.899944948, 35.578888555 ], [ 136.899889398, 35.578888555 ], [ 136.899833838, 35.578888555 ] ] ] } },
{ "type": "Feature", "properties": { "A31a_101": "8505090098", "A31a_102": "板取川", "A31a_103": "21", "A31a_104": "岐阜県", "A31a_105": 1 }, "geometry": { "type": "Polygon", "coordinates": [ [ [ 136.899611617, 35.578832995 ], [ 136.899556067, 35.578832995 ], [ 136.899500507, 35.578832995 ], [ 136.899500506, 35.578777445 ], [ 136.899556067, 35.578777445 ], [ 136.899611617, 35.578777445 ], [ 136.899611617, 35.578721885 ], [ 136.899611617, 35.578666335 ], [ 136.899556066, 35.578666335 ], [ 136.899556067, 35.578721885 ], [ 136.899500506, 35.578721885 ], [ 136.899500506, 35.578666335 ], [ 136.899444946, 35.578666335 ], [ 136.899389396, 35.578666335 ], [ 136.899389396, 35.578721885 ], [ 136.899333836, 35.578721885 ], [ 136.899278286, 35.578721885 ], [ 136.899278286, 35.578777445 ], [ 136.899222726, 35.578777445 ], [ 136.899222726, 35.578832994 ], [ 136.899278286, 35.578832994 ], [ 136.899278286, 35.578888554 ], [ 136.899278286, 35.578944104 ], [ 136.899333836, 35.578944104 ], [ 136.899333836, 35.578999664 ], [ 136.899333836, 35.579055224 ], [ 136.899389397, 35.579055224 ], [ 136.899389396, 35.578999664 ], [ 136.899444947, 35.578999664 ], [ 136.899444947, 35.578944104 ], [ 136.899500507, 35.578944104 ], [ 136.899500507, 35.578999664 ], [ 136.899556067, 35.578999664 ], [ 136.899611617, 35.578999664 ], [ 136.899611617, 35.578944104 ], [ 136.899667177, 35.578944104 ], [ 136.899722727, 35.578944104 ], [ 136.899722727, 35.578888555 ], [ 136.899667177, 35.578888554 ], [ 136.899611617, 35.578888554 ], [ 136.899611617, 35.578832995 ] ] ] } },
{ "type": "Feature", "properties": { "A31a_101": "8505090098", "A31a_102": "板取川", "A31a_103": "21", "A31a_104": "岐阜県", "A31a_105": 1 }, "geometry": { "type": "Polygon", "coordinates": [ [ [ 136.900000508, 35.579055224 ], [ 136.899944948, 35.579055224 ], [ 136.899944948, 35.579110774 ], [ 136.900000508, 35.579110774 ], [ 136.900000508, 35.579055224 ] ] ] } },
{ "type": "Feature", "properties": { "A31a_101": "8505090098", "A31a_102": "板取川", "A31a_103": "21", "A31a_104": "岐阜県", "A31a_105": 1 }, "geometry": { "type": "Polygon", "coordinates": [ [ [ 136.899889399, 35.579555223 ], [ 136.899833838, 35.579555223 ], [ 136.899833838, 35.579610773 ], [ 136.899889399, 35.579610773 ], [ 136.899889399, 35.579555223 ] ] ] } },
{ "type": "Feature", "properties": { "A31a_101": "8505090098", "A31a_102": "板取川", "A31a_103": "21", "A31a_104": "岐阜県", "A31a_105": 2 }, "geometry": { "type": "Polygon", "coordinates": [ [ [ 136.911722748, 35.563444146 ], [ 136.911722748, 35.563388596 ], [ 136.911722748, 35.563333036 ], [ 136.911667198, 35.563333036 ], [ 136.911667198, 35.563388596 ], [ 136.911667198, 35.563444146 ], [ 136.911722748, 35.563444146 ] ] ] } },
{ "type": "Feature", "properties": { "A31a_101": "8505090098", "A31a_102": "板取川", "A31a_103": "21", "A31a_104": "岐阜県", "A31a_105": 2 }, "geometry": { "type": "Polygon", "coordinates": [ [ [ 136.911778308, 35.563499706 ], [ 136.911778308, 35.563444146 ], [ 136.911722748, 35.563444146 ], [ 136.911722748, 35.563499706 ], [ 136.911778308, 35.563499706 ] ] ] } },
{ "type": "Feature", "properties": { "A31a_101": "8505090098", "A31a_102": "板取川", "A31a_103": "21", "A31a_104": "岐阜県", "A31a_105": 2 }, "geometry": { "type": "Polygon", "coordinates": [ [ [ 136.911889419, 35.563721925 ], [ 136.911889419, 35.563666375 ], [ 136.911889419, 35.563610816 ], [ 136.911833859, 35.563610816 ], [ 136.911833859, 35.563555266 ], [ 136.911833858, 35.563499706 ], [ 136.911778308, 35.563499706 ], [ 136.911778308, 35.563555266 ], [ 136.911722748, 35.563555266 ], [ 136.911722748, 35.563610816 ], [ 136.911778308, 35.563610816 ], [ 136.911778308, 35.563666375 ], [ 136.911778309, 35.563721925 ], [ 136.911833859, 35.563721925 ], [ 136.911889419, 35.563721925 ] ] ] } },
{ "type": "Feature", "properties": { "A31a_101": "8505090098", "A31a_102": "板取川", "A31a_103": "21", "A31a_104": "岐阜県", "A31a_105": 2 }, "geometry": { "type": "Polygon", "coordinates": [ [ [ 136.911944969, 35.563777485 ], [ 136.911944969, 35.563721925 ], [ 136.911889419, 35.563721925 ], [ 136.911889419, 35.563777485 ], [ 136.911944969, 35.563777485 ] ] ] } },
{ "type": "Feature", "properties": { "A31a_101": "8505090098", "A31a_102": "板取川", "A31a_103": "21", "A31a_104": "岐阜県", "A31a_105": 2 }, "geometry": { "type": "Polygon", "coordinates": [ [ [ 136.91200053, 35.563833035 ], [ 136.912000529, 35.563777485 ], [ 136.911944969, 35.563777485 ], [ 136.911944969, 35.563833035 ], [ 136.91200053, 35.563833035 ] ] ] } },
{ "type": "Feature", "properties": { "A31a_101": "8505090098", "A31a_102": "板取川", "A31a_103": "21", "A31a_104": "岐阜県", "A31a_105": 2 }, "geometry": { "type": "Polygon", "coordinates": [ [ [ 136.91205609, 35.563888595 ], [ 136.91205609, 35.563833035 ], [ 136.91200053, 35.563833035 ], [ 136.91200053, 35.563888595 ], [ 136.91205609, 35.563888595 ] ] ] } },
{ "type": "Feature", "properties": { "A31a_101": "8505090098", "A31a_102": "板取川", "A31a_103": "21", "A31a_104": "岐阜県", "A31a_105": 2 }, "geometry": { "type": "Polygon", "coordinates": [ [ [ 136.91211164, 35.563944145 ], [ 136.91211164, 35.563888595 ], [ 136.91205609, 35.563888595 ], [ 136.91205609, 35.563944145 ], [ 136.91211164, 35.563944145 ] ] ] } },
{ "type": "Feature", "properties": { "A31a_101": "8505090098", "A31a_102": "板取川", "A31a_103": "21", "A31a_104": "岐阜県", "A31a_105": 2 }, "geometry": { "type": "Polygon", "coordinates": [ [ [ 136.912278311, 35.564166374 ], [ 136.912278311, 35.564110814 ], [ 136.912222751, 35.564110814 ], [ 136.912222751, 35.564055264 ], [ 136.912222751, 35.563999704 ], [ 136.9121672, 35.563999704 ], [ 136.9121672, 35.563944145 ], [ 136.91211164, 35.563944145 ], [ 136.91211164, 35.563999704 ], [ 136.91211164, 35.564055264 ], [ 136.912167201, 35.564055264 ], [ 136.912167201, 35.564110814 ], [ 136.912167201, 35.564166374 ], [ 136.912222751, 35.564166374 ], [ 136.912278311, 35.564166374 ] ] ] } },
{ "type": "Feature", "properties": { "A31a_101": "8505090098", "A31a_102": "板取川", "A31a_103": "21", "A31a_104": "岐阜県", "A31a_105": 2 }, "geometry": { "type": "Polygon", "coordinates": [ [ [ 136.912278311, 35.564166374 ], [ 136.912278311, 35.564221924 ], [ 136.912278311, 35.564277484 ], [ 136.912278311, 35.564333034 ], [ 136.912333862, 35.564333033 ], [ 136.912333862, 35.564388593 ], [ 136.912333862, 35.564444143 ], [ 136.912389422, 35.564444143 ], [ 136.912444972, 35.564444143 ], [ 136.912444972, 35.564388593 ], [ 136.912444972, 35.564333033 ], [ 136.912389422, 35.564333033 ], [ 136.912389422, 35.564277484 ], [ 136.912333862, 35.564277484 ], [ 136.912333861, 35.564221924 ], [ 136.912333861, 35.564166374 ], [ 136.912278311, 35.564166374 ] ] ] } },
{ "type": "Feature", "properties": { "A31a_101": "8505090098", "A31a_102": "板取川", "A31a_103": "21", "A31a_104": "岐阜県", "A31a_105": 2 }, "geometry": { "type": "Polygon", "coordinates": [ [ [ 136.912611643, 35.564610813 ], [ 136.912611643, 35.564555263 ], [ 136.912556093, 35.564555263 ], [ 136.912500533, 35.564555263 ], [ 136.912500533, 35.564610813 ], [ 136.912556093, 35.564610813 ], [ 136.912611643, 35.564610813 ] ] ] } },
{ "type": "Feature", "properties": { "A31a_101": "8505090098", "A31a_102": "板取川", "A31a_103": "21", "A31a_104": "岐阜県", "A31a_105": 2 }, "geometry": { "type": "Polygon", "coordinates": [ [ [ 136.912667204, 35.564666372 ], [ 136.912667203, 35.564610813 ], [ 136.912611643, 35.564610813 ], [ 136.912611643, 35.564666372 ], [ 136.912667204, 35.564666372 ] ] ] } },
{ "type": "Feature", "properties": { "A31a_101": "8505090098", "A31a_102": "板取川", "A31a_103": "21", "A31a_104": "岐阜県", "A31a_105": 2 }, "geometry": { "type": "Polygon", "coordinates": [ [ [ 136.912722754, 35.564721922 ], [ 136.912722754, 35.564666372 ], [ 136.912667204, 35.564666372 ], [ 136.912667204, 35.564721922 ], [ 136.912722754, 35.564721922 ] ] ] } },
{ "type": "Feature", "properties": { "A31a_101": "8505090098", "A31a_102": "板取川", "A31a_103": "21", "A31a_104": "岐阜県", "A31a_105": 2 }, "geometry": { "type": "Polygon", "coordinates": [ [ [ 136.912722754, 35.564721922 ], [ 136.912722754, 35.564777482 ], [ 136.912778314, 35.564777482 ], [ 136.912778314, 35.564721922 ], [ 136.912722754, 35.564721922 ] ] ] } },
{ "type": "Feature", "properties": { "A31a_101": "8505090098", "A31a_102": "板取川", "A31a_103": "21", "A31a_104": "岐阜県", "A31a_105": 2 }, "geometry": { "type": "Polygon", "coordinates": [ [ [ 136.913222757, 35.565166371 ], [ 136.913222757, 35.565110811 ], [ 136.913167207, 35.565110811 ], [ 136.913167207, 35.565166371 ], [ 136.913222757, 35.565166371 ] ] ] } },
{ "type": "Feature", "properties": { "A31a_101": "8505090098", "A31a_102": "板取川", "A31a_103": "21", "A31a_104": "岐阜県", "A31a_105": 2 }, "geometry": { "type": "Polygon", "coordinates": [ [ [ 136.913389428, 35.56527748 ], [ 136.913389428, 35.56522192 ], [ 136.913333868, 35.56522192 ], [ 136.913333868, 35.565166371 ], [ 136.913278317, 35.565166371 ], [ 136.913222757, 35.565166371 ], [ 136.913222757, 35.565221921 ], [ 136.913278317, 35.565221921 ], [ 136.913278317, 35.56527748 ], [ 136.913333868, 35.56527748 ], [ 136.913389428, 35.56527748 ] ] ] } },
{ "type": "Feature", "properties": { "A31a_101": "8505090098", "A31a_102": "板取川", "A31a_103": "21", "A31a_104": "岐阜県", "A31a_105": 2 }, "geometry": { "type": "Polygon", "coordinates": [ [ [ 136.913444978, 35.56533303 ], [ 136.913444978, 35.56527748 ], [ 136.913389428, 35.56527748 ], [ 136.913389428, 35.56533303 ], [ 136.913444978, 35.56533303 ] ] ] } },
{ "type": "Feature", "properties": { "A31a_101": "8505090098", "A31a_102": "板取川", "A31a_103": "21", "A31a_104": "岐阜県", "A31a_105": 2 }, "geometry": { "type": "Polygon", "coordinates": [ [ [ 136.913500539, 35.56538859 ], [ 136.913500539, 35.56533303 ], [ 136.913444978, 35.56533303 ], [ 136.913444978, 35.56538859 ], [ 136.913500539, 35.56538859 ] ] ] } },
{ "type": "Feature", "properties": { "A31a_101": "8505090098", "A31a_102": "板取川", "A31a_103": "21", "A31a_104": "岐阜県", "A31a_105": 2 }, "geometry": { "type": "Polygon", "coordinates": [ [ [ 136.91366721, 35.5654997 ], [ 136.91366721, 35.56544414 ], [ 136.913611649, 35.56544414 ], [ 136.913611649, 35.56538859 ], [ 136.913556099, 35.56538859 ], [ 136.913500539, 35.56538859 ], [ 136.913500539, 35.56544414 ], [ 136.913556099, 35.56544414 ], [ 136.913556099, 35.5654997 ], [ 136.913611649, 35.5654997 ], [ 136.91366721, 35.5654997 ] ] ] } },
{ "type": "Feature", "properties": { "A31a_101": "8505090098", "A31a_102": "板取川", "A31a_103": "21", "A31a_104": "岐阜県", "A31a_105": 2 }, "geometry": { "type": "Polygon", "coordinates": [ [ [ 136.91372276, 35.565555259 ], [ 136.91372276, 35.565499699 ], [ 136.91366721, 35.5654997 ], [ 136.91366721, 35.565555259 ], [ 136.91372276, 35.565555259 ] ] ] } },
{ "type": "Feature", "properties": { "A31a_101": "8505090098", "A31a_102": "板取川", "A31a_103": "21", "A31a_104": "岐阜県", "A31a_105": 2 }, "geometry": { "type": "Polygon", "coordinates": [ [ [ 136.91372276, 35.565666369 ], [ 136.91372276, 35.565610809 ], [ 136.91366721, 35.565610809 ], [ 136.91366721, 35.565666369 ], [ 136.91372276, 35.565666369 ] ] ] } },
{ "type": "Feature", "properties": { "A31a_101": "8505090098", "A31a_102": "板取川", "A31a_103": "21", "A31a_104": "岐阜県", "A31a_105": 2 }, "geometry": { "type": "Polygon", "coordinates": [ [ [ 136.913556099, 35.5654997 ], [ 136.913500539, 35.5654997 ], [ 136.913500539, 35.56544414 ], [ 136.913444979, 35.56544414 ], [ 136.913444978, 35.56538859 ], [ 136.913389428, 35.56538859 ], [ 136.913333868, 35.56538859 ], [ 136.913333868, 35.56533303 ], [ 136.913278318, 35.56533303 ], [ 136.913278317, 35.56527748 ], [ 136.913222757, 35.56527748 ], [ 136.913222757, 35.565221921 ], [ 136.913167207, 35.565221921 ], [ 136.913167207, 35.565166371 ], [ 136.913111646, 35.565166371 ], [ 136.913111646, 35.565110811 ], [ 136.913167207, 35.565110811 ], [ 136.913167207, 35.565055261 ], [ 136.913111646, 35.565055261 ], [ 136.913111646, 35.564999701 ], [ 136.913056096, 35.564999701 ], [ 136.913000536, 35.564999701 ], [ 136.913000536, 35.564944141 ], [ 136.912944975, 35.564944141 ], [ 136.912944975, 35.564888592 ], [ 136.912889425, 35.564888592 ], [ 136.912833865, 35.564888592 ], [ 136.912778314, 35.564888592 ], [ 136.912778315, 35.564944142 ], [ 136.912833865, 35.564944142 ], [ 136.912833865, 35.564999701 ], [ 136.912833865, 35.565055261 ], [ 136.912778315, 35.565055261 ], [ 136.912778315, 35.565110811 ], [ 136.912722755, 35.565110811 ], [ 136.912667204, 35.565110811 ], [ 136.912667204, 35.565166371 ], [ 136.912611644, 35.565166371 ], [ 136.912611644, 35.565221921 ], [ 136.912611644, 35.565277481 ], [ 136.912667205, 35.565277481 ], [ 136.912722755, 35.565277481 ], [ 136.912722755, 35.565333031 ], [ 136.912778315, 35.565333031 ], [ 136.912778315, 35.56538859 ], [ 136.912778315, 35.56544414 ], [ 136.912778315, 35.5654997 ], [ 136.912778316, 35.56555526 ], [ 136.912778316, 35.56561081 ], [ 136.912833866, 35.56561081 ], [ 136.912889426, 35.56561081 ], [ 136.912944976, 35.56561081 ], [ 136.913000537, 35.56561081 ], [ 136.913056097, 35.56561081 ], [ 136.913056097, 35.56555526 ], [ 136.913111647, 35.56555526 ], [ 136.913167207, 35.56555526 ], [ 136.913222758, 35.56555526 ], [ 136.913278318, 35.56555526 ], [ 136.913333868, 35.56555526 ], [ 136.913389428, 35.56555526 ], [ 136.913389429, 35.565610809 ], [ 136.913389429, 35.565666369 ], [ 136.913444979, 35.565666369 ], [ 136.913444979, 35.565610809 ], [ 136.913444979, 35.56555526 ], [ 136.913500539, 35.565555259 ], [ 136.913556099, 35.565555259 ], [ 136.913556099, 35.5654997 ] ] ] } },
{ "type": "Feature", "properties": { "A31a_101": "8505090098", "A31a_102": "板取川", "A31a_103": "21", "A31a_104": "岐阜県", "A31a_105": 2 }, "geometry": { "type": "Polygon", "coordinates": [ [ [ 136.913278318, 35.565666369 ], [ 136.913278318, 35.565610809 ], [ 136.913222758, 35.56561081 ], [ 136.913167207, 35.56561081 ], [ 136.913167208, 35.565666369 ], [ 136.913222758, 35.565666369 ], [ 136.913278318, 35.565666369 ] ] ] } },
{ "type": "Feature", "properties": { "A31a_101": "8505090098", "A31a_102": "板取川", "A31a_103": "21", "A31a_104": "岐阜県", "A31a_105": 2 }, "geometry": { "type": "Polygon", "coordinates": [ [ [ 136.913944981, 35.565721919 ], [ 136.913944981, 35.565666369 ], [ 136.913889431, 35.565666369 ], [ 136.913889431, 35.565610809 ], [ 136.913833871, 35.565610809 ], [ 136.913833871, 35.565555259 ], [ 136.91377832, 35.565555259 ], [ 136.91372276, 35.565555259 ], [ 136.91372276, 35.565610809 ], [ 136.91377832, 35.565610809 ], [ 136.91377832, 35.565666369 ], [ 136.913833871, 35.565666369 ], [ 136.913833871, 35.565721919 ], [ 136.913889431, 35.565721919 ], [ 136.913944981, 35.565721919 ] ] ] } },
{ "type": "Feature", "properties": { "A31a_101": "8505090098", "A31a_102": "板取川", "A31a_103": "21", "A31a_104": "岐阜県", "A31a_105": 2 }, "geometry": { "type": "Polygon", "coordinates": [ [ [ 136.91377832, 35.565666369 ], [ 136.91372276, 35.565666369 ], [ 136.91372276, 35.565721919 ], [ 136.913778321, 35.565721919 ], [ 136.91377832, 35.565666369 ] ] ] } },
{ "type": "Feature", "properties": { "A31a_101": "8505090098", "A31a_102": "板取川", "A31a_103": "21", "A31a_104": "岐阜県", "A31a_105": 2 }, "geometry": { "type": "Polygon", "coordinates": [ [ [ 136.914000542, 35.565777479 ], [ 136.914000542, 35.565721919 ], [ 136.913944981, 35.565721919 ], [ 136.913944981, 35.565777479 ], [ 136.914000542, 35.565777479 ] ] ] } },
{ "type": "Feature", "properties": { "A31a_101": "8505090098", "A31a_102": "板取川", "A31a_103": "21", "A31a_104": "岐阜県", "A31a_105": 2 }, "geometry": { "type": "Polygon", "coordinates": [ [ [ 136.913000537, 35.565777479 ], [ 136.913000537, 35.565721919 ], [ 136.912944977, 35.565721919 ], [ 136.912944977, 35.565777479 ], [ 136.913000537, 35.565777479 ] ] ] } },
{ "type": "Feature", "properties": { "A31a_101": "8505090098", "A31a_102": "板取川", "A31a_103": "21", "A31a_104": "岐阜県", "A31a_105": 2 }, "geometry": { "type": "Polygon", "coordinates": [ [ [ 136.914056102, 35.565833028 ], [ 136.914056102, 35.565777479 ], [ 136.914000542, 35.565777479 ], [ 136.914000542, 35.565833028 ], [ 136.914056102, 35.565833028 ] ] ] } },
{ "type": "Feature", "properties": { "A31a_101": "8505090098", "A31a_102": "板取川", "A31a_103": "21", "A31a_104": "岐阜県", "A31a_105": 2 }, "geometry": { "type": "Polygon", "coordinates": [ [ [ 136.914111652, 35.565888588 ], [ 136.914111652, 35.565833028 ], [ 136.914056102, 35.565833028 ], [ 136.914056102, 35.565888588 ], [ 136.914111652, 35.565888588 ] ] ] } },
{ "type": "Feature", "properties": { "A31a_101": "8505090098", "A31a_102": "板取川", "A31a_103": "21", "A31a_104": "岐阜県", "A31a_105": 2 }, "geometry": { "type": "Polygon", "coordinates": [ [ [ 136.91538944, 35.566944135 ], [ 136.91538944, 35.566888585 ], [ 136.91533388, 35.566888585 ], [ 136.91533388, 35.566944135 ], [ 136.91538944, 35.566944135 ] ] ] } },
{ "type": "Feature", "properties": { "A31a_101": "8505090098", "A31a_102": "板取川", "A31a_103": "21", "A31a_104": "岐阜県", "A31a_105": 2 }, "geometry": { "type": "Polygon", "coordinates": [ [ [ 136.91544499, 35.566999694 ], [ 136.91544499, 35.566944135 ], [ 136.91538944, 35.566944135 ], [ 136.91538944, 35.566999694 ], [ 136.91544499, 35.566999694 ] ] ] } },
{ "type": "Feature", "properties": { "A31a_101": "8505090098", "A31a_102": "板取川", "A31a_103": "21", "A31a_104": "岐阜県", "A31a_105": 2 }, "geometry": { "type": "Polygon", "coordinates": [ [ [ 136.915500551, 35.567055254 ], [ 136.915500551, 35.566999694 ], [ 136.91544499, 35.566999694 ], [ 136.91544499, 35.567055254 ], [ 136.915500551, 35.567055254 ] ] ] } },
{ "type": "Feature", "properties": { "A31a_101": "8505090098", "A31a_102": "板取川", "A31a_103": "21", "A31a_104": "岐阜県", "A31a_105": 2 }, "geometry": { "type": "Polygon", "coordinates": [ [ [ 136.91533388, 35.567055254 ], [ 136.91533388, 35.566999694 ], [ 136.915278329, 35.566999695 ], [ 136.91527833, 35.567055254 ], [ 136.91533388, 35.567055254 ] ] ] } },
{ "type": "Feature", "properties": { "A31a_101": "8505090098", "A31a_102": "板取川", "A31a_103": "21", "A31a_104": "岐阜県", "A31a_105": 2 }, "geometry": { "type": "Polygon", "coordinates": [ [ [ 136.91538944, 35.567110804 ], [ 136.91538944, 35.567055254 ], [ 136.91533388, 35.567055254 ], [ 136.91533388, 35.567110804 ], [ 136.91538944, 35.567110804 ] ] ] } },
{ "type": "Feature", "properties": { "A31a_101": "8505090098", "A31a_102": "板取川", "A31a_103": "21", "A31a_104": "岐阜県", "A31a_105": 2 }, "geometry": { "type": "Polygon", "coordinates": [ [ [ 136.91544499, 35.567166364 ], [ 136.91544499, 35.567110804 ], [ 136.91538944, 35.567110804 ], [ 136.91538944, 35.567166364 ], [ 136.91544499, 35.567166364 ] ] ] } },
{ "type": "Feature", "properties": { "A31a_101": "8505090098", "A31a_102": "板取川", "A31a_103": "21", "A31a_104": "岐阜県", "A31a_105": 2 }, "geometry": { "type": "Polygon", "coordinates": [ [ [ 136.915667222, 35.567221914 ], [ 136.915667222, 35.567166364 ], [ 136.915611661, 35.567166364 ], [ 136.915611661, 35.567110804 ], [ 136.915556111, 35.567110804 ], [ 136.915556111, 35.567055254 ], [ 136.915500551, 35.567055254 ], [ 136.915500551, 35.567110804 ], [ 136.915500551, 35.567166364 ], [ 136.915556111, 35.567166364 ], [ 136.915556111, 35.567221914 ], [ 136.915611661, 35.567221914 ], [ 136.915667222, 35.567221914 ] ] ] } },
{ "type": "Feature", "properties": { "A31a_101": "8505090098", "A31a_102": "板取川", "A31a_103": "21", "A31a_104": "岐阜県", "A31a_105": 2 }, "geometry": { "type": "Polygon", "coordinates": [ [ [ 136.915500551, 35.567221914 ], [ 136.915500551, 35.567166364 ], [ 136.91544499, 35.567166364 ], [ 136.915444991, 35.567221914 ], [ 136.915500551, 35.567221914 ] ] ] } },
{ "type": "Feature", "properties": { "A31a_101": "8505090098", "A31a_102": "板取川", "A31a_103": "21", "A31a_104": "岐阜県", "A31a_105": 2 }, "geometry": { "type": "Polygon", "coordinates": [ [ [ 136.915722772, 35.567277473 ], [ 136.915722772, 35.567221914 ], [ 136.915667222, 35.567221914 ], [ 136.915667222, 35.567277474 ], [ 136.915722772, 35.567277473 ] ] ] } },
{ "type": "Feature", "properties": { "A31a_101": "8505090098", "A31a_102": "板取川", "A31a_103": "21", "A31a_104": "岐阜県", "A31a_105": 2 }, "geometry": { "type": "Polygon", "coordinates": [ [ [ 136.915556111, 35.567277474 ], [ 136.915556111, 35.567221914 ], [ 136.915500551, 35.567221914 ], [ 136.915500551, 35.567277474 ], [ 136.915556111, 35.567277474 ] ] ] } },
{ "type": "Feature", "properties": { "A31a_101": "8505090098", "A31a_102": "板取川", "A31a_103": "21", "A31a_104": "岐阜県", "A31a_105": 2 }, "geometry": { "type": "Polygon", "coordinates": [ [ [ 136.915778332, 35.567333023 ], [ 136.915778332, 35.567277473 ], [ 136.915722772, 35.567277473 ], [ 136.915722772, 35.567333023 ], [ 136.915778332, 35.567333023 ] ] ] } },
{ "type": "Feature", "properties": { "A31a_101": "8505090098", "A31a_102": "板取川", "A31a_103": "21", "A31a_104": "岐阜県", "A31a_105": 2 }, "geometry": { "type": "Polygon", "coordinates": [ [ [ 136.915611661, 35.567333023 ], [ 136.915611661, 35.567277474 ], [ 136.915556111, 35.567277474 ], [ 136.915556111, 35.567333023 ], [ 136.915611661, 35.567333023 ] ] ] } },
{ "type": "Feature", "properties": { "A31a_101": "8505090098", "A31a_102": "板取川", "A31a_103": "21", "A31a_104": "岐阜県", "A31a_105": 2 }, "geometry": { "type": "Polygon", "coordinates": [ [ [ 136.915833883, 35.567388583 ], [ 136.915833882, 35.567333023 ], [ 136.915778332, 35.567333023 ], [ 136.915778332, 35.567388583 ], [ 136.915833883, 35.567388583 ] ] ] } },
{ "type": "Feature", "properties": { "A31a_101": "8505090098", "A31a_102": "板取川", "A31a_103": "21", "A31a_104": "岐阜県", "A31a_105": 2 }, "geometry": { "type": "Polygon", "coordinates": [ [ [ 136.915667222, 35.567388583 ], [ 136.915667222, 35.567333023 ], [ 136.915611661, 35.567333023 ], [ 136.915611662, 35.567388583 ], [ 136.915667222, 35.567388583 ] ] ] } },
{ "type": "Feature", "properties": { "A31a_101": "8505090098", "A31a_102": "板取川", "A31a_103": "21", "A31a_104": "岐阜県", "A31a_105": 2 }, "geometry": { "type": "Polygon", "coordinates": [ [ [ 136.915833883, 35.567388583 ], [ 136.915833883, 35.567444133 ], [ 136.915889443, 35.567444133 ], [ 136.915889443, 35.567388583 ], [ 136.915833883, 35.567388583 ] ] ] } },
{ "type": "Feature", "properties": { "A31a_101": "8505090098", "A31a_102": "板取川", "A31a_103": "21", "A31a_104": "岐阜県", "A31a_105": 2 }, "geometry": { "type": "Polygon", "coordinates": [ [ [ 136.916111664, 35.567666362 ], [ 136.916111664, 35.567721912 ], [ 136.916167225, 35.567721912 ], [ 136.916167224, 35.567666362 ], [ 136.916111664, 35.567666362 ] ] ] } },
{ "type": "Feature", "properties": { "A31a_101": "8505090098", "A31a_102": "板取川", "A31a_103": "21", "A31a_104": "岐阜県", "A31a_105": 2 }, "geometry": { "type": "Polygon", "coordinates": [ [ [ 136.915056109, 35.567721913 ], [ 136.915000549, 35.567721913 ], [ 136.915000549, 35.567666363 ], [ 136.915000549, 35.567610803 ], [ 136.914944989, 35.567610803 ], [ 136.914944989, 35.567555253 ], [ 136.914889438, 35.567555253 ], [ 136.914889438, 35.567499693 ], [ 136.914889438, 35.567444134 ], [ 136.914833878, 35.567444134 ], [ 136.914833878, 35.567388584 ], [ 136.914833878, 35.567333024 ], [ 136.914778328, 35.567333024 ], [ 136.914778328, 35.567277474 ], [ 136.914833878, 35.567277474 ], [ 136.914833878, 35.567333024 ], [ 136.914889438, 35.567333024 ], [ 136.914889438, 35.567388584 ], [ 136.914889438, 35.567444134 ], [ 136.914944989, 35.567444134 ], [ 136.914944989, 35.567499693 ], [ 136.914944989, 35.567555253 ], [ 136.915000549, 35.567555253 ], [ 136.915000549, 35.567610803 ], [ 136.915056109, 35.567610803 ], [ 136.915056109, 35.567666363 ], [ 136.915056109, 35.567721913 ], [ 136.91511166, 35.567721913 ], [ 136.91516722, 35.567721913 ], [ 136.91516722, 35.567666363 ], [ 136.91522277, 35.567666363 ], [ 136.91527833, 35.567666363 ], [ 136.915333881, 35.567666363 ], [ 136.915333881, 35.567610803 ], [ 136.915389441, 35.567610803 ], [ 136.915444991, 35.567610803 ], [ 136.915500551, 35.567610803 ], [ 136.915556112, 35.567610803 ], [ 136.915556111, 35.567555253 ], [ 136.915611662, 35.567555253 ], [ 136.915667222, 35.567555253 ], [ 136.915722772, 35.567555253 ], [ 136.915722772, 35.567499693 ], [ 136.915667222, 35.567499693 ], [ 136.915667222, 35.567444133 ], [ 136.915611662, 35.567444133 ], [ 136.915611662, 35.567388583 ], [ 136.915556111, 35.567388583 ], [ 136.915556111, 35.567333023 ], [ 136.915500551, 35.567333023 ], [ 136.915500551, 35.567277474 ], [ 136.915444991, 35.567277474 ], [ 136.915444991, 35.567221914 ], [ 136.91538944, 35.567221914 ], [ 136.91538944, 35.567166364 ], [ 136.91533388, 35.567166364 ], [ 136.91533388, 35.567110804 ], [ 136.91527833, 35.567110804 ], [ 136.91527833, 35.567055254 ], [ 136.915222769, 35.567055254 ], [ 136.915222769, 35.566999695 ], [ 136.915278329, 35.566999695 ], [ 136.915278329, 35.566944135 ], [ 136.915222769, 35.566944135 ], [ 136.915222769, 35.566888585 ], [ 136.915167219, 35.566888585 ], [ 136.915111659, 35.566888585 ], [ 136.915056108, 35.566888585 ], [ 136.915000548, 35.566888585 ], [ 136.915000548, 35.566833025 ], [ 136.915000548, 35.566777475 ], [ 136.915000548, 35.566721915 ], [ 136.915000548, 35.566666366 ], [ 136.914944988, 35.566666366 ], [ 136.914889437, 35.566666366 ], [ 136.914889437, 35.566610806 ], [ 136.914889437, 35.566555256 ], [ 136.914833877, 35.566555256 ], [ 136.914833877, 35.566499696 ], [ 136.914778326, 35.566499696 ], [ 136.914722766, 35.566499696 ], [ 136.914722766, 35.566444136 ], [ 136.914667216, 35.566444136 ], [ 136.914667216, 35.566388587 ], [ 136.914611656, 35.566388587 ], [ 136.914611655, 35.566333027 ], [ 136.914611655, 35.566277477 ], [ 136.914556105, 35.566277477 ], [ 136.914500545, 35.566277477 ], [ 136.914500545, 35.566221917 ], [ 136.914444984, 35.566221917 ], [ 136.914444984, 35.566166367 ], [ 136.914389434, 35.566166367 ], [ 136.914389434, 35.566110807 ], [ 136.914333874, 35.566110807 ], [ 136.914333874, 35.566055258 ], [ 136.914278323, 35.566055258 ], [ 136.914278323, 35.565999698 ], [ 136.914222763, 35.565999698 ], [ 136.914167213, 35.565999698 ], [ 136.914167213, 35.565944138 ], [ 136.914167213, 35.565888588 ], [ 136.914111652, 35.565888588 ], [ 136.914111652, 35.565944138 ], [ 136.914056102, 35.565944138 ], [ 136.914056102, 35.565999698 ], [ 136.914056102, 35.566055258 ], [ 136.914111653, 35.566055258 ], [ 136.914111653, 35.566110808 ], [ 136.914167213, 35.566110808 ], [ 136.914222763, 35.566110808 ], [ 136.914278324, 35.566110807 ], [ 136.914278324, 35.566166367 ], [ 136.914333874, 35.566166367 ], [ 136.914333874, 35.566221917 ], [ 136.914278324, 35.566221917 ], [ 136.914222763, 35.566221917 ], [ 136.914222764, 35.566277477 ], [ 136.914167213, 35.566277477 ], [ 136.914167213, 35.566333027 ], [ 136.914167213, 35.566388587 ], [ 136.914222764, 35.566388587 ], [ 136.914222764, 35.566444137 ], [ 136.914278324, 35.566444137 ], [ 136.914333874, 35.566444137 ], [ 136.914389435, 35.566444137 ], [ 136.914389435, 35.566499696 ], [ 136.914389435, 35.566555256 ], [ 136.914389435, 35.566610806 ], [ 136.914333875, 35.566610806 ], [ 136.914278324, 35.566610806 ], [ 136.914278324, 35.566666366 ], [ 136.914278324, 35.566721916 ], [ 136.914222764, 35.566721916 ], [ 136.914167214, 35.566721916 ], [ 136.914167214, 35.566777476 ], [ 136.914222764, 35.566777476 ], [ 136.914222764, 35.566833026 ], [ 136.914222764, 35.566888585 ], [ 136.914278325, 35.566888585 ], [ 136.914278325, 35.566944135 ], [ 136.914278325, 35.566999695 ], [ 136.914333875, 35.566999695 ], [ 136.914333875, 35.567055255 ], [ 136.914278325, 35.567055255 ], [ 136.914278325, 35.567110805 ], [ 136.914278325, 35.567166365 ], [ 136.914278325, 35.567221915 ], [ 136.914333875, 35.567221915 ], [ 136.914333875, 35.567277474 ], [ 136.914333876, 35.567333024 ], [ 136.914389436, 35.567333024 ], [ 136.914444986, 35.567333024 ], [ 136.914444986, 35.567388584 ], [ 136.914444986, 35.567444134 ], [ 136.914444986, 35.567499694 ], [ 136.914500547, 35.567499694 ], [ 136.914500546, 35.567444134 ], [ 136.914556107, 35.567444134 ], [ 136.914611657, 35.567444134 ], [ 136.914667217, 35.567444134 ], [ 136.914667217, 35.567388584 ], [ 136.914722767, 35.567388584 ], [ 136.914722767, 35.567444134 ], [ 136.914778328, 35.567444134 ], [ 136.914778328, 35.567499694 ], [ 136.914722768, 35.567499694 ], [ 136.914722768, 35.567555253 ], [ 136.914667217, 35.567555253 ], [ 136.914611657, 35.567555253 ], [ 136.914556107, 35.567555254 ], [ 136.914556107, 35.567610803 ], [ 136.914500547, 35.567610803 ], [ 136.914500547, 35.567666363 ], [ 136.914500547, 35.567721913 ], [ 136.914556107, 35.567721913 ], [ 136.914556107, 35.567777473 ], [ 136.914556107, 35.567833023 ], [ 136.914611657, 35.567833023 ], [ 136.914611658, 35.567888583 ], [ 136.914611658, 35.567944132 ], [ 136.914667218, 35.567944132 ], [ 136.914722768, 35.567944132 ], [ 136.914778328, 35.567944132 ], [ 136.914778328, 35.567888583 ], [ 136.914833879, 35.567888582 ], [ 136.914833878, 35.567833023 ], [ 136.914889439, 35.567833023 ], [ 136.914889439, 35.567777473 ], [ 136.914944989, 35.567777473 ], [ 136.915000549, 35.567777473 ], [ 136.915056109, 35.567777473 ], [ 136.915056109, 35.567721913 ] ], [ [ 136.914667218, 35.567721913 ], [ 136.914611657, 35.567721913 ], [ 136.914611657, 35.567666363 ], [ 136.914667217, 35.567666363 ], [ 136.914667218, 35.567721913 ] ], [ [ 136.914722768, 35.567833023 ], [ 136.914667218, 35.567833023 ], [ 136.914667218, 35.567777473 ], [ 136.914722768, 35.567777473 ], [ 136.914722768, 35.567833023 ] ], [ [ 136.914722767, 35.567166364 ], [ 136.914667217, 35.567166364 ], [ 136.914667217, 35.567110805 ], [ 136.914722767, 35.567110805 ], [ 136.914722767, 35.567166364 ], [ 136.914778327, 35.567166364 ], [ 136.914778327, 35.567221914 ], [ 136.914722767, 35.567221914 ], [ 136.914722767, 35.567166364 ] ], [ [ 136.914389435, 35.566944135 ], [ 136.914444986, 35.566944135 ], [ 136.914444986, 35.566999695 ], [ 136.914389435, 35.566999695 ], [ 136.914389435, 35.566944135 ] ], [ [ 136.914500546, 35.566833025 ], [ 136.914556106, 35.566833025 ], [ 136.914556106, 35.566888585 ], [ 136.914500546, 35.566888585 ], [ 136.914500546, 35.566833025 ] ] ] } },
{ "type": "Feature", "properties": { "A31a_101": "8505090098", "A31a_102": "板取川", "A31a_103": "21", "A31a_104": "岐阜県", "A31a_105": 2 }, "geometry": { "type": "Polygon", "coordinates": [ [ [ 136.914944989, 35.568055252 ], [ 136.914944989, 35.567999692 ], [ 136.914889439, 35.567999692 ], [ 136.914889439, 35.568055252 ], [ 136.914944989, 35.568055252 ] ] ] } },
{ "type": "Feature", "properties": { "A31a_101": "8505090098", "A31a_102": "板取川", "A31a_103": "21", "A31a_104": "岐阜県", "A31a_105": 2 }, "geometry": { "type": "Polygon", "coordinates": [ [ [ 136.916333886, 35.567999691 ], [ 136.916333886, 35.568055251 ], [ 136.916333886, 35.568110801 ], [ 136.916389446, 35.568110801 ], [ 136.916389446, 35.568055251 ], [ 136.916389446, 35.567999691 ], [ 136.916333886, 35.567999691 ] ] ] } },
{ "type": "Feature", "properties": { "A31a_101": "8505090098", "A31a_102": "板取川", "A31a_103": "21", "A31a_104": "岐阜県", "A31a_105": 2 }, "geometry": { "type": "Polygon", "coordinates": [ [ [ 136.916278336, 35.56844413 ], [ 136.916333886, 35.56844413 ], [ 136.916333886, 35.56849969 ], [ 136.916333886, 35.56855525 ], [ 136.916389447, 35.56855525 ], [ 136.916389447, 35.56849969 ], [ 136.916389446, 35.56844413 ], [ 136.916389446, 35.56838858 ], [ 136.916389446, 35.56833302 ], [ 136.916389446, 35.568277471 ], [ 136.916389446, 35.568221911 ], [ 136.916333886, 35.568221911 ], [ 136.916333886, 35.568277471 ], [ 136.916333886, 35.56833302 ], [ 136.916333886, 35.56838858 ], [ 136.916278336, 35.56838858 ], [ 136.916278336, 35.56844413 ] ] ] } },
{ "type": "Feature", "properties": { "A31a_101": "8505090098", "A31a_102": "板取川", "A31a_103": "21", "A31a_104": "岐阜県", "A31a_105": 2 }, "geometry": { "type": "Polygon", "coordinates": [ [ [ 136.91488944, 35.56877747 ], [ 136.91488944, 35.56872191 ], [ 136.91483388, 35.56872191 ], [ 136.91483388, 35.56877747 ], [ 136.91488944, 35.56877747 ] ] ] } },
{ "type": "Feature", "properties": { "A31a_101": "8505090098", "A31a_102": "板取川", "A31a_103": "21", "A31a_104": "岐阜県", "A31a_105": 2 }, "geometry": { "type": "Polygon", "coordinates": [ [ [ 136.91494499, 35.56883302 ], [ 136.91494499, 35.56877747 ], [ 136.91488944, 35.56877747 ], [ 136.91488944, 35.56883302 ], [ 136.91494499, 35.56883302 ] ] ] } },
{ "type": "Feature", "properties": { "A31a_101": "8505090098", "A31a_102": "板取川", "A31a_103": "21", "A31a_104": "岐阜県", "A31a_105": 2 }, "geometry": { "type": "Polygon", "coordinates": [ [ [ 136.907611632, 35.568888582 ], [ 136.907667192, 35.568888582 ], [ 136.907722742, 35.568888582 ], [ 136.907778302, 35.568888582 ], [ 136.907778302, 35.568833022 ], [ 136.907778302, 35.568777472 ], [ 136.907722742, 35.568777472 ], [ 136.907722742, 35.568721913 ], [ 136.907667192, 35.568721913 ], [ 136.907667192, 35.568666363 ], [ 136.907611631, 35.568666363 ], [ 136.907556081, 35.568666363 ], [ 136.907556081, 35.568721913 ], [ 136.907556081, 35.568777472 ], [ 136.907556081, 35.568833022 ], [ 136.907611632, 35.568833022 ], [ 136.907611632, 35.568888582 ] ] ] } },
{ "type": "Feature", "properties": { "A31a_101": "8505090098", "A31a_102": "板取川", "A31a_103": "21", "A31a_104": "岐阜県", "A31a_105": 2 }, "geometry": { "type": "Polygon", "coordinates": [ [ [ 136.914611659, 35.56894413 ], [ 136.914611659, 35.56888858 ], [ 136.914556109, 35.56888858 ], [ 136.914556109, 35.56894413 ], [ 136.914611659, 35.56894413 ] ] ] } },
{ "type": "Feature", "properties": { "A31a_101": "8505090098", "A31a_102": "板取川", "A31a_103": "21", "A31a_104": "岐阜県", "A31a_105": 2 }, "geometry": { "type": "Polygon", "coordinates": [ [ [ 136.908056083, 35.568944132 ], [ 136.908056083, 35.568888582 ], [ 136.908000523, 35.568888582 ], [ 136.907944963, 35.568888582 ], [ 136.907944963, 35.568944132 ], [ 136.908000523, 35.568944132 ], [ 136.908056083, 35.568944132 ] ] ] } },
{ "type": "Feature", "properties": { "A31a_101": "8505090098", "A31a_102": "板取川", "A31a_103": "21", "A31a_104": "岐阜県", "A31a_105": 2 }, "geometry": { "type": "Polygon", "coordinates": [ [ [ 136.907611632, 35.568944132 ], [ 136.907611632, 35.568888582 ], [ 136.907556081, 35.568888582 ], [ 136.907556082, 35.568944132 ], [ 136.907611632, 35.568944132 ] ] ] } },
{ "type": "Feature", "properties": { "A31a_101": "8505090098", "A31a_102": "板取川", "A31a_103": "21", "A31a_104": "岐阜県", "A31a_105": 2 }, "geometry": { "type": "Polygon", "coordinates": [ [ [ 136.91494499, 35.56883302 ], [ 136.91494499, 35.56888858 ], [ 136.91488944, 35.56888858 ], [ 136.91483388, 35.56888858 ], [ 136.91483388, 35.56894413 ], [ 136.91483388, 35.56899969 ], [ 136.91488944, 35.56899969 ], [ 136.91494499, 35.56899969 ], [ 136.915000551, 35.568999689 ], [ 136.915000551, 35.56894413 ], [ 136.915000551, 35.56888858 ], [ 136.915000551, 35.56883302 ], [ 136.91494499, 35.56883302 ] ] ] } },
{ "type": "Feature", "properties": { "A31a_101": "8505090098", "A31a_102": "板取川", "A31a_103": "21", "A31a_104": "岐阜県", "A31a_105": 2 }, "geometry": { "type": "Polygon", "coordinates": [ [ [ 136.907778302, 35.568999692 ], [ 136.907833853, 35.568999692 ], [ 136.907833853, 35.568944132 ], [ 136.907778302, 35.568944132 ], [ 136.907778302, 35.568999692 ] ] ] } },
{ "type": "Feature", "properties": { "A31a_101": "8505090098", "A31a_102": "板取川", "A31a_103": "21", "A31a_104": "岐阜県", "A31a_105": 2 }, "geometry": { "type": "Polygon", "coordinates": [ [ [ 136.907889413, 35.569055252 ], [ 136.907944963, 35.569055252 ], [ 136.907944963, 35.568999692 ], [ 136.907889413, 35.568999692 ], [ 136.907889413, 35.569055252 ] ] ] } },
{ "type": "Feature", "properties": { "A31a_101": "8505090098", "A31a_102": "板取川", "A31a_103": "21", "A31a_104": "岐阜県", "A31a_105": 2 }, "geometry": { "type": "Polygon", "coordinates": [ [ [ 136.908333855, 35.569166361 ], [ 136.908333855, 35.569110801 ], [ 136.908278304, 35.569110801 ], [ 136.908278304, 35.569166361 ], [ 136.908333855, 35.569166361 ] ] ] } },
{ "type": "Feature", "properties": { "A31a_101": "8505090098", "A31a_102": "板取川", "A31a_103": "21", "A31a_104": "岐阜県", "A31a_105": 2 }, "geometry": { "type": "Polygon", "coordinates": [ [ [ 136.908222744, 35.569277471 ], [ 136.908278305, 35.569277471 ], [ 136.908333855, 35.569277471 ], [ 136.908333855, 35.569221911 ], [ 136.908278305, 35.569221911 ], [ 136.908222744, 35.569221911 ], [ 136.908222744, 35.569277471 ] ] ] } },
{ "type": "Feature", "properties": { "A31a_101": "8505090098", "A31a_102": "板取川", "A31a_103": "21", "A31a_104": "岐阜県", "A31a_105": 2 }, "geometry": { "type": "Polygon", "coordinates": [ [ [ 136.915667224, 35.569221909 ], [ 136.915667224, 35.569277468 ], [ 136.915611664, 35.569277468 ], [ 136.915556114, 35.569277468 ], [ 136.915500553, 35.569277468 ], [ 136.915500553, 35.569333018 ], [ 136.915556114, 35.569333018 ], [ 136.915611664, 35.569333018 ], [ 136.915667224, 35.569333018 ], [ 136.915722774, 35.569333018 ], [ 136.915778335, 35.569333018 ], [ 136.915833885, 35.569333018 ], [ 136.915889445, 35.569333018 ], [ 136.915944995, 35.569333018 ], [ 136.916000556, 35.569333018 ], [ 136.916056116, 35.569333018 ], [ 136.916111666, 35.569333018 ], [ 136.916167227, 35.569333018 ], [ 136.916167226, 35.569277468 ], [ 136.916222777, 35.569277468 ], [ 136.916222777, 35.569221908 ], [ 136.916278337, 35.569221908 ], [ 136.916333887, 35.569221908 ], [ 136.916333887, 35.569166358 ], [ 136.916333887, 35.569110798 ], [ 136.916389447, 35.569110798 ], [ 136.916389447, 35.569055249 ], [ 136.916389447, 35.568999689 ], [ 136.916389447, 35.568944129 ], [ 136.916389447, 35.568888579 ], [ 136.916389447, 35.568833019 ], [ 136.916333887, 35.568833019 ], [ 136.916333887, 35.568888579 ], [ 136.916333887, 35.568944129 ], [ 136.916333887, 35.568999689 ], [ 136.916333887, 35.569055249 ], [ 136.916278337, 35.569055249 ], [ 136.916278337, 35.568999689 ], [ 136.916278337, 35.568944129 ], [ 136.916222776, 35.568944129 ], [ 136.916222776, 35.568999689 ], [ 136.916222776, 35.569055249 ], [ 136.916167226, 35.569055249 ], [ 136.916167226, 35.569110798 ], [ 136.916111666, 35.569110799 ], [ 136.916056116, 35.569110799 ], [ 136.916056116, 35.569166358 ], [ 136.916000556, 35.569166358 ], [ 136.916000556, 35.569221908 ], [ 136.915944995, 35.569221908 ], [ 136.915889445, 35.569221908 ], [ 136.915833885, 35.569221908 ], [ 136.915778335, 35.569221908 ], [ 136.915722774, 35.569221908 ], [ 136.915667224, 35.569221909 ] ], [ [ 136.916111666, 35.569277468 ], [ 136.916056116, 35.569277468 ], [ 136.916056116, 35.569221908 ], [ 136.916111666, 35.569221908 ], [ 136.916111666, 35.569277468 ] ] ] } },
{ "type": "Feature", "properties": { "A31a_101": "8505090098", "A31a_102": "板取川", "A31a_103": "21", "A31a_104": "岐阜県", "A31a_105": 2 }, "geometry": { "type": "Polygon", "coordinates": [ [ [ 136.908222744, 35.569333021 ], [ 136.908222744, 35.569277471 ], [ 136.908167194, 35.569277471 ], [ 136.908111634, 35.569277471 ], [ 136.908111634, 35.569221911 ], [ 136.908056084, 35.569221911 ], [ 136.908056084, 35.569166361 ], [ 136.908000523, 35.569166361 ], [ 136.907944963, 35.569166361 ], [ 136.907944963, 35.569110801 ], [ 136.907889413, 35.569110801 ], [ 136.907889413, 35.569055252 ], [ 136.907833853, 35.569055252 ], [ 136.907778303, 35.569055252 ], [ 136.907778302, 35.568999692 ], [ 136.907722742, 35.568999692 ], [ 136.907667192, 35.568999692 ], [ 136.907667192, 35.568944132 ], [ 136.907611632, 35.568944132 ], [ 136.907611632, 35.568999692 ], [ 136.907556082, 35.568999692 ], [ 136.907556082, 35.569055252 ], [ 136.907556082, 35.569110801 ], [ 136.907556082, 35.569166361 ], [ 136.907611632, 35.569166361 ], [ 136.907611632, 35.569221911 ], [ 136.907611632, 35.569277471 ], [ 136.907667192, 35.569277471 ], [ 136.907667192, 35.569221911 ], [ 136.907722743, 35.569221911 ], [ 136.907778303, 35.569221911 ], [ 136.907778303, 35.569277471 ], [ 136.907833853, 35.569277471 ], [ 136.907889413, 35.569277471 ], [ 136.907944963, 35.569277471 ], [ 136.908000524, 35.569277471 ], [ 136.908000524, 35.569333021 ], [ 136.908056084, 35.569333021 ], [ 136.908111634, 35.569333021 ], [ 136.908167194, 35.569333021 ], [ 136.908222744, 35.569333021 ] ], [ [ 136.907667192, 35.569055252 ], [ 136.907722742, 35.569055252 ], [ 136.907722742, 35.569110801 ], [ 136.907667192, 35.569110801 ], [ 136.907667192, 35.569055252 ] ] ] } },
{ "type": "Feature", "properties": { "A31a_101": "8505090098", "A31a_102": "板取川", "A31a_103": "21", "A31a_104": "岐阜県", "A31a_105": 2 }, "geometry": { "type": "Polygon", "coordinates": [ [ [ 136.915000551, 35.569388578 ], [ 136.915000551, 35.569333019 ], [ 136.914944991, 35.569333019 ], [ 136.914944991, 35.569388579 ], [ 136.915000551, 35.569388578 ] ] ] } },
{ "type": "Feature", "properties": { "A31a_101": "8505090098", "A31a_102": "板取川", "A31a_103": "21", "A31a_104": "岐阜県", "A31a_105": 2 }, "geometry": { "type": "Polygon", "coordinates": [ [ [ 136.908611636, 35.569388581 ], [ 136.908611636, 35.569333021 ], [ 136.908556086, 35.569333021 ], [ 136.908500525, 35.569333021 ], [ 136.908500526, 35.569388581 ], [ 136.908556086, 35.569388581 ], [ 136.908611636, 35.569388581 ] ] ] } },
{ "type": "Feature", "properties": { "A31a_101": "8505090098", "A31a_102": "板取川", "A31a_103": "21", "A31a_104": "岐阜県", "A31a_105": 2 }, "geometry": { "type": "Polygon", "coordinates": [ [ [ 136.908222744, 35.569333021 ], [ 136.908222745, 35.569388581 ], [ 136.908278305, 35.569388581 ], [ 136.908278305, 35.569333021 ], [ 136.908222744, 35.569333021 ] ] ] } },
{ "type": "Feature", "properties": { "A31a_101": "8505090098", "A31a_102": "板取川", "A31a_103": "21", "A31a_104": "岐阜県", "A31a_105": 2 }, "geometry": { "type": "Polygon", "coordinates": [ [ [ 136.907778303, 35.569388581 ], [ 136.907778303, 35.569333021 ], [ 136.907722743, 35.569333021 ], [ 136.907722743, 35.569388581 ], [ 136.907778303, 35.569388581 ] ] ] } },
{ "type": "Feature", "properties": { "A31a_101": "8505090098", "A31a_102": "板取川", "A31a_103": "21", "A31a_104": "岐阜県", "A31a_105": 2 }, "geometry": { "type": "Polygon", "coordinates": [ [ [ 136.908722746, 35.56944413 ], [ 136.908722746, 35.569388581 ], [ 136.908667196, 35.569388581 ], [ 136.908667196, 35.56944413 ], [ 136.908722746, 35.56944413 ] ] ] } },
{ "type": "Feature", "properties": { "A31a_101": "8505090098", "A31a_102": "板取川", "A31a_103": "21", "A31a_104": "岐阜県", "A31a_105": 2 }, "geometry": { "type": "Polygon", "coordinates": [ [ [ 136.908000524, 35.56944413 ], [ 136.908056084, 35.56944413 ], [ 136.908056084, 35.569388581 ], [ 136.908000524, 35.569388581 ], [ 136.908000524, 35.56944413 ] ] ] } },
{ "type": "Feature", "properties": { "A31a_101": "8505090098", "A31a_102": "板取川", "A31a_103": "21", "A31a_104": "岐阜県", "A31a_105": 2 }, "geometry": { "type": "Polygon", "coordinates": [ [ [ 136.907889413, 35.56944413 ], [ 136.907889413, 35.569388581 ], [ 136.907833853, 35.569388581 ], [ 136.907778303, 35.569388581 ], [ 136.907778303, 35.569444131 ], [ 136.907833853, 35.569444131 ], [ 136.907889413, 35.56944413 ] ] ] } },
{ "type": "Feature", "properties": { "A31a_101": "8505090098", "A31a_102": "板取川", "A31a_103": "21", "A31a_104": "岐阜県", "A31a_105": 2 }, "geometry": { "type": "Polygon", "coordinates": [ [ [ 136.915222772, 35.569444128 ], [ 136.915222772, 35.569388578 ], [ 136.915278333, 35.569388578 ], [ 136.915278332, 35.569333018 ], [ 136.915333883, 35.569333018 ], [ 136.915333883, 35.569277469 ], [ 136.915278332, 35.569277469 ], [ 136.915278332, 35.569221909 ], [ 136.915333883, 35.569221909 ], [ 136.915333883, 35.569277469 ], [ 136.915389443, 35.569277469 ], [ 136.915444993, 35.569277469 ], [ 136.915500553, 35.569277468 ], [ 136.915500553, 35.569221909 ], [ 136.915556114, 35.569221909 ], [ 136.915611664, 35.569221909 ], [ 136.915667224, 35.569221909 ], [ 136.915667224, 35.569166359 ], [ 136.915722774, 35.569166359 ], [ 136.915722774, 35.569110799 ], [ 136.915722774, 35.569055249 ], [ 136.915667224, 35.569055249 ], [ 136.915611664, 35.569055249 ], [ 136.915611664, 35.568999689 ], [ 136.915667224, 35.568999689 ], [ 136.915667224, 35.568944129 ], [ 136.915667224, 35.568888579 ], [ 136.915722774, 35.568888579 ], [ 136.915722774, 35.568944129 ], [ 136.915722774, 35.568999689 ], [ 136.915722774, 35.569055249 ], [ 136.915778334, 35.569055249 ], [ 136.915778334, 35.569110799 ], [ 136.915778335, 35.569166359 ], [ 136.915833885, 35.569166359 ], [ 136.915833885, 35.569110799 ], [ 136.915889445, 35.569110799 ], [ 136.915944995, 35.569110799 ], [ 136.915944995, 35.569055249 ], [ 136.916000555, 35.569055249 ], [ 136.916056116, 35.569055249 ], [ 136.916056116, 35.568999689 ], [ 136.916111666, 35.568999689 ], [ 136.916111666, 35.568944129 ], [ 136.916167226, 35.568944129 ], [ 136.916167226, 35.568888579 ], [ 136.916167226, 35.568833019 ], [ 136.916167226, 35.568777469 ], [ 136.916222776, 35.568777469 ], [ 136.916222776, 35.568721909 ], [ 136.916278336, 35.568721909 ], [ 136.916278336, 35.56866636 ], [ 136.916278336, 35.5686108 ], [ 136.916222776, 35.5686108 ], [ 136.916222776, 35.56855525 ], [ 136.916278336, 35.56855525 ], [ 136.916278336, 35.56849969 ], [ 136.916278336, 35.56844413 ], [ 136.916222776, 35.56844413 ], [ 136.916222776, 35.56838858 ], [ 136.916222776, 35.56833302 ], [ 136.916222775, 35.568277471 ], [ 136.916222775, 35.568221911 ], [ 136.916222775, 35.568166361 ], [ 136.916222775, 35.568110801 ], [ 136.916222775, 35.568055251 ], [ 136.916222775, 35.567999691 ], [ 136.916278335, 35.567999691 ], [ 136.916333886, 35.567999691 ], [ 136.916333886, 35.567944131 ], [ 136.916278335, 35.567944131 ], [ 136.916222775, 35.567944131 ], [ 136.916222775, 35.567888582 ], [ 136.916167225, 35.567888582 ], [ 136.916167225, 35.567833022 ], [ 136.916167225, 35.567777472 ], [ 136.916111664, 35.567777472 ], [ 136.916111664, 35.567721912 ], [ 136.916056114, 35.567721912 ], [ 136.916056114, 35.567666362 ], [ 136.916111664, 35.567666362 ], [ 136.916111664, 35.567610802 ], [ 136.916056114, 35.567610802 ], [ 136.916000554, 35.567610802 ], [ 136.915944993, 35.567610802 ], [ 136.915944993, 35.567555253 ], [ 136.915889443, 35.567555253 ], [ 136.915889443, 35.567499693 ], [ 136.915833883, 35.567499693 ], [ 136.915833883, 35.567444133 ], [ 136.915778332, 35.567444133 ], [ 136.915778332, 35.567388583 ], [ 136.915722772, 35.567388583 ], [ 136.915667222, 35.567388583 ], [ 136.915667222, 35.567444133 ], [ 136.915722772, 35.567444133 ], [ 136.915722772, 35.567499693 ], [ 136.915778332, 35.567499693 ], [ 136.915778333, 35.567555253 ], [ 136.915833883, 35.567555253 ], [ 136.915833883, 35.567610803 ], [ 136.915778333, 35.567610803 ], [ 136.915722772, 35.567610803 ], [ 136.915722772, 35.567666362 ], [ 136.915667222, 35.567666363 ], [ 136.915611662, 35.567666363 ], [ 136.915556112, 35.567666363 ], [ 136.915500551, 35.567666363 ], [ 136.915500551, 35.567721912 ], [ 136.915444991, 35.567721913 ], [ 136.915389441, 35.567721913 ], [ 136.915389441, 35.567777472 ], [ 136.915333881, 35.567777472 ], [ 136.91527833, 35.567777472 ], [ 136.91522277, 35.567777473 ], [ 136.91516722, 35.567777473 ], [ 136.91511166, 35.567777473 ], [ 136.91511166, 35.567833022 ], [ 136.91516722, 35.567833022 ], [ 136.91522277, 35.567833022 ], [ 136.91522277, 35.567888582 ], [ 136.915278331, 35.567888582 ], [ 136.915278331, 35.567944132 ], [ 136.915278331, 35.567999692 ], [ 136.91522277, 35.567999692 ], [ 136.91516722, 35.567999692 ], [ 136.91511166, 35.567999692 ], [ 136.91505611, 35.567999692 ], [ 136.91505611, 35.568055252 ], [ 136.91500055, 35.568055252 ], [ 136.91500055, 35.568110802 ], [ 136.91505611, 35.568110802 ], [ 136.91505611, 35.568166362 ], [ 136.91500055, 35.568166362 ], [ 136.914944989, 35.568166362 ], [ 136.914889439, 35.568166362 ], [ 136.914889439, 35.568221912 ], [ 136.914833879, 35.568221912 ], [ 136.914778329, 35.568221912 ], [ 136.914722768, 35.568221912 ], [ 136.914722769, 35.568277472 ], [ 136.914722769, 35.568333021 ], [ 136.914722769, 35.568388581 ], [ 136.914778329, 35.568388581 ], [ 136.914833879, 35.568388581 ], [ 136.914889439, 35.568388581 ], [ 136.91488944, 35.568444131 ], [ 136.91488944, 35.568499691 ], [ 136.91494499, 35.568499691 ], [ 136.91494499, 35.568555251 ], [ 136.91500055, 35.568555251 ], [ 136.91505611, 35.568555251 ], [ 136.915111661, 35.568555251 ], [ 136.915111661, 35.568499691 ], [ 136.915167221, 35.568499691 ], [ 136.915222771, 35.568499691 ], [ 136.915278331, 35.568499691 ], [ 136.915333882, 35.568499691 ], [ 136.915389442, 35.568499691 ], [ 136.915444992, 35.568499691 ], [ 136.915500552, 35.56849969 ], [ 136.915500552, 35.56855525 ], [ 136.915500553, 35.5686108 ], [ 136.915500553, 35.56866636 ], [ 136.915444992, 35.56866636 ], [ 136.915444992, 35.5686108 ], [ 136.915389442, 35.5686108 ], [ 136.915389442, 35.56866636 ], [ 136.915333882, 35.56866636 ], [ 136.915333882, 35.56872191 ], [ 136.915278332, 35.56872191 ], [ 136.915278332, 35.56866636 ], [ 136.915222771, 35.56866636 ], [ 136.915222771, 35.56872191 ], [ 136.915167221, 35.56872191 ], [ 136.915167221, 35.56866636 ], [ 136.915111661, 35.56866636 ], [ 136.915111661, 35.5686108 ], [ 136.91505611, 35.5686108 ], [ 136.915056111, 35.56866636 ], [ 136.915056111, 35.56872191 ], [ 136.915111661, 35.56872191 ], [ 136.915111661, 35.56877747 ], [ 136.915111661, 35.56883302 ], [ 136.915167221, 35.56883302 ], [ 136.915167221, 35.56888858 ], [ 136.915167221, 35.56894413 ], [ 136.915222772, 35.568944129 ], [ 136.915222772, 35.568999689 ], [ 136.915167222, 35.568999689 ], [ 136.915111661, 35.568999689 ], [ 136.915111661, 35.569055249 ], [ 136.915167222, 35.569055249 ], [ 136.915167222, 35.569110799 ], [ 136.915222772, 35.569110799 ], [ 136.915222772, 35.569166359 ], [ 136.915167222, 35.569166359 ], [ 136.915167222, 35.569110799 ], [ 136.915111661, 35.569110799 ], [ 136.915111661, 35.569055249 ], [ 136.915056111, 35.569055249 ], [ 136.915000551, 35.569055249 ], [ 136.914944991, 35.569055249 ], [ 136.914944991, 35.569110799 ], [ 136.91488944, 35.569110799 ], [ 136.91488944, 35.569166359 ], [ 136.914944991, 35.569166359 ], [ 136.914944991, 35.569221909 ], [ 136.915000551, 35.569221909 ], [ 136.915056111, 35.569221909 ], [ 136.915111662, 35.569221909 ], [ 136.915111662, 35.569277469 ], [ 136.915111662, 35.569333019 ], [ 136.915167222, 35.569333019 ], [ 136.915167222, 35.569388578 ], [ 136.915111662, 35.569388578 ], [ 136.915111662, 35.569333019 ], [ 136.915056111, 35.569333019 ], [ 136.915056111, 35.569388578 ], [ 136.915000551, 35.569388578 ], [ 136.915000551, 35.569444128 ], [ 136.915000551, 35.569499688 ], [ 136.915056112, 35.569499688 ], [ 136.915056112, 35.569444128 ], [ 136.915111662, 35.569444128 ], [ 136.915167222, 35.569444128 ], [ 136.915222772, 35.569444128 ] ], [ [ 136.915389443, 35.568999689 ], [ 136.915389442, 35.568944129 ], [ 136.915444993, 35.568944129 ], [ 136.915444993, 35.568999689 ], [ 136.915389443, 35.568999689 ] ], [ [ 136.915500553, 35.56877747 ], [ 136.915500553, 35.56872191 ], [ 136.915556113, 35.56872191 ], [ 136.915556113, 35.56877747 ], [ 136.915500553, 35.56877747 ] ], [ [ 136.915611663, 35.56872191 ], [ 136.915611663, 35.56866636 ], [ 136.915667223, 35.56866636 ], [ 136.915667223, 35.56872191 ], [ 136.915611663, 35.56872191 ] ], [ [ 136.916111665, 35.567944132 ], [ 136.916167225, 35.567944131 ], [ 136.916167225, 35.567999691 ], [ 136.916111665, 35.567999691 ], [ 136.916111665, 35.567944132 ] ], [ [ 136.915333881, 35.567888582 ], [ 136.915333881, 35.567833022 ], [ 136.915389441, 35.567833022 ], [ 136.915389441, 35.567888582 ], [ 136.915333881, 35.567888582 ] ], [ [ 136.915889443, 35.567833022 ], [ 136.915889443, 35.567777472 ], [ 136.915833883, 35.567777472 ], [ 136.915833883, 35.567721912 ], [ 136.915889443, 35.567721912 ], [ 136.915889443, 35.567666362 ], [ 136.915944993, 35.567666362 ], [ 136.915944993, 35.567721912 ], [ 136.916000554, 35.567721912 ], [ 136.916000554, 35.567777472 ], [ 136.916000554, 35.567833022 ], [ 136.915944994, 35.567833022 ], [ 136.915889443, 35.567833022 ] ], [ [ 136.915611662, 35.567721912 ], [ 136.915611662, 35.567777472 ], [ 136.915556112, 35.567777472 ], [ 136.915556112, 35.567721912 ], [ 136.915611662, 35.567721912 ] ] ] } },
{ "type": "Feature", "properties": { "A31a_101": "8505090098", "A31a_102": "板取川", "A31a_103": "21", "A31a_104": "岐阜県", "A31a_105": 2 }, "geometry": { "type": "Polygon", "coordinates": [ [ [ 136.915222772, 35.569444128 ], [ 136.915222772, 35.569499688 ], [ 136.915167222, 35.569499688 ], [ 136.915167222, 35.569555248 ], [ 136.915222772, 35.569555248 ], [ 136.915278333, 35.569555248 ], [ 136.915278333, 35.569499688 ], [ 136.915278333, 35.569444128 ], [ 136.915222772, 35.569444128 ] ] ] } },
{ "type": "Feature", "properties": { "A31a_101": "8505090098", "A31a_102": "板取川", "A31a_103": "21", "A31a_104": "岐阜県", "A31a_105": 2 }, "geometry": { "type": "Polygon", "coordinates": [ [ [ 136.914833881, 35.569499688 ], [ 136.914833881, 35.569555248 ], [ 136.914889441, 35.569555248 ], [ 136.914889441, 35.569499688 ], [ 136.914833881, 35.569499688 ] ] ] } },
{ "type": "Feature", "properties": { "A31a_101": "8505090098", "A31a_102": "板取川", "A31a_103": "21", "A31a_104": "岐阜県", "A31a_105": 2 }, "geometry": { "type": "Polygon", "coordinates": [ [ [ 136.908889417, 35.56955525 ], [ 136.908889417, 35.56949969 ], [ 136.908833857, 35.56949969 ], [ 136.908833857, 35.56955525 ], [ 136.908889417, 35.56955525 ] ] ] } },
{ "type": "Feature", "properties": { "A31a_101": "8505090098", "A31a_102": "板取川", "A31a_103": "21", "A31a_104": "岐阜県", "A31a_105": 2 }, "geometry": { "type": "Polygon", "coordinates": [ [ [ 136.908000524, 35.56944413 ], [ 136.907944964, 35.56944413 ], [ 136.907889413, 35.56944413 ], [ 136.907889413, 35.56949969 ], [ 136.907944964, 35.56949969 ], [ 136.907944964, 35.56955525 ], [ 136.908000524, 35.56955525 ], [ 136.908056084, 35.56955525 ], [ 136.908056084, 35.56949969 ], [ 136.908000524, 35.56949969 ], [ 136.908000524, 35.56944413 ] ] ] } },
{ "type": "Feature", "properties": { "A31a_101": "8505090098", "A31a_102": "板取川", "A31a_103": "21", "A31a_104": "岐阜県", "A31a_105": 2 }, "geometry": { "type": "Polygon", "coordinates": [ [ [ 136.908889417, 35.56955525 ], [ 136.908889417, 35.5696108 ], [ 136.908944967, 35.5696108 ], [ 136.908944967, 35.56955525 ], [ 136.908889417, 35.56955525 ] ] ] } },
{ "type": "Feature", "properties": { "A31a_101": "8505090098", "A31a_102": "板取川", "A31a_103": "21", "A31a_104": "岐阜県", "A31a_105": 2 }, "geometry": { "type": "Polygon", "coordinates": [ [ [ 136.909000528, 35.56966636 ], [ 136.909056088, 35.56966636 ], [ 136.909056088, 35.5696108 ], [ 136.909000528, 35.5696108 ], [ 136.909000528, 35.56966636 ] ] ] } },
{ "type": "Feature", "properties": { "A31a_101": "8505090098", "A31a_102": "板取川", "A31a_103": "21", "A31a_104": "岐阜県", "A31a_105": 2 }, "geometry": { "type": "Polygon", "coordinates": [ [ [ 136.909000528, 35.56966636 ], [ 136.908944967, 35.56966636 ], [ 136.908944968, 35.56972191 ], [ 136.909000528, 35.56972191 ], [ 136.909000528, 35.56966636 ] ] ] } },
{ "type": "Feature", "properties": { "A31a_101": "8505090098", "A31a_102": "板取川", "A31a_103": "21", "A31a_104": "岐阜県", "A31a_105": 2 }, "geometry": { "type": "Polygon", "coordinates": [ [ [ 136.909167198, 35.569777469 ], [ 136.909167198, 35.56972191 ], [ 136.909111638, 35.56972191 ], [ 136.909111638, 35.569777469 ], [ 136.909167198, 35.569777469 ] ] ] } },
{ "type": "Feature", "properties": { "A31a_101": "8505090098", "A31a_102": "板取川", "A31a_103": "21", "A31a_104": "岐阜県", "A31a_105": 2 }, "geometry": { "type": "Polygon", "coordinates": [ [ [ 136.909167198, 35.569777469 ], [ 136.909167198, 35.569833019 ], [ 136.909222749, 35.569833019 ], [ 136.909278309, 35.569833019 ], [ 136.909278309, 35.569777469 ], [ 136.909222749, 35.569777469 ], [ 136.909167198, 35.569777469 ] ] ] } },
{ "type": "Feature", "properties": { "A31a_101": "8505090098", "A31a_102": "板取川", "A31a_103": "21", "A31a_104": "岐阜県", "A31a_105": 2 }, "geometry": { "type": "Polygon", "coordinates": [ [ [ 136.908944968, 35.569833019 ], [ 136.908944968, 35.569777469 ], [ 136.908889417, 35.569777469 ], [ 136.908889417, 35.569833019 ], [ 136.908944968, 35.569833019 ] ] ] } },
{ "type": "Feature", "properties": { "A31a_101": "8505090098", "A31a_102": "板取川", "A31a_103": "21", "A31a_104": "岐阜県", "A31a_105": 2 }, "geometry": { "type": "Polygon", "coordinates": [ [ [ 136.908889417, 35.569777469 ], [ 136.908889417, 35.56972191 ], [ 136.908833857, 35.56972191 ], [ 136.908833857, 35.56966636 ], [ 136.908778307, 35.56966636 ], [ 136.908722747, 35.56966636 ], [ 136.908722747, 35.5696108 ], [ 136.908667196, 35.5696108 ], [ 136.908667196, 35.56955525 ], [ 136.908611636, 35.56955525 ], [ 136.908556086, 35.56955525 ], [ 136.908556086, 35.56949969 ], [ 136.908500526, 35.56949969 ], [ 136.908444965, 35.56949969 ], [ 136.908444965, 35.56944413 ], [ 136.908389415, 35.56944413 ], [ 136.908389415, 35.569388581 ], [ 136.908333855, 35.569388581 ], [ 136.908333855, 35.56944413 ], [ 136.908278305, 35.56944413 ], [ 136.908278305, 35.56949969 ], [ 136.908278305, 35.56955525 ], [ 136.908222745, 35.56955525 ], [ 136.908222745, 35.5696108 ], [ 136.908222745, 35.56966636 ], [ 136.908278305, 35.56966636 ], [ 136.908278305, 35.56972191 ], [ 136.908333855, 35.56972191 ], [ 136.908389416, 35.56972191 ], [ 136.908389416, 35.569777469 ], [ 136.908444966, 35.569777469 ], [ 136.908500526, 35.569777469 ], [ 136.908556086, 35.569777469 ], [ 136.908611636, 35.569777469 ], [ 136.908611637, 35.569833019 ], [ 136.908667197, 35.569833019 ], [ 136.908722747, 35.569833019 ], [ 136.908722747, 35.569777469 ], [ 136.908778307, 35.569777469 ], [ 136.908833857, 35.569777469 ], [ 136.908889417, 35.569777469 ] ] ] } },
{ "type": "Feature", "properties": { "A31a_101": "8505090098", "A31a_102": "板取川", "A31a_103": "21", "A31a_104": "岐阜県", "A31a_105": 2 }, "geometry": { "type": "Polygon", "coordinates": [ [ [ 136.908944968, 35.569833019 ], [ 136.908944968, 35.569888579 ], [ 136.909000528, 35.569888579 ], [ 136.909000528, 35.569833019 ], [ 136.908944968, 35.569833019 ] ] ] } },
{ "type": "Feature", "properties": { "A31a_101": "8505090098", "A31a_102": "板取川", "A31a_103": "21", "A31a_104": "岐阜県", "A31a_105": 2 }, "geometry": { "type": "Polygon", "coordinates": [ [ [ 136.90944497, 35.569944129 ], [ 136.90944497, 35.569888579 ], [ 136.909389419, 35.569888579 ], [ 136.909389419, 35.569833019 ], [ 136.909333859, 35.569833019 ], [ 136.909333859, 35.569888579 ], [ 136.909333859, 35.569944129 ], [ 136.909389419, 35.569944129 ], [ 136.90944497, 35.569944129 ] ] ] } },
{ "type": "Feature", "properties": { "A31a_101": "8505090098", "A31a_102": "板取川", "A31a_103": "21", "A31a_104": "岐阜県", "A31a_105": 2 }, "geometry": { "type": "Polygon", "coordinates": [ [ [ 136.909111638, 35.569944129 ], [ 136.909111638, 35.569888579 ], [ 136.909111638, 35.569833019 ], [ 136.909056088, 35.569833019 ], [ 136.909056088, 35.569888579 ], [ 136.909056088, 35.569944129 ], [ 136.909111638, 35.569944129 ] ] ] } },
{ "type": "Feature", "properties": { "A31a_101": "8505090098", "A31a_102": "板取川", "A31a_103": "21", "A31a_104": "岐阜県", "A31a_105": 2 }, "geometry": { "type": "Polygon", "coordinates": [ [ [ 136.900833829, 35.569666361 ], [ 136.900833829, 35.569610801 ], [ 136.900778278, 35.569610801 ], [ 136.900778278, 35.569666361 ], [ 136.900722718, 35.569666361 ], [ 136.900667168, 35.569666361 ], [ 136.900667168, 35.569721911 ], [ 136.900667168, 35.569777471 ], [ 136.900611608, 35.569777471 ], [ 136.900611608, 35.56983302 ], [ 136.900556058, 35.56983302 ], [ 136.900556058, 35.56988858 ], [ 136.900556058, 35.56994413 ], [ 136.900611608, 35.56994413 ], [ 136.900611608, 35.56988858 ], [ 136.900667168, 35.56988858 ], [ 136.900667168, 35.56983302 ], [ 136.900722718, 35.56983302 ], [ 136.900722718, 35.569777471 ], [ 136.900722718, 35.569721911 ], [ 136.900778279, 35.569721911 ], [ 136.900833829, 35.569721911 ], [ 136.900833829, 35.569666361 ] ] ] } },
{ "type": "Feature", "properties": { "A31a_101": "8505090098", "A31a_102": "板取川", "A31a_103": "21", "A31a_104": "岐阜県", "A31a_105": 2 }, "geometry": { "type": "Polygon", "coordinates": [ [ [ 136.914111658, 35.569944128 ], [ 136.914056108, 35.569944128 ], [ 136.914056108, 35.569999687 ], [ 136.914111658, 35.569999687 ], [ 136.914111658, 35.569944128 ] ] ] } },
{ "type": "Feature", "properties": { "A31a_101": "8505090098", "A31a_102": "板取川", "A31a_103": "21", "A31a_104": "岐阜県", "A31a_105": 2 }, "geometry": { "type": "Polygon", "coordinates": [ [ [ 136.909167199, 35.569999689 ], [ 136.909167199, 35.569944129 ], [ 136.909111638, 35.569944129 ], [ 136.909111639, 35.569999689 ], [ 136.909167199, 35.569999689 ] ] ] } },
{ "type": "Feature", "properties": { "A31a_101": "8505090098", "A31a_102": "板取川", "A31a_103": "21", "A31a_104": "岐阜県", "A31a_105": 2 }, "geometry": { "type": "Polygon", "coordinates": [ [ [ 136.908611637, 35.569999689 ], [ 136.908611637, 35.569944129 ], [ 136.908556086, 35.569944129 ], [ 136.908556087, 35.569999689 ], [ 136.908611637, 35.569999689 ] ] ] } },
{ "type": "Feature", "properties": { "A31a_101": "8505090098", "A31a_102": "板取川", "A31a_103": "21", "A31a_104": "岐阜県", "A31a_105": 2 }, "geometry": { "type": "Polygon", "coordinates": [ [ [ 136.90955609, 35.570055249 ], [ 136.90955609, 35.569999689 ], [ 136.90950053, 35.569999689 ], [ 136.90950053, 35.570055249 ], [ 136.90955609, 35.570055249 ] ] ] } },
{ "type": "Feature", "properties": { "A31a_101": "8505090098", "A31a_102": "板取川", "A31a_103": "21", "A31a_104": "岐阜県", "A31a_105": 2 }, "geometry": { "type": "Polygon", "coordinates": [ [ [ 136.909222749, 35.570055249 ], [ 136.909222749, 35.569999689 ], [ 136.909167199, 35.569999689 ], [ 136.909167199, 35.570055249 ], [ 136.909222749, 35.570055249 ] ] ] } },
{ "type": "Feature", "properties": { "A31a_101": "8505090098", "A31a_102": "板取川", "A31a_103": "21", "A31a_104": "岐阜県", "A31a_105": 2 }, "geometry": { "type": "Polygon", "coordinates": [ [ [ 136.909278309, 35.570110798 ], [ 136.909278309, 35.570055249 ], [ 136.909222749, 35.570055249 ], [ 136.909222749, 35.570110798 ], [ 136.909278309, 35.570110798 ] ] ] } },
{ "type": "Feature", "properties": { "A31a_101": "8505090098", "A31a_102": "板取川", "A31a_103": "21", "A31a_104": "岐阜県", "A31a_105": 2 }, "geometry": { "type": "Polygon", "coordinates": [ [ [ 136.900667169, 35.57005525 ], [ 136.900667168, 35.56999969 ], [ 136.900611608, 35.56999969 ], [ 136.900556058, 35.56999969 ], [ 136.900556058, 35.57005525 ], [ 136.900556058, 35.5701108 ], [ 136.900611608, 35.5701108 ], [ 136.900611608, 35.57005525 ], [ 136.900667169, 35.57005525 ] ] ] } },
{ "type": "Feature", "properties": { "A31a_101": "8505090098", "A31a_102": "板取川", "A31a_103": "21", "A31a_104": "岐阜県", "A31a_105": 2 }, "geometry": { "type": "Polygon", "coordinates": [ [ [ 136.90955609, 35.570055249 ], [ 136.90955609, 35.570110798 ], [ 136.90961164, 35.570110798 ], [ 136.909611641, 35.570166358 ], [ 136.909667201, 35.570166358 ], [ 136.909722751, 35.570166358 ], [ 136.909722751, 35.570110798 ], [ 136.909667201, 35.570110798 ], [ 136.909667201, 35.570055249 ], [ 136.90961164, 35.570055249 ], [ 136.90955609, 35.570055249 ] ] ] } },
{ "type": "Feature", "properties": { "A31a_101": "8505090098", "A31a_102": "板取川", "A31a_103": "21", "A31a_104": "岐阜県", "A31a_105": 2 }, "geometry": { "type": "Polygon", "coordinates": [ [ [ 136.908722747, 35.570166358 ], [ 136.908722747, 35.570110799 ], [ 136.908667197, 35.570110799 ], [ 136.908667197, 35.570166358 ], [ 136.908722747, 35.570166358 ] ] ] } },
{ "type": "Feature", "properties": { "A31a_101": "8505090098", "A31a_102": "板取川", "A31a_103": "21", "A31a_104": "岐阜県", "A31a_105": 2 }, "geometry": { "type": "Polygon", "coordinates": [ [ [ 136.913667216, 35.570166357 ], [ 136.913667216, 35.570221907 ], [ 136.913722766, 35.570221907 ], [ 136.913778327, 35.570221907 ], [ 136.913833877, 35.570221907 ], [ 136.913889437, 35.570221907 ], [ 136.913889437, 35.570166357 ], [ 136.913889437, 35.570110797 ], [ 136.913833877, 35.570110797 ], [ 136.913833877, 35.570166357 ], [ 136.913778327, 35.570166357 ], [ 136.913722766, 35.570166357 ], [ 136.913667216, 35.570166357 ] ] ] } },
{ "type": "Feature", "properties": { "A31a_101": "8505090098", "A31a_102": "板取川", "A31a_103": "21", "A31a_104": "岐阜県", "A31a_105": 2 }, "geometry": { "type": "Polygon", "coordinates": [ [ [ 136.913667216, 35.570166357 ], [ 136.913667216, 35.570110797 ], [ 136.913722766, 35.570110797 ], [ 136.913778327, 35.570110797 ], [ 136.913778326, 35.570055247 ], [ 136.913833877, 35.570055247 ], [ 136.913889437, 35.570055247 ], [ 136.913889437, 35.569999688 ], [ 136.913944987, 35.569999687 ], [ 136.913944987, 35.569944128 ], [ 136.914000547, 35.569944128 ], [ 136.914056108, 35.569944128 ], [ 136.914056108, 35.569888578 ], [ 136.914000547, 35.569888578 ], [ 136.914000547, 35.569833018 ], [ 136.913944987, 35.569833018 ], [ 136.913944987, 35.569777468 ], [ 136.914000547, 35.569777468 ], [ 136.914000547, 35.569833018 ], [ 136.914056107, 35.569833018 ], [ 136.914056108, 35.569888578 ], [ 136.914111658, 35.569888578 ], [ 136.914111658, 35.569944128 ], [ 136.914167218, 35.569944128 ], [ 136.914167218, 35.569999687 ], [ 136.914222768, 35.569999687 ], [ 136.914278329, 35.569999687 ], [ 136.914333879, 35.569999687 ], [ 136.914389439, 35.569999687 ], [ 136.914444989, 35.569999687 ], [ 136.91450055, 35.569999687 ], [ 136.91455611, 35.569999687 ], [ 136.91461166, 35.569999687 ], [ 136.91466722, 35.569999687 ], [ 136.914722771, 35.569999687 ], [ 136.914722771, 35.569944127 ], [ 136.914722771, 35.569888577 ], [ 136.914722771, 35.569833017 ], [ 136.91472277, 35.569777468 ], [ 136.91466722, 35.569777468 ], [ 136.91461166, 35.569777468 ], [ 136.91461166, 35.569833018 ], [ 136.91455611, 35.569833018 ], [ 136.914500549, 35.569833018 ], [ 136.91450055, 35.569888577 ], [ 136.914444989, 35.569888578 ], [ 136.914444989, 35.569833018 ], [ 136.914500549, 35.569833018 ], [ 136.914500549, 35.569777468 ], [ 136.91455611, 35.569777468 ], [ 136.91461166, 35.569777468 ], [ 136.91461166, 35.569721908 ], [ 136.91455611, 35.569721908 ], [ 136.914500549, 35.569721908 ], [ 136.914500549, 35.569666358 ], [ 136.91455611, 35.569666358 ], [ 136.91461166, 35.569666358 ], [ 136.91466722, 35.569666358 ], [ 136.91466722, 35.569610798 ], [ 136.91472277, 35.569610798 ], [ 136.91472277, 35.569555248 ], [ 136.91472277, 35.569499688 ], [ 136.91477833, 35.569499688 ], [ 136.914833881, 35.569499688 ], [ 136.914833881, 35.569444128 ], [ 136.914889441, 35.569444128 ], [ 136.914889441, 35.569388579 ], [ 136.914889441, 35.569333019 ], [ 136.91483388, 35.569333019 ], [ 136.91483388, 35.569388579 ], [ 136.91477833, 35.569388579 ], [ 136.91477833, 35.569333019 ], [ 136.91472277, 35.569333019 ], [ 136.91472277, 35.569277469 ], [ 136.91472277, 35.569221909 ], [ 136.91472277, 35.569166359 ], [ 136.91472277, 35.569110799 ], [ 136.914667219, 35.569110799 ], [ 136.914611659, 35.569110799 ], [ 136.914611659, 35.569166359 ], [ 136.914667219, 35.569166359 ], [ 136.914667219, 35.569221909 ], [ 136.91466722, 35.569277469 ], [ 136.914611659, 35.569277469 ], [ 136.914611659, 35.569333019 ], [ 136.914556109, 35.569333019 ], [ 136.914556109, 35.569388579 ], [ 136.914500549, 35.569388579 ], [ 136.914444989, 35.569388579 ], [ 136.914444989, 35.569333019 ], [ 136.914389438, 35.569333019 ], [ 136.914333878, 35.569333019 ], [ 136.914333878, 35.569388579 ], [ 136.914278328, 35.569388579 ], [ 136.914278328, 35.569444129 ], [ 136.914222768, 35.569444129 ], [ 136.914167217, 35.569444129 ], [ 136.914167218, 35.569499689 ], [ 136.914167218, 35.569555249 ], [ 136.914167218, 35.569610798 ], [ 136.914222768, 35.569610798 ], [ 136.914222768, 35.569555249 ], [ 136.914278328, 35.569555248 ], [ 136.914278328, 35.569610798 ], [ 136.914333878, 35.569610798 ], [ 136.914333879, 35.569666358 ], [ 136.914333879, 35.569721908 ], [ 136.914278328, 35.569721908 ], [ 136.914222768, 35.569721908 ], [ 136.914167218, 35.569721908 ], [ 136.914111658, 35.569721908 ], [ 136.914111658, 35.569666358 ], [ 136.914111657, 35.569610798 ], [ 136.914056107, 35.569610798 ], [ 136.914000547, 35.569610798 ], [ 136.913944987, 35.569610799 ], [ 136.913889436, 35.569610799 ], [ 136.913833876, 35.569610799 ], [ 136.913833876, 35.569666358 ], [ 136.913778326, 35.569666358 ], [ 136.913722766, 35.569666359 ], [ 136.913667215, 35.569666359 ], [ 136.913611655, 35.569666359 ], [ 136.913611655, 35.569721908 ], [ 136.913611655, 35.569777468 ], [ 136.913556105, 35.569777468 ], [ 136.913500545, 35.569777468 ], [ 136.913444985, 35.569777468 ], [ 136.913389434, 35.569777468 ], [ 136.913333874, 35.569777468 ], [ 136.913278324, 35.569777468 ], [ 136.913222764, 35.569777469 ], [ 136.913167213, 35.569777469 ], [ 136.913111653, 35.569777469 ], [ 136.913056103, 35.569777469 ], [ 136.913000543, 35.569777469 ], [ 136.912944982, 35.569777469 ], [ 136.912889432, 35.569777469 ], [ 136.912833872, 35.569777469 ], [ 136.912833872, 35.569833019 ], [ 136.912778322, 35.569833019 ], [ 136.912722761, 35.569833019 ], [ 136.912722761, 35.569777469 ], [ 136.912667211, 35.569777469 ], [ 136.912611651, 35.569777469 ], [ 136.912556101, 35.569777469 ], [ 136.91250054, 35.569777469 ], [ 136.91244498, 35.569777469 ], [ 136.91238943, 35.569777469 ], [ 136.91233387, 35.569777469 ], [ 136.912278319, 35.569777469 ], [ 136.912222759, 35.569777469 ], [ 136.912167209, 35.569777469 ], [ 136.912111649, 35.569777469 ], [ 136.912056099, 35.569777469 ], [ 136.912000538, 35.569777469 ], [ 136.911944978, 35.569777469 ], [ 136.911889428, 35.569777469 ], [ 136.911833868, 35.569777469 ], [ 136.911778318, 35.569777469 ], [ 136.911722757, 35.569777469 ], [ 136.911667207, 35.569777469 ], [ 136.911667207, 35.569721909 ], [ 136.911667207, 35.569666359 ], [ 136.911611647, 35.569666359 ], [ 136.911556097, 35.569666359 ], [ 136.911500537, 35.569666359 ], [ 136.911444976, 35.569666359 ], [ 136.911389426, 35.569666359 ], [ 136.911389426, 35.569721909 ], [ 136.911389426, 35.569777469 ], [ 136.911389426, 35.569833019 ], [ 136.911389426, 35.569888579 ], [ 136.911389427, 35.569944129 ], [ 136.911389427, 35.569999688 ], [ 136.911389427, 35.570055248 ], [ 136.911444977, 35.570055248 ], [ 136.911444977, 35.570110798 ], [ 136.911500537, 35.570110798 ], [ 136.911556097, 35.570110798 ], [ 136.911611648, 35.570110798 ], [ 136.911611648, 35.570166358 ], [ 136.911667208, 35.570166358 ], [ 136.911722758, 35.570166358 ], [ 136.911778318, 35.570166358 ], [ 136.911778318, 35.570221908 ], [ 136.911833868, 35.570221908 ], [ 136.911889429, 35.570221908 ], [ 136.911944979, 35.570221908 ], [ 136.912000539, 35.570221908 ], [ 136.912056099, 35.570221908 ], [ 136.912111649, 35.570221908 ], [ 136.91216721, 35.570221908 ], [ 136.91222276, 35.570221908 ], [ 136.91227832, 35.570221908 ], [ 136.91233387, 35.570221908 ], [ 136.91238943, 35.570221908 ], [ 136.912444981, 35.570221908 ], [ 136.912500541, 35.570221908 ], [ 136.912556101, 35.570221908 ], [ 136.912611651, 35.570221908 ], [ 136.912667212, 35.570221908 ], [ 136.912722762, 35.570221908 ], [ 136.912778322, 35.570221908 ], [ 136.912833872, 35.570221908 ], [ 136.912889433, 35.570221908 ], [ 136.912944983, 35.570221907 ], [ 136.913000543, 35.570221907 ], [ 136.913056103, 35.570221907 ], [ 136.913111654, 35.570221907 ], [ 136.913167214, 35.570221907 ], [ 136.913222764, 35.570221907 ], [ 136.913278324, 35.570221907 ], [ 136.913333875, 35.570221907 ], [ 136.913389435, 35.570221907 ], [ 136.913444985, 35.570221907 ], [ 136.913500545, 35.570221907 ], [ 136.913556106, 35.570221907 ], [ 136.913556106, 35.570166357 ], [ 136.913611656, 35.570166357 ], [ 136.913667216, 35.570166357 ] ] ] } },
{ "type": "Feature", "properties": { "A31a_101": "8505090098", "A31a_102": "板取川", "A31a_103": "21", "A31a_104": "岐阜県", "A31a_105": 2 }, "geometry": { "type": "Polygon", "coordinates": [ [ [ 136.911500537, 35.570221908 ], [ 136.911500537, 35.570166358 ], [ 136.911444977, 35.570166358 ], [ 136.911389427, 35.570166358 ], [ 136.911389427, 35.570221908 ], [ 136.911444977, 35.570221908 ], [ 136.911500537, 35.570221908 ] ] ] } },
{ "type": "Feature", "properties": { "A31a_101": "8505090098", "A31a_102": "板取川", "A31a_103": "21", "A31a_104": "岐阜県", "A31a_105": 2 }, "geometry": { "type": "Polygon", "coordinates": [ [ [ 136.90944497, 35.570221908 ], [ 136.90944497, 35.570166358 ], [ 136.90938942, 35.570166358 ], [ 136.90938942, 35.570221908 ], [ 136.90944497, 35.570221908 ] ] ] } },
{ "type": "Feature", "properties": { "A31a_101": "8505090098", "A31a_102": "板取川", "A31a_103": "21", "A31a_104": "岐阜県", "A31a_105": 2 }, "geometry": { "type": "Polygon", "coordinates": [ [ [ 136.908778308, 35.570221908 ], [ 136.908778308, 35.570166358 ], [ 136.908722747, 35.570166358 ], [ 136.908722747, 35.570221908 ], [ 136.908778308, 35.570221908 ] ] ] } },
{ "type": "Feature", "properties": { "A31a_101": "8505090098", "A31a_102": "板取川", "A31a_103": "21", "A31a_104": "岐阜県", "A31a_105": 2 }, "geometry": { "type": "Polygon", "coordinates": [ [ [ 136.90938942, 35.570388578 ], [ 136.90938942, 35.570333018 ], [ 136.90938942, 35.570277468 ], [ 136.90933386, 35.570277468 ], [ 136.90933386, 35.570333018 ], [ 136.90933386, 35.570388578 ], [ 136.90938942, 35.570388578 ] ] ] } },
{ "type": "Feature", "properties": { "A31a_101": "8505090098", "A31a_102": "板取川", "A31a_103": "21", "A31a_104": "岐阜県", "A31a_105": 2 }, "geometry": { "type": "Polygon", "coordinates": [ [ [ 136.909722751, 35.570444127 ], [ 136.909722751, 35.570388578 ], [ 136.909667201, 35.570388578 ], [ 136.909667201, 35.570333018 ], [ 136.909611641, 35.570333018 ], [ 136.909611641, 35.570277468 ], [ 136.90955609, 35.570277468 ], [ 136.90950053, 35.570277468 ], [ 136.90944497, 35.570277468 ], [ 136.90944497, 35.570333018 ], [ 136.90950053, 35.570333018 ], [ 136.909556091, 35.570333018 ], [ 136.909556091, 35.570388578 ], [ 136.909556091, 35.570444128 ], [ 136.909611641, 35.570444127 ], [ 136.909667201, 35.570444127 ], [ 136.909722751, 35.570444127 ] ] ] } },
{ "type": "Feature", "properties": { "A31a_101": "8505090098", "A31a_102": "板取川", "A31a_103": "21", "A31a_104": "岐阜県", "A31a_105": 2 }, "geometry": { "type": "Polygon", "coordinates": [ [ [ 136.90938942, 35.570388578 ], [ 136.90938942, 35.570444128 ], [ 136.90944497, 35.570444128 ], [ 136.90950053, 35.570444128 ], [ 136.90950053, 35.570388578 ], [ 136.90944497, 35.570388578 ], [ 136.90938942, 35.570388578 ] ] ] } },
{ "type": "Feature", "properties": { "A31a_101": "8505090098", "A31a_102": "板取川", "A31a_103": "21", "A31a_104": "岐阜県", "A31a_105": 2 }, "geometry": { "type": "Polygon", "coordinates": [ [ [ 136.90933386, 35.570277468 ], [ 136.90933386, 35.570221908 ], [ 136.90933386, 35.570166358 ], [ 136.909333859, 35.570110798 ], [ 136.909278309, 35.570110798 ], [ 136.909278309, 35.570166358 ], [ 136.909278309, 35.570221908 ], [ 136.909222749, 35.570221908 ], [ 136.909167199, 35.570221908 ], [ 136.909167199, 35.570166358 ], [ 136.909111639, 35.570166358 ], [ 136.909111639, 35.570221908 ], [ 136.909056089, 35.570221908 ], [ 136.909056089, 35.570166358 ], [ 136.909000528, 35.570166358 ], [ 136.908944968, 35.570166358 ], [ 136.908944968, 35.570221908 ], [ 136.908944968, 35.570277468 ], [ 136.909000528, 35.570277468 ], [ 136.909000529, 35.570333018 ], [ 136.909056089, 35.570333018 ], [ 136.909056089, 35.570388578 ], [ 136.909111639, 35.570388578 ], [ 136.909167199, 35.570388578 ], [ 136.909167199, 35.570444128 ], [ 136.909222749, 35.570444128 ], [ 136.90927831, 35.570444128 ], [ 136.90927831, 35.570388578 ], [ 136.909222749, 35.570388578 ], [ 136.909222749, 35.570333018 ], [ 136.909167199, 35.570333018 ], [ 136.909167199, 35.570277468 ], [ 136.909222749, 35.570277468 ], [ 136.909278309, 35.570277468 ], [ 136.90933386, 35.570277468 ] ] ] } },
{ "type": "Feature", "properties": { "A31a_101": "8505090098", "A31a_102": "板取川", "A31a_103": "21", "A31a_104": "岐阜県", "A31a_105": 2 }, "geometry": { "type": "Polygon", "coordinates": [ [ [ 136.900333828, 35.570444129 ], [ 136.900389388, 35.570444129 ], [ 136.900444938, 35.570444129 ], [ 136.900500498, 35.570444129 ], [ 136.900500498, 35.570388579 ], [ 136.900500498, 35.570333019 ], [ 136.900500498, 35.570277469 ], [ 136.900500498, 35.570221909 ], [ 136.900444938, 35.570221909 ], [ 136.900389388, 35.570221909 ], [ 136.900389388, 35.570277469 ], [ 136.900333828, 35.570277469 ], [ 136.900333828, 35.570333019 ], [ 136.900333828, 35.570388579 ], [ 136.900333828, 35.570444129 ] ] ] } },
{ "type": "Feature", "properties": { "A31a_101": "8505090098", "A31a_102": "板取川", "A31a_103": "21", "A31a_104": "岐阜県", "A31a_105": 2 }, "geometry": { "type": "Polygon", "coordinates": [ [ [ 136.900500499, 35.570610798 ], [ 136.900556059, 35.570610798 ], [ 136.900556059, 35.570555248 ], [ 136.900500499, 35.570555248 ], [ 136.900500499, 35.570610798 ] ] ] } },
{ "type": "Feature", "properties": { "A31a_101": "8505090098", "A31a_102": "板取川", "A31a_103": "21", "A31a_104": "岐阜県", "A31a_105": 2 }, "geometry": { "type": "Polygon", "coordinates": [ [ [ 136.909056089, 35.570388578 ], [ 136.909000529, 35.570388578 ], [ 136.908944968, 35.570388578 ], [ 136.908889418, 35.570388578 ], [ 136.908889418, 35.570333018 ], [ 136.908889418, 35.570277468 ], [ 136.908833858, 35.570277468 ], [ 136.908833858, 35.570221908 ], [ 136.908778308, 35.570221908 ], [ 136.908778308, 35.570277468 ], [ 136.908778308, 35.570333018 ], [ 136.908833858, 35.570333018 ], [ 136.908833858, 35.570388578 ], [ 136.908833858, 35.570444128 ], [ 136.908889418, 35.570444128 ], [ 136.908944969, 35.570444128 ], [ 136.908944969, 35.570499687 ], [ 136.908944969, 35.570555247 ], [ 136.909000529, 35.570555247 ], [ 136.909000529, 35.570610797 ], [ 136.909056089, 35.570610797 ], [ 136.909056089, 35.570666357 ], [ 136.909111639, 35.570666357 ], [ 136.909111639, 35.570721907 ], [ 136.9091672, 35.570721907 ], [ 136.9091672, 35.570666357 ], [ 136.9091672, 35.570610797 ], [ 136.909167199, 35.570555247 ], [ 136.909111639, 35.570555247 ], [ 136.909111639, 35.570499687 ], [ 136.909056089, 35.570499687 ], [ 136.909056089, 35.570444128 ], [ 136.909056089, 35.570388578 ] ] ] } },
{ "type": "Feature", "properties": { "A31a_101": "8505090098", "A31a_102": "板取川", "A31a_103": "21", "A31a_104": "岐阜県", "A31a_105": 2 }, "geometry": { "type": "Polygon", "coordinates": [ [ [ 136.910667205, 35.570833016 ], [ 136.910667205, 35.570777466 ], [ 136.910722755, 35.570777466 ], [ 136.910778315, 35.570777466 ], [ 136.910833866, 35.570777466 ], [ 136.910833866, 35.570721907 ], [ 136.910778315, 35.570721907 ], [ 136.910778315, 35.570666357 ], [ 136.910722755, 35.570666357 ], [ 136.910722755, 35.570721907 ], [ 136.910667205, 35.570721907 ], [ 136.910667205, 35.570666357 ], [ 136.910611645, 35.570666357 ], [ 136.910556095, 35.570666357 ], [ 136.910556095, 35.570721907 ], [ 136.910556095, 35.570777466 ], [ 136.910611645, 35.570777466 ], [ 136.910611645, 35.570833016 ], [ 136.910667205, 35.570833016 ] ] ] } },
{ "type": "Feature", "properties": { "A31a_101": "8505090098", "A31a_102": "板取川", "A31a_103": "21", "A31a_104": "岐阜県", "A31a_105": 2 }, "geometry": { "type": "Polygon", "coordinates": [ [ [ 136.909611642, 35.570944126 ], [ 136.909556091, 35.570944126 ], [ 136.909556091, 35.570888576 ], [ 136.909611641, 35.570888576 ], [ 136.909611642, 35.570944126 ], [ 136.909667202, 35.570944126 ], [ 136.909667202, 35.570999686 ], [ 136.909722752, 35.570999686 ], [ 136.909722752, 35.570944126 ], [ 136.909722752, 35.570888576 ], [ 136.909778312, 35.570888576 ], [ 136.909833862, 35.570888576 ], [ 136.909889422, 35.570888576 ], [ 136.909944973, 35.570888576 ], [ 136.909944973, 35.570833016 ], [ 136.910000533, 35.570833016 ], [ 136.910000533, 35.570777467 ], [ 136.910000533, 35.570721907 ], [ 136.910000533, 35.570666357 ], [ 136.910000532, 35.570610797 ], [ 136.910000532, 35.570555247 ], [ 136.910000532, 35.570499687 ], [ 136.909944972, 35.570499687 ], [ 136.909944972, 35.570555247 ], [ 136.909889422, 35.570555247 ], [ 136.909889422, 35.570499687 ], [ 136.909833862, 35.570499687 ], [ 136.909778312, 35.570499687 ], [ 136.909778312, 35.570555247 ], [ 136.909722751, 35.570555247 ], [ 136.909667201, 35.570555247 ], [ 136.909667201, 35.570610797 ], [ 136.909611641, 35.570610797 ], [ 136.909611641, 35.570666357 ], [ 136.909556091, 35.570666357 ], [ 136.909556091, 35.570721907 ], [ 136.909500531, 35.570721907 ], [ 136.909500531, 35.570777467 ], [ 136.909444971, 35.570777467 ], [ 136.909444971, 35.570833016 ], [ 136.909389421, 35.570833016 ], [ 136.909389421, 35.570777467 ], [ 136.90938942, 35.570721907 ], [ 136.90933386, 35.570721907 ], [ 136.90933386, 35.570777467 ], [ 136.90927831, 35.570777467 ], [ 136.90927831, 35.570833016 ], [ 136.90933386, 35.570833016 ], [ 136.90933386, 35.570888576 ], [ 136.909389421, 35.570888576 ], [ 136.909389421, 35.570944126 ], [ 136.909444971, 35.570944126 ], [ 136.909444971, 35.570999686 ], [ 136.909444971, 35.571055246 ], [ 136.909500531, 35.571055246 ], [ 136.909500531, 35.571110796 ], [ 136.909556092, 35.571110796 ], [ 136.909611642, 35.571110796 ], [ 136.909611642, 35.571055246 ], [ 136.909611642, 35.570999686 ], [ 136.909611642, 35.570944126 ] ] ] } },
{ "type": "Feature", "properties": { "A31a_101": "8505090098", "A31a_102": "板取川", "A31a_103": "21", "A31a_104": "岐阜県", "A31a_105": 2 }, "geometry": { "type": "Polygon", "coordinates": [ [ [ 136.900056058, 35.571110797 ], [ 136.900056058, 35.571055247 ], [ 136.900056058, 35.570999687 ], [ 136.900000497, 35.570999687 ], [ 136.900000498, 35.571055247 ], [ 136.900000498, 35.571110797 ], [ 136.900056058, 35.571110797 ] ] ] } },
{ "type": "Feature", "properties": { "A31a_101": "8505090098", "A31a_102": "板取川", "A31a_103": "21", "A31a_104": "岐阜県", "A31a_105": 2 }, "geometry": { "type": "Polygon", "coordinates": [ [ [ 136.911167207, 35.571221905 ], [ 136.911222758, 35.571221905 ], [ 136.911222758, 35.571166355 ], [ 136.911167207, 35.571166355 ], [ 136.911167207, 35.571221905 ] ] ] } },
{ "type": "Feature", "properties": { "A31a_101": "8505090098", "A31a_102": "板取川", "A31a_103": "21", "A31a_104": "岐阜県", "A31a_105": 2 }, "geometry": { "type": "Polygon", "coordinates": [ [ [ 136.911333868, 35.571277465 ], [ 136.911333868, 35.571221905 ], [ 136.911278318, 35.571221905 ], [ 136.911278318, 35.571277465 ], [ 136.911333868, 35.571277465 ] ] ] } },
{ "type": "Feature", "properties": { "A31a_101": "8505090098", "A31a_102": "板取川", "A31a_103": "21", "A31a_104": "岐阜県", "A31a_105": 2 }, "geometry": { "type": "Polygon", "coordinates": [ [ [ 136.911333868, 35.571277465 ], [ 136.911333868, 35.571333015 ], [ 136.911389428, 35.571333015 ], [ 136.911389428, 35.571277465 ], [ 136.911333868, 35.571277465 ] ] ] } },
{ "type": "Feature", "properties": { "A31a_101": "8505090098", "A31a_102": "板取川", "A31a_103": "21", "A31a_104": "岐阜県", "A31a_105": 2 }, "geometry": { "type": "Polygon", "coordinates": [ [ [ 136.915333885, 35.571388573 ], [ 136.915333885, 35.571333013 ], [ 136.915278335, 35.571333013 ], [ 136.915222775, 35.571333013 ], [ 136.915167224, 35.571333013 ], [ 136.915111664, 35.571333013 ], [ 136.915056114, 35.571333013 ], [ 136.915000554, 35.571333013 ], [ 136.915000554, 35.571388573 ], [ 136.915056114, 35.571388573 ], [ 136.915111664, 35.571388573 ], [ 136.915167225, 35.571388573 ], [ 136.915222775, 35.571388573 ], [ 136.915278335, 35.571388573 ], [ 136.915333885, 35.571388573 ] ] ] } },
{ "type": "Feature", "properties": { "A31a_101": "8505090098", "A31a_102": "板取川", "A31a_103": "21", "A31a_104": "岐阜県", "A31a_105": 2 }, "geometry": { "type": "Polygon", "coordinates": [ [ [ 136.914944994, 35.571388573 ], [ 136.914944993, 35.571333013 ], [ 136.914889443, 35.571333013 ], [ 136.914833883, 35.571333014 ], [ 136.914778333, 35.571333014 ], [ 136.914722772, 35.571333014 ], [ 136.914667222, 35.571333014 ], [ 136.914611662, 35.571333014 ], [ 136.914556112, 35.571333014 ], [ 136.914500551, 35.571333014 ], [ 136.914500551, 35.571388574 ], [ 136.914556112, 35.571388574 ], [ 136.914611662, 35.571388573 ], [ 136.914667222, 35.571388573 ], [ 136.914722772, 35.571388573 ], [ 136.914778333, 35.571388573 ], [ 136.914833883, 35.571388573 ], [ 136.914889443, 35.571388573 ], [ 136.914944994, 35.571388573 ] ] ] } },
{ "type": "Feature", "properties": { "A31a_101": "8505090098", "A31a_102": "板取川", "A31a_103": "21", "A31a_104": "岐阜県", "A31a_105": 2 }, "geometry": { "type": "Polygon", "coordinates": [ [ [ 136.915722777, 35.571388573 ], [ 136.915667227, 35.571388573 ], [ 136.915667227, 35.571444123 ], [ 136.915722777, 35.571444123 ], [ 136.915722777, 35.571388573 ] ] ] } },
{ "type": "Feature", "properties": { "A31a_101": "8505090098", "A31a_102": "板取川", "A31a_103": "21", "A31a_104": "岐阜県", "A31a_105": 2 }, "geometry": { "type": "Polygon", "coordinates": [ [ [ 136.915667227, 35.571388573 ], [ 136.915667227, 35.571333013 ], [ 136.915611666, 35.571333013 ], [ 136.915556116, 35.571333013 ], [ 136.915556116, 35.571388573 ], [ 136.915500556, 35.571388573 ], [ 136.915500556, 35.571333013 ], [ 136.915444996, 35.571333013 ], [ 136.915389445, 35.571333013 ], [ 136.915389446, 35.571388573 ], [ 136.915444996, 35.571388573 ], [ 136.915444996, 35.571444123 ], [ 136.915500556, 35.571444123 ], [ 136.915556116, 35.571444123 ], [ 136.915611667, 35.571444123 ], [ 136.915611667, 35.571388573 ], [ 136.915667227, 35.571388573 ] ] ] } },
{ "type": "Feature", "properties": { "A31a_101": "8505090098", "A31a_102": "板取川", "A31a_103": "21", "A31a_104": "岐阜県", "A31a_105": 2 }, "geometry": { "type": "Polygon", "coordinates": [ [ [ 136.914444991, 35.571388574 ], [ 136.914444991, 35.571333014 ], [ 136.914389441, 35.571333014 ], [ 136.914333881, 35.571333014 ], [ 136.91427833, 35.571333014 ], [ 136.91422277, 35.571333014 ], [ 136.91416722, 35.571333014 ], [ 136.91411166, 35.571333014 ], [ 136.914056109, 35.571333014 ], [ 136.914000549, 35.571333014 ], [ 136.914000549, 35.571388574 ], [ 136.913944989, 35.571388574 ], [ 136.913889439, 35.571388574 ], [ 136.913833878, 35.571388574 ], [ 136.913778328, 35.571388574 ], [ 136.913722768, 35.571388574 ], [ 136.913667218, 35.571388574 ], [ 136.913611657, 35.571388574 ], [ 136.913611658, 35.571444124 ], [ 136.913667218, 35.571444124 ], [ 136.913722768, 35.571444124 ], [ 136.913778328, 35.571444124 ], [ 136.913833879, 35.571444124 ], [ 136.913889439, 35.571444124 ], [ 136.913944989, 35.571444124 ], [ 136.914000549, 35.571444124 ], [ 136.91405611, 35.571444124 ], [ 136.91411166, 35.571444124 ], [ 136.91416722, 35.571444124 ], [ 136.91422277, 35.571444124 ], [ 136.91422277, 35.571388574 ], [ 136.91427833, 35.571388574 ], [ 136.914333881, 35.571388574 ], [ 136.914389441, 35.571388574 ], [ 136.914444991, 35.571388574 ] ] ] } },
{ "type": "Feature", "properties": { "A31a_101": "8505090098", "A31a_102": "板取川", "A31a_103": "21", "A31a_104": "岐阜県", "A31a_105": 2 }, "geometry": { "type": "Polygon", "coordinates": [ [ [ 136.911444979, 35.571388575 ], [ 136.911500539, 35.571388575 ], [ 136.911556099, 35.571388575 ], [ 136.911611649, 35.571388575 ], [ 136.911611649, 35.571444125 ], [ 136.91166721, 35.571444125 ], [ 136.911667209, 35.571388575 ], [ 136.911667209, 35.571333015 ], [ 136.911611649, 35.571333015 ], [ 136.911556099, 35.571333015 ], [ 136.911500539, 35.571333015 ], [ 136.911444979, 35.571333015 ], [ 136.911444979, 35.571388575 ] ] ] } },
{ "type": "Feature", "properties": { "A31a_101": "8505090098", "A31a_102": "板取川", "A31a_103": "21", "A31a_104": "岐阜県", "A31a_105": 2 }, "geometry": { "type": "Polygon", "coordinates": [ [ [ 136.898556054, 35.571388575 ], [ 136.898500494, 35.571388575 ], [ 136.898500494, 35.571444125 ], [ 136.898556054, 35.571444125 ], [ 136.898556054, 35.571388575 ] ] ] } },
{ "type": "Feature", "properties": { "A31a_101": "8505090098", "A31a_102": "板取川", "A31a_103": "21", "A31a_104": "岐阜県", "A31a_105": 2 }, "geometry": { "type": "Polygon", "coordinates": [ [ [ 136.915722777, 35.571388573 ], [ 136.915778337, 35.571388573 ], [ 136.915833888, 35.571388573 ], [ 136.915833888, 35.571444123 ], [ 136.915778337, 35.571444123 ], [ 136.915778337, 35.571499683 ], [ 136.915833888, 35.571499683 ], [ 136.915889448, 35.571499683 ], [ 136.915944998, 35.571499682 ], [ 136.916000558, 35.571499682 ], [ 136.916056119, 35.571499682 ], [ 136.916111669, 35.571499682 ], [ 136.916111669, 35.571444123 ], [ 136.916111669, 35.571388573 ], [ 136.916056119, 35.571388573 ], [ 136.916056118, 35.571333013 ], [ 136.916000558, 35.571333013 ], [ 136.915944998, 35.571333013 ], [ 136.915889448, 35.571333013 ], [ 136.915833887, 35.571333013 ], [ 136.915778337, 35.571333013 ], [ 136.915722777, 35.571333013 ], [ 136.915722777, 35.571388573 ] ] ] } },
{ "type": "Feature", "properties": { "A31a_101": "8505090098", "A31a_102": "板取川", "A31a_103": "21", "A31a_104": "岐阜県", "A31a_105": 2 }, "geometry": { "type": "Polygon", "coordinates": [ [ [ 136.909944974, 35.571555244 ], [ 136.909944973, 35.571499685 ], [ 136.909889423, 35.571499685 ], [ 136.909889423, 35.571555244 ], [ 136.909944974, 35.571555244 ] ] ] } },
{ "type": "Feature", "properties": { "A31a_101": "8505090098", "A31a_102": "板取川", "A31a_103": "21", "A31a_104": "岐阜県", "A31a_105": 2 }, "geometry": { "type": "Polygon", "coordinates": [ [ [ 136.908611639, 35.571555245 ], [ 136.908611639, 35.571499685 ], [ 136.908556089, 35.571499685 ], [ 136.908500528, 35.571499685 ], [ 136.908500528, 35.571555245 ], [ 136.908556089, 35.571555245 ], [ 136.908611639, 35.571555245 ] ] ] } },
{ "type": "Feature", "properties": { "A31a_101": "8505090098", "A31a_102": "板取川", "A31a_103": "21", "A31a_104": "岐阜県", "A31a_105": 2 }, "geometry": { "type": "Polygon", "coordinates": [ [ [ 136.908389418, 35.571555245 ], [ 136.908389418, 35.571499685 ], [ 136.908333858, 35.571499685 ], [ 136.908333858, 35.571555245 ], [ 136.908389418, 35.571555245 ] ] ] } },
{ "type": "Feature", "properties": { "A31a_101": "8505090098", "A31a_102": "板取川", "A31a_103": "21", "A31a_104": "岐阜県", "A31a_105": 2 }, "geometry": { "type": "Polygon", "coordinates": [ [ [ 136.908778309, 35.571610794 ], [ 136.908778309, 35.571555245 ], [ 136.908722749, 35.571555245 ], [ 136.908722749, 35.571610794 ], [ 136.908778309, 35.571610794 ] ] ] } },
{ "type": "Feature", "properties": { "A31a_101": "8505090098", "A31a_102": "板取川", "A31a_103": "21", "A31a_104": "岐阜県", "A31a_105": 2 }, "geometry": { "type": "Polygon", "coordinates": [ [ [ 136.908778309, 35.571610794 ], [ 136.90877831, 35.571666354 ], [ 136.90883386, 35.571666354 ], [ 136.90883386, 35.571610794 ], [ 136.908778309, 35.571610794 ] ] ] } },
{ "type": "Feature", "properties": { "A31a_101": "8505090098", "A31a_102": "板取川", "A31a_103": "21", "A31a_104": "岐阜県", "A31a_105": 2 }, "geometry": { "type": "Polygon", "coordinates": [ [ [ 136.908722749, 35.571610794 ], [ 136.908667199, 35.571610794 ], [ 136.908667199, 35.571666354 ], [ 136.908722749, 35.571666354 ], [ 136.908722749, 35.571610794 ] ] ] } },
{ "type": "Feature", "properties": { "A31a_101": "8505090098", "A31a_102": "板取川", "A31a_103": "21", "A31a_104": "岐阜県", "A31a_105": 2 }, "geometry": { "type": "Polygon", "coordinates": [ [ [ 136.908667199, 35.571666354 ], [ 136.908611639, 35.571666354 ], [ 136.908611639, 35.571721904 ], [ 136.908667199, 35.571721904 ], [ 136.908667199, 35.571666354 ] ] ] } },
{ "type": "Feature", "properties": { "A31a_101": "8505090098", "A31a_102": "板取川", "A31a_103": "21", "A31a_104": "岐阜県", "A31a_105": 2 }, "geometry": { "type": "Polygon", "coordinates": [ [ [ 136.90883386, 35.571777464 ], [ 136.90883386, 35.571721904 ], [ 136.90877831, 35.571721904 ], [ 136.90877831, 35.571777464 ], [ 136.90883386, 35.571777464 ] ] ] } },
{ "type": "Feature", "properties": { "A31a_101": "8505090098", "A31a_102": "板取川", "A31a_103": "21", "A31a_104": "岐阜県", "A31a_105": 2 }, "geometry": { "type": "Polygon", "coordinates": [ [ [ 136.909333862, 35.571888574 ], [ 136.909333862, 35.571833014 ], [ 136.909278312, 35.571833014 ], [ 136.909278312, 35.571888574 ], [ 136.909333862, 35.571888574 ] ] ] } },
{ "type": "Feature", "properties": { "A31a_101": "8505090098", "A31a_102": "板取川", "A31a_103": "21", "A31a_104": "岐阜県", "A31a_105": 2 }, "geometry": { "type": "Polygon", "coordinates": [ [ [ 136.898333824, 35.571833014 ], [ 136.898278274, 35.571833014 ], [ 136.898222714, 35.571833014 ], [ 136.898222714, 35.571888574 ], [ 136.898278274, 35.571888574 ], [ 136.898333824, 35.571888574 ], [ 136.898333824, 35.571833014 ] ] ] } },
{ "type": "Feature", "properties": { "A31a_101": "8505090098", "A31a_102": "板取川", "A31a_103": "21", "A31a_104": "岐阜県", "A31a_105": 2 }, "geometry": { "type": "Polygon", "coordinates": [ [ [ 136.900500499, 35.570610798 ], [ 136.900444939, 35.570610798 ], [ 136.900444939, 35.570666358 ], [ 136.900389388, 35.570666358 ], [ 136.900389388, 35.570610798 ], [ 136.900333828, 35.570610798 ], [ 136.900278278, 35.570610798 ], [ 136.900278278, 35.570555248 ], [ 136.900278278, 35.570499688 ], [ 136.900333828, 35.570499688 ], [ 136.900333828, 35.570444129 ], [ 136.900278278, 35.570444129 ], [ 136.900222717, 35.570444129 ], [ 136.900222718, 35.570499688 ], [ 136.900222718, 35.570555248 ], [ 136.900167167, 35.570555248 ], [ 136.900167168, 35.570610798 ], [ 136.900167168, 35.570666358 ], [ 136.900111607, 35.570666358 ], [ 136.900111607, 35.570721908 ], [ 136.900111608, 35.570777468 ], [ 136.900111608, 35.570833017 ], [ 136.900056057, 35.570833017 ], [ 136.900056057, 35.570888577 ], [ 136.900056058, 35.570944127 ], [ 136.900056058, 35.570999687 ], [ 136.900111608, 35.570999687 ], [ 136.900167168, 35.570999687 ], [ 136.900167168, 35.571055247 ], [ 136.900167168, 35.571110797 ], [ 136.900111608, 35.571110797 ], [ 136.900056058, 35.571110797 ], [ 136.900056058, 35.571166356 ], [ 136.900056058, 35.571221906 ], [ 136.900000498, 35.571221906 ], [ 136.900000498, 35.571166357 ], [ 136.900000498, 35.571110797 ], [ 136.899944937, 35.571110797 ], [ 136.899889387, 35.571110797 ], [ 136.899889387, 35.571166356 ], [ 136.899889387, 35.571221906 ], [ 136.899889388, 35.571277466 ], [ 136.899833827, 35.571277466 ], [ 136.899833827, 35.571333016 ], [ 136.899778277, 35.571333016 ], [ 136.899778277, 35.571388576 ], [ 136.899778277, 35.571444126 ], [ 136.899778277, 35.571499685 ], [ 136.899778278, 35.571555245 ], [ 136.899778278, 35.571610795 ], [ 136.899778278, 35.571666355 ], [ 136.899722718, 35.571666355 ], [ 136.899722718, 35.571721905 ], [ 136.899722718, 35.571777465 ], [ 136.899722718, 35.571833014 ], [ 136.899778278, 35.571833014 ], [ 136.899833828, 35.571833014 ], [ 136.899833828, 35.571888574 ], [ 136.899889388, 35.571888574 ], [ 136.899889388, 35.571833014 ], [ 136.899889388, 35.571777465 ], [ 136.899889388, 35.571721905 ], [ 136.899944938, 35.571721905 ], [ 136.899944938, 35.571666355 ], [ 136.900000498, 35.571666355 ], [ 136.900000498, 35.571610795 ], [ 136.899944938, 35.571610795 ], [ 136.899944938, 35.571555245 ], [ 136.900000498, 35.571555245 ], [ 136.900000498, 35.571499686 ], [ 136.900000498, 35.571444126 ], [ 136.900000498, 35.571388576 ], [ 136.900000498, 35.571333016 ], [ 136.900056058, 35.571333016 ], [ 136.900111608, 35.571333016 ], [ 136.900111608, 35.571277466 ], [ 136.900111608, 35.571221906 ], [ 136.900167168, 35.571221906 ], [ 136.900222719, 35.571221906 ], [ 136.900222718, 35.571166356 ], [ 136.900222718, 35.571110797 ], [ 136.900222718, 35.571055247 ], [ 136.900278279, 35.571055247 ], [ 136.900278278, 35.570999687 ], [ 136.900278278, 35.570944127 ], [ 136.900278278, 35.570888577 ], [ 136.900333828, 35.570888577 ], [ 136.900389389, 35.570888577 ], [ 136.900389389, 35.570833017 ], [ 136.900389389, 35.570777468 ], [ 136.900444939, 35.570777468 ], [ 136.900444939, 35.570721908 ], [ 136.900500499, 35.570721908 ], [ 136.900500499, 35.570666358 ], [ 136.900500499, 35.570610798 ] ] ] } },
{ "type": "Feature", "properties": { "A31a_101": "8505090098", "A31a_102": "板取川", "A31a_103": "21", "A31a_104": "岐阜県", "A31a_105": 2 }, "geometry": { "type": "Polygon", "coordinates": [ [ [ 136.914944994, 35.571999682 ], [ 136.914944994, 35.571944122 ], [ 136.914889444, 35.571944122 ], [ 136.914833884, 35.571944122 ], [ 136.914833884, 35.571999682 ], [ 136.914889444, 35.571999682 ], [ 136.914944994, 35.571999682 ] ] ] } },
{ "type": "Feature", "properties": { "A31a_101": "8505090098", "A31a_102": "板取川", "A31a_103": "21", "A31a_104": "岐阜県", "A31a_105": 2 }, "geometry": { "type": "Polygon", "coordinates": [ [ [ 136.909611643, 35.571999683 ], [ 136.909611643, 35.571944123 ], [ 136.909556093, 35.571944123 ], [ 136.909556093, 35.571888574 ], [ 136.909500532, 35.571888574 ], [ 136.909444972, 35.571888574 ], [ 136.909444972, 35.571944123 ], [ 136.909389422, 35.571944123 ], [ 136.909389422, 35.571999683 ], [ 136.909444972, 35.571999683 ], [ 136.909500533, 35.571999683 ], [ 136.909556093, 35.571999683 ], [ 136.909611643, 35.571999683 ] ] ] } },
{ "type": "Feature", "properties": { "A31a_101": "8505090098", "A31a_102": "板取川", "A31a_103": "21", "A31a_104": "岐阜県", "A31a_105": 2 }, "geometry": { "type": "Polygon", "coordinates": [ [ [ 136.897944933, 35.572055243 ], [ 136.897944933, 35.571999683 ], [ 136.897889383, 35.571999683 ], [ 136.897889383, 35.572055243 ], [ 136.897944933, 35.572055243 ] ] ] } },
{ "type": "Feature", "properties": { "A31a_101": "8505090098", "A31a_102": "板取川", "A31a_103": "21", "A31a_104": "岐阜県", "A31a_105": 2 }, "geometry": { "type": "Polygon", "coordinates": [ [ [ 136.915778337, 35.571499683 ], [ 136.915722777, 35.571499683 ], [ 136.915667227, 35.571499683 ], [ 136.915611667, 35.571499683 ], [ 136.915556116, 35.571499683 ], [ 136.915500556, 35.571499683 ], [ 136.915444996, 35.571499683 ], [ 136.915389446, 35.571499683 ], [ 136.915389446, 35.571444123 ], [ 136.915333885, 35.571444123 ], [ 136.915278335, 35.571444123 ], [ 136.915222775, 35.571444123 ], [ 136.915167225, 35.571444123 ], [ 136.915111664, 35.571444123 ], [ 136.915056114, 35.571444123 ], [ 136.915000554, 35.571444123 ], [ 136.914944994, 35.571444123 ], [ 136.914889443, 35.571444123 ], [ 136.914833883, 35.571444123 ], [ 136.914778333, 35.571444123 ], [ 136.914722773, 35.571444123 ], [ 136.914667222, 35.571444123 ], [ 136.914611662, 35.571444123 ], [ 136.914556112, 35.571444123 ], [ 136.914500552, 35.571444123 ], [ 136.914444991, 35.571444123 ], [ 136.914389441, 35.571444123 ], [ 136.914333881, 35.571444123 ], [ 136.914333881, 35.571499683 ], [ 136.914278331, 35.571499683 ], [ 136.91422277, 35.571499683 ], [ 136.91416722, 35.571499683 ], [ 136.91411166, 35.571499683 ], [ 136.91405611, 35.571499683 ], [ 136.914000549, 35.571499684 ], [ 136.913944989, 35.571499684 ], [ 136.913889439, 35.571499684 ], [ 136.913833879, 35.571499684 ], [ 136.913833879, 35.571555243 ], [ 136.913889439, 35.571555243 ], [ 136.913889439, 35.571610793 ], [ 136.913889439, 35.571666353 ], [ 136.913889439, 35.571721903 ], [ 136.913889439, 35.571777463 ], [ 136.913889439, 35.571833013 ], [ 136.913889439, 35.571888573 ], [ 136.913889439, 35.571944122 ], [ 136.91388944, 35.571999682 ], [ 136.91388944, 35.572055242 ], [ 136.91388944, 35.572110792 ], [ 136.91388944, 35.572166352 ], [ 136.91388944, 35.572221902 ], [ 136.91394499, 35.572221902 ], [ 136.91400055, 35.572221902 ], [ 136.914056111, 35.572221902 ], [ 136.914111661, 35.572221902 ], [ 136.914167221, 35.572221902 ], [ 136.914167221, 35.572166352 ], [ 136.914222771, 35.572166352 ], [ 136.914278331, 35.572166352 ], [ 136.914333882, 35.572166352 ], [ 136.914333882, 35.572221901 ], [ 136.914389442, 35.572221901 ], [ 136.914444992, 35.572221901 ], [ 136.914444992, 35.572166352 ], [ 136.914500552, 35.572166352 ], [ 136.914556113, 35.572166351 ], [ 136.914556113, 35.572110792 ], [ 136.914611663, 35.572110792 ], [ 136.914667223, 35.572110792 ], [ 136.914667223, 35.572055242 ], [ 136.914722773, 35.572055242 ], [ 136.914722773, 35.571999682 ], [ 136.914667223, 35.571999682 ], [ 136.914611663, 35.571999682 ], [ 136.914611663, 35.572055242 ], [ 136.914556113, 35.572055242 ], [ 136.914556113, 35.571999682 ], [ 136.914556112, 35.571944122 ], [ 136.914556112, 35.571888572 ], [ 136.914611663, 35.571888572 ], [ 136.914667223, 35.571888572 ], [ 136.914722773, 35.571888572 ], [ 136.914778333, 35.571888572 ], [ 136.914833884, 35.571888572 ], [ 136.914889444, 35.571888572 ], [ 136.914889444, 35.571833012 ], [ 136.914944994, 35.571833012 ], [ 136.915000554, 35.571833012 ], [ 136.915000554, 35.571888572 ], [ 136.915000554, 35.571944122 ], [ 136.915056115, 35.571944122 ], [ 136.915111665, 35.571944122 ], [ 136.915167225, 35.571944122 ], [ 136.915222775, 35.571944122 ], [ 136.915278336, 35.571944122 ], [ 136.915278336, 35.571888572 ], [ 136.915333886, 35.571888572 ], [ 136.915389446, 35.571888572 ], [ 136.915444996, 35.571888572 ], [ 136.915500557, 35.571888572 ], [ 136.915500557, 35.571833012 ], [ 136.915556117, 35.571833012 ], [ 136.915611667, 35.571833012 ], [ 136.915667227, 35.571833012 ], [ 136.915722778, 35.571833012 ], [ 136.915722778, 35.571777462 ], [ 136.915778338, 35.571777462 ], [ 136.915833888, 35.571777462 ], [ 136.915889448, 35.571777462 ], [ 136.915889448, 35.571833012 ], [ 136.915944999, 35.571833012 ], [ 136.915944999, 35.571888571 ], [ 136.916000559, 35.571888571 ], [ 136.916056119, 35.571888571 ], [ 136.916056119, 35.571833012 ], [ 136.916000559, 35.571833012 ], [ 136.916000559, 35.571777462 ], [ 136.916000559, 35.571721902 ], [ 136.916056119, 35.571721902 ], [ 136.916056119, 35.571666352 ], [ 136.916111669, 35.571666352 ], [ 136.916167229, 35.571666352 ], [ 136.91622278, 35.571666352 ], [ 136.91622278, 35.571610792 ], [ 136.91627834, 35.571610792 ], [ 136.91633389, 35.571610792 ], [ 136.91638945, 35.571610792 ], [ 136.916445001, 35.571610792 ], [ 136.916500561, 35.571610792 ], [ 136.916500561, 35.571666352 ], [ 136.916500561, 35.571721902 ], [ 136.916556121, 35.571721902 ], [ 136.916556121, 35.571666352 ], [ 136.916611671, 35.571666352 ], [ 136.916667232, 35.571666352 ], [ 136.916722782, 35.571666352 ], [ 136.916778342, 35.571666352 ], [ 136.916833892, 35.571666352 ], [ 136.916833892, 35.571721901 ], [ 136.916889453, 35.571721901 ], [ 136.916945003, 35.571721901 ], [ 136.917000563, 35.571721901 ], [ 136.917056123, 35.571721901 ], [ 136.917056124, 35.571777461 ], [ 136.917111674, 35.571777461 ], [ 136.917111674, 35.571721901 ], [ 136.917167234, 35.571721901 ], [ 136.917222784, 35.571721901 ], [ 136.917278345, 35.571721901 ], [ 136.917278344, 35.571666351 ], [ 136.917333895, 35.571666351 ], [ 136.917389455, 35.571666351 ], [ 136.917445005, 35.571666351 ], [ 136.917445005, 35.571610791 ], [ 136.917500565, 35.571610791 ], [ 136.917500565, 35.571555242 ], [ 136.917445005, 35.571555242 ], [ 136.917389455, 35.571555242 ], [ 136.917389455, 35.571610791 ], [ 136.917333895, 35.571610791 ], [ 136.917278344, 35.571610791 ], [ 136.917222784, 35.571610792 ], [ 136.917222784, 35.571666351 ], [ 136.917167234, 35.571666351 ], [ 136.917111674, 35.571666351 ], [ 136.917111674, 35.571610792 ], [ 136.917056123, 35.571610792 ], [ 136.917000563, 35.571610792 ], [ 136.916945003, 35.571610792 ], [ 136.916889453, 35.571610792 ], [ 136.916889453, 35.571555242 ], [ 136.916833892, 35.571555242 ], [ 136.916778342, 35.571555242 ], [ 136.916722782, 35.571555242 ], [ 136.916667232, 35.571555242 ], [ 136.916611671, 35.571555242 ], [ 136.916556121, 35.571555242 ], [ 136.916500561, 35.571555242 ], [ 136.916445001, 35.571555242 ], [ 136.91638945, 35.571555242 ], [ 136.91633389, 35.571555242 ], [ 136.91627834, 35.571555242 ], [ 136.91622278, 35.571555242 ], [ 136.916167229, 35.571555242 ], [ 136.916111669, 35.571555242 ], [ 136.916056119, 35.571555242 ], [ 136.916000559, 35.571555242 ], [ 136.915944998, 35.571555242 ], [ 136.915889448, 35.571555242 ], [ 136.915833888, 35.571555242 ], [ 136.915778337, 35.571555242 ], [ 136.915778337, 35.571499683 ] ], [ [ 136.915111665, 35.571833012 ], [ 136.915056115, 35.571833012 ], [ 136.915056115, 35.571777462 ], [ 136.915111665, 35.571777462 ], [ 136.915111665, 35.571833012 ] ] ] } },
{ "type": "Feature", "properties": { "A31a_101": "8505090098", "A31a_102": "板取川", "A31a_103": "21", "A31a_104": "岐阜県", "A31a_105": 2 }, "geometry": { "type": "Polygon", "coordinates": [ [ [ 136.897889384, 35.572444122 ], [ 136.897944934, 35.572444122 ], [ 136.897944934, 35.572388572 ], [ 136.897889384, 35.572388572 ], [ 136.897889384, 35.572444122 ] ] ] } },
{ "type": "Feature", "properties": { "A31a_101": "8505090098", "A31a_102": "板取川", "A31a_103": "21", "A31a_104": "岐阜県", "A31a_105": 2 }, "geometry": { "type": "Polygon", "coordinates": [ [ [ 136.897889384, 35.572555241 ], [ 136.897889384, 35.572499682 ], [ 136.897889384, 35.572444122 ], [ 136.897833823, 35.572444122 ], [ 136.897778273, 35.572444122 ], [ 136.897722713, 35.572444122 ], [ 136.897667163, 35.572444122 ], [ 136.897611603, 35.572444122 ], [ 136.897611603, 35.572499681 ], [ 136.897611603, 35.572555241 ], [ 136.897611603, 35.572610791 ], [ 136.897611603, 35.572666351 ], [ 136.897667163, 35.572666351 ], [ 136.897667163, 35.572610791 ], [ 136.897722713, 35.572610791 ], [ 136.897778274, 35.572610791 ], [ 136.897833824, 35.572610791 ], [ 136.897833824, 35.572555241 ], [ 136.897889384, 35.572555241 ] ], [ [ 136.897667163, 35.572555241 ], [ 136.897667163, 35.572499681 ], [ 136.897722713, 35.572499681 ], [ 136.897722713, 35.572555241 ], [ 136.897667163, 35.572555241 ] ] ] } },
{ "type": "Feature", "properties": { "A31a_101": "8505090098", "A31a_102": "板取川", "A31a_103": "21", "A31a_104": "岐阜県", "A31a_105": 2 }, "geometry": { "type": "Polygon", "coordinates": [ [ [ 136.911444979, 35.571388575 ], [ 136.911389428, 35.571388575 ], [ 136.911333868, 35.571388575 ], [ 136.911333868, 35.571333015 ], [ 136.911278318, 35.571333015 ], [ 136.911222758, 35.571333015 ], [ 136.911222758, 35.571277465 ], [ 136.911167208, 35.571277465 ], [ 136.911167207, 35.571221905 ], [ 136.911111647, 35.571221905 ], [ 136.911056097, 35.571221905 ], [ 136.911056097, 35.571166355 ], [ 136.911000537, 35.571166355 ], [ 136.911000537, 35.571110796 ], [ 136.910944977, 35.571110796 ], [ 136.910889426, 35.571110796 ], [ 136.910833866, 35.571110796 ], [ 136.910833866, 35.571055246 ], [ 136.910833866, 35.570999686 ], [ 136.910778316, 35.570999686 ], [ 136.910722756, 35.570999686 ], [ 136.910722755, 35.570944126 ], [ 136.910667205, 35.570944126 ], [ 136.910667205, 35.570888576 ], [ 136.910611645, 35.570888576 ], [ 136.910556095, 35.570888576 ], [ 136.910500535, 35.570888576 ], [ 136.910444974, 35.570888576 ], [ 136.910389424, 35.570888576 ], [ 136.910333864, 35.570888576 ], [ 136.910278314, 35.570888576 ], [ 136.910222754, 35.570888576 ], [ 136.910167203, 35.570888576 ], [ 136.910111643, 35.570888576 ], [ 136.910111643, 35.570944126 ], [ 136.910056093, 35.570944126 ], [ 136.910056093, 35.570999686 ], [ 136.910000533, 35.570999686 ], [ 136.910000533, 35.571055246 ], [ 136.910000533, 35.571110796 ], [ 136.909944973, 35.571110796 ], [ 136.909889423, 35.571110796 ], [ 136.909889423, 35.571166355 ], [ 136.909833863, 35.571166355 ], [ 136.909833863, 35.571221905 ], [ 136.909889423, 35.571221905 ], [ 136.909889423, 35.571277465 ], [ 136.909944973, 35.571277465 ], [ 136.909944973, 35.571333015 ], [ 136.910000533, 35.571333015 ], [ 136.910056094, 35.571333015 ], [ 136.910056094, 35.571388575 ], [ 136.910111644, 35.571388575 ], [ 136.910111644, 35.571444125 ], [ 136.910167204, 35.571444125 ], [ 136.910167204, 35.571499685 ], [ 136.910222754, 35.571499685 ], [ 136.910222755, 35.571555244 ], [ 136.910167204, 35.571555244 ], [ 136.910167204, 35.571610794 ], [ 136.910111644, 35.571610794 ], [ 136.910056094, 35.571610794 ], [ 136.910056094, 35.571555244 ], [ 136.910000534, 35.571555244 ], [ 136.909944974, 35.571555244 ], [ 136.909944974, 35.571610794 ], [ 136.909944974, 35.571666354 ], [ 136.910000534, 35.571666354 ], [ 136.910000534, 35.571721904 ], [ 136.910056094, 35.571721904 ], [ 136.910111644, 35.571721904 ], [ 136.910111644, 35.571666354 ], [ 136.910167204, 35.571666354 ], [ 136.910167205, 35.571721904 ], [ 136.910222755, 35.571721904 ], [ 136.910222755, 35.571777464 ], [ 136.910278315, 35.571777464 ], [ 136.910333865, 35.571777464 ], [ 136.910333865, 35.571833014 ], [ 136.910389425, 35.571833014 ], [ 136.910389426, 35.571888573 ], [ 136.910444976, 35.571888573 ], [ 136.910444976, 35.571944123 ], [ 136.910500536, 35.571944123 ], [ 136.910556096, 35.571944123 ], [ 136.910556096, 35.571999683 ], [ 136.910556096, 35.572055243 ], [ 136.910611647, 35.572055243 ], [ 136.910667207, 35.572055243 ], [ 136.910667207, 35.572110793 ], [ 136.910722757, 35.572110793 ], [ 136.910722757, 35.572166353 ], [ 136.910778317, 35.572166353 ], [ 136.910833868, 35.572166353 ], [ 136.910833868, 35.572221903 ], [ 136.910889428, 35.572221903 ], [ 136.910889428, 35.572277462 ], [ 136.910944978, 35.572277462 ], [ 136.910944978, 35.572333012 ], [ 136.911000538, 35.572333012 ], [ 136.911056099, 35.572333012 ], [ 136.911056099, 35.572388572 ], [ 136.911000538, 35.572388572 ], [ 136.911000538, 35.572444122 ], [ 136.910944978, 35.572444122 ], [ 136.910944978, 35.572388572 ], [ 136.910889428, 35.572388572 ], [ 136.910889428, 35.572444122 ], [ 136.910833868, 35.572444122 ], [ 136.910833868, 35.572499682 ], [ 136.910889428, 35.572499682 ], [ 136.910889428, 35.572555242 ], [ 136.910833868, 35.572555242 ], [ 136.910833868, 35.572610791 ], [ 136.910889428, 35.572610791 ], [ 136.910944979, 35.572610791 ], [ 136.910944979, 35.572666351 ], [ 136.911000539, 35.572666351 ], [ 136.911056099, 35.572666351 ], [ 136.911111649, 35.572666351 ], [ 136.911167209, 35.572666351 ], [ 136.91122276, 35.572666351 ], [ 136.91127832, 35.572666351 ], [ 136.91133387, 35.572666351 ], [ 136.91133387, 35.572610791 ], [ 136.91127832, 35.572610791 ], [ 136.911222759, 35.572610791 ], [ 136.911222759, 35.572555242 ], [ 136.91127832, 35.572555242 ], [ 136.91133387, 35.572555242 ], [ 136.91133387, 35.572499682 ], [ 136.91133387, 35.572444122 ], [ 136.91138943, 35.572444122 ], [ 136.91144498, 35.572444122 ], [ 136.91150054, 35.572444122 ], [ 136.91150054, 35.572388572 ], [ 136.9115561, 35.572388572 ], [ 136.911611651, 35.572388572 ], [ 136.911667211, 35.572388572 ], [ 136.911722761, 35.572388572 ], [ 136.911778321, 35.572388572 ], [ 136.911833871, 35.572388572 ], [ 136.911889432, 35.572388572 ], [ 136.911944982, 35.572388572 ], [ 136.911944982, 35.572333012 ], [ 136.911944982, 35.572277462 ], [ 136.911889431, 35.572277462 ], [ 136.911889431, 35.572221902 ], [ 136.911889431, 35.572166353 ], [ 136.911889431, 35.572110793 ], [ 136.911889431, 35.572055243 ], [ 136.911889431, 35.571999683 ], [ 136.911889431, 35.571944123 ], [ 136.911889431, 35.571888573 ], [ 136.911889431, 35.571833013 ], [ 136.911944981, 35.571833013 ], [ 136.911944981, 35.571777464 ], [ 136.911944981, 35.571721904 ], [ 136.912000541, 35.571721904 ], [ 136.912000541, 35.571666354 ], [ 136.912000541, 35.571610794 ], [ 136.912056101, 35.571610794 ], [ 136.912111651, 35.571610794 ], [ 136.912167212, 35.571610794 ], [ 136.912222762, 35.571610794 ], [ 136.912222762, 35.571555244 ], [ 136.912167211, 35.571555244 ], [ 136.912111651, 35.571555244 ], [ 136.912056101, 35.571555244 ], [ 136.912000541, 35.571555244 ], [ 136.911944981, 35.571555244 ], [ 136.91188943, 35.571555244 ], [ 136.91183387, 35.571555244 ], [ 136.91177832, 35.571555244 ], [ 136.91172276, 35.571555244 ], [ 136.91166721, 35.571555244 ], [ 136.91166721, 35.571499684 ], [ 136.911611649, 35.571499684 ], [ 136.911556099, 35.571499684 ], [ 136.911556099, 35.571444125 ], [ 136.911500539, 35.571444125 ], [ 136.911444979, 35.571444125 ], [ 136.911444979, 35.571388575 ] ], [ [ 136.911222758, 35.571610794 ], [ 136.911222758, 35.571666354 ], [ 136.911278318, 35.571666354 ], [ 136.911333869, 35.571666354 ], [ 136.911333869, 35.571721904 ], [ 136.911389429, 35.571721904 ], [ 136.911389429, 35.571777464 ], [ 136.911444979, 35.571777464 ], [ 136.911500539, 35.571777464 ], [ 136.911500539, 35.571833014 ], [ 136.9115561, 35.571833014 ], [ 136.9115561, 35.571888573 ], [ 136.91150054, 35.571888573 ], [ 136.911444979, 35.571888573 ], [ 136.911444979, 35.571833014 ], [ 136.911389429, 35.571833014 ], [ 136.911333869, 35.571833014 ], [ 136.911278319, 35.571833014 ], [ 136.911278319, 35.571888573 ], [ 136.911222759, 35.571888573 ], [ 136.911222758, 35.571833014 ], [ 136.911167208, 35.571833014 ], [ 136.911167208, 35.571777464 ], [ 136.911111648, 35.571777464 ], [ 136.911111648, 35.571721904 ], [ 136.911056098, 35.571721904 ], [ 136.911056098, 35.571666354 ], [ 136.911111648, 35.571666354 ], [ 136.911111648, 35.571610794 ], [ 136.911167208, 35.571610794 ], [ 136.911222758, 35.571610794 ] ], [ [ 136.911444979, 35.571999683 ], [ 136.911389429, 35.571999683 ], [ 136.911389429, 35.571944123 ], [ 136.911444979, 35.571944123 ], [ 136.911444979, 35.571999683 ] ], [ [ 136.911111649, 35.572499682 ], [ 136.911056099, 35.572499682 ], [ 136.911056099, 35.572444122 ], [ 136.911111649, 35.572444122 ], [ 136.911111649, 35.572499682 ] ] ] } },
{ "type": "Feature", "properties": { "A31a_101": "8505090098", "A31a_102": "板取川", "A31a_103": "21", "A31a_104": "岐阜県", "A31a_105": 2 }, "geometry": { "type": "Polygon", "coordinates": [ [ [ 136.898333824, 35.571833014 ], [ 136.898389384, 35.571833014 ], [ 136.898389384, 35.571888574 ], [ 136.898389384, 35.571944123 ], [ 136.898389384, 35.571999683 ], [ 136.898389384, 35.572055243 ], [ 136.898389385, 35.572110793 ], [ 136.898333824, 35.572110793 ], [ 136.898278274, 35.572110793 ], [ 136.898278274, 35.572055243 ], [ 136.898333824, 35.572055243 ], [ 136.898333824, 35.571999683 ], [ 136.898333824, 35.571944123 ], [ 136.898278274, 35.571944123 ], [ 136.898278274, 35.571999683 ], [ 136.898222714, 35.571999683 ], [ 136.898222714, 35.572055243 ], [ 136.898167164, 35.572055243 ], [ 136.898167164, 35.572110793 ], [ 136.898111604, 35.572110793 ], [ 136.898056054, 35.572110793 ], [ 136.898056054, 35.572055243 ], [ 136.898000493, 35.572055243 ], [ 136.897944933, 35.572055243 ], [ 136.897944933, 35.572110793 ], [ 136.897944933, 35.572166353 ], [ 136.897889383, 35.572166353 ], [ 136.897889383, 35.572221902 ], [ 136.897833823, 35.572221902 ], [ 136.897778273, 35.572221902 ], [ 136.897778273, 35.572277462 ], [ 136.897833823, 35.572277462 ], [ 136.897889383, 35.572277462 ], [ 136.897944934, 35.572277462 ], [ 136.897944933, 35.572221902 ], [ 136.898000494, 35.572221902 ], [ 136.898000494, 35.572277462 ], [ 136.897944934, 35.572277462 ], [ 136.897944934, 35.572333012 ], [ 136.898000494, 35.572333012 ], [ 136.898000494, 35.572388572 ], [ 136.898000494, 35.572444122 ], [ 136.898056054, 35.572444122 ], [ 136.898056054, 35.572388572 ], [ 136.898056054, 35.572333012 ], [ 136.898111604, 35.572333012 ], [ 136.898167164, 35.572333012 ], [ 136.898167164, 35.572388572 ], [ 136.898222714, 35.572388572 ], [ 136.898222715, 35.572444122 ], [ 136.898167164, 35.572444122 ], [ 136.898167164, 35.572499682 ], [ 136.898222715, 35.572499682 ], [ 136.898278275, 35.572499682 ], [ 136.898278275, 35.572555242 ], [ 136.898278275, 35.572610791 ], [ 136.898333825, 35.572610791 ], [ 136.898333825, 35.572555242 ], [ 136.898333825, 35.572499682 ], [ 136.898333825, 35.572444122 ], [ 136.898333825, 35.572388572 ], [ 136.898333825, 35.572333012 ], [ 136.898333825, 35.572277462 ], [ 136.898389385, 35.572277462 ], [ 136.898444935, 35.572277462 ], [ 136.898500495, 35.572277463 ], [ 136.898500495, 35.572333012 ], [ 136.898556055, 35.572333012 ], [ 136.898556055, 35.572388572 ], [ 136.898500495, 35.572388572 ], [ 136.898500495, 35.572444122 ], [ 136.898500495, 35.572499682 ], [ 136.898500495, 35.572555242 ], [ 136.898500495, 35.572610792 ], [ 136.898556056, 35.572610792 ], [ 136.898611606, 35.572610792 ], [ 136.898611606, 35.572666351 ], [ 136.898667166, 35.572666351 ], [ 136.898667166, 35.572610792 ], [ 136.898667166, 35.572555242 ], [ 136.898722716, 35.572555242 ], [ 136.898722716, 35.572499682 ], [ 136.898722716, 35.572444122 ], [ 136.898722716, 35.572388572 ], [ 136.898778276, 35.572388572 ], [ 136.898778276, 35.572333012 ], [ 136.898778276, 35.572277463 ], [ 136.898778276, 35.572221903 ], [ 136.898778276, 35.572166353 ], [ 136.898833826, 35.572166353 ], [ 136.898833826, 35.572110793 ], [ 136.898833826, 35.572055243 ], [ 136.898833826, 35.571999683 ], [ 136.898833825, 35.571944124 ], [ 136.898889386, 35.571944124 ], [ 136.898889386, 35.571888574 ], [ 136.898889385, 35.571833014 ], [ 136.898889385, 35.571777464 ], [ 136.898889385, 35.571721904 ], [ 136.898889385, 35.571666355 ], [ 136.898889385, 35.571610795 ], [ 136.898889385, 35.571555245 ], [ 136.898944935, 35.571555245 ], [ 136.898944935, 35.571499685 ], [ 136.899000495, 35.571499685 ], [ 136.899000495, 35.571444125 ], [ 136.899000495, 35.571388575 ], [ 136.899056055, 35.571388575 ], [ 136.899056055, 35.571333016 ], [ 136.899056055, 35.571277466 ], [ 136.899056055, 35.571221906 ], [ 136.899111605, 35.571221906 ], [ 136.899111605, 35.571166356 ], [ 136.899111605, 35.571110796 ], [ 136.899111605, 35.571055246 ], [ 136.899167165, 35.571055246 ], [ 136.899167165, 35.570999687 ], [ 136.899167165, 35.570944127 ], [ 136.899167165, 35.570888577 ], [ 136.899167165, 35.570833017 ], [ 136.899167165, 35.570777467 ], [ 136.899167165, 35.570721907 ], [ 136.899167165, 35.570666358 ], [ 136.899222715, 35.570666358 ], [ 136.899278275, 35.570666358 ], [ 136.899278275, 35.570610798 ], [ 136.899278275, 35.570555248 ], [ 136.899333825, 35.570555248 ], [ 136.899333825, 35.570499688 ], [ 136.899333825, 35.570444128 ], [ 136.899333825, 35.570388579 ], [ 136.899389385, 35.570388579 ], [ 136.899389385, 35.570333019 ], [ 136.899389385, 35.570277469 ], [ 136.899444935, 35.570277469 ], [ 136.899444935, 35.570221909 ], [ 136.899444935, 35.570166359 ], [ 136.899444935, 35.570110799 ], [ 136.899444935, 35.57005525 ], [ 136.899444935, 35.56999969 ], [ 136.899389384, 35.56999969 ], [ 136.899333824, 35.56999969 ], [ 136.899333824, 35.57005525 ], [ 136.899389384, 35.57005525 ], [ 136.899389385, 35.570110799 ], [ 136.899389385, 35.570166359 ], [ 136.899333824, 35.570166359 ], [ 136.899278274, 35.570166359 ], [ 136.899222714, 35.570166359 ], [ 136.899222714, 35.570110799 ], [ 136.899167164, 35.570110799 ], [ 136.899167164, 35.570166359 ], [ 136.899167164, 35.570221909 ], [ 136.899111604, 35.570221909 ], [ 136.899111604, 35.570277469 ], [ 136.899111604, 35.570333019 ], [ 136.899056054, 35.570333019 ], [ 136.899056054, 35.570388578 ], [ 136.899000494, 35.570388578 ], [ 136.899000494, 35.570444128 ], [ 136.899000494, 35.570499688 ], [ 136.899000494, 35.570555248 ], [ 136.898944934, 35.570555248 ], [ 136.898944934, 35.570610798 ], [ 136.898944934, 35.570666358 ], [ 136.899000494, 35.570666358 ], [ 136.899000494, 35.570721907 ], [ 136.898944934, 35.570721907 ], [ 136.898889384, 35.570721907 ], [ 136.898833824, 35.570721907 ], [ 136.898833824, 35.570777467 ], [ 136.898833824, 35.570833017 ], [ 136.898833824, 35.570888577 ], [ 136.898889384, 35.570888577 ], [ 136.898889384, 35.570944127 ], [ 136.898889384, 35.570999687 ], [ 136.898833824, 35.570999686 ], [ 136.898778274, 35.570999686 ], [ 136.898778274, 35.571055246 ], [ 136.898833824, 35.571055246 ], [ 136.898833824, 35.571110796 ], [ 136.898778274, 35.571110796 ], [ 136.898778274, 35.571166356 ], [ 136.898778274, 35.571221906 ], [ 136.898833825, 35.571221906 ], [ 136.898833825, 35.571277466 ], [ 136.898778274, 35.571277466 ], [ 136.898722714, 35.571277466 ], [ 136.898722714, 35.571333015 ], [ 136.898667164, 35.571333015 ], [ 136.898667164, 35.571388575 ], [ 136.898722714, 35.571388575 ], [ 136.898722715, 35.571444125 ], [ 136.898667164, 35.571444125 ], [ 136.898667164, 35.571499685 ], [ 136.898667165, 35.571555245 ], [ 136.898611604, 35.571555245 ], [ 136.898611604, 35.571610795 ], [ 136.898556054, 35.571610795 ], [ 136.898556054, 35.571666354 ], [ 136.898500494, 35.571666354 ], [ 136.898500494, 35.571721904 ], [ 136.898500494, 35.571777464 ], [ 136.898444934, 35.571777464 ], [ 136.898389384, 35.571777464 ], [ 136.898333824, 35.571777464 ], [ 136.898333824, 35.571833014 ] ], [ [ 136.898611605, 35.571777464 ], [ 136.898611605, 35.571721904 ], [ 136.898611605, 35.571666354 ], [ 136.898667165, 35.571666354 ], [ 136.898722715, 35.571666354 ], [ 136.898722715, 35.571721904 ], [ 136.898778275, 35.571721904 ], [ 136.898833825, 35.571721904 ], [ 136.898833825, 35.571777464 ], [ 136.898778275, 35.571777464 ], [ 136.898722715, 35.571777464 ], [ 136.898667165, 35.571777464 ], [ 136.898611605, 35.571777464 ] ], [ [ 136.898500495, 35.571888574 ], [ 136.898500495, 35.571944124 ], [ 136.898444934, 35.571944123 ], [ 136.898444934, 35.571888574 ], [ 136.898500495, 35.571888574 ] ] ] } },
{ "type": "Feature", "properties": { "A31a_101": "8505090098", "A31a_102": "板取川", "A31a_103": "21", "A31a_104": "岐阜県", "A31a_105": 2 }, "geometry": { "type": "Polygon", "coordinates": [ [ [ 136.899722718, 35.571833014 ], [ 136.899667168, 35.571833014 ], [ 136.899667168, 35.571888574 ], [ 136.899611608, 35.571888574 ], [ 136.899611608, 35.571944124 ], [ 136.899556057, 35.571944124 ], [ 136.899556058, 35.571999684 ], [ 136.899556058, 35.572055244 ], [ 136.899500497, 35.572055244 ], [ 136.899500498, 35.572110793 ], [ 136.899500498, 35.572166353 ], [ 136.899500498, 35.572221903 ], [ 136.899500498, 35.572277463 ], [ 136.899500498, 35.572333013 ], [ 136.899500498, 35.572388573 ], [ 136.899444938, 35.572388573 ], [ 136.899444938, 35.572444122 ], [ 136.899444938, 35.572499682 ], [ 136.899444938, 35.572555242 ], [ 136.899444938, 35.572610792 ], [ 136.899444938, 35.572666352 ], [ 136.899500498, 35.572666352 ], [ 136.899500498, 35.572610792 ], [ 136.899500498, 35.572555242 ], [ 136.899556058, 35.572555242 ], [ 136.899556058, 35.572499682 ], [ 136.899556058, 35.572444122 ], [ 136.899611608, 35.572444122 ], [ 136.899611608, 35.572388573 ], [ 136.899556058, 35.572388573 ], [ 136.899556058, 35.572333013 ], [ 136.899611608, 35.572333013 ], [ 136.899611608, 35.572277463 ], [ 136.899611608, 35.572221903 ], [ 136.899667168, 35.572221903 ], [ 136.899667168, 35.572166353 ], [ 136.899667168, 35.572110794 ], [ 136.899667168, 35.572055244 ], [ 136.899667168, 35.571999684 ], [ 136.899667168, 35.571944124 ], [ 136.899722718, 35.571944124 ], [ 136.899722718, 35.571888574 ], [ 136.899722718, 35.571833014 ] ] ] } },
{ "type": "Feature", "properties": { "A31a_101": "8505090098", "A31a_102": "板取川", "A31a_103": "21", "A31a_104": "岐阜県", "A31a_105": 2 }, "geometry": { "type": "Polygon", "coordinates": [ [ [ 136.897611604, 35.57305524 ], [ 136.897556054, 35.57305524 ], [ 136.897556054, 35.57311079 ], [ 136.897611604, 35.57311079 ], [ 136.897611604, 35.57305524 ] ] ] } },
{ "type": "Feature", "properties": { "A31a_101": "8505090098", "A31a_102": "板取川", "A31a_103": "21", "A31a_104": "岐阜県", "A31a_105": 2 }, "geometry": { "type": "Polygon", "coordinates": [ [ [ 136.897611605, 35.574166346 ], [ 136.897556055, 35.574166346 ], [ 136.897556055, 35.574221896 ], [ 136.897611605, 35.574221896 ], [ 136.897611605, 35.574166346 ] ] ] } },
{ "type": "Feature", "properties": { "A31a_101": "8505090098", "A31a_102": "板取川", "A31a_103": "21", "A31a_104": "岐阜県", "A31a_105": 2 }, "geometry": { "type": "Polygon", "coordinates": [ [ [ 136.898611606, 35.572666351 ], [ 136.898556056, 35.572666351 ], [ 136.898500496, 35.572666351 ], [ 136.898444935, 35.572666351 ], [ 136.898389385, 35.572666351 ], [ 136.898333825, 35.572666351 ], [ 136.898278275, 35.572666351 ], [ 136.898222715, 35.572666351 ], [ 136.898167165, 35.572666351 ], [ 136.898111605, 35.572666351 ], [ 136.898056054, 35.572666351 ], [ 136.898056054, 35.572721901 ], [ 136.898111605, 35.572721901 ], [ 136.898167165, 35.572721901 ], [ 136.898167165, 35.572777461 ], [ 136.898222715, 35.572777461 ], [ 136.898222715, 35.572721901 ], [ 136.898278275, 35.572721901 ], [ 136.898278275, 35.572777461 ], [ 136.898222715, 35.572777461 ], [ 136.898222715, 35.572833011 ], [ 136.898278275, 35.572833011 ], [ 136.898278275, 35.572888571 ], [ 136.898222715, 35.572888571 ], [ 136.898222715, 35.572833011 ], [ 136.898167165, 35.572833011 ], [ 136.898167165, 35.572777461 ], [ 136.898111605, 35.572777461 ], [ 136.898111605, 35.572833011 ], [ 136.898056055, 35.572833011 ], [ 136.898000494, 35.572833011 ], [ 136.897944934, 35.572833011 ], [ 136.897944934, 35.57288857 ], [ 136.897944934, 35.57294412 ], [ 136.898000495, 35.57294412 ], [ 136.898056055, 35.57294412 ], [ 136.898111605, 35.57294412 ], [ 136.898111605, 35.57299968 ], [ 136.898056055, 35.57299968 ], [ 136.898056055, 35.57305524 ], [ 136.898000495, 35.57305524 ], [ 136.897944935, 35.57305524 ], [ 136.897944935, 35.57311079 ], [ 136.897889385, 35.57311079 ], [ 136.897889384, 35.57305524 ], [ 136.897833824, 35.57305524 ], [ 136.897833824, 35.57299968 ], [ 136.897778274, 35.57299968 ], [ 136.897778274, 35.57294412 ], [ 136.897833824, 35.57294412 ], [ 136.897833824, 35.57299968 ], [ 136.897889384, 35.57299968 ], [ 136.897944935, 35.57299968 ], [ 136.897944934, 35.57294412 ], [ 136.897889384, 35.57294412 ], [ 136.897889384, 35.57288857 ], [ 136.897889384, 35.572833011 ], [ 136.897944934, 35.572833011 ], [ 136.897944934, 35.572777461 ], [ 136.897944934, 35.572721901 ], [ 136.898000494, 35.572721901 ], [ 136.898000494, 35.572666351 ], [ 136.898000494, 35.572610791 ], [ 136.897944934, 35.572610791 ], [ 136.897944934, 35.572555241 ], [ 136.897889384, 35.572555241 ], [ 136.897889384, 35.572610791 ], [ 136.897889384, 35.572666351 ], [ 136.897833824, 35.572666351 ], [ 136.897833824, 35.572721901 ], [ 136.897778274, 35.572721901 ], [ 136.897722714, 35.572721901 ], [ 136.897667163, 35.572721901 ], [ 136.897611603, 35.572721901 ], [ 136.897611603, 35.572777461 ], [ 136.897556053, 35.572777461 ], [ 136.897556053, 35.57283301 ], [ 136.897556053, 35.57288857 ], [ 136.897556053, 35.57294412 ], [ 136.897500493, 35.57294412 ], [ 136.897500493, 35.57299968 ], [ 136.897556053, 35.57299968 ], [ 136.897611604, 35.57299968 ], [ 136.897611604, 35.57305524 ], [ 136.897667164, 35.57305524 ], [ 136.897667164, 35.57311079 ], [ 136.897611604, 35.57311079 ], [ 136.897611604, 35.573166349 ], [ 136.897667164, 35.573166349 ], [ 136.897667164, 35.573221899 ], [ 136.897611604, 35.573221899 ], [ 136.897556054, 35.573221899 ], [ 136.897556054, 35.573277459 ], [ 136.897556054, 35.573333009 ], [ 136.897500494, 35.573333009 ], [ 136.897500494, 35.573388569 ], [ 136.897500494, 35.573444119 ], [ 136.897500494, 35.573499678 ], [ 136.897556054, 35.573499678 ], [ 136.897556054, 35.573555238 ], [ 136.897556054, 35.573610788 ], [ 136.897611604, 35.573610788 ], [ 136.897667165, 35.573610788 ], [ 136.897667165, 35.573666348 ], [ 136.897667165, 35.573721898 ], [ 136.897611605, 35.573721898 ], [ 136.897611605, 35.573777458 ], [ 136.897667165, 35.573777458 ], [ 136.897667165, 35.573833007 ], [ 136.897667165, 35.573888567 ], [ 136.897667165, 35.573944117 ], [ 136.897722715, 35.573944117 ], [ 136.897722715, 35.573999677 ], [ 136.897667165, 35.573999677 ], [ 136.897667165, 35.574055237 ], [ 136.897611605, 35.574055237 ], [ 136.897611605, 35.574110787 ], [ 136.897611605, 35.574166346 ], [ 136.897667165, 35.574166346 ], [ 136.897667165, 35.574221896 ], [ 136.897611605, 35.574221896 ], [ 136.897611605, 35.574277456 ], [ 136.897667166, 35.574277456 ], [ 136.897722716, 35.574277456 ], [ 136.897722716, 35.574333006 ], [ 136.897667166, 35.574333006 ], [ 136.897667166, 35.574388566 ], [ 136.897611606, 35.574388566 ], [ 136.897611605, 35.574333006 ], [ 136.897556055, 35.574333006 ], [ 136.897556055, 35.574388566 ], [ 136.897556055, 35.574444116 ], [ 136.897556056, 35.574499675 ], [ 136.897500495, 35.574499675 ], [ 136.897500495, 35.574555235 ], [ 136.897500496, 35.574610785 ], [ 136.897500496, 35.574666345 ], [ 136.897500496, 35.574721895 ], [ 136.897500496, 35.574777455 ], [ 136.897500496, 35.574833004 ], [ 136.897500496, 35.574888564 ], [ 136.897444936, 35.574888564 ], [ 136.897444936, 35.574944114 ], [ 136.897444936, 35.574999674 ], [ 136.897444936, 35.575055234 ], [ 136.897389386, 35.575055234 ], [ 136.897333826, 35.575055234 ], [ 136.897278276, 35.575055234 ], [ 136.897278276, 35.575110783 ], [ 136.897333826, 35.575110784 ], [ 136.897389386, 35.575110784 ], [ 136.897444936, 35.575110784 ], [ 136.897500496, 35.575110784 ], [ 136.897500496, 35.575166343 ], [ 136.897500496, 35.575221893 ], [ 136.897556057, 35.575221893 ], [ 136.897611607, 35.575221893 ], [ 136.897611607, 35.575277453 ], [ 136.897556057, 35.575277453 ], [ 136.897500496, 35.575277453 ], [ 136.897500497, 35.575333003 ], [ 136.897500497, 35.575388563 ], [ 136.897500497, 35.575444113 ], [ 136.897500497, 35.575499673 ], [ 136.897500497, 35.575555232 ], [ 136.897500497, 35.575610782 ], [ 136.897500497, 35.575666342 ], [ 136.897500497, 35.575721892 ], [ 136.897500497, 35.575777452 ], [ 136.897500497, 35.575833002 ], [ 136.897500497, 35.575888562 ], [ 136.897500497, 35.575944111 ], [ 136.897500497, 35.575999671 ], [ 136.897500498, 35.576055231 ], [ 136.897500498, 35.576110781 ], [ 136.897500498, 35.576166341 ], [ 136.897500498, 35.576221891 ], [ 136.897500498, 35.57627745 ], [ 136.897500498, 35.576333 ], [ 136.897556058, 35.576333 ], [ 136.897556058, 35.57638856 ], [ 136.897556058, 35.57644411 ], [ 136.897556058, 35.57649967 ], [ 136.897500498, 35.57649967 ], [ 136.897500498, 35.57655523 ], [ 136.897556058, 35.57655523 ], [ 136.897556058, 35.57661078 ], [ 136.897500498, 35.57661078 ], [ 136.897500498, 35.576666339 ], [ 136.897500498, 35.576721889 ], [ 136.897500498, 35.576777449 ], [ 136.897500499, 35.576832999 ], [ 136.897500499, 35.576888559 ], [ 136.897556059, 35.576888559 ], [ 136.897556059, 35.576944109 ], [ 136.897556059, 35.576999669 ], [ 136.897556059, 35.577055228 ], [ 136.897611609, 35.577055228 ], [ 136.897611609, 35.576999669 ], [ 136.897611609, 35.576944109 ], [ 136.897611609, 35.576888559 ], [ 136.897667169, 35.576888559 ], [ 136.897667169, 35.576832999 ], [ 136.897611609, 35.576832999 ], [ 136.897611609, 35.576777449 ], [ 136.897667169, 35.576777449 ], [ 136.897667169, 35.576721889 ], [ 136.897667169, 35.57666634 ], [ 136.897722719, 35.57666634 ], [ 136.897778279, 35.57666634 ], [ 136.897778279, 35.57661078 ], [ 136.897778279, 35.57655523 ], [ 136.897778279, 35.57649967 ], [ 136.897778279, 35.57644411 ], [ 136.897778279, 35.57638856 ], [ 136.897778279, 35.576333 ], [ 136.897778279, 35.576277451 ], [ 136.897778278, 35.576221891 ], [ 136.897778278, 35.576166341 ], [ 136.897778278, 35.576110781 ], [ 136.897778278, 35.576055231 ], [ 136.897722718, 35.576055231 ], [ 136.897722718, 35.576110781 ], [ 136.897722718, 35.576166341 ], [ 136.897667168, 35.576166341 ], [ 136.897611608, 35.576166341 ], [ 136.897611608, 35.576110781 ], [ 136.897611608, 35.576055231 ], [ 136.897667168, 35.576055231 ], [ 136.897667168, 35.575999671 ], [ 136.897722718, 35.575999671 ], [ 136.897778278, 35.575999671 ], [ 136.897833828, 35.575999671 ], [ 136.897889388, 35.575999671 ], [ 136.897944939, 35.575999671 ], [ 136.897944939, 35.575944112 ], [ 136.898000499, 35.575944112 ], [ 136.898000499, 35.575888562 ], [ 136.898000499, 35.575833002 ], [ 136.897944938, 35.575833002 ], [ 136.897889388, 35.575833002 ], [ 136.897889388, 35.575777452 ], [ 136.897833828, 35.575777452 ], [ 136.897833828, 35.575721892 ], [ 136.897889388, 35.575721892 ], [ 136.897944938, 35.575721892 ], [ 136.897944938, 35.575666342 ], [ 136.897889388, 35.575666342 ], [ 136.897889388, 35.575610782 ], [ 136.897889388, 35.575555233 ], [ 136.897944938, 35.575555233 ], [ 136.897944938, 35.575499673 ], [ 136.897944938, 35.575444113 ], [ 136.897944938, 35.575388563 ], [ 136.898000498, 35.575388563 ], [ 136.898000498, 35.575333003 ], [ 136.898000498, 35.575277453 ], [ 136.898000498, 35.575221894 ], [ 136.898056058, 35.575221894 ], [ 136.898056058, 35.575166344 ], [ 136.898056058, 35.575110784 ], [ 136.898111608, 35.575110784 ], [ 136.898111608, 35.575055234 ], [ 136.898111608, 35.574999674 ], [ 136.898111608, 35.574944114 ], [ 136.898167168, 35.574944114 ], [ 136.898167168, 35.574888565 ], [ 136.898222718, 35.574888565 ], [ 136.898222718, 35.574833005 ], [ 136.898222718, 35.574777455 ], [ 136.898222718, 35.574721895 ], [ 136.898278278, 35.574721895 ], [ 136.898278278, 35.574666345 ], [ 136.898278278, 35.574610785 ], [ 136.898278278, 35.574555236 ], [ 136.898278277, 35.574499676 ], [ 136.898333828, 35.574499676 ], [ 136.898333828, 35.574444116 ], [ 136.898278277, 35.574444116 ], [ 136.898222717, 35.574444116 ], [ 136.898222717, 35.574388566 ], [ 136.898278277, 35.574388566 ], [ 136.898333827, 35.574388566 ], [ 136.898333827, 35.574333006 ], [ 136.898333827, 35.574277456 ], [ 136.898389387, 35.574277456 ], [ 136.898389387, 35.574221897 ], [ 136.898389387, 35.574166347 ], [ 136.898333827, 35.574166347 ], [ 136.898333827, 35.574110787 ], [ 136.898389387, 35.574110787 ], [ 136.898389387, 35.574055237 ], [ 136.898389387, 35.573999677 ], [ 136.898389387, 35.573944117 ], [ 136.898389387, 35.573888568 ], [ 136.898389387, 35.573833008 ], [ 136.898444937, 35.573833008 ], [ 136.898444937, 35.573777458 ], [ 136.898444937, 35.573721898 ], [ 136.898444937, 35.573666348 ], [ 136.898444937, 35.573610788 ], [ 136.898444937, 35.573555239 ], [ 136.898500497, 35.573555239 ], [ 136.898500497, 35.573499679 ], [ 136.898500497, 35.573444119 ], [ 136.898500497, 35.573388569 ], [ 136.898500496, 35.573333009 ], [ 136.898500496, 35.57327746 ], [ 136.898500496, 35.5732219 ], [ 136.898556056, 35.5732219 ], [ 136.898556056, 35.57316635 ], [ 136.898556056, 35.57311079 ], [ 136.898556056, 35.57305524 ], [ 136.898556056, 35.57299968 ], [ 136.898556056, 35.572944121 ], [ 136.898611606, 35.572944121 ], [ 136.898611606, 35.572888571 ], [ 136.898611606, 35.572833011 ], [ 136.898611606, 35.572777461 ], [ 136.898611606, 35.572721901 ], [ 136.898611606, 35.572666351 ] ], [ [ 136.897778274, 35.57316635 ], [ 136.897778274, 35.573221899 ], [ 136.897722714, 35.573221899 ], [ 136.897722714, 35.573166349 ], [ 136.897778274, 35.57316635 ] ], [ [ 136.897778275, 35.573333009 ], [ 136.897778275, 35.573388569 ], [ 136.897722714, 35.573388569 ], [ 136.897722714, 35.573333009 ], [ 136.897778275, 35.573333009 ] ], [ [ 136.897833825, 35.573666348 ], [ 136.897889385, 35.573666348 ], [ 136.897889385, 35.573721898 ], [ 136.897833825, 35.573721898 ], [ 136.897833825, 35.573666348 ], [ 136.897778275, 35.573666348 ], [ 136.897778275, 35.573610788 ], [ 136.897833825, 35.573610788 ], [ 136.897833825, 35.573666348 ] ], [ [ 136.897833826, 35.574388566 ], [ 136.897833826, 35.574444116 ], [ 136.897778276, 35.574444116 ], [ 136.897778276, 35.574388566 ], [ 136.897833826, 35.574388566 ] ], [ [ 136.897611606, 35.574666345 ], [ 136.897611606, 35.574721895 ], [ 136.897556056, 35.574721895 ], [ 136.897556056, 35.574666345 ], [ 136.897611606, 35.574666345 ] ], [ [ 136.897833828, 35.575888562 ], [ 136.897833828, 35.575944112 ], [ 136.897778278, 35.575944111 ], [ 136.897778278, 35.575888562 ], [ 136.897833828, 35.575888562 ] ] ] } },
{ "type": "Feature", "properties": { "A31a_101": "8505090098", "A31a_102": "板取川", "A31a_103": "21", "A31a_104": "岐阜県", "A31a_105": 2 }, "geometry": { "type": "Polygon", "coordinates": [ [ [ 136.897611609, 35.577110778 ], [ 136.897556059, 35.577110778 ], [ 136.897556059, 35.577166338 ], [ 136.897556059, 35.577221888 ], [ 136.897556059, 35.577277448 ], [ 136.897556059, 35.577332998 ], [ 136.897556059, 35.577388558 ], [ 136.89755606, 35.577444107 ], [ 136.89761161, 35.577444107 ], [ 136.89761161, 35.577388558 ], [ 136.89761161, 35.577332998 ], [ 136.897611609, 35.577277448 ], [ 136.897611609, 35.577221888 ], [ 136.897611609, 35.577166338 ], [ 136.897611609, 35.577110778 ] ] ] } },
{ "type": "Feature", "properties": { "A31a_101": "8505090098", "A31a_102": "板取川", "A31a_103": "21", "A31a_104": "岐阜県", "A31a_105": 2 }, "geometry": { "type": "Polygon", "coordinates": [ [ [ 136.89766717, 35.577499667 ], [ 136.89761161, 35.577499667 ], [ 136.89761161, 35.577555227 ], [ 136.89766717, 35.577555227 ], [ 136.89766717, 35.577499667 ] ] ] } },
{ "type": "Feature", "properties": { "A31a_101": "8505090098", "A31a_102": "板取川", "A31a_103": "21", "A31a_104": "岐阜県", "A31a_105": 2 }, "geometry": { "type": "Polygon", "coordinates": [ [ [ 136.899611617, 35.578666335 ], [ 136.899611617, 35.578721885 ], [ 136.899611617, 35.578777445 ], [ 136.899667177, 35.578777445 ], [ 136.899667177, 35.578721885 ], [ 136.899667177, 35.578666335 ], [ 136.899611617, 35.578666335 ] ] ] } },
{ "type": "Feature", "properties": { "A31a_101": "8505090098", "A31a_102": "板取川", "A31a_103": "21", "A31a_104": "岐阜県", "A31a_105": 2 }, "geometry": { "type": "Polygon", "coordinates": [ [ [ 136.899611617, 35.578777445 ], [ 136.899556067, 35.578777445 ], [ 136.899556067, 35.578832995 ], [ 136.899611617, 35.578832995 ], [ 136.899611617, 35.578777445 ] ] ] } },
{ "type": "Feature", "properties": { "A31a_101": "8505090098", "A31a_102": "板取川", "A31a_103": "21", "A31a_104": "岐阜県", "A31a_105": 2 }, "geometry": { "type": "Polygon", "coordinates": [ [ [ 136.899611617, 35.578832995 ], [ 136.899611617, 35.578888554 ], [ 136.899667177, 35.578888554 ], [ 136.899667177, 35.578832995 ], [ 136.899611617, 35.578832995 ] ] ] } },
{ "type": "Feature", "properties": { "A31a_101": "8505090098", "A31a_102": "板取川", "A31a_103": "21", "A31a_104": "岐阜県", "A31a_105": 2 }, "geometry": { "type": "Polygon", "coordinates": [ [ [ 136.899611617, 35.578666335 ], [ 136.899611617, 35.578610775 ], [ 136.899556066, 35.578610775 ], [ 136.899556066, 35.578555225 ], [ 136.899500506, 35.578555225 ], [ 136.899500506, 35.578499665 ], [ 136.899556066, 35.578499665 ], [ 136.899611616, 35.578499665 ], [ 136.899611616, 35.578444106 ], [ 136.899556066, 35.578444106 ], [ 136.899500506, 35.578444106 ], [ 136.899444946, 35.578444106 ], [ 136.899444946, 35.578388556 ], [ 136.899444946, 35.578332996 ], [ 136.899444946, 35.578277446 ], [ 136.899444946, 35.578221886 ], [ 136.899389395, 35.578221886 ], [ 136.899333835, 35.578221886 ], [ 136.899278285, 35.578221886 ], [ 136.899222725, 35.578221886 ], [ 136.899167175, 35.578221886 ], [ 136.899167175, 35.578166336 ], [ 136.899167175, 35.578110776 ], [ 136.899167175, 35.578055226 ], [ 136.899167175, 35.577999667 ], [ 136.899111614, 35.577999667 ], [ 136.899056064, 35.577999667 ], [ 136.899000504, 35.577999667 ], [ 136.898944944, 35.577999667 ], [ 136.898889394, 35.577999667 ], [ 136.898889394, 35.577944107 ], [ 136.898889394, 35.577888557 ], [ 136.898889394, 35.577832997 ], [ 136.898833833, 35.577832997 ], [ 136.898833833, 35.577777447 ], [ 136.898833833, 35.577721887 ], [ 136.898778283, 35.577721887 ], [ 136.898778283, 35.577666337 ], [ 136.898778283, 35.577610777 ], [ 136.898722723, 35.577610777 ], [ 136.898667173, 35.577610777 ], [ 136.898667173, 35.577555228 ], [ 136.898722723, 35.577555228 ], [ 136.898778283, 35.577555228 ], [ 136.898778283, 35.577499668 ], [ 136.898778283, 35.577444108 ], [ 136.898833833, 35.577444108 ], [ 136.898833833, 35.577388558 ], [ 136.898889393, 35.577388558 ], [ 136.898889393, 35.577332998 ], [ 136.898889393, 35.577277448 ], [ 136.898833833, 35.577277448 ], [ 136.898833833, 35.577332998 ], [ 136.898778283, 35.577332998 ], [ 136.898778283, 35.577277448 ], [ 136.898722722, 35.577277448 ], [ 136.898722722, 35.577332998 ], [ 136.898667172, 35.577332998 ], [ 136.898667172, 35.577388558 ], [ 136.898722723, 35.577388558 ], [ 136.898722723, 35.577444108 ], [ 136.898667172, 35.577444108 ], [ 136.898611612, 35.577444108 ], [ 136.898611612, 35.577499668 ], [ 136.898611612, 35.577555228 ], [ 136.898556062, 35.577555228 ], [ 136.898500502, 35.577555228 ], [ 136.898500502, 35.577610777 ], [ 136.898444942, 35.577610777 ], [ 136.898444942, 35.577666337 ], [ 136.898500502, 35.577666337 ], [ 136.898500502, 35.577721887 ], [ 136.898444942, 35.577721887 ], [ 136.898444942, 35.577777447 ], [ 136.898444942, 35.577832997 ], [ 136.898444942, 35.577888557 ], [ 136.898444943, 35.577944106 ], [ 136.898500503, 35.577944106 ], [ 136.898500503, 35.577999666 ], [ 136.898500503, 35.578055226 ], [ 136.898500503, 35.578110776 ], [ 136.898500503, 35.578166336 ], [ 136.898556063, 35.578166336 ], [ 136.898556063, 35.578221886 ], [ 136.898611613, 35.578221886 ], [ 136.898611613, 35.578277446 ], [ 136.898611614, 35.578332995 ], [ 136.898611614, 35.578388555 ], [ 136.898611614, 35.578444105 ], [ 136.898667174, 35.578444105 ], [ 136.898667174, 35.578499665 ], [ 136.898667174, 35.578555225 ], [ 136.898722724, 35.578555225 ], [ 136.898722724, 35.578610775 ], [ 136.898722724, 35.578666335 ], [ 136.898778284, 35.578666335 ], [ 136.898778284, 35.578721885 ], [ 136.898833835, 35.578721885 ], [ 136.898833835, 35.578777444 ], [ 136.898833835, 35.578832994 ], [ 136.898889395, 35.578832994 ], [ 136.898889395, 35.578888554 ], [ 136.898889395, 35.578944104 ], [ 136.898944945, 35.578944104 ], [ 136.898944945, 35.578999664 ], [ 136.898944945, 35.579055224 ], [ 136.899000506, 35.579055224 ], [ 136.899000506, 35.579110774 ], [ 136.899056066, 35.579110774 ], [ 136.899111616, 35.579110774 ], [ 136.899167176, 35.579110774 ], [ 136.899167176, 35.579166334 ], [ 136.899167176, 35.579221883 ], [ 136.899167176, 35.579277443 ], [ 136.899167176, 35.579332993 ], [ 136.899167176, 35.579388553 ], [ 136.899222727, 35.579388553 ], [ 136.899222727, 35.579444103 ], [ 136.899278287, 35.579444103 ], [ 136.899278287, 35.579499663 ], [ 136.899333837, 35.579499663 ], [ 136.899333837, 35.579555223 ], [ 136.899389397, 35.579555223 ], [ 136.899444947, 35.579555223 ], [ 136.899444947, 35.579610772 ], [ 136.899444948, 35.579666332 ], [ 136.899444948, 35.579721882 ], [ 136.899500508, 35.579721882 ], [ 136.899500508, 35.579777442 ], [ 136.899556068, 35.579777442 ], [ 136.899611618, 35.579777442 ], [ 136.899667178, 35.579777442 ], [ 136.899722728, 35.579777442 ], [ 136.899778289, 35.579777442 ], [ 136.899833839, 35.579777442 ], [ 136.899889399, 35.579777442 ], [ 136.899944949, 35.579777442 ], [ 136.900000509, 35.579777442 ], [ 136.900000509, 35.579721882 ], [ 136.900000509, 35.579666333 ], [ 136.900000509, 35.579610773 ], [ 136.899944949, 35.579610773 ], [ 136.899944949, 35.579555223 ], [ 136.899889399, 35.579555223 ], [ 136.899889399, 35.579610773 ], [ 136.899833838, 35.579610773 ], [ 136.899833838, 35.579555223 ], [ 136.899778288, 35.579555223 ], [ 136.899722728, 35.579555223 ], [ 136.899722728, 35.579499663 ], [ 136.899722728, 35.579444103 ], [ 136.899722728, 35.579388553 ], [ 136.899722728, 35.579332993 ], [ 136.899778288, 35.579332993 ], [ 136.899833838, 35.579332993 ], [ 136.899889398, 35.579332993 ], [ 136.899944948, 35.579332993 ], [ 136.900000509, 35.579332993 ], [ 136.900000508, 35.579277444 ], [ 136.900000508, 35.579221884 ], [ 136.900000508, 35.579166334 ], [ 136.900000508, 35.579110774 ], [ 136.899944948, 35.579110774 ], [ 136.899944948, 35.579055224 ], [ 136.900000508, 35.579055224 ], [ 136.900000508, 35.578999664 ], [ 136.900000508, 35.578944104 ], [ 136.899944948, 35.578944104 ], [ 136.899944948, 35.578999664 ], [ 136.899889398, 35.578999664 ], [ 136.899889398, 35.578944104 ], [ 136.899833838, 35.578944104 ], [ 136.899778287, 35.578944104 ], [ 136.899778287, 35.578888555 ], [ 136.899722727, 35.578888555 ], [ 136.899722727, 35.578944104 ], [ 136.899667177, 35.578944104 ], [ 136.899611617, 35.578944104 ], [ 136.899611617, 35.578999664 ], [ 136.899556067, 35.578999664 ], [ 136.899500507, 35.578999664 ], [ 136.899500507, 35.578944104 ], [ 136.899444947, 35.578944104 ], [ 136.899444947, 35.578999664 ], [ 136.899389396, 35.578999664 ], [ 136.899389397, 35.579055224 ], [ 136.899333836, 35.579055224 ], [ 136.899333836, 35.578999664 ], [ 136.899333836, 35.578944104 ], [ 136.899278286, 35.578944104 ], [ 136.899278286, 35.578888554 ], [ 136.899278286, 35.578832994 ], [ 136.899222726, 35.578832994 ], [ 136.899222726, 35.578777445 ], [ 136.899278286, 35.578777445 ], [ 136.899278286, 35.578721885 ], [ 136.899333836, 35.578721885 ], [ 136.899389396, 35.578721885 ], [ 136.899389396, 35.578666335 ], [ 136.899444946, 35.578666335 ], [ 136.899500506, 35.578666335 ], [ 136.899500506, 35.578721885 ], [ 136.899556067, 35.578721885 ], [ 136.899556066, 35.578666335 ], [ 136.899611617, 35.578666335 ] ], [ [ 136.899167176, 35.578777445 ], [ 136.899167176, 35.578832994 ], [ 136.899167176, 35.578888554 ], [ 136.899111616, 35.578888554 ], [ 136.899056065, 35.578888554 ], [ 136.899056065, 35.578832994 ], [ 136.899111616, 35.578832994 ], [ 136.899111615, 35.578777445 ], [ 136.899167176, 35.578777445 ] ] ] } },
{ "type": "Feature", "properties": { "A31a_101": "8505090098", "A31a_102": "板取川", "A31a_103": "21", "A31a_104": "岐阜県", "A31a_105": 3 }, "geometry": { "type": "Polygon", "coordinates": [ [ [ 136.911778308, 35.563444146 ], [ 136.911778308, 35.563388596 ], [ 136.911778308, 35.563333036 ], [ 136.911722748, 35.563333036 ], [ 136.911722748, 35.563388596 ], [ 136.911722748, 35.563444146 ], [ 136.911778308, 35.563444146 ] ] ] } },
{ "type": "Feature", "properties": { "A31a_101": "8505090098", "A31a_102": "板取川", "A31a_103": "21", "A31a_104": "岐阜県", "A31a_105": 3 }, "geometry": { "type": "Polygon", "coordinates": [ [ [ 136.911778308, 35.563444146 ], [ 136.911778308, 35.563499706 ], [ 136.911833858, 35.563499706 ], [ 136.911833858, 35.563444146 ], [ 136.911778308, 35.563444146 ] ] ] } },
{ "type": "Feature", "properties": { "A31a_101": "8505090098", "A31a_102": "板取川", "A31a_103": "21", "A31a_104": "岐阜県", "A31a_105": 3 }, "geometry": { "type": "Polygon", "coordinates": [ [ [ 136.911889419, 35.563610816 ], [ 136.911889419, 35.563555266 ], [ 136.911833859, 35.563555266 ], [ 136.911833859, 35.563610816 ], [ 136.911889419, 35.563610816 ] ] ] } },
{ "type": "Feature", "properties": { "A31a_101": "8505090098", "A31a_102": "板取川", "A31a_103": "21", "A31a_104": "岐阜県", "A31a_105": 3 }, "geometry": { "type": "Polygon", "coordinates": [ [ [ 136.911889419, 35.563610816 ], [ 136.911889419, 35.563666375 ], [ 136.911889419, 35.563721925 ], [ 136.911944969, 35.563721925 ], [ 136.911944969, 35.563666375 ], [ 136.911944969, 35.563610816 ], [ 136.911889419, 35.563610816 ] ] ] } },
{ "type": "Feature", "properties": { "A31a_101": "8505090098", "A31a_102": "板取川", "A31a_103": "21", "A31a_104": "岐阜県", "A31a_105": 3 }, "geometry": { "type": "Polygon", "coordinates": [ [ [ 136.91205609, 35.563833035 ], [ 136.91205609, 35.563777485 ], [ 136.912000529, 35.563777485 ], [ 136.91200053, 35.563833035 ], [ 136.91205609, 35.563833035 ] ] ] } },
{ "type": "Feature", "properties": { "A31a_101": "8505090098", "A31a_102": "板取川", "A31a_103": "21", "A31a_104": "岐阜県", "A31a_105": 3 }, "geometry": { "type": "Polygon", "coordinates": [ [ [ 136.912278311, 35.564110814 ], [ 136.912278311, 35.564055264 ], [ 136.912222751, 35.564055264 ], [ 136.912222751, 35.564110814 ], [ 136.912278311, 35.564110814 ] ] ] } },
{ "type": "Feature", "properties": { "A31a_101": "8505090098", "A31a_102": "板取川", "A31a_103": "21", "A31a_104": "岐阜県", "A31a_105": 3 }, "geometry": { "type": "Polygon", "coordinates": [ [ [ 136.912389422, 35.564277484 ], [ 136.912389422, 35.564221924 ], [ 136.912333861, 35.564221924 ], [ 136.912333862, 35.564277484 ], [ 136.912389422, 35.564277484 ] ] ] } },
{ "type": "Feature", "properties": { "A31a_101": "8505090098", "A31a_102": "板取川", "A31a_103": "21", "A31a_104": "岐阜県", "A31a_105": 3 }, "geometry": { "type": "Polygon", "coordinates": [ [ [ 136.912389422, 35.564277484 ], [ 136.912389422, 35.564333033 ], [ 136.912444972, 35.564333033 ], [ 136.912444972, 35.564277484 ], [ 136.912389422, 35.564277484 ] ] ] } },
{ "type": "Feature", "properties": { "A31a_101": "8505090098", "A31a_102": "板取川", "A31a_103": "21", "A31a_104": "岐阜県", "A31a_105": 3 }, "geometry": { "type": "Polygon", "coordinates": [ [ [ 136.912500532, 35.564444143 ], [ 136.912500532, 35.564388593 ], [ 136.912444972, 35.564388593 ], [ 136.912444972, 35.564444143 ], [ 136.912500532, 35.564444143 ] ] ] } },
{ "type": "Feature", "properties": { "A31a_101": "8505090098", "A31a_102": "板取川", "A31a_103": "21", "A31a_104": "岐阜県", "A31a_105": 3 }, "geometry": { "type": "Polygon", "coordinates": [ [ [ 136.912611643, 35.564555263 ], [ 136.912611643, 35.564499703 ], [ 136.912556093, 35.564499703 ], [ 136.912556093, 35.564444143 ], [ 136.912500532, 35.564444143 ], [ 136.912500533, 35.564499703 ], [ 136.912500533, 35.564555263 ], [ 136.912556093, 35.564555263 ], [ 136.912611643, 35.564555263 ] ] ] } },
{ "type": "Feature", "properties": { "A31a_101": "8505090098", "A31a_102": "板取川", "A31a_103": "21", "A31a_104": "岐阜県", "A31a_105": 3 }, "geometry": { "type": "Polygon", "coordinates": [ [ [ 136.912667203, 35.564610813 ], [ 136.912667203, 35.564555263 ], [ 136.912611643, 35.564555263 ], [ 136.912611643, 35.564610813 ], [ 136.912667203, 35.564610813 ] ] ] } },
{ "type": "Feature", "properties": { "A31a_101": "8505090098", "A31a_102": "板取川", "A31a_103": "21", "A31a_104": "岐阜県", "A31a_105": 3 }, "geometry": { "type": "Polygon", "coordinates": [ [ [ 136.912722754, 35.564666372 ], [ 136.912722754, 35.564610813 ], [ 136.912667203, 35.564610813 ], [ 136.912667204, 35.564666372 ], [ 136.912722754, 35.564666372 ] ] ] } },
{ "type": "Feature", "properties": { "A31a_101": "8505090098", "A31a_102": "板取川", "A31a_103": "21", "A31a_104": "岐阜県", "A31a_105": 3 }, "geometry": { "type": "Polygon", "coordinates": [ [ [ 136.912722754, 35.564666372 ], [ 136.912722754, 35.564721922 ], [ 136.912778314, 35.564721922 ], [ 136.912778314, 35.564666372 ], [ 136.912722754, 35.564666372 ] ] ] } },
{ "type": "Feature", "properties": { "A31a_101": "8505090098", "A31a_102": "板取川", "A31a_103": "21", "A31a_104": "岐阜県", "A31a_105": 3 }, "geometry": { "type": "Polygon", "coordinates": [ [ [ 136.913000536, 35.564944141 ], [ 136.913000536, 35.564888592 ], [ 136.912944975, 35.564888592 ], [ 136.912944975, 35.564944141 ], [ 136.913000536, 35.564944141 ] ] ] } },
{ "type": "Feature", "properties": { "A31a_101": "8505090098", "A31a_102": "板取川", "A31a_103": "21", "A31a_104": "岐阜県", "A31a_105": 3 }, "geometry": { "type": "Polygon", "coordinates": [ [ [ 136.913111646, 35.564999701 ], [ 136.913111646, 35.564944141 ], [ 136.913056096, 35.564944141 ], [ 136.913000536, 35.564944141 ], [ 136.913000536, 35.564999701 ], [ 136.913056096, 35.564999701 ], [ 136.913111646, 35.564999701 ] ] ] } },
{ "type": "Feature", "properties": { "A31a_101": "8505090098", "A31a_102": "板取川", "A31a_103": "21", "A31a_104": "岐阜県", "A31a_105": 3 }, "geometry": { "type": "Polygon", "coordinates": [ [ [ 136.913167207, 35.565055261 ], [ 136.913167206, 35.564999701 ], [ 136.913111646, 35.564999701 ], [ 136.913111646, 35.565055261 ], [ 136.913167207, 35.565055261 ] ] ] } },
{ "type": "Feature", "properties": { "A31a_101": "8505090098", "A31a_102": "板取川", "A31a_103": "21", "A31a_104": "岐阜県", "A31a_105": 3 }, "geometry": { "type": "Polygon", "coordinates": [ [ [ 136.913222757, 35.565110811 ], [ 136.913222757, 35.565055261 ], [ 136.913167207, 35.565055261 ], [ 136.913167207, 35.565110811 ], [ 136.913222757, 35.565110811 ] ] ] } },
{ "type": "Feature", "properties": { "A31a_101": "8505090098", "A31a_102": "板取川", "A31a_103": "21", "A31a_104": "岐阜県", "A31a_105": 3 }, "geometry": { "type": "Polygon", "coordinates": [ [ [ 136.913333868, 35.565166371 ], [ 136.913333867, 35.565110811 ], [ 136.913278317, 35.565110811 ], [ 136.913222757, 35.565110811 ], [ 136.913222757, 35.565166371 ], [ 136.913278317, 35.565166371 ], [ 136.913333868, 35.565166371 ] ] ] } },
{ "type": "Feature", "properties": { "A31a_101": "8505090098", "A31a_102": "板取川", "A31a_103": "21", "A31a_104": "岐阜県", "A31a_105": 3 }, "geometry": { "type": "Polygon", "coordinates": [ [ [ 136.913389428, 35.56522192 ], [ 136.913389428, 35.565166371 ], [ 136.913333868, 35.565166371 ], [ 136.913333868, 35.56522192 ], [ 136.913389428, 35.56522192 ] ] ] } },
{ "type": "Feature", "properties": { "A31a_101": "8505090098", "A31a_102": "板取川", "A31a_103": "21", "A31a_104": "岐阜県", "A31a_105": 3 }, "geometry": { "type": "Polygon", "coordinates": [ [ [ 136.913444978, 35.56527748 ], [ 136.913444978, 35.56522192 ], [ 136.913389428, 35.56522192 ], [ 136.913389428, 35.56527748 ], [ 136.913444978, 35.56527748 ] ] ] } },
{ "type": "Feature", "properties": { "A31a_101": "8505090098", "A31a_102": "板取川", "A31a_103": "21", "A31a_104": "岐阜県", "A31a_105": 3 }, "geometry": { "type": "Polygon", "coordinates": [ [ [ 136.913500539, 35.56533303 ], [ 136.913500539, 35.56527748 ], [ 136.913444978, 35.56527748 ], [ 136.913444978, 35.56533303 ], [ 136.913500539, 35.56533303 ] ] ] } },
{ "type": "Feature", "properties": { "A31a_101": "8505090098", "A31a_102": "板取川", "A31a_103": "21", "A31a_104": "岐阜県", "A31a_105": 3 }, "geometry": { "type": "Polygon", "coordinates": [ [ [ 136.913500539, 35.56533303 ], [ 136.913500539, 35.56538859 ], [ 136.913556099, 35.56538859 ], [ 136.913556099, 35.56533303 ], [ 136.913500539, 35.56533303 ] ] ] } },
{ "type": "Feature", "properties": { "A31a_101": "8505090098", "A31a_102": "板取川", "A31a_103": "21", "A31a_104": "岐阜県", "A31a_105": 3 }, "geometry": { "type": "Polygon", "coordinates": [ [ [ 136.91366721, 35.56544414 ], [ 136.913667209, 35.56538859 ], [ 136.913611649, 35.56538859 ], [ 136.913611649, 35.56544414 ], [ 136.91366721, 35.56544414 ] ] ] } },
{ "type": "Feature", "properties": { "A31a_101": "8505090098", "A31a_102": "板取川", "A31a_103": "21", "A31a_104": "岐阜県", "A31a_105": 3 }, "geometry": { "type": "Polygon", "coordinates": [ [ [ 136.91372276, 35.565499699 ], [ 136.91372276, 35.56544414 ], [ 136.91366721, 35.56544414 ], [ 136.91366721, 35.5654997 ], [ 136.91372276, 35.565499699 ] ] ] } },
{ "type": "Feature", "properties": { "A31a_101": "8505090098", "A31a_102": "板取川", "A31a_103": "21", "A31a_104": "岐阜県", "A31a_105": 3 }, "geometry": { "type": "Polygon", "coordinates": [ [ [ 136.91372276, 35.565499699 ], [ 136.91372276, 35.565555259 ], [ 136.91377832, 35.565555259 ], [ 136.91377832, 35.565499699 ], [ 136.91372276, 35.565499699 ] ] ] } },
{ "type": "Feature", "properties": { "A31a_101": "8505090098", "A31a_102": "板取川", "A31a_103": "21", "A31a_104": "岐阜県", "A31a_105": 3 }, "geometry": { "type": "Polygon", "coordinates": [ [ [ 136.913889431, 35.565610809 ], [ 136.913889431, 35.565555259 ], [ 136.913833871, 35.565555259 ], [ 136.913833871, 35.565610809 ], [ 136.913889431, 35.565610809 ] ] ] } },
{ "type": "Feature", "properties": { "A31a_101": "8505090098", "A31a_102": "板取川", "A31a_103": "21", "A31a_104": "岐阜県", "A31a_105": 3 }, "geometry": { "type": "Polygon", "coordinates": [ [ [ 136.913944981, 35.565666369 ], [ 136.913944981, 35.565610809 ], [ 136.913889431, 35.565610809 ], [ 136.913889431, 35.565666369 ], [ 136.913944981, 35.565666369 ] ] ] } },
{ "type": "Feature", "properties": { "A31a_101": "8505090098", "A31a_102": "板取川", "A31a_103": "21", "A31a_104": "岐阜県", "A31a_105": 3 }, "geometry": { "type": "Polygon", "coordinates": [ [ [ 136.914000542, 35.565721919 ], [ 136.914000541, 35.565666369 ], [ 136.913944981, 35.565666369 ], [ 136.913944981, 35.565721919 ], [ 136.914000542, 35.565721919 ] ] ] } },
{ "type": "Feature", "properties": { "A31a_101": "8505090098", "A31a_102": "板取川", "A31a_103": "21", "A31a_104": "岐阜県", "A31a_105": 3 }, "geometry": { "type": "Polygon", "coordinates": [ [ [ 136.914056102, 35.565777479 ], [ 136.914056102, 35.565721919 ], [ 136.914000542, 35.565721919 ], [ 136.914000542, 35.565777479 ], [ 136.914056102, 35.565777479 ] ] ] } },
{ "type": "Feature", "properties": { "A31a_101": "8505090098", "A31a_102": "板取川", "A31a_103": "21", "A31a_104": "岐阜県", "A31a_105": 3 }, "geometry": { "type": "Polygon", "coordinates": [ [ [ 136.914111652, 35.565833028 ], [ 136.914111652, 35.565777478 ], [ 136.914056102, 35.565777479 ], [ 136.914056102, 35.565833028 ], [ 136.914111652, 35.565833028 ] ] ] } },
{ "type": "Feature", "properties": { "A31a_101": "8505090098", "A31a_102": "板取川", "A31a_103": "21", "A31a_104": "岐阜県", "A31a_105": 3 }, "geometry": { "type": "Polygon", "coordinates": [ [ [ 136.914111652, 35.565833028 ], [ 136.914111652, 35.565888588 ], [ 136.914167213, 35.565888588 ], [ 136.914167213, 35.565833028 ], [ 136.914111652, 35.565833028 ] ] ] } },
{ "type": "Feature", "properties": { "A31a_101": "8505090098", "A31a_102": "板取川", "A31a_103": "21", "A31a_104": "岐阜県", "A31a_105": 3 }, "geometry": { "type": "Polygon", "coordinates": [ [ [ 136.914444984, 35.566166367 ], [ 136.914444984, 35.566110807 ], [ 136.914444984, 35.566055258 ], [ 136.914444984, 35.565999698 ], [ 136.914389434, 35.565999698 ], [ 136.914333874, 35.565999698 ], [ 136.914278323, 35.565999698 ], [ 136.914278323, 35.566055258 ], [ 136.914333874, 35.566055258 ], [ 136.914333874, 35.566110807 ], [ 136.914389434, 35.566110807 ], [ 136.914389434, 35.566166367 ], [ 136.914444984, 35.566166367 ] ] ] } },
{ "type": "Feature", "properties": { "A31a_101": "8505090098", "A31a_102": "板取川", "A31a_103": "21", "A31a_104": "岐阜県", "A31a_105": 3 }, "geometry": { "type": "Polygon", "coordinates": [ [ [ 136.914722766, 35.566444136 ], [ 136.914722766, 35.566388586 ], [ 136.914722766, 35.566333027 ], [ 136.914722766, 35.566277477 ], [ 136.914722766, 35.566221917 ], [ 136.914667216, 35.566221917 ], [ 136.914611655, 35.566221917 ], [ 136.914556105, 35.566221917 ], [ 136.914500545, 35.566221917 ], [ 136.914500545, 35.566277477 ], [ 136.914556105, 35.566277477 ], [ 136.914611655, 35.566277477 ], [ 136.914611655, 35.566333027 ], [ 136.914611656, 35.566388587 ], [ 136.914667216, 35.566388587 ], [ 136.914667216, 35.566444136 ], [ 136.914722766, 35.566444136 ] ] ] } },
{ "type": "Feature", "properties": { "A31a_101": "8505090098", "A31a_102": "板取川", "A31a_103": "21", "A31a_104": "岐阜県", "A31a_105": 3 }, "geometry": { "type": "Polygon", "coordinates": [ [ [ 136.914722766, 35.566444136 ], [ 136.914722766, 35.566499696 ], [ 136.914778326, 35.566499696 ], [ 136.914833877, 35.566499696 ], [ 136.914833877, 35.566555256 ], [ 136.914889437, 35.566555256 ], [ 136.914889437, 35.566610806 ], [ 136.914889437, 35.566666366 ], [ 136.914944988, 35.566666366 ], [ 136.915000548, 35.566666366 ], [ 136.915000548, 35.566610806 ], [ 136.915000548, 35.566555256 ], [ 136.915000548, 35.566499696 ], [ 136.914944987, 35.566499696 ], [ 136.914944987, 35.566444136 ], [ 136.914889437, 35.566444136 ], [ 136.914833877, 35.566444136 ], [ 136.914778326, 35.566444136 ], [ 136.914722766, 35.566444136 ] ] ] } },
{ "type": "Feature", "properties": { "A31a_101": "8505090098", "A31a_102": "板取川", "A31a_103": "21", "A31a_104": "岐阜県", "A31a_105": 3 }, "geometry": { "type": "Polygon", "coordinates": [ [ [ 136.91544499, 35.566944135 ], [ 136.91544499, 35.566888585 ], [ 136.91538944, 35.566888585 ], [ 136.91538944, 35.566944135 ], [ 136.91544499, 35.566944135 ] ] ] } },
{ "type": "Feature", "properties": { "A31a_101": "8505090098", "A31a_102": "板取川", "A31a_103": "21", "A31a_104": "岐阜県", "A31a_105": 3 }, "geometry": { "type": "Polygon", "coordinates": [ [ [ 136.915500551, 35.566999694 ], [ 136.91550055, 35.566944135 ], [ 136.91544499, 35.566944135 ], [ 136.91544499, 35.566999694 ], [ 136.915500551, 35.566999694 ] ] ] } },
{ "type": "Feature", "properties": { "A31a_101": "8505090098", "A31a_102": "板取川", "A31a_103": "21", "A31a_104": "岐阜県", "A31a_105": 3 }, "geometry": { "type": "Polygon", "coordinates": [ [ [ 136.915500551, 35.566999694 ], [ 136.915500551, 35.567055254 ], [ 136.915556111, 35.567055254 ], [ 136.915556111, 35.566999694 ], [ 136.915500551, 35.566999694 ] ] ] } },
{ "type": "Feature", "properties": { "A31a_101": "8505090098", "A31a_102": "板取川", "A31a_103": "21", "A31a_104": "岐阜県", "A31a_105": 3 }, "geometry": { "type": "Polygon", "coordinates": [ [ [ 136.915667222, 35.567166364 ], [ 136.915667221, 35.567110804 ], [ 136.915611661, 35.567110804 ], [ 136.915611661, 35.567166364 ], [ 136.915667222, 35.567166364 ] ] ] } },
{ "type": "Feature", "properties": { "A31a_101": "8505090098", "A31a_102": "板取川", "A31a_103": "21", "A31a_104": "岐阜県", "A31a_105": 3 }, "geometry": { "type": "Polygon", "coordinates": [ [ [ 136.915500551, 35.567166364 ], [ 136.915500551, 35.567110804 ], [ 136.915500551, 35.567055254 ], [ 136.91544499, 35.567055254 ], [ 136.91544499, 35.566999694 ], [ 136.91538944, 35.566999694 ], [ 136.91538944, 35.566944135 ], [ 136.91533388, 35.566944135 ], [ 136.91533388, 35.566888585 ], [ 136.915278329, 35.566888585 ], [ 136.915222769, 35.566888585 ], [ 136.915222769, 35.566944135 ], [ 136.915278329, 35.566944135 ], [ 136.915278329, 35.566999695 ], [ 136.91533388, 35.566999694 ], [ 136.91533388, 35.567055254 ], [ 136.91538944, 35.567055254 ], [ 136.91538944, 35.567110804 ], [ 136.91544499, 35.567110804 ], [ 136.91544499, 35.567166364 ], [ 136.915500551, 35.567166364 ] ] ] } },
{ "type": "Feature", "properties": { "A31a_101": "8505090098", "A31a_102": "板取川", "A31a_103": "21", "A31a_104": "岐阜県", "A31a_105": 3 }, "geometry": { "type": "Polygon", "coordinates": [ [ [ 136.915722772, 35.567221914 ], [ 136.915722772, 35.567166364 ], [ 136.915667222, 35.567166364 ], [ 136.915667222, 35.567221914 ], [ 136.915722772, 35.567221914 ] ] ] } },
{ "type": "Feature", "properties": { "A31a_101": "8505090098", "A31a_102": "板取川", "A31a_103": "21", "A31a_104": "岐阜県", "A31a_105": 3 }, "geometry": { "type": "Polygon", "coordinates": [ [ [ 136.915556111, 35.567221914 ], [ 136.915556111, 35.567166364 ], [ 136.915500551, 35.567166364 ], [ 136.915500551, 35.567221914 ], [ 136.915556111, 35.567221914 ] ] ] } },
{ "type": "Feature", "properties": { "A31a_101": "8505090098", "A31a_102": "板取川", "A31a_103": "21", "A31a_104": "岐阜県", "A31a_105": 3 }, "geometry": { "type": "Polygon", "coordinates": [ [ [ 136.915778332, 35.567277473 ], [ 136.915778332, 35.567221914 ], [ 136.915722772, 35.567221914 ], [ 136.915722772, 35.567277473 ], [ 136.915778332, 35.567277473 ] ] ] } },
{ "type": "Feature", "properties": { "A31a_101": "8505090098", "A31a_102": "板取川", "A31a_103": "21", "A31a_104": "岐阜県", "A31a_105": 3 }, "geometry": { "type": "Polygon", "coordinates": [ [ [ 136.915833882, 35.567333023 ], [ 136.915833882, 35.567277473 ], [ 136.915778332, 35.567277473 ], [ 136.915778332, 35.567333023 ], [ 136.915833882, 35.567333023 ] ] ] } },
{ "type": "Feature", "properties": { "A31a_101": "8505090098", "A31a_102": "板取川", "A31a_103": "21", "A31a_104": "岐阜県", "A31a_105": 3 }, "geometry": { "type": "Polygon", "coordinates": [ [ [ 136.915889443, 35.567388583 ], [ 136.915889443, 35.567333023 ], [ 136.915833882, 35.567333023 ], [ 136.915833883, 35.567388583 ], [ 136.915889443, 35.567388583 ] ] ] } },
{ "type": "Feature", "properties": { "A31a_101": "8505090098", "A31a_102": "板取川", "A31a_103": "21", "A31a_104": "岐阜県", "A31a_105": 3 }, "geometry": { "type": "Polygon", "coordinates": [ [ [ 136.915778332, 35.567388583 ], [ 136.915778332, 35.567333023 ], [ 136.915722772, 35.567333023 ], [ 136.915722772, 35.567277473 ], [ 136.915667222, 35.567277474 ], [ 136.915667222, 35.567221914 ], [ 136.915611661, 35.567221914 ], [ 136.915556111, 35.567221914 ], [ 136.915556111, 35.567277474 ], [ 136.915611661, 35.567277474 ], [ 136.915611661, 35.567333023 ], [ 136.915667222, 35.567333023 ], [ 136.915667222, 35.567388583 ], [ 136.915722772, 35.567388583 ], [ 136.915778332, 35.567388583 ] ] ] } },
{ "type": "Feature", "properties": { "A31a_101": "8505090098", "A31a_102": "板取川", "A31a_103": "21", "A31a_104": "岐阜県", "A31a_105": 3 }, "geometry": { "type": "Polygon", "coordinates": [ [ [ 136.915833883, 35.567444133 ], [ 136.915833883, 35.567388583 ], [ 136.915778332, 35.567388583 ], [ 136.915778332, 35.567444133 ], [ 136.915833883, 35.567444133 ] ] ] } },
{ "type": "Feature", "properties": { "A31a_101": "8505090098", "A31a_102": "板取川", "A31a_103": "21", "A31a_104": "岐阜県", "A31a_105": 3 }, "geometry": { "type": "Polygon", "coordinates": [ [ [ 136.916111664, 35.567610802 ], [ 136.916111664, 35.567555253 ], [ 136.916056114, 35.567555253 ], [ 136.916056114, 35.567499693 ], [ 136.916000553, 35.567499693 ], [ 136.915944993, 35.567499693 ], [ 136.915944993, 35.567444133 ], [ 136.915944993, 35.567388583 ], [ 136.915889443, 35.567388583 ], [ 136.915889443, 35.567444133 ], [ 136.915833883, 35.567444133 ], [ 136.915833883, 35.567499693 ], [ 136.915889443, 35.567499693 ], [ 136.915889443, 35.567555253 ], [ 136.915944993, 35.567555253 ], [ 136.915944993, 35.567610802 ], [ 136.916000554, 35.567610802 ], [ 136.916056114, 35.567610802 ], [ 136.916111664, 35.567610802 ] ] ] } },
{ "type": "Feature", "properties": { "A31a_101": "8505090098", "A31a_102": "板取川", "A31a_103": "21", "A31a_104": "岐阜県", "A31a_105": 3 }, "geometry": { "type": "Polygon", "coordinates": [ [ [ 136.916167224, 35.567666362 ], [ 136.916167224, 35.567610802 ], [ 136.916111664, 35.567610802 ], [ 136.916111664, 35.567666362 ], [ 136.916167224, 35.567666362 ] ] ] } },
{ "type": "Feature", "properties": { "A31a_101": "8505090098", "A31a_102": "板取川", "A31a_103": "21", "A31a_104": "岐阜県", "A31a_105": 3 }, "geometry": { "type": "Polygon", "coordinates": [ [ [ 136.916111664, 35.567721912 ], [ 136.916111664, 35.567666362 ], [ 136.916056114, 35.567666362 ], [ 136.916056114, 35.567721912 ], [ 136.916111664, 35.567721912 ] ] ] } },
{ "type": "Feature", "properties": { "A31a_101": "8505090098", "A31a_102": "板取川", "A31a_103": "21", "A31a_104": "岐阜県", "A31a_105": 3 }, "geometry": { "type": "Polygon", "coordinates": [ [ [ 136.916167224, 35.567666362 ], [ 136.916167225, 35.567721912 ], [ 136.916111664, 35.567721912 ], [ 136.916111664, 35.567777472 ], [ 136.916167225, 35.567777472 ], [ 136.916167225, 35.567833022 ], [ 136.916167225, 35.567888582 ], [ 136.916222775, 35.567888582 ], [ 136.916222775, 35.567944131 ], [ 136.916278335, 35.567944131 ], [ 136.916333886, 35.567944131 ], [ 136.916333886, 35.567999691 ], [ 136.916389446, 35.567999691 ], [ 136.916389446, 35.567944131 ], [ 136.916389446, 35.567888581 ], [ 136.916389446, 35.567833022 ], [ 136.916389446, 35.567777472 ], [ 136.916333885, 35.567777472 ], [ 136.916333885, 35.567833022 ], [ 136.916278335, 35.567833022 ], [ 136.916278335, 35.567777472 ], [ 136.916222775, 35.567777472 ], [ 136.916222775, 35.567721912 ], [ 136.916222775, 35.567666362 ], [ 136.916167224, 35.567666362 ] ] ] } },
{ "type": "Feature", "properties": { "A31a_101": "8505090098", "A31a_102": "板取川", "A31a_103": "21", "A31a_104": "岐阜県", "A31a_105": 3 }, "geometry": { "type": "Polygon", "coordinates": [ [ [ 136.907778302, 35.568777472 ], [ 136.907778302, 35.568721913 ], [ 136.907778302, 35.568666363 ], [ 136.907722742, 35.568666363 ], [ 136.907667192, 35.568666363 ], [ 136.907667192, 35.568721913 ], [ 136.907722742, 35.568721913 ], [ 136.907722742, 35.568777472 ], [ 136.907778302, 35.568777472 ] ] ] } },
{ "type": "Feature", "properties": { "A31a_101": "8505090098", "A31a_102": "板取川", "A31a_103": "21", "A31a_104": "岐阜県", "A31a_105": 3 }, "geometry": { "type": "Polygon", "coordinates": [ [ [ 136.907556081, 35.568721913 ], [ 136.907556081, 35.568666363 ], [ 136.907500521, 35.568666363 ], [ 136.907500521, 35.568721913 ], [ 136.907500521, 35.568777472 ], [ 136.907556081, 35.568777472 ], [ 136.907556081, 35.568721913 ] ] ] } },
{ "type": "Feature", "properties": { "A31a_101": "8505090098", "A31a_102": "板取川", "A31a_103": "21", "A31a_104": "岐阜県", "A31a_105": 3 }, "geometry": { "type": "Polygon", "coordinates": [ [ [ 136.916111666, 35.569277468 ], [ 136.916111666, 35.569221908 ], [ 136.916056116, 35.569221908 ], [ 136.916056116, 35.569277468 ], [ 136.916111666, 35.569277468 ] ] ] } },
{ "type": "Feature", "properties": { "A31a_101": "8505090098", "A31a_102": "板取川", "A31a_103": "21", "A31a_104": "岐阜県", "A31a_105": 3 }, "geometry": { "type": "Polygon", "coordinates": [ [ [ 136.916389447, 35.569166358 ], [ 136.916389447, 35.569110798 ], [ 136.916333887, 35.569110798 ], [ 136.916333887, 35.569166358 ], [ 136.916333887, 35.569221908 ], [ 136.916278337, 35.569221908 ], [ 136.916222777, 35.569221908 ], [ 136.916222777, 35.569277468 ], [ 136.916167226, 35.569277468 ], [ 136.916167227, 35.569333018 ], [ 136.916222777, 35.569333018 ], [ 136.916278337, 35.569333018 ], [ 136.916333887, 35.569333018 ], [ 136.916389448, 35.569333018 ], [ 136.916389447, 35.569277468 ], [ 136.916389447, 35.569221908 ], [ 136.916389447, 35.569166358 ] ] ] } },
{ "type": "Feature", "properties": { "A31a_101": "8505090098", "A31a_102": "板取川", "A31a_103": "21", "A31a_104": "岐阜県", "A31a_105": 3 }, "geometry": { "type": "Polygon", "coordinates": [ [ [ 136.908667196, 35.569388581 ], [ 136.908667196, 35.569333021 ], [ 136.908611636, 35.569333021 ], [ 136.908611636, 35.569388581 ], [ 136.908667196, 35.569388581 ] ] ] } },
{ "type": "Feature", "properties": { "A31a_101": "8505090098", "A31a_102": "板取川", "A31a_103": "21", "A31a_104": "岐阜県", "A31a_105": 3 }, "geometry": { "type": "Polygon", "coordinates": [ [ [ 136.915222772, 35.569444128 ], [ 136.915278333, 35.569444128 ], [ 136.915278333, 35.569388578 ], [ 136.915222772, 35.569388578 ], [ 136.915222772, 35.569444128 ] ] ] } },
{ "type": "Feature", "properties": { "A31a_101": "8505090098", "A31a_102": "板取川", "A31a_103": "21", "A31a_104": "岐阜県", "A31a_105": 3 }, "geometry": { "type": "Polygon", "coordinates": [ [ [ 136.915222772, 35.569444128 ], [ 136.915167222, 35.569444128 ], [ 136.915111662, 35.569444128 ], [ 136.915056112, 35.569444128 ], [ 136.915056112, 35.569499688 ], [ 136.915000551, 35.569499688 ], [ 136.914944991, 35.569499688 ], [ 136.914889441, 35.569499688 ], [ 136.914889441, 35.569555248 ], [ 136.914944991, 35.569555248 ], [ 136.915000551, 35.569555248 ], [ 136.915056112, 35.569555248 ], [ 136.915111662, 35.569555248 ], [ 136.915167222, 35.569555248 ], [ 136.915167222, 35.569499688 ], [ 136.915222772, 35.569499688 ], [ 136.915222772, 35.569444128 ] ] ] } },
{ "type": "Feature", "properties": { "A31a_101": "8505090098", "A31a_102": "板取川", "A31a_103": "21", "A31a_104": "岐阜県", "A31a_105": 3 }, "geometry": { "type": "Polygon", "coordinates": [ [ [ 136.913833876, 35.569666358 ], [ 136.913833876, 35.569610799 ], [ 136.913778326, 35.569610799 ], [ 136.913778326, 35.569666358 ], [ 136.913833876, 35.569666358 ] ] ] } },
{ "type": "Feature", "properties": { "A31a_101": "8505090098", "A31a_102": "板取川", "A31a_103": "21", "A31a_104": "岐阜県", "A31a_105": 3 }, "geometry": { "type": "Polygon", "coordinates": [ [ [ 136.91461166, 35.569777468 ], [ 136.91466722, 35.569777468 ], [ 136.91472277, 35.569777468 ], [ 136.91472277, 35.569721908 ], [ 136.91472277, 35.569666358 ], [ 136.91472277, 35.569610798 ], [ 136.91466722, 35.569610798 ], [ 136.91466722, 35.569666358 ], [ 136.91461166, 35.569666358 ], [ 136.91455611, 35.569666358 ], [ 136.914500549, 35.569666358 ], [ 136.914500549, 35.569721908 ], [ 136.91455611, 35.569721908 ], [ 136.91461166, 35.569721908 ], [ 136.91461166, 35.569777468 ] ] ] } },
{ "type": "Feature", "properties": { "A31a_101": "8505090098", "A31a_102": "板取川", "A31a_103": "21", "A31a_104": "岐阜県", "A31a_105": 3 }, "geometry": { "type": "Polygon", "coordinates": [ [ [ 136.91461166, 35.569777468 ], [ 136.91455611, 35.569777468 ], [ 136.914500549, 35.569777468 ], [ 136.914500549, 35.569833018 ], [ 136.91455611, 35.569833018 ], [ 136.91461166, 35.569833018 ], [ 136.91461166, 35.569777468 ] ] ] } },
{ "type": "Feature", "properties": { "A31a_101": "8505090098", "A31a_102": "板取川", "A31a_103": "21", "A31a_104": "岐阜県", "A31a_105": 3 }, "geometry": { "type": "Polygon", "coordinates": [ [ [ 136.914000547, 35.569833018 ], [ 136.914000547, 35.569777468 ], [ 136.913944987, 35.569777468 ], [ 136.913944987, 35.569833018 ], [ 136.914000547, 35.569833018 ] ] ] } },
{ "type": "Feature", "properties": { "A31a_101": "8505090098", "A31a_102": "板取川", "A31a_103": "21", "A31a_104": "岐阜県", "A31a_105": 3 }, "geometry": { "type": "Polygon", "coordinates": [ [ [ 136.909333859, 35.569833019 ], [ 136.909333859, 35.569777469 ], [ 136.909278309, 35.569777469 ], [ 136.909278309, 35.569833019 ], [ 136.909333859, 35.569833019 ] ] ] } },
{ "type": "Feature", "properties": { "A31a_101": "8505090098", "A31a_102": "板取川", "A31a_103": "21", "A31a_104": "岐阜県", "A31a_105": 3 }, "geometry": { "type": "Polygon", "coordinates": [ [ [ 136.900833829, 35.569610801 ], [ 136.900833828, 35.569555251 ], [ 136.900778278, 35.569555251 ], [ 136.900722718, 35.569555251 ], [ 136.900667168, 35.569555251 ], [ 136.900611608, 35.569555251 ], [ 136.900556057, 35.569555251 ], [ 136.900556058, 35.569610801 ], [ 136.900556058, 35.569666361 ], [ 136.900556058, 35.569721911 ], [ 136.900556058, 35.569777471 ], [ 136.900556058, 35.56983302 ], [ 136.900611608, 35.56983302 ], [ 136.900611608, 35.569777471 ], [ 136.900667168, 35.569777471 ], [ 136.900667168, 35.569721911 ], [ 136.900667168, 35.569666361 ], [ 136.900722718, 35.569666361 ], [ 136.900778278, 35.569666361 ], [ 136.900778278, 35.569610801 ], [ 136.900833829, 35.569610801 ] ] ] } },
{ "type": "Feature", "properties": { "A31a_101": "8505090098", "A31a_102": "板取川", "A31a_103": "21", "A31a_104": "岐阜県", "A31a_105": 3 }, "geometry": { "type": "Polygon", "coordinates": [ [ [ 136.914500549, 35.569833018 ], [ 136.914444989, 35.569833018 ], [ 136.914444989, 35.569888578 ], [ 136.91450055, 35.569888577 ], [ 136.914500549, 35.569833018 ] ] ] } },
{ "type": "Feature", "properties": { "A31a_101": "8505090098", "A31a_102": "板取川", "A31a_103": "21", "A31a_104": "岐阜県", "A31a_105": 3 }, "geometry": { "type": "Polygon", "coordinates": [ [ [ 136.914000547, 35.569833018 ], [ 136.914000547, 35.569888578 ], [ 136.914056108, 35.569888578 ], [ 136.914056107, 35.569833018 ], [ 136.914000547, 35.569833018 ] ] ] } },
{ "type": "Feature", "properties": { "A31a_101": "8505090098", "A31a_102": "板取川", "A31a_103": "21", "A31a_104": "岐阜県", "A31a_105": 3 }, "geometry": { "type": "Polygon", "coordinates": [ [ [ 136.90944497, 35.569888579 ], [ 136.909444969, 35.569833019 ], [ 136.909389419, 35.569833019 ], [ 136.909389419, 35.569888579 ], [ 136.90944497, 35.569888579 ] ] ] } },
{ "type": "Feature", "properties": { "A31a_101": "8505090098", "A31a_102": "板取川", "A31a_103": "21", "A31a_104": "岐阜県", "A31a_105": 3 }, "geometry": { "type": "Polygon", "coordinates": [ [ [ 136.914167218, 35.569999687 ], [ 136.914167218, 35.569944128 ], [ 136.914111658, 35.569944128 ], [ 136.914111658, 35.569999687 ], [ 136.914167218, 35.569999687 ] ] ] } },
{ "type": "Feature", "properties": { "A31a_101": "8505090098", "A31a_102": "板取川", "A31a_103": "21", "A31a_104": "岐阜県", "A31a_105": 3 }, "geometry": { "type": "Polygon", "coordinates": [ [ [ 136.909667201, 35.570055249 ], [ 136.9096672, 35.569999689 ], [ 136.90961164, 35.569999689 ], [ 136.90955609, 35.569999689 ], [ 136.90955609, 35.570055249 ], [ 136.90961164, 35.570055249 ], [ 136.909667201, 35.570055249 ] ] ] } },
{ "type": "Feature", "properties": { "A31a_101": "8505090098", "A31a_102": "板取川", "A31a_103": "21", "A31a_104": "岐阜県", "A31a_105": 3 }, "geometry": { "type": "Polygon", "coordinates": [ [ [ 136.909667201, 35.570055249 ], [ 136.909667201, 35.570110798 ], [ 136.909722751, 35.570110798 ], [ 136.909722751, 35.570055249 ], [ 136.909667201, 35.570055249 ] ] ] } },
{ "type": "Feature", "properties": { "A31a_101": "8505090098", "A31a_102": "板取川", "A31a_103": "21", "A31a_104": "岐阜県", "A31a_105": 3 }, "geometry": { "type": "Polygon", "coordinates": [ [ [ 136.899444935, 35.570277469 ], [ 136.899389385, 35.570277469 ], [ 136.899389385, 35.570333019 ], [ 136.899444935, 35.570333019 ], [ 136.899444935, 35.570277469 ] ] ] } },
{ "type": "Feature", "properties": { "A31a_101": "8505090098", "A31a_102": "板取川", "A31a_103": "21", "A31a_104": "岐阜県", "A31a_105": 3 }, "geometry": { "type": "Polygon", "coordinates": [ [ [ 136.900389388, 35.570277469 ], [ 136.900389388, 35.570221909 ], [ 136.900333828, 35.570221909 ], [ 136.900278277, 35.570221909 ], [ 136.900278277, 35.570277469 ], [ 136.900278278, 35.570333019 ], [ 136.900278278, 35.570388579 ], [ 136.900278278, 35.570444129 ], [ 136.900333828, 35.570444129 ], [ 136.900333828, 35.570388579 ], [ 136.900333828, 35.570333019 ], [ 136.900333828, 35.570277469 ], [ 136.900389388, 35.570277469 ] ] ] } },
{ "type": "Feature", "properties": { "A31a_101": "8505090098", "A31a_102": "板取川", "A31a_103": "21", "A31a_104": "岐阜県", "A31a_105": 3 }, "geometry": { "type": "Polygon", "coordinates": [ [ [ 136.899389385, 35.570388579 ], [ 136.899333825, 35.570388579 ], [ 136.899333825, 35.570444128 ], [ 136.899333825, 35.570499688 ], [ 136.899389385, 35.570499688 ], [ 136.899389385, 35.570444128 ], [ 136.899389385, 35.570388579 ] ] ] } },
{ "type": "Feature", "properties": { "A31a_101": "8505090098", "A31a_102": "板取川", "A31a_103": "21", "A31a_104": "岐阜県", "A31a_105": 3 }, "geometry": { "type": "Polygon", "coordinates": [ [ [ 136.899333825, 35.570555248 ], [ 136.899278275, 35.570555248 ], [ 136.899278275, 35.570610798 ], [ 136.899278275, 35.570666358 ], [ 136.899333825, 35.570666358 ], [ 136.899333825, 35.570610798 ], [ 136.899333825, 35.570555248 ] ] ] } },
{ "type": "Feature", "properties": { "A31a_101": "8505090098", "A31a_102": "板取川", "A31a_103": "21", "A31a_104": "岐阜県", "A31a_105": 3 }, "geometry": { "type": "Polygon", "coordinates": [ [ [ 136.910833866, 35.570721907 ], [ 136.910833866, 35.570666357 ], [ 136.910778315, 35.570666357 ], [ 136.910778315, 35.570721907 ], [ 136.910833866, 35.570721907 ] ] ] } },
{ "type": "Feature", "properties": { "A31a_101": "8505090098", "A31a_102": "板取川", "A31a_103": "21", "A31a_104": "岐阜県", "A31a_105": 3 }, "geometry": { "type": "Polygon", "coordinates": [ [ [ 136.910722755, 35.570721907 ], [ 136.910722755, 35.570666357 ], [ 136.910667205, 35.570666357 ], [ 136.910667205, 35.570721907 ], [ 136.910722755, 35.570721907 ] ] ] } },
{ "type": "Feature", "properties": { "A31a_101": "8505090098", "A31a_102": "板取川", "A31a_103": "21", "A31a_104": "岐阜県", "A31a_105": 3 }, "geometry": { "type": "Polygon", "coordinates": [ [ [ 136.900222718, 35.570499688 ], [ 136.900222717, 35.570444129 ], [ 136.900167167, 35.570444129 ], [ 136.900111607, 35.570444129 ], [ 136.900111607, 35.570499688 ], [ 136.900111607, 35.570555248 ], [ 136.900056057, 35.570555248 ], [ 136.900056057, 35.570610798 ], [ 136.900056057, 35.570666358 ], [ 136.900000497, 35.570666358 ], [ 136.900000497, 35.570721908 ], [ 136.900000497, 35.570777468 ], [ 136.900000497, 35.570833018 ], [ 136.900000497, 35.570888577 ], [ 136.900000497, 35.570944127 ], [ 136.900000497, 35.570999687 ], [ 136.900056058, 35.570999687 ], [ 136.900056058, 35.570944127 ], [ 136.900056057, 35.570888577 ], [ 136.900056057, 35.570833017 ], [ 136.900111608, 35.570833017 ], [ 136.900111608, 35.570777468 ], [ 136.900111607, 35.570721908 ], [ 136.900111607, 35.570666358 ], [ 136.900167168, 35.570666358 ], [ 136.900167168, 35.570610798 ], [ 136.900167167, 35.570555248 ], [ 136.900222718, 35.570555248 ], [ 136.900222718, 35.570499688 ] ] ] } },
{ "type": "Feature", "properties": { "A31a_101": "8505090098", "A31a_102": "板取川", "A31a_103": "21", "A31a_104": "岐阜県", "A31a_105": 3 }, "geometry": { "type": "Polygon", "coordinates": [ [ [ 136.899167165, 35.571055246 ], [ 136.899111605, 35.571055246 ], [ 136.899111605, 35.571110796 ], [ 136.899111605, 35.571166356 ], [ 136.899167165, 35.571166356 ], [ 136.899167165, 35.571110796 ], [ 136.899167165, 35.571055246 ] ] ] } },
{ "type": "Feature", "properties": { "A31a_101": "8505090098", "A31a_102": "板取川", "A31a_103": "21", "A31a_104": "岐阜県", "A31a_105": 3 }, "geometry": { "type": "Polygon", "coordinates": [ [ [ 136.899111605, 35.571221906 ], [ 136.899056055, 35.571221906 ], [ 136.899056055, 35.571277466 ], [ 136.899056055, 35.571333016 ], [ 136.899111605, 35.571333016 ], [ 136.899111605, 35.571277466 ], [ 136.899111605, 35.571221906 ] ] ] } },
{ "type": "Feature", "properties": { "A31a_101": "8505090098", "A31a_102": "板取川", "A31a_103": "21", "A31a_104": "岐阜県", "A31a_105": 3 }, "geometry": { "type": "Polygon", "coordinates": [ [ [ 136.916111669, 35.571388573 ], [ 136.916111669, 35.571333013 ], [ 136.916056118, 35.571333013 ], [ 136.916056119, 35.571388573 ], [ 136.916111669, 35.571388573 ] ] ] } },
{ "type": "Feature", "properties": { "A31a_101": "8505090098", "A31a_102": "板取川", "A31a_103": "21", "A31a_104": "岐阜県", "A31a_105": 3 }, "geometry": { "type": "Polygon", "coordinates": [ [ [ 136.915389446, 35.571388573 ], [ 136.915389445, 35.571333013 ], [ 136.915333885, 35.571333013 ], [ 136.915333885, 35.571388573 ], [ 136.915389446, 35.571388573 ] ] ] } },
{ "type": "Feature", "properties": { "A31a_101": "8505090098", "A31a_102": "板取川", "A31a_103": "21", "A31a_104": "岐阜県", "A31a_105": 3 }, "geometry": { "type": "Polygon", "coordinates": [ [ [ 136.914500551, 35.571388574 ], [ 136.914500551, 35.571333014 ], [ 136.914444991, 35.571333014 ], [ 136.914444991, 35.571388574 ], [ 136.914500551, 35.571388574 ] ] ] } },
{ "type": "Feature", "properties": { "A31a_101": "8505090098", "A31a_102": "板取川", "A31a_103": "21", "A31a_104": "岐阜県", "A31a_105": 3 }, "geometry": { "type": "Polygon", "coordinates": [ [ [ 136.914000549, 35.571388574 ], [ 136.914000549, 35.571333014 ], [ 136.913944989, 35.571333014 ], [ 136.913889439, 35.571333014 ], [ 136.913833878, 35.571333014 ], [ 136.913778328, 35.571333014 ], [ 136.913722768, 35.571333014 ], [ 136.913667218, 35.571333014 ], [ 136.913611657, 35.571333014 ], [ 136.913556107, 35.571333014 ], [ 136.913556107, 35.571388574 ], [ 136.913500547, 35.571388574 ], [ 136.913444987, 35.571388574 ], [ 136.913389436, 35.571388574 ], [ 136.913333876, 35.571388574 ], [ 136.913333876, 35.571444124 ], [ 136.913389437, 35.571444124 ], [ 136.913444987, 35.571444124 ], [ 136.913500547, 35.571444124 ], [ 136.913556107, 35.571444124 ], [ 136.913611658, 35.571444124 ], [ 136.913611657, 35.571388574 ], [ 136.913667218, 35.571388574 ], [ 136.913722768, 35.571388574 ], [ 136.913778328, 35.571388574 ], [ 136.913833878, 35.571388574 ], [ 136.913889439, 35.571388574 ], [ 136.913944989, 35.571388574 ], [ 136.914000549, 35.571388574 ] ] ] } },
{ "type": "Feature", "properties": { "A31a_101": "8505090098", "A31a_102": "板取川", "A31a_103": "21", "A31a_104": "岐阜県", "A31a_105": 3 }, "geometry": { "type": "Polygon", "coordinates": [ [ [ 136.899000495, 35.571499685 ], [ 136.899056056, 35.571499685 ], [ 136.899056055, 35.571444125 ], [ 136.899056055, 35.571388575 ], [ 136.899000495, 35.571388575 ], [ 136.899000495, 35.571444125 ], [ 136.899000495, 35.571499685 ] ] ] } },
{ "type": "Feature", "properties": { "A31a_101": "8505090098", "A31a_102": "板取川", "A31a_103": "21", "A31a_104": "岐阜県", "A31a_105": 3 }, "geometry": { "type": "Polygon", "coordinates": [ [ [ 136.899000495, 35.571499685 ], [ 136.898944935, 35.571499685 ], [ 136.898944935, 35.571555245 ], [ 136.899000495, 35.571555245 ], [ 136.899000495, 35.571499685 ] ] ] } },
{ "type": "Feature", "properties": { "A31a_101": "8505090098", "A31a_102": "板取川", "A31a_103": "21", "A31a_104": "岐阜県", "A31a_105": 3 }, "geometry": { "type": "Polygon", "coordinates": [ [ [ 136.917222784, 35.571666351 ], [ 136.917222784, 35.571610792 ], [ 136.917278344, 35.571610791 ], [ 136.917333895, 35.571610791 ], [ 136.917389455, 35.571610791 ], [ 136.917389455, 35.571555242 ], [ 136.917333895, 35.571555242 ], [ 136.917278344, 35.571555242 ], [ 136.917222784, 35.571555242 ], [ 136.917167234, 35.571555242 ], [ 136.917111674, 35.571555242 ], [ 136.917056123, 35.571555242 ], [ 136.917000563, 35.571555242 ], [ 136.916945003, 35.571555242 ], [ 136.916889453, 35.571555242 ], [ 136.916889453, 35.571610792 ], [ 136.916945003, 35.571610792 ], [ 136.917000563, 35.571610792 ], [ 136.917056123, 35.571610792 ], [ 136.917111674, 35.571610792 ], [ 136.917111674, 35.571666351 ], [ 136.917167234, 35.571666351 ], [ 136.917222784, 35.571666351 ] ] ] } },
{ "type": "Feature", "properties": { "A31a_101": "8505090098", "A31a_102": "板取川", "A31a_103": "21", "A31a_104": "岐阜県", "A31a_105": 3 }, "geometry": { "type": "Polygon", "coordinates": [ [ [ 136.899778277, 35.571388576 ], [ 136.899778277, 35.571333016 ], [ 136.899833827, 35.571333016 ], [ 136.899833827, 35.571277466 ], [ 136.899889388, 35.571277466 ], [ 136.899889387, 35.571221906 ], [ 136.899889387, 35.571166356 ], [ 136.899889387, 35.571110797 ], [ 136.899833827, 35.571110797 ], [ 136.899778277, 35.571110797 ], [ 136.899778277, 35.571166356 ], [ 136.899778277, 35.571221906 ], [ 136.899722717, 35.571221906 ], [ 136.899722717, 35.571277466 ], [ 136.899722717, 35.571333016 ], [ 136.899722717, 35.571388576 ], [ 136.899722717, 35.571444126 ], [ 136.899722717, 35.571499685 ], [ 136.899722717, 35.571555245 ], [ 136.899722717, 35.571610795 ], [ 136.899722718, 35.571666355 ], [ 136.899778278, 35.571666355 ], [ 136.899778278, 35.571610795 ], [ 136.899778278, 35.571555245 ], [ 136.899778277, 35.571499685 ], [ 136.899778277, 35.571444126 ], [ 136.899778277, 35.571388576 ] ] ] } },
{ "type": "Feature", "properties": { "A31a_101": "8505090098", "A31a_102": "板取川", "A31a_103": "21", "A31a_104": "岐阜県", "A31a_105": 3 }, "geometry": { "type": "Polygon", "coordinates": [ [ [ 136.9115561, 35.571888573 ], [ 136.9115561, 35.571833014 ], [ 136.911500539, 35.571833014 ], [ 136.91150054, 35.571888573 ], [ 136.9115561, 35.571888573 ] ] ] } },
{ "type": "Feature", "properties": { "A31a_101": "8505090098", "A31a_102": "板取川", "A31a_103": "21", "A31a_104": "岐阜県", "A31a_105": 3 }, "geometry": { "type": "Polygon", "coordinates": [ [ [ 136.899556057, 35.571944124 ], [ 136.899611608, 35.571944124 ], [ 136.899611608, 35.571888574 ], [ 136.899667168, 35.571888574 ], [ 136.899667168, 35.571833014 ], [ 136.899722718, 35.571833014 ], [ 136.899722718, 35.571777465 ], [ 136.899667168, 35.571777465 ], [ 136.899611607, 35.571777464 ], [ 136.899611607, 35.571833014 ], [ 136.899556057, 35.571833014 ], [ 136.899556057, 35.571888574 ], [ 136.899556057, 35.571944124 ] ] ] } },
{ "type": "Feature", "properties": { "A31a_101": "8505090098", "A31a_102": "板取川", "A31a_103": "21", "A31a_104": "岐阜県", "A31a_105": 3 }, "geometry": { "type": "Polygon", "coordinates": [ [ [ 136.898889386, 35.571944124 ], [ 136.898833825, 35.571944124 ], [ 136.898833826, 35.571999683 ], [ 136.898889386, 35.571999684 ], [ 136.898889386, 35.571944124 ] ] ] } },
{ "type": "Feature", "properties": { "A31a_101": "8505090098", "A31a_102": "板取川", "A31a_103": "21", "A31a_104": "岐阜県", "A31a_105": 3 }, "geometry": { "type": "Polygon", "coordinates": [ [ [ 136.899556057, 35.571944124 ], [ 136.899500497, 35.571944124 ], [ 136.899500497, 35.571999684 ], [ 136.899500497, 35.572055244 ], [ 136.899556058, 35.572055244 ], [ 136.899556058, 35.571999684 ], [ 136.899556057, 35.571944124 ] ] ] } },
{ "type": "Feature", "properties": { "A31a_101": "8505090098", "A31a_102": "板取川", "A31a_103": "21", "A31a_104": "岐阜県", "A31a_105": 3 }, "geometry": { "type": "Polygon", "coordinates": [ [ [ 136.898833826, 35.572166353 ], [ 136.898778276, 35.572166353 ], [ 136.898778276, 35.572221903 ], [ 136.898833826, 35.572221903 ], [ 136.898833826, 35.572166353 ] ] ] } },
{ "type": "Feature", "properties": { "A31a_101": "8505090098", "A31a_102": "板取川", "A31a_103": "21", "A31a_104": "岐阜県", "A31a_105": 3 }, "geometry": { "type": "Polygon", "coordinates": [ [ [ 136.899500497, 35.572055244 ], [ 136.899444937, 35.572055244 ], [ 136.899444937, 35.572110793 ], [ 136.899444937, 35.572166353 ], [ 136.899444938, 35.572221903 ], [ 136.899444938, 35.572277463 ], [ 136.899444938, 35.572333013 ], [ 136.899444938, 35.572388573 ], [ 136.899500498, 35.572388573 ], [ 136.899500498, 35.572333013 ], [ 136.899500498, 35.572277463 ], [ 136.899500498, 35.572221903 ], [ 136.899500498, 35.572166353 ], [ 136.899500498, 35.572110793 ], [ 136.899500497, 35.572055244 ] ] ] } },
{ "type": "Feature", "properties": { "A31a_101": "8505090098", "A31a_102": "板取川", "A31a_103": "21", "A31a_104": "岐阜県", "A31a_105": 3 }, "geometry": { "type": "Polygon", "coordinates": [ [ [ 136.898778276, 35.572388572 ], [ 136.898722716, 35.572388572 ], [ 136.898722716, 35.572444122 ], [ 136.898778276, 35.572444122 ], [ 136.898778276, 35.572388572 ] ] ] } },
{ "type": "Feature", "properties": { "A31a_101": "8505090098", "A31a_102": "板取川", "A31a_103": "21", "A31a_104": "岐阜県", "A31a_105": 3 }, "geometry": { "type": "Polygon", "coordinates": [ [ [ 136.898722716, 35.572555242 ], [ 136.898667166, 35.572555242 ], [ 136.898667166, 35.572610792 ], [ 136.898667166, 35.572666351 ], [ 136.898722716, 35.572666351 ], [ 136.898722716, 35.572610792 ], [ 136.898722716, 35.572555242 ] ] ] } },
{ "type": "Feature", "properties": { "A31a_101": "8505090098", "A31a_102": "板取川", "A31a_103": "21", "A31a_104": "岐阜県", "A31a_105": 3 }, "geometry": { "type": "Polygon", "coordinates": [ [ [ 136.898611606, 35.572944121 ], [ 136.898556056, 35.572944121 ], [ 136.898556056, 35.57299968 ], [ 136.898556056, 35.57305524 ], [ 136.898611606, 35.57305524 ], [ 136.898611606, 35.57299968 ], [ 136.898611606, 35.572944121 ] ] ] } },
{ "type": "Feature", "properties": { "A31a_101": "8505090098", "A31a_102": "板取川", "A31a_103": "21", "A31a_104": "岐阜県", "A31a_105": 3 }, "geometry": { "type": "Polygon", "coordinates": [ [ [ 136.898556056, 35.5732219 ], [ 136.898500496, 35.5732219 ], [ 136.898500496, 35.57327746 ], [ 136.898500496, 35.573333009 ], [ 136.898556057, 35.573333009 ], [ 136.898556057, 35.57327746 ], [ 136.898556056, 35.5732219 ] ] ] } },
{ "type": "Feature", "properties": { "A31a_101": "8505090098", "A31a_102": "板取川", "A31a_103": "21", "A31a_104": "岐阜県", "A31a_105": 3 }, "geometry": { "type": "Polygon", "coordinates": [ [ [ 136.898500497, 35.573555239 ], [ 136.898444937, 35.573555239 ], [ 136.898444937, 35.573610788 ], [ 136.898444937, 35.573666348 ], [ 136.898500497, 35.573666348 ], [ 136.898500497, 35.573610789 ], [ 136.898500497, 35.573555239 ] ] ] } },
{ "type": "Feature", "properties": { "A31a_101": "8505090098", "A31a_102": "板取川", "A31a_103": "21", "A31a_104": "岐阜県", "A31a_105": 3 }, "geometry": { "type": "Polygon", "coordinates": [ [ [ 136.898444937, 35.573833008 ], [ 136.898389387, 35.573833008 ], [ 136.898389387, 35.573888568 ], [ 136.898389387, 35.573944117 ], [ 136.898389387, 35.573999677 ], [ 136.898389387, 35.574055237 ], [ 136.898444937, 35.574055237 ], [ 136.898444937, 35.573999677 ], [ 136.898444937, 35.573944117 ], [ 136.898444937, 35.573888568 ], [ 136.898444937, 35.573833008 ] ] ] } },
{ "type": "Feature", "properties": { "A31a_101": "8505090098", "A31a_102": "板取川", "A31a_103": "21", "A31a_104": "岐阜県", "A31a_105": 3 }, "geometry": { "type": "Polygon", "coordinates": [ [ [ 136.898389387, 35.574110787 ], [ 136.898333827, 35.574110787 ], [ 136.898333827, 35.574166347 ], [ 136.898389387, 35.574166347 ], [ 136.898389387, 35.574221897 ], [ 136.898444938, 35.574221897 ], [ 136.898444937, 35.574166347 ], [ 136.898444937, 35.574110787 ], [ 136.898389387, 35.574110787 ] ] ] } },
{ "type": "Feature", "properties": { "A31a_101": "8505090098", "A31a_102": "板取川", "A31a_103": "21", "A31a_104": "岐阜県", "A31a_105": 3 }, "geometry": { "type": "Polygon", "coordinates": [ [ [ 136.898389387, 35.574277456 ], [ 136.898333827, 35.574277456 ], [ 136.898333827, 35.574333006 ], [ 136.898333827, 35.574388566 ], [ 136.898333828, 35.574444116 ], [ 136.898389388, 35.574444116 ], [ 136.898389388, 35.574388566 ], [ 136.898389388, 35.574333006 ], [ 136.898389387, 35.574277456 ] ] ] } },
{ "type": "Feature", "properties": { "A31a_101": "8505090098", "A31a_102": "板取川", "A31a_103": "21", "A31a_104": "岐阜県", "A31a_105": 3 }, "geometry": { "type": "Polygon", "coordinates": [ [ [ 136.898333828, 35.574499676 ], [ 136.898278277, 35.574499676 ], [ 136.898278278, 35.574555236 ], [ 136.898278278, 35.574610785 ], [ 136.898278278, 35.574666345 ], [ 136.898333828, 35.574666345 ], [ 136.898333828, 35.574610785 ], [ 136.898333828, 35.574555236 ], [ 136.898333828, 35.574499676 ] ] ] } },
{ "type": "Feature", "properties": { "A31a_101": "8505090098", "A31a_102": "板取川", "A31a_103": "21", "A31a_104": "岐阜県", "A31a_105": 3 }, "geometry": { "type": "Polygon", "coordinates": [ [ [ 136.898000499, 35.575833002 ], [ 136.898000498, 35.575777452 ], [ 136.898056059, 35.575777452 ], [ 136.898056059, 35.575721892 ], [ 136.898056058, 35.575666342 ], [ 136.898056058, 35.575610783 ], [ 136.898056058, 35.575555233 ], [ 136.898111608, 35.575555233 ], [ 136.898111608, 35.575499673 ], [ 136.898111608, 35.575444113 ], [ 136.898167168, 35.575444113 ], [ 136.898167168, 35.575388563 ], [ 136.898167168, 35.575333003 ], [ 136.898167168, 35.575277453 ], [ 136.898167168, 35.575221894 ], [ 136.898222718, 35.575221894 ], [ 136.898222718, 35.575166344 ], [ 136.898222718, 35.575110784 ], [ 136.898222718, 35.575055234 ], [ 136.898278278, 35.575055234 ], [ 136.898278278, 35.574999674 ], [ 136.898278278, 35.574944114 ], [ 136.898278278, 35.574888565 ], [ 136.898333828, 35.574888565 ], [ 136.898333828, 35.574833005 ], [ 136.898278278, 35.574833005 ], [ 136.898278278, 35.574777455 ], [ 136.898278278, 35.574721895 ], [ 136.898222718, 35.574721895 ], [ 136.898222718, 35.574777455 ], [ 136.898222718, 35.574833005 ], [ 136.898222718, 35.574888565 ], [ 136.898167168, 35.574888565 ], [ 136.898167168, 35.574944114 ], [ 136.898111608, 35.574944114 ], [ 136.898111608, 35.574999674 ], [ 136.898111608, 35.575055234 ], [ 136.898111608, 35.575110784 ], [ 136.898056058, 35.575110784 ], [ 136.898056058, 35.575166344 ], [ 136.898056058, 35.575221894 ], [ 136.898000498, 35.575221894 ], [ 136.898000498, 35.575277453 ], [ 136.898000498, 35.575333003 ], [ 136.898000498, 35.575388563 ], [ 136.897944938, 35.575388563 ], [ 136.897944938, 35.575444113 ], [ 136.897944938, 35.575499673 ], [ 136.897944938, 35.575555233 ], [ 136.897889388, 35.575555233 ], [ 136.897889388, 35.575610782 ], [ 136.897889388, 35.575666342 ], [ 136.897944938, 35.575666342 ], [ 136.897944938, 35.575721892 ], [ 136.897889388, 35.575721892 ], [ 136.897833828, 35.575721892 ], [ 136.897833828, 35.575777452 ], [ 136.897889388, 35.575777452 ], [ 136.897889388, 35.575833002 ], [ 136.897944938, 35.575833002 ], [ 136.898000499, 35.575833002 ] ] ] } },
{ "type": "Feature", "properties": { "A31a_101": "8505090098", "A31a_102": "板取川", "A31a_103": "21", "A31a_104": "岐阜県", "A31a_105": 3 }, "geometry": { "type": "Polygon", "coordinates": [ [ [ 136.898000499, 35.575833002 ], [ 136.898000499, 35.575888562 ], [ 136.898056059, 35.575888562 ], [ 136.898056059, 35.575833002 ], [ 136.898000499, 35.575833002 ] ] ] } },
{ "type": "Feature", "properties": { "A31a_101": "8505090098", "A31a_102": "板取川", "A31a_103": "21", "A31a_104": "岐阜県", "A31a_105": 3 }, "geometry": { "type": "Polygon", "coordinates": [ [ [ 136.898000499, 35.575944112 ], [ 136.897944939, 35.575944112 ], [ 136.897944939, 35.575999671 ], [ 136.898000499, 35.575999671 ], [ 136.898000499, 35.575944112 ] ] ] } },
{ "type": "Feature", "properties": { "A31a_101": "8505090098", "A31a_102": "板取川", "A31a_103": "21", "A31a_104": "岐阜県", "A31a_105": 3 }, "geometry": { "type": "Polygon", "coordinates": [ [ [ 136.898667172, 35.577388558 ], [ 136.898667172, 35.577332998 ], [ 136.898722722, 35.577332998 ], [ 136.898722722, 35.577277448 ], [ 136.898778283, 35.577277448 ], [ 136.898778283, 35.577332998 ], [ 136.898833833, 35.577332998 ], [ 136.898833833, 35.577277448 ], [ 136.898889393, 35.577277448 ], [ 136.898889393, 35.577221889 ], [ 136.898889393, 35.577166339 ], [ 136.898889393, 35.577110779 ], [ 136.898833832, 35.577110779 ], [ 136.898833833, 35.577166339 ], [ 136.898778282, 35.577166339 ], [ 136.898722722, 35.577166339 ], [ 136.898722722, 35.577221889 ], [ 136.898667172, 35.577221888 ], [ 136.898611612, 35.577221888 ], [ 136.898611612, 35.577277448 ], [ 136.898611612, 35.577332998 ], [ 136.898611612, 35.577388558 ], [ 136.898611612, 35.577444108 ], [ 136.898667172, 35.577444108 ], [ 136.898722723, 35.577444108 ], [ 136.898722723, 35.577388558 ], [ 136.898667172, 35.577388558 ] ] ] } },
{ "type": "Feature", "properties": { "A31a_101": "8505090098", "A31a_102": "板取川", "A31a_103": "21", "A31a_104": "岐阜県", "A31a_105": 3 }, "geometry": { "type": "Polygon", "coordinates": [ [ [ 136.89766717, 35.577499667 ], [ 136.89766717, 35.577444107 ], [ 136.89766717, 35.577388558 ], [ 136.89766717, 35.577332998 ], [ 136.89766717, 35.577277448 ], [ 136.89766717, 35.577221888 ], [ 136.897667169, 35.577166338 ], [ 136.89772272, 35.577166338 ], [ 136.89772272, 35.577221888 ], [ 136.89772272, 35.577277448 ], [ 136.89772272, 35.577332998 ], [ 136.89772272, 35.577388558 ], [ 136.89777828, 35.577388558 ], [ 136.89777828, 35.577332998 ], [ 136.89777828, 35.577277448 ], [ 136.89777828, 35.577221888 ], [ 136.89777828, 35.577166338 ], [ 136.89777828, 35.577110778 ], [ 136.89777828, 35.577055229 ], [ 136.89777828, 35.576999669 ], [ 136.897778279, 35.576944109 ], [ 136.897778279, 35.576888559 ], [ 136.897778279, 35.576832999 ], [ 136.897778279, 35.576777449 ], [ 136.897778279, 35.576721889 ], [ 136.897778279, 35.57666634 ], [ 136.897722719, 35.57666634 ], [ 136.897667169, 35.57666634 ], [ 136.897667169, 35.576721889 ], [ 136.897667169, 35.576777449 ], [ 136.897611609, 35.576777449 ], [ 136.897611609, 35.576832999 ], [ 136.897667169, 35.576832999 ], [ 136.897667169, 35.576888559 ], [ 136.897611609, 35.576888559 ], [ 136.897611609, 35.576944109 ], [ 136.897611609, 35.576999669 ], [ 136.897611609, 35.577055228 ], [ 136.897611609, 35.577110778 ], [ 136.897611609, 35.577166338 ], [ 136.897611609, 35.577221888 ], [ 136.897611609, 35.577277448 ], [ 136.89761161, 35.577332998 ], [ 136.89761161, 35.577388558 ], [ 136.89761161, 35.577444107 ], [ 136.89761161, 35.577499667 ], [ 136.89766717, 35.577499667 ] ] ] } },
{ "type": "Feature", "properties": { "A31a_101": "8505090098", "A31a_102": "板取川", "A31a_103": "21", "A31a_104": "岐阜県", "A31a_105": 3 }, "geometry": { "type": "Polygon", "coordinates": [ [ [ 136.89766717, 35.577499667 ], [ 136.89766717, 35.577555227 ], [ 136.89772272, 35.577555227 ], [ 136.89772272, 35.577499667 ], [ 136.89766717, 35.577499667 ] ] ] } },
{ "type": "Feature", "properties": { "A31a_101": "8505090098", "A31a_102": "板取川", "A31a_103": "21", "A31a_104": "岐阜県", "A31a_105": 3 }, "geometry": { "type": "Polygon", "coordinates": [ [ [ 136.898722723, 35.577555228 ], [ 136.898667173, 35.577555228 ], [ 136.898667173, 35.577610777 ], [ 136.898722723, 35.577610777 ], [ 136.898722723, 35.577555228 ] ] ] } },
{ "type": "Feature", "properties": { "A31a_101": "8505090098", "A31a_102": "板取川", "A31a_103": "21", "A31a_104": "岐阜県", "A31a_105": 3 }, "geometry": { "type": "Polygon", "coordinates": [ [ [ 136.898444942, 35.577777447 ], [ 136.898444942, 35.577721887 ], [ 136.898500502, 35.577721887 ], [ 136.898500502, 35.577666337 ], [ 136.898444942, 35.577666337 ], [ 136.898444942, 35.577610777 ], [ 136.898500502, 35.577610777 ], [ 136.898500502, 35.577555228 ], [ 136.898444942, 35.577555227 ], [ 136.898389392, 35.577555227 ], [ 136.898333832, 35.577555227 ], [ 136.898333832, 35.577610777 ], [ 136.898333832, 35.577666337 ], [ 136.898333832, 35.577721887 ], [ 136.898389392, 35.577721887 ], [ 136.898389392, 35.577777447 ], [ 136.898389392, 35.577832997 ], [ 136.898389392, 35.577888557 ], [ 136.898389392, 35.577944106 ], [ 136.898389392, 35.577999666 ], [ 136.898389393, 35.578055226 ], [ 136.898444943, 35.578055226 ], [ 136.898444943, 35.578110776 ], [ 136.898444943, 35.578166336 ], [ 136.898444943, 35.578221886 ], [ 136.898500503, 35.578221886 ], [ 136.898556063, 35.578221886 ], [ 136.898556063, 35.578166336 ], [ 136.898500503, 35.578166336 ], [ 136.898500503, 35.578110776 ], [ 136.898500503, 35.578055226 ], [ 136.898500503, 35.577999666 ], [ 136.898500503, 35.577944106 ], [ 136.898444943, 35.577944106 ], [ 136.898444942, 35.577888557 ], [ 136.898444942, 35.577832997 ], [ 136.898444942, 35.577777447 ] ] ] } },
{ "type": "Feature", "properties": { "A31a_101": "8505090098", "A31a_102": "板取川", "A31a_103": "21", "A31a_104": "岐阜県", "A31a_105": 3 }, "geometry": { "type": "Polygon", "coordinates": [ [ [ 136.898778284, 35.578721885 ], [ 136.898778284, 35.578666335 ], [ 136.898722724, 35.578666335 ], [ 136.898722724, 35.578610775 ], [ 136.898722724, 35.578555225 ], [ 136.898667174, 35.578555225 ], [ 136.898667174, 35.578499665 ], [ 136.898667174, 35.578444105 ], [ 136.898611614, 35.578444105 ], [ 136.898611614, 35.578499665 ], [ 136.898611614, 35.578555225 ], [ 136.898611614, 35.578610775 ], [ 136.898611614, 35.578666335 ], [ 136.898667174, 35.578666335 ], [ 136.898667174, 35.578721884 ], [ 136.898611614, 35.578721884 ], [ 136.898611614, 35.578777444 ], [ 136.898611614, 35.578832994 ], [ 136.898667174, 35.578832994 ], [ 136.898667174, 35.578888554 ], [ 136.898722725, 35.578888554 ], [ 136.898778285, 35.578888554 ], [ 136.898833835, 35.578888554 ], [ 136.898889395, 35.578888554 ], [ 136.898889395, 35.578832994 ], [ 136.898833835, 35.578832994 ], [ 136.898833835, 35.578777444 ], [ 136.898833835, 35.578721885 ], [ 136.898778284, 35.578721885 ] ] ] } },
{ "type": "Feature", "properties": { "A31a_101": "8505090098", "A31a_102": "板取川", "A31a_103": "21", "A31a_104": "岐阜県", "A31a_105": 3 }, "geometry": { "type": "Polygon", "coordinates": [ [ [ 136.898944945, 35.578944104 ], [ 136.898889395, 35.578944104 ], [ 136.898889395, 35.578999664 ], [ 136.898889395, 35.579055224 ], [ 136.898889395, 35.579110774 ], [ 136.898944945, 35.579110774 ], [ 136.899000506, 35.579110774 ], [ 136.899000506, 35.579055224 ], [ 136.898944945, 35.579055224 ], [ 136.898944945, 35.578999664 ], [ 136.898944945, 35.578944104 ] ] ] } },
{ "type": "Feature", "properties": { "A31a_101": "8505090098", "A31a_102": "板取川", "A31a_103": "21", "A31a_104": "岐阜県", "A31a_105": 3 }, "geometry": { "type": "Polygon", "coordinates": [ [ [ 136.899222727, 35.579388553 ], [ 136.899167176, 35.579388553 ], [ 136.899167176, 35.579444103 ], [ 136.899167177, 35.579499663 ], [ 136.899222727, 35.579499663 ], [ 136.899222727, 35.579555223 ], [ 136.899278287, 35.579555223 ], [ 136.899333837, 35.579555223 ], [ 136.899333837, 35.579499663 ], [ 136.899278287, 35.579499663 ], [ 136.899278287, 35.579444103 ], [ 136.899222727, 35.579444103 ], [ 136.899222727, 35.579388553 ] ] ] } },
{ "type": "Feature", "properties": { "A31a_101": "8505090098", "A31a_102": "板取川", "A31a_103": "21", "A31a_104": "岐阜県", "A31a_105": 3 }, "geometry": { "type": "Polygon", "coordinates": [ [ [ 136.899500508, 35.579721882 ], [ 136.899444948, 35.579721882 ], [ 136.899444948, 35.579777442 ], [ 136.899500508, 35.579777442 ], [ 136.899500508, 35.579721882 ] ] ] } },
{ "type": "Feature", "properties": { "A31a_101": "8505090098", "A31a_102": "板取川", "A31a_103": "21", "A31a_104": "岐阜県", "A31a_105": 4 }, "geometry": { "type": "Polygon", "coordinates": [ [ [ 136.911833858, 35.563388596 ], [ 136.911889418, 35.563388596 ], [ 136.911889418, 35.563333036 ], [ 136.911833858, 35.563333036 ], [ 136.911833858, 35.563388596 ] ] ] } },
{ "type": "Feature", "properties": { "A31a_101": "8505090098", "A31a_102": "板取川", "A31a_103": "21", "A31a_104": "岐阜県", "A31a_105": 4 }, "geometry": { "type": "Polygon", "coordinates": [ [ [ 136.911833858, 35.563444146 ], [ 136.911833858, 35.563388596 ], [ 136.911778308, 35.563388596 ], [ 136.911778308, 35.563444146 ], [ 136.911833858, 35.563444146 ] ] ] } },
{ "type": "Feature", "properties": { "A31a_101": "8505090098", "A31a_102": "板取川", "A31a_103": "21", "A31a_104": "岐阜県", "A31a_105": 4 }, "geometry": { "type": "Polygon", "coordinates": [ [ [ 136.911833858, 35.563444146 ], [ 136.911833858, 35.563499706 ], [ 136.911833859, 35.563555266 ], [ 136.911889419, 35.563555266 ], [ 136.911889419, 35.563610816 ], [ 136.911944969, 35.563610816 ], [ 136.911944969, 35.563555266 ], [ 136.911944969, 35.563499706 ], [ 136.911889419, 35.563499706 ], [ 136.911889419, 35.563444146 ], [ 136.911833858, 35.563444146 ] ] ] } },
{ "type": "Feature", "properties": { "A31a_101": "8505090098", "A31a_102": "板取川", "A31a_103": "21", "A31a_104": "岐阜県", "A31a_105": 4 }, "geometry": { "type": "Polygon", "coordinates": [ [ [ 136.912222751, 35.563999704 ], [ 136.912222751, 35.563944145 ], [ 136.91222275, 35.563888595 ], [ 136.9121672, 35.563888595 ], [ 136.9121672, 35.563833035 ], [ 136.91211164, 35.563833035 ], [ 136.91211164, 35.563777485 ], [ 136.91205609, 35.563777485 ], [ 136.91205609, 35.563833035 ], [ 136.91205609, 35.563888595 ], [ 136.91211164, 35.563888595 ], [ 136.91211164, 35.563944145 ], [ 136.9121672, 35.563944145 ], [ 136.9121672, 35.563999704 ], [ 136.912222751, 35.563999704 ] ] ] } },
{ "type": "Feature", "properties": { "A31a_101": "8505090098", "A31a_102": "板取川", "A31a_103": "21", "A31a_104": "岐阜県", "A31a_105": 4 }, "geometry": { "type": "Polygon", "coordinates": [ [ [ 136.912444972, 35.564277484 ], [ 136.912444972, 35.564221924 ], [ 136.912444972, 35.564166374 ], [ 136.912389422, 35.564166374 ], [ 136.912389421, 35.564110814 ], [ 136.912389421, 35.564055264 ], [ 136.912333861, 35.564055264 ], [ 136.912333861, 35.563999704 ], [ 136.912278311, 35.563999704 ], [ 136.912222751, 35.563999704 ], [ 136.912222751, 35.564055264 ], [ 136.912278311, 35.564055264 ], [ 136.912278311, 35.564110814 ], [ 136.912278311, 35.564166374 ], [ 136.912333861, 35.564166374 ], [ 136.912333861, 35.564221924 ], [ 136.912389422, 35.564221924 ], [ 136.912389422, 35.564277484 ], [ 136.912444972, 35.564277484 ] ] ] } },
{ "type": "Feature", "properties": { "A31a_101": "8505090098", "A31a_102": "板取川", "A31a_103": "21", "A31a_104": "岐阜県", "A31a_105": 4 }, "geometry": { "type": "Polygon", "coordinates": [ [ [ 136.912444972, 35.564277484 ], [ 136.912444972, 35.564333033 ], [ 136.912444972, 35.564388593 ], [ 136.912500532, 35.564388593 ], [ 136.912500532, 35.564333033 ], [ 136.912500532, 35.564277484 ], [ 136.912444972, 35.564277484 ] ] ] } },
{ "type": "Feature", "properties": { "A31a_101": "8505090098", "A31a_102": "板取川", "A31a_103": "21", "A31a_104": "岐阜県", "A31a_105": 4 }, "geometry": { "type": "Polygon", "coordinates": [ [ [ 136.912778314, 35.564666372 ], [ 136.912778314, 35.564610813 ], [ 136.912778314, 35.564555263 ], [ 136.912722754, 35.564555263 ], [ 136.912722754, 35.564499703 ], [ 136.912667203, 35.564499703 ], [ 136.912667203, 35.564444143 ], [ 136.912611643, 35.564444143 ], [ 136.912556093, 35.564444143 ], [ 136.912556093, 35.564499703 ], [ 136.912611643, 35.564499703 ], [ 136.912611643, 35.564555263 ], [ 136.912667203, 35.564555263 ], [ 136.912667203, 35.564610813 ], [ 136.912722754, 35.564610813 ], [ 136.912722754, 35.564666372 ], [ 136.912778314, 35.564666372 ] ] ] } },
{ "type": "Feature", "properties": { "A31a_101": "8505090098", "A31a_102": "板取川", "A31a_103": "21", "A31a_104": "岐阜県", "A31a_105": 4 }, "geometry": { "type": "Polygon", "coordinates": [ [ [ 136.913333867, 35.565110811 ], [ 136.913333867, 35.565055261 ], [ 136.913333867, 35.564999701 ], [ 136.913278317, 35.564999701 ], [ 136.913222757, 35.564999701 ], [ 136.913222757, 35.564944141 ], [ 136.913167206, 35.564944141 ], [ 136.913167206, 35.564888591 ], [ 136.913111646, 35.564888592 ], [ 136.913056096, 35.564888592 ], [ 136.913000536, 35.564888592 ], [ 136.913000536, 35.564944141 ], [ 136.913056096, 35.564944141 ], [ 136.913111646, 35.564944141 ], [ 136.913111646, 35.564999701 ], [ 136.913167206, 35.564999701 ], [ 136.913167207, 35.565055261 ], [ 136.913222757, 35.565055261 ], [ 136.913222757, 35.565110811 ], [ 136.913278317, 35.565110811 ], [ 136.913333867, 35.565110811 ] ] ] } },
{ "type": "Feature", "properties": { "A31a_101": "8505090098", "A31a_102": "板取川", "A31a_103": "21", "A31a_104": "岐阜県", "A31a_105": 4 }, "geometry": { "type": "Polygon", "coordinates": [ [ [ 136.913889431, 35.565555259 ], [ 136.913889431, 35.565499699 ], [ 136.91383387, 35.565499699 ], [ 136.91383387, 35.56544414 ], [ 136.91377832, 35.56544414 ], [ 136.91377832, 35.56538859 ], [ 136.91372276, 35.56538859 ], [ 136.91372276, 35.56533303 ], [ 136.913667209, 35.56533303 ], [ 136.913611649, 35.56533303 ], [ 136.913611649, 35.56527748 ], [ 136.913556099, 35.56527748 ], [ 136.913556099, 35.56522192 ], [ 136.913500538, 35.56522192 ], [ 136.913500538, 35.565166371 ], [ 136.913444978, 35.565166371 ], [ 136.913444978, 35.565110811 ], [ 136.913389428, 35.565110811 ], [ 136.913333867, 35.565110811 ], [ 136.913333868, 35.565166371 ], [ 136.913389428, 35.565166371 ], [ 136.913389428, 35.56522192 ], [ 136.913444978, 35.56522192 ], [ 136.913444978, 35.56527748 ], [ 136.913500539, 35.56527748 ], [ 136.913500539, 35.56533303 ], [ 136.913556099, 35.56533303 ], [ 136.913556099, 35.56538859 ], [ 136.913611649, 35.56538859 ], [ 136.913667209, 35.56538859 ], [ 136.91366721, 35.56544414 ], [ 136.91372276, 35.56544414 ], [ 136.91372276, 35.565499699 ], [ 136.91377832, 35.565499699 ], [ 136.91377832, 35.565555259 ], [ 136.913833871, 35.565555259 ], [ 136.913889431, 35.565555259 ] ] ] } },
{ "type": "Feature", "properties": { "A31a_101": "8505090098", "A31a_102": "板取川", "A31a_103": "21", "A31a_104": "岐阜県", "A31a_105": 4 }, "geometry": { "type": "Polygon", "coordinates": [ [ [ 136.913944981, 35.565610809 ], [ 136.913944981, 35.565555259 ], [ 136.913889431, 35.565555259 ], [ 136.913889431, 35.565610809 ], [ 136.913944981, 35.565610809 ] ] ] } },
{ "type": "Feature", "properties": { "A31a_101": "8505090098", "A31a_102": "板取川", "A31a_103": "21", "A31a_104": "岐阜県", "A31a_105": 4 }, "geometry": { "type": "Polygon", "coordinates": [ [ [ 136.914000541, 35.565666369 ], [ 136.914000541, 35.565610809 ], [ 136.913944981, 35.565610809 ], [ 136.913944981, 35.565666369 ], [ 136.914000541, 35.565666369 ] ] ] } },
{ "type": "Feature", "properties": { "A31a_101": "8505090098", "A31a_102": "板取川", "A31a_103": "21", "A31a_104": "岐阜県", "A31a_105": 4 }, "geometry": { "type": "Polygon", "coordinates": [ [ [ 136.914056102, 35.565721919 ], [ 136.914056102, 35.565666369 ], [ 136.914000541, 35.565666369 ], [ 136.914000542, 35.565721919 ], [ 136.914056102, 35.565721919 ] ] ] } },
{ "type": "Feature", "properties": { "A31a_101": "8505090098", "A31a_102": "板取川", "A31a_103": "21", "A31a_104": "岐阜県", "A31a_105": 4 }, "geometry": { "type": "Polygon", "coordinates": [ [ [ 136.914111652, 35.565777478 ], [ 136.914111652, 35.565721919 ], [ 136.914056102, 35.565721919 ], [ 136.914056102, 35.565777479 ], [ 136.914111652, 35.565777478 ] ] ] } },
{ "type": "Feature", "properties": { "A31a_101": "8505090098", "A31a_102": "板取川", "A31a_103": "21", "A31a_104": "岐阜県", "A31a_105": 4 }, "geometry": { "type": "Polygon", "coordinates": [ [ [ 136.914111652, 35.565777478 ], [ 136.914111652, 35.565833028 ], [ 136.914167213, 35.565833028 ], [ 136.914167212, 35.565777478 ], [ 136.914111652, 35.565777478 ] ] ] } },
{ "type": "Feature", "properties": { "A31a_101": "8505090098", "A31a_102": "板取川", "A31a_103": "21", "A31a_104": "岐阜県", "A31a_105": 4 }, "geometry": { "type": "Polygon", "coordinates": [ [ [ 136.915000548, 35.566499696 ], [ 136.915000547, 35.566444136 ], [ 136.914944987, 35.566444136 ], [ 136.914944987, 35.566499696 ], [ 136.915000548, 35.566499696 ] ] ] } },
{ "type": "Feature", "properties": { "A31a_101": "8505090098", "A31a_102": "板取川", "A31a_103": "21", "A31a_104": "岐阜県", "A31a_105": 4 }, "geometry": { "type": "Polygon", "coordinates": [ [ [ 136.91550055, 35.566944135 ], [ 136.91550055, 35.566888585 ], [ 136.91544499, 35.566888585 ], [ 136.91544499, 35.566944135 ], [ 136.91550055, 35.566944135 ] ] ] } },
{ "type": "Feature", "properties": { "A31a_101": "8505090098", "A31a_102": "板取川", "A31a_103": "21", "A31a_104": "岐阜県", "A31a_105": 4 }, "geometry": { "type": "Polygon", "coordinates": [ [ [ 136.91550055, 35.566944135 ], [ 136.915500551, 35.566999694 ], [ 136.915556111, 35.566999694 ], [ 136.915556111, 35.566944134 ], [ 136.91550055, 35.566944135 ] ] ] } },
{ "type": "Feature", "properties": { "A31a_101": "8505090098", "A31a_102": "板取川", "A31a_103": "21", "A31a_104": "岐阜県", "A31a_105": 4 }, "geometry": { "type": "Polygon", "coordinates": [ [ [ 136.916000553, 35.567499693 ], [ 136.916000553, 35.567444133 ], [ 136.915944993, 35.567444133 ], [ 136.915944993, 35.567499693 ], [ 136.916000553, 35.567499693 ] ] ] } },
{ "type": "Feature", "properties": { "A31a_101": "8505090098", "A31a_102": "板取川", "A31a_103": "21", "A31a_104": "岐阜県", "A31a_105": 4 }, "geometry": { "type": "Polygon", "coordinates": [ [ [ 136.916167224, 35.567610802 ], [ 136.916167224, 35.567555252 ], [ 136.916111664, 35.567555253 ], [ 136.916111664, 35.567610802 ], [ 136.916167224, 35.567610802 ] ] ] } },
{ "type": "Feature", "properties": { "A31a_101": "8505090098", "A31a_102": "板取川", "A31a_103": "21", "A31a_104": "岐阜県", "A31a_105": 4 }, "geometry": { "type": "Polygon", "coordinates": [ [ [ 136.916222775, 35.567666362 ], [ 136.916222775, 35.567610802 ], [ 136.916167224, 35.567610802 ], [ 136.916167224, 35.567666362 ], [ 136.916222775, 35.567666362 ] ] ] } },
{ "type": "Feature", "properties": { "A31a_101": "8505090098", "A31a_102": "板取川", "A31a_103": "21", "A31a_104": "岐阜県", "A31a_105": 4 }, "geometry": { "type": "Polygon", "coordinates": [ [ [ 136.916222775, 35.567666362 ], [ 136.916222775, 35.567721912 ], [ 136.916222775, 35.567777472 ], [ 136.916278335, 35.567777472 ], [ 136.916278335, 35.567833022 ], [ 136.916333885, 35.567833022 ], [ 136.916333885, 35.567777472 ], [ 136.916333885, 35.567721912 ], [ 136.916278335, 35.567721912 ], [ 136.916278335, 35.567666362 ], [ 136.916222775, 35.567666362 ] ] ] } },
{ "type": "Feature", "properties": { "A31a_101": "8505090098", "A31a_102": "板取川", "A31a_103": "21", "A31a_104": "岐阜県", "A31a_105": 4 }, "geometry": { "type": "Polygon", "coordinates": [ [ [ 136.899444935, 35.570333019 ], [ 136.899389385, 35.570333019 ], [ 136.899389385, 35.570388579 ], [ 136.899444935, 35.570388579 ], [ 136.899444935, 35.570333019 ] ] ] } },
{ "type": "Feature", "properties": { "A31a_101": "8505090098", "A31a_102": "板取川", "A31a_103": "21", "A31a_104": "岐阜県", "A31a_105": 4 }, "geometry": { "type": "Polygon", "coordinates": [ [ [ 136.900111607, 35.570499688 ], [ 136.900111607, 35.570444129 ], [ 136.900056057, 35.570444129 ], [ 136.900000497, 35.570444129 ], [ 136.900000497, 35.570499689 ], [ 136.900000497, 35.570555248 ], [ 136.900000497, 35.570610798 ], [ 136.900000497, 35.570666358 ], [ 136.900056057, 35.570666358 ], [ 136.900056057, 35.570610798 ], [ 136.900056057, 35.570555248 ], [ 136.900111607, 35.570555248 ], [ 136.900111607, 35.570499688 ] ] ] } },
{ "type": "Feature", "properties": { "A31a_101": "8505090098", "A31a_102": "板取川", "A31a_103": "21", "A31a_104": "岐阜県", "A31a_105": 4 }, "geometry": { "type": "Polygon", "coordinates": [ [ [ 136.899167165, 35.571166356 ], [ 136.899111605, 35.571166356 ], [ 136.899111605, 35.571221906 ], [ 136.899167165, 35.571221906 ], [ 136.899167165, 35.571166356 ] ] ] } },
{ "type": "Feature", "properties": { "A31a_101": "8505090098", "A31a_102": "板取川", "A31a_103": "21", "A31a_104": "岐阜県", "A31a_105": 4 }, "geometry": { "type": "Polygon", "coordinates": [ [ [ 136.899778277, 35.571110797 ], [ 136.899722717, 35.571110797 ], [ 136.899722717, 35.571166356 ], [ 136.899722717, 35.571221906 ], [ 136.899778277, 35.571221906 ], [ 136.899778277, 35.571166356 ], [ 136.899778277, 35.571110797 ] ] ] } },
{ "type": "Feature", "properties": { "A31a_101": "8505090098", "A31a_102": "板取川", "A31a_103": "21", "A31a_104": "岐阜県", "A31a_105": 4 }, "geometry": { "type": "Polygon", "coordinates": [ [ [ 136.899111605, 35.571333016 ], [ 136.899056055, 35.571333016 ], [ 136.899056055, 35.571388575 ], [ 136.899111606, 35.571388575 ], [ 136.899111605, 35.571333016 ] ] ] } },
{ "type": "Feature", "properties": { "A31a_101": "8505090098", "A31a_102": "板取川", "A31a_103": "21", "A31a_104": "岐阜県", "A31a_105": 4 }, "geometry": { "type": "Polygon", "coordinates": [ [ [ 136.899611607, 35.571777464 ], [ 136.899556057, 35.571777464 ], [ 136.899556057, 35.571833014 ], [ 136.899611607, 35.571833014 ], [ 136.899611607, 35.571777464 ] ] ] } },
{ "type": "Feature", "properties": { "A31a_101": "8505090098", "A31a_102": "板取川", "A31a_103": "21", "A31a_104": "岐阜県", "A31a_105": 4 }, "geometry": { "type": "Polygon", "coordinates": [ [ [ 136.899556057, 35.571888574 ], [ 136.899500497, 35.571888574 ], [ 136.899500497, 35.571944124 ], [ 136.899556057, 35.571944124 ], [ 136.899556057, 35.571888574 ] ] ] } },
{ "type": "Feature", "properties": { "A31a_101": "8505090098", "A31a_102": "板取川", "A31a_103": "21", "A31a_104": "岐阜県", "A31a_105": 4 }, "geometry": { "type": "Polygon", "coordinates": [ [ [ 136.898889386, 35.571999684 ], [ 136.898833826, 35.571999683 ], [ 136.898833826, 35.572055243 ], [ 136.898833826, 35.572110793 ], [ 136.898833826, 35.572166353 ], [ 136.898889386, 35.572166353 ], [ 136.898889386, 35.572110793 ], [ 136.898889386, 35.572055243 ], [ 136.898889386, 35.571999684 ] ] ] } },
{ "type": "Feature", "properties": { "A31a_101": "8505090098", "A31a_102": "板取川", "A31a_103": "21", "A31a_104": "岐阜県", "A31a_105": 4 }, "geometry": { "type": "Polygon", "coordinates": [ [ [ 136.898833826, 35.572221903 ], [ 136.898778276, 35.572221903 ], [ 136.898778276, 35.572277463 ], [ 136.898778276, 35.572333012 ], [ 136.898778276, 35.572388572 ], [ 136.898833826, 35.572388572 ], [ 136.898833826, 35.572333012 ], [ 136.898833826, 35.572277463 ], [ 136.898833826, 35.572221903 ] ] ] } },
{ "type": "Feature", "properties": { "A31a_101": "8505090098", "A31a_102": "板取川", "A31a_103": "21", "A31a_104": "岐阜県", "A31a_105": 4 }, "geometry": { "type": "Polygon", "coordinates": [ [ [ 136.898778276, 35.572444122 ], [ 136.898722716, 35.572444122 ], [ 136.898722716, 35.572499682 ], [ 136.898722716, 35.572555242 ], [ 136.898778276, 35.572555242 ], [ 136.898778276, 35.572499682 ], [ 136.898778276, 35.572444122 ] ] ] } },
{ "type": "Feature", "properties": { "A31a_101": "8505090098", "A31a_102": "板取川", "A31a_103": "21", "A31a_104": "岐阜県", "A31a_105": 4 }, "geometry": { "type": "Polygon", "coordinates": [ [ [ 136.898556058, 35.574333006 ], [ 136.898556058, 35.574277457 ], [ 136.898611608, 35.574277457 ], [ 136.898611608, 35.574221897 ], [ 136.898611608, 35.574166347 ], [ 136.898611608, 35.574110787 ], [ 136.898611608, 35.574055237 ], [ 136.898611608, 35.573999677 ], [ 136.898611608, 35.573944118 ], [ 136.898611608, 35.573888568 ], [ 136.898611607, 35.573833008 ], [ 136.898611607, 35.573777458 ], [ 136.898611607, 35.573721898 ], [ 136.898611607, 35.573666348 ], [ 136.898611607, 35.573610789 ], [ 136.898611607, 35.573555239 ], [ 136.898611607, 35.573499679 ], [ 136.898611607, 35.573444119 ], [ 136.898611607, 35.573388569 ], [ 136.898611607, 35.573333009 ], [ 136.898611607, 35.57327746 ], [ 136.898611607, 35.5732219 ], [ 136.898611607, 35.57316635 ], [ 136.898611606, 35.57311079 ], [ 136.898611606, 35.57305524 ], [ 136.898556056, 35.57305524 ], [ 136.898556056, 35.57311079 ], [ 136.898556056, 35.57316635 ], [ 136.898556056, 35.5732219 ], [ 136.898556057, 35.57327746 ], [ 136.898556057, 35.573333009 ], [ 136.898500496, 35.573333009 ], [ 136.898500497, 35.573388569 ], [ 136.898500497, 35.573444119 ], [ 136.898500497, 35.573499679 ], [ 136.898500497, 35.573555239 ], [ 136.898500497, 35.573610789 ], [ 136.898500497, 35.573666348 ], [ 136.898444937, 35.573666348 ], [ 136.898444937, 35.573721898 ], [ 136.898444937, 35.573777458 ], [ 136.898444937, 35.573833008 ], [ 136.898444937, 35.573888568 ], [ 136.898444937, 35.573944117 ], [ 136.898444937, 35.573999677 ], [ 136.898444937, 35.574055237 ], [ 136.898389387, 35.574055237 ], [ 136.898389387, 35.574110787 ], [ 136.898444937, 35.574110787 ], [ 136.898444937, 35.574166347 ], [ 136.898444938, 35.574221897 ], [ 136.898389387, 35.574221897 ], [ 136.898389387, 35.574277456 ], [ 136.898389388, 35.574333006 ], [ 136.898389388, 35.574388566 ], [ 136.898389388, 35.574444116 ], [ 136.898444938, 35.574444116 ], [ 136.898500498, 35.574444116 ], [ 136.898556058, 35.574444116 ], [ 136.898556058, 35.574388566 ], [ 136.898556058, 35.574333006 ] ] ] } },
{ "type": "Feature", "properties": { "A31a_101": "8505090098", "A31a_102": "板取川", "A31a_103": "21", "A31a_104": "岐阜県", "A31a_105": 4 }, "geometry": { "type": "Polygon", "coordinates": [ [ [ 136.898333828, 35.574666345 ], [ 136.898278278, 35.574666345 ], [ 136.898278278, 35.574721895 ], [ 136.898278278, 35.574777455 ], [ 136.898278278, 35.574833005 ], [ 136.898333828, 35.574833005 ], [ 136.898333828, 35.574777455 ], [ 136.898333828, 35.574721895 ], [ 136.898333828, 35.574666345 ] ] ] } },
{ "type": "Feature", "properties": { "A31a_101": "8505090098", "A31a_102": "板取川", "A31a_103": "21", "A31a_104": "岐阜県", "A31a_105": 4 }, "geometry": { "type": "Polygon", "coordinates": [ [ [ 136.898333829, 35.575444113 ], [ 136.898333829, 35.575388563 ], [ 136.898333829, 35.575333003 ], [ 136.898333829, 35.575277454 ], [ 136.898333829, 35.575221894 ], [ 136.898333829, 35.575166344 ], [ 136.898333828, 35.575110784 ], [ 136.898333828, 35.575055234 ], [ 136.898333828, 35.574999674 ], [ 136.898333828, 35.574944114 ], [ 136.898333828, 35.574888565 ], [ 136.898278278, 35.574888565 ], [ 136.898278278, 35.574944114 ], [ 136.898278278, 35.574999674 ], [ 136.898278278, 35.575055234 ], [ 136.898222718, 35.575055234 ], [ 136.898222718, 35.575110784 ], [ 136.898222718, 35.575166344 ], [ 136.898222718, 35.575221894 ], [ 136.898167168, 35.575221894 ], [ 136.898167168, 35.575277453 ], [ 136.898167168, 35.575333003 ], [ 136.898167168, 35.575388563 ], [ 136.898167168, 35.575444113 ], [ 136.898111608, 35.575444113 ], [ 136.898111608, 35.575499673 ], [ 136.898111608, 35.575555233 ], [ 136.898167169, 35.575555233 ], [ 136.898222719, 35.575555233 ], [ 136.898278279, 35.575555233 ], [ 136.898333829, 35.575555233 ], [ 136.898333829, 35.575499673 ], [ 136.898333829, 35.575444113 ] ] ] } },
{ "type": "Feature", "properties": { "A31a_101": "8505090098", "A31a_102": "板取川", "A31a_103": "21", "A31a_104": "岐阜県", "A31a_105": 4 }, "geometry": { "type": "Polygon", "coordinates": [ [ [ 136.898056059, 35.575777452 ], [ 136.898000498, 35.575777452 ], [ 136.898000499, 35.575833002 ], [ 136.898056059, 35.575833002 ], [ 136.898056059, 35.575777452 ] ] ] } },
{ "type": "Feature", "properties": { "A31a_101": "8505090098", "A31a_102": "板取川", "A31a_103": "21", "A31a_104": "岐阜県", "A31a_105": 4 }, "geometry": { "type": "Polygon", "coordinates": [ [ [ 136.898056059, 35.575888562 ], [ 136.898000499, 35.575888562 ], [ 136.898000499, 35.575944112 ], [ 136.898000499, 35.575999671 ], [ 136.898056059, 35.575999671 ], [ 136.898056059, 35.575944112 ], [ 136.898056059, 35.575888562 ] ] ] } },
{ "type": "Feature", "properties": { "A31a_101": "8505090098", "A31a_102": "板取川", "A31a_103": "21", "A31a_104": "岐阜県", "A31a_105": 4 }, "geometry": { "type": "Polygon", "coordinates": [ [ [ 136.898833832, 35.577110779 ], [ 136.898778282, 35.577110779 ], [ 136.898778282, 35.577166339 ], [ 136.898833833, 35.577166339 ], [ 136.898833832, 35.577110779 ] ] ] } },
{ "type": "Feature", "properties": { "A31a_101": "8505090098", "A31a_102": "板取川", "A31a_103": "21", "A31a_104": "岐阜県", "A31a_105": 4 }, "geometry": { "type": "Polygon", "coordinates": [ [ [ 136.89772272, 35.577166338 ], [ 136.897667169, 35.577166338 ], [ 136.89766717, 35.577221888 ], [ 136.89772272, 35.577221888 ], [ 136.89772272, 35.577166338 ] ] ] } },
{ "type": "Feature", "properties": { "A31a_101": "8505090098", "A31a_102": "板取川", "A31a_103": "21", "A31a_104": "岐阜県", "A31a_105": 4 }, "geometry": { "type": "Polygon", "coordinates": [ [ [ 136.898722722, 35.577166339 ], [ 136.898667172, 35.577166339 ], [ 136.898667172, 35.577221888 ], [ 136.898722722, 35.577221889 ], [ 136.898722722, 35.577166339 ] ] ] } },
{ "type": "Feature", "properties": { "A31a_101": "8505090098", "A31a_102": "板取川", "A31a_103": "21", "A31a_104": "岐阜県", "A31a_105": 4 }, "geometry": { "type": "Polygon", "coordinates": [ [ [ 136.89777828, 35.577388558 ], [ 136.89772272, 35.577388558 ], [ 136.89772272, 35.577444107 ], [ 136.89777828, 35.577444107 ], [ 136.89777828, 35.577388558 ] ] ] } },
{ "type": "Feature", "properties": { "A31a_101": "8505090098", "A31a_102": "板取川", "A31a_103": "21", "A31a_104": "岐阜県", "A31a_105": 4 }, "geometry": { "type": "Polygon", "coordinates": [ [ [ 136.89777828, 35.577499667 ], [ 136.89772272, 35.577499667 ], [ 136.89772272, 35.577555227 ], [ 136.89777828, 35.577555227 ], [ 136.89777828, 35.577499667 ] ] ] } },
{ "type": "Feature", "properties": { "A31a_101": "8505090098", "A31a_102": "板取川", "A31a_103": "21", "A31a_104": "岐阜県", "A31a_105": 4 }, "geometry": { "type": "Polygon", "coordinates": [ [ [ 136.898389392, 35.577721887 ], [ 136.898333832, 35.577721887 ], [ 136.898333832, 35.577777447 ], [ 136.898333832, 35.577832997 ], [ 136.898333832, 35.577888557 ], [ 136.898333832, 35.577944106 ], [ 136.898333832, 35.577999666 ], [ 136.898389392, 35.577999666 ], [ 136.898389392, 35.577944106 ], [ 136.898389392, 35.577888557 ], [ 136.898389392, 35.577832997 ], [ 136.898389392, 35.577777447 ], [ 136.898389392, 35.577721887 ] ] ] } },
{ "type": "Feature", "properties": { "A31a_101": "8505090098", "A31a_102": "板取川", "A31a_103": "21", "A31a_104": "岐阜県", "A31a_105": 4 }, "geometry": { "type": "Polygon", "coordinates": [ [ [ 136.898444943, 35.578055226 ], [ 136.898389393, 35.578055226 ], [ 136.898389393, 35.578110776 ], [ 136.898389393, 35.578166336 ], [ 136.898389393, 35.578221886 ], [ 136.898444943, 35.578221886 ], [ 136.898444943, 35.578166336 ], [ 136.898444943, 35.578110776 ], [ 136.898444943, 35.578055226 ] ] ] } },
{ "type": "Feature", "properties": { "A31a_101": "8505090098", "A31a_102": "板取川", "A31a_103": "21", "A31a_104": "岐阜県", "A31a_105": 4 }, "geometry": { "type": "Polygon", "coordinates": [ [ [ 136.898667174, 35.578666335 ], [ 136.898611614, 35.578666335 ], [ 136.898611614, 35.578721884 ], [ 136.898667174, 35.578721884 ], [ 136.898667174, 35.578666335 ] ] ] } },
{ "type": "Feature", "properties": { "A31a_101": "8505090098", "A31a_102": "板取川", "A31a_103": "21", "A31a_104": "岐阜県", "A31a_105": 4 }, "geometry": { "type": "Polygon", "coordinates": [ [ [ 136.898667174, 35.578832994 ], [ 136.898611614, 35.578832994 ], [ 136.898611614, 35.578888554 ], [ 136.898667174, 35.578888554 ], [ 136.898667174, 35.578832994 ] ] ] } },
{ "type": "Feature", "properties": { "A31a_101": "8505090098", "A31a_102": "板取川", "A31a_103": "21", "A31a_104": "岐阜県", "A31a_105": 4 }, "geometry": { "type": "Polygon", "coordinates": [ [ [ 136.899222727, 35.579499663 ], [ 136.899167177, 35.579499663 ], [ 136.899167177, 35.579555222 ], [ 136.899222727, 35.579555223 ], [ 136.899222727, 35.579499663 ] ] ] } }
]
}
