{
"type": "FeatureCollection",
"name": "A31a-10-25_21_8505090104_20",
"crs": { "type": "name", "properties": { "name": "urn:ogc:def:crs:EPSG::6668" } },
"xy_coordinate_resolution": 1e-09,
"features": [
{ "type": "Feature", "properties": { "A31a_101": "8505090104", "A31a_102": "吉田川", "A31a_103": "21", "A31a_104": "岐阜県", "A31a_105": 1 }, "geometry": { "type": "Polygon", "coordinates": [ [ [ 136.948834053, 35.737777455 ], [ 136.948834053, 35.737833005 ], [ 136.948834053, 35.737888565 ], [ 136.948778503, 35.737888565 ], [ 136.948778503, 35.737944115 ], [ 136.948722943, 35.737944115 ], [ 136.948722943, 35.737999675 ], [ 136.948722943, 35.738055235 ], [ 136.948722943, 35.738110786 ], [ 136.948778503, 35.738110786 ], [ 136.948778503, 35.738166346 ], [ 136.948722943, 35.738166346 ], [ 136.948722943, 35.738221896 ], [ 136.948778503, 35.738221896 ], [ 136.948834053, 35.738221896 ], [ 136.948834053, 35.738277456 ], [ 136.948889613, 35.738277456 ], [ 136.948889613, 35.738221896 ], [ 136.948889613, 35.738166346 ], [ 136.948945163, 35.738166346 ], [ 136.948945163, 35.738110786 ], [ 136.949000723, 35.738110786 ], [ 136.949000723, 35.738055236 ], [ 136.949056283, 35.738055236 ], [ 136.949056283, 35.737999676 ], [ 136.949000723, 35.737999676 ], [ 136.948945163, 35.737999676 ], [ 136.948945163, 35.737944116 ], [ 136.949000723, 35.737944116 ], [ 136.949000723, 35.737888566 ], [ 136.948945163, 35.737888566 ], [ 136.948945163, 35.737833005 ], [ 136.948889613, 35.737833005 ], [ 136.948889613, 35.737777455 ], [ 136.948834053, 35.737777455 ] ] ] } },
{ "type": "Feature", "properties": { "A31a_101": "8505090104", "A31a_102": "吉田川", "A31a_103": "21", "A31a_104": "岐阜県", "A31a_105": 1 }, "geometry": { "type": "Polygon", "coordinates": [ [ [ 136.948611833, 35.738221896 ], [ 136.948611833, 35.738277456 ], [ 136.948611833, 35.738333006 ], [ 136.948667393, 35.738333006 ], [ 136.948722943, 35.738333006 ], [ 136.948778503, 35.738333006 ], [ 136.948834053, 35.738333006 ], [ 136.948834053, 35.738277456 ], [ 136.948778503, 35.738277456 ], [ 136.948722943, 35.738277456 ], [ 136.948722943, 35.738221896 ], [ 136.948667393, 35.738221896 ], [ 136.948611833, 35.738221896 ] ] ] } },
{ "type": "Feature", "properties": { "A31a_101": "8505090104", "A31a_102": "吉田川", "A31a_103": "21", "A31a_104": "岐阜県", "A31a_105": 1 }, "geometry": { "type": "Polygon", "coordinates": [ [ [ 136.948889613, 35.738277456 ], [ 136.948889614, 35.738333006 ], [ 136.948945164, 35.738333006 ], [ 136.948945163, 35.738277456 ], [ 136.948889613, 35.738277456 ] ] ] } },
{ "type": "Feature", "properties": { "A31a_101": "8505090104", "A31a_102": "吉田川", "A31a_103": "21", "A31a_104": "岐阜県", "A31a_105": 1 }, "geometry": { "type": "Polygon", "coordinates": [ [ [ 136.948945163, 35.737444115 ], [ 136.948945163, 35.737499675 ], [ 136.948889613, 35.737499675 ], [ 136.948834053, 35.737499675 ], [ 136.948834053, 35.737555235 ], [ 136.948889613, 35.737555235 ], [ 136.948945163, 35.737555235 ], [ 136.949000723, 35.737555235 ], [ 136.949000723, 35.737499675 ], [ 136.949000723, 35.737444115 ], [ 136.948945163, 35.737444115 ] ] ] } },
{ "type": "Feature", "properties": { "A31a_101": "8505090104", "A31a_102": "吉田川", "A31a_103": "21", "A31a_104": "岐阜県", "A31a_105": 1 }, "geometry": { "type": "Polygon", "coordinates": [ [ [ 136.948889613, 35.737610785 ], [ 136.948889613, 35.737666345 ], [ 136.948945163, 35.737666345 ], [ 136.948945163, 35.737610785 ], [ 136.948889613, 35.737610785 ] ] ] } },
{ "type": "Feature", "properties": { "A31a_101": "8505090104", "A31a_102": "吉田川", "A31a_103": "21", "A31a_104": "岐阜県", "A31a_105": 1 }, "geometry": { "type": "Polygon", "coordinates": [ [ [ 136.949056283, 35.737388565 ], [ 136.949056283, 35.737444115 ], [ 136.949111833, 35.737444115 ], [ 136.949111833, 35.737388565 ], [ 136.949056283, 35.737388565 ] ] ] } },
{ "type": "Feature", "properties": { "A31a_101": "8505090104", "A31a_102": "吉田川", "A31a_103": "21", "A31a_104": "岐阜県", "A31a_105": 1 }, "geometry": { "type": "Polygon", "coordinates": [ [ [ 136.949111834, 35.738277456 ], [ 136.949111834, 35.738333006 ], [ 136.949167394, 35.738333007 ], [ 136.949167394, 35.738277456 ], [ 136.949111834, 35.738277456 ] ] ] } },
{ "type": "Feature", "properties": { "A31a_101": "8505090104", "A31a_102": "吉田川", "A31a_103": "21", "A31a_104": "岐阜県", "A31a_105": 1 }, "geometry": { "type": "Polygon", "coordinates": [ [ [ 136.947222944, 35.739999676 ], [ 136.947222944, 35.740055236 ], [ 136.947278504, 35.740055237 ], [ 136.947334054, 35.740055237 ], [ 136.947334054, 35.740110787 ], [ 136.947278504, 35.740110787 ], [ 136.947278504, 35.740166347 ], [ 136.947334054, 35.740166347 ], [ 136.947334054, 35.740221897 ], [ 136.947389614, 35.740221897 ], [ 136.947389614, 35.740277457 ], [ 136.947334054, 35.740277457 ], [ 136.947334054, 35.740333007 ], [ 136.947278504, 35.740333007 ], [ 136.947222944, 35.740333007 ], [ 136.947222944, 35.740388567 ], [ 136.947222945, 35.740444117 ], [ 136.947167394, 35.740444117 ], [ 136.947111834, 35.740444117 ], [ 136.947111834, 35.740388567 ], [ 136.947056284, 35.740388567 ], [ 136.947056284, 35.740444117 ], [ 136.947000724, 35.740444117 ], [ 136.946945164, 35.740444117 ], [ 136.946945164, 35.740499677 ], [ 136.946945164, 35.740555237 ], [ 136.946945165, 35.740610787 ], [ 136.946945165, 35.740666347 ], [ 136.947000725, 35.740666347 ], [ 136.947000725, 35.740721897 ], [ 136.947000725, 35.740777457 ], [ 136.947056285, 35.740777457 ], [ 136.947111835, 35.740777457 ], [ 136.947167395, 35.740777458 ], [ 136.947222945, 35.740777458 ], [ 136.947222945, 35.740721898 ], [ 136.947222945, 35.740666347 ], [ 136.947222945, 35.740610787 ], [ 136.947222945, 35.740555237 ], [ 136.947222945, 35.740499677 ], [ 136.947278505, 35.740499677 ], [ 136.947278505, 35.740444117 ], [ 136.947334055, 35.740444117 ], [ 136.947334055, 35.740499677 ], [ 136.947389615, 35.740499677 ], [ 136.947389615, 35.740444117 ], [ 136.947389615, 35.740388567 ], [ 136.947389615, 35.740333007 ], [ 136.947445165, 35.740333007 ], [ 136.947445165, 35.740388567 ], [ 136.947500725, 35.740388567 ], [ 136.947500725, 35.740333007 ], [ 136.947556285, 35.740333007 ], [ 136.947556285, 35.740277457 ], [ 136.947556285, 35.740221897 ], [ 136.947611835, 35.740221897 ], [ 136.947611834, 35.740166347 ], [ 136.947611834, 35.740110787 ], [ 136.947611834, 35.740055237 ], [ 136.947611834, 35.739999677 ], [ 136.947556284, 35.739999677 ], [ 136.947500724, 35.739999677 ], [ 136.947445164, 35.739999677 ], [ 136.947389614, 35.739999677 ], [ 136.947334054, 35.739999677 ], [ 136.947278504, 35.739999676 ], [ 136.947222944, 35.739999676 ] ] ] } },
{ "type": "Feature", "properties": { "A31a_101": "8505090104", "A31a_102": "吉田川", "A31a_103": "21", "A31a_104": "岐阜県", "A31a_105": 1 }, "geometry": { "type": "Polygon", "coordinates": [ [ [ 136.946722944, 35.740555236 ], [ 136.946722944, 35.740610787 ], [ 136.946667394, 35.740610786 ], [ 136.946667394, 35.740666347 ], [ 136.946722944, 35.740666347 ], [ 136.946778504, 35.740666347 ], [ 136.946778504, 35.740610787 ], [ 136.946778504, 35.740555237 ], [ 136.946722944, 35.740555236 ] ] ] } },
{ "type": "Feature", "properties": { "A31a_101": "8505090104", "A31a_102": "吉田川", "A31a_103": "21", "A31a_104": "岐阜県", "A31a_105": 1 }, "geometry": { "type": "Polygon", "coordinates": [ [ [ 136.946834054, 35.740666347 ], [ 136.946834055, 35.740721897 ], [ 136.946778505, 35.740721897 ], [ 136.946778505, 35.740777457 ], [ 136.946778505, 35.740833007 ], [ 136.946722945, 35.740833007 ], [ 136.946722945, 35.740888567 ], [ 136.946778505, 35.740888567 ], [ 136.946834055, 35.740888567 ], [ 136.946889615, 35.740888567 ], [ 136.946889615, 35.740944117 ], [ 136.946834055, 35.740944117 ], [ 136.946834055, 35.740999677 ], [ 136.946778505, 35.740999677 ], [ 136.946778505, 35.741055237 ], [ 136.946778505, 35.741110787 ], [ 136.946778505, 35.741166348 ], [ 136.946722945, 35.741166347 ], [ 136.946722945, 35.741221898 ], [ 136.946722945, 35.741277458 ], [ 136.946667395, 35.741277458 ], [ 136.946667395, 35.741333008 ], [ 136.946722945, 35.741333008 ], [ 136.946778505, 35.741333008 ], [ 136.946778505, 35.741277458 ], [ 136.946778505, 35.741221898 ], [ 136.946834055, 35.741221898 ], [ 136.946834055, 35.741277458 ], [ 136.946889615, 35.741277458 ], [ 136.946889615, 35.741221898 ], [ 136.946889615, 35.741166348 ], [ 136.946889615, 35.741110788 ], [ 136.946945165, 35.741110788 ], [ 136.947000725, 35.741110788 ], [ 136.947000725, 35.741055238 ], [ 136.947056285, 35.741055238 ], [ 136.947056285, 35.740999678 ], [ 136.947000725, 35.740999678 ], [ 136.947000725, 35.740944118 ], [ 136.947056285, 35.740944118 ], [ 136.947056285, 35.740999678 ], [ 136.947111835, 35.740999678 ], [ 136.947111835, 35.740944118 ], [ 136.947167395, 35.740944118 ], [ 136.947167395, 35.740888568 ], [ 136.947167395, 35.740833008 ], [ 136.947111835, 35.740833008 ], [ 136.947056285, 35.740833007 ], [ 136.947000725, 35.740833007 ], [ 136.947000725, 35.740777457 ], [ 136.946945165, 35.740777457 ], [ 136.946945165, 35.740721897 ], [ 136.946945165, 35.740666347 ], [ 136.946889615, 35.740666347 ], [ 136.946834054, 35.740666347 ] ] ] } },
{ "type": "Feature", "properties": { "A31a_101": "8505090104", "A31a_102": "吉田川", "A31a_103": "21", "A31a_104": "岐阜県", "A31a_105": 1 }, "geometry": { "type": "Polygon", "coordinates": [ [ [ 136.949445163, 35.737166345 ], [ 136.949445163, 35.737221895 ], [ 136.949500723, 35.737221895 ], [ 136.949500723, 35.737166345 ], [ 136.949445163, 35.737166345 ] ] ] } },
{ "type": "Feature", "properties": { "A31a_101": "8505090104", "A31a_102": "吉田川", "A31a_103": "21", "A31a_104": "岐阜県", "A31a_105": 1 }, "geometry": { "type": "Polygon", "coordinates": [ [ [ 136.951111833, 35.735999675 ], [ 136.951111833, 35.736055235 ], [ 136.951167393, 35.736055235 ], [ 136.951167393, 35.735999675 ], [ 136.951111833, 35.735999675 ] ] ] } },
{ "type": "Feature", "properties": { "A31a_101": "8505090104", "A31a_102": "吉田川", "A31a_103": "21", "A31a_104": "岐阜県", "A31a_105": 1 }, "geometry": { "type": "Polygon", "coordinates": [ [ [ 136.951278503, 35.736055235 ], [ 136.951278503, 35.736110786 ], [ 136.951222943, 35.736110786 ], [ 136.951222943, 35.736166346 ], [ 136.951167393, 35.736166346 ], [ 136.951167393, 35.736221896 ], [ 136.951222944, 35.736221896 ], [ 136.951278504, 35.736221896 ], [ 136.951334054, 35.736221896 ], [ 136.951334054, 35.736166346 ], [ 136.951389614, 35.736166346 ], [ 136.951389614, 35.736110786 ], [ 136.951389614, 35.736055236 ], [ 136.951334053, 35.736055236 ], [ 136.951278503, 35.736055235 ] ] ] } },
{ "type": "Feature", "properties": { "A31a_101": "8505090104", "A31a_102": "吉田川", "A31a_103": "21", "A31a_104": "岐阜県", "A31a_105": 1 }, "geometry": { "type": "Polygon", "coordinates": [ [ [ 136.948667399, 35.743555244 ], [ 136.9486674, 35.743610794 ], [ 136.9486674, 35.743666354 ], [ 136.9486674, 35.743721904 ], [ 136.94872295, 35.743721904 ], [ 136.94872295, 35.743666354 ], [ 136.94877851, 35.743666354 ], [ 136.94877851, 35.743610794 ], [ 136.94883406, 35.743610794 ], [ 136.94888962, 35.743610794 ], [ 136.94888962, 35.743555244 ], [ 136.94883406, 35.743555244 ], [ 136.94877851, 35.743555244 ], [ 136.94872295, 35.743555244 ], [ 136.948667399, 35.743555244 ] ] ] } },
{ "type": "Feature", "properties": { "A31a_101": "8505090104", "A31a_102": "吉田川", "A31a_103": "21", "A31a_104": "岐阜県", "A31a_105": 1 }, "geometry": { "type": "Polygon", "coordinates": [ [ [ 136.94872295, 35.743721904 ], [ 136.94872295, 35.743777464 ], [ 136.94877851, 35.743777464 ], [ 136.94877851, 35.743721904 ], [ 136.94872295, 35.743721904 ] ] ] } },
{ "type": "Feature", "properties": { "A31a_101": "8505090104", "A31a_102": "吉田川", "A31a_103": "21", "A31a_104": "岐阜県", "A31a_105": 1 }, "geometry": { "type": "Polygon", "coordinates": [ [ [ 136.9486674, 35.743777464 ], [ 136.9486674, 35.743833014 ], [ 136.9486674, 35.743888574 ], [ 136.9486674, 35.743944124 ], [ 136.9486674, 35.743999684 ], [ 136.94872295, 35.743999684 ], [ 136.94872295, 35.743944124 ], [ 136.94877851, 35.743944124 ], [ 136.94877851, 35.743888574 ], [ 136.94883406, 35.743888574 ], [ 136.94883406, 35.743833014 ], [ 136.94883406, 35.743777464 ], [ 136.94877851, 35.743777464 ], [ 136.94877851, 35.743833014 ], [ 136.94872295, 35.743833014 ], [ 136.94872295, 35.743777464 ], [ 136.9486674, 35.743777464 ] ] ] } },
{ "type": "Feature", "properties": { "A31a_101": "8505090104", "A31a_102": "吉田川", "A31a_103": "21", "A31a_104": "岐阜県", "A31a_105": 1 }, "geometry": { "type": "Polygon", "coordinates": [ [ [ 136.94888962, 35.743777464 ], [ 136.94888962, 35.743833014 ], [ 136.94888962, 35.743888575 ], [ 136.94888962, 35.743944125 ], [ 136.94894517, 35.743944125 ], [ 136.94900073, 35.743944125 ], [ 136.94905629, 35.743944125 ], [ 136.94905629, 35.743888575 ], [ 136.94905629, 35.743833015 ], [ 136.94900073, 35.743833015 ], [ 136.94900073, 35.743777465 ], [ 136.94894517, 35.743777464 ], [ 136.94888962, 35.743777464 ] ] ] } },
{ "type": "Feature", "properties": { "A31a_101": "8505090104", "A31a_102": "吉田川", "A31a_103": "21", "A31a_104": "岐阜県", "A31a_105": 1 }, "geometry": { "type": "Polygon", "coordinates": [ [ [ 136.94905629, 35.743944125 ], [ 136.94905629, 35.743999685 ], [ 136.94911184, 35.743999685 ], [ 136.94911184, 35.743944125 ], [ 136.94905629, 35.743944125 ] ] ] } },
{ "type": "Feature", "properties": { "A31a_101": "8505090104", "A31a_102": "吉田川", "A31a_103": "21", "A31a_104": "岐阜県", "A31a_105": 1 }, "geometry": { "type": "Polygon", "coordinates": [ [ [ 136.947778509, 35.743333012 ], [ 136.947778509, 35.743388572 ], [ 136.947778509, 35.743444122 ], [ 136.947778509, 35.743499682 ], [ 136.947778509, 35.743555242 ], [ 136.947834059, 35.743555242 ], [ 136.947889619, 35.743555242 ], [ 136.947889619, 35.743499682 ], [ 136.947889619, 35.743444122 ], [ 136.947889619, 35.743388572 ], [ 136.947834059, 35.743388572 ], [ 136.947834059, 35.743333012 ], [ 136.947778509, 35.743333012 ] ] ] } },
{ "type": "Feature", "properties": { "A31a_101": "8505090104", "A31a_102": "吉田川", "A31a_103": "21", "A31a_104": "岐阜県", "A31a_105": 1 }, "geometry": { "type": "Polygon", "coordinates": [ [ [ 136.948556289, 35.743555244 ], [ 136.948556289, 35.743610794 ], [ 136.94861184, 35.743610794 ], [ 136.948611839, 35.743555244 ], [ 136.948556289, 35.743555244 ] ] ] } },
{ "type": "Feature", "properties": { "A31a_101": "8505090104", "A31a_102": "吉田川", "A31a_103": "21", "A31a_104": "岐阜県", "A31a_105": 1 }, "geometry": { "type": "Polygon", "coordinates": [ [ [ 136.94872295, 35.744166355 ], [ 136.94872295, 35.744221905 ], [ 136.94872295, 35.744277465 ], [ 136.948778511, 35.744277465 ], [ 136.94877851, 35.744221905 ], [ 136.94877851, 35.744166355 ], [ 136.94872295, 35.744166355 ] ] ] } },
{ "type": "Feature", "properties": { "A31a_101": "8505090104", "A31a_102": "吉田川", "A31a_103": "21", "A31a_104": "岐阜県", "A31a_105": 1 }, "geometry": { "type": "Polygon", "coordinates": [ [ [ 136.948889621, 35.744666356 ], [ 136.948889621, 35.744721906 ], [ 136.948945171, 35.744721906 ], [ 136.948945171, 35.744777466 ], [ 136.949000731, 35.744777466 ], [ 136.949000731, 35.744833016 ], [ 136.949056291, 35.744833016 ], [ 136.949111841, 35.744833016 ], [ 136.949167402, 35.744833016 ], [ 136.949167401, 35.744777466 ], [ 136.949222951, 35.744777466 ], [ 136.949278512, 35.744777466 ], [ 136.949278512, 35.744833016 ], [ 136.949334062, 35.744833016 ], [ 136.949334062, 35.744777466 ], [ 136.949389622, 35.744777466 ], [ 136.949445172, 35.744777467 ], [ 136.949445172, 35.744721906 ], [ 136.949445171, 35.744666356 ], [ 136.949389621, 35.744666356 ], [ 136.949334061, 35.744666356 ], [ 136.949278511, 35.744666356 ], [ 136.949222951, 35.744666356 ], [ 136.949167401, 35.744666356 ], [ 136.949111841, 35.744666356 ], [ 136.949056291, 35.744666356 ], [ 136.949000731, 35.744666356 ], [ 136.948945171, 35.744666356 ], [ 136.948889621, 35.744666356 ] ] ] } },
{ "type": "Feature", "properties": { "A31a_101": "8505090104", "A31a_102": "吉田川", "A31a_103": "21", "A31a_104": "岐阜県", "A31a_105": 1 }, "geometry": { "type": "Polygon", "coordinates": [ [ [ 136.947945172, 35.745388575 ], [ 136.947945172, 35.745444125 ], [ 136.948000732, 35.745444125 ], [ 136.948000732, 35.745388575 ], [ 136.947945172, 35.745388575 ] ] ] } },
{ "type": "Feature", "properties": { "A31a_101": "8505090104", "A31a_102": "吉田川", "A31a_103": "21", "A31a_104": "岐阜県", "A31a_105": 1 }, "geometry": { "type": "Polygon", "coordinates": [ [ [ 136.948000732, 35.745444125 ], [ 136.948000732, 35.745499685 ], [ 136.948000732, 35.745555245 ], [ 136.948000732, 35.745610795 ], [ 136.948056292, 35.745610795 ], [ 136.948056292, 35.745555245 ], [ 136.948056292, 35.745499685 ], [ 136.948056292, 35.745444125 ], [ 136.948000732, 35.745444125 ] ] ] } },
{ "type": "Feature", "properties": { "A31a_101": "8505090104", "A31a_102": "吉田川", "A31a_103": "21", "A31a_104": "岐阜県", "A31a_105": 1 }, "geometry": { "type": "Polygon", "coordinates": [ [ [ 136.948167402, 35.745444125 ], [ 136.948167402, 35.745499685 ], [ 136.948222952, 35.745499685 ], [ 136.948222952, 35.745444125 ], [ 136.948167402, 35.745444125 ] ] ] } },
{ "type": "Feature", "properties": { "A31a_101": "8505090104", "A31a_102": "吉田川", "A31a_103": "21", "A31a_104": "岐阜県", "A31a_105": 1 }, "geometry": { "type": "Polygon", "coordinates": [ [ [ 136.948111842, 35.745499685 ], [ 136.948111842, 35.745555245 ], [ 136.948167402, 35.745555245 ], [ 136.948167402, 35.745499685 ], [ 136.948111842, 35.745499685 ] ] ] } },
{ "type": "Feature", "properties": { "A31a_101": "8505090104", "A31a_102": "吉田川", "A31a_103": "21", "A31a_104": "岐阜県", "A31a_105": 1 }, "geometry": { "type": "Polygon", "coordinates": [ [ [ 136.948222952, 35.745388575 ], [ 136.948222952, 35.745444125 ], [ 136.948278512, 35.745444126 ], [ 136.948278512, 35.745388575 ], [ 136.948222952, 35.745388575 ] ] ] } },
{ "type": "Feature", "properties": { "A31a_101": "8505090104", "A31a_102": "吉田川", "A31a_103": "21", "A31a_104": "岐阜県", "A31a_105": 1 }, "geometry": { "type": "Polygon", "coordinates": [ [ [ 136.947389622, 35.745999685 ], [ 136.947389622, 35.746055245 ], [ 136.947389622, 35.746110795 ], [ 136.947445172, 35.746110795 ], [ 136.947445172, 35.746166355 ], [ 136.947445172, 35.746221905 ], [ 136.947500732, 35.746221905 ], [ 136.947500733, 35.746277465 ], [ 136.947500733, 35.746333015 ], [ 136.947556293, 35.746333015 ], [ 136.947556293, 35.746277465 ], [ 136.947611843, 35.746277465 ], [ 136.947667403, 35.746277466 ], [ 136.947667403, 35.746221905 ], [ 136.947667403, 35.746166355 ], [ 136.947611842, 35.746166355 ], [ 136.947611842, 35.746110795 ], [ 136.947556292, 35.746110795 ], [ 136.947500732, 35.746110795 ], [ 136.947500732, 35.746055245 ], [ 136.947445172, 35.746055245 ], [ 136.947445172, 35.745999685 ], [ 136.947389622, 35.745999685 ] ] ] } },
{ "type": "Feature", "properties": { "A31a_101": "8505090104", "A31a_102": "吉田川", "A31a_103": "21", "A31a_104": "岐阜県", "A31a_105": 1 }, "geometry": { "type": "Polygon", "coordinates": [ [ [ 136.948056291, 35.745110795 ], [ 136.948056291, 35.745166355 ], [ 136.948111841, 35.745166355 ], [ 136.948111841, 35.745110795 ], [ 136.948056291, 35.745110795 ] ] ] } },
{ "type": "Feature", "properties": { "A31a_101": "8505090104", "A31a_102": "吉田川", "A31a_103": "21", "A31a_104": "岐阜県", "A31a_105": 1 }, "geometry": { "type": "Polygon", "coordinates": [ [ [ 136.948167402, 35.745777466 ], [ 136.948167402, 35.745833016 ], [ 136.948167402, 35.745888576 ], [ 136.948167402, 35.745944126 ], [ 136.948222952, 35.745944126 ], [ 136.948222953, 35.745999686 ], [ 136.948278513, 35.745999686 ], [ 136.948278513, 35.745944126 ], [ 136.948278512, 35.745888576 ], [ 136.948222952, 35.745888576 ], [ 136.948222952, 35.745833016 ], [ 136.948222952, 35.745777466 ], [ 136.948167402, 35.745777466 ] ] ] } },
{ "type": "Feature", "properties": { "A31a_101": "8505090104", "A31a_102": "吉田川", "A31a_103": "21", "A31a_104": "岐阜県", "A31a_105": 1 }, "geometry": { "type": "Polygon", "coordinates": [ [ [ 136.948167403, 35.746277466 ], [ 136.948167403, 35.746333016 ], [ 136.948222953, 35.746333017 ], [ 136.948222953, 35.746277466 ], [ 136.948167403, 35.746277466 ] ] ] } },
{ "type": "Feature", "properties": { "A31a_101": "8505090104", "A31a_102": "吉田川", "A31a_103": "21", "A31a_104": "岐阜県", "A31a_105": 1 }, "geometry": { "type": "Polygon", "coordinates": [ [ [ 136.948222953, 35.746110796 ], [ 136.948222953, 35.746166356 ], [ 136.948278513, 35.746166356 ], [ 136.948278513, 35.746110796 ], [ 136.948222953, 35.746110796 ] ] ] } },
{ "type": "Feature", "properties": { "A31a_101": "8505090104", "A31a_102": "吉田川", "A31a_103": "21", "A31a_104": "岐阜県", "A31a_105": 1 }, "geometry": { "type": "Polygon", "coordinates": [ [ [ 136.947556293, 35.746333015 ], [ 136.947556293, 35.746388576 ], [ 136.947611843, 35.746388576 ], [ 136.947611843, 35.746333016 ], [ 136.947556293, 35.746333015 ] ] ] } },
{ "type": "Feature", "properties": { "A31a_101": "8505090104", "A31a_102": "吉田川", "A31a_103": "21", "A31a_104": "岐阜県", "A31a_105": 1 }, "geometry": { "type": "Polygon", "coordinates": [ [ [ 136.947667403, 35.746333016 ], [ 136.947667403, 35.746388576 ], [ 136.947722953, 35.746388576 ], [ 136.947722953, 35.746333016 ], [ 136.947667403, 35.746333016 ] ] ] } },
{ "type": "Feature", "properties": { "A31a_101": "8505090104", "A31a_102": "吉田川", "A31a_103": "21", "A31a_104": "岐阜県", "A31a_105": 1 }, "geometry": { "type": "Polygon", "coordinates": [ [ [ 136.947778513, 35.746666356 ], [ 136.947778513, 35.746721906 ], [ 136.947834063, 35.746721906 ], [ 136.947834063, 35.746666356 ], [ 136.947778513, 35.746666356 ] ] ] } },
{ "type": "Feature", "properties": { "A31a_101": "8505090104", "A31a_102": "吉田川", "A31a_103": "21", "A31a_104": "岐阜県", "A31a_105": 1 }, "geometry": { "type": "Polygon", "coordinates": [ [ [ 136.947834064, 35.746944127 ], [ 136.947834064, 35.746999687 ], [ 136.947889624, 35.746999687 ], [ 136.947889624, 35.746944127 ], [ 136.947834064, 35.746944127 ] ] ] } },
{ "type": "Feature", "properties": { "A31a_101": "8505090104", "A31a_102": "吉田川", "A31a_103": "21", "A31a_104": "岐阜県", "A31a_105": 1 }, "geometry": { "type": "Polygon", "coordinates": [ [ [ 136.947889624, 35.747055247 ], [ 136.947889624, 35.747110797 ], [ 136.947945174, 35.747110797 ], [ 136.947945174, 35.747055247 ], [ 136.947889624, 35.747055247 ] ] ] } },
{ "type": "Feature", "properties": { "A31a_101": "8505090104", "A31a_102": "吉田川", "A31a_103": "21", "A31a_104": "岐阜県", "A31a_105": 1 }, "geometry": { "type": "Polygon", "coordinates": [ [ [ 136.947889624, 35.747166357 ], [ 136.947889624, 35.747221907 ], [ 136.947945174, 35.747221907 ], [ 136.947945174, 35.747166357 ], [ 136.947889624, 35.747166357 ] ] ] } },
{ "type": "Feature", "properties": { "A31a_101": "8505090104", "A31a_102": "吉田川", "A31a_103": "21", "A31a_104": "岐阜県", "A31a_105": 1 }, "geometry": { "type": "Polygon", "coordinates": [ [ [ 136.947889624, 35.747277467 ], [ 136.947889624, 35.747333017 ], [ 136.947945174, 35.747333017 ], [ 136.947945174, 35.747277467 ], [ 136.947889624, 35.747277467 ] ] ] } },
{ "type": "Feature", "properties": { "A31a_101": "8505090104", "A31a_102": "吉田川", "A31a_103": "21", "A31a_104": "岐阜県", "A31a_105": 1 }, "geometry": { "type": "Polygon", "coordinates": [ [ [ 136.947889625, 35.747555248 ], [ 136.947889625, 35.747610798 ], [ 136.947889625, 35.747666358 ], [ 136.947889625, 35.747721908 ], [ 136.947945175, 35.747721908 ], [ 136.948000735, 35.747721908 ], [ 136.948000735, 35.747777468 ], [ 136.948056295, 35.747777468 ], [ 136.948056295, 35.747721908 ], [ 136.948056295, 35.747666358 ], [ 136.948056295, 35.747610798 ], [ 136.948056295, 35.747555248 ], [ 136.948000735, 35.747555248 ], [ 136.947945175, 35.747555248 ], [ 136.947889625, 35.747555248 ] ], [ [ 136.947945175, 35.747610798 ], [ 136.948000735, 35.747610798 ], [ 136.948000735, 35.747666358 ], [ 136.947945175, 35.747666358 ], [ 136.947945175, 35.747610798 ] ] ] } },
{ "type": "Feature", "properties": { "A31a_101": "8505090104", "A31a_102": "吉田川", "A31a_103": "21", "A31a_104": "岐阜県", "A31a_105": 1 }, "geometry": { "type": "Polygon", "coordinates": [ [ [ 136.948000735, 35.747888578 ], [ 136.948000735, 35.747944128 ], [ 136.948056295, 35.747944128 ], [ 136.948056295, 35.747888578 ], [ 136.948000735, 35.747888578 ] ] ] } },
{ "type": "Feature", "properties": { "A31a_101": "8505090104", "A31a_102": "吉田川", "A31a_103": "21", "A31a_104": "岐阜県", "A31a_105": 1 }, "geometry": { "type": "Polygon", "coordinates": [ [ [ 136.948278513, 35.746444127 ], [ 136.948278513, 35.746499687 ], [ 136.948334063, 35.746499687 ], [ 136.948334063, 35.746444127 ], [ 136.948278513, 35.746444127 ] ] ] } },
{ "type": "Feature", "properties": { "A31a_101": "8505090104", "A31a_102": "吉田川", "A31a_103": "21", "A31a_104": "岐阜県", "A31a_105": 1 }, "geometry": { "type": "Polygon", "coordinates": [ [ [ 136.948278514, 35.746944127 ], [ 136.948278514, 35.746999688 ], [ 136.948334064, 35.746999688 ], [ 136.948334064, 35.746944128 ], [ 136.948278514, 35.746944127 ] ] ] } },
{ "type": "Feature", "properties": { "A31a_101": "8505090104", "A31a_102": "吉田川", "A31a_103": "21", "A31a_104": "岐阜県", "A31a_105": 1 }, "geometry": { "type": "Polygon", "coordinates": [ [ [ 136.950222956, 35.747666362 ], [ 136.950222956, 35.747721912 ], [ 136.950167406, 35.747721912 ], [ 136.950167406, 35.747777472 ], [ 136.950111846, 35.747777472 ], [ 136.950111846, 35.747833022 ], [ 136.950111846, 35.747888582 ], [ 136.950167406, 35.747888582 ], [ 136.950222956, 35.747888582 ], [ 136.950222956, 35.747833022 ], [ 136.950222956, 35.747777472 ], [ 136.950278516, 35.747777472 ], [ 136.950278516, 35.747833022 ], [ 136.950334066, 35.747833022 ], [ 136.950389626, 35.747833022 ], [ 136.950389626, 35.747777472 ], [ 136.950389626, 35.747721912 ], [ 136.950389626, 35.747666362 ], [ 136.950334066, 35.747666362 ], [ 136.950334066, 35.747721912 ], [ 136.950278516, 35.747721912 ], [ 136.950278516, 35.747666362 ], [ 136.950222956, 35.747666362 ] ] ] } },
{ "type": "Feature", "properties": { "A31a_101": "8505090104", "A31a_102": "吉田川", "A31a_103": "21", "A31a_104": "岐阜県", "A31a_105": 1 }, "geometry": { "type": "Polygon", "coordinates": [ [ [ 136.950222956, 35.747888582 ], [ 136.950222956, 35.747944132 ], [ 136.950167406, 35.747944132 ], [ 136.950111846, 35.747944132 ], [ 136.950111846, 35.747999692 ], [ 136.950167406, 35.747999692 ], [ 136.950167406, 35.748055252 ], [ 136.950167406, 35.748110802 ], [ 136.950222956, 35.748110802 ], [ 136.950222956, 35.748055252 ], [ 136.950278516, 35.748055252 ], [ 136.950278516, 35.747999692 ], [ 136.950278516, 35.747944132 ], [ 136.950278516, 35.747888582 ], [ 136.950222956, 35.747888582 ] ] ] } },
{ "type": "Feature", "properties": { "A31a_101": "8505090104", "A31a_102": "吉田川", "A31a_103": "21", "A31a_104": "岐阜県", "A31a_105": 1 }, "geometry": { "type": "Polygon", "coordinates": [ [ [ 136.950500736, 35.747944133 ], [ 136.950500736, 35.747999693 ], [ 136.950500736, 35.748055253 ], [ 136.950556296, 35.748055253 ], [ 136.950556296, 35.747999693 ], [ 136.950611846, 35.747999693 ], [ 136.950667406, 35.747999693 ], [ 136.950667406, 35.747944133 ], [ 136.950611846, 35.747944133 ], [ 136.950556296, 35.747944133 ], [ 136.950500736, 35.747944133 ] ] ] } },
{ "type": "Feature", "properties": { "A31a_101": "8505090104", "A31a_102": "吉田川", "A31a_103": "21", "A31a_104": "岐阜県", "A31a_105": 1 }, "geometry": { "type": "Polygon", "coordinates": [ [ [ 136.950667406, 35.747888583 ], [ 136.950667406, 35.747944133 ], [ 136.950722956, 35.747944133 ], [ 136.950722956, 35.747888583 ], [ 136.950667406, 35.747888583 ] ] ] } },
{ "type": "Feature", "properties": { "A31a_101": "8505090104", "A31a_102": "吉田川", "A31a_103": "21", "A31a_104": "岐阜県", "A31a_105": 1 }, "geometry": { "type": "Polygon", "coordinates": [ [ [ 136.949722956, 35.747833021 ], [ 136.949722956, 35.747888581 ], [ 136.949778516, 35.747888581 ], [ 136.949778516, 35.747833021 ], [ 136.949722956, 35.747833021 ] ] ] } },
{ "type": "Feature", "properties": { "A31a_101": "8505090104", "A31a_102": "吉田川", "A31a_103": "21", "A31a_104": "岐阜県", "A31a_105": 1 }, "geometry": { "type": "Polygon", "coordinates": [ [ [ 136.949945176, 35.747777471 ], [ 136.949945176, 35.747833021 ], [ 136.950000736, 35.747833022 ], [ 136.950000736, 35.747777471 ], [ 136.949945176, 35.747777471 ] ] ] } },
{ "type": "Feature", "properties": { "A31a_101": "8505090104", "A31a_102": "吉田川", "A31a_103": "21", "A31a_104": "岐阜県", "A31a_105": 1 }, "geometry": { "type": "Polygon", "coordinates": [ [ [ 136.949945176, 35.747888582 ], [ 136.949945176, 35.747944132 ], [ 136.950000736, 35.747944132 ], [ 136.950000736, 35.747888582 ], [ 136.949945176, 35.747888582 ] ] ] } },
{ "type": "Feature", "properties": { "A31a_101": "8505090104", "A31a_102": "吉田川", "A31a_103": "21", "A31a_104": "岐阜県", "A31a_105": 1 }, "geometry": { "type": "Polygon", "coordinates": [ [ [ 136.950000736, 35.747999692 ], [ 136.950000736, 35.748055252 ], [ 136.950056296, 35.748055252 ], [ 136.950056296, 35.747999692 ], [ 136.950000736, 35.747999692 ] ] ] } },
{ "type": "Feature", "properties": { "A31a_101": "8505090104", "A31a_102": "吉田川", "A31a_103": "21", "A31a_104": "岐阜県", "A31a_105": 1 }, "geometry": { "type": "Polygon", "coordinates": [ [ [ 136.950500736, 35.747777472 ], [ 136.950500736, 35.747833022 ], [ 136.950556296, 35.747833022 ], [ 136.950611846, 35.747833023 ], [ 136.950667406, 35.747833023 ], [ 136.950722956, 35.747833023 ], [ 136.950722956, 35.747777473 ], [ 136.950667406, 35.747777473 ], [ 136.950611846, 35.747777472 ], [ 136.950556296, 35.747777472 ], [ 136.950500736, 35.747777472 ] ] ] } },
{ "type": "Feature", "properties": { "A31a_101": "8505090104", "A31a_102": "吉田川", "A31a_103": "21", "A31a_104": "岐阜県", "A31a_105": 1 }, "geometry": { "type": "Polygon", "coordinates": [ [ [ 136.950389626, 35.748055253 ], [ 136.950389626, 35.748110803 ], [ 136.950334066, 35.748110802 ], [ 136.950334067, 35.748166363 ], [ 136.950334067, 35.748221913 ], [ 136.950389627, 35.748221913 ], [ 136.950389627, 35.748166363 ], [ 136.950445177, 35.748166363 ], [ 136.950445177, 35.748110803 ], [ 136.950445176, 35.748055253 ], [ 136.950389626, 35.748055253 ] ] ] } },
{ "type": "Feature", "properties": { "A31a_101": "8505090104", "A31a_102": "吉田川", "A31a_103": "21", "A31a_104": "岐阜県", "A31a_105": 1 }, "geometry": { "type": "Polygon", "coordinates": [ [ [ 136.948667394, 35.738777457 ], [ 136.948667394, 35.738833007 ], [ 136.948667394, 35.738888567 ], [ 136.948667394, 35.738944117 ], [ 136.948611834, 35.738944117 ], [ 136.948611834, 35.738999677 ], [ 136.948667394, 35.738999677 ], [ 136.948722944, 35.738999677 ], [ 136.948778504, 35.738999677 ], [ 136.948834054, 35.738999677 ], [ 136.948834054, 35.739055237 ], [ 136.948889614, 35.739055237 ], [ 136.948945164, 35.739055237 ], [ 136.949000724, 35.739055237 ], [ 136.949000724, 35.739110788 ], [ 136.949000724, 35.739166348 ], [ 136.949000725, 35.739221898 ], [ 136.948945164, 35.739221898 ], [ 136.948889614, 35.739221898 ], [ 136.948889614, 35.739166348 ], [ 136.948889614, 35.739110787 ], [ 136.948834054, 35.739110787 ], [ 136.948834054, 35.739055237 ], [ 136.948778504, 35.739055237 ], [ 136.948778504, 35.739110787 ], [ 136.948778504, 35.739166347 ], [ 136.948722944, 35.739166347 ], [ 136.948722944, 35.739221897 ], [ 136.948722944, 35.739277457 ], [ 136.948667394, 35.739277457 ], [ 136.948667394, 35.739221897 ], [ 136.948611834, 35.739221897 ], [ 136.948611834, 35.739166347 ], [ 136.948556284, 35.739166347 ], [ 136.948556284, 35.739110787 ], [ 136.948500724, 35.739110787 ], [ 136.948445164, 35.739110787 ], [ 136.948389614, 35.739110787 ], [ 136.948334054, 35.739110787 ], [ 136.948334054, 35.739166347 ], [ 136.948278504, 35.739166347 ], [ 136.948222944, 35.739166347 ], [ 136.948222944, 35.739221897 ], [ 136.948278504, 35.739221897 ], [ 136.948278504, 35.739277457 ], [ 136.948222944, 35.739277457 ], [ 136.948222944, 35.739333007 ], [ 136.948222944, 35.739388567 ], [ 136.948278504, 35.739388567 ], [ 136.948278504, 35.739333007 ], [ 136.948334054, 35.739333007 ], [ 136.948334054, 35.739388567 ], [ 136.948389614, 35.739388567 ], [ 136.948389614, 35.739444117 ], [ 136.948389614, 35.739499677 ], [ 136.948389614, 35.739555237 ], [ 136.948389614, 35.739610787 ], [ 136.948389615, 35.739666348 ], [ 136.948334054, 35.739666347 ], [ 136.948334054, 35.739610787 ], [ 136.948334054, 35.739555237 ], [ 136.948278504, 35.739555237 ], [ 136.948278504, 35.739610787 ], [ 136.948222944, 35.739610787 ], [ 136.948222944, 35.739666347 ], [ 136.948167394, 35.739666347 ], [ 136.948167394, 35.739721897 ], [ 136.948111834, 35.739721897 ], [ 136.948111834, 35.739777457 ], [ 136.948167394, 35.739777457 ], [ 136.948167395, 35.739833008 ], [ 136.948222945, 35.739833008 ], [ 136.948222945, 35.739888568 ], [ 136.948167395, 35.739888568 ], [ 136.948167395, 35.739944118 ], [ 136.948111835, 35.739944118 ], [ 136.948056285, 35.739944118 ], [ 136.948000725, 35.739944117 ], [ 136.948000724, 35.739888567 ], [ 136.947945164, 35.739888567 ], [ 136.947945164, 35.739833007 ], [ 136.947889614, 35.739833007 ], [ 136.947889614, 35.739888567 ], [ 136.947889614, 35.739944117 ], [ 136.947834054, 35.739944117 ], [ 136.947834054, 35.739999677 ], [ 136.947834055, 35.740055237 ], [ 136.947834055, 35.740110787 ], [ 136.947834055, 35.740166348 ], [ 136.947834055, 35.740221898 ], [ 136.947834055, 35.740277458 ], [ 136.947778505, 35.740277458 ], [ 136.947778505, 35.740333008 ], [ 136.947778505, 35.740388568 ], [ 136.947778505, 35.740444118 ], [ 136.947722945, 35.740444118 ], [ 136.947667395, 35.740444118 ], [ 136.947667395, 35.740499678 ], [ 136.947667395, 35.740555238 ], [ 136.947667395, 35.740610788 ], [ 136.947611835, 35.740610788 ], [ 136.947611835, 35.740666348 ], [ 136.947667395, 35.740666348 ], [ 136.947722945, 35.740666348 ], [ 136.947778505, 35.740666348 ], [ 136.947778505, 35.740610788 ], [ 136.947778505, 35.740555238 ], [ 136.947778505, 35.740499678 ], [ 136.947834055, 35.740499678 ], [ 136.947834055, 35.740555238 ], [ 136.947834055, 35.740610788 ], [ 136.947889615, 35.740610788 ], [ 136.947889615, 35.740666348 ], [ 136.947834055, 35.740666348 ], [ 136.947834055, 35.740721898 ], [ 136.947778505, 35.740721898 ], [ 136.947778505, 35.740777458 ], [ 136.947722945, 35.740777458 ], [ 136.947722945, 35.740721898 ], [ 136.947667395, 35.740721898 ], [ 136.947611835, 35.740721898 ], [ 136.947611835, 35.740777458 ], [ 136.947611835, 35.740833008 ], [ 136.947611835, 35.740888568 ], [ 136.947667395, 35.740888568 ], [ 136.947722945, 35.740888569 ], [ 136.947778505, 35.740888569 ], [ 136.947778505, 35.740833009 ], [ 136.947834055, 35.740833009 ], [ 136.947889615, 35.740833009 ], [ 136.947945165, 35.740833009 ], [ 136.948000726, 35.740833009 ], [ 136.948056286, 35.740833009 ], [ 136.948056286, 35.740777459 ], [ 136.948000725, 35.740777459 ], [ 136.948000725, 35.740721899 ], [ 136.948056285, 35.740721899 ], [ 136.948056285, 35.740666349 ], [ 136.948056285, 35.740610789 ], [ 136.948056285, 35.740555239 ], [ 136.948111835, 35.740555239 ], [ 136.948111835, 35.740610789 ], [ 136.948111835, 35.740666349 ], [ 136.948111835, 35.740721899 ], [ 136.948167396, 35.740721899 ], [ 136.948167396, 35.740777459 ], [ 136.948222946, 35.740777459 ], [ 136.948278506, 35.740777459 ], [ 136.948278506, 35.740833009 ], [ 136.948222946, 35.740833009 ], [ 136.948167396, 35.740833009 ], [ 136.948167396, 35.740777459 ], [ 136.948111836, 35.740777459 ], [ 136.948111836, 35.740833009 ], [ 136.948056286, 35.740833009 ], [ 136.948056286, 35.740888569 ], [ 136.948111836, 35.740888569 ], [ 136.948167396, 35.740888569 ], [ 136.948222946, 35.740888569 ], [ 136.948278506, 35.740888569 ], [ 136.948334056, 35.740888569 ], [ 136.948334056, 35.740833009 ], [ 136.948334056, 35.740777459 ], [ 136.948334056, 35.740721899 ], [ 136.948334056, 35.740666349 ], [ 136.948334056, 35.740610789 ], [ 136.948334055, 35.740555239 ], [ 136.948334055, 35.740499679 ], [ 136.948334055, 35.740444119 ], [ 136.948278505, 35.740444119 ], [ 136.948278505, 35.740388569 ], [ 136.948222945, 35.740388568 ], [ 136.948222945, 35.740333008 ], [ 136.948278505, 35.740333008 ], [ 136.948278505, 35.740277458 ], [ 136.948278505, 35.740221898 ], [ 136.948278505, 35.740166348 ], [ 136.948334055, 35.740166348 ], [ 136.948334055, 35.740110788 ], [ 136.948334055, 35.740055238 ], [ 136.948334055, 35.739999678 ], [ 136.948389615, 35.739999678 ], [ 136.948389615, 35.739944118 ], [ 136.948445165, 35.739944118 ], [ 136.948445165, 35.739999678 ], [ 136.948500725, 35.739999678 ], [ 136.948556285, 35.739999678 ], [ 136.948556285, 35.739944118 ], [ 136.948611835, 35.739944118 ], [ 136.948611835, 35.739888568 ], [ 136.948556285, 35.739888568 ], [ 136.948500725, 35.739888568 ], [ 136.948445165, 35.739888568 ], [ 136.948445165, 35.739833008 ], [ 136.948500725, 35.739833008 ], [ 136.948500725, 35.739777458 ], [ 136.948445165, 35.739777458 ], [ 136.948445165, 35.739721898 ], [ 136.948500725, 35.739721898 ], [ 136.948556285, 35.739721898 ], [ 136.948611835, 35.739721898 ], [ 136.948611835, 35.739666348 ], [ 136.948611835, 35.739610788 ], [ 136.948611835, 35.739555238 ], [ 136.948667395, 35.739555238 ], [ 136.948667395, 35.739499678 ], [ 136.948722945, 35.739499678 ], [ 136.948778505, 35.739499678 ], [ 136.948778505, 35.739444118 ], [ 136.948834055, 35.739444118 ], [ 136.948834055, 35.739388568 ], [ 136.948889615, 35.739388568 ], [ 136.948889615, 35.739333008 ], [ 136.948945165, 35.739333008 ], [ 136.948945165, 35.739388568 ], [ 136.949000725, 35.739388568 ], [ 136.949000725, 35.739444118 ], [ 136.949000725, 35.739499678 ], [ 136.949000725, 35.739555238 ], [ 136.948945165, 35.739555238 ], [ 136.948945165, 35.739610788 ], [ 136.948945165, 35.739666348 ], [ 136.948889615, 35.739666348 ], [ 136.948889615, 35.739721898 ], [ 136.948889615, 35.739777459 ], [ 136.948945165, 35.739777459 ], [ 136.949000725, 35.739777459 ], [ 136.949056285, 35.739777459 ], [ 136.949111835, 35.739777459 ], [ 136.949167395, 35.739777459 ], [ 136.949222945, 35.739777459 ], [ 136.949278505, 35.739777459 ], [ 136.949334055, 35.739777459 ], [ 136.949334055, 35.739721899 ], [ 136.949389615, 35.739721899 ], [ 136.949389615, 35.739666349 ], [ 136.949389615, 35.739610789 ], [ 136.949389615, 35.739555239 ], [ 136.949389615, 35.739499679 ], [ 136.949389615, 35.739444119 ], [ 136.949445165, 35.739444119 ], [ 136.949445165, 35.739388569 ], [ 136.949445165, 35.739333009 ], [ 136.949500725, 35.739333009 ], [ 136.949556285, 35.739333009 ], [ 136.949611835, 35.739333009 ], [ 136.949667395, 35.739333009 ], [ 136.949722945, 35.739333009 ], [ 136.949722945, 35.739277459 ], [ 136.949667395, 35.739277459 ], [ 136.949667395, 35.739221899 ], [ 136.949667395, 35.739166349 ], [ 136.949722945, 35.739166349 ], [ 136.949722945, 35.739110789 ], [ 136.949667395, 35.739110789 ], [ 136.949611835, 35.739110788 ], [ 136.949611835, 35.739055238 ], [ 136.949667395, 35.739055238 ], [ 136.949722945, 35.739055239 ], [ 136.949722945, 35.738999678 ], [ 136.949722945, 35.738944118 ], [ 136.949722945, 35.738888568 ], [ 136.949667395, 35.738888568 ], [ 136.949667395, 35.738833008 ], [ 136.949667395, 35.738777458 ], [ 136.949611835, 35.738777458 ], [ 136.949611835, 35.738833008 ], [ 136.949556285, 35.738833008 ], [ 136.949556285, 35.738888568 ], [ 136.949500725, 35.738888568 ], [ 136.949500725, 35.738944118 ], [ 136.949556285, 35.738944118 ], [ 136.949556285, 35.738999678 ], [ 136.949556285, 35.739055238 ], [ 136.949556285, 35.739110788 ], [ 136.949500725, 35.739110788 ], [ 136.949445165, 35.739110788 ], [ 136.949389615, 35.739110788 ], [ 136.949389615, 35.739166348 ], [ 136.949389615, 35.739221898 ], [ 136.949334055, 35.739221898 ], [ 136.949334055, 35.739166348 ], [ 136.949278505, 35.739166348 ], [ 136.949222945, 35.739166348 ], [ 136.949222945, 35.739110788 ], [ 136.949167395, 35.739110788 ], [ 136.949111835, 35.739110788 ], [ 136.949111834, 35.739055238 ], [ 136.949167394, 35.739055238 ], [ 136.949167394, 35.738999678 ], [ 136.949111834, 35.738999678 ], [ 136.949111834, 35.738944117 ], [ 136.949167394, 35.738944118 ], [ 136.949167394, 35.738999678 ], [ 136.949222944, 35.738999678 ], [ 136.949222945, 35.739055238 ], [ 136.949278505, 35.739055238 ], [ 136.949334055, 35.739055238 ], [ 136.949334055, 35.739110788 ], [ 136.949389615, 35.739110788 ], [ 136.949389615, 35.739055238 ], [ 136.949389615, 35.738999678 ], [ 136.949445165, 35.738999678 ], [ 136.949500725, 35.738999678 ], [ 136.949500725, 35.738944118 ], [ 136.949445165, 35.738944118 ], [ 136.949445165, 35.738888568 ], [ 136.949389615, 35.738888568 ], [ 136.949334054, 35.738888568 ], [ 136.949278504, 35.738888568 ], [ 136.949222944, 35.738888568 ], [ 136.949167394, 35.738888567 ], [ 136.949111834, 35.738888567 ], [ 136.949056284, 35.738888567 ], [ 136.949000724, 35.738888567 ], [ 136.948945164, 35.738888567 ], [ 136.948945164, 35.738833007 ], [ 136.948889614, 35.738833007 ], [ 136.948889614, 35.738777457 ], [ 136.948834054, 35.738777457 ], [ 136.948778504, 35.738777457 ], [ 136.948722944, 35.738777457 ], [ 136.948667394, 35.738777457 ] ], [ [ 136.948834054, 35.738888567 ], [ 136.948889614, 35.738888567 ], [ 136.948889614, 35.738944117 ], [ 136.948834054, 35.738944117 ], [ 136.948834054, 35.738888567 ] ] ] } },
{ "type": "Feature", "properties": { "A31a_101": "8505090104", "A31a_102": "吉田川", "A31a_103": "21", "A31a_104": "岐阜県", "A31a_105": 1 }, "geometry": { "type": "Polygon", "coordinates": [ [ [ 136.948834053, 35.738333006 ], [ 136.948834054, 35.738388566 ], [ 136.948889614, 35.738388566 ], [ 136.948889614, 35.738333006 ], [ 136.948834053, 35.738333006 ] ] ] } },
{ "type": "Feature", "properties": { "A31a_101": "8505090104", "A31a_102": "吉田川", "A31a_103": "21", "A31a_104": "岐阜県", "A31a_105": 1 }, "geometry": { "type": "Polygon", "coordinates": [ [ [ 136.949334053, 35.737221895 ], [ 136.949334053, 35.737277455 ], [ 136.949389613, 35.737277455 ], [ 136.949445163, 35.737277455 ], [ 136.949445163, 35.737221895 ], [ 136.949389613, 35.737221895 ], [ 136.949334053, 35.737221895 ] ] ] } },
{ "type": "Feature", "properties": { "A31a_101": "8505090104", "A31a_102": "吉田川", "A31a_103": "21", "A31a_104": "岐阜県", "A31a_105": 1 }, "geometry": { "type": "Polygon", "coordinates": [ [ [ 136.949667393, 35.737221895 ], [ 136.949667393, 35.737277456 ], [ 136.949722943, 35.737277456 ], [ 136.949722943, 35.737221896 ], [ 136.949667393, 35.737221895 ] ] ] } },
{ "type": "Feature", "properties": { "A31a_101": "8505090104", "A31a_102": "吉田川", "A31a_103": "21", "A31a_104": "岐阜県", "A31a_105": 1 }, "geometry": { "type": "Polygon", "coordinates": [ [ [ 136.949556283, 35.737277455 ], [ 136.949556283, 35.737333005 ], [ 136.949500723, 35.737333005 ], [ 136.949445163, 35.737333005 ], [ 136.949389613, 35.737333005 ], [ 136.949334053, 35.737333005 ], [ 136.949278503, 35.737333005 ], [ 136.949222943, 35.737333005 ], [ 136.949167393, 35.737333005 ], [ 136.949167393, 35.737388565 ], [ 136.949167393, 35.737444115 ], [ 136.949222943, 35.737444115 ], [ 136.949222943, 35.737388565 ], [ 136.949278503, 35.737388565 ], [ 136.949334053, 35.737388565 ], [ 136.949334053, 35.737444115 ], [ 136.949278503, 35.737444115 ], [ 136.949278503, 35.737499675 ], [ 136.949278503, 35.737555235 ], [ 136.949222943, 35.737555235 ], [ 136.949167393, 35.737555235 ], [ 136.949167393, 35.737610785 ], [ 136.949222943, 35.737610785 ], [ 136.949222943, 35.737666346 ], [ 136.949167393, 35.737666345 ], [ 136.949111833, 35.737666345 ], [ 136.949056283, 35.737666345 ], [ 136.949056283, 35.737721895 ], [ 136.949000723, 35.737721895 ], [ 136.949000723, 35.737777455 ], [ 136.948945163, 35.737777455 ], [ 136.948945163, 35.737833005 ], [ 136.949000723, 35.737833005 ], [ 136.949056283, 35.737833006 ], [ 136.949056283, 35.737888566 ], [ 136.949111833, 35.737888566 ], [ 136.949111833, 35.737944116 ], [ 136.949167393, 35.737944116 ], [ 136.949167393, 35.737888566 ], [ 136.949222943, 35.737888566 ], [ 136.949222943, 35.737833006 ], [ 136.949278503, 35.737833006 ], [ 136.949278503, 35.737777456 ], [ 136.949334053, 35.737777456 ], [ 136.949334053, 35.737721896 ], [ 136.949278503, 35.737721896 ], [ 136.949278503, 35.737666346 ], [ 136.949334053, 35.737666346 ], [ 136.949389613, 35.737666346 ], [ 136.949445163, 35.737666346 ], [ 136.949445163, 35.737610786 ], [ 136.949389613, 35.737610786 ], [ 136.949389613, 35.737555236 ], [ 136.949334053, 35.737555236 ], [ 136.949334053, 35.737499675 ], [ 136.949389613, 35.737499676 ], [ 136.949389613, 35.737444115 ], [ 136.949445163, 35.737444115 ], [ 136.949445163, 35.737499676 ], [ 136.949500723, 35.737499676 ], [ 136.949556283, 35.737499676 ], [ 136.949611833, 35.737499676 ], [ 136.949611833, 35.737444116 ], [ 136.949667393, 35.737444116 ], [ 136.949722943, 35.737444116 ], [ 136.949722943, 35.737388566 ], [ 136.949722943, 35.737333006 ], [ 136.949667393, 35.737333006 ], [ 136.949611833, 35.737333006 ], [ 136.949611833, 35.737277455 ], [ 136.949556283, 35.737277455 ] ], [ [ 136.949111833, 35.737721895 ], [ 136.949167393, 35.737721896 ], [ 136.949167393, 35.737777456 ], [ 136.949111833, 35.737777456 ], [ 136.949111833, 35.737721895 ] ] ] } },
{ "type": "Feature", "properties": { "A31a_101": "8505090104", "A31a_102": "吉田川", "A31a_103": "21", "A31a_104": "岐阜県", "A31a_105": 1 }, "geometry": { "type": "Polygon", "coordinates": [ [ [ 136.949667393, 35.737499676 ], [ 136.949667393, 35.737555236 ], [ 136.949611833, 35.737555236 ], [ 136.949611833, 35.737610786 ], [ 136.949556283, 35.737610786 ], [ 136.949556283, 35.737666346 ], [ 136.949500723, 35.737666346 ], [ 136.949500723, 35.737721896 ], [ 136.949445163, 35.737721896 ], [ 136.949445163, 35.737777456 ], [ 136.949389613, 35.737777456 ], [ 136.949389613, 35.737833006 ], [ 136.949334053, 35.737833006 ], [ 136.949334053, 35.737888566 ], [ 136.949278503, 35.737888566 ], [ 136.949278503, 35.737944116 ], [ 136.949222943, 35.737944116 ], [ 136.949222943, 35.737999676 ], [ 136.949167393, 35.737999676 ], [ 136.949167393, 35.738055236 ], [ 136.949222943, 35.738055236 ], [ 136.949222944, 35.738110786 ], [ 136.949167394, 35.738110786 ], [ 136.949167393, 35.738055236 ], [ 136.949111833, 35.738055236 ], [ 136.949111833, 35.738110786 ], [ 136.949056283, 35.738110786 ], [ 136.949056283, 35.738166346 ], [ 136.949000723, 35.738166346 ], [ 136.949000723, 35.738221896 ], [ 136.948945163, 35.738221896 ], [ 136.948945163, 35.738277456 ], [ 136.949000724, 35.738277456 ], [ 136.949056284, 35.738277456 ], [ 136.949056284, 35.738221896 ], [ 136.949111834, 35.738221896 ], [ 136.949167394, 35.738221896 ], [ 136.949167394, 35.738166346 ], [ 136.949222944, 35.738166346 ], [ 136.949278504, 35.738166346 ], [ 136.949334054, 35.738166347 ], [ 136.949334054, 35.738110786 ], [ 136.949334054, 35.738055236 ], [ 136.949389614, 35.738055236 ], [ 136.949389614, 35.737999676 ], [ 136.949445164, 35.737999676 ], [ 136.949500724, 35.737999676 ], [ 136.949500724, 35.737944116 ], [ 136.949556284, 35.737944116 ], [ 136.949556284, 35.737999677 ], [ 136.949500724, 35.737999676 ], [ 136.949500724, 35.738055237 ], [ 136.949556284, 35.738055237 ], [ 136.949611834, 35.738055237 ], [ 136.949611834, 35.737999677 ], [ 136.949667394, 35.737999677 ], [ 136.949667394, 35.738055237 ], [ 136.949667394, 35.738110787 ], [ 136.949722944, 35.738110787 ], [ 136.949778504, 35.738110787 ], [ 136.949834054, 35.738110787 ], [ 136.949834054, 35.738166347 ], [ 136.949889614, 35.738166347 ], [ 136.949889614, 35.738221897 ], [ 136.949945164, 35.738221898 ], [ 136.949945164, 35.738277458 ], [ 136.950000724, 35.738277458 ], [ 136.950000724, 35.738221898 ], [ 136.950000724, 35.738166348 ], [ 136.950000724, 35.738110787 ], [ 136.950000724, 35.738055237 ], [ 136.950000724, 35.737999677 ], [ 136.949945164, 35.737999677 ], [ 136.949889614, 35.737999677 ], [ 136.949889614, 35.737944117 ], [ 136.949945164, 35.737944117 ], [ 136.949945164, 35.737888567 ], [ 136.950000724, 35.737888567 ], [ 136.950000724, 35.737833007 ], [ 136.950000724, 35.737777457 ], [ 136.950000724, 35.737721897 ], [ 136.950000724, 35.737666347 ], [ 136.949945164, 35.737666347 ], [ 136.949889614, 35.737666347 ], [ 136.949834054, 35.737666346 ], [ 136.949834054, 35.737610786 ], [ 136.949778504, 35.737610786 ], [ 136.949778503, 35.737555236 ], [ 136.949722943, 35.737555236 ], [ 136.949722943, 35.737499676 ], [ 136.949667393, 35.737499676 ] ] ] } },
{ "type": "Feature", "properties": { "A31a_101": "8505090104", "A31a_102": "吉田川", "A31a_103": "21", "A31a_104": "岐阜県", "A31a_105": 1 }, "geometry": { "type": "Polygon", "coordinates": [ [ [ 136.949389614, 35.738721898 ], [ 136.949389614, 35.738777458 ], [ 136.949445164, 35.738777458 ], [ 136.949445164, 35.738721898 ], [ 136.949389614, 35.738721898 ] ] ] } },
{ "type": "Feature", "properties": { "A31a_101": "8505090104", "A31a_102": "吉田川", "A31a_103": "21", "A31a_104": "岐阜県", "A31a_105": 1 }, "geometry": { "type": "Polygon", "coordinates": [ [ [ 136.949556284, 35.738721898 ], [ 136.949556285, 35.738777458 ], [ 136.949611835, 35.738777458 ], [ 136.949611835, 35.738721898 ], [ 136.949556284, 35.738721898 ] ] ] } },
{ "type": "Feature", "properties": { "A31a_101": "8505090104", "A31a_102": "吉田川", "A31a_103": "21", "A31a_104": "岐阜県", "A31a_105": 1 }, "geometry": { "type": "Polygon", "coordinates": [ [ [ 136.949611834, 35.738666348 ], [ 136.949611835, 35.738721898 ], [ 136.949667395, 35.738721898 ], [ 136.949667395, 35.738666348 ], [ 136.949611834, 35.738666348 ] ] ] } },
{ "type": "Feature", "properties": { "A31a_101": "8505090104", "A31a_102": "吉田川", "A31a_103": "21", "A31a_104": "岐阜県", "A31a_105": 1 }, "geometry": { "type": "Polygon", "coordinates": [ [ [ 136.949278504, 35.738777457 ], [ 136.949278504, 35.738833008 ], [ 136.949334054, 35.738833008 ], [ 136.949334054, 35.738777458 ], [ 136.949278504, 35.738777457 ] ] ] } },
{ "type": "Feature", "properties": { "A31a_101": "8505090104", "A31a_102": "吉田川", "A31a_103": "21", "A31a_104": "岐阜県", "A31a_105": 1 }, "geometry": { "type": "Polygon", "coordinates": [ [ [ 136.949167394, 35.738221896 ], [ 136.949167394, 35.738277456 ], [ 136.949222944, 35.738277457 ], [ 136.949222944, 35.738333007 ], [ 136.949278504, 35.738333007 ], [ 136.949278504, 35.738388567 ], [ 136.949278504, 35.738444117 ], [ 136.949222944, 35.738444117 ], [ 136.949167394, 35.738444117 ], [ 136.949167394, 35.738388567 ], [ 136.949111834, 35.738388567 ], [ 136.949111834, 35.738444117 ], [ 136.949111834, 35.738499677 ], [ 136.949056284, 35.738499677 ], [ 136.949000724, 35.738499677 ], [ 136.948945164, 35.738499677 ], [ 136.948945164, 35.738555237 ], [ 136.948889614, 35.738555237 ], [ 136.948889614, 35.738499676 ], [ 136.948889614, 35.738444116 ], [ 136.948834054, 35.738444116 ], [ 136.948834054, 35.738388566 ], [ 136.948778503, 35.738388566 ], [ 136.948778504, 35.738444116 ], [ 136.948722943, 35.738444116 ], [ 136.948722944, 35.738499676 ], [ 136.948722944, 35.738555236 ], [ 136.948667394, 35.738555236 ], [ 136.948667394, 35.738610786 ], [ 136.948667394, 35.738666346 ], [ 136.948611834, 35.738666346 ], [ 136.948611834, 35.738721896 ], [ 136.948667394, 35.738721896 ], [ 136.948722944, 35.738721897 ], [ 136.948778504, 35.738721897 ], [ 136.948834054, 35.738721897 ], [ 136.948889614, 35.738721897 ], [ 136.948945164, 35.738721897 ], [ 136.949000724, 35.738721897 ], [ 136.949000724, 35.738777457 ], [ 136.949056284, 35.738777457 ], [ 136.949111834, 35.738777457 ], [ 136.949167394, 35.738777457 ], [ 136.949222944, 35.738777457 ], [ 136.949278504, 35.738777457 ], [ 136.949278504, 35.738721897 ], [ 136.949222944, 35.738721897 ], [ 136.949167394, 35.738721897 ], [ 136.949167394, 35.738666347 ], [ 136.949111834, 35.738666347 ], [ 136.949056284, 35.738666347 ], [ 136.949000724, 35.738666347 ], [ 136.949000724, 35.738610787 ], [ 136.949000724, 35.738555237 ], [ 136.949056284, 35.738555237 ], [ 136.949056284, 35.738610787 ], [ 136.949111834, 35.738610787 ], [ 136.949111834, 35.738555237 ], [ 136.949167394, 35.738555237 ], [ 136.949167394, 35.738499677 ], [ 136.949222944, 35.738499677 ], [ 136.949278504, 35.738499677 ], [ 136.949334054, 35.738499677 ], [ 136.949389614, 35.738499677 ], [ 136.949389614, 35.738444117 ], [ 136.949445164, 35.738444117 ], [ 136.949445164, 35.738388567 ], [ 136.949500724, 35.738388567 ], [ 136.949556284, 35.738388567 ], [ 136.949556284, 35.738444117 ], [ 136.949500724, 35.738444117 ], [ 136.949445164, 35.738444117 ], [ 136.949445164, 35.738499677 ], [ 136.949445164, 35.738555237 ], [ 136.949389614, 35.738555237 ], [ 136.949334054, 35.738555237 ], [ 136.949334054, 35.738610787 ], [ 136.949334054, 35.738666347 ], [ 136.949389614, 35.738666347 ], [ 136.949445164, 35.738666348 ], [ 136.949445164, 35.738721898 ], [ 136.949500724, 35.738721898 ], [ 136.949500724, 35.738666348 ], [ 136.949556284, 35.738666348 ], [ 136.949556284, 35.738610788 ], [ 136.949611834, 35.738610788 ], [ 136.949611834, 35.738555238 ], [ 136.949667394, 35.738555238 ], [ 136.949667394, 35.738499678 ], [ 136.949722944, 35.738499678 ], [ 136.949722944, 35.738555238 ], [ 136.949722944, 35.738610788 ], [ 136.949722945, 35.738666348 ], [ 136.949722945, 35.738721898 ], [ 136.949667395, 35.738721898 ], [ 136.949667395, 35.738777458 ], [ 136.949722945, 35.738777458 ], [ 136.949778505, 35.738777458 ], [ 136.949778505, 35.738833008 ], [ 136.949834055, 35.738833008 ], [ 136.949834055, 35.738888568 ], [ 136.949889615, 35.738888569 ], [ 136.949889615, 35.738833008 ], [ 136.949945165, 35.738833009 ], [ 136.949945165, 35.738888569 ], [ 136.950000725, 35.738888569 ], [ 136.950000725, 35.738833009 ], [ 136.950000725, 35.738777459 ], [ 136.950000725, 35.738721898 ], [ 136.950000725, 35.738666348 ], [ 136.950056285, 35.738666348 ], [ 136.950056285, 35.738610788 ], [ 136.950000725, 35.738610788 ], [ 136.949945165, 35.738610788 ], [ 136.949889615, 35.738610788 ], [ 136.949834055, 35.738610788 ], [ 136.949834055, 35.738555238 ], [ 136.949834054, 35.738499678 ], [ 136.949778504, 35.738499678 ], [ 136.949778504, 35.738444118 ], [ 136.949778504, 35.738388568 ], [ 136.949834054, 35.738388568 ], [ 136.949889614, 35.738388568 ], [ 136.949889614, 35.738333008 ], [ 136.949945164, 35.738333008 ], [ 136.949945164, 35.738277458 ], [ 136.949889614, 35.738277458 ], [ 136.949889614, 35.738221897 ], [ 136.949834054, 35.738221897 ], [ 136.949778504, 35.738221897 ], [ 136.949722944, 35.738221897 ], [ 136.949667394, 35.738221897 ], [ 136.949611834, 35.738221897 ], [ 136.949556284, 35.738221897 ], [ 136.949500724, 35.738221897 ], [ 136.949445164, 35.738221897 ], [ 136.949389614, 35.738221897 ], [ 136.949334054, 35.738221897 ], [ 136.949278504, 35.738221897 ], [ 136.949222944, 35.738221896 ], [ 136.949167394, 35.738221896 ] ], [ [ 136.948889614, 35.738610787 ], [ 136.948945164, 35.738610787 ], [ 136.948945164, 35.738666347 ], [ 136.948889614, 35.738666347 ], [ 136.948889614, 35.738610787 ] ] ] } },
{ "type": "Feature", "properties": { "A31a_101": "8505090104", "A31a_102": "吉田川", "A31a_103": "21", "A31a_104": "岐阜県", "A31a_105": 1 }, "geometry": { "type": "Polygon", "coordinates": [ [ [ 136.950445176, 35.747444132 ], [ 136.950445176, 35.747499692 ], [ 136.950445176, 35.747555252 ], [ 136.950389626, 35.747555252 ], [ 136.950334066, 35.747555252 ], [ 136.950334066, 35.747610802 ], [ 136.950389626, 35.747610802 ], [ 136.950389626, 35.747666362 ], [ 136.950445176, 35.747666362 ], [ 136.950500736, 35.747666362 ], [ 136.950500736, 35.747721912 ], [ 136.950556296, 35.747721912 ], [ 136.950611846, 35.747721912 ], [ 136.950667406, 35.747721913 ], [ 136.950667406, 35.747666362 ], [ 136.950667406, 35.747610802 ], [ 136.950611846, 35.747610802 ], [ 136.950611846, 35.747555252 ], [ 136.950556296, 35.747555252 ], [ 136.950556296, 35.747499692 ], [ 136.950500736, 35.747499692 ], [ 136.950500736, 35.747444132 ], [ 136.950445176, 35.747444132 ] ] ] } },
{ "type": "Feature", "properties": { "A31a_101": "8505090104", "A31a_102": "吉田川", "A31a_103": "21", "A31a_104": "岐阜県", "A31a_105": 1 }, "geometry": { "type": "Polygon", "coordinates": [ [ [ 136.947778508, 35.742888571 ], [ 136.947778508, 35.742944122 ], [ 136.947778508, 35.742999682 ], [ 136.947778508, 35.743055242 ], [ 136.947778508, 35.743110792 ], [ 136.947778508, 35.743166352 ], [ 136.947778508, 35.743221902 ], [ 136.947834058, 35.743221902 ], [ 136.947834058, 35.743166352 ], [ 136.947889618, 35.743166352 ], [ 136.947889619, 35.743221902 ], [ 136.947889619, 35.743277462 ], [ 136.947945169, 35.743277462 ], [ 136.947945169, 35.743333012 ], [ 136.947945169, 35.743388572 ], [ 136.948000729, 35.743388572 ], [ 136.948000729, 35.743444122 ], [ 136.948000729, 35.743499683 ], [ 136.948056289, 35.743499683 ], [ 136.948056289, 35.743555243 ], [ 136.948056289, 35.743610793 ], [ 136.948111839, 35.743610793 ], [ 136.948111839, 35.743666353 ], [ 136.948167399, 35.743666353 ], [ 136.948167399, 35.743721903 ], [ 136.948222949, 35.743721903 ], [ 136.948278509, 35.743721903 ], [ 136.948278509, 35.743666353 ], [ 136.948334059, 35.743666353 ], [ 136.948389619, 35.743666353 ], [ 136.94838962, 35.743721903 ], [ 136.94844517, 35.743721904 ], [ 136.94850073, 35.743721904 ], [ 136.94850073, 35.743777464 ], [ 136.94844517, 35.743777464 ], [ 136.94838962, 35.743777464 ], [ 136.94833406, 35.743777463 ], [ 136.94833406, 35.743833014 ], [ 136.94827851, 35.743833013 ], [ 136.94827851, 35.743777463 ], [ 136.94822295, 35.743777463 ], [ 136.948167399, 35.743777463 ], [ 136.948111839, 35.743777463 ], [ 136.948056289, 35.743777463 ], [ 136.948056289, 35.743833013 ], [ 136.94811184, 35.743833013 ], [ 136.94811184, 35.743888573 ], [ 136.9481674, 35.743888573 ], [ 136.9481674, 35.743944123 ], [ 136.94822295, 35.743944123 ], [ 136.94827851, 35.743944124 ], [ 136.94833406, 35.743944124 ], [ 136.94838962, 35.743944124 ], [ 136.94838962, 35.743999684 ], [ 136.94833406, 35.743999684 ], [ 136.94827851, 35.743999684 ], [ 136.94827851, 35.744055244 ], [ 136.94827851, 35.744110794 ], [ 136.94833406, 35.744110794 ], [ 136.94833406, 35.744055244 ], [ 136.94838962, 35.744055244 ], [ 136.94838962, 35.744110794 ], [ 136.94844517, 35.744110794 ], [ 136.94844517, 35.744166354 ], [ 136.94850073, 35.744166354 ], [ 136.94850073, 35.744221904 ], [ 136.94844517, 35.744221904 ], [ 136.94844517, 35.744277464 ], [ 136.94850073, 35.744277464 ], [ 136.94850073, 35.744333014 ], [ 136.94855629, 35.744333015 ], [ 136.948556291, 35.744388575 ], [ 136.948611841, 35.744388575 ], [ 136.948667401, 35.744388575 ], [ 136.948667401, 35.744444125 ], [ 136.948611841, 35.744444125 ], [ 136.948556291, 35.744444125 ], [ 136.948500731, 35.744444125 ], [ 136.948445171, 35.744444125 ], [ 136.948389621, 35.744444124 ], [ 136.94833406, 35.744444124 ], [ 136.94827851, 35.744444124 ], [ 136.94827851, 35.744388574 ], [ 136.94833406, 35.744388574 ], [ 136.94833406, 35.744333014 ], [ 136.94833406, 35.744277464 ], [ 136.94833406, 35.744221904 ], [ 136.94833406, 35.744166354 ], [ 136.94827851, 35.744166354 ], [ 136.94822295, 35.744166354 ], [ 136.94822295, 35.744110794 ], [ 136.94822295, 35.744055244 ], [ 136.9481674, 35.744055244 ], [ 136.94811184, 35.744055243 ], [ 136.94811184, 35.743999683 ], [ 136.94805629, 35.743999683 ], [ 136.94800073, 35.743999683 ], [ 136.94800073, 35.744055243 ], [ 136.94794517, 35.744055243 ], [ 136.94794517, 35.744110793 ], [ 136.94800073, 35.744110793 ], [ 136.94800073, 35.744166353 ], [ 136.94805629, 35.744166354 ], [ 136.94805629, 35.744221904 ], [ 136.94805629, 35.744277464 ], [ 136.94811184, 35.744277464 ], [ 136.9481674, 35.744277464 ], [ 136.9481674, 35.744333014 ], [ 136.94811184, 35.744333014 ], [ 136.94811184, 35.744388574 ], [ 136.9481674, 35.744388574 ], [ 136.9481674, 35.744444124 ], [ 136.9481674, 35.744499684 ], [ 136.948167401, 35.744555244 ], [ 136.948167401, 35.744610794 ], [ 136.948167401, 35.744666354 ], [ 136.948111841, 35.744666354 ], [ 136.948111841, 35.744721904 ], [ 136.948111841, 35.744777464 ], [ 136.948111841, 35.744833014 ], [ 136.948056291, 35.744833014 ], [ 136.948056291, 35.744888574 ], [ 136.948056291, 35.744944125 ], [ 136.948056291, 35.744999685 ], [ 136.948056291, 35.745055245 ], [ 136.948111841, 35.745055245 ], [ 136.948167401, 35.745055245 ], [ 136.948222951, 35.745055245 ], [ 136.948278511, 35.745055245 ], [ 136.948278511, 35.744999685 ], [ 136.948278511, 35.744944125 ], [ 136.948334061, 35.744944125 ], [ 136.948334061, 35.744999685 ], [ 136.948334061, 35.745055245 ], [ 136.948334061, 35.745110795 ], [ 136.948278511, 35.745110795 ], [ 136.948222951, 35.745110795 ], [ 136.948167401, 35.745110795 ], [ 136.948167401, 35.745166355 ], [ 136.948167401, 35.745221905 ], [ 136.948222952, 35.745221905 ], [ 136.948222952, 35.745277465 ], [ 136.948278512, 35.745277465 ], [ 136.948278512, 35.745221905 ], [ 136.948278511, 35.745166355 ], [ 136.948334061, 35.745166355 ], [ 136.948334062, 35.745221905 ], [ 136.948389622, 35.745221905 ], [ 136.948389622, 35.745277465 ], [ 136.948445172, 35.745277466 ], [ 136.948500732, 35.745277466 ], [ 136.948500732, 35.745333016 ], [ 136.948445172, 35.745333016 ], [ 136.948389622, 35.745333016 ], [ 136.948334062, 35.745333015 ], [ 136.948334062, 35.745277465 ], [ 136.948278512, 35.745277465 ], [ 136.948278512, 35.745333015 ], [ 136.948278512, 35.745388575 ], [ 136.948334062, 35.745388576 ], [ 136.948334062, 35.745444126 ], [ 136.948334062, 35.745499686 ], [ 136.948334062, 35.745555246 ], [ 136.948334062, 35.745610796 ], [ 136.948334062, 35.745666356 ], [ 136.948334062, 35.745721906 ], [ 136.948334062, 35.745777466 ], [ 136.948334062, 35.745833016 ], [ 136.948334062, 35.745888576 ], [ 136.948334063, 35.745944126 ], [ 136.948334063, 35.745999686 ], [ 136.948389623, 35.745999686 ], [ 136.948389623, 35.746055246 ], [ 136.948389623, 35.746110797 ], [ 136.948389623, 35.746166357 ], [ 136.948389623, 35.746221907 ], [ 136.948389623, 35.746277467 ], [ 136.948389623, 35.746333017 ], [ 136.948334063, 35.746333017 ], [ 136.948334063, 35.746388577 ], [ 136.948334063, 35.746444127 ], [ 136.948389623, 35.746444127 ], [ 136.948445173, 35.746444127 ], [ 136.948445173, 35.746388577 ], [ 136.948500733, 35.746388577 ], [ 136.948500733, 35.746444127 ], [ 136.948556293, 35.746444127 ], [ 136.948611843, 35.746444127 ], [ 136.948667403, 35.746444127 ], [ 136.948722953, 35.746444128 ], [ 136.948722953, 35.746388577 ], [ 136.948778513, 35.746388578 ], [ 136.948778513, 35.746333018 ], [ 136.948722953, 35.746333017 ], [ 136.948722953, 35.746277467 ], [ 136.948667403, 35.746277467 ], [ 136.948667403, 35.746221907 ], [ 136.948611843, 35.746221907 ], [ 136.948556293, 35.746221907 ], [ 136.948556293, 35.746166357 ], [ 136.948556293, 35.746110797 ], [ 136.948611843, 35.746110797 ], [ 136.948611843, 35.746055247 ], [ 136.948611843, 35.745999687 ], [ 136.948556293, 35.745999687 ], [ 136.948556293, 35.745944127 ], [ 136.948556293, 35.745888577 ], [ 136.948556293, 35.745833016 ], [ 136.948556292, 35.745777466 ], [ 136.948611842, 35.745777467 ], [ 136.948611842, 35.745721906 ], [ 136.948611842, 35.745666356 ], [ 136.948611842, 35.745610796 ], [ 136.948556292, 35.745610796 ], [ 136.948556292, 35.745555246 ], [ 136.948611842, 35.745555246 ], [ 136.948611842, 35.745610796 ], [ 136.948667402, 35.745610796 ], [ 136.948722952, 35.745610796 ], [ 136.948722952, 35.745666357 ], [ 136.948778512, 35.745666357 ], [ 136.948778513, 35.745721907 ], [ 136.948834063, 35.745721907 ], [ 136.948889623, 35.745721907 ], [ 136.948889623, 35.745777467 ], [ 136.948945173, 35.745777467 ], [ 136.948945173, 35.745833017 ], [ 136.948945173, 35.745888577 ], [ 136.948945173, 35.745944127 ], [ 136.949000733, 35.745944127 ], [ 136.949000733, 35.745888577 ], [ 136.949056293, 35.745888577 ], [ 136.949056293, 35.745944127 ], [ 136.949000733, 35.745944127 ], [ 136.949000733, 35.745999687 ], [ 136.949056293, 35.745999688 ], [ 136.949056293, 35.746055248 ], [ 136.949000733, 35.746055248 ], [ 136.949000733, 35.745999687 ], [ 136.948945173, 35.745999687 ], [ 136.948945173, 35.746055247 ], [ 136.948889623, 35.746055247 ], [ 136.948889623, 35.745999687 ], [ 136.948889623, 35.745944127 ], [ 136.948889623, 35.745888577 ], [ 136.948889623, 35.745833017 ], [ 136.948889623, 35.745777467 ], [ 136.948834063, 35.745777467 ], [ 136.948834063, 35.745833017 ], [ 136.948834063, 35.745888577 ], [ 136.948778513, 35.745888577 ], [ 136.948722953, 35.745888577 ], [ 136.948722953, 35.745944127 ], [ 136.948722953, 35.745999687 ], [ 136.948667403, 35.745999687 ], [ 136.948667403, 35.746055247 ], [ 136.948667403, 35.746110797 ], [ 136.948667403, 35.746166357 ], [ 136.948722953, 35.746166357 ], [ 136.948722953, 35.746221907 ], [ 136.948778513, 35.746221907 ], [ 136.948778513, 35.746277467 ], [ 136.948834063, 35.746277468 ], [ 136.948889623, 35.746277468 ], [ 136.948889623, 35.746221908 ], [ 136.948889623, 35.746166357 ], [ 136.948889623, 35.746110797 ], [ 136.948945173, 35.746110797 ], [ 136.949000733, 35.746110798 ], [ 136.949056293, 35.746110798 ], [ 136.949056293, 35.746166358 ], [ 136.949056293, 35.746221908 ], [ 136.949000733, 35.746221908 ], [ 136.949000733, 35.746277468 ], [ 136.948945173, 35.746277468 ], [ 136.948889623, 35.746277468 ], [ 136.948889623, 35.746333018 ], [ 136.948945173, 35.746333018 ], [ 136.948945174, 35.746388578 ], [ 136.949000734, 35.746388578 ], [ 136.949056294, 35.746388578 ], [ 136.949056294, 35.746444128 ], [ 136.949056294, 35.746499688 ], [ 136.949111844, 35.746499688 ], [ 136.949167404, 35.746499688 ], [ 136.949167404, 35.746555248 ], [ 136.949222954, 35.746555249 ], [ 136.949222954, 35.746610799 ], [ 136.949278514, 35.746610799 ], [ 136.949278514, 35.746666359 ], [ 136.949334064, 35.746666359 ], [ 136.949389624, 35.746666359 ], [ 136.949389624, 35.746721909 ], [ 136.949389624, 35.746777469 ], [ 136.949445174, 35.746777469 ], [ 136.949445174, 35.746833019 ], [ 136.949500734, 35.746833019 ], [ 136.949556294, 35.746833019 ], [ 136.949556295, 35.74688858 ], [ 136.949611845, 35.74688858 ], [ 136.949611844, 35.74683302 ], [ 136.949667404, 35.74683302 ], [ 136.949722955, 35.74683302 ], [ 136.949722954, 35.74677747 ], [ 136.949722954, 35.74672191 ], [ 136.949667404, 35.74672191 ], [ 136.949667404, 35.746666359 ], [ 136.949722954, 35.74666636 ], [ 136.949722954, 35.746610799 ], [ 136.949722954, 35.746555249 ], [ 136.949778514, 35.746555249 ], [ 136.949778514, 35.7466108 ], [ 136.949834064, 35.7466108 ], [ 136.949834064, 35.74666636 ], [ 136.949889624, 35.74666636 ], [ 136.949889624, 35.74672191 ], [ 136.949945174, 35.74672191 ], [ 136.950000735, 35.74672191 ], [ 136.950056295, 35.74672191 ], [ 136.950111845, 35.74672191 ], [ 136.950111844, 35.74666636 ], [ 136.950167405, 35.74666636 ], [ 136.950167405, 35.74672191 ], [ 136.950111845, 35.74672191 ], [ 136.950111845, 35.74677747 ], [ 136.950167405, 35.74677747 ], [ 136.950222955, 35.746777471 ], [ 136.950278515, 35.746777471 ], [ 136.950334065, 35.746777471 ], [ 136.950389625, 35.746777471 ], [ 136.950445175, 35.746777471 ], [ 136.950445175, 35.746833021 ], [ 136.950445175, 35.746888581 ], [ 136.950445175, 35.746944131 ], [ 136.950500735, 35.746944131 ], [ 136.950500735, 35.746888581 ], [ 136.950556295, 35.746888581 ], [ 136.950611845, 35.746888581 ], [ 136.950667405, 35.746888581 ], [ 136.950667405, 35.746944131 ], [ 136.950722955, 35.746944132 ], [ 136.950722955, 35.746999692 ], [ 136.950667405, 35.746999692 ], [ 136.950611845, 35.746999691 ], [ 136.950611845, 35.746944131 ], [ 136.950556295, 35.746944131 ], [ 136.950556295, 35.746999691 ], [ 136.950500735, 35.746999691 ], [ 136.950500735, 35.747055251 ], [ 136.950556295, 35.747055251 ], [ 136.950611845, 35.747055252 ], [ 136.950611845, 35.747110802 ], [ 136.950667405, 35.747110802 ], [ 136.950722955, 35.747110802 ], [ 136.950778515, 35.747110802 ], [ 136.950778515, 35.747166362 ], [ 136.950722955, 35.747166362 ], [ 136.950667405, 35.747166362 ], [ 136.950667405, 35.747221912 ], [ 136.950611845, 35.747221912 ], [ 136.950556295, 35.747221912 ], [ 136.950556295, 35.747277472 ], [ 136.950611845, 35.747277472 ], [ 136.950611846, 35.747333022 ], [ 136.950611846, 35.747388582 ], [ 136.950611846, 35.747444132 ], [ 136.950667406, 35.747444132 ], [ 136.950667406, 35.747388582 ], [ 136.950722956, 35.747388582 ], [ 136.950722956, 35.747333022 ], [ 136.950778516, 35.747333022 ], [ 136.950778516, 35.747277472 ], [ 136.950834066, 35.747277472 ], [ 136.950834066, 35.747333022 ], [ 136.950834066, 35.747388582 ], [ 136.950834066, 35.747444132 ], [ 136.950889626, 35.747444132 ], [ 136.950889626, 35.747499693 ], [ 136.950945176, 35.747499693 ], [ 136.950945176, 35.747555253 ], [ 136.951000736, 35.747555253 ], [ 136.951000736, 35.747610803 ], [ 136.950945176, 35.747610803 ], [ 136.950945176, 35.747666363 ], [ 136.951000736, 35.747666363 ], [ 136.951056296, 35.747666363 ], [ 136.951056296, 35.747721913 ], [ 136.951000736, 35.747721913 ], [ 136.951000736, 35.747777473 ], [ 136.951000736, 35.747833023 ], [ 136.951056296, 35.747833023 ], [ 136.951111846, 35.747833023 ], [ 136.951111846, 35.747888583 ], [ 136.951167406, 35.747888584 ], [ 136.951167407, 35.747944134 ], [ 136.951222957, 35.747944134 ], [ 136.951278517, 35.747944134 ], [ 136.951278517, 35.747999694 ], [ 136.951334067, 35.747999694 ], [ 136.951389627, 35.747999694 ], [ 136.951445177, 35.747999694 ], [ 136.951445177, 35.748055254 ], [ 136.951500737, 35.748055254 ], [ 136.951556297, 35.748055254 ], [ 136.951611847, 35.748055255 ], [ 136.951611847, 35.747999694 ], [ 136.951667407, 35.747999695 ], [ 136.951667407, 35.747944134 ], [ 136.951722957, 35.747944135 ], [ 136.951722957, 35.747999695 ], [ 136.951778517, 35.747999695 ], [ 136.951778517, 35.747944135 ], [ 136.951834067, 35.747944135 ], [ 136.951834067, 35.747888585 ], [ 136.951834067, 35.747833025 ], [ 136.951778517, 35.747833025 ], [ 136.951778517, 35.747777474 ], [ 136.951722957, 35.747777474 ], [ 136.951722957, 35.747833024 ], [ 136.951722957, 35.747888584 ], [ 136.951667407, 35.747888584 ], [ 136.951667407, 35.747833024 ], [ 136.951667406, 35.747777474 ], [ 136.951611846, 35.747777474 ], [ 136.951556296, 35.747777474 ], [ 136.951500736, 35.747777474 ], [ 136.951445176, 35.747777474 ], [ 136.951389626, 35.747777474 ], [ 136.951389626, 35.747721914 ], [ 136.951389626, 35.747666364 ], [ 136.951389626, 35.747610804 ], [ 136.951334066, 35.747610803 ], [ 136.951278516, 35.747610803 ], [ 136.951278516, 35.747555253 ], [ 136.951222956, 35.747555253 ], [ 136.951167406, 35.747555253 ], [ 136.951111846, 35.747555253 ], [ 136.951111846, 35.747499693 ], [ 136.951056296, 35.747499693 ], [ 136.951000736, 35.747499693 ], [ 136.951000736, 35.747444133 ], [ 136.950945176, 35.747444133 ], [ 136.950945176, 35.747388583 ], [ 136.950889626, 35.747388582 ], [ 136.950889626, 35.747333022 ], [ 136.950945176, 35.747333022 ], [ 136.950945176, 35.747277472 ], [ 136.950945176, 35.747221912 ], [ 136.951000736, 35.747221912 ], [ 136.951000735, 35.747166362 ], [ 136.951000735, 35.747110802 ], [ 136.950945175, 35.747110802 ], [ 136.950889625, 35.747110802 ], [ 136.950889625, 35.747166362 ], [ 136.950834065, 35.747166362 ], [ 136.950834065, 35.747110802 ], [ 136.950889625, 35.747110802 ], [ 136.950889625, 35.747055252 ], [ 136.950945175, 35.747055252 ], [ 136.950945175, 35.746999692 ], [ 136.951000735, 35.746999692 ], [ 136.951000735, 35.746944132 ], [ 136.950945175, 35.746944132 ], [ 136.950945175, 35.746888582 ], [ 136.950889625, 35.746888582 ], [ 136.950834065, 35.746888582 ], [ 136.950834065, 35.746944132 ], [ 136.950778515, 35.746944132 ], [ 136.950778515, 35.746888582 ], [ 136.950722955, 35.746888581 ], [ 136.950722955, 35.746833021 ], [ 136.950778515, 35.746833021 ], [ 136.950778515, 35.746777471 ], [ 136.950722955, 35.746777471 ], [ 136.950722955, 35.746721911 ], [ 136.950667405, 35.746721911 ], [ 136.950667405, 35.746666361 ], [ 136.950611845, 35.746666361 ], [ 136.950556295, 35.746666361 ], [ 136.950500735, 35.746666361 ], [ 136.950445175, 35.746666361 ], [ 136.950389625, 35.746666361 ], [ 136.950334065, 35.746666361 ], [ 136.950278515, 35.74666636 ], [ 136.950278514, 35.7466108 ], [ 136.950222954, 35.7466108 ], [ 136.950222954, 35.74655525 ], [ 136.950222954, 35.74649969 ], [ 136.950222954, 35.74644413 ], [ 136.950167404, 35.74644413 ], [ 136.950167404, 35.74649969 ], [ 136.950111844, 35.74649969 ], [ 136.950056294, 35.74649969 ], [ 136.950056294, 35.74655525 ], [ 136.950000734, 35.74655525 ], [ 136.950000734, 35.7466108 ], [ 136.949945174, 35.7466108 ], [ 136.949945174, 35.74655525 ], [ 136.949945174, 35.74649969 ], [ 136.949945174, 35.74644413 ], [ 136.949889624, 35.74644413 ], [ 136.949834064, 35.746444129 ], [ 136.949778514, 35.746444129 ], [ 136.949722954, 35.746444129 ], [ 136.949722954, 35.746388579 ], [ 136.949667404, 35.746388579 ], [ 136.949667404, 35.746333019 ], [ 136.949722954, 35.746333019 ], [ 136.949722954, 35.746277469 ], [ 136.949667404, 35.746277469 ], [ 136.949667404, 35.746221909 ], [ 136.949667404, 35.746166359 ], [ 136.949722954, 35.746166359 ], [ 136.949722954, 35.746110799 ], [ 136.949722953, 35.746055249 ], [ 136.949722953, 35.745999689 ], [ 136.949667403, 35.745999689 ], [ 136.949667403, 35.745944128 ], [ 136.949722953, 35.745944129 ], [ 136.949722953, 35.745888578 ], [ 136.949667403, 35.745888578 ], [ 136.949667403, 35.745833018 ], [ 136.949611843, 35.745833018 ], [ 136.949556293, 35.745833018 ], [ 136.949500733, 35.745833018 ], [ 136.949500733, 35.745777468 ], [ 136.949445173, 35.745777468 ], [ 136.949445173, 35.745721908 ], [ 136.949445173, 35.745666358 ], [ 136.949389623, 35.745666358 ], [ 136.949389623, 35.745610798 ], [ 136.949334063, 35.745610797 ], [ 136.949334063, 35.745555247 ], [ 136.949278513, 35.745555247 ], [ 136.949222953, 35.745555247 ], [ 136.949222953, 35.745610797 ], [ 136.949167403, 35.745610797 ], [ 136.949167402, 35.745555247 ], [ 136.949167402, 35.745499687 ], [ 136.949167402, 35.745444127 ], [ 136.949167402, 35.745388577 ], [ 136.949167402, 35.745333017 ], [ 136.949111842, 35.745333017 ], [ 136.949111842, 35.745388577 ], [ 136.949111842, 35.745444127 ], [ 136.949056292, 35.745444127 ], [ 136.949000732, 35.745444127 ], [ 136.949000732, 35.745388577 ], [ 136.949000732, 35.745333017 ], [ 136.948945172, 35.745333016 ], [ 136.948945172, 35.745388577 ], [ 136.948889622, 35.745388576 ], [ 136.948889622, 35.745333016 ], [ 136.948834062, 35.745333016 ], [ 136.948778512, 35.745333016 ], [ 136.948778512, 35.745388576 ], [ 136.948722952, 35.745388576 ], [ 136.948667402, 35.745388576 ], [ 136.948611842, 35.745388576 ], [ 136.948611842, 35.745333016 ], [ 136.948556292, 35.745333016 ], [ 136.948556292, 35.745277466 ], [ 136.948611842, 35.745277466 ], [ 136.948611842, 35.745221906 ], [ 136.948667402, 35.745221906 ], [ 136.948722952, 35.745221906 ], [ 136.948722952, 35.745277466 ], [ 136.948778512, 35.745277466 ], [ 136.948778512, 35.745221906 ], [ 136.948834062, 35.745221906 ], [ 136.948889622, 35.745221906 ], [ 136.948889622, 35.745166356 ], [ 136.948889622, 35.745110796 ], [ 136.948889622, 35.745055246 ], [ 136.948834062, 35.745055246 ], [ 136.948778512, 35.745055246 ], [ 136.948778512, 35.745110796 ], [ 136.948722952, 35.745110796 ], [ 136.948722952, 35.745055246 ], [ 136.948778512, 35.745055246 ], [ 136.948778512, 35.744999686 ], [ 136.948722951, 35.744999686 ], [ 136.948722951, 35.744944126 ], [ 136.948667401, 35.744944126 ], [ 136.948667401, 35.744888575 ], [ 136.948611841, 35.744888575 ], [ 136.948611841, 35.744944125 ], [ 136.948611841, 35.744999685 ], [ 136.948611841, 35.745055246 ], [ 136.948611842, 35.745110796 ], [ 136.948556292, 35.745110796 ], [ 136.948556291, 35.745055245 ], [ 136.948500731, 35.745055245 ], [ 136.948500731, 35.744999685 ], [ 136.948556291, 35.744999685 ], [ 136.948556291, 35.744944125 ], [ 136.948556291, 35.744888575 ], [ 136.948500731, 35.744888575 ], [ 136.948500731, 35.744833015 ], [ 136.948500731, 35.744777465 ], [ 136.948556291, 35.744777465 ], [ 136.948611841, 35.744777465 ], [ 136.948611841, 35.744833015 ], [ 136.948667401, 35.744833015 ], [ 136.948722951, 35.744833015 ], [ 136.948778511, 35.744833016 ], [ 136.948834061, 35.744833016 ], [ 136.948834061, 35.744888576 ], [ 136.948778511, 35.744888576 ], [ 136.948778511, 35.744944126 ], [ 136.948834061, 35.744944126 ], [ 136.948889622, 35.744944126 ], [ 136.948889621, 35.744888576 ], [ 136.948889621, 35.744833016 ], [ 136.948889621, 35.744777466 ], [ 136.948834061, 35.744777466 ], [ 136.948778511, 35.744777465 ], [ 136.948778511, 35.744721905 ], [ 136.948834061, 35.744721905 ], [ 136.948834061, 35.744666355 ], [ 136.948778511, 35.744666355 ], [ 136.948722951, 35.744666355 ], [ 136.948667401, 35.744666355 ], [ 136.948611841, 35.744666355 ], [ 136.948556291, 35.744666355 ], [ 136.948500731, 35.744666355 ], [ 136.948445171, 35.744666355 ], [ 136.948445171, 35.744610795 ], [ 136.948500731, 35.744610795 ], [ 136.948556291, 35.744610795 ], [ 136.948556291, 35.744555245 ], [ 136.948611841, 35.744555245 ], [ 136.948667401, 35.744555245 ], [ 136.948722951, 35.744555245 ], [ 136.948778511, 35.744555245 ], [ 136.948834061, 35.744555245 ], [ 136.948834061, 35.744610795 ], [ 136.948834061, 35.744666355 ], [ 136.948889621, 35.744666356 ], [ 136.948889621, 35.744610795 ], [ 136.948945171, 35.744610796 ], [ 136.949000731, 35.744610796 ], [ 136.949056291, 35.744610796 ], [ 136.949056291, 35.744555246 ], [ 136.949111841, 35.744555246 ], [ 136.949111841, 35.744499686 ], [ 136.949056291, 35.744499686 ], [ 136.949000731, 35.744499685 ], [ 136.949000731, 35.744444125 ], [ 136.948945171, 35.744444125 ], [ 136.948945171, 35.744388575 ], [ 136.948945171, 35.744333015 ], [ 136.949000731, 35.744333015 ], [ 136.949000731, 35.744388575 ], [ 136.949056291, 35.744388575 ], [ 136.949056291, 35.744333015 ], [ 136.949111841, 35.744333015 ], [ 136.949111841, 35.744388576 ], [ 136.949111841, 35.744444126 ], [ 136.949167401, 35.744444126 ], [ 136.949167401, 35.744388576 ], [ 136.949167401, 35.744333016 ], [ 136.949167401, 35.744277465 ], [ 136.949167401, 35.744221905 ], [ 136.949111841, 35.744221905 ], [ 136.949111841, 35.744166355 ], [ 136.949056291, 35.744166355 ], [ 136.94905629, 35.744110795 ], [ 136.94900073, 35.744110795 ], [ 136.94900073, 35.744055245 ], [ 136.94894517, 35.744055245 ], [ 136.94888962, 35.744055245 ], [ 136.94888962, 35.743999685 ], [ 136.94883406, 35.743999685 ], [ 136.94883406, 35.743944124 ], [ 136.94877851, 35.743944124 ], [ 136.94877851, 35.743999684 ], [ 136.94877851, 35.744055245 ], [ 136.94883406, 35.744055245 ], [ 136.94883406, 35.744110795 ], [ 136.94888962, 35.744110795 ], [ 136.94888962, 35.744166355 ], [ 136.94894517, 35.744166355 ], [ 136.948945171, 35.744221905 ], [ 136.948945171, 35.744277465 ], [ 136.948889621, 35.744277465 ], [ 136.948889621, 35.744333015 ], [ 136.948889621, 35.744388575 ], [ 136.948889621, 35.744444125 ], [ 136.948834061, 35.744444125 ], [ 136.948834061, 35.744388575 ], [ 136.948778511, 35.744388575 ], [ 136.948722951, 35.744388575 ], [ 136.948722951, 35.744333015 ], [ 136.948667401, 35.744333015 ], [ 136.9486674, 35.744277465 ], [ 136.9486674, 35.744221905 ], [ 136.9486674, 35.744166355 ], [ 136.9486674, 35.744110794 ], [ 136.94872295, 35.744110795 ], [ 136.94877851, 35.744110795 ], [ 136.94877851, 35.744055245 ], [ 136.94872295, 35.744055244 ], [ 136.9486674, 35.744055244 ], [ 136.9486674, 35.743999684 ], [ 136.94861184, 35.743999684 ], [ 136.94855629, 35.743999684 ], [ 136.94850073, 35.743999684 ], [ 136.94844517, 35.743999684 ], [ 136.94844517, 35.743944124 ], [ 136.94844517, 35.743888574 ], [ 136.94850073, 35.743888574 ], [ 136.94855629, 35.743888574 ], [ 136.94855629, 35.743833014 ], [ 136.94861184, 35.743833014 ], [ 136.94861184, 35.743777464 ], [ 136.9486674, 35.743777464 ], [ 136.9486674, 35.743721904 ], [ 136.94861184, 35.743721904 ], [ 136.94861184, 35.743666354 ], [ 136.94855629, 35.743666354 ], [ 136.948556289, 35.743610794 ], [ 136.948500729, 35.743610794 ], [ 136.948445169, 35.743610793 ], [ 136.948445169, 35.743555243 ], [ 136.948500729, 35.743555243 ], [ 136.948556289, 35.743555244 ], [ 136.948556289, 35.743499683 ], [ 136.948611839, 35.743499684 ], [ 136.948611839, 35.743444123 ], [ 136.948611839, 35.743388573 ], [ 136.948611839, 35.743333013 ], [ 136.948556289, 35.743333013 ], [ 136.948500729, 35.743333013 ], [ 136.948445169, 35.743333013 ], [ 136.948445169, 35.743388573 ], [ 136.948500729, 35.743388573 ], [ 136.948500729, 35.743444123 ], [ 136.948500729, 35.743499683 ], [ 136.948445169, 35.743499683 ], [ 136.948445169, 35.743444123 ], [ 136.948445169, 35.743388573 ], [ 136.948389619, 35.743388573 ], [ 136.948334059, 35.743388573 ], [ 136.948334059, 35.743333013 ], [ 136.948334059, 35.743277463 ], [ 136.948334059, 35.743221903 ], [ 136.948334059, 35.743166353 ], [ 136.948278509, 35.743166353 ], [ 136.948278509, 35.743110793 ], [ 136.948222949, 35.743110792 ], [ 136.948167399, 35.743110792 ], [ 136.948111839, 35.743110792 ], [ 136.948111839, 35.743166352 ], [ 136.948056289, 35.743166352 ], [ 136.948056288, 35.743110792 ], [ 136.948056288, 35.743055242 ], [ 136.948056288, 35.742999682 ], [ 136.948056288, 35.742944122 ], [ 136.948000728, 35.742944122 ], [ 136.947945168, 35.742944122 ], [ 136.947945168, 35.742888572 ], [ 136.947889618, 35.742888572 ], [ 136.947834058, 35.742888572 ], [ 136.947778508, 35.742888571 ] ], [ [ 136.949167404, 35.746333018 ], [ 136.949222954, 35.746333018 ], [ 136.949222954, 35.746388578 ], [ 136.949167404, 35.746388578 ], [ 136.949167404, 35.746333018 ] ], [ [ 136.949167403, 35.745944128 ], [ 136.949222953, 35.745944128 ], [ 136.949222953, 35.745999688 ], [ 136.949278513, 35.745999688 ], [ 136.949334063, 35.745999688 ], [ 136.949334063, 35.746055248 ], [ 136.949389623, 35.746055248 ], [ 136.949389623, 35.746110798 ], [ 136.949334063, 35.746110798 ], [ 136.949334063, 35.746166358 ], [ 136.949334063, 35.746221908 ], [ 136.949278513, 35.746221908 ], [ 136.949222953, 35.746221908 ], [ 136.949222953, 35.746166358 ], [ 136.949222953, 35.746110798 ], [ 136.949167403, 35.746110798 ], [ 136.949167403, 35.746055248 ], [ 136.949167403, 35.745999688 ], [ 136.949167403, 35.745944128 ] ], [ [ 136.949167403, 35.745777467 ], [ 136.949222953, 35.745777468 ], [ 136.949222953, 35.745833018 ], [ 136.949222953, 35.745888578 ], [ 136.949167403, 35.745888578 ], [ 136.949111843, 35.745888577 ], [ 136.949111843, 35.745833017 ], [ 136.949167403, 35.745833018 ], [ 136.949167403, 35.745777467 ] ], [ [ 136.949000733, 35.745777467 ], [ 136.949056293, 35.745777467 ], [ 136.949056293, 35.745833017 ], [ 136.949000733, 35.745833017 ], [ 136.949000733, 35.745777467 ] ], [ [ 136.949056292, 35.745499687 ], [ 136.949111842, 35.745499687 ], [ 136.949111842, 35.745555247 ], [ 136.949111843, 35.745610797 ], [ 136.949056293, 35.745610797 ], [ 136.949000732, 35.745610797 ], [ 136.949000732, 35.745555247 ], [ 136.949056292, 35.745555247 ], [ 136.949056292, 35.745499687 ] ], [ [ 136.948334061, 35.744610795 ], [ 136.948389621, 35.744610795 ], [ 136.948389621, 35.744666355 ], [ 136.948334061, 35.744666355 ], [ 136.948334061, 35.744610795 ] ], [ [ 136.948389621, 35.744499684 ], [ 136.948445171, 35.744499685 ], [ 136.948500731, 35.744499685 ], [ 136.948500731, 35.744555245 ], [ 136.948445171, 35.744555245 ], [ 136.948389621, 35.744555245 ], [ 136.948389621, 35.744499684 ] ], [ [ 136.948111839, 35.743499683 ], [ 136.948167399, 35.743499683 ], [ 136.948167399, 35.743555243 ], [ 136.948111839, 35.743555243 ], [ 136.948111839, 35.743499683 ] ], [ [ 136.947945168, 35.743055242 ], [ 136.948000728, 35.743055242 ], [ 136.948000728, 35.743110792 ], [ 136.947945168, 35.743110792 ], [ 136.947945168, 35.743055242 ] ] ] } },
{ "type": "Feature", "properties": { "A31a_101": "8505090104", "A31a_102": "吉田川", "A31a_103": "21", "A31a_104": "岐阜県", "A31a_105": 1 }, "geometry": { "type": "Polygon", "coordinates": [ [ [ 136.948611833, 35.737721895 ], [ 136.948611833, 35.737777455 ], [ 136.948667393, 35.737777455 ], [ 136.948667393, 35.737833005 ], [ 136.948722943, 35.737833005 ], [ 136.948722943, 35.737777455 ], [ 136.948722943, 35.737721895 ], [ 136.948667393, 35.737721895 ], [ 136.948611833, 35.737721895 ] ] ] } },
{ "type": "Feature", "properties": { "A31a_101": "8505090104", "A31a_102": "吉田川", "A31a_103": "21", "A31a_104": "岐阜県", "A31a_105": 1 }, "geometry": { "type": "Polygon", "coordinates": [ [ [ 136.948667393, 35.738110785 ], [ 136.948667393, 35.738166346 ], [ 136.948722943, 35.738166346 ], [ 136.948722943, 35.738110786 ], [ 136.948667393, 35.738110785 ] ] ] } },
{ "type": "Feature", "properties": { "A31a_101": "8505090104", "A31a_102": "吉田川", "A31a_103": "21", "A31a_104": "岐阜県", "A31a_105": 1 }, "geometry": { "type": "Polygon", "coordinates": [ [ [ 136.948778503, 35.737610785 ], [ 136.948778503, 35.737666345 ], [ 136.948834053, 35.737666345 ], [ 136.948834053, 35.737610785 ], [ 136.948778503, 35.737610785 ] ] ] } },
{ "type": "Feature", "properties": { "A31a_101": "8505090104", "A31a_102": "吉田川", "A31a_103": "21", "A31a_104": "岐阜県", "A31a_105": 1 }, "geometry": { "type": "Polygon", "coordinates": [ [ [ 136.947278505, 35.740499677 ], [ 136.947278505, 35.740555237 ], [ 136.947278505, 35.740610787 ], [ 136.947278505, 35.740666348 ], [ 136.947334055, 35.740666348 ], [ 136.947334055, 35.740610788 ], [ 136.947334055, 35.740555237 ], [ 136.947334055, 35.740499677 ], [ 136.947278505, 35.740499677 ] ] ] } },
{ "type": "Feature", "properties": { "A31a_101": "8505090104", "A31a_102": "吉田川", "A31a_103": "21", "A31a_104": "岐阜県", "A31a_105": 1 }, "geometry": { "type": "Polygon", "coordinates": [ [ [ 136.947278505, 35.740888568 ], [ 136.947278505, 35.740944118 ], [ 136.947334055, 35.740944118 ], [ 136.947389615, 35.740944118 ], [ 136.947389615, 35.740888568 ], [ 136.947334055, 35.740888568 ], [ 136.947278505, 35.740888568 ] ] ] } },
{ "type": "Feature", "properties": { "A31a_101": "8505090104", "A31a_102": "吉田川", "A31a_103": "21", "A31a_104": "岐阜県", "A31a_105": 1 }, "geometry": { "type": "Polygon", "coordinates": [ [ [ 136.946722945, 35.740944117 ], [ 136.946722945, 35.740999677 ], [ 136.946778505, 35.740999677 ], [ 136.946778505, 35.740944117 ], [ 136.946722945, 35.740944117 ] ] ] } },
{ "type": "Feature", "properties": { "A31a_101": "8505090104", "A31a_102": "吉田川", "A31a_103": "21", "A31a_104": "岐阜県", "A31a_105": 1 }, "geometry": { "type": "Polygon", "coordinates": [ [ [ 136.951834067, 35.748166365 ], [ 136.951834067, 35.748221915 ], [ 136.951889627, 35.748221915 ], [ 136.951889627, 35.748166365 ], [ 136.951834067, 35.748166365 ] ] ] } },
{ "type": "Feature", "properties": { "A31a_101": "8505090104", "A31a_102": "吉田川", "A31a_103": "21", "A31a_104": "岐阜県", "A31a_105": 1 }, "geometry": { "type": "Polygon", "coordinates": [ [ [ 136.951111847, 35.748221914 ], [ 136.951111847, 35.748277474 ], [ 136.951167407, 35.748277474 ], [ 136.951222957, 35.748277474 ], [ 136.951222957, 35.748221914 ], [ 136.951167407, 35.748221914 ], [ 136.951111847, 35.748221914 ] ] ] } },
{ "type": "Feature", "properties": { "A31a_101": "8505090104", "A31a_102": "吉田川", "A31a_103": "21", "A31a_104": "岐阜県", "A31a_105": 1 }, "geometry": { "type": "Polygon", "coordinates": [ [ [ 136.951334067, 35.748221914 ], [ 136.951334067, 35.748277474 ], [ 136.951389627, 35.748277474 ], [ 136.951389627, 35.748221914 ], [ 136.951334067, 35.748221914 ] ] ] } },
{ "type": "Feature", "properties": { "A31a_101": "8505090104", "A31a_102": "吉田川", "A31a_103": "21", "A31a_104": "岐阜県", "A31a_105": 1 }, "geometry": { "type": "Polygon", "coordinates": [ [ [ 136.952056297, 35.748166365 ], [ 136.952056297, 35.748221916 ], [ 136.952111847, 35.748221916 ], [ 136.952111847, 35.748166366 ], [ 136.952056297, 35.748166365 ] ] ] } },
{ "type": "Feature", "properties": { "A31a_101": "8505090104", "A31a_102": "吉田川", "A31a_103": "21", "A31a_104": "岐阜県", "A31a_105": 1 }, "geometry": { "type": "Polygon", "coordinates": [ [ [ 136.952334067, 35.748221916 ], [ 136.952334067, 35.748277476 ], [ 136.952389627, 35.748277476 ], [ 136.952389627, 35.748221916 ], [ 136.952334067, 35.748221916 ] ] ] } },
{ "type": "Feature", "properties": { "A31a_101": "8505090104", "A31a_102": "吉田川", "A31a_103": "21", "A31a_104": "岐阜県", "A31a_105": 1 }, "geometry": { "type": "Polygon", "coordinates": [ [ [ 136.952611847, 35.748166366 ], [ 136.952611847, 35.748221916 ], [ 136.952667407, 35.748221917 ], [ 136.952667407, 35.748166366 ], [ 136.952611847, 35.748166366 ] ] ] } },
{ "type": "Feature", "properties": { "A31a_101": "8505090104", "A31a_102": "吉田川", "A31a_103": "21", "A31a_104": "岐阜県", "A31a_105": 1 }, "geometry": { "type": "Polygon", "coordinates": [ [ [ 136.953000738, 35.748277477 ], [ 136.953000738, 35.748333027 ], [ 136.953056298, 35.748333027 ], [ 136.953111848, 35.748333027 ], [ 136.953167408, 35.748333028 ], [ 136.953167408, 35.748277477 ], [ 136.953111848, 35.748277477 ], [ 136.953056298, 35.748277477 ], [ 136.953000738, 35.748277477 ] ] ] } },
{ "type": "Feature", "properties": { "A31a_101": "8505090104", "A31a_102": "吉田川", "A31a_103": "21", "A31a_104": "岐阜県", "A31a_105": 1 }, "geometry": { "type": "Polygon", "coordinates": [ [ [ 136.953167407, 35.748166367 ], [ 136.953167408, 35.748221917 ], [ 136.953222958, 35.748221917 ], [ 136.953278518, 35.748221918 ], [ 136.953278517, 35.748166368 ], [ 136.953222957, 35.748166367 ], [ 136.953167407, 35.748166367 ] ] ] } },
{ "type": "Feature", "properties": { "A31a_101": "8505090104", "A31a_102": "吉田川", "A31a_103": "21", "A31a_104": "岐阜県", "A31a_105": 1 }, "geometry": { "type": "Polygon", "coordinates": [ [ [ 136.953167407, 35.747999697 ], [ 136.953167407, 35.748055257 ], [ 136.953222957, 35.748055257 ], [ 136.953278517, 35.748055257 ], [ 136.953278517, 35.748110807 ], [ 136.953278517, 35.748166368 ], [ 136.953334068, 35.748166368 ], [ 136.953334067, 35.748110808 ], [ 136.953334067, 35.748055257 ], [ 136.953389627, 35.748055258 ], [ 136.953389627, 35.748110808 ], [ 136.953389628, 35.748166368 ], [ 136.953389628, 35.748221918 ], [ 136.953445178, 35.748221918 ], [ 136.953445178, 35.748166368 ], [ 136.953500738, 35.748166368 ], [ 136.953556298, 35.748166368 ], [ 136.953556298, 35.748221918 ], [ 136.953611848, 35.748221918 ], [ 136.953611848, 35.748166368 ], [ 136.953611848, 35.748110808 ], [ 136.953611847, 35.748055258 ], [ 136.953556297, 35.748055258 ], [ 136.953500737, 35.748055258 ], [ 136.953445177, 35.748055258 ], [ 136.953445177, 35.747999698 ], [ 136.953389627, 35.747999697 ], [ 136.953334067, 35.747999697 ], [ 136.953278517, 35.747999697 ], [ 136.953222957, 35.747999697 ], [ 136.953167407, 35.747999697 ] ] ] } },
{ "type": "Feature", "properties": { "A31a_101": "8505090104", "A31a_102": "吉田川", "A31a_103": "21", "A31a_104": "岐阜県", "A31a_105": 1 }, "geometry": { "type": "Polygon", "coordinates": [ [ [ 136.953056298, 35.749055258 ], [ 136.953056299, 35.749110809 ], [ 136.953111849, 35.749110809 ], [ 136.953111848, 35.749055259 ], [ 136.953056298, 35.749055258 ] ] ] } },
{ "type": "Feature", "properties": { "A31a_101": "8505090104", "A31a_102": "吉田川", "A31a_103": "21", "A31a_104": "岐阜県", "A31a_105": 1 }, "geometry": { "type": "Polygon", "coordinates": [ [ [ 136.949167401, 35.744444126 ], [ 136.949167401, 35.744499686 ], [ 136.949222951, 35.744499686 ], [ 136.949222951, 35.744555246 ], [ 136.949167401, 35.744555246 ], [ 136.949111841, 35.744555246 ], [ 136.949111841, 35.744610796 ], [ 136.949167401, 35.744610796 ], [ 136.949222951, 35.744610796 ], [ 136.949278511, 35.744610796 ], [ 136.949278511, 35.744555246 ], [ 136.949334061, 35.744555246 ], [ 136.949334061, 35.744499686 ], [ 136.949334061, 35.744444126 ], [ 136.949278511, 35.744444126 ], [ 136.949222951, 35.744444126 ], [ 136.949167401, 35.744444126 ] ] ] } },
{ "type": "Feature", "properties": { "A31a_101": "8505090104", "A31a_102": "吉田川", "A31a_103": "21", "A31a_104": "岐阜県", "A31a_105": 1 }, "geometry": { "type": "Polygon", "coordinates": [ [ [ 136.949389621, 35.744444126 ], [ 136.949389621, 35.744499686 ], [ 136.949445171, 35.744499686 ], [ 136.949445171, 35.744444126 ], [ 136.949389621, 35.744444126 ] ] ] } },
{ "type": "Feature", "properties": { "A31a_101": "8505090104", "A31a_102": "吉田川", "A31a_103": "21", "A31a_104": "岐阜県", "A31a_105": 1 }, "geometry": { "type": "Polygon", "coordinates": [ [ [ 136.949334061, 35.744555246 ], [ 136.949334061, 35.744610796 ], [ 136.949389621, 35.744610796 ], [ 136.949389621, 35.744555246 ], [ 136.949334061, 35.744555246 ] ] ] } },
{ "type": "Feature", "properties": { "A31a_101": "8505090104", "A31a_102": "吉田川", "A31a_103": "21", "A31a_104": "岐阜県", "A31a_105": 1 }, "geometry": { "type": "Polygon", "coordinates": [ [ [ 136.949611846, 35.747721911 ], [ 136.949611846, 35.747777471 ], [ 136.949667406, 35.747777471 ], [ 136.949722956, 35.747777471 ], [ 136.949722956, 35.747721911 ], [ 136.949667406, 35.747721911 ], [ 136.949611846, 35.747721911 ] ] ] } },
{ "type": "Feature", "properties": { "A31a_101": "8505090104", "A31a_102": "吉田川", "A31a_103": "21", "A31a_104": "岐阜県", "A31a_105": 1 }, "geometry": { "type": "Polygon", "coordinates": [ [ [ 136.969389639, 35.753277509 ], [ 136.969389639, 35.753333059 ], [ 136.969445189, 35.753333059 ], [ 136.969500749, 35.753333059 ], [ 136.969500749, 35.753277509 ], [ 136.969445189, 35.753277509 ], [ 136.969389639, 35.753277509 ] ] ] } },
{ "type": "Feature", "properties": { "A31a_101": "8505090104", "A31a_102": "吉田川", "A31a_103": "21", "A31a_104": "岐阜県", "A31a_105": 1 }, "geometry": { "type": "Polygon", "coordinates": [ [ [ 136.969500749, 35.753333059 ], [ 136.969500749, 35.753388619 ], [ 136.969556309, 35.753388619 ], [ 136.969556309, 35.753333059 ], [ 136.969500749, 35.753333059 ] ] ] } },
{ "type": "Feature", "properties": { "A31a_101": "8505090104", "A31a_102": "吉田川", "A31a_103": "21", "A31a_104": "岐阜県", "A31a_105": 1 }, "geometry": { "type": "Polygon", "coordinates": [ [ [ 136.97072297, 35.753777511 ], [ 136.97072297, 35.753833062 ], [ 136.97077853, 35.753833062 ], [ 136.97083408, 35.753833062 ], [ 136.97083408, 35.753777512 ], [ 136.97077853, 35.753777512 ], [ 136.97072297, 35.753777511 ] ] ] } },
{ "type": "Feature", "properties": { "A31a_101": "8505090104", "A31a_102": "吉田川", "A31a_103": "21", "A31a_104": "岐阜県", "A31a_105": 1 }, "geometry": { "type": "Polygon", "coordinates": [ [ [ 136.97083408, 35.753833062 ], [ 136.97083408, 35.753888622 ], [ 136.97088964, 35.753888622 ], [ 136.97094519, 35.753888622 ], [ 136.97094519, 35.753944172 ], [ 136.97100075, 35.753944172 ], [ 136.97105631, 35.753944172 ], [ 136.97111186, 35.753944172 ], [ 136.97111186, 35.753888622 ], [ 136.97105631, 35.753888622 ], [ 136.97100075, 35.753888622 ], [ 136.97100075, 35.753833062 ], [ 136.97094519, 35.753833062 ], [ 136.97088964, 35.753833062 ], [ 136.97083408, 35.753833062 ] ] ] } },
{ "type": "Feature", "properties": { "A31a_101": "8505090104", "A31a_102": "吉田川", "A31a_103": "21", "A31a_104": "岐阜県", "A31a_105": 1 }, "geometry": { "type": "Polygon", "coordinates": [ [ [ 136.97116742, 35.753888622 ], [ 136.97116742, 35.753944172 ], [ 136.97122297, 35.753944173 ], [ 136.97122297, 35.753888622 ], [ 136.97116742, 35.753888622 ] ] ] } },
{ "type": "Feature", "properties": { "A31a_101": "8505090104", "A31a_102": "吉田川", "A31a_103": "21", "A31a_104": "岐阜県", "A31a_105": 1 }, "geometry": { "type": "Polygon", "coordinates": [ [ [ 136.97122297, 35.753944173 ], [ 136.97122297, 35.753999733 ], [ 136.97127853, 35.753999733 ], [ 136.97127853, 35.753944173 ], [ 136.97122297, 35.753944173 ] ] ] } },
{ "type": "Feature", "properties": { "A31a_101": "8505090104", "A31a_102": "吉田川", "A31a_103": "21", "A31a_104": "岐阜県", "A31a_105": 1 }, "geometry": { "type": "Polygon", "coordinates": [ [ [ 136.969222969, 35.753221948 ], [ 136.969222969, 35.753277508 ], [ 136.969278529, 35.753277508 ], [ 136.969278529, 35.753221948 ], [ 136.969222969, 35.753221948 ] ] ] } },
{ "type": "Feature", "properties": { "A31a_101": "8505090104", "A31a_102": "吉田川", "A31a_103": "21", "A31a_104": "岐阜県", "A31a_105": 1 }, "geometry": { "type": "Polygon", "coordinates": [ [ [ 136.969611859, 35.753388619 ], [ 136.969611859, 35.753444169 ], [ 136.969667419, 35.753444169 ], [ 136.969667419, 35.753388619 ], [ 136.969611859, 35.753388619 ] ] ] } },
{ "type": "Feature", "properties": { "A31a_101": "8505090104", "A31a_102": "吉田川", "A31a_103": "21", "A31a_104": "岐阜県", "A31a_105": 1 }, "geometry": { "type": "Polygon", "coordinates": [ [ [ 136.97144519, 35.753999733 ], [ 136.97144519, 35.754055293 ], [ 136.97150075, 35.754055293 ], [ 136.97155631, 35.754055293 ], [ 136.97155631, 35.753999733 ], [ 136.97150075, 35.753999733 ], [ 136.97144519, 35.753999733 ] ] ] } },
{ "type": "Feature", "properties": { "A31a_101": "8505090104", "A31a_102": "吉田川", "A31a_103": "21", "A31a_104": "岐阜県", "A31a_105": 1 }, "geometry": { "type": "Polygon", "coordinates": [ [ [ 136.97161186, 35.754055293 ], [ 136.97161186, 35.754110843 ], [ 136.97166742, 35.754110844 ], [ 136.97166742, 35.754055293 ], [ 136.97161186, 35.754055293 ] ] ] } },
{ "type": "Feature", "properties": { "A31a_101": "8505090104", "A31a_102": "吉田川", "A31a_103": "21", "A31a_104": "岐阜県", "A31a_105": 1 }, "geometry": { "type": "Polygon", "coordinates": [ [ [ 136.965556307, 35.752777503 ], [ 136.965556307, 35.752833053 ], [ 136.965611857, 35.752833053 ], [ 136.965611857, 35.752777503 ], [ 136.965556307, 35.752777503 ] ] ] } },
{ "type": "Feature", "properties": { "A31a_101": "8505090104", "A31a_102": "吉田川", "A31a_103": "21", "A31a_104": "岐阜県", "A31a_105": 1 }, "geometry": { "type": "Polygon", "coordinates": [ [ [ 136.965611857, 35.752833053 ], [ 136.965611857, 35.752888613 ], [ 136.965667417, 35.752888613 ], [ 136.965722967, 35.752888613 ], [ 136.965778527, 35.752888613 ], [ 136.965778527, 35.752833053 ], [ 136.965722967, 35.752833053 ], [ 136.965667417, 35.752833053 ], [ 136.965611857, 35.752833053 ] ] ] } },
{ "type": "Feature", "properties": { "A31a_101": "8505090104", "A31a_102": "吉田川", "A31a_103": "21", "A31a_104": "岐阜県", "A31a_105": 1 }, "geometry": { "type": "Polygon", "coordinates": [ [ [ 136.966500747, 35.752777504 ], [ 136.966500747, 35.752833054 ], [ 136.966445187, 35.752833054 ], [ 136.966389637, 35.752833054 ], [ 136.966389637, 35.752888614 ], [ 136.966334077, 35.752888614 ], [ 136.966334077, 35.752944164 ], [ 136.966334078, 35.752999724 ], [ 136.966278528, 35.752999724 ], [ 136.966222967, 35.752999724 ], [ 136.966167417, 35.752999724 ], [ 136.966167418, 35.753055284 ], [ 136.966222968, 35.753055284 ], [ 136.966222968, 35.753110834 ], [ 136.966278528, 35.753110834 ], [ 136.966334078, 35.753110834 ], [ 136.966389638, 35.753110834 ], [ 136.966445188, 35.753110834 ], [ 136.966500748, 35.753110834 ], [ 136.966556308, 35.753110834 ], [ 136.966611858, 35.753110834 ], [ 136.966667418, 35.753110835 ], [ 136.966667418, 35.753166395 ], [ 136.966667418, 35.753221945 ], [ 136.966722968, 35.753221945 ], [ 136.966722968, 35.753277505 ], [ 136.966778528, 35.753277505 ], [ 136.966834078, 35.753277505 ], [ 136.966889638, 35.753277505 ], [ 136.966945188, 35.753277505 ], [ 136.967000748, 35.753277505 ], [ 136.967056308, 35.753277505 ], [ 136.967111858, 35.753277505 ], [ 136.967111858, 35.753333055 ], [ 136.967167418, 35.753333056 ], [ 136.967167418, 35.753277505 ], [ 136.967167418, 35.753221945 ], [ 136.967167418, 35.753166395 ], [ 136.967111858, 35.753166395 ], [ 136.967056308, 35.753166395 ], [ 136.967000748, 35.753166395 ], [ 136.966945188, 35.753166395 ], [ 136.966945188, 35.753110835 ], [ 136.966945188, 35.753055285 ], [ 136.966945188, 35.752999725 ], [ 136.966945188, 35.752944165 ], [ 136.967000748, 35.752944165 ], [ 136.967000748, 35.752888615 ], [ 136.966945188, 35.752888615 ], [ 136.966889638, 35.752888615 ], [ 136.966834078, 35.752888614 ], [ 136.966834078, 35.752833054 ], [ 136.966778528, 35.752833054 ], [ 136.966722968, 35.752833054 ], [ 136.966667418, 35.752833054 ], [ 136.966611858, 35.752833054 ], [ 136.966556308, 35.752833054 ], [ 136.966556307, 35.752777504 ], [ 136.966500747, 35.752777504 ] ] ] } },
{ "type": "Feature", "properties": { "A31a_101": "8505090104", "A31a_102": "吉田川", "A31a_103": "21", "A31a_104": "岐阜県", "A31a_105": 1 }, "geometry": { "type": "Polygon", "coordinates": [ [ [ 136.967056308, 35.752944165 ], [ 136.967056308, 35.752999725 ], [ 136.967111858, 35.752999725 ], [ 136.967111858, 35.752944165 ], [ 136.967056308, 35.752944165 ] ] ] } },
{ "type": "Feature", "properties": { "A31a_101": "8505090104", "A31a_102": "吉田川", "A31a_103": "21", "A31a_104": "岐阜県", "A31a_105": 1 }, "geometry": { "type": "Polygon", "coordinates": [ [ [ 136.965389637, 35.752444162 ], [ 136.965389637, 35.752499722 ], [ 136.965389637, 35.752555282 ], [ 136.965334077, 35.752555282 ], [ 136.965334077, 35.752610832 ], [ 136.965278527, 35.752610832 ], [ 136.965278527, 35.752555282 ], [ 136.965222967, 35.752555282 ], [ 136.965222967, 35.752499722 ], [ 136.965167416, 35.752499722 ], [ 136.965111856, 35.752499722 ], [ 136.965056306, 35.752499722 ], [ 136.965056306, 35.752555282 ], [ 136.965056307, 35.752610832 ], [ 136.965056307, 35.752666392 ], [ 136.965111857, 35.752666392 ], [ 136.965167417, 35.752666392 ], [ 136.965222967, 35.752666392 ], [ 136.965278527, 35.752666392 ], [ 136.965334077, 35.752666392 ], [ 136.965389637, 35.752666392 ], [ 136.965445187, 35.752666392 ], [ 136.965500747, 35.752666392 ], [ 136.965556307, 35.752666392 ], [ 136.965611857, 35.752666393 ], [ 136.965611857, 35.752610832 ], [ 136.965667417, 35.752610833 ], [ 136.965667417, 35.752555282 ], [ 136.965667417, 35.752499722 ], [ 136.965611857, 35.752499722 ], [ 136.965556307, 35.752499722 ], [ 136.965556307, 35.752444162 ], [ 136.965500747, 35.752444162 ], [ 136.965445187, 35.752444162 ], [ 136.965389637, 35.752444162 ] ] ] } },
{ "type": "Feature", "properties": { "A31a_101": "8505090104", "A31a_102": "吉田川", "A31a_103": "21", "A31a_104": "岐阜県", "A31a_105": 1 }, "geometry": { "type": "Polygon", "coordinates": [ [ [ 136.965834077, 35.752555283 ], [ 136.965834077, 35.752610833 ], [ 136.965834077, 35.752666393 ], [ 136.965889637, 35.752666393 ], [ 136.965945187, 35.752666393 ], [ 136.966000747, 35.752666393 ], [ 136.966000747, 35.752610833 ], [ 136.965945187, 35.752610833 ], [ 136.965889637, 35.752610833 ], [ 136.965889637, 35.752555283 ], [ 136.965834077, 35.752555283 ] ] ] } },
{ "type": "Feature", "properties": { "A31a_101": "8505090104", "A31a_102": "吉田川", "A31a_103": "21", "A31a_104": "岐阜県", "A31a_105": 1 }, "geometry": { "type": "Polygon", "coordinates": [ [ [ 136.965889637, 35.752721943 ], [ 136.965889637, 35.752777503 ], [ 136.965889637, 35.752833053 ], [ 136.965889637, 35.752888613 ], [ 136.965945187, 35.752888613 ], [ 136.965945187, 35.752833053 ], [ 136.966000747, 35.752833053 ], [ 136.966056307, 35.752833053 ], [ 136.966056307, 35.752888613 ], [ 136.966111857, 35.752888613 ], [ 136.966111857, 35.752833053 ], [ 136.966111857, 35.752777503 ], [ 136.966056307, 35.752777503 ], [ 136.966000747, 35.752777503 ], [ 136.966000747, 35.752721943 ], [ 136.965945187, 35.752721943 ], [ 136.965889637, 35.752721943 ] ] ] } },
{ "type": "Feature", "properties": { "A31a_101": "8505090104", "A31a_102": "吉田川", "A31a_103": "21", "A31a_104": "岐阜県", "A31a_105": 1 }, "geometry": { "type": "Polygon", "coordinates": [ [ [ 136.965889637, 35.752999723 ], [ 136.965889637, 35.753055283 ], [ 136.965945187, 35.753055283 ], [ 136.965945187, 35.752999723 ], [ 136.965889637, 35.752999723 ] ] ] } },
{ "type": "Feature", "properties": { "A31a_101": "8505090104", "A31a_102": "吉田川", "A31a_103": "21", "A31a_104": "岐阜県", "A31a_105": 1 }, "geometry": { "type": "Polygon", "coordinates": [ [ [ 136.966056307, 35.753055284 ], [ 136.966056308, 35.753110834 ], [ 136.966111858, 35.753110834 ], [ 136.966111857, 35.753055284 ], [ 136.966056307, 35.753055284 ] ] ] } },
{ "type": "Feature", "properties": { "A31a_101": "8505090104", "A31a_102": "吉田川", "A31a_103": "21", "A31a_104": "岐阜県", "A31a_105": 1 }, "geometry": { "type": "Polygon", "coordinates": [ [ [ 136.967445188, 35.753277506 ], [ 136.967445188, 35.753333056 ], [ 136.967500748, 35.753333056 ], [ 136.967556308, 35.753333056 ], [ 136.967556308, 35.753277506 ], [ 136.967500748, 35.753277506 ], [ 136.967445188, 35.753277506 ] ] ] } },
{ "type": "Feature", "properties": { "A31a_101": "8505090104", "A31a_102": "吉田川", "A31a_103": "21", "A31a_104": "岐阜県", "A31a_105": 1 }, "geometry": { "type": "Polygon", "coordinates": [ [ [ 136.953778518, 35.748333029 ], [ 136.953778518, 35.748388589 ], [ 136.953834068, 35.748388589 ], [ 136.953834068, 35.748333029 ], [ 136.953778518, 35.748333029 ] ] ] } },
{ "type": "Feature", "properties": { "A31a_101": "8505090104", "A31a_102": "吉田川", "A31a_103": "21", "A31a_104": "岐阜県", "A31a_105": 1 }, "geometry": { "type": "Polygon", "coordinates": [ [ [ 136.954445179, 35.749221921 ], [ 136.954445179, 35.749277481 ], [ 136.954445179, 35.749333031 ], [ 136.954500739, 35.749333031 ], [ 136.954500739, 35.749277481 ], [ 136.954500739, 35.749221921 ], [ 136.954445179, 35.749221921 ] ] ] } },
{ "type": "Feature", "properties": { "A31a_101": "8505090104", "A31a_102": "吉田川", "A31a_103": "21", "A31a_104": "岐阜県", "A31a_105": 1 }, "geometry": { "type": "Polygon", "coordinates": [ [ [ 136.95572296, 35.749444144 ], [ 136.95572296, 35.749499704 ], [ 136.95577852, 35.749499704 ], [ 136.95577852, 35.749444144 ], [ 136.95572296, 35.749444144 ] ] ] } },
{ "type": "Feature", "properties": { "A31a_101": "8505090104", "A31a_102": "吉田川", "A31a_103": "21", "A31a_104": "岐阜県", "A31a_105": 1 }, "geometry": { "type": "Polygon", "coordinates": [ [ [ 136.95583407, 35.749833035 ], [ 136.95583407, 35.749888595 ], [ 136.95588963, 35.749888595 ], [ 136.95588963, 35.749833035 ], [ 136.95583407, 35.749833035 ] ] ] } },
{ "type": "Feature", "properties": { "A31a_101": "8505090104", "A31a_102": "吉田川", "A31a_103": "21", "A31a_104": "岐阜県", "A31a_105": 1 }, "geometry": { "type": "Polygon", "coordinates": [ [ [ 136.95616741, 35.749444144 ], [ 136.95616741, 35.749499705 ], [ 136.95622296, 35.749499705 ], [ 136.95622296, 35.749444145 ], [ 136.95616741, 35.749444144 ] ] ] } },
{ "type": "Feature", "properties": { "A31a_101": "8505090104", "A31a_102": "吉田川", "A31a_103": "21", "A31a_104": "岐阜県", "A31a_105": 1 }, "geometry": { "type": "Polygon", "coordinates": [ [ [ 136.960056302, 35.750555273 ], [ 136.960056302, 35.750610823 ], [ 136.960111852, 35.750610823 ], [ 136.960111852, 35.750555273 ], [ 136.960056302, 35.750555273 ] ] ] } },
{ "type": "Feature", "properties": { "A31a_101": "8505090104", "A31a_102": "吉田川", "A31a_103": "21", "A31a_104": "岐阜県", "A31a_105": 1 }, "geometry": { "type": "Polygon", "coordinates": [ [ [ 136.960500742, 35.750499713 ], [ 136.960500742, 35.750555273 ], [ 136.960500742, 35.750610823 ], [ 136.960556302, 35.750610824 ], [ 136.960556302, 35.750555274 ], [ 136.960556302, 35.750499714 ], [ 136.960500742, 35.750499713 ] ] ] } },
{ "type": "Feature", "properties": { "A31a_101": "8505090104", "A31a_102": "吉田川", "A31a_103": "21", "A31a_104": "岐阜県", "A31a_105": 1 }, "geometry": { "type": "Polygon", "coordinates": [ [ [ 136.960889632, 35.750499714 ], [ 136.960889632, 35.750555274 ], [ 136.960889632, 35.750610824 ], [ 136.960945182, 35.750610824 ], [ 136.960945182, 35.750555274 ], [ 136.960945182, 35.750499714 ], [ 136.960889632, 35.750499714 ] ] ] } },
{ "type": "Feature", "properties": { "A31a_101": "8505090104", "A31a_102": "吉田川", "A31a_103": "21", "A31a_104": "岐阜県", "A31a_105": 1 }, "geometry": { "type": "Polygon", "coordinates": [ [ [ 136.961222962, 35.750555275 ], [ 136.961222962, 35.750610825 ], [ 136.961278522, 35.750610825 ], [ 136.961278522, 35.750555275 ], [ 136.961222962, 35.750555275 ] ] ] } },
{ "type": "Feature", "properties": { "A31a_101": "8505090104", "A31a_102": "吉田川", "A31a_103": "21", "A31a_104": "岐阜県", "A31a_105": 1 }, "geometry": { "type": "Polygon", "coordinates": [ [ [ 136.952834067, 35.748166367 ], [ 136.952834067, 35.748221917 ], [ 136.952889627, 35.748221917 ], [ 136.952889627, 35.748166367 ], [ 136.952834067, 35.748166367 ] ] ] } },
{ "type": "Feature", "properties": { "A31a_101": "8505090104", "A31a_102": "吉田川", "A31a_103": "21", "A31a_104": "岐阜県", "A31a_105": 1 }, "geometry": { "type": "Polygon", "coordinates": [ [ [ 136.952889627, 35.748221917 ], [ 136.952889628, 35.748277477 ], [ 136.952945178, 35.748277477 ], [ 136.952945177, 35.748221917 ], [ 136.952889627, 35.748221917 ] ] ] } },
{ "type": "Feature", "properties": { "A31a_101": "8505090104", "A31a_102": "吉田川", "A31a_103": "21", "A31a_104": "岐阜県", "A31a_105": 1 }, "geometry": { "type": "Polygon", "coordinates": [ [ [ 136.952222958, 35.748944137 ], [ 136.952222958, 35.748999697 ], [ 136.952278518, 35.748999697 ], [ 136.952334068, 35.748999697 ], [ 136.952334068, 35.748944137 ], [ 136.952278518, 35.748944137 ], [ 136.952222958, 35.748944137 ] ] ] } },
{ "type": "Feature", "properties": { "A31a_101": "8505090104", "A31a_102": "吉田川", "A31a_103": "21", "A31a_104": "岐阜県", "A31a_105": 1 }, "geometry": { "type": "Polygon", "coordinates": [ [ [ 136.952722957, 35.748166367 ], [ 136.952722957, 35.748221917 ], [ 136.952778517, 35.748221917 ], [ 136.952778517, 35.748166367 ], [ 136.952722957, 35.748166367 ] ] ] } },
{ "type": "Feature", "properties": { "A31a_101": "8505090104", "A31a_102": "吉田川", "A31a_103": "21", "A31a_104": "岐阜県", "A31a_105": 1 }, "geometry": { "type": "Polygon", "coordinates": [ [ [ 136.952500738, 35.748999697 ], [ 136.952500738, 35.749055258 ], [ 136.952556298, 35.749055258 ], [ 136.952556298, 35.748999698 ], [ 136.952500738, 35.748999697 ] ] ] } },
{ "type": "Feature", "properties": { "A31a_101": "8505090104", "A31a_102": "吉田川", "A31a_103": "21", "A31a_104": "岐阜県", "A31a_105": 1 }, "geometry": { "type": "Polygon", "coordinates": [ [ [ 136.952611848, 35.748999698 ], [ 136.952611848, 35.749055258 ], [ 136.952667408, 35.749055258 ], [ 136.952722958, 35.749055258 ], [ 136.952778518, 35.749055258 ], [ 136.952778518, 35.748999698 ], [ 136.952722958, 35.748999698 ], [ 136.952667408, 35.748999698 ], [ 136.952611848, 35.748999698 ] ] ] } },
{ "type": "Feature", "properties": { "A31a_101": "8505090104", "A31a_102": "吉田川", "A31a_103": "21", "A31a_104": "岐阜県", "A31a_105": 1 }, "geometry": { "type": "Polygon", "coordinates": [ [ [ 136.952834068, 35.749055258 ], [ 136.952834068, 35.749110808 ], [ 136.952889628, 35.749110808 ], [ 136.952889628, 35.749055258 ], [ 136.952834068, 35.749055258 ] ] ] } },
{ "type": "Feature", "properties": { "A31a_101": "8505090104", "A31a_102": "吉田川", "A31a_103": "21", "A31a_104": "岐阜県", "A31a_105": 1 }, "geometry": { "type": "Polygon", "coordinates": [ [ [ 136.950500737, 35.748277473 ], [ 136.950500737, 35.748333023 ], [ 136.950556297, 35.748333023 ], [ 136.950611847, 35.748333023 ], [ 136.950611847, 35.748277473 ], [ 136.950556297, 35.748277473 ], [ 136.950500737, 35.748277473 ] ] ] } },
{ "type": "Feature", "properties": { "A31a_101": "8505090104", "A31a_102": "吉田川", "A31a_103": "21", "A31a_104": "岐阜県", "A31a_105": 1 }, "geometry": { "type": "Polygon", "coordinates": [ [ [ 136.947667403, 35.746555246 ], [ 136.947667403, 35.746610796 ], [ 136.947722953, 35.746610796 ], [ 136.947722953, 35.746555246 ], [ 136.947667403, 35.746555246 ] ] ] } },
{ "type": "Feature", "properties": { "A31a_101": "8505090104", "A31a_102": "吉田川", "A31a_103": "21", "A31a_104": "岐阜県", "A31a_105": 1 }, "geometry": { "type": "Polygon", "coordinates": [ [ [ 136.947111841, 35.745444124 ], [ 136.947111841, 35.745499684 ], [ 136.947167401, 35.745499684 ], [ 136.947167401, 35.745555244 ], [ 136.947167401, 35.745610794 ], [ 136.947222951, 35.745610794 ], [ 136.947222952, 35.745666354 ], [ 136.947222952, 35.745721904 ], [ 136.947278512, 35.745721904 ], [ 136.947278512, 35.745666354 ], [ 136.947278512, 35.745610794 ], [ 136.947278511, 35.745555244 ], [ 136.947222951, 35.745555244 ], [ 136.947222951, 35.745499684 ], [ 136.947222951, 35.745444124 ], [ 136.947167401, 35.745444124 ], [ 136.947111841, 35.745444124 ] ] ] } },
{ "type": "Feature", "properties": { "A31a_101": "8505090104", "A31a_102": "吉田川", "A31a_103": "21", "A31a_104": "岐阜県", "A31a_105": 1 }, "geometry": { "type": "Polygon", "coordinates": [ [ [ 136.947278512, 35.745721904 ], [ 136.947278512, 35.745777464 ], [ 136.947278512, 35.745833014 ], [ 136.947278512, 35.745888574 ], [ 136.947334062, 35.745888575 ], [ 136.947334062, 35.745944125 ], [ 136.947334062, 35.745999685 ], [ 136.947389622, 35.745999685 ], [ 136.947389622, 35.745944125 ], [ 136.947389622, 35.745888575 ], [ 136.947389622, 35.745833015 ], [ 136.947389622, 35.745777464 ], [ 136.947334062, 35.745777464 ], [ 136.947334062, 35.745721904 ], [ 136.947278512, 35.745721904 ] ] ] } },
{ "type": "Feature", "properties": { "A31a_101": "8505090104", "A31a_102": "吉田川", "A31a_103": "21", "A31a_104": "岐阜県", "A31a_105": 1 }, "geometry": { "type": "Polygon", "coordinates": [ [ [ 136.947000728, 35.74288857 ], [ 136.947000728, 35.74294412 ], [ 136.947056288, 35.74294412 ], [ 136.947056288, 35.74288857 ], [ 136.947000728, 35.74288857 ] ] ] } },
{ "type": "Feature", "properties": { "A31a_101": "8505090104", "A31a_102": "吉田川", "A31a_103": "21", "A31a_104": "岐阜県", "A31a_105": 1 }, "geometry": { "type": "Polygon", "coordinates": [ [ [ 136.946500728, 35.743777461 ], [ 136.946500729, 35.743833011 ], [ 136.946556289, 35.743833011 ], [ 136.946556288, 35.743777461 ], [ 136.946500728, 35.743777461 ] ] ] } },
{ "type": "Feature", "properties": { "A31a_101": "8505090104", "A31a_102": "吉田川", "A31a_103": "21", "A31a_104": "岐阜県", "A31a_105": 1 }, "geometry": { "type": "Polygon", "coordinates": [ [ [ 136.947611839, 35.743388572 ], [ 136.947611839, 35.743444122 ], [ 136.947667399, 35.743444122 ], [ 136.947667399, 35.743388572 ], [ 136.947611839, 35.743388572 ] ] ] } },
{ "type": "Feature", "properties": { "A31a_101": "8505090104", "A31a_102": "吉田川", "A31a_103": "21", "A31a_104": "岐阜県", "A31a_105": 1 }, "geometry": { "type": "Polygon", "coordinates": [ [ [ 136.951611833, 35.735777455 ], [ 136.951611834, 35.735833006 ], [ 136.951667394, 35.735833006 ], [ 136.951667394, 35.735777455 ], [ 136.951611833, 35.735777455 ] ] ] } },
{ "type": "Feature", "properties": { "A31a_101": "8505090104", "A31a_102": "吉田川", "A31a_103": "21", "A31a_104": "岐阜県", "A31a_105": 1 }, "geometry": { "type": "Polygon", "coordinates": [ [ [ 136.951556283, 35.735833005 ], [ 136.951556284, 35.735888566 ], [ 136.951611834, 35.735888566 ], [ 136.951611834, 35.735833006 ], [ 136.951556283, 35.735833005 ] ] ] } },
{ "type": "Feature", "properties": { "A31a_101": "8505090104", "A31a_102": "吉田川", "A31a_103": "21", "A31a_104": "岐阜県", "A31a_105": 1 }, "geometry": { "type": "Polygon", "coordinates": [ [ [ 136.951500723, 35.735888565 ], [ 136.951500724, 35.735944116 ], [ 136.951500724, 35.735999676 ], [ 136.951556284, 35.735999676 ], [ 136.951611834, 35.735999676 ], [ 136.951667394, 35.735999676 ], [ 136.951667394, 35.735944116 ], [ 136.951667394, 35.735888566 ], [ 136.951611834, 35.735888566 ], [ 136.951611834, 35.735944116 ], [ 136.951556284, 35.735944116 ], [ 136.951556284, 35.735888566 ], [ 136.951500723, 35.735888565 ] ] ] } },
{ "type": "Feature", "properties": { "A31a_101": "8505090104", "A31a_102": "吉田川", "A31a_103": "21", "A31a_104": "岐阜県", "A31a_105": 1 }, "geometry": { "type": "Polygon", "coordinates": [ [ [ 136.951889614, 35.735555235 ], [ 136.951889614, 35.735610785 ], [ 136.951834054, 35.735610785 ], [ 136.951834054, 35.735666345 ], [ 136.951778504, 35.735666345 ], [ 136.951778504, 35.735721896 ], [ 136.951722944, 35.735721895 ], [ 136.951667393, 35.735721895 ], [ 136.951667394, 35.735777455 ], [ 136.951722944, 35.735777456 ], [ 136.951778504, 35.735777456 ], [ 136.951834054, 35.735777456 ], [ 136.951889614, 35.735777456 ], [ 136.951889614, 35.735721896 ], [ 136.951889614, 35.735666346 ], [ 136.951945164, 35.735666346 ], [ 136.951945164, 35.735610786 ], [ 136.951945164, 35.735555235 ], [ 136.951889614, 35.735555235 ] ] ] } },
{ "type": "Feature", "properties": { "A31a_101": "8505090104", "A31a_102": "吉田川", "A31a_103": "21", "A31a_104": "岐阜県", "A31a_105": 1 }, "geometry": { "type": "Polygon", "coordinates": [ [ [ 136.951334053, 35.735833005 ], [ 136.951334053, 35.735888565 ], [ 136.951389613, 35.735888565 ], [ 136.951389613, 35.735833005 ], [ 136.951334053, 35.735833005 ] ] ] } },
{ "type": "Feature", "properties": { "A31a_101": "8505090104", "A31a_102": "吉田川", "A31a_103": "21", "A31a_104": "岐阜県", "A31a_105": 1 }, "geometry": { "type": "Polygon", "coordinates": [ [ [ 136.951889613, 35.735444115 ], [ 136.951889613, 35.735499675 ], [ 136.951945164, 35.735499675 ], [ 136.951945163, 35.735444115 ], [ 136.951889613, 35.735444115 ] ] ] } },
{ "type": "Feature", "properties": { "A31a_101": "8505090104", "A31a_102": "吉田川", "A31a_103": "21", "A31a_104": "岐阜県", "A31a_105": 1 }, "geometry": { "type": "Polygon", "coordinates": [ [ [ 136.952056297, 35.747999695 ], [ 136.952056297, 35.748055255 ], [ 136.952111847, 35.748055255 ], [ 136.952111847, 35.747999695 ], [ 136.952056297, 35.747999695 ] ] ] } },
{ "type": "Feature", "properties": { "A31a_101": "8505090104", "A31a_102": "吉田川", "A31a_103": "21", "A31a_104": "岐阜県", "A31a_105": 1 }, "geometry": { "type": "Polygon", "coordinates": [ [ [ 136.952334067, 35.747999696 ], [ 136.952334067, 35.748055256 ], [ 136.952389627, 35.748055256 ], [ 136.952389627, 35.747999696 ], [ 136.952334067, 35.747999696 ] ] ] } },
{ "type": "Feature", "properties": { "A31a_101": "8505090104", "A31a_102": "吉田川", "A31a_103": "21", "A31a_104": "岐阜県", "A31a_105": 1 }, "geometry": { "type": "Polygon", "coordinates": [ [ [ 136.952445177, 35.747999696 ], [ 136.952445177, 35.748055256 ], [ 136.952500737, 35.748055256 ], [ 136.952500737, 35.747999696 ], [ 136.952445177, 35.747999696 ] ] ] } },
{ "type": "Feature", "properties": { "A31a_101": "8505090104", "A31a_102": "吉田川", "A31a_103": "21", "A31a_104": "岐阜県", "A31a_105": 1 }, "geometry": { "type": "Polygon", "coordinates": [ [ [ 136.952556297, 35.747999696 ], [ 136.952556297, 35.748055256 ], [ 136.952611847, 35.748055256 ], [ 136.952667407, 35.748055256 ], [ 136.952667407, 35.747999696 ], [ 136.952611847, 35.747999696 ], [ 136.952556297, 35.747999696 ] ] ] } },
{ "type": "Feature", "properties": { "A31a_101": "8505090104", "A31a_102": "吉田川", "A31a_103": "21", "A31a_104": "岐阜県", "A31a_105": 1 }, "geometry": { "type": "Polygon", "coordinates": [ [ [ 136.951056283, 35.736166345 ], [ 136.951056283, 35.736221896 ], [ 136.951000723, 35.736221895 ], [ 136.951000723, 35.736277456 ], [ 136.950945163, 35.736277455 ], [ 136.950945163, 35.736333006 ], [ 136.950889613, 35.736333006 ], [ 136.950889613, 35.736388566 ], [ 136.950834053, 35.736388566 ], [ 136.950834053, 35.736444116 ], [ 136.950889613, 35.736444116 ], [ 136.950945163, 35.736444116 ], [ 136.951000724, 35.736444116 ], [ 136.951000723, 35.736388566 ], [ 136.951056284, 35.736388566 ], [ 136.951056283, 35.736333006 ], [ 136.951111834, 35.736333006 ], [ 136.951111833, 35.736277456 ], [ 136.951111833, 35.736221896 ], [ 136.951111833, 35.736166345 ], [ 136.951056283, 35.736166345 ] ] ] } },
{ "type": "Feature", "properties": { "A31a_101": "8505090104", "A31a_102": "吉田川", "A31a_103": "21", "A31a_104": "岐阜県", "A31a_105": 1 }, "geometry": { "type": "Polygon", "coordinates": [ [ [ 136.949500723, 35.737110785 ], [ 136.949500723, 35.737166345 ], [ 136.949556283, 35.737166345 ], [ 136.949611833, 35.737166345 ], [ 136.949611833, 35.737110785 ], [ 136.949556283, 35.737110785 ], [ 136.949500723, 35.737110785 ] ] ] } },
{ "type": "Feature", "properties": { "A31a_101": "8505090104", "A31a_102": "吉田川", "A31a_103": "21", "A31a_104": "岐阜県", "A31a_105": 1 }, "geometry": { "type": "Polygon", "coordinates": [ [ [ 136.949611833, 35.737055235 ], [ 136.949611833, 35.737110785 ], [ 136.949667393, 35.737110785 ], [ 136.949667393, 35.737055235 ], [ 136.949611833, 35.737055235 ] ] ] } },
{ "type": "Feature", "properties": { "A31a_101": "8505090104", "A31a_102": "吉田川", "A31a_103": "21", "A31a_104": "岐阜県", "A31a_105": 1 }, "geometry": { "type": "Polygon", "coordinates": [ [ [ 136.950111833, 35.736721895 ], [ 136.950111833, 35.736777455 ], [ 136.950167393, 35.736777455 ], [ 136.950167393, 35.736721895 ], [ 136.950111833, 35.736721895 ] ] ] } },
{ "type": "Feature", "properties": { "A31a_101": "8505090104", "A31a_102": "吉田川", "A31a_103": "21", "A31a_104": "岐阜県", "A31a_105": 1 }, "geometry": { "type": "Polygon", "coordinates": [ [ [ 136.950500723, 35.736610786 ], [ 136.950500723, 35.736666346 ], [ 136.950445163, 35.736666346 ], [ 136.950389613, 35.736666345 ], [ 136.950389613, 35.736721896 ], [ 136.950445163, 35.736721896 ], [ 136.950445163, 35.736777456 ], [ 136.950389613, 35.736777456 ], [ 136.950389613, 35.736721896 ], [ 136.950334053, 35.736721895 ], [ 136.950334053, 35.736777456 ], [ 136.950278503, 35.736777456 ], [ 136.950222943, 35.736777455 ], [ 136.950222943, 35.736833006 ], [ 136.950167393, 35.736833005 ], [ 136.950167393, 35.736888566 ], [ 136.950222943, 35.736888566 ], [ 136.950278503, 35.736888566 ], [ 136.950334053, 35.736888566 ], [ 136.950334053, 35.736833006 ], [ 136.950389613, 35.736833006 ], [ 136.950445163, 35.736833006 ], [ 136.950500723, 35.736833006 ], [ 136.950500723, 35.736777456 ], [ 136.950556283, 35.736777456 ], [ 136.950556283, 35.736721896 ], [ 136.950556283, 35.736666346 ], [ 136.950556283, 35.736610786 ], [ 136.950500723, 35.736610786 ] ] ] } },
{ "type": "Feature", "properties": { "A31a_101": "8505090104", "A31a_102": "吉田川", "A31a_103": "21", "A31a_104": "岐阜県", "A31a_105": 1 }, "geometry": { "type": "Polygon", "coordinates": [ [ [ 136.950500723, 35.736833006 ], [ 136.950500723, 35.736888566 ], [ 136.950556284, 35.736888566 ], [ 136.950556283, 35.736833006 ], [ 136.950500723, 35.736833006 ] ] ] } },
{ "type": "Feature", "properties": { "A31a_101": "8505090104", "A31a_102": "吉田川", "A31a_103": "21", "A31a_104": "岐阜県", "A31a_105": 1 }, "geometry": { "type": "Polygon", "coordinates": [ [ [ 136.950667393, 35.736444115 ], [ 136.950667393, 35.736499676 ], [ 136.950611833, 35.736499675 ], [ 136.950611833, 35.736555236 ], [ 136.950611833, 35.736610786 ], [ 136.950611833, 35.736666346 ], [ 136.950667393, 35.736666346 ], [ 136.950667393, 35.736610786 ], [ 136.950722943, 35.736610786 ], [ 136.950778503, 35.736610786 ], [ 136.950778503, 35.736555236 ], [ 136.950834053, 35.736555236 ], [ 136.950834053, 35.736499676 ], [ 136.950834053, 35.736444116 ], [ 136.950778503, 35.736444116 ], [ 136.950722943, 35.736444115 ], [ 136.950667393, 35.736444115 ] ] ] } },
{ "type": "Feature", "properties": { "A31a_101": "8505090104", "A31a_102": "吉田川", "A31a_103": "21", "A31a_104": "岐阜県", "A31a_105": 1 }, "geometry": { "type": "Polygon", "coordinates": [ [ [ 136.951056284, 35.736388566 ], [ 136.951056284, 35.736444116 ], [ 136.951111834, 35.736444116 ], [ 136.951111834, 35.736388566 ], [ 136.951056284, 35.736388566 ] ] ] } },
{ "type": "Feature", "properties": { "A31a_101": "8505090104", "A31a_102": "吉田川", "A31a_103": "21", "A31a_104": "岐阜県", "A31a_105": 1 }, "geometry": { "type": "Polygon", "coordinates": [ [ [ 136.950722943, 35.736277455 ], [ 136.950722943, 35.736333005 ], [ 136.950778503, 35.736333005 ], [ 136.950778503, 35.736277455 ], [ 136.950722943, 35.736277455 ] ] ] } },
{ "type": "Feature", "properties": { "A31a_101": "8505090104", "A31a_102": "吉田川", "A31a_103": "21", "A31a_104": "岐阜県", "A31a_105": 1 }, "geometry": { "type": "Polygon", "coordinates": [ [ [ 136.950500723, 35.736444115 ], [ 136.950500723, 35.736499675 ], [ 136.950556283, 35.736499675 ], [ 136.950556283, 35.736444115 ], [ 136.950500723, 35.736444115 ] ] ] } },
{ "type": "Feature", "properties": { "A31a_101": "8505090104", "A31a_102": "吉田川", "A31a_103": "21", "A31a_104": "岐阜県", "A31a_105": 1 }, "geometry": { "type": "Polygon", "coordinates": [ [ [ 136.947111834, 35.739999676 ], [ 136.947111834, 35.740055236 ], [ 136.947167394, 35.740055236 ], [ 136.947167394, 35.739999676 ], [ 136.947111834, 35.739999676 ] ] ] } },
{ "type": "Feature", "properties": { "A31a_101": "8505090104", "A31a_102": "吉田川", "A31a_103": "21", "A31a_104": "岐阜県", "A31a_105": 1 }, "geometry": { "type": "Polygon", "coordinates": [ [ [ 136.947222944, 35.740166347 ], [ 136.947222944, 35.740221897 ], [ 136.947278504, 35.740221897 ], [ 136.947278504, 35.740166347 ], [ 136.947222944, 35.740166347 ] ] ] } },
{ "type": "Feature", "properties": { "A31a_101": "8505090104", "A31a_102": "吉田川", "A31a_103": "21", "A31a_104": "岐阜県", "A31a_105": 1 }, "geometry": { "type": "Polygon", "coordinates": [ [ [ 136.947000724, 35.740221896 ], [ 136.947000724, 35.740277456 ], [ 136.947056284, 35.740277457 ], [ 136.947056284, 35.740221896 ], [ 136.947000724, 35.740221896 ] ] ] } },
{ "type": "Feature", "properties": { "A31a_101": "8505090104", "A31a_102": "吉田川", "A31a_103": "21", "A31a_104": "岐阜県", "A31a_105": 1 }, "geometry": { "type": "Polygon", "coordinates": [ [ [ 136.947389615, 35.740555237 ], [ 136.947389615, 35.740610788 ], [ 136.947389615, 35.740666348 ], [ 136.947389615, 35.740721898 ], [ 136.947389615, 35.740777458 ], [ 136.947445165, 35.740777458 ], [ 136.947445165, 35.740721898 ], [ 136.947445165, 35.740666348 ], [ 136.947445165, 35.740610788 ], [ 136.947445165, 35.740555238 ], [ 136.947389615, 35.740555237 ] ] ] } },
{ "type": "Feature", "properties": { "A31a_101": "8505090104", "A31a_102": "吉田川", "A31a_103": "21", "A31a_104": "岐阜県", "A31a_105": 1 }, "geometry": { "type": "Polygon", "coordinates": [ [ [ 136.947500725, 35.740444117 ], [ 136.947500725, 35.740499678 ], [ 136.947556285, 35.740499678 ], [ 136.947556285, 35.740444118 ], [ 136.947500725, 35.740444117 ] ] ] } },
{ "type": "Feature", "properties": { "A31a_101": "8505090104", "A31a_102": "吉田川", "A31a_103": "21", "A31a_104": "岐阜県", "A31a_105": 1 }, "geometry": { "type": "Polygon", "coordinates": [ [ [ 136.947334055, 35.740777458 ], [ 136.947334055, 35.740833008 ], [ 136.947389615, 35.740833008 ], [ 136.947389615, 35.740777458 ], [ 136.947334055, 35.740777458 ] ] ] } },
{ "type": "Feature", "properties": { "A31a_101": "8505090104", "A31a_102": "吉田川", "A31a_103": "21", "A31a_104": "岐阜県", "A31a_105": 1 }, "geometry": { "type": "Polygon", "coordinates": [ [ [ 136.947167394, 35.739888566 ], [ 136.947167394, 35.739944116 ], [ 136.947222944, 35.739944116 ], [ 136.947222944, 35.739888566 ], [ 136.947167394, 35.739888566 ] ] ] } },
{ "type": "Feature", "properties": { "A31a_101": "8505090104", "A31a_102": "吉田川", "A31a_103": "21", "A31a_104": "岐阜県", "A31a_105": 1 }, "geometry": { "type": "Polygon", "coordinates": [ [ [ 136.947334054, 35.739833006 ], [ 136.947334054, 35.739888566 ], [ 136.947389614, 35.739888566 ], [ 136.947389614, 35.739833006 ], [ 136.947334054, 35.739833006 ] ] ] } },
{ "type": "Feature", "properties": { "A31a_101": "8505090104", "A31a_102": "吉田川", "A31a_103": "21", "A31a_104": "岐阜県", "A31a_105": 1 }, "geometry": { "type": "Polygon", "coordinates": [ [ [ 136.948389613, 35.737888565 ], [ 136.948389613, 35.737944115 ], [ 136.948334053, 35.737944115 ], [ 136.948334053, 35.737999675 ], [ 136.948389613, 35.737999675 ], [ 136.948445163, 35.737999675 ], [ 136.948445163, 35.737944115 ], [ 136.948445163, 35.737888565 ], [ 136.948389613, 35.737888565 ] ] ] } },
{ "type": "Feature", "properties": { "A31a_101": "8505090104", "A31a_102": "吉田川", "A31a_103": "21", "A31a_104": "岐阜県", "A31a_105": 1 }, "geometry": { "type": "Polygon", "coordinates": [ [ [ 136.948500723, 35.737833005 ], [ 136.948500723, 35.737888565 ], [ 136.948556283, 35.737888565 ], [ 136.948556283, 35.737833005 ], [ 136.948500723, 35.737833005 ] ] ] } },
{ "type": "Feature", "properties": { "A31a_101": "8505090104", "A31a_102": "吉田川", "A31a_103": "21", "A31a_104": "岐阜県", "A31a_105": 1 }, "geometry": { "type": "Polygon", "coordinates": [ [ [ 136.949778514, 35.74672191 ], [ 136.949778514, 35.74677747 ], [ 136.949834065, 35.74677747 ], [ 136.949834064, 35.74672191 ], [ 136.949778514, 35.74672191 ] ] ] } },
{ "type": "Feature", "properties": { "A31a_101": "8505090104", "A31a_102": "吉田川", "A31a_103": "21", "A31a_104": "岐阜県", "A31a_105": 1 }, "geometry": { "type": "Polygon", "coordinates": [ [ [ 136.949222954, 35.746888579 ], [ 136.949222954, 35.746944129 ], [ 136.949222954, 35.746999689 ], [ 136.949222955, 35.747055249 ], [ 136.949278515, 35.747055249 ], [ 136.949334065, 35.747055249 ], [ 136.949334065, 35.747110799 ], [ 136.949278515, 35.747110799 ], [ 136.949222955, 35.747110799 ], [ 136.949167405, 35.747110799 ], [ 136.949167405, 35.747166359 ], [ 136.949167405, 35.747221909 ], [ 136.949167405, 35.747277469 ], [ 136.949167405, 35.747333019 ], [ 136.949111845, 35.747333019 ], [ 136.949056295, 35.747333019 ], [ 136.949000735, 35.747333019 ], [ 136.949000735, 35.747388579 ], [ 136.948945175, 35.747388579 ], [ 136.948945175, 35.747444129 ], [ 136.948889625, 35.747444129 ], [ 136.948889625, 35.747499689 ], [ 136.948945175, 35.747499689 ], [ 136.949000735, 35.747499689 ], [ 136.949000735, 35.747444129 ], [ 136.949056295, 35.747444129 ], [ 136.949111845, 35.74744413 ], [ 136.949167405, 35.74744413 ], [ 136.949222955, 35.74744413 ], [ 136.949222955, 35.74749969 ], [ 136.949222955, 35.74755525 ], [ 136.949278515, 35.74755525 ], [ 136.949334065, 35.74755525 ], [ 136.949389625, 35.74755525 ], [ 136.949389625, 35.7476108 ], [ 136.949445175, 35.7476108 ], [ 136.949500735, 35.7476108 ], [ 136.949556295, 35.7476108 ], [ 136.949556295, 35.74755525 ], [ 136.949556295, 35.74749969 ], [ 136.949611845, 35.74749969 ], [ 136.949611845, 35.74744413 ], [ 136.949611845, 35.74738858 ], [ 136.949667405, 35.74738858 ], [ 136.949667405, 35.74733302 ], [ 136.949722955, 35.74733302 ], [ 136.949722955, 35.74727747 ], [ 136.949667405, 35.74727747 ], [ 136.949611845, 35.74727747 ], [ 136.949611845, 35.74722191 ], [ 136.949556295, 35.74722191 ], [ 136.949556295, 35.74716636 ], [ 136.949500735, 35.74716636 ], [ 136.949500735, 35.7471108 ], [ 136.949556295, 35.7471108 ], [ 136.949611845, 35.7471108 ], [ 136.949667405, 35.7471108 ], [ 136.949722955, 35.7471108 ], [ 136.949778515, 35.7471108 ], [ 136.949778515, 35.74705525 ], [ 136.949722955, 35.74705525 ], [ 136.949722955, 35.74699969 ], [ 136.949667405, 35.74699969 ], [ 136.949667405, 35.74705525 ], [ 136.949611845, 35.74705525 ], [ 136.949556295, 35.74705525 ], [ 136.949556295, 35.74699969 ], [ 136.949500735, 35.74699969 ], [ 136.949445175, 35.74699969 ], [ 136.949389625, 35.746999689 ], [ 136.949389624, 35.746944129 ], [ 136.949334064, 35.746944129 ], [ 136.949334064, 35.746888579 ], [ 136.949278514, 35.746888579 ], [ 136.949222954, 35.746888579 ] ] ] } },
{ "type": "Feature", "properties": { "A31a_101": "8505090104", "A31a_102": "吉田川", "A31a_103": "21", "A31a_104": "岐阜県", "A31a_105": 1 }, "geometry": { "type": "Polygon", "coordinates": [ [ [ 136.950722955, 35.746666361 ], [ 136.950722955, 35.746721911 ], [ 136.950778515, 35.746721911 ], [ 136.950778515, 35.746666361 ], [ 136.950722955, 35.746666361 ] ] ] } },
{ "type": "Feature", "properties": { "A31a_101": "8505090104", "A31a_102": "吉田川", "A31a_103": "21", "A31a_104": "岐阜県", "A31a_105": 1 }, "geometry": { "type": "Polygon", "coordinates": [ [ [ 136.950778515, 35.746833021 ], [ 136.950778515, 35.746888582 ], [ 136.950834065, 35.746888582 ], [ 136.950834065, 35.746833022 ], [ 136.950778515, 35.746833021 ] ] ] } },
{ "type": "Feature", "properties": { "A31a_101": "8505090104", "A31a_102": "吉田川", "A31a_103": "21", "A31a_104": "岐阜県", "A31a_105": 1 }, "geometry": { "type": "Polygon", "coordinates": [ [ [ 136.950500735, 35.747277472 ], [ 136.950500736, 35.747333022 ], [ 136.950500736, 35.747388582 ], [ 136.950500736, 35.747444132 ], [ 136.950556296, 35.747444132 ], [ 136.950556296, 35.747388582 ], [ 136.950556296, 35.747333022 ], [ 136.950556295, 35.747277472 ], [ 136.950500735, 35.747277472 ] ] ] } },
{ "type": "Feature", "properties": { "A31a_101": "8505090104", "A31a_102": "吉田川", "A31a_103": "21", "A31a_104": "岐阜県", "A31a_105": 1 }, "geometry": { "type": "Polygon", "coordinates": [ [ [ 136.950722956, 35.747444132 ], [ 136.950722956, 35.747499692 ], [ 136.950778516, 35.747499692 ], [ 136.950778516, 35.747444132 ], [ 136.950722956, 35.747444132 ] ] ] } },
{ "type": "Feature", "properties": { "A31a_101": "8505090104", "A31a_102": "吉田川", "A31a_103": "21", "A31a_104": "岐阜県", "A31a_105": 1 }, "geometry": { "type": "Polygon", "coordinates": [ [ [ 136.949945165, 35.738499678 ], [ 136.949945165, 35.738555238 ], [ 136.950000725, 35.738555238 ], [ 136.950000725, 35.738499678 ], [ 136.949945165, 35.738499678 ] ] ] } },
{ "type": "Feature", "properties": { "A31a_101": "8505090104", "A31a_102": "吉田川", "A31a_103": "21", "A31a_104": "岐阜県", "A31a_105": 1 }, "geometry": { "type": "Polygon", "coordinates": [ [ [ 136.950111835, 35.738444118 ], [ 136.950111835, 35.738499678 ], [ 136.950056285, 35.738499678 ], [ 136.950056285, 35.738555238 ], [ 136.950056285, 35.738610788 ], [ 136.950111835, 35.738610788 ], [ 136.950111835, 35.738666348 ], [ 136.950167395, 35.738666349 ], [ 136.950167395, 35.738610788 ], [ 136.950222945, 35.738610789 ], [ 136.950222945, 35.738555238 ], [ 136.950222945, 35.738499678 ], [ 136.950222945, 35.738444118 ], [ 136.950167395, 35.738444118 ], [ 136.950111835, 35.738444118 ] ] ] } },
{ "type": "Feature", "properties": { "A31a_101": "8505090104", "A31a_102": "吉田川", "A31a_103": "21", "A31a_104": "岐阜県", "A31a_105": 1 }, "geometry": { "type": "Polygon", "coordinates": [ [ [ 136.950222945, 35.738610789 ], [ 136.950222945, 35.738666349 ], [ 136.950278505, 35.738666349 ], [ 136.950278505, 35.738610789 ], [ 136.950222945, 35.738610789 ] ] ] } },
{ "type": "Feature", "properties": { "A31a_101": "8505090104", "A31a_102": "吉田川", "A31a_103": "21", "A31a_104": "岐阜県", "A31a_105": 1 }, "geometry": { "type": "Polygon", "coordinates": [ [ [ 136.948167394, 35.739110786 ], [ 136.948167394, 35.739166346 ], [ 136.948222944, 35.739166347 ], [ 136.948222944, 35.739110786 ], [ 136.948167394, 35.739110786 ] ] ] } },
{ "type": "Feature", "properties": { "A31a_101": "8505090104", "A31a_102": "吉田川", "A31a_103": "21", "A31a_104": "岐阜県", "A31a_105": 1 }, "geometry": { "type": "Polygon", "coordinates": [ [ [ 136.947778504, 35.739610787 ], [ 136.947778504, 35.739666347 ], [ 136.947778504, 35.739721897 ], [ 136.947834054, 35.739721897 ], [ 136.947889614, 35.739721897 ], [ 136.947889614, 35.739666347 ], [ 136.947834054, 35.739666347 ], [ 136.947834054, 35.739610787 ], [ 136.947778504, 35.739610787 ] ] ] } },
{ "type": "Feature", "properties": { "A31a_101": "8505090104", "A31a_102": "吉田川", "A31a_103": "21", "A31a_104": "岐阜県", "A31a_105": 1 }, "geometry": { "type": "Polygon", "coordinates": [ [ [ 136.947834054, 35.739555237 ], [ 136.947834054, 35.739610787 ], [ 136.947889614, 35.739610787 ], [ 136.947945164, 35.739610787 ], [ 136.947945164, 35.739555237 ], [ 136.947889614, 35.739555237 ], [ 136.947834054, 35.739555237 ] ] ] } },
{ "type": "Feature", "properties": { "A31a_101": "8505090104", "A31a_102": "吉田川", "A31a_103": "21", "A31a_104": "岐阜県", "A31a_105": 1 }, "geometry": { "type": "Polygon", "coordinates": [ [ [ 136.948056284, 35.739277456 ], [ 136.948056284, 35.739333007 ], [ 136.948111834, 35.739333007 ], [ 136.948111834, 35.739277457 ], [ 136.948056284, 35.739277456 ] ] ] } },
{ "type": "Feature", "properties": { "A31a_101": "8505090104", "A31a_102": "吉田川", "A31a_103": "21", "A31a_104": "岐阜県", "A31a_105": 1 }, "geometry": { "type": "Polygon", "coordinates": [ [ [ 136.948056284, 35.739444117 ], [ 136.948056284, 35.739499677 ], [ 136.948111834, 35.739499677 ], [ 136.948111834, 35.739444117 ], [ 136.948056284, 35.739444117 ] ] ] } },
{ "type": "Feature", "properties": { "A31a_101": "8505090104", "A31a_102": "吉田川", "A31a_103": "21", "A31a_104": "岐阜県", "A31a_105": 1 }, "geometry": { "type": "Polygon", "coordinates": [ [ [ 136.948000724, 35.739777457 ], [ 136.948000724, 35.739833007 ], [ 136.948056284, 35.739833007 ], [ 136.948056284, 35.739777457 ], [ 136.948000724, 35.739777457 ] ] ] } },
{ "type": "Feature", "properties": { "A31a_101": "8505090104", "A31a_102": "吉田川", "A31a_103": "21", "A31a_104": "岐阜県", "A31a_105": 1 }, "geometry": { "type": "Polygon", "coordinates": [ [ [ 136.948278504, 35.739055236 ], [ 136.948278504, 35.739110787 ], [ 136.948334054, 35.739110787 ], [ 136.948334054, 35.739055237 ], [ 136.948278504, 35.739055236 ] ] ] } },
{ "type": "Feature", "properties": { "A31a_101": "8505090104", "A31a_102": "吉田川", "A31a_103": "21", "A31a_104": "岐阜県", "A31a_105": 1 }, "geometry": { "type": "Polygon", "coordinates": [ [ [ 136.948278504, 35.739388567 ], [ 136.948278504, 35.739444117 ], [ 136.948334054, 35.739444117 ], [ 136.948334054, 35.739388567 ], [ 136.948278504, 35.739388567 ] ] ] } },
{ "type": "Feature", "properties": { "A31a_101": "8505090104", "A31a_102": "吉田川", "A31a_103": "21", "A31a_104": "岐阜県", "A31a_105": 1 }, "geometry": { "type": "Polygon", "coordinates": [ [ [ 136.948834055, 35.739444118 ], [ 136.948834055, 35.739499678 ], [ 136.948889615, 35.739499678 ], [ 136.948889615, 35.739444118 ], [ 136.948834055, 35.739444118 ] ] ] } },
{ "type": "Feature", "properties": { "A31a_101": "8505090104", "A31a_102": "吉田川", "A31a_103": "21", "A31a_104": "岐阜県", "A31a_105": 1 }, "geometry": { "type": "Polygon", "coordinates": [ [ [ 136.948778505, 35.739777458 ], [ 136.948778505, 35.739833008 ], [ 136.948722945, 35.739833008 ], [ 136.948722945, 35.739888568 ], [ 136.948722945, 35.739944119 ], [ 136.948778505, 35.739944119 ], [ 136.948778505, 35.739999679 ], [ 136.948722945, 35.739999679 ], [ 136.948722945, 35.740055239 ], [ 136.948722945, 35.740110789 ], [ 136.948667395, 35.740110789 ], [ 136.948667395, 35.740166349 ], [ 136.948667395, 35.740221899 ], [ 136.948722945, 35.740221899 ], [ 136.948778505, 35.740221899 ], [ 136.948834055, 35.740221899 ], [ 136.948889616, 35.740221899 ], [ 136.948889615, 35.740166349 ], [ 136.948889615, 35.740110789 ], [ 136.948889615, 35.740055239 ], [ 136.948889615, 35.739999679 ], [ 136.948889615, 35.739944119 ], [ 136.948889615, 35.739888569 ], [ 136.948889615, 35.739833009 ], [ 136.948889615, 35.739777459 ], [ 136.948834055, 35.739777458 ], [ 136.948778505, 35.739777458 ] ] ] } },
{ "type": "Feature", "properties": { "A31a_101": "8505090104", "A31a_102": "吉田川", "A31a_103": "21", "A31a_104": "岐阜県", "A31a_105": 1 }, "geometry": { "type": "Polygon", "coordinates": [ [ [ 136.946667395, 35.740999677 ], [ 136.946667395, 35.741055237 ], [ 136.946667395, 35.741110787 ], [ 136.946722945, 35.741110787 ], [ 136.946722945, 35.741055237 ], [ 136.946722945, 35.740999677 ], [ 136.946667395, 35.740999677 ] ] ] } },
{ "type": "Feature", "properties": { "A31a_101": "8505090104", "A31a_102": "吉田川", "A31a_103": "21", "A31a_104": "岐阜県", "A31a_105": 1 }, "geometry": { "type": "Polygon", "coordinates": [ [ [ 136.947056285, 35.741166348 ], [ 136.947056285, 35.741221898 ], [ 136.947111835, 35.741221898 ], [ 136.947111835, 35.741166348 ], [ 136.947056285, 35.741166348 ] ] ] } },
{ "type": "Feature", "properties": { "A31a_101": "8505090104", "A31a_102": "吉田川", "A31a_103": "21", "A31a_104": "岐阜県", "A31a_105": 1 }, "geometry": { "type": "Polygon", "coordinates": [ [ [ 136.946611835, 35.741110787 ], [ 136.946611835, 35.741166347 ], [ 136.946611835, 35.741221897 ], [ 136.946556285, 35.741221897 ], [ 136.946556285, 35.741277457 ], [ 136.946556285, 35.741333007 ], [ 136.946556285, 35.741388568 ], [ 136.946500725, 35.741388567 ], [ 136.946500725, 35.741444118 ], [ 136.946500725, 35.741499678 ], [ 136.946500725, 35.741555238 ], [ 136.946500725, 35.741610788 ], [ 136.946445165, 35.741610788 ], [ 136.946445165, 35.741666348 ], [ 136.946445165, 35.741721898 ], [ 136.946445166, 35.741777458 ], [ 136.946445166, 35.741833008 ], [ 136.946445166, 35.741888568 ], [ 136.946445166, 35.741944118 ], [ 136.946445166, 35.741999678 ], [ 136.946445166, 35.742055238 ], [ 136.946445166, 35.742110788 ], [ 136.946445166, 35.742166348 ], [ 136.946445166, 35.742221898 ], [ 136.946445166, 35.742277459 ], [ 136.946445166, 35.742333009 ], [ 136.946445166, 35.742388569 ], [ 136.946445167, 35.742444119 ], [ 136.946445167, 35.742499679 ], [ 136.946445167, 35.742555239 ], [ 136.946500727, 35.742555239 ], [ 136.946556287, 35.742555239 ], [ 136.946556287, 35.742499679 ], [ 136.946611837, 35.742499679 ], [ 136.946611837, 35.742444119 ], [ 136.946667397, 35.742444119 ], [ 136.946667397, 35.742499679 ], [ 136.946722947, 35.742499679 ], [ 136.946722947, 35.742555239 ], [ 136.946778507, 35.742555239 ], [ 136.946834057, 35.74255524 ], [ 136.946889617, 35.74255524 ], [ 136.946889617, 35.74249968 ], [ 136.946889617, 35.742444119 ], [ 136.946889617, 35.742388569 ], [ 136.946889617, 35.742333009 ], [ 136.946889617, 35.742277459 ], [ 136.946889616, 35.742221899 ], [ 136.946945167, 35.742221899 ], [ 136.946945166, 35.742166349 ], [ 136.946945166, 35.742110789 ], [ 136.946945166, 35.742055239 ], [ 136.946945166, 35.741999679 ], [ 136.947000726, 35.741999679 ], [ 136.947000726, 35.741944119 ], [ 136.947000726, 35.741888569 ], [ 136.947000726, 35.741833009 ], [ 136.947000726, 35.741777459 ], [ 136.947000726, 35.741721899 ], [ 136.947000726, 35.741666349 ], [ 136.946945166, 35.741666349 ], [ 136.946945166, 35.741610788 ], [ 136.947000726, 35.741610789 ], [ 136.947000726, 35.741555238 ], [ 136.946945166, 35.741555238 ], [ 136.946889616, 35.741555238 ], [ 136.946889616, 35.741610788 ], [ 136.946889616, 35.741666348 ], [ 136.946834056, 35.741666348 ], [ 136.946778506, 35.741666348 ], [ 136.946722946, 35.741666348 ], [ 136.946722946, 35.741610788 ], [ 136.946667395, 35.741610788 ], [ 136.946667395, 35.741555238 ], [ 136.946667395, 35.741499678 ], [ 136.946667395, 35.741444118 ], [ 136.946611835, 35.741444118 ], [ 136.946611835, 35.741388568 ], [ 136.946611835, 35.741333008 ], [ 136.946611835, 35.741277457 ], [ 136.946667395, 35.741277458 ], [ 136.946667395, 35.741221897 ], [ 136.946667395, 35.741166347 ], [ 136.946667395, 35.741110787 ], [ 136.946611835, 35.741110787 ] ], [ [ 136.946556285, 35.741499678 ], [ 136.946611835, 35.741499678 ], [ 136.946611835, 35.741555238 ], [ 136.946611835, 35.741610788 ], [ 136.946611836, 35.741666348 ], [ 136.946611836, 35.741721898 ], [ 136.946556286, 35.741721898 ], [ 136.946556285, 35.741666348 ], [ 136.946556285, 35.741610788 ], [ 136.946556285, 35.741555238 ], [ 136.946556285, 35.741499678 ] ] ] } },
{ "type": "Feature", "properties": { "A31a_101": "8505090104", "A31a_102": "吉田川", "A31a_103": "21", "A31a_104": "岐阜県", "A31a_105": 1 }, "geometry": { "type": "Polygon", "coordinates": [ [ [ 136.947000726, 35.741444118 ], [ 136.947000726, 35.741499678 ], [ 136.947000726, 35.741555238 ], [ 136.947056286, 35.741555239 ], [ 136.947056286, 35.741499678 ], [ 136.947056286, 35.741444118 ], [ 136.947000726, 35.741444118 ] ] ] } },
{ "type": "Feature", "properties": { "A31a_101": "8505090104", "A31a_102": "吉田川", "A31a_103": "21", "A31a_104": "岐阜県", "A31a_105": 1 }, "geometry": { "type": "Polygon", "coordinates": [ [ [ 136.947167395, 35.741221898 ], [ 136.947167395, 35.741277458 ], [ 136.947167396, 35.741333008 ], [ 136.947167396, 35.741388568 ], [ 136.947167396, 35.741444119 ], [ 136.947167396, 35.741499679 ], [ 136.947111836, 35.741499679 ], [ 136.947111836, 35.741555239 ], [ 136.947111836, 35.741610789 ], [ 136.947111836, 35.741666349 ], [ 136.947111836, 35.741721899 ], [ 136.947111836, 35.741777459 ], [ 136.947111836, 35.741833009 ], [ 136.947111836, 35.741888569 ], [ 136.947111836, 35.741944119 ], [ 136.947167396, 35.741944119 ], [ 136.947167396, 35.741888569 ], [ 136.947167396, 35.741833009 ], [ 136.947167396, 35.741777459 ], [ 136.947167396, 35.741721899 ], [ 136.947167396, 35.741666349 ], [ 136.947167396, 35.741610789 ], [ 136.947167396, 35.741555239 ], [ 136.947222946, 35.741555239 ], [ 136.947222946, 35.741499679 ], [ 136.947222946, 35.741444119 ], [ 136.947222946, 35.741388569 ], [ 136.947222946, 35.741333008 ], [ 136.947222945, 35.741277458 ], [ 136.947222945, 35.741221898 ], [ 136.947167395, 35.741221898 ] ] ] } },
{ "type": "Feature", "properties": { "A31a_101": "8505090104", "A31a_102": "吉田川", "A31a_103": "21", "A31a_104": "岐阜県", "A31a_105": 1 }, "geometry": { "type": "Polygon", "coordinates": [ [ [ 136.947056286, 35.741944119 ], [ 136.947056286, 35.741999679 ], [ 136.947056286, 35.742055239 ], [ 136.947111836, 35.742055239 ], [ 136.947111836, 35.741999679 ], [ 136.947111836, 35.741944119 ], [ 136.947056286, 35.741944119 ] ] ] } },
{ "type": "Feature", "properties": { "A31a_101": "8505090104", "A31a_102": "吉田川", "A31a_103": "21", "A31a_104": "岐阜県", "A31a_105": 1 }, "geometry": { "type": "Polygon", "coordinates": [ [ [ 136.947167396, 35.741999679 ], [ 136.947167396, 35.742055239 ], [ 136.947167397, 35.742110789 ], [ 136.947111836, 35.742110789 ], [ 136.947056286, 35.742110789 ], [ 136.947056287, 35.742166349 ], [ 136.947056287, 35.742221899 ], [ 136.947111837, 35.7422219 ], [ 136.947111837, 35.74227746 ], [ 136.947056287, 35.74227746 ], [ 136.947056287, 35.74233301 ], [ 136.947111837, 35.74233301 ], [ 136.947111837, 35.74238857 ], [ 136.947111837, 35.74244412 ], [ 136.947111837, 35.74249968 ], [ 136.947111837, 35.74255524 ], [ 136.947111837, 35.74261079 ], [ 136.947167397, 35.74261079 ], [ 136.947167397, 35.74266635 ], [ 136.947222947, 35.74266635 ], [ 136.947222947, 35.74261079 ], [ 136.947222947, 35.74255524 ], [ 136.947222947, 35.74249968 ], [ 136.947222947, 35.74244412 ], [ 136.947222947, 35.74238857 ], [ 136.947222947, 35.74233301 ], [ 136.947222947, 35.74227746 ], [ 136.947222947, 35.7422219 ], [ 136.947222947, 35.74216635 ], [ 136.947222947, 35.74211079 ], [ 136.947222946, 35.74205524 ], [ 136.947222946, 35.741999679 ], [ 136.947167396, 35.741999679 ] ] ] } },
{ "type": "Feature", "properties": { "A31a_101": "8505090104", "A31a_102": "吉田川", "A31a_103": "21", "A31a_104": "岐阜県", "A31a_105": 1 }, "geometry": { "type": "Polygon", "coordinates": [ [ [ 136.947000727, 35.74255524 ], [ 136.947000727, 35.74261079 ], [ 136.947000727, 35.74266635 ], [ 136.947056287, 35.74266635 ], [ 136.947056287, 35.74261079 ], [ 136.947056287, 35.74255524 ], [ 136.947000727, 35.74255524 ] ] ] } },
{ "type": "Feature", "properties": { "A31a_101": "8505090104", "A31a_102": "吉田川", "A31a_103": "21", "A31a_104": "岐阜県", "A31a_105": 1 }, "geometry": { "type": "Polygon", "coordinates": [ [ [ 136.946945167, 35.74266635 ], [ 136.946945167, 35.7427219 ], [ 136.946945167, 35.74277746 ], [ 136.947000727, 35.74277746 ], [ 136.947000727, 35.74283301 ], [ 136.947056287, 35.74283301 ], [ 136.947056287, 35.74277746 ], [ 136.947056287, 35.7427219 ], [ 136.947000727, 35.7427219 ], [ 136.947000727, 35.74266635 ], [ 136.946945167, 35.74266635 ] ] ] } },
{ "type": "Feature", "properties": { "A31a_101": "8505090104", "A31a_102": "吉田川", "A31a_103": "21", "A31a_104": "岐阜県", "A31a_105": 1 }, "geometry": { "type": "Polygon", "coordinates": [ [ [ 136.947222945, 35.741055238 ], [ 136.947222945, 35.741110788 ], [ 136.947278505, 35.741110788 ], [ 136.947278505, 35.741055238 ], [ 136.947222945, 35.741055238 ] ] ] } },
{ "type": "Feature", "properties": { "A31a_101": "8505090104", "A31a_102": "吉田川", "A31a_103": "21", "A31a_104": "岐阜県", "A31a_105": 2 }, "geometry": { "type": "Polygon", "coordinates": [ [ [ 136.948056284, 35.739221896 ], [ 136.948056284, 35.739277456 ], [ 136.948111834, 35.739277457 ], [ 136.948111834, 35.739221896 ], [ 136.948056284, 35.739221896 ] ] ] } },
{ "type": "Feature", "properties": { "A31a_101": "8505090104", "A31a_102": "吉田川", "A31a_103": "21", "A31a_104": "岐阜県", "A31a_105": 2 }, "geometry": { "type": "Polygon", "coordinates": [ [ [ 136.948222944, 35.739221897 ], [ 136.948222944, 35.739277457 ], [ 136.948278504, 35.739277457 ], [ 136.948278504, 35.739221897 ], [ 136.948222944, 35.739221897 ] ] ] } },
{ "type": "Feature", "properties": { "A31a_101": "8505090104", "A31a_102": "吉田川", "A31a_103": "21", "A31a_104": "岐阜県", "A31a_105": 2 }, "geometry": { "type": "Polygon", "coordinates": [ [ [ 136.948278504, 35.739333007 ], [ 136.948278504, 35.739388567 ], [ 136.948334054, 35.739388567 ], [ 136.948334054, 35.739333007 ], [ 136.948278504, 35.739333007 ] ] ] } },
{ "type": "Feature", "properties": { "A31a_101": "8505090104", "A31a_102": "吉田川", "A31a_103": "21", "A31a_104": "岐阜県", "A31a_105": 2 }, "geometry": { "type": "Polygon", "coordinates": [ [ [ 136.946445168, 35.74377746 ], [ 136.946445169, 35.74383301 ], [ 136.946500729, 35.743833011 ], [ 136.946500728, 35.743777461 ], [ 136.946445168, 35.74377746 ] ] ] } },
{ "type": "Feature", "properties": { "A31a_101": "8505090104", "A31a_102": "吉田川", "A31a_103": "21", "A31a_104": "岐阜県", "A31a_105": 2 }, "geometry": { "type": "Polygon", "coordinates": [ [ [ 136.94827851, 35.743777463 ], [ 136.94827851, 35.743833013 ], [ 136.94833406, 35.743833014 ], [ 136.94833406, 35.743777463 ], [ 136.94827851, 35.743777463 ] ] ] } },
{ "type": "Feature", "properties": { "A31a_101": "8505090104", "A31a_102": "吉田川", "A31a_103": "21", "A31a_104": "岐阜県", "A31a_105": 2 }, "geometry": { "type": "Polygon", "coordinates": [ [ [ 136.94783406, 35.744277463 ], [ 136.94783406, 35.744333013 ], [ 136.94788962, 35.744333013 ], [ 136.94788962, 35.744277463 ], [ 136.94783406, 35.744277463 ] ] ] } },
{ "type": "Feature", "properties": { "A31a_101": "8505090104", "A31a_102": "吉田川", "A31a_103": "21", "A31a_104": "岐阜県", "A31a_105": 2 }, "geometry": { "type": "Polygon", "coordinates": [ [ [ 136.948611842, 35.745610796 ], [ 136.948611842, 35.745666356 ], [ 136.948611842, 35.745721906 ], [ 136.948611842, 35.745777467 ], [ 136.948611843, 35.745833017 ], [ 136.948556293, 35.745833016 ], [ 136.948556293, 35.745888577 ], [ 136.948556293, 35.745944127 ], [ 136.948556293, 35.745999687 ], [ 136.948611843, 35.745999687 ], [ 136.948611843, 35.746055247 ], [ 136.948611843, 35.746110797 ], [ 136.948556293, 35.746110797 ], [ 136.948556293, 35.746166357 ], [ 136.948556293, 35.746221907 ], [ 136.948611843, 35.746221907 ], [ 136.948667403, 35.746221907 ], [ 136.948722953, 35.746221907 ], [ 136.948722953, 35.746166357 ], [ 136.948667403, 35.746166357 ], [ 136.948667403, 35.746110797 ], [ 136.948667403, 35.746055247 ], [ 136.948667403, 35.745999687 ], [ 136.948722953, 35.745999687 ], [ 136.948722953, 35.745944127 ], [ 136.948722953, 35.745888577 ], [ 136.948778513, 35.745888577 ], [ 136.948834063, 35.745888577 ], [ 136.948834063, 35.745833017 ], [ 136.948834063, 35.745777467 ], [ 136.948889623, 35.745777467 ], [ 136.948889623, 35.745721907 ], [ 136.948834063, 35.745721907 ], [ 136.948778513, 35.745721907 ], [ 136.948778512, 35.745666357 ], [ 136.948722952, 35.745666357 ], [ 136.948722952, 35.745610796 ], [ 136.948667402, 35.745610796 ], [ 136.948611842, 35.745610796 ] ] ] } },
{ "type": "Feature", "properties": { "A31a_101": "8505090104", "A31a_102": "吉田川", "A31a_103": "21", "A31a_104": "岐阜県", "A31a_105": 2 }, "geometry": { "type": "Polygon", "coordinates": [ [ [ 136.948778513, 35.746277467 ], [ 136.948778513, 35.746333018 ], [ 136.948834063, 35.746333018 ], [ 136.948834063, 35.746277468 ], [ 136.948778513, 35.746277467 ] ] ] } },
{ "type": "Feature", "properties": { "A31a_101": "8505090104", "A31a_102": "吉田川", "A31a_103": "21", "A31a_104": "岐阜県", "A31a_105": 2 }, "geometry": { "type": "Polygon", "coordinates": [ [ [ 136.948722953, 35.746388577 ], [ 136.948722953, 35.746444128 ], [ 136.948778513, 35.746444128 ], [ 136.948778513, 35.746388578 ], [ 136.948722953, 35.746388577 ] ] ] } },
{ "type": "Feature", "properties": { "A31a_101": "8505090104", "A31a_102": "吉田川", "A31a_103": "21", "A31a_104": "岐阜県", "A31a_105": 2 }, "geometry": { "type": "Polygon", "coordinates": [ [ [ 136.951000735, 35.746888582 ], [ 136.951000735, 35.746944132 ], [ 136.951056295, 35.746944132 ], [ 136.951056295, 35.746888582 ], [ 136.951000735, 35.746888582 ] ] ] } },
{ "type": "Feature", "properties": { "A31a_101": "8505090104", "A31a_102": "吉田川", "A31a_103": "21", "A31a_104": "岐阜県", "A31a_105": 2 }, "geometry": { "type": "Polygon", "coordinates": [ [ [ 136.950945175, 35.746999692 ], [ 136.950945175, 35.747055252 ], [ 136.951000735, 35.747055252 ], [ 136.951000735, 35.746999692 ], [ 136.950945175, 35.746999692 ] ] ] } },
{ "type": "Feature", "properties": { "A31a_101": "8505090104", "A31a_102": "吉田川", "A31a_103": "21", "A31a_104": "岐阜県", "A31a_105": 2 }, "geometry": { "type": "Polygon", "coordinates": [ [ [ 136.951667406, 35.747777474 ], [ 136.951667407, 35.747833024 ], [ 136.951667407, 35.747888584 ], [ 136.951722957, 35.747888584 ], [ 136.951722957, 35.747833024 ], [ 136.951722957, 35.747777474 ], [ 136.951667406, 35.747777474 ] ] ] } },
{ "type": "Feature", "properties": { "A31a_101": "8505090104", "A31a_102": "吉田川", "A31a_103": "21", "A31a_104": "岐阜県", "A31a_105": 2 }, "geometry": { "type": "Polygon", "coordinates": [ [ [ 136.952834067, 35.748221917 ], [ 136.952834067, 35.748277477 ], [ 136.952778517, 35.748277477 ], [ 136.952722957, 35.748277477 ], [ 136.952667407, 35.748277477 ], [ 136.952611847, 35.748277477 ], [ 136.952556297, 35.748277476 ], [ 136.952500737, 35.748277476 ], [ 136.952445177, 35.748277476 ], [ 136.952389627, 35.748277476 ], [ 136.952389627, 35.748333026 ], [ 136.952334067, 35.748333026 ], [ 136.952278517, 35.748333026 ], [ 136.952278517, 35.748388586 ], [ 136.952334067, 35.748388586 ], [ 136.952389627, 35.748388586 ], [ 136.952445177, 35.748388586 ], [ 136.952500738, 35.748388587 ], [ 136.952500737, 35.748333026 ], [ 136.952556297, 35.748333027 ], [ 136.952611847, 35.748333027 ], [ 136.952667407, 35.748333027 ], [ 136.952722958, 35.748333027 ], [ 136.952778518, 35.748333027 ], [ 136.952834068, 35.748333027 ], [ 136.952889628, 35.748333027 ], [ 136.952945178, 35.748333027 ], [ 136.953000738, 35.748333027 ], [ 136.953000738, 35.748277477 ], [ 136.952945178, 35.748277477 ], [ 136.952889628, 35.748277477 ], [ 136.952889627, 35.748221917 ], [ 136.952834067, 35.748221917 ] ] ] } },
{ "type": "Feature", "properties": { "A31a_101": "8505090104", "A31a_102": "吉田川", "A31a_103": "21", "A31a_104": "岐阜県", "A31a_105": 2 }, "geometry": { "type": "Polygon", "coordinates": [ [ [ 136.953334067, 35.748055257 ], [ 136.953334067, 35.748110808 ], [ 136.953334068, 35.748166368 ], [ 136.953278517, 35.748166368 ], [ 136.953278518, 35.748221918 ], [ 136.953334068, 35.748221918 ], [ 136.953389628, 35.748221918 ], [ 136.953389628, 35.748166368 ], [ 136.953389627, 35.748110808 ], [ 136.953389627, 35.748055258 ], [ 136.953334067, 35.748055257 ] ] ] } },
{ "type": "Feature", "properties": { "A31a_101": "8505090104", "A31a_102": "吉田川", "A31a_103": "21", "A31a_104": "岐阜県", "A31a_105": 2 }, "geometry": { "type": "Polygon", "coordinates": [ [ [ 136.953167408, 35.748333028 ], [ 136.953167408, 35.748388588 ], [ 136.953222958, 35.748388588 ], [ 136.953278518, 35.748388588 ], [ 136.953334068, 35.748388588 ], [ 136.953389628, 35.748388588 ], [ 136.953445178, 35.748388588 ], [ 136.953445178, 35.748444138 ], [ 136.953500738, 35.748444138 ], [ 136.953500738, 35.748388588 ], [ 136.953556298, 35.748388588 ], [ 136.953556298, 35.748444138 ], [ 136.953611848, 35.748444138 ], [ 136.953611848, 35.748388588 ], [ 136.953667408, 35.748388588 ], [ 136.953722958, 35.748388589 ], [ 136.953778518, 35.748388589 ], [ 136.953778518, 35.748333029 ], [ 136.953722958, 35.748333029 ], [ 136.953667408, 35.748333028 ], [ 136.953611848, 35.748333028 ], [ 136.953556298, 35.748333028 ], [ 136.953500738, 35.748333028 ], [ 136.953445178, 35.748333028 ], [ 136.953389628, 35.748333028 ], [ 136.953334068, 35.748333028 ], [ 136.953278518, 35.748333028 ], [ 136.953222958, 35.748333028 ], [ 136.953167408, 35.748333028 ] ] ] } },
{ "type": "Feature", "properties": { "A31a_101": "8505090104", "A31a_102": "吉田川", "A31a_103": "21", "A31a_104": "岐阜県", "A31a_105": 2 }, "geometry": { "type": "Polygon", "coordinates": [ [ [ 136.946722945, 35.740999677 ], [ 136.946722945, 35.741055237 ], [ 136.946722945, 35.741110787 ], [ 136.946667395, 35.741110787 ], [ 136.946667395, 35.741166347 ], [ 136.946667395, 35.741221897 ], [ 136.946667395, 35.741277458 ], [ 136.946722945, 35.741277458 ], [ 136.946722945, 35.741221898 ], [ 136.946722945, 35.741166347 ], [ 136.946778505, 35.741166348 ], [ 136.946778505, 35.741110787 ], [ 136.946778505, 35.741055237 ], [ 136.946778505, 35.740999677 ], [ 136.946722945, 35.740999677 ] ] ] } },
{ "type": "Feature", "properties": { "A31a_101": "8505090104", "A31a_102": "吉田川", "A31a_103": "21", "A31a_104": "岐阜県", "A31a_105": 2 }, "geometry": { "type": "Polygon", "coordinates": [ [ [ 136.946945165, 35.740666347 ], [ 136.946945165, 35.740721897 ], [ 136.946945165, 35.740777457 ], [ 136.947000725, 35.740777457 ], [ 136.947000725, 35.740721897 ], [ 136.947000725, 35.740666347 ], [ 136.946945165, 35.740666347 ] ] ] } },
{ "type": "Feature", "properties": { "A31a_101": "8505090104", "A31a_102": "吉田川", "A31a_103": "21", "A31a_104": "岐阜県", "A31a_105": 2 }, "geometry": { "type": "Polygon", "coordinates": [ [ [ 136.947000725, 35.740777457 ], [ 136.947000725, 35.740833007 ], [ 136.947056285, 35.740833007 ], [ 136.947111835, 35.740833008 ], [ 136.947167395, 35.740833008 ], [ 136.947167395, 35.740888568 ], [ 136.947222945, 35.740888568 ], [ 136.947222945, 35.740833008 ], [ 136.947222945, 35.740777458 ], [ 136.947167395, 35.740777458 ], [ 136.947111835, 35.740777457 ], [ 136.947056285, 35.740777457 ], [ 136.947000725, 35.740777457 ] ] ] } },
{ "type": "Feature", "properties": { "A31a_101": "8505090104", "A31a_102": "吉田川", "A31a_103": "21", "A31a_104": "岐阜県", "A31a_105": 2 }, "geometry": { "type": "Polygon", "coordinates": [ [ [ 136.947222945, 35.740666347 ], [ 136.947222945, 35.740721898 ], [ 136.947222945, 35.740777458 ], [ 136.947278505, 35.740777458 ], [ 136.947278505, 35.740721898 ], [ 136.947278505, 35.740666348 ], [ 136.947222945, 35.740666347 ] ] ] } },
{ "type": "Feature", "properties": { "A31a_101": "8505090104", "A31a_102": "吉田川", "A31a_103": "21", "A31a_104": "岐阜県", "A31a_105": 2 }, "geometry": { "type": "Polygon", "coordinates": [ [ [ 136.947000725, 35.740944118 ], [ 136.947000725, 35.740999678 ], [ 136.947056285, 35.740999678 ], [ 136.947056285, 35.740944118 ], [ 136.947000725, 35.740944118 ] ] ] } },
{ "type": "Feature", "properties": { "A31a_101": "8505090104", "A31a_102": "吉田川", "A31a_103": "21", "A31a_104": "岐阜県", "A31a_105": 2 }, "geometry": { "type": "Polygon", "coordinates": [ [ [ 136.946445165, 35.741055237 ], [ 136.946445165, 35.741110787 ], [ 136.946445165, 35.741166347 ], [ 136.946445165, 35.741221897 ], [ 136.946500725, 35.741221897 ], [ 136.946500725, 35.741277457 ], [ 136.946500725, 35.741333007 ], [ 136.946500725, 35.741388567 ], [ 136.946556285, 35.741388568 ], [ 136.946556285, 35.741333007 ], [ 136.946556285, 35.741277457 ], [ 136.946556285, 35.741221897 ], [ 136.946611835, 35.741221897 ], [ 136.946611835, 35.741166347 ], [ 136.946611835, 35.741110787 ], [ 136.946556285, 35.741110787 ], [ 136.946556285, 35.741055237 ], [ 136.946500725, 35.741055237 ], [ 136.946445165, 35.741055237 ] ] ] } },
{ "type": "Feature", "properties": { "A31a_101": "8505090104", "A31a_102": "吉田川", "A31a_103": "21", "A31a_104": "岐阜県", "A31a_105": 2 }, "geometry": { "type": "Polygon", "coordinates": [ [ [ 136.947222945, 35.740888568 ], [ 136.947222945, 35.740944118 ], [ 136.947222945, 35.740999678 ], [ 136.947167395, 35.740999678 ], [ 136.947167395, 35.740944118 ], [ 136.947111835, 35.740944118 ], [ 136.947111835, 35.740999678 ], [ 136.947056285, 35.740999678 ], [ 136.947056285, 35.741055238 ], [ 136.947000725, 35.741055238 ], [ 136.947000725, 35.741110788 ], [ 136.946945165, 35.741110788 ], [ 136.946889615, 35.741110788 ], [ 136.946889615, 35.741166348 ], [ 136.946889615, 35.741221898 ], [ 136.946889615, 35.741277458 ], [ 136.946834055, 35.741277458 ], [ 136.946834055, 35.741221898 ], [ 136.946778505, 35.741221898 ], [ 136.946778505, 35.741277458 ], [ 136.946778505, 35.741333008 ], [ 136.946722945, 35.741333008 ], [ 136.946667395, 35.741333008 ], [ 136.946667395, 35.741277458 ], [ 136.946611835, 35.741277457 ], [ 136.946611835, 35.741333008 ], [ 136.946611835, 35.741388568 ], [ 136.946611835, 35.741444118 ], [ 136.946667395, 35.741444118 ], [ 136.946667395, 35.741499678 ], [ 136.946667395, 35.741555238 ], [ 136.946667395, 35.741610788 ], [ 136.946722946, 35.741610788 ], [ 136.946722946, 35.741666348 ], [ 136.946778506, 35.741666348 ], [ 136.946834056, 35.741666348 ], [ 136.946889616, 35.741666348 ], [ 136.946889616, 35.741610788 ], [ 136.946889616, 35.741555238 ], [ 136.946945166, 35.741555238 ], [ 136.947000726, 35.741555238 ], [ 136.947000726, 35.741499678 ], [ 136.947000726, 35.741444118 ], [ 136.947056286, 35.741444118 ], [ 136.947056285, 35.741388568 ], [ 136.947056285, 35.741333008 ], [ 136.947111835, 35.741333008 ], [ 136.947111836, 35.741388568 ], [ 136.947111836, 35.741444118 ], [ 136.947111836, 35.741499679 ], [ 136.947167396, 35.741499679 ], [ 136.947167396, 35.741444119 ], [ 136.947167396, 35.741388568 ], [ 136.947167396, 35.741333008 ], [ 136.947167395, 35.741277458 ], [ 136.947167395, 35.741221898 ], [ 136.947111835, 35.741221898 ], [ 136.947056285, 35.741221898 ], [ 136.947056285, 35.741166348 ], [ 136.947111835, 35.741166348 ], [ 136.947111835, 35.741110788 ], [ 136.947111835, 35.741055238 ], [ 136.947167395, 35.741055238 ], [ 136.947167395, 35.741110788 ], [ 136.947167395, 35.741166348 ], [ 136.947167395, 35.741221898 ], [ 136.947222945, 35.741221898 ], [ 136.947222945, 35.741166348 ], [ 136.947222945, 35.741110788 ], [ 136.947222945, 35.741055238 ], [ 136.947278505, 35.741055238 ], [ 136.947278505, 35.740999678 ], [ 136.947278505, 35.740944118 ], [ 136.947278505, 35.740888568 ], [ 136.947222945, 35.740888568 ] ] ] } },
{ "type": "Feature", "properties": { "A31a_101": "8505090104", "A31a_102": "吉田川", "A31a_103": "21", "A31a_104": "岐阜県", "A31a_105": 2 }, "geometry": { "type": "Polygon", "coordinates": [ [ [ 136.947278505, 35.740777458 ], [ 136.947278505, 35.740833008 ], [ 136.947278505, 35.740888568 ], [ 136.947334055, 35.740888568 ], [ 136.947334055, 35.740833008 ], [ 136.947334055, 35.740777458 ], [ 136.947278505, 35.740777458 ] ] ] } },
{ "type": "Feature", "properties": { "A31a_101": "8505090104", "A31a_102": "吉田川", "A31a_103": "21", "A31a_104": "岐阜県", "A31a_105": 2 }, "geometry": { "type": "Polygon", "coordinates": [ [ [ 136.947334055, 35.740666348 ], [ 136.947334055, 35.740721898 ], [ 136.947334055, 35.740777458 ], [ 136.947389615, 35.740777458 ], [ 136.947389615, 35.740721898 ], [ 136.947389615, 35.740666348 ], [ 136.947334055, 35.740666348 ] ] ] } },
{ "type": "Feature", "properties": { "A31a_101": "8505090104", "A31a_102": "吉田川", "A31a_103": "21", "A31a_104": "岐阜県", "A31a_105": 2 }, "geometry": { "type": "Polygon", "coordinates": [ [ [ 136.947056283, 35.739610785 ], [ 136.947056284, 35.739666346 ], [ 136.947056284, 35.739721896 ], [ 136.947000724, 35.739721896 ], [ 136.947000724, 35.739777456 ], [ 136.946945164, 35.739777456 ], [ 136.946945164, 35.739833006 ], [ 136.946945164, 35.739888566 ], [ 136.946945164, 35.739944116 ], [ 136.946945164, 35.739999676 ], [ 136.946889614, 35.739999676 ], [ 136.946834054, 35.739999676 ], [ 136.946778504, 35.739999676 ], [ 136.946778504, 35.740055236 ], [ 136.946722944, 35.740055236 ], [ 136.946722944, 35.740110786 ], [ 136.946778504, 35.740110786 ], [ 136.946778504, 35.740166346 ], [ 136.946722944, 35.740166346 ], [ 136.946667394, 35.740166346 ], [ 136.946667394, 35.740221896 ], [ 136.946667394, 35.740277456 ], [ 136.946667394, 35.740333006 ], [ 136.946667394, 35.740388566 ], [ 136.946667394, 35.740444116 ], [ 136.946667394, 35.740499676 ], [ 136.946667394, 35.740555236 ], [ 136.946667394, 35.740610786 ], [ 136.946722944, 35.740610787 ], [ 136.946722944, 35.740555236 ], [ 136.946778504, 35.740555237 ], [ 136.946778504, 35.740610787 ], [ 136.946778504, 35.740666347 ], [ 136.946722944, 35.740666347 ], [ 136.946667394, 35.740666347 ], [ 136.946667394, 35.740721897 ], [ 136.946667395, 35.740777457 ], [ 136.946667395, 35.740833007 ], [ 136.946667395, 35.740888567 ], [ 136.946611835, 35.740888567 ], [ 136.946556285, 35.740888567 ], [ 136.946500725, 35.740888567 ], [ 136.946445164, 35.740888567 ], [ 136.946445165, 35.740944117 ], [ 136.946500725, 35.740944117 ], [ 136.946556285, 35.740944117 ], [ 136.946556285, 35.740999677 ], [ 136.946611835, 35.740999677 ], [ 136.946611835, 35.741055237 ], [ 136.946611835, 35.741110787 ], [ 136.946667395, 35.741110787 ], [ 136.946667395, 35.741055237 ], [ 136.946667395, 35.740999677 ], [ 136.946722945, 35.740999677 ], [ 136.946722945, 35.740944117 ], [ 136.946778505, 35.740944117 ], [ 136.946778505, 35.740999677 ], [ 136.946834055, 35.740999677 ], [ 136.946834055, 35.740944117 ], [ 136.946889615, 35.740944117 ], [ 136.946889615, 35.740888567 ], [ 136.946834055, 35.740888567 ], [ 136.946778505, 35.740888567 ], [ 136.946722945, 35.740888567 ], [ 136.946722945, 35.740833007 ], [ 136.946778505, 35.740833007 ], [ 136.946778505, 35.740777457 ], [ 136.946778505, 35.740721897 ], [ 136.946834055, 35.740721897 ], [ 136.946834054, 35.740666347 ], [ 136.946834054, 35.740610787 ], [ 136.946889614, 35.740610787 ], [ 136.946889614, 35.740555237 ], [ 136.946889614, 35.740499677 ], [ 136.946945164, 35.740499677 ], [ 136.946945164, 35.740444117 ], [ 136.946945164, 35.740388567 ], [ 136.947000724, 35.740388567 ], [ 136.947000724, 35.740333007 ], [ 136.947000724, 35.740277456 ], [ 136.947000724, 35.740221896 ], [ 136.947056284, 35.740221896 ], [ 136.947056284, 35.740166346 ], [ 136.947111834, 35.740166346 ], [ 136.947111834, 35.740110786 ], [ 136.947111834, 35.740055236 ], [ 136.947111834, 35.739999676 ], [ 136.947167394, 35.739999676 ], [ 136.947167394, 35.739944116 ], [ 136.947167394, 35.739888566 ], [ 136.947222944, 35.739888566 ], [ 136.947222944, 35.739833006 ], [ 136.947278504, 35.739833006 ], [ 136.947278504, 35.739777456 ], [ 136.947278504, 35.739721896 ], [ 136.947334054, 35.739721896 ], [ 136.947334054, 35.739666346 ], [ 136.947278504, 35.739666346 ], [ 136.947278504, 35.739610786 ], [ 136.947222944, 35.739610786 ], [ 136.947222944, 35.739666346 ], [ 136.947222944, 35.739721896 ], [ 136.947167394, 35.739721896 ], [ 136.947111834, 35.739721896 ], [ 136.947111834, 35.739666346 ], [ 136.947111833, 35.739610786 ], [ 136.947056283, 35.739610785 ] ], [ [ 136.947056284, 35.739888566 ], [ 136.947111834, 35.739888566 ], [ 136.947111834, 35.739944116 ], [ 136.947056284, 35.739944116 ], [ 136.947056284, 35.739888566 ] ] ] } },
{ "type": "Feature", "properties": { "A31a_101": "8505090104", "A31a_102": "吉田川", "A31a_103": "21", "A31a_104": "岐阜県", "A31a_105": 2 }, "geometry": { "type": "Polygon", "coordinates": [ [ [ 136.948167394, 35.739277457 ], [ 136.948167394, 35.739333007 ], [ 136.948167394, 35.739388567 ], [ 136.948111834, 35.739388567 ], [ 136.948111834, 35.739444117 ], [ 136.948111834, 35.739499677 ], [ 136.948056284, 35.739499677 ], [ 136.948056284, 35.739555237 ], [ 136.948056284, 35.739610787 ], [ 136.948000724, 35.739610787 ], [ 136.948000724, 35.739666347 ], [ 136.947945164, 35.739666347 ], [ 136.947945164, 35.739721897 ], [ 136.947945164, 35.739777457 ], [ 136.947889614, 35.739777457 ], [ 136.947889614, 35.739833007 ], [ 136.947945164, 35.739833007 ], [ 136.947945164, 35.739888567 ], [ 136.948000724, 35.739888567 ], [ 136.948000724, 35.739833007 ], [ 136.948000724, 35.739777457 ], [ 136.948056284, 35.739777457 ], [ 136.948111834, 35.739777457 ], [ 136.948111834, 35.739721897 ], [ 136.948167394, 35.739721897 ], [ 136.948167394, 35.739666347 ], [ 136.948222944, 35.739666347 ], [ 136.948222944, 35.739610787 ], [ 136.948278504, 35.739610787 ], [ 136.948278504, 35.739555237 ], [ 136.948334054, 35.739555237 ], [ 136.948334054, 35.739610787 ], [ 136.948334054, 35.739666347 ], [ 136.948389615, 35.739666348 ], [ 136.948389614, 35.739610787 ], [ 136.948389614, 35.739555237 ], [ 136.948389614, 35.739499677 ], [ 136.948389614, 35.739444117 ], [ 136.948389614, 35.739388567 ], [ 136.948334054, 35.739388567 ], [ 136.948334054, 35.739444117 ], [ 136.948278504, 35.739444117 ], [ 136.948278504, 35.739388567 ], [ 136.948222944, 35.739388567 ], [ 136.948222944, 35.739333007 ], [ 136.948222944, 35.739277457 ], [ 136.948167394, 35.739277457 ] ] ] } },
{ "type": "Feature", "properties": { "A31a_101": "8505090104", "A31a_102": "吉田川", "A31a_103": "21", "A31a_104": "岐阜県", "A31a_105": 2 }, "geometry": { "type": "Polygon", "coordinates": [ [ [ 136.947222947, 35.74244412 ], [ 136.947222947, 35.74249968 ], [ 136.947222947, 35.74255524 ], [ 136.947222947, 35.74261079 ], [ 136.947222947, 35.74266635 ], [ 136.947167397, 35.74266635 ], [ 136.947111837, 35.74266635 ], [ 136.947111837, 35.74261079 ], [ 136.947056287, 35.74261079 ], [ 136.947056287, 35.74266635 ], [ 136.947000727, 35.74266635 ], [ 136.947000727, 35.7427219 ], [ 136.947056287, 35.7427219 ], [ 136.947056287, 35.74277746 ], [ 136.947056287, 35.74283301 ], [ 136.947056288, 35.74288857 ], [ 136.947056288, 35.74294412 ], [ 136.947056288, 35.74299968 ], [ 136.947056288, 35.74305524 ], [ 136.947000728, 35.74305524 ], [ 136.947000728, 35.74311079 ], [ 136.947000728, 35.743166351 ], [ 136.947000728, 35.743221901 ], [ 136.947000728, 35.743277461 ], [ 136.947000728, 35.743333011 ], [ 136.947000728, 35.743388571 ], [ 136.947000728, 35.743444121 ], [ 136.947000728, 35.743499681 ], [ 136.947000728, 35.743555241 ], [ 136.947056288, 35.743555241 ], [ 136.947111839, 35.743555241 ], [ 136.947167399, 35.743555241 ], [ 136.947167399, 35.743610791 ], [ 136.947222949, 35.743610791 ], [ 136.947278509, 35.743610792 ], [ 136.947278509, 35.743666352 ], [ 136.947334059, 35.743666352 ], [ 136.947334059, 35.743721902 ], [ 136.947334059, 35.743777462 ], [ 136.947334059, 35.743833012 ], [ 136.947389619, 35.743833012 ], [ 136.947389619, 35.743777462 ], [ 136.947445169, 35.743777462 ], [ 136.947445169, 35.743721902 ], [ 136.947445169, 35.743666352 ], [ 136.947500729, 35.743666352 ], [ 136.947500729, 35.743610792 ], [ 136.947500729, 35.743555242 ], [ 136.947556289, 35.743555242 ], [ 136.947556289, 35.743499682 ], [ 136.947556289, 35.743444122 ], [ 136.947611839, 35.743444122 ], [ 136.947611839, 35.743388572 ], [ 136.947611839, 35.743333012 ], [ 136.947556288, 35.743333012 ], [ 136.947556288, 35.743277462 ], [ 136.947611838, 35.743277462 ], [ 136.947611838, 35.743221902 ], [ 136.947611838, 35.743166352 ], [ 136.947611838, 35.743110791 ], [ 136.947556288, 35.743110791 ], [ 136.947556288, 35.743055241 ], [ 136.947556288, 35.742999681 ], [ 136.947611838, 35.742999681 ], [ 136.947611838, 35.742944121 ], [ 136.947611838, 35.742888571 ], [ 136.947611838, 35.742833011 ], [ 136.947667398, 35.742833011 ], [ 136.947722948, 35.742833011 ], [ 136.947722948, 35.742777461 ], [ 136.947722948, 35.742721901 ], [ 136.947667398, 35.742721901 ], [ 136.947667398, 35.742666351 ], [ 136.947611838, 35.742666351 ], [ 136.947556288, 35.742666351 ], [ 136.947556288, 35.742721901 ], [ 136.947556288, 35.742777461 ], [ 136.947556288, 35.742833011 ], [ 136.947500728, 35.742833011 ], [ 136.947500728, 35.742777461 ], [ 136.947500728, 35.742721901 ], [ 136.947500728, 35.742666351 ], [ 136.947445167, 35.742666351 ], [ 136.947389617, 35.742666351 ], [ 136.947334057, 35.74266635 ], [ 136.947334057, 35.74261079 ], [ 136.947334057, 35.74255524 ], [ 136.947278507, 35.74255524 ], [ 136.947278507, 35.74249968 ], [ 136.947278507, 35.74244412 ], [ 136.947222947, 35.74244412 ] ] ] } },
{ "type": "Feature", "properties": { "A31a_101": "8505090104", "A31a_102": "吉田川", "A31a_103": "21", "A31a_104": "岐阜県", "A31a_105": 2 }, "geometry": { "type": "Polygon", "coordinates": [ [ [ 136.946445165, 35.741388567 ], [ 136.946445165, 35.741444117 ], [ 136.946445165, 35.741499678 ], [ 136.946445165, 35.741555238 ], [ 136.946445165, 35.741610788 ], [ 136.946500725, 35.741610788 ], [ 136.946500725, 35.741555238 ], [ 136.946500725, 35.741499678 ], [ 136.946500725, 35.741444118 ], [ 136.946500725, 35.741388567 ], [ 136.946445165, 35.741388567 ] ] ] } },
{ "type": "Feature", "properties": { "A31a_101": "8505090104", "A31a_102": "吉田川", "A31a_103": "21", "A31a_104": "岐阜県", "A31a_105": 2 }, "geometry": { "type": "Polygon", "coordinates": [ [ [ 136.946556285, 35.741499678 ], [ 136.946556285, 35.741555238 ], [ 136.946556285, 35.741610788 ], [ 136.946556285, 35.741666348 ], [ 136.946556286, 35.741721898 ], [ 136.946611836, 35.741721898 ], [ 136.946611836, 35.741666348 ], [ 136.946611835, 35.741610788 ], [ 136.946611835, 35.741555238 ], [ 136.946611835, 35.741499678 ], [ 136.946556285, 35.741499678 ] ] ] } },
{ "type": "Feature", "properties": { "A31a_101": "8505090104", "A31a_102": "吉田川", "A31a_103": "21", "A31a_104": "岐阜県", "A31a_105": 2 }, "geometry": { "type": "Polygon", "coordinates": [ [ [ 136.947000726, 35.741555238 ], [ 136.947000726, 35.741610789 ], [ 136.946945166, 35.741610788 ], [ 136.946945166, 35.741666349 ], [ 136.947000726, 35.741666349 ], [ 136.947000726, 35.741721899 ], [ 136.947056286, 35.741721899 ], [ 136.947056286, 35.741777459 ], [ 136.947056286, 35.741833009 ], [ 136.947056286, 35.741888569 ], [ 136.947056286, 35.741944119 ], [ 136.947111836, 35.741944119 ], [ 136.947111836, 35.741888569 ], [ 136.947111836, 35.741833009 ], [ 136.947111836, 35.741777459 ], [ 136.947111836, 35.741721899 ], [ 136.947111836, 35.741666349 ], [ 136.947111836, 35.741610789 ], [ 136.947111836, 35.741555239 ], [ 136.947056286, 35.741555239 ], [ 136.947000726, 35.741555238 ] ] ] } },
{ "type": "Feature", "properties": { "A31a_101": "8505090104", "A31a_102": "吉田川", "A31a_103": "21", "A31a_104": "岐阜県", "A31a_105": 2 }, "geometry": { "type": "Polygon", "coordinates": [ [ [ 136.948222952, 35.745777466 ], [ 136.948222952, 35.745833016 ], [ 136.948222952, 35.745888576 ], [ 136.948278512, 35.745888576 ], [ 136.948278513, 35.745944126 ], [ 136.948278513, 35.745999686 ], [ 136.948334063, 35.745999686 ], [ 136.948334063, 35.745944126 ], [ 136.948334062, 35.745888576 ], [ 136.948334062, 35.745833016 ], [ 136.948278512, 35.745833016 ], [ 136.948278512, 35.745777466 ], [ 136.948222952, 35.745777466 ] ] ] } },
{ "type": "Feature", "properties": { "A31a_101": "8505090104", "A31a_102": "吉田川", "A31a_103": "21", "A31a_104": "岐阜県", "A31a_105": 2 }, "geometry": { "type": "Polygon", "coordinates": [ [ [ 136.946556288, 35.74361079 ], [ 136.946556288, 35.74366635 ], [ 136.946556288, 35.743721901 ], [ 136.946556288, 35.743777461 ], [ 136.946556289, 35.743833011 ], [ 136.946500729, 35.743833011 ], [ 136.946500729, 35.743888571 ], [ 136.946500729, 35.743944121 ], [ 136.946500729, 35.743999681 ], [ 136.946556289, 35.743999681 ], [ 136.946556289, 35.744055241 ], [ 136.946556289, 35.744110791 ], [ 136.946556289, 35.744166351 ], [ 136.946556289, 35.744221901 ], [ 136.946611839, 35.744221901 ], [ 136.946611839, 35.744277461 ], [ 136.946611839, 35.744333011 ], [ 136.946611839, 35.744388571 ], [ 136.946611839, 35.744444122 ], [ 136.9466674, 35.744444122 ], [ 136.9466674, 35.744499682 ], [ 136.9466674, 35.744555242 ], [ 136.94672295, 35.744555242 ], [ 136.94672295, 35.744610792 ], [ 136.94672295, 35.744666352 ], [ 136.94672295, 35.744721902 ], [ 136.94677851, 35.744721902 ], [ 136.94677851, 35.744777462 ], [ 136.94677851, 35.744833012 ], [ 136.94683406, 35.744833012 ], [ 136.94683406, 35.744888572 ], [ 136.94683406, 35.744944123 ], [ 136.94688962, 35.744944123 ], [ 136.94688962, 35.744999683 ], [ 136.946889621, 35.745055243 ], [ 136.946945171, 35.745055243 ], [ 136.946945171, 35.745110793 ], [ 136.946945171, 35.745166353 ], [ 136.947000731, 35.745166353 ], [ 136.947000731, 35.745221903 ], [ 136.947000731, 35.745277463 ], [ 136.947000731, 35.745333013 ], [ 136.947056291, 35.745333013 ], [ 136.947056291, 35.745388573 ], [ 136.947056291, 35.745444123 ], [ 136.947111841, 35.745444124 ], [ 136.947167401, 35.745444124 ], [ 136.947222951, 35.745444124 ], [ 136.947222951, 35.745499684 ], [ 136.947222951, 35.745555244 ], [ 136.947278511, 35.745555244 ], [ 136.947278512, 35.745610794 ], [ 136.947278512, 35.745666354 ], [ 136.947278512, 35.745721904 ], [ 136.947334062, 35.745721904 ], [ 136.947334062, 35.745777464 ], [ 136.947389622, 35.745777464 ], [ 136.947389622, 35.745833015 ], [ 136.947389622, 35.745888575 ], [ 136.947389622, 35.745944125 ], [ 136.947389622, 35.745999685 ], [ 136.947445172, 35.745999685 ], [ 136.947500732, 35.745999685 ], [ 136.947500732, 35.746055245 ], [ 136.947500732, 35.746110795 ], [ 136.947556292, 35.746110795 ], [ 136.947611842, 35.746110795 ], [ 136.947611842, 35.746166355 ], [ 136.947667403, 35.746166355 ], [ 136.947667403, 35.746221905 ], [ 136.947667403, 35.746277466 ], [ 136.947611843, 35.746277465 ], [ 136.947556293, 35.746277465 ], [ 136.947556293, 35.746333015 ], [ 136.947611843, 35.746333016 ], [ 136.947611843, 35.746388576 ], [ 136.947667403, 35.746388576 ], [ 136.947667403, 35.746333016 ], [ 136.947722953, 35.746333016 ], [ 136.947722953, 35.746388576 ], [ 136.947778513, 35.746388576 ], [ 136.947778513, 35.746444126 ], [ 136.947778513, 35.746499686 ], [ 136.947778513, 35.746555246 ], [ 136.947778513, 35.746610796 ], [ 136.947778513, 35.746666356 ], [ 136.947834063, 35.746666356 ], [ 136.947834063, 35.746721906 ], [ 136.947834063, 35.746777466 ], [ 136.947834064, 35.746833017 ], [ 136.947834064, 35.746888577 ], [ 136.947834064, 35.746944127 ], [ 136.947889624, 35.746944127 ], [ 136.947889624, 35.746999687 ], [ 136.947889624, 35.747055247 ], [ 136.947945174, 35.747055247 ], [ 136.947945174, 35.747110797 ], [ 136.947945174, 35.747166357 ], [ 136.947945174, 35.747221907 ], [ 136.947889624, 35.747221907 ], [ 136.947889624, 35.747277467 ], [ 136.947945174, 35.747277467 ], [ 136.947945174, 35.747333017 ], [ 136.947889624, 35.747333017 ], [ 136.947889624, 35.747388577 ], [ 136.947889624, 35.747444127 ], [ 136.947945174, 35.747444128 ], [ 136.948000734, 35.747444128 ], [ 136.948000735, 35.747499688 ], [ 136.948056295, 35.747499688 ], [ 136.948056294, 35.747444128 ], [ 136.948056294, 35.747388578 ], [ 136.948056294, 35.747333018 ], [ 136.948111844, 35.747333018 ], [ 136.948167404, 35.747333018 ], [ 136.948222954, 35.747333018 ], [ 136.948222954, 35.747277468 ], [ 136.948278514, 35.747277468 ], [ 136.948278514, 35.747221908 ], [ 136.948278514, 35.747166358 ], [ 136.948278514, 35.747110798 ], [ 136.948334064, 35.747110798 ], [ 136.948334064, 35.747055248 ], [ 136.948334064, 35.746999688 ], [ 136.948278514, 35.746999688 ], [ 136.948278514, 35.746944127 ], [ 136.948334064, 35.746944128 ], [ 136.948334064, 35.746888577 ], [ 136.948334064, 35.746833017 ], [ 136.948334064, 35.746777467 ], [ 136.948334064, 35.746721907 ], [ 136.948334064, 35.746666357 ], [ 136.948334063, 35.746610797 ], [ 136.948334063, 35.746555247 ], [ 136.948334063, 35.746499687 ], [ 136.948278513, 35.746499687 ], [ 136.948278513, 35.746444127 ], [ 136.948278513, 35.746388577 ], [ 136.948278513, 35.746333017 ], [ 136.948222953, 35.746333017 ], [ 136.948167403, 35.746333016 ], [ 136.948167403, 35.746277466 ], [ 136.948111843, 35.746277466 ], [ 136.948111843, 35.746221906 ], [ 136.948056293, 35.746221906 ], [ 136.948000733, 35.746221906 ], [ 136.948000733, 35.746166356 ], [ 136.948056293, 35.746166356 ], [ 136.948111843, 35.746166356 ], [ 136.948167403, 35.746166356 ], [ 136.948222953, 35.746166356 ], [ 136.948222953, 35.746110796 ], [ 136.948222953, 35.746055246 ], [ 136.948222953, 35.745999686 ], [ 136.948222952, 35.745944126 ], [ 136.948167402, 35.745944126 ], [ 136.948167403, 35.745999686 ], [ 136.948111843, 35.745999686 ], [ 136.948056292, 35.745999686 ], [ 136.948056292, 35.745944126 ], [ 136.948056292, 35.745888576 ], [ 136.948000732, 35.745888576 ], [ 136.947945172, 35.745888576 ], [ 136.947889622, 35.745888575 ], [ 136.947889622, 35.745944126 ], [ 136.947945172, 35.745944126 ], [ 136.948000732, 35.745944126 ], [ 136.948000732, 35.745999686 ], [ 136.947945172, 35.745999686 ], [ 136.947945172, 35.746055246 ], [ 136.947889622, 35.746055246 ], [ 136.947889622, 35.745999686 ], [ 136.947834062, 35.745999685 ], [ 136.947834062, 35.745944125 ], [ 136.947834062, 35.745888575 ], [ 136.947834062, 35.745833015 ], [ 136.947889622, 35.745833015 ], [ 136.947945172, 35.745833015 ], [ 136.948000732, 35.745833016 ], [ 136.948056292, 35.745833016 ], [ 136.948056292, 35.745777466 ], [ 136.948000732, 35.745777465 ], [ 136.947945172, 35.745777465 ], [ 136.947889622, 35.745777465 ], [ 136.947834062, 35.745777465 ], [ 136.947834062, 35.745721905 ], [ 136.947834062, 35.745666355 ], [ 136.947778512, 35.745666355 ], [ 136.947722952, 35.745666355 ], [ 136.947667402, 35.745666355 ], [ 136.947611842, 35.745666355 ], [ 136.947556292, 35.745666355 ], [ 136.947500732, 35.745666355 ], [ 136.947445172, 35.745666354 ], [ 136.947445172, 35.745721904 ], [ 136.947389622, 35.745721904 ], [ 136.947389622, 35.745666354 ], [ 136.947445172, 35.745666354 ], [ 136.947445172, 35.745610794 ], [ 136.947389622, 35.745610794 ], [ 136.947389621, 35.745555244 ], [ 136.947334061, 35.745555244 ], [ 136.947334061, 35.745499684 ], [ 136.947334061, 35.745444124 ], [ 136.947334061, 35.745388574 ], [ 136.947278511, 35.745388574 ], [ 136.947278511, 35.745333014 ], [ 136.947278511, 35.745277464 ], [ 136.947278511, 35.745221904 ], [ 136.947278511, 35.745166354 ], [ 136.947278511, 35.745110793 ], [ 136.947278511, 35.745055243 ], [ 136.947278511, 35.744999683 ], [ 136.947278511, 35.744944123 ], [ 136.94727851, 35.744888573 ], [ 136.94727851, 35.744833013 ], [ 136.94727851, 35.744777463 ], [ 136.94727851, 35.744721903 ], [ 136.94727851, 35.744666353 ], [ 136.94727851, 35.744610793 ], [ 136.94727851, 35.744555243 ], [ 136.94727851, 35.744499683 ], [ 136.94722295, 35.744499683 ], [ 136.9471674, 35.744499682 ], [ 136.94711184, 35.744499682 ], [ 136.94705629, 35.744499682 ], [ 136.94700073, 35.744499682 ], [ 136.94694517, 35.744499682 ], [ 136.94688962, 35.744499682 ], [ 136.94688962, 35.744555242 ], [ 136.94683406, 35.744555242 ], [ 136.94677851, 35.744555242 ], [ 136.94677851, 35.744499682 ], [ 136.94677851, 35.744444122 ], [ 136.94672295, 35.744444122 ], [ 136.946722949, 35.744388572 ], [ 136.946667399, 35.744388572 ], [ 136.946667399, 35.744333011 ], [ 136.946667399, 35.744277461 ], [ 136.946722949, 35.744277461 ], [ 136.946778509, 35.744277462 ], [ 136.946778509, 35.744333012 ], [ 136.946778509, 35.744388572 ], [ 136.94683406, 35.744388572 ], [ 136.94683406, 35.744444122 ], [ 136.94688962, 35.744444122 ], [ 136.94694517, 35.744444122 ], [ 136.94694517, 35.744388572 ], [ 136.94700073, 35.744388572 ], [ 136.94705629, 35.744388572 ], [ 136.94711184, 35.744388572 ], [ 136.94711184, 35.744333012 ], [ 136.94705629, 35.744333012 ], [ 136.94705629, 35.744277462 ], [ 136.947056289, 35.744221902 ], [ 136.947111839, 35.744221902 ], [ 136.947111839, 35.744166352 ], [ 136.947056289, 35.744166352 ], [ 136.947056289, 35.744110792 ], [ 136.947111839, 35.744110792 ], [ 136.947167399, 35.744110792 ], [ 136.947222949, 35.744110792 ], [ 136.947222949, 35.744166352 ], [ 136.94722295, 35.744221902 ], [ 136.94722295, 35.744277462 ], [ 136.94727851, 35.744277462 ], [ 136.94733406, 35.744277462 ], [ 136.94733406, 35.744221902 ], [ 136.94738962, 35.744221903 ], [ 136.94744517, 35.744221903 ], [ 136.94744517, 35.744277463 ], [ 136.94750073, 35.744277463 ], [ 136.94750073, 35.744333013 ], [ 136.94750073, 35.744388573 ], [ 136.94750073, 35.744444123 ], [ 136.94750073, 35.744499683 ], [ 136.94755629, 35.744499683 ], [ 136.94755629, 35.744555243 ], [ 136.94755629, 35.744610793 ], [ 136.94761184, 35.744610793 ], [ 136.94761184, 35.744666353 ], [ 136.94761184, 35.744721903 ], [ 136.947611841, 35.744777464 ], [ 136.947667401, 35.744777464 ], [ 136.947667401, 35.744833014 ], [ 136.947667401, 35.744888574 ], [ 136.947667401, 35.744944124 ], [ 136.947722951, 35.744944124 ], [ 136.947722951, 35.744999684 ], [ 136.947722951, 35.745055244 ], [ 136.947722951, 35.745110794 ], [ 136.947778511, 35.745110794 ], [ 136.947778511, 35.745166354 ], [ 136.947778511, 35.745221904 ], [ 136.947778511, 35.745277464 ], [ 136.947834061, 35.745277465 ], [ 136.947834061, 35.745333015 ], [ 136.947889621, 35.745333015 ], [ 136.947889622, 35.745388575 ], [ 136.947945172, 35.745388575 ], [ 136.947945171, 35.745333015 ], [ 136.948000732, 35.745333015 ], [ 136.948000731, 35.745277465 ], [ 136.948000731, 35.745221905 ], [ 136.948056291, 35.745221905 ], [ 136.948056291, 35.745166355 ], [ 136.948000731, 35.745166355 ], [ 136.948000731, 35.745110795 ], [ 136.948000731, 35.745055245 ], [ 136.948000731, 35.744999684 ], [ 136.948000731, 35.744944124 ], [ 136.947945171, 35.744944124 ], [ 136.947945171, 35.744888574 ], [ 136.947945171, 35.744833014 ], [ 136.947889621, 35.744833014 ], [ 136.947889621, 35.744777464 ], [ 136.947889621, 35.744721904 ], [ 136.947945171, 35.744721904 ], [ 136.947945171, 35.744666354 ], [ 136.94794517, 35.744610794 ], [ 136.94788962, 35.744610794 ], [ 136.947889621, 35.744666354 ], [ 136.947834061, 35.744666354 ], [ 136.94777851, 35.744666354 ], [ 136.94777851, 35.744610794 ], [ 136.94777851, 35.744555244 ], [ 136.94777851, 35.744499683 ], [ 136.94777851, 35.744444123 ], [ 136.94777851, 35.744388573 ], [ 136.94777851, 35.744333013 ], [ 136.94777851, 35.744277463 ], [ 136.94777851, 35.744221903 ], [ 136.94777851, 35.744166353 ], [ 136.94777851, 35.744110793 ], [ 136.94777851, 35.744055243 ], [ 136.94783406, 35.744055243 ], [ 136.94788962, 35.744055243 ], [ 136.94788962, 35.743999683 ], [ 136.94783406, 35.743999683 ], [ 136.94777851, 35.743999683 ], [ 136.94772295, 35.743999683 ], [ 136.947667399, 35.743999683 ], [ 136.947611839, 35.743999683 ], [ 136.947556289, 35.743999682 ], [ 136.947500729, 35.743999682 ], [ 136.947500729, 35.743944122 ], [ 136.947445169, 35.743944122 ], [ 136.947445169, 35.743888572 ], [ 136.947445169, 35.743833012 ], [ 136.947389619, 35.743833012 ], [ 136.947389619, 35.743888572 ], [ 136.947389619, 35.743944122 ], [ 136.947334059, 35.743944122 ], [ 136.947334059, 35.743999682 ], [ 136.947334059, 35.744055242 ], [ 136.947334059, 35.744110792 ], [ 136.947278509, 35.744110792 ], [ 136.947278509, 35.744055242 ], [ 136.947278509, 35.743999682 ], [ 136.947278509, 35.743944122 ], [ 136.947278509, 35.743888572 ], [ 136.947222949, 35.743888572 ], [ 136.947167399, 35.743888572 ], [ 136.947111839, 35.743888572 ], [ 136.947111839, 35.743833012 ], [ 136.947056289, 35.743833011 ], [ 136.947000729, 35.743833011 ], [ 136.947000729, 35.743777461 ], [ 136.946945169, 35.743777461 ], [ 136.946889619, 35.743777461 ], [ 136.946834059, 35.743777461 ], [ 136.946778509, 35.743777461 ], [ 136.946722949, 35.743777461 ], [ 136.946667399, 35.743777461 ], [ 136.946667398, 35.743721901 ], [ 136.946667398, 35.743666351 ], [ 136.946611838, 35.743666351 ], [ 136.946611838, 35.74361079 ], [ 136.946556288, 35.74361079 ] ], [ [ 136.947834063, 35.746166356 ], [ 136.947889623, 35.746166356 ], [ 136.947945173, 35.746166356 ], [ 136.947945173, 35.746221906 ], [ 136.947889623, 35.746221906 ], [ 136.947834063, 35.746221906 ], [ 136.947834063, 35.746166356 ] ], [ [ 136.94755629, 35.744277463 ], [ 136.94761184, 35.744277463 ], [ 136.94761184, 35.744333013 ], [ 136.94761184, 35.744388573 ], [ 136.94755629, 35.744388573 ], [ 136.94755629, 35.744333013 ], [ 136.94755629, 35.744277463 ] ], [ [ 136.946889619, 35.744221902 ], [ 136.946945169, 35.744221902 ], [ 136.946945169, 35.744277462 ], [ 136.947000729, 35.744277462 ], [ 136.94700073, 35.744333012 ], [ 136.94694517, 35.744333012 ], [ 136.946889619, 35.744333012 ], [ 136.946834059, 35.744333012 ], [ 136.946834059, 35.744277462 ], [ 136.946889619, 35.744277462 ], [ 136.946889619, 35.744221902 ] ], [ [ 136.94750073, 35.744110793 ], [ 136.94755629, 35.744110793 ], [ 136.94755629, 35.744166353 ], [ 136.94750073, 35.744166353 ], [ 136.94750073, 35.744110793 ] ] ] } },
{ "type": "Feature", "properties": { "A31a_101": "8505090104", "A31a_102": "吉田川", "A31a_103": "21", "A31a_104": "岐阜県", "A31a_105": 2 }, "geometry": { "type": "Polygon", "coordinates": [ [ [ 136.948556292, 35.745555246 ], [ 136.948556292, 35.745610796 ], [ 136.948611842, 35.745610796 ], [ 136.948611842, 35.745555246 ], [ 136.948556292, 35.745555246 ] ] ] } },
{ "type": "Feature", "properties": { "A31a_101": "8505090104", "A31a_102": "吉田川", "A31a_103": "21", "A31a_104": "岐阜県", "A31a_105": 2 }, "geometry": { "type": "Polygon", "coordinates": [ [ [ 136.947334062, 35.745999685 ], [ 136.947334062, 35.746055245 ], [ 136.947334062, 35.746110795 ], [ 136.947389622, 35.746110795 ], [ 136.947389622, 35.746055245 ], [ 136.947389622, 35.745999685 ], [ 136.947334062, 35.745999685 ] ] ] } },
{ "type": "Feature", "properties": { "A31a_101": "8505090104", "A31a_102": "吉田川", "A31a_103": "21", "A31a_104": "岐阜県", "A31a_105": 2 }, "geometry": { "type": "Polygon", "coordinates": [ [ [ 136.947389622, 35.746110795 ], [ 136.947389622, 35.746166355 ], [ 136.947389622, 35.746221905 ], [ 136.947445172, 35.746221905 ], [ 136.947445172, 35.746166355 ], [ 136.947445172, 35.746110795 ], [ 136.947389622, 35.746110795 ] ] ] } },
{ "type": "Feature", "properties": { "A31a_101": "8505090104", "A31a_102": "吉田川", "A31a_103": "21", "A31a_104": "岐阜県", "A31a_105": 2 }, "geometry": { "type": "Polygon", "coordinates": [ [ [ 136.947500733, 35.746388575 ], [ 136.947500733, 35.746444125 ], [ 136.947500733, 35.746499686 ], [ 136.947556293, 35.746499686 ], [ 136.947556293, 35.746444126 ], [ 136.947556293, 35.746388576 ], [ 136.947500733, 35.746388575 ] ] ] } },
{ "type": "Feature", "properties": { "A31a_101": "8505090104", "A31a_102": "吉田川", "A31a_103": "21", "A31a_104": "岐阜県", "A31a_105": 2 }, "geometry": { "type": "Polygon", "coordinates": [ [ [ 136.947556293, 35.746499686 ], [ 136.947556293, 35.746555246 ], [ 136.947556293, 35.746610796 ], [ 136.947611843, 35.746610796 ], [ 136.947611843, 35.746555246 ], [ 136.947611843, 35.746499686 ], [ 136.947556293, 35.746499686 ] ] ] } },
{ "type": "Feature", "properties": { "A31a_101": "8505090104", "A31a_102": "吉田川", "A31a_103": "21", "A31a_104": "岐阜県", "A31a_105": 2 }, "geometry": { "type": "Polygon", "coordinates": [ [ [ 136.947500733, 35.746666356 ], [ 136.947500733, 35.746721906 ], [ 136.947556293, 35.746721906 ], [ 136.947556293, 35.746666356 ], [ 136.947500733, 35.746666356 ] ] ] } },
{ "type": "Feature", "properties": { "A31a_101": "8505090104", "A31a_102": "吉田川", "A31a_103": "21", "A31a_104": "岐阜県", "A31a_105": 2 }, "geometry": { "type": "Polygon", "coordinates": [ [ [ 136.947611843, 35.746666356 ], [ 136.947611843, 35.746721906 ], [ 136.947556293, 35.746721906 ], [ 136.947556293, 35.746777466 ], [ 136.947556293, 35.746833016 ], [ 136.947556293, 35.746888576 ], [ 136.947611843, 35.746888576 ], [ 136.947667404, 35.746888576 ], [ 136.947722954, 35.746888576 ], [ 136.947722953, 35.746833016 ], [ 136.947722953, 35.746777466 ], [ 136.947667403, 35.746777466 ], [ 136.947667403, 35.746721906 ], [ 136.947667403, 35.746666356 ], [ 136.947611843, 35.746666356 ] ] ] } },
{ "type": "Feature", "properties": { "A31a_101": "8505090104", "A31a_102": "吉田川", "A31a_103": "21", "A31a_104": "岐阜県", "A31a_105": 2 }, "geometry": { "type": "Polygon", "coordinates": [ [ [ 136.947778514, 35.747055247 ], [ 136.947778514, 35.747110797 ], [ 136.947778514, 35.747166357 ], [ 136.947778514, 35.747221907 ], [ 136.947778514, 35.747277467 ], [ 136.947778514, 35.747333017 ], [ 136.947778514, 35.747388577 ], [ 136.947778514, 35.747444127 ], [ 136.947778514, 35.747499687 ], [ 136.947778514, 35.747555247 ], [ 136.947778515, 35.747610797 ], [ 136.947778515, 35.747666358 ], [ 136.947778515, 35.747721908 ], [ 136.947778515, 35.747777468 ], [ 136.947778515, 35.747833018 ], [ 136.947778515, 35.747888578 ], [ 136.947778515, 35.747944128 ], [ 136.947834065, 35.747944128 ], [ 136.947834065, 35.747999688 ], [ 136.947889625, 35.747999688 ], [ 136.947945175, 35.747999688 ], [ 136.948000735, 35.747999688 ], [ 136.948056295, 35.747999688 ], [ 136.948056295, 35.748055248 ], [ 136.948056295, 35.748110799 ], [ 136.948056295, 35.748166359 ], [ 136.948111846, 35.748166359 ], [ 136.948167406, 35.748166359 ], [ 136.948167406, 35.748221909 ], [ 136.948222956, 35.748221909 ], [ 136.948222956, 35.748277469 ], [ 136.948222956, 35.748333019 ], [ 136.948278516, 35.748333019 ], [ 136.948334066, 35.748333019 ], [ 136.948334066, 35.748277469 ], [ 136.948334066, 35.748221909 ], [ 136.948334066, 35.748166359 ], [ 136.948389626, 35.748166359 ], [ 136.948389626, 35.748221909 ], [ 136.948445176, 35.748221909 ], [ 136.948500736, 35.748221909 ], [ 136.948556296, 35.74822191 ], [ 136.948611846, 35.74822191 ], [ 136.948611846, 35.74816636 ], [ 136.948556296, 35.74816636 ], [ 136.948556296, 35.748110799 ], [ 136.948500736, 35.748110799 ], [ 136.948445176, 35.748110799 ], [ 136.948445176, 35.748055249 ], [ 136.948389625, 35.748055249 ], [ 136.948334065, 35.748055249 ], [ 136.948278515, 35.748055249 ], [ 136.948278515, 35.747999689 ], [ 136.948222955, 35.747999689 ], [ 136.948167405, 35.747999689 ], [ 136.948167405, 35.747944129 ], [ 136.948111845, 35.747944128 ], [ 136.948056295, 35.747944128 ], [ 136.948000735, 35.747944128 ], [ 136.948000735, 35.747888578 ], [ 136.947945175, 35.747888578 ], [ 136.947889625, 35.747888578 ], [ 136.947889625, 35.747833018 ], [ 136.947889625, 35.747777468 ], [ 136.947889625, 35.747721908 ], [ 136.947889625, 35.747666358 ], [ 136.947889625, 35.747610798 ], [ 136.947889625, 35.747555248 ], [ 136.947834065, 35.747555247 ], [ 136.947834064, 35.747499687 ], [ 136.947834064, 35.747444127 ], [ 136.947834064, 35.747388577 ], [ 136.947834064, 35.747333017 ], [ 136.947834064, 35.747277467 ], [ 136.947834064, 35.747221907 ], [ 136.947834064, 35.747166357 ], [ 136.947834064, 35.747110797 ], [ 136.947834064, 35.747055247 ], [ 136.947778514, 35.747055247 ] ] ] } },
{ "type": "Feature", "properties": { "A31a_101": "8505090104", "A31a_102": "吉田川", "A31a_103": "21", "A31a_104": "岐阜県", "A31a_105": 2 }, "geometry": { "type": "Polygon", "coordinates": [ [ [ 136.948334063, 35.745999686 ], [ 136.948334063, 35.746055246 ], [ 136.948334063, 35.746110796 ], [ 136.948334063, 35.746166357 ], [ 136.948334063, 35.746221907 ], [ 136.948334063, 35.746277467 ], [ 136.948334063, 35.746333017 ], [ 136.948389623, 35.746333017 ], [ 136.948389623, 35.746277467 ], [ 136.948389623, 35.746221907 ], [ 136.948389623, 35.746166357 ], [ 136.948389623, 35.746110797 ], [ 136.948389623, 35.746055246 ], [ 136.948389623, 35.745999686 ], [ 136.948334063, 35.745999686 ] ] ] } },
{ "type": "Feature", "properties": { "A31a_101": "8505090104", "A31a_102": "吉田川", "A31a_103": "21", "A31a_104": "岐阜県", "A31a_105": 2 }, "geometry": { "type": "Polygon", "coordinates": [ [ [ 136.950889625, 35.747055252 ], [ 136.950889625, 35.747110802 ], [ 136.950945175, 35.747110802 ], [ 136.950945175, 35.747055252 ], [ 136.950889625, 35.747055252 ] ] ] } },
{ "type": "Feature", "properties": { "A31a_101": "8505090104", "A31a_102": "吉田川", "A31a_103": "21", "A31a_104": "岐阜県", "A31a_105": 2 }, "geometry": { "type": "Polygon", "coordinates": [ [ [ 136.948834063, 35.746333018 ], [ 136.948834063, 35.746388578 ], [ 136.948834064, 35.746444128 ], [ 136.948889624, 35.746444128 ], [ 136.948889624, 35.746499688 ], [ 136.948945174, 35.746499688 ], [ 136.948945174, 35.746555248 ], [ 136.949000734, 35.746555248 ], [ 136.949000734, 35.746610798 ], [ 136.949056294, 35.746610798 ], [ 136.949056294, 35.746666358 ], [ 136.949111844, 35.746666358 ], [ 136.949167404, 35.746666359 ], [ 136.949167404, 35.746721909 ], [ 136.949167404, 35.746777469 ], [ 136.949167404, 35.746833019 ], [ 136.949222954, 35.746833019 ], [ 136.949222954, 35.746888579 ], [ 136.949278514, 35.746888579 ], [ 136.949278514, 35.746833019 ], [ 136.949278514, 35.746777469 ], [ 136.949334064, 35.746777469 ], [ 136.949334064, 35.746833019 ], [ 136.949389624, 35.746833019 ], [ 136.949389624, 35.746888579 ], [ 136.949334064, 35.746888579 ], [ 136.949334064, 35.746944129 ], [ 136.949389624, 35.746944129 ], [ 136.949445175, 35.746944129 ], [ 136.949445174, 35.746888579 ], [ 136.949500734, 35.746888579 ], [ 136.949500735, 35.74694413 ], [ 136.949445175, 35.746944129 ], [ 136.949445175, 35.74699969 ], [ 136.949500735, 35.74699969 ], [ 136.949556295, 35.74699969 ], [ 136.949556295, 35.74705525 ], [ 136.949611845, 35.74705525 ], [ 136.949667405, 35.74705525 ], [ 136.949667405, 35.74699969 ], [ 136.949722955, 35.74699969 ], [ 136.949722955, 35.74705525 ], [ 136.949778515, 35.74705525 ], [ 136.949778515, 35.7471108 ], [ 136.949722955, 35.7471108 ], [ 136.949667405, 35.7471108 ], [ 136.949611845, 35.7471108 ], [ 136.949556295, 35.7471108 ], [ 136.949500735, 35.7471108 ], [ 136.949500735, 35.74716636 ], [ 136.949556295, 35.74716636 ], [ 136.949556295, 35.74722191 ], [ 136.949611845, 35.74722191 ], [ 136.949611845, 35.74727747 ], [ 136.949667405, 35.74727747 ], [ 136.949722955, 35.74727747 ], [ 136.949722955, 35.74733302 ], [ 136.949667405, 35.74733302 ], [ 136.949667405, 35.74738858 ], [ 136.949611845, 35.74738858 ], [ 136.949611845, 35.74744413 ], [ 136.949611845, 35.74749969 ], [ 136.949556295, 35.74749969 ], [ 136.949556295, 35.74755525 ], [ 136.949556295, 35.7476108 ], [ 136.949500735, 35.7476108 ], [ 136.949445175, 35.7476108 ], [ 136.949389625, 35.7476108 ], [ 136.949389625, 35.74755525 ], [ 136.949334065, 35.74755525 ], [ 136.949278515, 35.74755525 ], [ 136.949222955, 35.74755525 ], [ 136.949222955, 35.74749969 ], [ 136.949167405, 35.74749969 ], [ 136.949111845, 35.74749969 ], [ 136.949111845, 35.74744413 ], [ 136.949056295, 35.747444129 ], [ 136.949000735, 35.747444129 ], [ 136.949000735, 35.747499689 ], [ 136.948945175, 35.747499689 ], [ 136.948945175, 35.747555249 ], [ 136.948945175, 35.747610799 ], [ 136.948889625, 35.747610799 ], [ 136.948889625, 35.747666359 ], [ 136.948834065, 35.747666359 ], [ 136.948834065, 35.747610799 ], [ 136.948778515, 35.747610799 ], [ 136.948722955, 35.747610799 ], [ 136.948667405, 35.747610799 ], [ 136.948667405, 35.747555249 ], [ 136.948611845, 35.747555249 ], [ 136.948556295, 35.747555249 ], [ 136.948500735, 35.747555249 ], [ 136.948500735, 35.747610799 ], [ 136.948445175, 35.747610799 ], [ 136.948445175, 35.747666359 ], [ 136.948445175, 35.747721909 ], [ 136.948389625, 35.747721909 ], [ 136.948389625, 35.747777469 ], [ 136.948445175, 35.747777469 ], [ 136.948500735, 35.747777469 ], [ 136.948556295, 35.747777469 ], [ 136.948611845, 35.747777469 ], [ 136.948611845, 35.747833019 ], [ 136.948611845, 35.747888579 ], [ 136.948667405, 35.747888579 ], [ 136.948722955, 35.747888579 ], [ 136.948778515, 35.74788858 ], [ 136.948778516, 35.74794413 ], [ 136.948834066, 35.74794413 ], [ 136.948834066, 35.74799969 ], [ 136.948889626, 35.74799969 ], [ 136.948945176, 35.74799969 ], [ 136.948945176, 35.74805525 ], [ 136.948945176, 35.7481108 ], [ 136.948945176, 35.74816636 ], [ 136.948945176, 35.74822191 ], [ 136.948889626, 35.74822191 ], [ 136.948834066, 35.74822191 ], [ 136.948778516, 35.74822191 ], [ 136.948722956, 35.74822191 ], [ 136.948667406, 35.74822191 ], [ 136.948611846, 35.74822191 ], [ 136.948611846, 35.74827747 ], [ 136.948667406, 35.74827747 ], [ 136.948722956, 35.74827747 ], [ 136.948778516, 35.74827747 ], [ 136.948834066, 35.74827747 ], [ 136.948889626, 35.74827747 ], [ 136.948889626, 35.74833302 ], [ 136.948945176, 35.74833302 ], [ 136.949000736, 35.74833302 ], [ 136.949056296, 35.748333021 ], [ 136.949111846, 35.748333021 ], [ 136.949167406, 35.748333021 ], [ 136.949222956, 35.748333021 ], [ 136.949278516, 35.748333021 ], [ 136.949334066, 35.748333021 ], [ 136.949389626, 35.748333021 ], [ 136.949445176, 35.748333021 ], [ 136.949500736, 35.748333021 ], [ 136.949556296, 35.748333021 ], [ 136.949556297, 35.748388582 ], [ 136.949611847, 35.748388582 ], [ 136.949667407, 35.748388582 ], [ 136.949722957, 35.748388582 ], [ 136.949778517, 35.748388582 ], [ 136.949834067, 35.748388582 ], [ 136.949889627, 35.748388582 ], [ 136.949945177, 35.748388582 ], [ 136.950000737, 35.748388582 ], [ 136.950056297, 35.748388582 ], [ 136.950111847, 35.748388582 ], [ 136.950167407, 35.748388583 ], [ 136.950222957, 35.748388583 ], [ 136.950278517, 35.748388583 ], [ 136.950334067, 35.748388583 ], [ 136.950334067, 35.748333023 ], [ 136.950389627, 35.748333023 ], [ 136.950445177, 35.748333023 ], [ 136.950445177, 35.748388583 ], [ 136.950500737, 35.748388583 ], [ 136.950556297, 35.748388583 ], [ 136.950556297, 35.748333023 ], [ 136.950500737, 35.748333023 ], [ 136.950500737, 35.748277473 ], [ 136.950556297, 35.748277473 ], [ 136.950611847, 35.748277473 ], [ 136.950611847, 35.748333023 ], [ 136.950667407, 35.748333023 ], [ 136.950722957, 35.748333023 ], [ 136.950778517, 35.748333024 ], [ 136.950834067, 35.748333024 ], [ 136.950889627, 35.748333024 ], [ 136.950945177, 35.748333024 ], [ 136.951000737, 35.748333024 ], [ 136.951056297, 35.748333024 ], [ 136.951111847, 35.748333024 ], [ 136.951167407, 35.748333024 ], [ 136.951222957, 35.748333024 ], [ 136.951222957, 35.748277474 ], [ 136.951167407, 35.748277474 ], [ 136.951111847, 35.748277474 ], [ 136.951111847, 35.748221914 ], [ 136.951167407, 35.748221914 ], [ 136.951222957, 35.748221914 ], [ 136.951278517, 35.748221914 ], [ 136.951334067, 35.748221914 ], [ 136.951389627, 35.748221914 ], [ 136.951389627, 35.748277474 ], [ 136.951334067, 35.748277474 ], [ 136.951278517, 35.748277474 ], [ 136.951278517, 35.748333024 ], [ 136.951278517, 35.748388584 ], [ 136.951334067, 35.748388585 ], [ 136.951389627, 35.748388585 ], [ 136.951389627, 35.748333025 ], [ 136.951445177, 35.748333025 ], [ 136.951500737, 35.748333025 ], [ 136.951556297, 35.748333025 ], [ 136.951611847, 35.748333025 ], [ 136.951667407, 35.748333025 ], [ 136.951722957, 35.748333025 ], [ 136.951778517, 35.748333025 ], [ 136.951834067, 35.748333025 ], [ 136.951889627, 35.748333025 ], [ 136.951889627, 35.748388585 ], [ 136.951945177, 35.748388586 ], [ 136.951945177, 35.748333026 ], [ 136.952000737, 35.748333026 ], [ 136.952000737, 35.748388586 ], [ 136.952056297, 35.748388586 ], [ 136.952111847, 35.748388586 ], [ 136.952167407, 35.748388586 ], [ 136.952222957, 35.748388586 ], [ 136.952222957, 35.748333026 ], [ 136.952167407, 35.748333026 ], [ 136.952167407, 35.748277476 ], [ 136.952222957, 35.748277476 ], [ 136.952278517, 35.748277476 ], [ 136.952334067, 35.748277476 ], [ 136.952334067, 35.748221916 ], [ 136.952389627, 35.748221916 ], [ 136.952445177, 35.748221916 ], [ 136.952500737, 35.748221916 ], [ 136.952556297, 35.748221916 ], [ 136.952611847, 35.748221916 ], [ 136.952611847, 35.748166366 ], [ 136.952667407, 35.748166366 ], [ 136.952667407, 35.748221917 ], [ 136.952722957, 35.748221917 ], [ 136.952722957, 35.748166367 ], [ 136.952778517, 35.748166367 ], [ 136.952778517, 35.748221917 ], [ 136.952834067, 35.748221917 ], [ 136.952834067, 35.748166367 ], [ 136.952889627, 35.748166367 ], [ 136.952889627, 35.748221917 ], [ 136.952945177, 35.748221917 ], [ 136.953000737, 35.748221917 ], [ 136.953056297, 35.748221917 ], [ 136.953111848, 35.748221917 ], [ 136.953167408, 35.748221917 ], [ 136.953167407, 35.748166367 ], [ 136.953222957, 35.748166367 ], [ 136.953278517, 35.748166368 ], [ 136.953278517, 35.748110807 ], [ 136.953278517, 35.748055257 ], [ 136.953222957, 35.748055257 ], [ 136.953167407, 35.748055257 ], [ 136.953167407, 35.747999697 ], [ 136.953111847, 35.747999697 ], [ 136.953056297, 35.747999697 ], [ 136.953000737, 35.747999697 ], [ 136.952945177, 35.747999697 ], [ 136.952889627, 35.747999697 ], [ 136.952834067, 35.747999697 ], [ 136.952778517, 35.747999696 ], [ 136.952722957, 35.747999696 ], [ 136.952722957, 35.748055256 ], [ 136.952667407, 35.748055256 ], [ 136.952611847, 35.748055256 ], [ 136.952556297, 35.748055256 ], [ 136.952556297, 35.747999696 ], [ 136.952500737, 35.747999696 ], [ 136.952500737, 35.748055256 ], [ 136.952445177, 35.748055256 ], [ 136.952445177, 35.747999696 ], [ 136.952389627, 35.747999696 ], [ 136.952389627, 35.748055256 ], [ 136.952334067, 35.748055256 ], [ 136.952334067, 35.747999696 ], [ 136.952278517, 35.747999696 ], [ 136.952222957, 35.747999695 ], [ 136.952167407, 35.747999695 ], [ 136.952167407, 35.748055255 ], [ 136.952111847, 35.748055255 ], [ 136.952056297, 35.748055255 ], [ 136.952000737, 35.748055255 ], [ 136.951945177, 35.748055255 ], [ 136.951889627, 35.748055255 ], [ 136.951834067, 35.748055255 ], [ 136.951778517, 35.748055255 ], [ 136.951722957, 35.748055255 ], [ 136.951722957, 35.747999695 ], [ 136.951722957, 35.747944135 ], [ 136.951667407, 35.747944134 ], [ 136.951667407, 35.747999695 ], [ 136.951611847, 35.747999694 ], [ 136.951611847, 35.748055255 ], [ 136.951556297, 35.748055254 ], [ 136.951500737, 35.748055254 ], [ 136.951445177, 35.748055254 ], [ 136.951445177, 35.747999694 ], [ 136.951389627, 35.747999694 ], [ 136.951334067, 35.747999694 ], [ 136.951278517, 35.747999694 ], [ 136.951278517, 35.747944134 ], [ 136.951222957, 35.747944134 ], [ 136.951167407, 35.747944134 ], [ 136.951167406, 35.747888584 ], [ 136.951111846, 35.747888583 ], [ 136.951111846, 35.747833023 ], [ 136.951056296, 35.747833023 ], [ 136.951000736, 35.747833023 ], [ 136.951000736, 35.747777473 ], [ 136.951000736, 35.747721913 ], [ 136.951056296, 35.747721913 ], [ 136.951056296, 35.747666363 ], [ 136.951000736, 35.747666363 ], [ 136.950945176, 35.747666363 ], [ 136.950945176, 35.747610803 ], [ 136.951000736, 35.747610803 ], [ 136.951000736, 35.747555253 ], [ 136.950945176, 35.747555253 ], [ 136.950945176, 35.747499693 ], [ 136.950889626, 35.747499693 ], [ 136.950889626, 35.747444132 ], [ 136.950834066, 35.747444132 ], [ 136.950834066, 35.747388582 ], [ 136.950834066, 35.747333022 ], [ 136.950834066, 35.747277472 ], [ 136.950778516, 35.747277472 ], [ 136.950778516, 35.747333022 ], [ 136.950722956, 35.747333022 ], [ 136.950722956, 35.747388582 ], [ 136.950667406, 35.747388582 ], [ 136.950667406, 35.747444132 ], [ 136.950667406, 35.747499692 ], [ 136.950667406, 35.747555252 ], [ 136.950611846, 35.747555252 ], [ 136.950611846, 35.747610802 ], [ 136.950667406, 35.747610802 ], [ 136.950667406, 35.747666362 ], [ 136.950667406, 35.747721913 ], [ 136.950667406, 35.747777473 ], [ 136.950722956, 35.747777473 ], [ 136.950722956, 35.747833023 ], [ 136.950667406, 35.747833023 ], [ 136.950611846, 35.747833023 ], [ 136.950611846, 35.747888583 ], [ 136.950667406, 35.747888583 ], [ 136.950722956, 35.747888583 ], [ 136.950722956, 35.747944133 ], [ 136.950667406, 35.747944133 ], [ 136.950667406, 35.747999693 ], [ 136.950611846, 35.747999693 ], [ 136.950556296, 35.747999693 ], [ 136.950556296, 35.748055253 ], [ 136.950500736, 35.748055253 ], [ 136.950445176, 35.748055253 ], [ 136.950445177, 35.748110803 ], [ 136.950445177, 35.748166363 ], [ 136.950389627, 35.748166363 ], [ 136.950389627, 35.748221913 ], [ 136.950334067, 35.748221913 ], [ 136.950334067, 35.748166363 ], [ 136.950334066, 35.748110802 ], [ 136.950334066, 35.748055252 ], [ 136.950334066, 35.747999692 ], [ 136.950334066, 35.747944132 ], [ 136.950334066, 35.747888582 ], [ 136.950334066, 35.747833022 ], [ 136.950278516, 35.747833022 ], [ 136.950278516, 35.747888582 ], [ 136.950278516, 35.747944132 ], [ 136.950278516, 35.747999692 ], [ 136.950278516, 35.748055252 ], [ 136.950222956, 35.748055252 ], [ 136.950222956, 35.748110802 ], [ 136.950167406, 35.748110802 ], [ 136.950167406, 35.748055252 ], [ 136.950167406, 35.747999692 ], [ 136.950111846, 35.747999692 ], [ 136.950111846, 35.747944132 ], [ 136.950167406, 35.747944132 ], [ 136.950222956, 35.747944132 ], [ 136.950222956, 35.747888582 ], [ 136.950167406, 35.747888582 ], [ 136.950111846, 35.747888582 ], [ 136.950111846, 35.747833022 ], [ 136.950111846, 35.747777472 ], [ 136.950167406, 35.747777472 ], [ 136.950167406, 35.747721912 ], [ 136.950222956, 35.747721912 ], [ 136.950222956, 35.747666362 ], [ 136.950278516, 35.747666362 ], [ 136.950278516, 35.747721912 ], [ 136.950334066, 35.747721912 ], [ 136.950334066, 35.747666362 ], [ 136.950389626, 35.747666362 ], [ 136.950389626, 35.747610802 ], [ 136.950334066, 35.747610802 ], [ 136.950334066, 35.747555252 ], [ 136.950389626, 35.747555252 ], [ 136.950445176, 35.747555252 ], [ 136.950445176, 35.747499692 ], [ 136.950445176, 35.747444132 ], [ 136.950500736, 35.747444132 ], [ 136.950500736, 35.747388582 ], [ 136.950500736, 35.747333022 ], [ 136.950500735, 35.747277472 ], [ 136.950556295, 35.747277472 ], [ 136.950556295, 35.747221912 ], [ 136.950611845, 35.747221912 ], [ 136.950667405, 35.747221912 ], [ 136.950667405, 35.747166362 ], [ 136.950722955, 35.747166362 ], [ 136.950778515, 35.747166362 ], [ 136.950778515, 35.747110802 ], [ 136.950722955, 35.747110802 ], [ 136.950667405, 35.747110802 ], [ 136.950611845, 35.747110802 ], [ 136.950611845, 35.747055252 ], [ 136.950556295, 35.747055251 ], [ 136.950500735, 35.747055251 ], [ 136.950500735, 35.746999691 ], [ 136.950556295, 35.746999691 ], [ 136.950556295, 35.746944131 ], [ 136.950611845, 35.746944131 ], [ 136.950611845, 35.746999691 ], [ 136.950667405, 35.746999692 ], [ 136.950722955, 35.746999692 ], [ 136.950722955, 35.746944132 ], [ 136.950667405, 35.746944131 ], [ 136.950667405, 35.746888581 ], [ 136.950611845, 35.746888581 ], [ 136.950556295, 35.746888581 ], [ 136.950500735, 35.746888581 ], [ 136.950500735, 35.746944131 ], [ 136.950445175, 35.746944131 ], [ 136.950445175, 35.746888581 ], [ 136.950445175, 35.746833021 ], [ 136.950445175, 35.746777471 ], [ 136.950389625, 35.746777471 ], [ 136.950334065, 35.746777471 ], [ 136.950278515, 35.746777471 ], [ 136.950222955, 35.746777471 ], [ 136.950167405, 35.74677747 ], [ 136.950111845, 35.74677747 ], [ 136.950111845, 35.74672191 ], [ 136.950056295, 35.74672191 ], [ 136.950000735, 35.74672191 ], [ 136.949945174, 35.74672191 ], [ 136.949889624, 35.74672191 ], [ 136.949889624, 35.74666636 ], [ 136.949834064, 35.74666636 ], [ 136.949834064, 35.7466108 ], [ 136.949778514, 35.7466108 ], [ 136.949778514, 35.746555249 ], [ 136.949722954, 35.746555249 ], [ 136.949722954, 35.746610799 ], [ 136.949722954, 35.74666636 ], [ 136.949667404, 35.746666359 ], [ 136.949667404, 35.74672191 ], [ 136.949722954, 35.74672191 ], [ 136.949722954, 35.74677747 ], [ 136.949722955, 35.74683302 ], [ 136.949667404, 35.74683302 ], [ 136.949611844, 35.74683302 ], [ 136.949611845, 35.74688858 ], [ 136.949556295, 35.74688858 ], [ 136.949556294, 35.746833019 ], [ 136.949500734, 35.746833019 ], [ 136.949445174, 35.746833019 ], [ 136.949445174, 35.746777469 ], [ 136.949389624, 35.746777469 ], [ 136.949389624, 35.746721909 ], [ 136.949334064, 35.746721909 ], [ 136.949334064, 35.746666359 ], [ 136.949278514, 35.746666359 ], [ 136.949278514, 35.746610799 ], [ 136.949222954, 35.746610799 ], [ 136.949222954, 35.746555249 ], [ 136.949167404, 35.746555248 ], [ 136.949167404, 35.746499688 ], [ 136.949111844, 35.746499688 ], [ 136.949056294, 35.746499688 ], [ 136.949000734, 35.746499688 ], [ 136.949000734, 35.746444128 ], [ 136.948945174, 35.746444128 ], [ 136.948945174, 35.746388578 ], [ 136.948889623, 35.746388578 ], [ 136.948889623, 35.746333018 ], [ 136.948834063, 35.746333018 ] ], [ [ 136.951834067, 35.748166365 ], [ 136.951889627, 35.748166365 ], [ 136.951945177, 35.748166365 ], [ 136.952000737, 35.748166365 ], [ 136.952056297, 35.748166365 ], [ 136.952111847, 35.748166366 ], [ 136.952111847, 35.748221916 ], [ 136.952056297, 35.748221916 ], [ 136.952000737, 35.748221915 ], [ 136.951945177, 35.748221915 ], [ 136.951889627, 35.748221915 ], [ 136.951834067, 35.748221915 ], [ 136.951834067, 35.748166365 ] ], [ [ 136.950000736, 35.747999692 ], [ 136.950056296, 35.747999692 ], [ 136.950056296, 35.748055252 ], [ 136.950000736, 35.748055252 ], [ 136.950000736, 35.747999692 ] ], [ [ 136.949945176, 35.747888582 ], [ 136.950000736, 35.747888582 ], [ 136.950000736, 35.747944132 ], [ 136.949945176, 35.747944132 ], [ 136.949945176, 35.747888582 ] ], [ [ 136.949722956, 35.747833021 ], [ 136.949778516, 35.747833021 ], [ 136.949778516, 35.747888581 ], [ 136.949722956, 35.747888581 ], [ 136.949722956, 35.747833021 ] ], [ [ 136.949778516, 35.747777471 ], [ 136.949834066, 35.747777471 ], [ 136.949834066, 35.747833021 ], [ 136.949778516, 35.747833021 ], [ 136.949778516, 35.747777471 ] ], [ [ 136.949889626, 35.747721911 ], [ 136.949945176, 35.747721911 ], [ 136.950000736, 35.747721911 ], [ 136.950000736, 35.747777471 ], [ 136.950000736, 35.747833022 ], [ 136.949945176, 35.747833021 ], [ 136.949889626, 35.747833021 ], [ 136.949889626, 35.747777471 ], [ 136.949889626, 35.747721911 ] ], [ [ 136.949611846, 35.747721911 ], [ 136.949667406, 35.747721911 ], [ 136.949722956, 35.747721911 ], [ 136.949722956, 35.747777471 ], [ 136.949667406, 35.747777471 ], [ 136.949611846, 35.747777471 ], [ 136.949611846, 35.747721911 ] ], [ [ 136.950722956, 35.747444132 ], [ 136.950778516, 35.747444132 ], [ 136.950778516, 35.747499692 ], [ 136.950722956, 35.747499692 ], [ 136.950722956, 35.747444132 ] ], [ [ 136.949778514, 35.74672191 ], [ 136.949834064, 35.74672191 ], [ 136.949834065, 35.74677747 ], [ 136.949778514, 35.74677747 ], [ 136.949778514, 35.74672191 ] ] ] } },
{ "type": "Feature", "properties": { "A31a_101": "8505090104", "A31a_102": "吉田川", "A31a_103": "21", "A31a_104": "岐阜県", "A31a_105": 2 }, "geometry": { "type": "Polygon", "coordinates": [ [ [ 136.948722943, 35.738221896 ], [ 136.948722943, 35.738277456 ], [ 136.948778503, 35.738277456 ], [ 136.948834053, 35.738277456 ], [ 136.948834053, 35.738221896 ], [ 136.948778503, 35.738221896 ], [ 136.948722943, 35.738221896 ] ] ] } },
{ "type": "Feature", "properties": { "A31a_101": "8505090104", "A31a_102": "吉田川", "A31a_103": "21", "A31a_104": "岐阜県", "A31a_105": 2 }, "geometry": { "type": "Polygon", "coordinates": [ [ [ 136.949056284, 35.738221896 ], [ 136.949056284, 35.738277456 ], [ 136.949111834, 35.738277456 ], [ 136.949167394, 35.738277456 ], [ 136.949167394, 35.738221896 ], [ 136.949111834, 35.738221896 ], [ 136.949056284, 35.738221896 ] ] ] } },
{ "type": "Feature", "properties": { "A31a_101": "8505090104", "A31a_102": "吉田川", "A31a_103": "21", "A31a_104": "岐阜県", "A31a_105": 2 }, "geometry": { "type": "Polygon", "coordinates": [ [ [ 136.947445163, 35.739110785 ], [ 136.947445163, 35.739166345 ], [ 136.947445163, 35.739221895 ], [ 136.947445163, 35.739277456 ], [ 136.947389613, 35.739277455 ], [ 136.947389613, 35.739333006 ], [ 136.947389613, 35.739388566 ], [ 136.947389614, 35.739444116 ], [ 136.947389614, 35.739499676 ], [ 136.947445164, 35.739499676 ], [ 136.947445164, 35.739444116 ], [ 136.947445163, 35.739388566 ], [ 136.947500724, 35.739388566 ], [ 136.947500723, 35.739333006 ], [ 136.947500723, 35.739277456 ], [ 136.947500723, 35.739221896 ], [ 136.947500723, 35.739166345 ], [ 136.947500723, 35.739110785 ], [ 136.947445163, 35.739110785 ] ] ] } },
{ "type": "Feature", "properties": { "A31a_101": "8505090104", "A31a_102": "吉田川", "A31a_103": "21", "A31a_104": "岐阜県", "A31a_105": 2 }, "geometry": { "type": "Polygon", "coordinates": [ [ [ 136.949889614, 35.738221897 ], [ 136.949889614, 35.738277458 ], [ 136.949945164, 35.738277458 ], [ 136.949945164, 35.738221898 ], [ 136.949889614, 35.738221897 ] ] ] } },
{ "type": "Feature", "properties": { "A31a_101": "8505090104", "A31a_102": "吉田川", "A31a_103": "21", "A31a_104": "岐阜県", "A31a_105": 2 }, "geometry": { "type": "Polygon", "coordinates": [ [ [ 136.9486674, 35.744110794 ], [ 136.9486674, 35.744166355 ], [ 136.9486674, 35.744221905 ], [ 136.9486674, 35.744277465 ], [ 136.94872295, 35.744277465 ], [ 136.94872295, 35.744221905 ], [ 136.94872295, 35.744166355 ], [ 136.94872295, 35.744110795 ], [ 136.9486674, 35.744110794 ] ] ] } },
{ "type": "Feature", "properties": { "A31a_101": "8505090104", "A31a_102": "吉田川", "A31a_103": "21", "A31a_104": "岐阜県", "A31a_105": 2 }, "geometry": { "type": "Polygon", "coordinates": [ [ [ 136.948445169, 35.743555243 ], [ 136.948445169, 35.743610793 ], [ 136.948500729, 35.743610794 ], [ 136.948556289, 35.743610794 ], [ 136.948556289, 35.743555244 ], [ 136.948500729, 35.743555243 ], [ 136.948445169, 35.743555243 ] ] ] } },
{ "type": "Feature", "properties": { "A31a_101": "8505090104", "A31a_102": "吉田川", "A31a_103": "21", "A31a_104": "岐阜県", "A31a_105": 2 }, "geometry": { "type": "Polygon", "coordinates": [ [ [ 136.948611839, 35.743555244 ], [ 136.94861184, 35.743610794 ], [ 136.948556289, 35.743610794 ], [ 136.94855629, 35.743666354 ], [ 136.94861184, 35.743666354 ], [ 136.94861184, 35.743721904 ], [ 136.9486674, 35.743721904 ], [ 136.9486674, 35.743666354 ], [ 136.9486674, 35.743610794 ], [ 136.948667399, 35.743555244 ], [ 136.948611839, 35.743555244 ] ] ] } },
{ "type": "Feature", "properties": { "A31a_101": "8505090104", "A31a_102": "吉田川", "A31a_103": "21", "A31a_104": "岐阜県", "A31a_105": 2 }, "geometry": { "type": "Polygon", "coordinates": [ [ [ 136.9486674, 35.743721904 ], [ 136.9486674, 35.743777464 ], [ 136.94872295, 35.743777464 ], [ 136.94872295, 35.743721904 ], [ 136.9486674, 35.743721904 ] ] ] } },
{ "type": "Feature", "properties": { "A31a_101": "8505090104", "A31a_102": "吉田川", "A31a_103": "21", "A31a_104": "岐阜県", "A31a_105": 2 }, "geometry": { "type": "Polygon", "coordinates": [ [ [ 136.94861184, 35.743777464 ], [ 136.94861184, 35.743833014 ], [ 136.94861184, 35.743888574 ], [ 136.9486674, 35.743888574 ], [ 136.9486674, 35.743833014 ], [ 136.9486674, 35.743777464 ], [ 136.94861184, 35.743777464 ] ] ] } },
{ "type": "Feature", "properties": { "A31a_101": "8505090104", "A31a_102": "吉田川", "A31a_103": "21", "A31a_104": "岐阜県", "A31a_105": 2 }, "geometry": { "type": "Polygon", "coordinates": [ [ [ 136.9486674, 35.743999684 ], [ 136.9486674, 35.744055244 ], [ 136.94872295, 35.744055244 ], [ 136.94872295, 35.743999684 ], [ 136.9486674, 35.743999684 ] ] ] } },
{ "type": "Feature", "properties": { "A31a_101": "8505090104", "A31a_102": "吉田川", "A31a_103": "21", "A31a_104": "岐阜県", "A31a_105": 2 }, "geometry": { "type": "Polygon", "coordinates": [ [ [ 136.948611842, 35.745221906 ], [ 136.948611842, 35.745277466 ], [ 136.948556292, 35.745277466 ], [ 136.948556292, 35.745333016 ], [ 136.948611842, 35.745333016 ], [ 136.948611842, 35.745388576 ], [ 136.948667402, 35.745388576 ], [ 136.948722952, 35.745388576 ], [ 136.948722952, 35.745333016 ], [ 136.948722952, 35.745277466 ], [ 136.948722952, 35.745221906 ], [ 136.948667402, 35.745221906 ], [ 136.948611842, 35.745221906 ] ] ] } },
{ "type": "Feature", "properties": { "A31a_101": "8505090104", "A31a_102": "吉田川", "A31a_103": "21", "A31a_104": "岐阜県", "A31a_105": 2 }, "geometry": { "type": "Polygon", "coordinates": [ [ [ 136.948889623, 35.745777467 ], [ 136.948889623, 35.745833017 ], [ 136.948889623, 35.745888577 ], [ 136.948889623, 35.745944127 ], [ 136.948889623, 35.745999687 ], [ 136.948889623, 35.746055247 ], [ 136.948945173, 35.746055247 ], [ 136.948945173, 35.745999687 ], [ 136.949000733, 35.745999687 ], [ 136.949000733, 35.745944127 ], [ 136.948945173, 35.745944127 ], [ 136.948945173, 35.745888577 ], [ 136.948945173, 35.745833017 ], [ 136.948945173, 35.745777467 ], [ 136.948889623, 35.745777467 ] ] ] } },
{ "type": "Feature", "properties": { "A31a_101": "8505090104", "A31a_102": "吉田川", "A31a_103": "21", "A31a_104": "岐阜県", "A31a_105": 2 }, "geometry": { "type": "Polygon", "coordinates": [ [ [ 136.949000733, 35.745777467 ], [ 136.949000733, 35.745833017 ], [ 136.949056293, 35.745833017 ], [ 136.949056293, 35.745777467 ], [ 136.949000733, 35.745777467 ] ] ] } },
{ "type": "Feature", "properties": { "A31a_101": "8505090104", "A31a_102": "吉田川", "A31a_103": "21", "A31a_104": "岐阜県", "A31a_105": 2 }, "geometry": { "type": "Polygon", "coordinates": [ [ [ 136.949000733, 35.745888577 ], [ 136.949000733, 35.745944127 ], [ 136.949056293, 35.745944127 ], [ 136.949056293, 35.745888577 ], [ 136.949000733, 35.745888577 ] ] ] } },
{ "type": "Feature", "properties": { "A31a_101": "8505090104", "A31a_102": "吉田川", "A31a_103": "21", "A31a_104": "岐阜県", "A31a_105": 2 }, "geometry": { "type": "Polygon", "coordinates": [ [ [ 136.949000733, 35.745999687 ], [ 136.949000733, 35.746055248 ], [ 136.949056293, 35.746055248 ], [ 136.949056293, 35.745999688 ], [ 136.949000733, 35.745999687 ] ] ] } },
{ "type": "Feature", "properties": { "A31a_101": "8505090104", "A31a_102": "吉田川", "A31a_103": "21", "A31a_104": "岐阜県", "A31a_105": 2 }, "geometry": { "type": "Polygon", "coordinates": [ [ [ 136.948722953, 35.746221907 ], [ 136.948722953, 35.746277467 ], [ 136.948778513, 35.746277467 ], [ 136.948778513, 35.746221907 ], [ 136.948722953, 35.746221907 ] ] ] } },
{ "type": "Feature", "properties": { "A31a_101": "8505090104", "A31a_102": "吉田川", "A31a_103": "21", "A31a_104": "岐阜県", "A31a_105": 2 }, "geometry": { "type": "Polygon", "coordinates": [ [ [ 136.948889623, 35.746110797 ], [ 136.948889623, 35.746166357 ], [ 136.948889623, 35.746221908 ], [ 136.948945173, 35.746221908 ], [ 136.948945173, 35.746166358 ], [ 136.948945173, 35.746110797 ], [ 136.948889623, 35.746110797 ] ] ] } },
{ "type": "Feature", "properties": { "A31a_101": "8505090104", "A31a_102": "吉田川", "A31a_103": "21", "A31a_104": "岐阜県", "A31a_105": 2 }, "geometry": { "type": "Polygon", "coordinates": [ [ [ 136.949167403, 35.745777467 ], [ 136.949167403, 35.745833018 ], [ 136.949111843, 35.745833017 ], [ 136.949111843, 35.745888577 ], [ 136.949167403, 35.745888578 ], [ 136.949222953, 35.745888578 ], [ 136.949222953, 35.745833018 ], [ 136.949222953, 35.745777468 ], [ 136.949167403, 35.745777467 ] ] ] } },
{ "type": "Feature", "properties": { "A31a_101": "8505090104", "A31a_102": "吉田川", "A31a_103": "21", "A31a_104": "岐阜県", "A31a_105": 2 }, "geometry": { "type": "Polygon", "coordinates": [ [ [ 136.947611835, 35.740666348 ], [ 136.947611835, 35.740721898 ], [ 136.947667395, 35.740721898 ], [ 136.947722945, 35.740721898 ], [ 136.947722945, 35.740777458 ], [ 136.947778505, 35.740777458 ], [ 136.947778505, 35.740721898 ], [ 136.947778505, 35.740666348 ], [ 136.947722945, 35.740666348 ], [ 136.947667395, 35.740666348 ], [ 136.947611835, 35.740666348 ] ] ] } },
{ "type": "Feature", "properties": { "A31a_101": "8505090104", "A31a_102": "吉田川", "A31a_103": "21", "A31a_104": "岐阜県", "A31a_105": 2 }, "geometry": { "type": "Polygon", "coordinates": [ [ [ 136.948445169, 35.743388573 ], [ 136.948445169, 35.743444123 ], [ 136.948445169, 35.743499683 ], [ 136.948500729, 35.743499683 ], [ 136.948500729, 35.743444123 ], [ 136.948500729, 35.743388573 ], [ 136.948445169, 35.743388573 ] ] ] } },
{ "type": "Feature", "properties": { "A31a_101": "8505090104", "A31a_102": "吉田川", "A31a_103": "21", "A31a_104": "岐阜県", "A31a_105": 2 }, "geometry": { "type": "Polygon", "coordinates": [ [ [ 136.946389615, 35.741666348 ], [ 136.946389615, 35.741721898 ], [ 136.946389616, 35.741777458 ], [ 136.946389616, 35.741833008 ], [ 136.946389616, 35.741888568 ], [ 136.946389616, 35.741944118 ], [ 136.946389616, 35.741999678 ], [ 136.946389616, 35.742055238 ], [ 136.946389616, 35.742110788 ], [ 136.946389616, 35.742166348 ], [ 136.946389616, 35.742221898 ], [ 136.946389616, 35.742277458 ], [ 136.946389616, 35.742333009 ], [ 136.946389616, 35.742388569 ], [ 136.946389616, 35.742444119 ], [ 136.946389617, 35.742499679 ], [ 136.946389617, 35.742555239 ], [ 136.946389617, 35.742610789 ], [ 136.946389617, 35.742666349 ], [ 136.946445167, 35.742666349 ], [ 136.946445167, 35.742610789 ], [ 136.946445167, 35.742555239 ], [ 136.946445167, 35.742499679 ], [ 136.946445167, 35.742444119 ], [ 136.946445166, 35.742388569 ], [ 136.946445166, 35.742333009 ], [ 136.946445166, 35.742277459 ], [ 136.946445166, 35.742221898 ], [ 136.946445166, 35.742166348 ], [ 136.946445166, 35.742110788 ], [ 136.946445166, 35.742055238 ], [ 136.946445166, 35.741999678 ], [ 136.946445166, 35.741944118 ], [ 136.946445166, 35.741888568 ], [ 136.946445166, 35.741833008 ], [ 136.946445166, 35.741777458 ], [ 136.946445165, 35.741721898 ], [ 136.946445165, 35.741666348 ], [ 136.946389615, 35.741666348 ] ] ] } },
{ "type": "Feature", "properties": { "A31a_101": "8505090104", "A31a_102": "吉田川", "A31a_103": "21", "A31a_104": "岐阜県", "A31a_105": 2 }, "geometry": { "type": "Polygon", "coordinates": [ [ [ 136.948111842, 35.745277465 ], [ 136.948111842, 35.745333015 ], [ 136.948056292, 35.745333015 ], [ 136.948000732, 35.745333015 ], [ 136.948000732, 35.745388575 ], [ 136.948000732, 35.745444125 ], [ 136.948056292, 35.745444125 ], [ 136.948056292, 35.745499685 ], [ 136.948056292, 35.745555245 ], [ 136.948056292, 35.745610795 ], [ 136.948000732, 35.745610795 ], [ 136.948000732, 35.745666355 ], [ 136.948000732, 35.745721905 ], [ 136.948056292, 35.745721906 ], [ 136.948056292, 35.745777466 ], [ 136.948111842, 35.745777466 ], [ 136.948111842, 35.745833016 ], [ 136.948111842, 35.745888576 ], [ 136.948167402, 35.745888576 ], [ 136.948167402, 35.745833016 ], [ 136.948167402, 35.745777466 ], [ 136.948222952, 35.745777466 ], [ 136.948222952, 35.745721906 ], [ 136.948222952, 35.745666356 ], [ 136.948167402, 35.745666356 ], [ 136.948167402, 35.745610796 ], [ 136.948167402, 35.745555245 ], [ 136.948111842, 35.745555245 ], [ 136.948111842, 35.745499685 ], [ 136.948167402, 35.745499685 ], [ 136.948167402, 35.745444125 ], [ 136.948222952, 35.745444125 ], [ 136.948222952, 35.745388575 ], [ 136.948278512, 35.745388575 ], [ 136.948278512, 35.745333015 ], [ 136.948278512, 35.745277465 ], [ 136.948222952, 35.745277465 ], [ 136.948167402, 35.745277465 ], [ 136.948111842, 35.745277465 ] ] ] } },
{ "type": "Feature", "properties": { "A31a_101": "8505090104", "A31a_102": "吉田川", "A31a_103": "21", "A31a_104": "岐阜県", "A31a_105": 2 }, "geometry": { "type": "Polygon", "coordinates": [ [ [ 136.949167402, 35.745555247 ], [ 136.949167403, 35.745610797 ], [ 136.949222953, 35.745610797 ], [ 136.949222953, 35.745555247 ], [ 136.949167402, 35.745555247 ] ] ] } },
{ "type": "Feature", "properties": { "A31a_101": "8505090104", "A31a_102": "吉田川", "A31a_103": "21", "A31a_104": "岐阜県", "A31a_105": 2 }, "geometry": { "type": "Polygon", "coordinates": [ [ [ 136.949167403, 35.745944128 ], [ 136.949167403, 35.745999688 ], [ 136.949167403, 35.746055248 ], [ 136.949167403, 35.746110798 ], [ 136.949222953, 35.746110798 ], [ 136.949222953, 35.746166358 ], [ 136.949222953, 35.746221908 ], [ 136.949278513, 35.746221908 ], [ 136.949334063, 35.746221908 ], [ 136.949334063, 35.746166358 ], [ 136.949334063, 35.746110798 ], [ 136.949389623, 35.746110798 ], [ 136.949389623, 35.746055248 ], [ 136.949334063, 35.746055248 ], [ 136.949334063, 35.745999688 ], [ 136.949278513, 35.745999688 ], [ 136.949222953, 35.745999688 ], [ 136.949222953, 35.745944128 ], [ 136.949167403, 35.745944128 ] ] ] } },
{ "type": "Feature", "properties": { "A31a_101": "8505090104", "A31a_102": "吉田川", "A31a_103": "21", "A31a_104": "岐阜県", "A31a_105": 2 }, "geometry": { "type": "Polygon", "coordinates": [ [ [ 136.967056308, 35.753277505 ], [ 136.967056308, 35.753333055 ], [ 136.967111858, 35.753333055 ], [ 136.967111858, 35.753277505 ], [ 136.967056308, 35.753277505 ] ] ] } },
{ "type": "Feature", "properties": { "A31a_101": "8505090104", "A31a_102": "吉田川", "A31a_103": "21", "A31a_104": "岐阜県", "A31a_105": 2 }, "geometry": { "type": "Polygon", "coordinates": [ [ [ 136.967000748, 35.752888615 ], [ 136.967000748, 35.752944165 ], [ 136.966945188, 35.752944165 ], [ 136.966945188, 35.752999725 ], [ 136.966945188, 35.753055285 ], [ 136.966945188, 35.753110835 ], [ 136.966945188, 35.753166395 ], [ 136.967000748, 35.753166395 ], [ 136.967056308, 35.753166395 ], [ 136.967111858, 35.753166395 ], [ 136.967167418, 35.753166395 ], [ 136.967167418, 35.753221945 ], [ 136.967167418, 35.753277505 ], [ 136.967167418, 35.753333056 ], [ 136.967222968, 35.753333056 ], [ 136.967278528, 35.753333056 ], [ 136.967334078, 35.753333056 ], [ 136.967389638, 35.753333056 ], [ 136.967445188, 35.753333056 ], [ 136.967445188, 35.753277506 ], [ 136.967500748, 35.753277506 ], [ 136.967556308, 35.753277506 ], [ 136.967556308, 35.753333056 ], [ 136.967611858, 35.753333056 ], [ 136.967667418, 35.753333056 ], [ 136.967722968, 35.753333056 ], [ 136.967778528, 35.753333056 ], [ 136.967834078, 35.753333056 ], [ 136.967889639, 35.753333057 ], [ 136.967945189, 35.753333057 ], [ 136.968000749, 35.753333057 ], [ 136.968056309, 35.753333057 ], [ 136.968056309, 35.753277507 ], [ 136.968056309, 35.753221947 ], [ 136.968000748, 35.753221947 ], [ 136.967945188, 35.753221946 ], [ 136.967889638, 35.753221946 ], [ 136.967889638, 35.753166396 ], [ 136.967834078, 35.753166396 ], [ 136.967778528, 35.753166396 ], [ 136.967722968, 35.753166396 ], [ 136.967667418, 35.753166396 ], [ 136.967667418, 35.753110836 ], [ 136.967611858, 35.753110836 ], [ 136.967556308, 35.753110836 ], [ 136.967500748, 35.753110836 ], [ 136.967500748, 35.753055286 ], [ 136.967445188, 35.753055286 ], [ 136.967445188, 35.752999725 ], [ 136.967389638, 35.752999725 ], [ 136.967334078, 35.752999725 ], [ 136.967278528, 35.752999725 ], [ 136.967278528, 35.752944165 ], [ 136.967222968, 35.752944165 ], [ 136.967167418, 35.752944165 ], [ 136.967111858, 35.752944165 ], [ 136.967111858, 35.752999725 ], [ 136.967056308, 35.752999725 ], [ 136.967056308, 35.752944165 ], [ 136.967111858, 35.752944165 ], [ 136.967111858, 35.752888615 ], [ 136.967056308, 35.752888615 ], [ 136.967000748, 35.752888615 ] ] ] } },
{ "type": "Feature", "properties": { "A31a_101": "8505090104", "A31a_102": "吉田川", "A31a_103": "21", "A31a_104": "岐阜県", "A31a_105": 2 }, "geometry": { "type": "Polygon", "coordinates": [ [ [ 136.97127853, 35.753944173 ], [ 136.97127853, 35.753999733 ], [ 136.97133408, 35.753999733 ], [ 136.97138964, 35.753999733 ], [ 136.97138964, 35.753944173 ], [ 136.97133408, 35.753944173 ], [ 136.97127853, 35.753944173 ] ] ] } },
{ "type": "Feature", "properties": { "A31a_101": "8505090104", "A31a_102": "吉田川", "A31a_103": "21", "A31a_104": "岐阜県", "A31a_105": 2 }, "geometry": { "type": "Polygon", "coordinates": [ [ [ 136.97138964, 35.753999733 ], [ 136.97138964, 35.754055293 ], [ 136.97144519, 35.754055293 ], [ 136.97144519, 35.753999733 ], [ 136.97138964, 35.753999733 ] ] ] } },
{ "type": "Feature", "properties": { "A31a_101": "8505090104", "A31a_102": "吉田川", "A31a_103": "21", "A31a_104": "岐阜県", "A31a_105": 2 }, "geometry": { "type": "Polygon", "coordinates": [ [ [ 136.968889639, 35.753110838 ], [ 136.968889639, 35.753166398 ], [ 136.968889639, 35.753221948 ], [ 136.968945189, 35.753221948 ], [ 136.969000749, 35.753221948 ], [ 136.969000749, 35.753277508 ], [ 136.969056309, 35.753277508 ], [ 136.969111859, 35.753277508 ], [ 136.969111859, 35.753333058 ], [ 136.969167419, 35.753333058 ], [ 136.969222969, 35.753333058 ], [ 136.969278529, 35.753333059 ], [ 136.969334079, 35.753333059 ], [ 136.969389639, 35.753333059 ], [ 136.969389639, 35.753277509 ], [ 136.969334079, 35.753277509 ], [ 136.969278529, 35.753277508 ], [ 136.969222969, 35.753277508 ], [ 136.969222969, 35.753221948 ], [ 136.969167419, 35.753221948 ], [ 136.969111859, 35.753221948 ], [ 136.969111859, 35.753166398 ], [ 136.969056309, 35.753166398 ], [ 136.969000749, 35.753166398 ], [ 136.968945189, 35.753166398 ], [ 136.968945189, 35.753110838 ], [ 136.968889639, 35.753110838 ] ] ] } },
{ "type": "Feature", "properties": { "A31a_101": "8505090104", "A31a_102": "吉田川", "A31a_103": "21", "A31a_104": "岐阜県", "A31a_105": 2 }, "geometry": { "type": "Polygon", "coordinates": [ [ [ 136.969445189, 35.753333059 ], [ 136.969445189, 35.753388619 ], [ 136.969445189, 35.753444169 ], [ 136.969500749, 35.753444169 ], [ 136.969500749, 35.753499729 ], [ 136.969556309, 35.753499729 ], [ 136.969611859, 35.753499729 ], [ 136.969611859, 35.753555289 ], [ 136.969667419, 35.753555289 ], [ 136.969722969, 35.75355529 ], [ 136.969722969, 35.753499729 ], [ 136.969722969, 35.753444169 ], [ 136.969667419, 35.753444169 ], [ 136.969611859, 35.753444169 ], [ 136.969611859, 35.753388619 ], [ 136.969556309, 35.753388619 ], [ 136.969500749, 35.753388619 ], [ 136.969500749, 35.753333059 ], [ 136.969445189, 35.753333059 ] ] ] } },
{ "type": "Feature", "properties": { "A31a_101": "8505090104", "A31a_102": "吉田川", "A31a_103": "21", "A31a_104": "岐阜県", "A31a_105": 2 }, "geometry": { "type": "Polygon", "coordinates": [ [ [ 136.97000075, 35.75361084 ], [ 136.97000075, 35.7536664 ], [ 136.97000075, 35.75372195 ], [ 136.97005631, 35.75372195 ], [ 136.97011186, 35.75372195 ], [ 136.97016742, 35.753721951 ], [ 136.97016742, 35.753777511 ], [ 136.97022297, 35.753777511 ], [ 136.97027853, 35.753777511 ], [ 136.97033408, 35.753777511 ], [ 136.97038964, 35.753777511 ], [ 136.97044519, 35.753777511 ], [ 136.97050075, 35.753777511 ], [ 136.97055631, 35.753777511 ], [ 136.97055631, 35.753833061 ], [ 136.97055631, 35.753888621 ], [ 136.97061186, 35.753888622 ], [ 136.97061186, 35.753944172 ], [ 136.97066742, 35.753944172 ], [ 136.97072297, 35.753944172 ], [ 136.97077853, 35.753944172 ], [ 136.97083408, 35.753944172 ], [ 136.97088964, 35.753944172 ], [ 136.97094519, 35.753944172 ], [ 136.97094519, 35.753888622 ], [ 136.97088964, 35.753888622 ], [ 136.97083408, 35.753888622 ], [ 136.97083408, 35.753833062 ], [ 136.97077853, 35.753833062 ], [ 136.97072297, 35.753833062 ], [ 136.97072297, 35.753777511 ], [ 136.97066742, 35.753777511 ], [ 136.97061186, 35.753777511 ], [ 136.97061186, 35.753721951 ], [ 136.97055631, 35.753721951 ], [ 136.97050075, 35.753721951 ], [ 136.97044519, 35.753721951 ], [ 136.97044519, 35.753666401 ], [ 136.97038964, 35.753666401 ], [ 136.97033408, 35.753666401 ], [ 136.97027853, 35.753666401 ], [ 136.97022297, 35.753666401 ], [ 136.97022297, 35.75361084 ], [ 136.97016742, 35.75361084 ], [ 136.97011186, 35.75361084 ], [ 136.97005631, 35.75361084 ], [ 136.97000075, 35.75361084 ] ] ] } },
{ "type": "Feature", "properties": { "A31a_101": "8505090104", "A31a_102": "吉田川", "A31a_103": "21", "A31a_104": "岐阜県", "A31a_105": 2 }, "geometry": { "type": "Polygon", "coordinates": [ [ [ 136.97111186, 35.753888622 ], [ 136.97111186, 35.753944172 ], [ 136.97105631, 35.753944172 ], [ 136.97105631, 35.753999732 ], [ 136.97111186, 35.753999732 ], [ 136.97116742, 35.753999733 ], [ 136.97122297, 35.753999733 ], [ 136.97122297, 35.753944173 ], [ 136.97116742, 35.753944172 ], [ 136.97116742, 35.753888622 ], [ 136.97111186, 35.753888622 ] ] ] } },
{ "type": "Feature", "properties": { "A31a_101": "8505090104", "A31a_102": "吉田川", "A31a_103": "21", "A31a_104": "岐阜県", "A31a_105": 2 }, "geometry": { "type": "Polygon", "coordinates": [ [ [ 136.97155631, 35.753999733 ], [ 136.97155631, 35.754055293 ], [ 136.97155631, 35.754110843 ], [ 136.97161186, 35.754110843 ], [ 136.97161186, 35.754055293 ], [ 136.97161186, 35.753999733 ], [ 136.97155631, 35.753999733 ] ] ] } },
{ "type": "Feature", "properties": { "A31a_101": "8505090104", "A31a_102": "吉田川", "A31a_103": "21", "A31a_104": "岐阜県", "A31a_105": 2 }, "geometry": { "type": "Polygon", "coordinates": [ [ [ 136.965556307, 35.752444162 ], [ 136.965556307, 35.752499722 ], [ 136.965611857, 35.752499722 ], [ 136.965611857, 35.752444162 ], [ 136.965556307, 35.752444162 ] ] ] } },
{ "type": "Feature", "properties": { "A31a_101": "8505090104", "A31a_102": "吉田川", "A31a_103": "21", "A31a_104": "岐阜県", "A31a_105": 2 }, "geometry": { "type": "Polygon", "coordinates": [ [ [ 136.965556307, 35.752833053 ], [ 136.965556307, 35.752888613 ], [ 136.965611857, 35.752888613 ], [ 136.965611857, 35.752833053 ], [ 136.965556307, 35.752833053 ] ] ] } },
{ "type": "Feature", "properties": { "A31a_101": "8505090104", "A31a_102": "吉田川", "A31a_103": "21", "A31a_104": "岐阜県", "A31a_105": 2 }, "geometry": { "type": "Polygon", "coordinates": [ [ [ 136.965889637, 35.752555283 ], [ 136.965889637, 35.752610833 ], [ 136.965945187, 35.752610833 ], [ 136.966000747, 35.752610833 ], [ 136.966000747, 35.752555283 ], [ 136.965945187, 35.752555283 ], [ 136.965889637, 35.752555283 ] ] ] } },
{ "type": "Feature", "properties": { "A31a_101": "8505090104", "A31a_102": "吉田川", "A31a_103": "21", "A31a_104": "岐阜県", "A31a_105": 2 }, "geometry": { "type": "Polygon", "coordinates": [ [ [ 136.965667417, 35.752499722 ], [ 136.965667417, 35.752555282 ], [ 136.965667417, 35.752610833 ], [ 136.965611857, 35.752610832 ], [ 136.965611857, 35.752666393 ], [ 136.965556307, 35.752666392 ], [ 136.965556307, 35.752721943 ], [ 136.965556307, 35.752777503 ], [ 136.965611857, 35.752777503 ], [ 136.965611857, 35.752833053 ], [ 136.965667417, 35.752833053 ], [ 136.965722967, 35.752833053 ], [ 136.965778527, 35.752833053 ], [ 136.965778527, 35.752888613 ], [ 136.965834077, 35.752888613 ], [ 136.965834077, 35.752944163 ], [ 136.965834077, 35.752999723 ], [ 136.965889637, 35.752999723 ], [ 136.965945187, 35.752999723 ], [ 136.965945187, 35.753055283 ], [ 136.966000747, 35.753055284 ], [ 136.966056307, 35.753055284 ], [ 136.966111857, 35.753055284 ], [ 136.966167418, 35.753055284 ], [ 136.966167417, 35.752999724 ], [ 136.966222967, 35.752999724 ], [ 136.966278528, 35.752999724 ], [ 136.966334078, 35.752999724 ], [ 136.966334077, 35.752944164 ], [ 136.966334077, 35.752888614 ], [ 136.966389637, 35.752888614 ], [ 136.966389637, 35.752833054 ], [ 136.966445187, 35.752833054 ], [ 136.966500747, 35.752833054 ], [ 136.966500747, 35.752777504 ], [ 136.966445187, 35.752777504 ], [ 136.966445187, 35.752721944 ], [ 136.966389637, 35.752721944 ], [ 136.966334077, 35.752721944 ], [ 136.966334077, 35.752666393 ], [ 136.966278527, 35.752666393 ], [ 136.966222967, 35.752666393 ], [ 136.966167417, 35.752666393 ], [ 136.966111857, 35.752666393 ], [ 136.966111857, 35.752610833 ], [ 136.966056307, 35.752610833 ], [ 136.966000747, 35.752610833 ], [ 136.966000747, 35.752666393 ], [ 136.965945187, 35.752666393 ], [ 136.965889637, 35.752666393 ], [ 136.965834077, 35.752666393 ], [ 136.965834077, 35.752610833 ], [ 136.965834077, 35.752555283 ], [ 136.965834077, 35.752499723 ], [ 136.965778527, 35.752499723 ], [ 136.965722967, 35.752499722 ], [ 136.965667417, 35.752499722 ] ], [ [ 136.965889637, 35.752721943 ], [ 136.965945187, 35.752721943 ], [ 136.966000747, 35.752721943 ], [ 136.966000747, 35.752777503 ], [ 136.966056307, 35.752777503 ], [ 136.966111857, 35.752777503 ], [ 136.966111857, 35.752833053 ], [ 136.966111857, 35.752888613 ], [ 136.966056307, 35.752888613 ], [ 136.966056307, 35.752833053 ], [ 136.966000747, 35.752833053 ], [ 136.965945187, 35.752833053 ], [ 136.965945187, 35.752888613 ], [ 136.965889637, 35.752888613 ], [ 136.965889637, 35.752833053 ], [ 136.965889637, 35.752777503 ], [ 136.965889637, 35.752721943 ] ] ] } },
{ "type": "Feature", "properties": { "A31a_101": "8505090104", "A31a_102": "吉田川", "A31a_103": "21", "A31a_104": "岐阜県", "A31a_105": 2 }, "geometry": { "type": "Polygon", "coordinates": [ [ [ 136.961167412, 35.750499715 ], [ 136.961167412, 35.750555275 ], [ 136.961222962, 35.750555275 ], [ 136.961222962, 35.750499715 ], [ 136.961167412, 35.750499715 ] ] ] } },
{ "type": "Feature", "properties": { "A31a_101": "8505090104", "A31a_102": "吉田川", "A31a_103": "21", "A31a_104": "岐阜県", "A31a_105": 2 }, "geometry": { "type": "Polygon", "coordinates": [ [ [ 136.961278522, 35.750555275 ], [ 136.961278522, 35.750610825 ], [ 136.961334072, 35.750610825 ], [ 136.961334072, 35.750555275 ], [ 136.961278522, 35.750555275 ] ] ] } },
{ "type": "Feature", "properties": { "A31a_101": "8505090104", "A31a_102": "吉田川", "A31a_103": "21", "A31a_104": "岐阜県", "A31a_105": 2 }, "geometry": { "type": "Polygon", "coordinates": [ [ [ 136.965000746, 35.752444161 ], [ 136.965000746, 35.752499722 ], [ 136.965056306, 35.752499722 ], [ 136.965111856, 35.752499722 ], [ 136.965167416, 35.752499722 ], [ 136.965222967, 35.752499722 ], [ 136.965222967, 35.752555282 ], [ 136.965278527, 35.752555282 ], [ 136.965278527, 35.752610832 ], [ 136.965334077, 35.752610832 ], [ 136.965334077, 35.752555282 ], [ 136.965389637, 35.752555282 ], [ 136.965389637, 35.752499722 ], [ 136.965389637, 35.752444162 ], [ 136.965334077, 35.752444162 ], [ 136.965278526, 35.752444162 ], [ 136.965222966, 35.752444162 ], [ 136.965167416, 35.752444162 ], [ 136.965111856, 35.752444162 ], [ 136.965056306, 35.752444162 ], [ 136.965000746, 35.752444161 ] ] ] } },
{ "type": "Feature", "properties": { "A31a_101": "8505090104", "A31a_102": "吉田川", "A31a_103": "21", "A31a_104": "岐阜県", "A31a_105": 2 }, "geometry": { "type": "Polygon", "coordinates": [ [ [ 136.966556307, 35.752777504 ], [ 136.966556308, 35.752833054 ], [ 136.966611858, 35.752833054 ], [ 136.966667418, 35.752833054 ], [ 136.966722968, 35.752833054 ], [ 136.966722968, 35.752777504 ], [ 136.966667418, 35.752777504 ], [ 136.966611858, 35.752777504 ], [ 136.966556307, 35.752777504 ] ] ] } },
{ "type": "Feature", "properties": { "A31a_101": "8505090104", "A31a_102": "吉田川", "A31a_103": "21", "A31a_104": "岐阜県", "A31a_105": 2 }, "geometry": { "type": "Polygon", "coordinates": [ [ [ 136.966834078, 35.752833054 ], [ 136.966834078, 35.752888614 ], [ 136.966889638, 35.752888615 ], [ 136.966889638, 35.752833054 ], [ 136.966834078, 35.752833054 ] ] ] } },
{ "type": "Feature", "properties": { "A31a_101": "8505090104", "A31a_102": "吉田川", "A31a_103": "21", "A31a_104": "岐阜県", "A31a_105": 2 }, "geometry": { "type": "Polygon", "coordinates": [ [ [ 136.955611849, 35.749333033 ], [ 136.95561185, 35.749388593 ], [ 136.95566741, 35.749388594 ], [ 136.95572296, 35.749388594 ], [ 136.955722959, 35.749333034 ], [ 136.955667409, 35.749333033 ], [ 136.955611849, 35.749333033 ] ] ] } },
{ "type": "Feature", "properties": { "A31a_101": "8505090104", "A31a_102": "吉田川", "A31a_103": "21", "A31a_104": "岐阜県", "A31a_105": 2 }, "geometry": { "type": "Polygon", "coordinates": [ [ [ 136.95572296, 35.749388594 ], [ 136.95572296, 35.749444144 ], [ 136.95577852, 35.749444144 ], [ 136.95577852, 35.749388594 ], [ 136.95572296, 35.749388594 ] ] ] } },
{ "type": "Feature", "properties": { "A31a_101": "8505090104", "A31a_102": "吉田川", "A31a_103": "21", "A31a_104": "岐阜県", "A31a_105": 2 }, "geometry": { "type": "Polygon", "coordinates": [ [ [ 136.95577852, 35.749444144 ], [ 136.95577852, 35.749499704 ], [ 136.95577852, 35.749555264 ], [ 136.95583407, 35.749555264 ], [ 136.95583407, 35.749499704 ], [ 136.95583407, 35.749444144 ], [ 136.95577852, 35.749444144 ] ] ] } },
{ "type": "Feature", "properties": { "A31a_101": "8505090104", "A31a_102": "吉田川", "A31a_103": "21", "A31a_104": "岐阜県", "A31a_105": 2 }, "geometry": { "type": "Polygon", "coordinates": [ [ [ 136.960445182, 35.750499713 ], [ 136.960445182, 35.750555273 ], [ 136.960500742, 35.750555273 ], [ 136.960500742, 35.750499713 ], [ 136.960445182, 35.750499713 ] ] ] } },
{ "type": "Feature", "properties": { "A31a_101": "8505090104", "A31a_102": "吉田川", "A31a_103": "21", "A31a_104": "岐阜県", "A31a_105": 2 }, "geometry": { "type": "Polygon", "coordinates": [ [ [ 136.960667412, 35.750444154 ], [ 136.960667412, 35.750499714 ], [ 136.960611852, 35.750499714 ], [ 136.960556302, 35.750499714 ], [ 136.960556302, 35.750555274 ], [ 136.960556302, 35.750610824 ], [ 136.960500742, 35.750610823 ], [ 136.960500742, 35.750666384 ], [ 136.960556302, 35.750666384 ], [ 136.960611852, 35.750666384 ], [ 136.960667412, 35.750666384 ], [ 136.960722962, 35.750666384 ], [ 136.960778522, 35.750666384 ], [ 136.960834072, 35.750666384 ], [ 136.960889632, 35.750666384 ], [ 136.960889632, 35.750610824 ], [ 136.960889632, 35.750555274 ], [ 136.960889632, 35.750499714 ], [ 136.960945182, 35.750499714 ], [ 136.960945182, 35.750444154 ], [ 136.960889632, 35.750444154 ], [ 136.960834072, 35.750444154 ], [ 136.960834072, 35.750499714 ], [ 136.960778522, 35.750499714 ], [ 136.960778522, 35.750444154 ], [ 136.960722962, 35.750444154 ], [ 136.960667412, 35.750444154 ] ] ] } },
{ "type": "Feature", "properties": { "A31a_101": "8505090104", "A31a_102": "吉田川", "A31a_103": "21", "A31a_104": "岐阜県", "A31a_105": 2 }, "geometry": { "type": "Polygon", "coordinates": [ [ [ 136.95583407, 35.749610814 ], [ 136.95583407, 35.749666374 ], [ 136.95583407, 35.749721924 ], [ 136.95583407, 35.749777484 ], [ 136.95583407, 35.749833035 ], [ 136.95588963, 35.749833035 ], [ 136.95588963, 35.749777485 ], [ 136.95588963, 35.749721924 ], [ 136.95588963, 35.749666374 ], [ 136.95588963, 35.749610814 ], [ 136.95583407, 35.749610814 ] ] ] } },
{ "type": "Feature", "properties": { "A31a_101": "8505090104", "A31a_102": "吉田川", "A31a_103": "21", "A31a_104": "岐阜県", "A31a_105": 2 }, "geometry": { "type": "Polygon", "coordinates": [ [ [ 136.95600074, 35.749388594 ], [ 136.95600074, 35.749444144 ], [ 136.95600074, 35.749499704 ], [ 136.95600074, 35.749555264 ], [ 136.95600074, 35.749610814 ], [ 136.95600074, 35.749666375 ], [ 136.95600074, 35.749721925 ], [ 136.95600074, 35.749777485 ], [ 136.95600074, 35.749833035 ], [ 136.9560563, 35.749833035 ], [ 136.9560563, 35.749777485 ], [ 136.9560563, 35.749721925 ], [ 136.9560563, 35.749666375 ], [ 136.9560563, 35.749610815 ], [ 136.9560563, 35.749555264 ], [ 136.9560563, 35.749499704 ], [ 136.9560563, 35.749444144 ], [ 136.95611185, 35.749444144 ], [ 136.95616741, 35.749444144 ], [ 136.95622296, 35.749444145 ], [ 136.95622296, 35.749499705 ], [ 136.95627852, 35.749499705 ], [ 136.95633407, 35.749499705 ], [ 136.95638963, 35.749499705 ], [ 136.95638963, 35.749444145 ], [ 136.95633407, 35.749444145 ], [ 136.95627852, 35.749444145 ], [ 136.95627852, 35.749388595 ], [ 136.95622296, 35.749388594 ], [ 136.95616741, 35.749388594 ], [ 136.95611185, 35.749388594 ], [ 136.9560563, 35.749388594 ], [ 136.95600074, 35.749388594 ] ] ] } },
{ "type": "Feature", "properties": { "A31a_101": "8505090104", "A31a_102": "吉田川", "A31a_103": "21", "A31a_104": "岐阜県", "A31a_105": 2 }, "geometry": { "type": "Polygon", "coordinates": [ [ [ 136.95588963, 35.749999705 ], [ 136.95588963, 35.750055265 ], [ 136.95588963, 35.750110815 ], [ 136.95594518, 35.750110815 ], [ 136.95594518, 35.750055265 ], [ 136.95594518, 35.749999705 ], [ 136.95588963, 35.749999705 ] ] ] } },
{ "type": "Feature", "properties": { "A31a_101": "8505090104", "A31a_102": "吉田川", "A31a_103": "21", "A31a_104": "岐阜県", "A31a_105": 2 }, "geometry": { "type": "Polygon", "coordinates": [ [ [ 136.95600074, 35.749944145 ], [ 136.95600074, 35.749999705 ], [ 136.95600074, 35.750055265 ], [ 136.95600074, 35.750110815 ], [ 136.95600074, 35.750166375 ], [ 136.956000741, 35.750221925 ], [ 136.956056301, 35.750221925 ], [ 136.9560563, 35.750166375 ], [ 136.9560563, 35.750110815 ], [ 136.9560563, 35.750055265 ], [ 136.9560563, 35.749999705 ], [ 136.9560563, 35.749944145 ], [ 136.95600074, 35.749944145 ] ] ] } },
{ "type": "Feature", "properties": { "A31a_101": "8505090104", "A31a_102": "吉田川", "A31a_103": "21", "A31a_104": "岐阜県", "A31a_105": 2 }, "geometry": { "type": "Polygon", "coordinates": [ [ [ 136.960000742, 35.750499713 ], [ 136.960000742, 35.750555273 ], [ 136.960056302, 35.750555273 ], [ 136.960111852, 35.750555273 ], [ 136.960111852, 35.750499713 ], [ 136.960056302, 35.750499713 ], [ 136.960000742, 35.750499713 ] ] ] } },
{ "type": "Feature", "properties": { "A31a_101": "8505090104", "A31a_102": "吉田川", "A31a_103": "21", "A31a_104": "岐阜県", "A31a_105": 2 }, "geometry": { "type": "Polygon", "coordinates": [ [ [ 136.952334068, 35.748944137 ], [ 136.952334068, 35.748999697 ], [ 136.952389628, 35.748999697 ], [ 136.952445178, 35.748999697 ], [ 136.952445178, 35.748944137 ], [ 136.952389628, 35.748944137 ], [ 136.952334068, 35.748944137 ] ] ] } },
{ "type": "Feature", "properties": { "A31a_101": "8505090104", "A31a_102": "吉田川", "A31a_103": "21", "A31a_104": "岐阜県", "A31a_105": 2 }, "geometry": { "type": "Polygon", "coordinates": [ [ [ 136.952778518, 35.748999698 ], [ 136.952778518, 35.749055258 ], [ 136.952834068, 35.749055258 ], [ 136.952834068, 35.748999698 ], [ 136.952778518, 35.748999698 ] ] ] } },
{ "type": "Feature", "properties": { "A31a_101": "8505090104", "A31a_102": "吉田川", "A31a_103": "21", "A31a_104": "岐阜県", "A31a_105": 2 }, "geometry": { "type": "Polygon", "coordinates": [ [ [ 136.952889628, 35.749055258 ], [ 136.952889628, 35.749110808 ], [ 136.952945178, 35.749110808 ], [ 136.953000739, 35.749110808 ], [ 136.953000738, 35.749055258 ], [ 136.952945178, 35.749055258 ], [ 136.952889628, 35.749055258 ] ] ] } },
{ "type": "Feature", "properties": { "A31a_101": "8505090104", "A31a_102": "吉田川", "A31a_103": "21", "A31a_104": "岐阜県", "A31a_105": 2 }, "geometry": { "type": "Polygon", "coordinates": [ [ [ 136.953111848, 35.749055259 ], [ 136.953111849, 35.749110809 ], [ 136.953167409, 35.749110809 ], [ 136.953222959, 35.749110809 ], [ 136.953278519, 35.749110809 ], [ 136.953334069, 35.749110809 ], [ 136.953334069, 35.749055259 ], [ 136.953278519, 35.749055259 ], [ 136.953222959, 35.749055259 ], [ 136.953167408, 35.749055259 ], [ 136.953111848, 35.749055259 ] ] ] } },
{ "type": "Feature", "properties": { "A31a_101": "8505090104", "A31a_102": "吉田川", "A31a_103": "21", "A31a_104": "岐阜県", "A31a_105": 2 }, "geometry": { "type": "Polygon", "coordinates": [ [ [ 136.953389629, 35.749055259 ], [ 136.953389629, 35.749110809 ], [ 136.953445179, 35.749110809 ], [ 136.953445179, 35.749055259 ], [ 136.953389629, 35.749055259 ] ] ] } },
{ "type": "Feature", "properties": { "A31a_101": "8505090104", "A31a_102": "吉田川", "A31a_103": "21", "A31a_104": "岐阜県", "A31a_105": 2 }, "geometry": { "type": "Polygon", "coordinates": [ [ [ 136.954111849, 35.74894414 ], [ 136.954111849, 35.7489997 ], [ 136.954056299, 35.7489997 ], [ 136.954000739, 35.7489997 ], [ 136.954000739, 35.74905526 ], [ 136.953945179, 35.74905526 ], [ 136.953945179, 35.74911081 ], [ 136.954000739, 35.74911081 ], [ 136.954000739, 35.74916637 ], [ 136.953945179, 35.74916637 ], [ 136.953945179, 35.74911081 ], [ 136.953889629, 35.74911081 ], [ 136.953834069, 35.74911081 ], [ 136.953834069, 35.74916637 ], [ 136.953778519, 35.74916637 ], [ 136.953722959, 35.74916637 ], [ 136.953667409, 35.74916637 ], [ 136.953611849, 35.74916637 ], [ 136.953611849, 35.74922192 ], [ 136.953667409, 35.74922192 ], [ 136.953722959, 35.74922192 ], [ 136.953778519, 35.74922192 ], [ 136.953834069, 35.74922192 ], [ 136.953889629, 35.74922192 ], [ 136.953945179, 35.74922192 ], [ 136.954000739, 35.74922192 ], [ 136.954056299, 35.74922192 ], [ 136.954111849, 35.749221921 ], [ 136.954167409, 35.749221921 ], [ 136.954222959, 35.749221921 ], [ 136.954278519, 35.749221921 ], [ 136.954334069, 35.749221921 ], [ 136.954389629, 35.749221921 ], [ 136.954445179, 35.749221921 ], [ 136.954500739, 35.749221921 ], [ 136.954556299, 35.749221921 ], [ 136.954611849, 35.749221921 ], [ 136.954667409, 35.749221922 ], [ 136.954722959, 35.749221922 ], [ 136.954778519, 35.749221922 ], [ 136.954834069, 35.749221922 ], [ 136.954889629, 35.749221922 ], [ 136.954945179, 35.749221922 ], [ 136.955000739, 35.749221922 ], [ 136.955056299, 35.749221922 ], [ 136.955056299, 35.749277482 ], [ 136.955111849, 35.749277482 ], [ 136.955167409, 35.749277482 ], [ 136.955222959, 35.749277483 ], [ 136.955278519, 35.749277483 ], [ 136.955334069, 35.749277483 ], [ 136.955389629, 35.749277483 ], [ 136.955389629, 35.749333033 ], [ 136.955445179, 35.749333033 ], [ 136.955500739, 35.749333033 ], [ 136.955556299, 35.749333033 ], [ 136.955556299, 35.749277483 ], [ 136.955556299, 35.749221923 ], [ 136.955500739, 35.749221923 ], [ 136.955500739, 35.749166373 ], [ 136.955445179, 35.749166373 ], [ 136.955389629, 35.749166373 ], [ 136.955334069, 35.749166373 ], [ 136.955334069, 35.749110812 ], [ 136.955278519, 35.749110812 ], [ 136.955222959, 35.749110812 ], [ 136.955167409, 35.749110812 ], [ 136.955111849, 35.749110812 ], [ 136.955056299, 35.749110812 ], [ 136.955000739, 35.749110812 ], [ 136.954945179, 35.749110812 ], [ 136.954889629, 35.749110812 ], [ 136.954834069, 35.749110812 ], [ 136.954778519, 35.749110812 ], [ 136.954722959, 35.749110811 ], [ 136.954722959, 35.749055261 ], [ 136.954722959, 35.748999701 ], [ 136.954667409, 35.748999701 ], [ 136.954611849, 35.748999701 ], [ 136.954556299, 35.748999701 ], [ 136.954500739, 35.748999701 ], [ 136.954500739, 35.748944141 ], [ 136.954445179, 35.748944141 ], [ 136.954389629, 35.748944141 ], [ 136.954334069, 35.74894414 ], [ 136.954278519, 35.74894414 ], [ 136.954222959, 35.74894414 ], [ 136.954167409, 35.74894414 ], [ 136.954111849, 35.74894414 ] ] ] } },
{ "type": "Feature", "properties": { "A31a_101": "8505090104", "A31a_102": "吉田川", "A31a_103": "21", "A31a_104": "岐阜県", "A31a_105": 2 }, "geometry": { "type": "Polygon", "coordinates": [ [ [ 136.947945175, 35.747610798 ], [ 136.947945175, 35.747666358 ], [ 136.948000735, 35.747666358 ], [ 136.948000735, 35.747610798 ], [ 136.947945175, 35.747610798 ] ] ] } },
{ "type": "Feature", "properties": { "A31a_101": "8505090104", "A31a_102": "吉田川", "A31a_103": "21", "A31a_104": "岐阜県", "A31a_105": 2 }, "geometry": { "type": "Polygon", "coordinates": [ [ [ 136.948056295, 35.747555248 ], [ 136.948056295, 35.747610798 ], [ 136.948056295, 35.747666358 ], [ 136.948056295, 35.747721908 ], [ 136.948056295, 35.747777468 ], [ 136.948111845, 35.747777468 ], [ 136.948111845, 35.747721908 ], [ 136.948167405, 35.747721908 ], [ 136.948167405, 35.747666358 ], [ 136.948167405, 35.747610798 ], [ 136.948222955, 35.747610798 ], [ 136.948222955, 35.747555248 ], [ 136.948167405, 35.747555248 ], [ 136.948111845, 35.747555248 ], [ 136.948056295, 35.747555248 ] ] ] } },
{ "type": "Feature", "properties": { "A31a_101": "8505090104", "A31a_102": "吉田川", "A31a_103": "21", "A31a_104": "岐阜県", "A31a_105": 2 }, "geometry": { "type": "Polygon", "coordinates": [ [ [ 136.948556289, 35.743499683 ], [ 136.948556289, 35.743555244 ], [ 136.948611839, 35.743555244 ], [ 136.948611839, 35.743499684 ], [ 136.948556289, 35.743499683 ] ] ] } },
{ "type": "Feature", "properties": { "A31a_101": "8505090104", "A31a_102": "吉田川", "A31a_103": "21", "A31a_104": "岐阜県", "A31a_105": 2 }, "geometry": { "type": "Polygon", "coordinates": [ [ [ 136.946945166, 35.741999679 ], [ 136.946945166, 35.742055239 ], [ 136.946945166, 35.742110789 ], [ 136.946945166, 35.742166349 ], [ 136.946945167, 35.742221899 ], [ 136.946889616, 35.742221899 ], [ 136.946889617, 35.742277459 ], [ 136.946889617, 35.742333009 ], [ 136.946889617, 35.742388569 ], [ 136.946889617, 35.742444119 ], [ 136.946889617, 35.74249968 ], [ 136.946889617, 35.74255524 ], [ 136.946945167, 35.74255524 ], [ 136.947000727, 35.74255524 ], [ 136.947056287, 35.74255524 ], [ 136.947111837, 35.74255524 ], [ 136.947111837, 35.74249968 ], [ 136.947111837, 35.74244412 ], [ 136.947111837, 35.74238857 ], [ 136.947111837, 35.74233301 ], [ 136.947056287, 35.74233301 ], [ 136.947056287, 35.74238857 ], [ 136.947056287, 35.74244412 ], [ 136.947000727, 35.74244412 ], [ 136.947000727, 35.74238857 ], [ 136.947000727, 35.74233301 ], [ 136.947000727, 35.742277459 ], [ 136.947000727, 35.742221899 ], [ 136.947056287, 35.742221899 ], [ 136.947056287, 35.742166349 ], [ 136.947056286, 35.742110789 ], [ 136.947111836, 35.742110789 ], [ 136.947111836, 35.742055239 ], [ 136.947056286, 35.742055239 ], [ 136.947000726, 35.742055239 ], [ 136.947000726, 35.741999679 ], [ 136.946945166, 35.741999679 ] ] ] } },
{ "type": "Feature", "properties": { "A31a_101": "8505090104", "A31a_102": "吉田川", "A31a_103": "21", "A31a_104": "岐阜県", "A31a_105": 2 }, "geometry": { "type": "Polygon", "coordinates": [ [ [ 136.947056287, 35.742221899 ], [ 136.947056287, 35.74227746 ], [ 136.947111837, 35.74227746 ], [ 136.947111837, 35.7422219 ], [ 136.947056287, 35.742221899 ] ] ] } },
{ "type": "Feature", "properties": { "A31a_101": "8505090104", "A31a_102": "吉田川", "A31a_103": "21", "A31a_104": "岐阜県", "A31a_105": 2 }, "geometry": { "type": "Polygon", "coordinates": [ [ [ 136.948334059, 35.743333013 ], [ 136.948334059, 35.743388573 ], [ 136.948389619, 35.743388573 ], [ 136.948445169, 35.743388573 ], [ 136.948445169, 35.743333013 ], [ 136.948389619, 35.743333013 ], [ 136.948334059, 35.743333013 ] ] ] } },
{ "type": "Feature", "properties": { "A31a_101": "8505090104", "A31a_102": "吉田川", "A31a_103": "21", "A31a_104": "岐阜県", "A31a_105": 2 }, "geometry": { "type": "Polygon", "coordinates": [ [ [ 136.948056288, 35.743110792 ], [ 136.948056289, 35.743166352 ], [ 136.948111839, 35.743166352 ], [ 136.948111839, 35.743110792 ], [ 136.948056288, 35.743110792 ] ] ] } },
{ "type": "Feature", "properties": { "A31a_101": "8505090104", "A31a_102": "吉田川", "A31a_103": "21", "A31a_104": "岐阜県", "A31a_105": 2 }, "geometry": { "type": "Polygon", "coordinates": [ [ [ 136.950945163, 35.736110785 ], [ 136.950945163, 35.736166345 ], [ 136.951000723, 35.736166345 ], [ 136.951000723, 35.736110785 ], [ 136.950945163, 35.736110785 ] ] ] } },
{ "type": "Feature", "properties": { "A31a_101": "8505090104", "A31a_102": "吉田川", "A31a_103": "21", "A31a_104": "岐阜県", "A31a_105": 2 }, "geometry": { "type": "Polygon", "coordinates": [ [ [ 136.951000723, 35.736055235 ], [ 136.951000723, 35.736110785 ], [ 136.951056283, 35.736110785 ], [ 136.951056283, 35.736055235 ], [ 136.951000723, 35.736055235 ] ] ] } },
{ "type": "Feature", "properties": { "A31a_101": "8505090104", "A31a_102": "吉田川", "A31a_103": "21", "A31a_104": "岐阜県", "A31a_105": 2 }, "geometry": { "type": "Polygon", "coordinates": [ [ [ 136.951778503, 35.735499675 ], [ 136.951778503, 35.735555235 ], [ 136.951834053, 35.735555235 ], [ 136.951834053, 35.735499675 ], [ 136.951778503, 35.735499675 ] ] ] } },
{ "type": "Feature", "properties": { "A31a_101": "8505090104", "A31a_102": "吉田川", "A31a_103": "21", "A31a_104": "岐阜県", "A31a_105": 2 }, "geometry": { "type": "Polygon", "coordinates": [ [ [ 136.951834053, 35.735444115 ], [ 136.951834053, 35.735499675 ], [ 136.951889613, 35.735499675 ], [ 136.951889613, 35.735444115 ], [ 136.951834053, 35.735444115 ] ] ] } },
{ "type": "Feature", "properties": { "A31a_101": "8505090104", "A31a_102": "吉田川", "A31a_103": "21", "A31a_104": "岐阜県", "A31a_105": 2 }, "geometry": { "type": "Polygon", "coordinates": [ [ [ 136.951389613, 35.735777455 ], [ 136.951389613, 35.735833005 ], [ 136.951445163, 35.735833005 ], [ 136.951445163, 35.735777455 ], [ 136.951389613, 35.735777455 ] ] ] } },
{ "type": "Feature", "properties": { "A31a_101": "8505090104", "A31a_102": "吉田川", "A31a_103": "21", "A31a_104": "岐阜県", "A31a_105": 2 }, "geometry": { "type": "Polygon", "coordinates": [ [ [ 136.951556283, 35.735666345 ], [ 136.951556283, 35.735721895 ], [ 136.951611833, 35.735721895 ], [ 136.951611833, 35.735666345 ], [ 136.951556283, 35.735666345 ] ] ] } },
{ "type": "Feature", "properties": { "A31a_101": "8505090104", "A31a_102": "吉田川", "A31a_103": "21", "A31a_104": "岐阜県", "A31a_105": 2 }, "geometry": { "type": "Polygon", "coordinates": [ [ [ 136.951167393, 35.735944115 ], [ 136.951167393, 35.735999675 ], [ 136.951222943, 35.735999675 ], [ 136.951222943, 35.735944115 ], [ 136.951167393, 35.735944115 ] ] ] } },
{ "type": "Feature", "properties": { "A31a_101": "8505090104", "A31a_102": "吉田川", "A31a_103": "21", "A31a_104": "岐阜県", "A31a_105": 2 }, "geometry": { "type": "Polygon", "coordinates": [ [ [ 136.951334054, 35.736166346 ], [ 136.951334054, 35.736221896 ], [ 136.951389614, 35.736221896 ], [ 136.951389614, 35.736166346 ], [ 136.951334054, 35.736166346 ] ] ] } },
{ "type": "Feature", "properties": { "A31a_101": "8505090104", "A31a_102": "吉田川", "A31a_103": "21", "A31a_104": "岐阜県", "A31a_105": 2 }, "geometry": { "type": "Polygon", "coordinates": [ [ [ 136.949056284, 35.738444117 ], [ 136.949056284, 35.738499677 ], [ 136.949111834, 35.738499677 ], [ 136.949111834, 35.738444117 ], [ 136.949056284, 35.738444117 ] ] ] } },
{ "type": "Feature", "properties": { "A31a_101": "8505090104", "A31a_102": "吉田川", "A31a_103": "21", "A31a_104": "岐阜県", "A31a_105": 2 }, "geometry": { "type": "Polygon", "coordinates": [ [ [ 136.948834054, 35.738888567 ], [ 136.948834054, 35.738944117 ], [ 136.948889614, 35.738944117 ], [ 136.948889614, 35.738888567 ], [ 136.948834054, 35.738888567 ] ] ] } },
{ "type": "Feature", "properties": { "A31a_101": "8505090104", "A31a_102": "吉田川", "A31a_103": "21", "A31a_104": "岐阜県", "A31a_105": 2 }, "geometry": { "type": "Polygon", "coordinates": [ [ [ 136.949111834, 35.738944117 ], [ 136.949111834, 35.738999678 ], [ 136.949167394, 35.738999678 ], [ 136.949167394, 35.738944118 ], [ 136.949111834, 35.738944117 ] ] ] } },
{ "type": "Feature", "properties": { "A31a_101": "8505090104", "A31a_102": "吉田川", "A31a_103": "21", "A31a_104": "岐阜県", "A31a_105": 2 }, "geometry": { "type": "Polygon", "coordinates": [ [ [ 136.949389614, 35.738444117 ], [ 136.949389614, 35.738499677 ], [ 136.949389614, 35.738555237 ], [ 136.949445164, 35.738555237 ], [ 136.949445164, 35.738499677 ], [ 136.949445164, 35.738444117 ], [ 136.949389614, 35.738444117 ] ] ] } },
{ "type": "Feature", "properties": { "A31a_101": "8505090104", "A31a_102": "吉田川", "A31a_103": "21", "A31a_104": "岐阜県", "A31a_105": 2 }, "geometry": { "type": "Polygon", "coordinates": [ [ [ 136.949278504, 35.738666347 ], [ 136.949278504, 35.738721897 ], [ 136.949278504, 35.738777457 ], [ 136.949334054, 35.738777458 ], [ 136.949389614, 35.738777458 ], [ 136.949389614, 35.738721898 ], [ 136.949445164, 35.738721898 ], [ 136.949445164, 35.738666348 ], [ 136.949389614, 35.738666347 ], [ 136.949334054, 35.738666347 ], [ 136.949278504, 35.738666347 ] ] ] } },
{ "type": "Feature", "properties": { "A31a_101": "8505090104", "A31a_102": "吉田川", "A31a_103": "21", "A31a_104": "岐阜県", "A31a_105": 2 }, "geometry": { "type": "Polygon", "coordinates": [ [ [ 136.949389615, 35.739444119 ], [ 136.949389615, 35.739499679 ], [ 136.949445165, 35.739499679 ], [ 136.949445165, 35.739444119 ], [ 136.949389615, 35.739444119 ] ] ] } },
{ "type": "Feature", "properties": { "A31a_101": "8505090104", "A31a_102": "吉田川", "A31a_103": "21", "A31a_104": "岐阜県", "A31a_105": 2 }, "geometry": { "type": "Polygon", "coordinates": [ [ [ 136.94877851, 35.744221905 ], [ 136.948778511, 35.744277465 ], [ 136.948834061, 35.744277465 ], [ 136.94883406, 35.744221905 ], [ 136.94877851, 35.744221905 ] ] ] } },
{ "type": "Feature", "properties": { "A31a_101": "8505090104", "A31a_102": "吉田川", "A31a_103": "21", "A31a_104": "岐阜県", "A31a_105": 2 }, "geometry": { "type": "Polygon", "coordinates": [ [ [ 136.949056291, 35.744333015 ], [ 136.949056291, 35.744388575 ], [ 136.949111841, 35.744388576 ], [ 136.949111841, 35.744333015 ], [ 136.949056291, 35.744333015 ] ] ] } },
{ "type": "Feature", "properties": { "A31a_101": "8505090104", "A31a_102": "吉田川", "A31a_103": "21", "A31a_104": "岐阜県", "A31a_105": 2 }, "geometry": { "type": "Polygon", "coordinates": [ [ [ 136.950389613, 35.736499675 ], [ 136.950389613, 35.736555235 ], [ 136.950445163, 35.736555235 ], [ 136.950445163, 35.736499675 ], [ 136.950389613, 35.736499675 ] ] ] } },
{ "type": "Feature", "properties": { "A31a_101": "8505090104", "A31a_102": "吉田川", "A31a_103": "21", "A31a_104": "岐阜県", "A31a_105": 2 }, "geometry": { "type": "Polygon", "coordinates": [ [ [ 136.950334053, 35.736555235 ], [ 136.950334053, 35.736610785 ], [ 136.950389613, 35.736610785 ], [ 136.950389613, 35.736555235 ], [ 136.950334053, 35.736555235 ] ] ] } },
{ "type": "Feature", "properties": { "A31a_101": "8505090104", "A31a_102": "吉田川", "A31a_103": "21", "A31a_104": "岐阜県", "A31a_105": 2 }, "geometry": { "type": "Polygon", "coordinates": [ [ [ 136.948834052, 35.737333004 ], [ 136.948834052, 35.737388565 ], [ 136.948778502, 35.737388564 ], [ 136.948722942, 35.737388564 ], [ 136.948667392, 35.737388564 ], [ 136.948667392, 35.737444114 ], [ 136.948611832, 35.737444114 ], [ 136.948611832, 35.737499674 ], [ 136.948611832, 35.737555234 ], [ 136.948556282, 35.737555234 ], [ 136.948500722, 35.737555234 ], [ 136.948445162, 35.737555234 ], [ 136.948389612, 35.737555234 ], [ 136.948334052, 35.737555234 ], [ 136.948334052, 35.737610784 ], [ 136.948334052, 35.737666344 ], [ 136.948334052, 35.737721894 ], [ 136.948334052, 35.737777454 ], [ 136.948334052, 35.737833005 ], [ 136.948334053, 35.737888565 ], [ 136.948334053, 35.737944115 ], [ 136.948389613, 35.737944115 ], [ 136.948389613, 35.737888565 ], [ 136.948445163, 35.737888565 ], [ 136.948445163, 35.737944115 ], [ 136.948500723, 35.737944115 ], [ 136.948500723, 35.737888565 ], [ 136.948500723, 35.737833005 ], [ 136.948556283, 35.737833005 ], [ 136.948611833, 35.737833005 ], [ 136.948667393, 35.737833005 ], [ 136.948667393, 35.737777455 ], [ 136.948611833, 35.737777455 ], [ 136.948611833, 35.737721895 ], [ 136.948667393, 35.737721895 ], [ 136.948722943, 35.737721895 ], [ 136.948722943, 35.737666345 ], [ 136.948778503, 35.737666345 ], [ 136.948778503, 35.737610785 ], [ 136.948834053, 35.737610785 ], [ 136.948889613, 35.737610785 ], [ 136.948945163, 35.737610785 ], [ 136.949000723, 35.737610785 ], [ 136.949000723, 35.737555235 ], [ 136.948945163, 35.737555235 ], [ 136.948889613, 35.737555235 ], [ 136.948834053, 35.737555235 ], [ 136.948834053, 35.737499675 ], [ 136.948889613, 35.737499675 ], [ 136.948945163, 35.737499675 ], [ 136.948945163, 35.737444115 ], [ 136.949000723, 35.737444115 ], [ 136.949056283, 35.737444115 ], [ 136.949056283, 35.737388565 ], [ 136.949111833, 35.737388565 ], [ 136.949111833, 35.737333005 ], [ 136.949056283, 35.737333005 ], [ 136.949000723, 35.737333005 ], [ 136.948945162, 35.737333005 ], [ 136.948889612, 35.737333005 ], [ 136.948834052, 35.737333004 ] ] ] } },
{ "type": "Feature", "properties": { "A31a_101": "8505090104", "A31a_102": "吉田川", "A31a_103": "21", "A31a_104": "岐阜県", "A31a_105": 2 }, "geometry": { "type": "Polygon", "coordinates": [ [ [ 136.948722943, 35.738110786 ], [ 136.948722943, 35.738166346 ], [ 136.948778503, 35.738166346 ], [ 136.948778503, 35.738110786 ], [ 136.948722943, 35.738110786 ] ] ] } },
{ "type": "Feature", "properties": { "A31a_101": "8505090104", "A31a_102": "吉田川", "A31a_103": "21", "A31a_104": "岐阜県", "A31a_105": 2 }, "geometry": { "type": "Polygon", "coordinates": [ [ [ 136.950778503, 35.736221895 ], [ 136.950778503, 35.736277455 ], [ 136.950834053, 35.736277455 ], [ 136.950834053, 35.736221895 ], [ 136.950778503, 35.736221895 ] ] ] } },
{ "type": "Feature", "properties": { "A31a_101": "8505090104", "A31a_102": "吉田川", "A31a_103": "21", "A31a_104": "岐阜県", "A31a_105": 2 }, "geometry": { "type": "Polygon", "coordinates": [ [ [ 136.950000723, 35.736666345 ], [ 136.950000723, 35.736721895 ], [ 136.949945163, 35.736721895 ], [ 136.949945163, 35.736777455 ], [ 136.949889613, 35.736777455 ], [ 136.949834053, 35.736777455 ], [ 136.949778503, 35.736777455 ], [ 136.949778503, 35.736833005 ], [ 136.949722943, 35.736833005 ], [ 136.949722943, 35.736888565 ], [ 136.949667393, 35.736888565 ], [ 136.949667393, 35.736944115 ], [ 136.949611833, 35.736944115 ], [ 136.949556283, 35.736944115 ], [ 136.949556283, 35.736999675 ], [ 136.949500723, 35.736999675 ], [ 136.949500723, 35.737055235 ], [ 136.949445163, 35.737055235 ], [ 136.949445163, 35.737110785 ], [ 136.949389613, 35.737110785 ], [ 136.949334053, 35.737110785 ], [ 136.949334053, 35.737166345 ], [ 136.949278503, 35.737166345 ], [ 136.949278503, 35.737221895 ], [ 136.949222943, 35.737221895 ], [ 136.949222943, 35.737277455 ], [ 136.949167393, 35.737277455 ], [ 136.949167393, 35.737333005 ], [ 136.949222943, 35.737333005 ], [ 136.949278503, 35.737333005 ], [ 136.949278503, 35.737277455 ], [ 136.949334053, 35.737277455 ], [ 136.949334053, 35.737221895 ], [ 136.949389613, 35.737221895 ], [ 136.949445163, 35.737221895 ], [ 136.949445163, 35.737166345 ], [ 136.949500723, 35.737166345 ], [ 136.949500723, 35.737110785 ], [ 136.949556283, 35.737110785 ], [ 136.949611833, 35.737110785 ], [ 136.949611833, 35.737055235 ], [ 136.949667393, 35.737055235 ], [ 136.949722943, 35.737055235 ], [ 136.949722943, 35.736999675 ], [ 136.949778503, 35.736999675 ], [ 136.949834053, 35.736999675 ], [ 136.949834053, 35.736944115 ], [ 136.949889613, 35.736944115 ], [ 136.949889613, 35.736888565 ], [ 136.949945163, 35.736888565 ], [ 136.950000723, 35.736888565 ], [ 136.950000723, 35.736833005 ], [ 136.950056283, 35.736833005 ], [ 136.950056283, 35.736777455 ], [ 136.950111833, 35.736777455 ], [ 136.950111833, 35.736721895 ], [ 136.950167393, 35.736721895 ], [ 136.950222943, 35.736721895 ], [ 136.950222943, 35.736666345 ], [ 136.950167393, 35.736666345 ], [ 136.950111833, 35.736666345 ], [ 136.950056283, 35.736666345 ], [ 136.950000723, 35.736666345 ] ] ] } },
{ "type": "Feature", "properties": { "A31a_101": "8505090104", "A31a_102": "吉田川", "A31a_103": "21", "A31a_104": "岐阜県", "A31a_105": 2 }, "geometry": { "type": "Polygon", "coordinates": [ [ [ 136.950389613, 35.736721896 ], [ 136.950389613, 35.736777456 ], [ 136.950445163, 35.736777456 ], [ 136.950445163, 35.736721896 ], [ 136.950389613, 35.736721896 ] ] ] } },
{ "type": "Feature", "properties": { "A31a_101": "8505090104", "A31a_102": "吉田川", "A31a_103": "21", "A31a_104": "岐阜県", "A31a_105": 2 }, "geometry": { "type": "Polygon", "coordinates": [ [ [ 136.950556283, 35.736388565 ], [ 136.950556283, 35.736444115 ], [ 136.950611833, 35.736444115 ], [ 136.950611833, 35.736388565 ], [ 136.950556283, 35.736388565 ] ] ] } },
{ "type": "Feature", "properties": { "A31a_101": "8505090104", "A31a_102": "吉田川", "A31a_103": "21", "A31a_104": "岐阜県", "A31a_105": 2 }, "geometry": { "type": "Polygon", "coordinates": [ [ [ 136.950111844, 35.74666636 ], [ 136.950111845, 35.74672191 ], [ 136.950167405, 35.74672191 ], [ 136.950167405, 35.74666636 ], [ 136.950111844, 35.74666636 ] ] ] } },
{ "type": "Feature", "properties": { "A31a_101": "8505090104", "A31a_102": "吉田川", "A31a_103": "21", "A31a_104": "岐阜県", "A31a_105": 2 }, "geometry": { "type": "Polygon", "coordinates": [ [ [ 136.950556295, 35.747277472 ], [ 136.950556296, 35.747333022 ], [ 136.950556296, 35.747388582 ], [ 136.950611846, 35.747388582 ], [ 136.950611846, 35.747333022 ], [ 136.950611845, 35.747277472 ], [ 136.950556295, 35.747277472 ] ] ] } },
{ "type": "Feature", "properties": { "A31a_101": "8505090104", "A31a_102": "吉田川", "A31a_103": "21", "A31a_104": "岐阜県", "A31a_105": 2 }, "geometry": { "type": "Polygon", "coordinates": [ [ [ 136.950389626, 35.747666362 ], [ 136.950389626, 35.747721912 ], [ 136.950445176, 35.747721912 ], [ 136.950445176, 35.747666362 ], [ 136.950389626, 35.747666362 ] ] ] } },
{ "type": "Feature", "properties": { "A31a_101": "8505090104", "A31a_102": "吉田川", "A31a_103": "21", "A31a_104": "岐阜県", "A31a_105": 2 }, "geometry": { "type": "Polygon", "coordinates": [ [ [ 136.950834065, 35.747110802 ], [ 136.950834065, 35.747166362 ], [ 136.950889625, 35.747166362 ], [ 136.950889625, 35.747110802 ], [ 136.950834065, 35.747110802 ] ] ] } },
{ "type": "Feature", "properties": { "A31a_101": "8505090104", "A31a_102": "吉田川", "A31a_103": "21", "A31a_104": "岐阜県", "A31a_105": 2 }, "geometry": { "type": "Polygon", "coordinates": [ [ [ 136.949334061, 35.744444126 ], [ 136.949334061, 35.744499686 ], [ 136.949389621, 35.744499686 ], [ 136.949389621, 35.744444126 ], [ 136.949334061, 35.744444126 ] ] ] } },
{ "type": "Feature", "properties": { "A31a_101": "8505090104", "A31a_102": "吉田川", "A31a_103": "21", "A31a_104": "岐阜県", "A31a_105": 2 }, "geometry": { "type": "Polygon", "coordinates": [ [ [ 136.949389623, 35.745610798 ], [ 136.949389623, 35.745666358 ], [ 136.949445173, 35.745666358 ], [ 136.949445173, 35.745610798 ], [ 136.949389623, 35.745610798 ] ] ] } },
{ "type": "Feature", "properties": { "A31a_101": "8505090104", "A31a_102": "吉田川", "A31a_103": "21", "A31a_104": "岐阜県", "A31a_105": 2 }, "geometry": { "type": "Polygon", "coordinates": [ [ [ 136.947111841, 35.745499684 ], [ 136.947111841, 35.745555244 ], [ 136.947111841, 35.745610794 ], [ 136.947167401, 35.745610794 ], [ 136.947167401, 35.745555244 ], [ 136.947167401, 35.745499684 ], [ 136.947111841, 35.745499684 ] ] ] } },
{ "type": "Feature", "properties": { "A31a_101": "8505090104", "A31a_102": "吉田川", "A31a_103": "21", "A31a_104": "岐阜県", "A31a_105": 2 }, "geometry": { "type": "Polygon", "coordinates": [ [ [ 136.947167401, 35.745610794 ], [ 136.947167402, 35.745666354 ], [ 136.947222952, 35.745666354 ], [ 136.947222951, 35.745610794 ], [ 136.947167401, 35.745610794 ] ] ] } },
{ "type": "Feature", "properties": { "A31a_101": "8505090104", "A31a_102": "吉田川", "A31a_103": "21", "A31a_104": "岐阜県", "A31a_105": 2 }, "geometry": { "type": "Polygon", "coordinates": [ [ [ 136.947222952, 35.745721904 ], [ 136.947222952, 35.745777464 ], [ 136.947222952, 35.745833014 ], [ 136.947278512, 35.745833014 ], [ 136.947278512, 35.745777464 ], [ 136.947278512, 35.745721904 ], [ 136.947222952, 35.745721904 ] ] ] } },
{ "type": "Feature", "properties": { "A31a_101": "8505090104", "A31a_102": "吉田川", "A31a_103": "21", "A31a_104": "岐阜県", "A31a_105": 2 }, "geometry": { "type": "Polygon", "coordinates": [ [ [ 136.947278512, 35.745888574 ], [ 136.947278512, 35.745944124 ], [ 136.947334062, 35.745944125 ], [ 136.947334062, 35.745888575 ], [ 136.947278512, 35.745888574 ] ] ] } },
{ "type": "Feature", "properties": { "A31a_101": "8505090104", "A31a_102": "吉田川", "A31a_103": "21", "A31a_104": "岐阜県", "A31a_105": 2 }, "geometry": { "type": "Polygon", "coordinates": [ [ [ 136.947889622, 35.745444125 ], [ 136.947889622, 35.745499685 ], [ 136.947945172, 35.745499685 ], [ 136.947945172, 35.745555245 ], [ 136.947945172, 35.745610795 ], [ 136.948000732, 35.745610795 ], [ 136.948000732, 35.745555245 ], [ 136.948000732, 35.745499685 ], [ 136.948000732, 35.745444125 ], [ 136.947945172, 35.745444125 ], [ 136.947889622, 35.745444125 ] ] ] } },
{ "type": "Feature", "properties": { "A31a_101": "8505090104", "A31a_102": "吉田川", "A31a_103": "21", "A31a_104": "岐阜県", "A31a_105": 2 }, "geometry": { "type": "Polygon", "coordinates": [ [ [ 136.947889622, 35.745610795 ], [ 136.947889622, 35.745666355 ], [ 136.947945172, 35.745666355 ], [ 136.947945172, 35.745610795 ], [ 136.947889622, 35.745610795 ] ] ] } },
{ "type": "Feature", "properties": { "A31a_101": "8505090104", "A31a_102": "吉田川", "A31a_103": "21", "A31a_104": "岐阜県", "A31a_105": 2 }, "geometry": { "type": "Polygon", "coordinates": [ [ [ 136.947334054, 35.739555236 ], [ 136.947334054, 35.739610786 ], [ 136.947389614, 35.739610786 ], [ 136.947389614, 35.739555236 ], [ 136.947334054, 35.739555236 ] ] ] } },
{ "type": "Feature", "properties": { "A31a_101": "8505090104", "A31a_102": "吉田川", "A31a_103": "21", "A31a_104": "岐阜県", "A31a_105": 2 }, "geometry": { "type": "Polygon", "coordinates": [ [ [ 136.947834054, 35.739610787 ], [ 136.947834054, 35.739666347 ], [ 136.947889614, 35.739666347 ], [ 136.947889614, 35.739610787 ], [ 136.947834054, 35.739610787 ] ] ] } },
{ "type": "Feature", "properties": { "A31a_101": "8505090104", "A31a_102": "吉田川", "A31a_103": "21", "A31a_104": "岐阜県", "A31a_105": 2 }, "geometry": { "type": "Polygon", "coordinates": [ [ [ 136.947500725, 35.740333007 ], [ 136.947500725, 35.740388567 ], [ 136.947445165, 35.740388567 ], [ 136.947445165, 35.740444117 ], [ 136.947389615, 35.740444117 ], [ 136.947389615, 35.740499677 ], [ 136.947334055, 35.740499677 ], [ 136.947334055, 35.740555237 ], [ 136.947334055, 35.740610788 ], [ 136.947389615, 35.740610788 ], [ 136.947389615, 35.740555237 ], [ 136.947445165, 35.740555238 ], [ 136.947500725, 35.740555238 ], [ 136.947500725, 35.740499678 ], [ 136.947500725, 35.740444117 ], [ 136.947556285, 35.740444118 ], [ 136.947556285, 35.740388567 ], [ 136.947556285, 35.740333007 ], [ 136.947500725, 35.740333007 ] ] ] } },
{ "type": "Feature", "properties": { "A31a_101": "8505090104", "A31a_102": "吉田川", "A31a_103": "21", "A31a_104": "岐阜県", "A31a_105": 2 }, "geometry": { "type": "Polygon", "coordinates": [ [ [ 136.947389614, 35.739777456 ], [ 136.947389614, 35.739833006 ], [ 136.947389614, 35.739888566 ], [ 136.947445164, 35.739888567 ], [ 136.947445164, 35.739833006 ], [ 136.947445164, 35.739777456 ], [ 136.947389614, 35.739777456 ] ] ] } },
{ "type": "Feature", "properties": { "A31a_101": "8505090104", "A31a_102": "吉田川", "A31a_103": "21", "A31a_104": "岐阜県", "A31a_105": 2 }, "geometry": { "type": "Polygon", "coordinates": [ [ [ 136.947611834, 35.739999677 ], [ 136.947611834, 35.740055237 ], [ 136.947611834, 35.740110787 ], [ 136.947611834, 35.740166347 ], [ 136.947667395, 35.740166347 ], [ 136.947667394, 35.740110787 ], [ 136.947667394, 35.740055237 ], [ 136.947722944, 35.740055237 ], [ 136.947722944, 35.739999677 ], [ 136.947667394, 35.739999677 ], [ 136.947611834, 35.739999677 ] ] ] } },
{ "type": "Feature", "properties": { "A31a_101": "8505090104", "A31a_102": "吉田川", "A31a_103": "21", "A31a_104": "岐阜県", "A31a_105": 2 }, "geometry": { "type": "Polygon", "coordinates": [ [ [ 136.947778504, 35.739721897 ], [ 136.947778504, 35.739777457 ], [ 136.947778504, 35.739833007 ], [ 136.947834054, 35.739833007 ], [ 136.947834054, 35.739777457 ], [ 136.947834054, 35.739721897 ], [ 136.947778504, 35.739721897 ] ] ] } },
{ "type": "Feature", "properties": { "A31a_101": "8505090104", "A31a_102": "吉田川", "A31a_103": "21", "A31a_104": "岐阜県", "A31a_105": 2 }, "geometry": { "type": "Polygon", "coordinates": [ [ [ 136.947556285, 35.740221897 ], [ 136.947556285, 35.740277457 ], [ 136.947611835, 35.740277457 ], [ 136.947611835, 35.740221897 ], [ 136.947556285, 35.740221897 ] ] ] } },
{ "type": "Feature", "properties": { "A31a_101": "8505090104", "A31a_102": "吉田川", "A31a_103": "21", "A31a_104": "岐阜県", "A31a_105": 2 }, "geometry": { "type": "Polygon", "coordinates": [ [ [ 136.947722945, 35.740277458 ], [ 136.947722945, 35.740333008 ], [ 136.947722945, 35.740388568 ], [ 136.947722945, 35.740444118 ], [ 136.947778505, 35.740444118 ], [ 136.947778505, 35.740388568 ], [ 136.947778505, 35.740333008 ], [ 136.947778505, 35.740277458 ], [ 136.947722945, 35.740277458 ] ] ] } },
{ "type": "Feature", "properties": { "A31a_101": "8505090104", "A31a_102": "吉田川", "A31a_103": "21", "A31a_104": "岐阜県", "A31a_105": 2 }, "geometry": { "type": "Polygon", "coordinates": [ [ [ 136.947778503, 35.738444115 ], [ 136.947778503, 35.738499675 ], [ 136.947778503, 35.738555235 ], [ 136.947778503, 35.738610785 ], [ 136.947722943, 35.738610785 ], [ 136.947667393, 35.738610785 ], [ 136.947667393, 35.738666345 ], [ 136.947722943, 35.738666345 ], [ 136.947722943, 35.738721895 ], [ 136.947667393, 35.738721895 ], [ 136.947667393, 35.738777455 ], [ 136.947611833, 35.738777455 ], [ 136.947611833, 35.738833005 ], [ 136.947611833, 35.738888565 ], [ 136.947556283, 35.738888565 ], [ 136.947556283, 35.738944115 ], [ 136.947500723, 35.738944115 ], [ 136.947500723, 35.738999675 ], [ 136.947445163, 35.738999675 ], [ 136.947445163, 35.739055235 ], [ 136.947500723, 35.739055235 ], [ 136.947500723, 35.739110785 ], [ 136.947556283, 35.739110785 ], [ 136.947611833, 35.739110786 ], [ 136.947611833, 35.739055235 ], [ 136.947667393, 35.739055236 ], [ 136.947667393, 35.738999675 ], [ 136.947667393, 35.738944115 ], [ 136.947722943, 35.738944115 ], [ 136.947722943, 35.738888565 ], [ 136.947722943, 35.738833005 ], [ 136.947778503, 35.738833005 ], [ 136.947778503, 35.738777455 ], [ 136.947778503, 35.738721895 ], [ 136.947778503, 35.738666345 ], [ 136.947834053, 35.738666345 ], [ 136.947834053, 35.738610785 ], [ 136.947889613, 35.738610785 ], [ 136.947889613, 35.738555235 ], [ 136.947945163, 35.738555235 ], [ 136.947945163, 35.738499675 ], [ 136.947945163, 35.738444115 ], [ 136.947889613, 35.738444115 ], [ 136.947834053, 35.738444115 ], [ 136.947778503, 35.738444115 ] ] ] } },
{ "type": "Feature", "properties": { "A31a_101": "8505090104", "A31a_102": "吉田川", "A31a_103": "21", "A31a_104": "岐阜県", "A31a_105": 2 }, "geometry": { "type": "Polygon", "coordinates": [ [ [ 136.947889613, 35.738221895 ], [ 136.947889613, 35.738277455 ], [ 136.947889613, 35.738333005 ], [ 136.947889613, 35.738388565 ], [ 136.947945163, 35.738388565 ], [ 136.947945163, 35.738444115 ], [ 136.948000723, 35.738444115 ], [ 136.948000723, 35.738388565 ], [ 136.948056283, 35.738388565 ], [ 136.948056283, 35.738333005 ], [ 136.948056283, 35.738277455 ], [ 136.948056283, 35.738221895 ], [ 136.948000723, 35.738221895 ], [ 136.947945163, 35.738221895 ], [ 136.947889613, 35.738221895 ] ] ] } },
{ "type": "Feature", "properties": { "A31a_101": "8505090104", "A31a_102": "吉田川", "A31a_103": "21", "A31a_104": "岐阜県", "A31a_105": 2 }, "geometry": { "type": "Polygon", "coordinates": [ [ [ 136.948111834, 35.739110786 ], [ 136.948111834, 35.739166346 ], [ 136.948111834, 35.739221896 ], [ 136.948167394, 35.739221897 ], [ 136.948167394, 35.739166346 ], [ 136.948167394, 35.739110786 ], [ 136.948111834, 35.739110786 ] ] ] } },
{ "type": "Feature", "properties": { "A31a_101": "8505090104", "A31a_102": "吉田川", "A31a_103": "21", "A31a_104": "岐阜県", "A31a_105": 2 }, "geometry": { "type": "Polygon", "coordinates": [ [ [ 136.948222943, 35.738721896 ], [ 136.948222943, 35.738777456 ], [ 136.948222943, 35.738833006 ], [ 136.948167393, 35.738833006 ], [ 136.948167394, 35.738888566 ], [ 136.948167394, 35.738944116 ], [ 136.948167394, 35.738999676 ], [ 136.948167394, 35.739055236 ], [ 136.948167394, 35.739110786 ], [ 136.948222944, 35.739110786 ], [ 136.948222944, 35.739055236 ], [ 136.948278504, 35.739055236 ], [ 136.948278504, 35.738999676 ], [ 136.948278504, 35.738944116 ], [ 136.948334054, 35.738944116 ], [ 136.948334054, 35.738888566 ], [ 136.948334054, 35.738833006 ], [ 136.948334054, 35.738777456 ], [ 136.948278503, 35.738777456 ], [ 136.948278503, 35.738721896 ], [ 136.948222943, 35.738721896 ] ] ] } },
{ "type": "Feature", "properties": { "A31a_101": "8505090104", "A31a_102": "吉田川", "A31a_103": "21", "A31a_104": "岐阜県", "A31a_105": 2 }, "geometry": { "type": "Polygon", "coordinates": [ [ [ 136.948278504, 35.739110787 ], [ 136.948278504, 35.739166347 ], [ 136.948334054, 35.739166347 ], [ 136.948334054, 35.739110787 ], [ 136.948278504, 35.739110787 ] ] ] } },
{ "type": "Feature", "properties": { "A31a_101": "8505090104", "A31a_102": "吉田川", "A31a_103": "21", "A31a_104": "岐阜県", "A31a_105": 2 }, "geometry": { "type": "Polygon", "coordinates": [ [ [ 136.948056283, 35.738666345 ], [ 136.948056283, 35.738721896 ], [ 136.948111833, 35.738721896 ], [ 136.948111833, 35.738666346 ], [ 136.948056283, 35.738666345 ] ] ] } },
{ "type": "Feature", "properties": { "A31a_101": "8505090104", "A31a_102": "吉田川", "A31a_103": "21", "A31a_104": "岐阜県", "A31a_105": 3 }, "geometry": { "type": "Polygon", "coordinates": [ [ [ 136.946389614, 35.740888566 ], [ 136.946389615, 35.740944117 ], [ 136.946445165, 35.740944117 ], [ 136.946445164, 35.740888567 ], [ 136.946389614, 35.740888566 ] ] ] } },
{ "type": "Feature", "properties": { "A31a_101": "8505090104", "A31a_102": "吉田川", "A31a_103": "21", "A31a_104": "岐阜県", "A31a_105": 3 }, "geometry": { "type": "Polygon", "coordinates": [ [ [ 136.946445165, 35.740944117 ], [ 136.946445165, 35.740999677 ], [ 136.946389615, 35.740999677 ], [ 136.946389615, 35.741055237 ], [ 136.946389615, 35.741110787 ], [ 136.946389615, 35.741166347 ], [ 136.946389615, 35.741221897 ], [ 136.946389615, 35.741277457 ], [ 136.946389615, 35.741333007 ], [ 136.946389615, 35.741388567 ], [ 136.946389615, 35.741444117 ], [ 136.946389615, 35.741499677 ], [ 136.946389615, 35.741555238 ], [ 136.946389615, 35.741610788 ], [ 136.946389615, 35.741666348 ], [ 136.946445165, 35.741666348 ], [ 136.946445165, 35.741610788 ], [ 136.946445165, 35.741555238 ], [ 136.946445165, 35.741499678 ], [ 136.946445165, 35.741444117 ], [ 136.946445165, 35.741388567 ], [ 136.946500725, 35.741388567 ], [ 136.946500725, 35.741333007 ], [ 136.946500725, 35.741277457 ], [ 136.946500725, 35.741221897 ], [ 136.946445165, 35.741221897 ], [ 136.946445165, 35.741166347 ], [ 136.946445165, 35.741110787 ], [ 136.946445165, 35.741055237 ], [ 136.946500725, 35.741055237 ], [ 136.946556285, 35.741055237 ], [ 136.946556285, 35.741110787 ], [ 136.946611835, 35.741110787 ], [ 136.946611835, 35.741055237 ], [ 136.946611835, 35.740999677 ], [ 136.946556285, 35.740999677 ], [ 136.946556285, 35.740944117 ], [ 136.946500725, 35.740944117 ], [ 136.946445165, 35.740944117 ] ] ] } },
{ "type": "Feature", "properties": { "A31a_101": "8505090104", "A31a_102": "吉田川", "A31a_103": "21", "A31a_104": "岐阜県", "A31a_105": 3 }, "geometry": { "type": "Polygon", "coordinates": [ [ [ 136.951611833, 35.735610785 ], [ 136.951611833, 35.735666345 ], [ 136.951667393, 35.735666345 ], [ 136.951667393, 35.735610785 ], [ 136.951611833, 35.735610785 ] ] ] } },
{ "type": "Feature", "properties": { "A31a_101": "8505090104", "A31a_102": "吉田川", "A31a_103": "21", "A31a_104": "岐阜県", "A31a_105": 3 }, "geometry": { "type": "Polygon", "coordinates": [ [ [ 136.951667393, 35.735555235 ], [ 136.951667393, 35.735610785 ], [ 136.951722943, 35.735610785 ], [ 136.951722943, 35.735555235 ], [ 136.951667393, 35.735555235 ] ] ] } },
{ "type": "Feature", "properties": { "A31a_101": "8505090104", "A31a_102": "吉田川", "A31a_103": "21", "A31a_104": "岐阜県", "A31a_105": 3 }, "geometry": { "type": "Polygon", "coordinates": [ [ [ 136.952167407, 35.748277476 ], [ 136.952167407, 35.748333026 ], [ 136.952222957, 35.748333026 ], [ 136.952222957, 35.748388586 ], [ 136.952278517, 35.748388586 ], [ 136.952278517, 35.748333026 ], [ 136.952334067, 35.748333026 ], [ 136.952389627, 35.748333026 ], [ 136.952389627, 35.748277476 ], [ 136.952334067, 35.748277476 ], [ 136.952278517, 35.748277476 ], [ 136.952222957, 35.748277476 ], [ 136.952167407, 35.748277476 ] ] ] } },
{ "type": "Feature", "properties": { "A31a_101": "8505090104", "A31a_102": "吉田川", "A31a_103": "21", "A31a_104": "岐阜県", "A31a_105": 3 }, "geometry": { "type": "Polygon", "coordinates": [ [ [ 136.9466674, 35.744555242 ], [ 136.9466674, 35.744610792 ], [ 136.9466674, 35.744666352 ], [ 136.94672295, 35.744666352 ], [ 136.94672295, 35.744610792 ], [ 136.94672295, 35.744555242 ], [ 136.9466674, 35.744555242 ] ] ] } },
{ "type": "Feature", "properties": { "A31a_101": "8505090104", "A31a_102": "吉田川", "A31a_103": "21", "A31a_104": "岐阜県", "A31a_105": 3 }, "geometry": { "type": "Polygon", "coordinates": [ [ [ 136.946889619, 35.744221902 ], [ 136.946889619, 35.744277462 ], [ 136.946834059, 35.744277462 ], [ 136.946834059, 35.744333012 ], [ 136.946889619, 35.744333012 ], [ 136.94694517, 35.744333012 ], [ 136.94700073, 35.744333012 ], [ 136.947000729, 35.744277462 ], [ 136.946945169, 35.744277462 ], [ 136.946945169, 35.744221902 ], [ 136.946889619, 35.744221902 ] ] ] } },
{ "type": "Feature", "properties": { "A31a_101": "8505090104", "A31a_102": "吉田川", "A31a_103": "21", "A31a_104": "岐阜県", "A31a_105": 3 }, "geometry": { "type": "Polygon", "coordinates": [ [ [ 136.947334059, 35.743833012 ], [ 136.947334059, 35.743888572 ], [ 136.947278509, 35.743888572 ], [ 136.947278509, 35.743944122 ], [ 136.947278509, 35.743999682 ], [ 136.947278509, 35.744055242 ], [ 136.947278509, 35.744110792 ], [ 136.947334059, 35.744110792 ], [ 136.947334059, 35.744055242 ], [ 136.947334059, 35.743999682 ], [ 136.947334059, 35.743944122 ], [ 136.947389619, 35.743944122 ], [ 136.947389619, 35.743888572 ], [ 136.947389619, 35.743833012 ], [ 136.947334059, 35.743833012 ] ] ] } },
{ "type": "Feature", "properties": { "A31a_101": "8505090104", "A31a_102": "吉田川", "A31a_103": "21", "A31a_104": "岐阜県", "A31a_105": 3 }, "geometry": { "type": "Polygon", "coordinates": [ [ [ 136.947389619, 35.743777462 ], [ 136.947389619, 35.743833012 ], [ 136.947445169, 35.743833012 ], [ 136.947445169, 35.743777462 ], [ 136.947389619, 35.743777462 ] ] ] } },
{ "type": "Feature", "properties": { "A31a_101": "8505090104", "A31a_102": "吉田川", "A31a_103": "21", "A31a_104": "岐阜県", "A31a_105": 3 }, "geometry": { "type": "Polygon", "coordinates": [ [ [ 136.94750073, 35.744110793 ], [ 136.94750073, 35.744166353 ], [ 136.94755629, 35.744166353 ], [ 136.94755629, 35.744110793 ], [ 136.94750073, 35.744110793 ] ] ] } },
{ "type": "Feature", "properties": { "A31a_101": "8505090104", "A31a_102": "吉田川", "A31a_103": "21", "A31a_104": "岐阜県", "A31a_105": 3 }, "geometry": { "type": "Polygon", "coordinates": [ [ [ 136.94777851, 35.744055243 ], [ 136.94777851, 35.744110793 ], [ 136.94783406, 35.744110793 ], [ 136.94783406, 35.744055243 ], [ 136.94777851, 35.744055243 ] ] ] } },
{ "type": "Feature", "properties": { "A31a_101": "8505090104", "A31a_102": "吉田川", "A31a_103": "21", "A31a_104": "岐阜県", "A31a_105": 3 }, "geometry": { "type": "Polygon", "coordinates": [ [ [ 136.94755629, 35.744277463 ], [ 136.94755629, 35.744333013 ], [ 136.94755629, 35.744388573 ], [ 136.94761184, 35.744388573 ], [ 136.94761184, 35.744333013 ], [ 136.94761184, 35.744277463 ], [ 136.94755629, 35.744277463 ] ] ] } },
{ "type": "Feature", "properties": { "A31a_101": "8505090104", "A31a_102": "吉田川", "A31a_103": "21", "A31a_104": "岐阜県", "A31a_105": 3 }, "geometry": { "type": "Polygon", "coordinates": [ [ [ 136.94777851, 35.744166353 ], [ 136.94777851, 35.744221903 ], [ 136.94777851, 35.744277463 ], [ 136.94777851, 35.744333013 ], [ 136.94777851, 35.744388573 ], [ 136.94777851, 35.744444123 ], [ 136.94777851, 35.744499683 ], [ 136.94777851, 35.744555244 ], [ 136.94777851, 35.744610794 ], [ 136.94777851, 35.744666354 ], [ 136.947834061, 35.744666354 ], [ 136.947889621, 35.744666354 ], [ 136.94788962, 35.744610794 ], [ 136.94788962, 35.744555244 ], [ 136.94788962, 35.744499684 ], [ 136.94783406, 35.744499684 ], [ 136.94783406, 35.744444124 ], [ 136.94783406, 35.744388573 ], [ 136.94788962, 35.744388574 ], [ 136.94788962, 35.744333013 ], [ 136.94783406, 35.744333013 ], [ 136.94783406, 35.744277463 ], [ 136.94783406, 35.744221903 ], [ 136.94783406, 35.744166353 ], [ 136.94777851, 35.744166353 ] ] ] } },
{ "type": "Feature", "properties": { "A31a_101": "8505090104", "A31a_102": "吉田川", "A31a_103": "21", "A31a_104": "岐阜県", "A31a_105": 3 }, "geometry": { "type": "Polygon", "coordinates": [ [ [ 136.947889621, 35.744721904 ], [ 136.947889621, 35.744777464 ], [ 136.947889621, 35.744833014 ], [ 136.947945171, 35.744833014 ], [ 136.947945171, 35.744777464 ], [ 136.947945171, 35.744721904 ], [ 136.947889621, 35.744721904 ] ] ] } },
{ "type": "Feature", "properties": { "A31a_101": "8505090104", "A31a_102": "吉田川", "A31a_103": "21", "A31a_104": "岐阜県", "A31a_105": 3 }, "geometry": { "type": "Polygon", "coordinates": [ [ [ 136.947056291, 35.745444123 ], [ 136.947056291, 35.745499684 ], [ 136.947056291, 35.745555244 ], [ 136.947056291, 35.745610794 ], [ 136.947056291, 35.745666354 ], [ 136.947056292, 35.745721904 ], [ 136.947111842, 35.745721904 ], [ 136.947111842, 35.745777464 ], [ 136.947167402, 35.745777464 ], [ 136.947222952, 35.745777464 ], [ 136.947222952, 35.745721904 ], [ 136.947222952, 35.745666354 ], [ 136.947167402, 35.745666354 ], [ 136.947167401, 35.745610794 ], [ 136.947111841, 35.745610794 ], [ 136.947111841, 35.745555244 ], [ 136.947111841, 35.745499684 ], [ 136.947111841, 35.745444124 ], [ 136.947056291, 35.745444123 ] ] ] } },
{ "type": "Feature", "properties": { "A31a_101": "8505090104", "A31a_102": "吉田川", "A31a_103": "21", "A31a_104": "岐阜県", "A31a_105": 3 }, "geometry": { "type": "Polygon", "coordinates": [ [ [ 136.947389622, 35.745666354 ], [ 136.947389622, 35.745721904 ], [ 136.947445172, 35.745721904 ], [ 136.947445172, 35.745666354 ], [ 136.947389622, 35.745666354 ] ] ] } },
{ "type": "Feature", "properties": { "A31a_101": "8505090104", "A31a_102": "吉田川", "A31a_103": "21", "A31a_104": "岐阜県", "A31a_105": 3 }, "geometry": { "type": "Polygon", "coordinates": [ [ [ 136.948056292, 35.745777466 ], [ 136.948056292, 35.745833016 ], [ 136.948000732, 35.745833016 ], [ 136.947945172, 35.745833015 ], [ 136.947889622, 35.745833015 ], [ 136.947834062, 35.745833015 ], [ 136.947834062, 35.745888575 ], [ 136.947834062, 35.745944125 ], [ 136.947834062, 35.745999685 ], [ 136.947889622, 35.745999686 ], [ 136.947889622, 35.746055246 ], [ 136.947945172, 35.746055246 ], [ 136.947945172, 35.745999686 ], [ 136.948000732, 35.745999686 ], [ 136.948000732, 35.745944126 ], [ 136.947945172, 35.745944126 ], [ 136.947889622, 35.745944126 ], [ 136.947889622, 35.745888575 ], [ 136.947945172, 35.745888576 ], [ 136.948000732, 35.745888576 ], [ 136.948056292, 35.745888576 ], [ 136.948056292, 35.745944126 ], [ 136.948056292, 35.745999686 ], [ 136.948111843, 35.745999686 ], [ 136.948167403, 35.745999686 ], [ 136.948167402, 35.745944126 ], [ 136.948167402, 35.745888576 ], [ 136.948111842, 35.745888576 ], [ 136.948111842, 35.745833016 ], [ 136.948111842, 35.745777466 ], [ 136.948056292, 35.745777466 ] ] ] } },
{ "type": "Feature", "properties": { "A31a_101": "8505090104", "A31a_102": "吉田川", "A31a_103": "21", "A31a_104": "岐阜県", "A31a_105": 3 }, "geometry": { "type": "Polygon", "coordinates": [ [ [ 136.948667403, 35.746221907 ], [ 136.948667403, 35.746277467 ], [ 136.948722953, 35.746277467 ], [ 136.948722953, 35.746221907 ], [ 136.948667403, 35.746221907 ] ] ] } },
{ "type": "Feature", "properties": { "A31a_101": "8505090104", "A31a_102": "吉田川", "A31a_103": "21", "A31a_104": "岐阜県", "A31a_105": 3 }, "geometry": { "type": "Polygon", "coordinates": [ [ [ 136.947056289, 35.744110792 ], [ 136.947056289, 35.744166352 ], [ 136.947111839, 35.744166352 ], [ 136.947111839, 35.744221902 ], [ 136.947056289, 35.744221902 ], [ 136.94705629, 35.744277462 ], [ 136.94705629, 35.744333012 ], [ 136.94711184, 35.744333012 ], [ 136.94711184, 35.744388572 ], [ 136.94705629, 35.744388572 ], [ 136.94700073, 35.744388572 ], [ 136.94694517, 35.744388572 ], [ 136.94694517, 35.744444122 ], [ 136.94688962, 35.744444122 ], [ 136.94683406, 35.744444122 ], [ 136.94683406, 35.744388572 ], [ 136.946778509, 35.744388572 ], [ 136.946778509, 35.744333012 ], [ 136.946778509, 35.744277462 ], [ 136.946722949, 35.744277461 ], [ 136.946667399, 35.744277461 ], [ 136.946667399, 35.744333011 ], [ 136.946667399, 35.744388572 ], [ 136.946722949, 35.744388572 ], [ 136.94672295, 35.744444122 ], [ 136.94677851, 35.744444122 ], [ 136.94677851, 35.744499682 ], [ 136.94677851, 35.744555242 ], [ 136.94683406, 35.744555242 ], [ 136.94688962, 35.744555242 ], [ 136.94688962, 35.744499682 ], [ 136.94694517, 35.744499682 ], [ 136.94700073, 35.744499682 ], [ 136.94705629, 35.744499682 ], [ 136.94711184, 35.744499682 ], [ 136.9471674, 35.744499682 ], [ 136.94722295, 35.744499683 ], [ 136.94727851, 35.744499683 ], [ 136.94727851, 35.744555243 ], [ 136.94727851, 35.744610793 ], [ 136.94727851, 35.744666353 ], [ 136.94727851, 35.744721903 ], [ 136.94727851, 35.744777463 ], [ 136.94727851, 35.744833013 ], [ 136.94727851, 35.744888573 ], [ 136.947278511, 35.744944123 ], [ 136.947278511, 35.744999683 ], [ 136.947278511, 35.745055243 ], [ 136.947278511, 35.745110793 ], [ 136.947278511, 35.745166354 ], [ 136.947278511, 35.745221904 ], [ 136.947278511, 35.745277464 ], [ 136.947278511, 35.745333014 ], [ 136.947278511, 35.745388574 ], [ 136.947334061, 35.745388574 ], [ 136.947334061, 35.745444124 ], [ 136.947334061, 35.745499684 ], [ 136.947334061, 35.745555244 ], [ 136.947389621, 35.745555244 ], [ 136.947389622, 35.745610794 ], [ 136.947445172, 35.745610794 ], [ 136.947445172, 35.745666354 ], [ 136.947500732, 35.745666355 ], [ 136.947556292, 35.745666355 ], [ 136.947611842, 35.745666355 ], [ 136.947667402, 35.745666355 ], [ 136.947722952, 35.745666355 ], [ 136.947778512, 35.745666355 ], [ 136.947834062, 35.745666355 ], [ 136.947834062, 35.745721905 ], [ 136.947834062, 35.745777465 ], [ 136.947889622, 35.745777465 ], [ 136.947945172, 35.745777465 ], [ 136.948000732, 35.745777465 ], [ 136.948056292, 35.745777466 ], [ 136.948056292, 35.745721906 ], [ 136.948000732, 35.745721905 ], [ 136.948000732, 35.745666355 ], [ 136.948000732, 35.745610795 ], [ 136.947945172, 35.745610795 ], [ 136.947945172, 35.745666355 ], [ 136.947889622, 35.745666355 ], [ 136.947889622, 35.745610795 ], [ 136.947945172, 35.745610795 ], [ 136.947945172, 35.745555245 ], [ 136.947945172, 35.745499685 ], [ 136.947889622, 35.745499685 ], [ 136.947889622, 35.745444125 ], [ 136.947945172, 35.745444125 ], [ 136.947945172, 35.745388575 ], [ 136.947889622, 35.745388575 ], [ 136.947889621, 35.745333015 ], [ 136.947834061, 35.745333015 ], [ 136.947834061, 35.745277465 ], [ 136.947778511, 35.745277464 ], [ 136.947778511, 35.745221904 ], [ 136.947778511, 35.745166354 ], [ 136.947778511, 35.745110794 ], [ 136.947722951, 35.745110794 ], [ 136.947722951, 35.745055244 ], [ 136.947722951, 35.744999684 ], [ 136.947722951, 35.744944124 ], [ 136.947667401, 35.744944124 ], [ 136.947667401, 35.744888574 ], [ 136.947667401, 35.744833014 ], [ 136.947667401, 35.744777464 ], [ 136.947611841, 35.744777464 ], [ 136.94761184, 35.744721903 ], [ 136.94761184, 35.744666353 ], [ 136.94761184, 35.744610793 ], [ 136.94755629, 35.744610793 ], [ 136.94755629, 35.744555243 ], [ 136.94755629, 35.744499683 ], [ 136.94750073, 35.744499683 ], [ 136.94750073, 35.744444123 ], [ 136.94750073, 35.744388573 ], [ 136.94750073, 35.744333013 ], [ 136.94750073, 35.744277463 ], [ 136.94744517, 35.744277463 ], [ 136.94744517, 35.744221903 ], [ 136.94738962, 35.744221903 ], [ 136.94733406, 35.744221902 ], [ 136.94733406, 35.744277462 ], [ 136.94727851, 35.744277462 ], [ 136.94722295, 35.744277462 ], [ 136.94722295, 35.744221902 ], [ 136.947222949, 35.744166352 ], [ 136.947222949, 35.744110792 ], [ 136.947167399, 35.744110792 ], [ 136.947111839, 35.744110792 ], [ 136.947056289, 35.744110792 ] ] ] } },
{ "type": "Feature", "properties": { "A31a_101": "8505090104", "A31a_102": "吉田川", "A31a_103": "21", "A31a_104": "岐阜県", "A31a_105": 3 }, "geometry": { "type": "Polygon", "coordinates": [ [ [ 136.948722953, 35.746277467 ], [ 136.948722953, 35.746333017 ], [ 136.948778513, 35.746333018 ], [ 136.948778513, 35.746277467 ], [ 136.948722953, 35.746277467 ] ] ] } },
{ "type": "Feature", "properties": { "A31a_101": "8505090104", "A31a_102": "吉田川", "A31a_103": "21", "A31a_104": "岐阜県", "A31a_105": 3 }, "geometry": { "type": "Polygon", "coordinates": [ [ [ 136.948056295, 35.748166359 ], [ 136.948056296, 35.748221909 ], [ 136.948056296, 35.748277469 ], [ 136.948056296, 35.748333019 ], [ 136.948056296, 35.748388579 ], [ 136.948056296, 35.748444129 ], [ 136.948111846, 35.748444129 ], [ 136.948167406, 35.748444129 ], [ 136.948222956, 35.748444129 ], [ 136.948278516, 35.748444129 ], [ 136.948334066, 35.748444129 ], [ 136.948389626, 35.74844413 ], [ 136.948445176, 35.74844413 ], [ 136.948500736, 35.74844413 ], [ 136.948556296, 35.74844413 ], [ 136.948611846, 35.74844413 ], [ 136.948667406, 35.74844413 ], [ 136.948722956, 35.74844413 ], [ 136.948778516, 35.74844413 ], [ 136.948834066, 35.74844413 ], [ 136.948889626, 35.74844413 ], [ 136.948945176, 35.748444131 ], [ 136.949000736, 35.748444131 ], [ 136.949056296, 35.748444131 ], [ 136.949111846, 35.748444131 ], [ 136.949167406, 35.748444131 ], [ 136.949222956, 35.748444131 ], [ 136.949278516, 35.748444131 ], [ 136.949334066, 35.748444131 ], [ 136.949389627, 35.748444131 ], [ 136.949445177, 35.748444131 ], [ 136.949500737, 35.748444132 ], [ 136.949556297, 35.748444132 ], [ 136.949611847, 35.748444132 ], [ 136.949667407, 35.748444132 ], [ 136.949722957, 35.748444132 ], [ 136.949778517, 35.748444132 ], [ 136.949834067, 35.748444132 ], [ 136.949889627, 35.748444132 ], [ 136.949945177, 35.748444132 ], [ 136.950000737, 35.748444132 ], [ 136.950056297, 35.748444132 ], [ 136.950111847, 35.748444133 ], [ 136.950167407, 35.748444133 ], [ 136.950222957, 35.748444133 ], [ 136.950278517, 35.748444133 ], [ 136.950334067, 35.748444133 ], [ 136.950389627, 35.748444133 ], [ 136.950445177, 35.748444133 ], [ 136.950500737, 35.748444133 ], [ 136.950556297, 35.748444133 ], [ 136.950611847, 35.748444133 ], [ 136.950667407, 35.748444134 ], [ 136.950722957, 35.748444134 ], [ 136.950778517, 35.748444134 ], [ 136.950834067, 35.748444134 ], [ 136.950889627, 35.748444134 ], [ 136.950945177, 35.748444134 ], [ 136.951000737, 35.748444134 ], [ 136.951056297, 35.748444134 ], [ 136.951111847, 35.748444134 ], [ 136.951167407, 35.748444134 ], [ 136.951222957, 35.748444134 ], [ 136.951278517, 35.748444135 ], [ 136.951334067, 35.748444135 ], [ 136.951389627, 35.748444135 ], [ 136.951445177, 35.748444135 ], [ 136.951500737, 35.748444135 ], [ 136.951556297, 35.748444135 ], [ 136.951611847, 35.748444135 ], [ 136.951667407, 35.748444135 ], [ 136.951722957, 35.748444135 ], [ 136.951778517, 35.748444135 ], [ 136.951834067, 35.748444135 ], [ 136.951889627, 35.748444136 ], [ 136.951945177, 35.748444136 ], [ 136.952000737, 35.748444136 ], [ 136.952056297, 35.748444136 ], [ 136.952111847, 35.748444136 ], [ 136.952167407, 35.748444136 ], [ 136.952222957, 35.748444136 ], [ 136.952222957, 35.748388586 ], [ 136.952167407, 35.748388586 ], [ 136.952111847, 35.748388586 ], [ 136.952056297, 35.748388586 ], [ 136.952000737, 35.748388586 ], [ 136.952000737, 35.748333026 ], [ 136.951945177, 35.748333026 ], [ 136.951945177, 35.748388586 ], [ 136.951889627, 35.748388585 ], [ 136.951889627, 35.748333025 ], [ 136.951834067, 35.748333025 ], [ 136.951778517, 35.748333025 ], [ 136.951722957, 35.748333025 ], [ 136.951667407, 35.748333025 ], [ 136.951611847, 35.748333025 ], [ 136.951556297, 35.748333025 ], [ 136.951500737, 35.748333025 ], [ 136.951445177, 35.748333025 ], [ 136.951389627, 35.748333025 ], [ 136.951389627, 35.748388585 ], [ 136.951334067, 35.748388585 ], [ 136.951278517, 35.748388584 ], [ 136.951278517, 35.748333024 ], [ 136.951278517, 35.748277474 ], [ 136.951222957, 35.748277474 ], [ 136.951222957, 35.748333024 ], [ 136.951167407, 35.748333024 ], [ 136.951111847, 35.748333024 ], [ 136.951056297, 35.748333024 ], [ 136.951000737, 35.748333024 ], [ 136.950945177, 35.748333024 ], [ 136.950889627, 35.748333024 ], [ 136.950834067, 35.748333024 ], [ 136.950778517, 35.748333024 ], [ 136.950722957, 35.748333023 ], [ 136.950667407, 35.748333023 ], [ 136.950611847, 35.748333023 ], [ 136.950556297, 35.748333023 ], [ 136.950556297, 35.748388583 ], [ 136.950500737, 35.748388583 ], [ 136.950445177, 35.748388583 ], [ 136.950445177, 35.748333023 ], [ 136.950389627, 35.748333023 ], [ 136.950334067, 35.748333023 ], [ 136.950334067, 35.748388583 ], [ 136.950278517, 35.748388583 ], [ 136.950222957, 35.748388583 ], [ 136.950167407, 35.748388583 ], [ 136.950111847, 35.748388582 ], [ 136.950056297, 35.748388582 ], [ 136.950000737, 35.748388582 ], [ 136.949945177, 35.748388582 ], [ 136.949889627, 35.748388582 ], [ 136.949834067, 35.748388582 ], [ 136.949778517, 35.748388582 ], [ 136.949722957, 35.748388582 ], [ 136.949667407, 35.748388582 ], [ 136.949611847, 35.748388582 ], [ 136.949556297, 35.748388582 ], [ 136.949556296, 35.748333021 ], [ 136.949500736, 35.748333021 ], [ 136.949445176, 35.748333021 ], [ 136.949389626, 35.748333021 ], [ 136.949334066, 35.748333021 ], [ 136.949278516, 35.748333021 ], [ 136.949222956, 35.748333021 ], [ 136.949167406, 35.748333021 ], [ 136.949111846, 35.748333021 ], [ 136.949056296, 35.748333021 ], [ 136.949000736, 35.74833302 ], [ 136.948945176, 35.74833302 ], [ 136.948889626, 35.74833302 ], [ 136.948889626, 35.74827747 ], [ 136.948834066, 35.74827747 ], [ 136.948778516, 35.74827747 ], [ 136.948722956, 35.74827747 ], [ 136.948667406, 35.74827747 ], [ 136.948611846, 35.74827747 ], [ 136.948611846, 35.74822191 ], [ 136.948556296, 35.74822191 ], [ 136.948500736, 35.748221909 ], [ 136.948445176, 35.748221909 ], [ 136.948389626, 35.748221909 ], [ 136.948389626, 35.748166359 ], [ 136.948334066, 35.748166359 ], [ 136.948334066, 35.748221909 ], [ 136.948334066, 35.748277469 ], [ 136.948334066, 35.748333019 ], [ 136.948278516, 35.748333019 ], [ 136.948222956, 35.748333019 ], [ 136.948222956, 35.748277469 ], [ 136.948222956, 35.748221909 ], [ 136.948167406, 35.748221909 ], [ 136.948167406, 35.748166359 ], [ 136.948111846, 35.748166359 ], [ 136.948056295, 35.748166359 ] ] ] } },
{ "type": "Feature", "properties": { "A31a_101": "8505090104", "A31a_102": "吉田川", "A31a_103": "21", "A31a_104": "岐阜県", "A31a_105": 3 }, "geometry": { "type": "Polygon", "coordinates": [ [ [ 136.947167395, 35.740888568 ], [ 136.947167395, 35.740944118 ], [ 136.947167395, 35.740999678 ], [ 136.947222945, 35.740999678 ], [ 136.947222945, 35.740944118 ], [ 136.947222945, 35.740888568 ], [ 136.947167395, 35.740888568 ] ] ] } },
{ "type": "Feature", "properties": { "A31a_101": "8505090104", "A31a_102": "吉田川", "A31a_103": "21", "A31a_104": "岐阜県", "A31a_105": 3 }, "geometry": { "type": "Polygon", "coordinates": [ [ [ 136.947111835, 35.741055238 ], [ 136.947111835, 35.741110788 ], [ 136.947111835, 35.741166348 ], [ 136.947111835, 35.741221898 ], [ 136.947167395, 35.741221898 ], [ 136.947167395, 35.741166348 ], [ 136.947167395, 35.741110788 ], [ 136.947167395, 35.741055238 ], [ 136.947111835, 35.741055238 ] ] ] } },
{ "type": "Feature", "properties": { "A31a_101": "8505090104", "A31a_102": "吉田川", "A31a_103": "21", "A31a_104": "岐阜県", "A31a_105": 3 }, "geometry": { "type": "Polygon", "coordinates": [ [ [ 136.968945189, 35.753221948 ], [ 136.968945189, 35.753277508 ], [ 136.969000749, 35.753277508 ], [ 136.969000749, 35.753221948 ], [ 136.968945189, 35.753221948 ] ] ] } },
{ "type": "Feature", "properties": { "A31a_101": "8505090104", "A31a_102": "吉田川", "A31a_103": "21", "A31a_104": "岐阜県", "A31a_105": 3 }, "geometry": { "type": "Polygon", "coordinates": [ [ [ 136.969056309, 35.753277508 ], [ 136.969056309, 35.753333058 ], [ 136.969111859, 35.753333058 ], [ 136.969111859, 35.753277508 ], [ 136.969056309, 35.753277508 ] ] ] } },
{ "type": "Feature", "properties": { "A31a_101": "8505090104", "A31a_102": "吉田川", "A31a_103": "21", "A31a_104": "岐阜県", "A31a_105": 3 }, "geometry": { "type": "Polygon", "coordinates": [ [ [ 136.969445189, 35.753444169 ], [ 136.969445189, 35.753499729 ], [ 136.969445189, 35.753555289 ], [ 136.969500749, 35.753555289 ], [ 136.969556309, 35.753555289 ], [ 136.969611859, 35.753555289 ], [ 136.969611859, 35.753499729 ], [ 136.969556309, 35.753499729 ], [ 136.969500749, 35.753499729 ], [ 136.969500749, 35.753444169 ], [ 136.969445189, 35.753444169 ] ] ] } },
{ "type": "Feature", "properties": { "A31a_101": "8505090104", "A31a_102": "吉田川", "A31a_103": "21", "A31a_104": "岐阜県", "A31a_105": 3 }, "geometry": { "type": "Polygon", "coordinates": [ [ [ 136.97005631, 35.75372195 ], [ 136.97005631, 35.75377751 ], [ 136.97011186, 35.753777511 ], [ 136.97016742, 35.753777511 ], [ 136.97016742, 35.753721951 ], [ 136.97011186, 35.75372195 ], [ 136.97005631, 35.75372195 ] ] ] } },
{ "type": "Feature", "properties": { "A31a_101": "8505090104", "A31a_102": "吉田川", "A31a_103": "21", "A31a_104": "岐阜県", "A31a_105": 3 }, "geometry": { "type": "Polygon", "coordinates": [ [ [ 136.97055631, 35.753888621 ], [ 136.97055631, 35.753944172 ], [ 136.97061186, 35.753944172 ], [ 136.97061186, 35.753888622 ], [ 136.97055631, 35.753888621 ] ] ] } },
{ "type": "Feature", "properties": { "A31a_101": "8505090104", "A31a_102": "吉田川", "A31a_103": "21", "A31a_104": "岐阜県", "A31a_105": 3 }, "geometry": { "type": "Polygon", "coordinates": [ [ [ 136.97077853, 35.753944172 ], [ 136.97077853, 35.753999732 ], [ 136.97083408, 35.753999732 ], [ 136.97088964, 35.753999732 ], [ 136.97094519, 35.753999732 ], [ 136.97100075, 35.753999732 ], [ 136.97105631, 35.753999732 ], [ 136.97105631, 35.753944172 ], [ 136.97100075, 35.753944172 ], [ 136.97094519, 35.753944172 ], [ 136.97088964, 35.753944172 ], [ 136.97083408, 35.753944172 ], [ 136.97077853, 35.753944172 ] ] ] } },
{ "type": "Feature", "properties": { "A31a_101": "8505090104", "A31a_102": "吉田川", "A31a_103": "21", "A31a_104": "岐阜県", "A31a_105": 3 }, "geometry": { "type": "Polygon", "coordinates": [ [ [ 136.97138964, 35.754055293 ], [ 136.97138964, 35.754110843 ], [ 136.97144519, 35.754110843 ], [ 136.97150075, 35.754110843 ], [ 136.97155631, 35.754110843 ], [ 136.97155631, 35.754055293 ], [ 136.97150075, 35.754055293 ], [ 136.97144519, 35.754055293 ], [ 136.97138964, 35.754055293 ] ] ] } },
{ "type": "Feature", "properties": { "A31a_101": "8505090104", "A31a_102": "吉田川", "A31a_103": "21", "A31a_104": "岐阜県", "A31a_105": 3 }, "geometry": { "type": "Polygon", "coordinates": [ [ [ 136.960778522, 35.750444154 ], [ 136.960778522, 35.750499714 ], [ 136.960834072, 35.750499714 ], [ 136.960834072, 35.750444154 ], [ 136.960778522, 35.750444154 ] ] ] } },
{ "type": "Feature", "properties": { "A31a_101": "8505090104", "A31a_102": "吉田川", "A31a_103": "21", "A31a_104": "岐阜県", "A31a_105": 3 }, "geometry": { "type": "Polygon", "coordinates": [ [ [ 136.960945182, 35.750444154 ], [ 136.960945182, 35.750499714 ], [ 136.961000742, 35.750499714 ], [ 136.961056302, 35.750499714 ], [ 136.961111852, 35.750499715 ], [ 136.961167412, 35.750499715 ], [ 136.961167412, 35.750444155 ], [ 136.961111852, 35.750444154 ], [ 136.961056302, 35.750444154 ], [ 136.961000742, 35.750444154 ], [ 136.960945182, 35.750444154 ] ] ] } },
{ "type": "Feature", "properties": { "A31a_101": "8505090104", "A31a_102": "吉田川", "A31a_103": "21", "A31a_104": "岐阜県", "A31a_105": 3 }, "geometry": { "type": "Polygon", "coordinates": [ [ [ 136.961222962, 35.750499715 ], [ 136.961222962, 35.750555275 ], [ 136.961278522, 35.750555275 ], [ 136.961278522, 35.750499715 ], [ 136.961222962, 35.750499715 ] ] ] } },
{ "type": "Feature", "properties": { "A31a_101": "8505090104", "A31a_102": "吉田川", "A31a_103": "21", "A31a_104": "岐阜県", "A31a_105": 3 }, "geometry": { "type": "Polygon", "coordinates": [ [ [ 136.961334072, 35.750555275 ], [ 136.961334072, 35.750610825 ], [ 136.961389632, 35.750610825 ], [ 136.961389632, 35.750555275 ], [ 136.961334072, 35.750555275 ] ] ] } },
{ "type": "Feature", "properties": { "A31a_101": "8505090104", "A31a_102": "吉田川", "A31a_103": "21", "A31a_104": "岐阜県", "A31a_105": 3 }, "geometry": { "type": "Polygon", "coordinates": [ [ [ 136.965611857, 35.752444162 ], [ 136.965611857, 35.752499722 ], [ 136.965667417, 35.752499722 ], [ 136.965722967, 35.752499722 ], [ 136.965778527, 35.752499723 ], [ 136.965778527, 35.752444162 ], [ 136.965722967, 35.752444162 ], [ 136.965667417, 35.752444162 ], [ 136.965611857, 35.752444162 ] ] ] } },
{ "type": "Feature", "properties": { "A31a_101": "8505090104", "A31a_102": "吉田川", "A31a_103": "21", "A31a_104": "岐阜県", "A31a_105": 3 }, "geometry": { "type": "Polygon", "coordinates": [ [ [ 136.965834077, 35.752499723 ], [ 136.965834077, 35.752555283 ], [ 136.965889637, 35.752555283 ], [ 136.965889637, 35.752499723 ], [ 136.965834077, 35.752499723 ] ] ] } },
{ "type": "Feature", "properties": { "A31a_101": "8505090104", "A31a_102": "吉田川", "A31a_103": "21", "A31a_104": "岐阜県", "A31a_105": 3 }, "geometry": { "type": "Polygon", "coordinates": [ [ [ 136.966000747, 35.752555283 ], [ 136.966000747, 35.752610833 ], [ 136.966056307, 35.752610833 ], [ 136.966056307, 35.752555283 ], [ 136.966000747, 35.752555283 ] ] ] } },
{ "type": "Feature", "properties": { "A31a_101": "8505090104", "A31a_102": "吉田川", "A31a_103": "21", "A31a_104": "岐阜県", "A31a_105": 3 }, "geometry": { "type": "Polygon", "coordinates": [ [ [ 136.966334077, 35.752666393 ], [ 136.966334077, 35.752721944 ], [ 136.966389637, 35.752721944 ], [ 136.966389637, 35.752666394 ], [ 136.966334077, 35.752666393 ] ] ] } },
{ "type": "Feature", "properties": { "A31a_101": "8505090104", "A31a_102": "吉田川", "A31a_103": "21", "A31a_104": "岐阜県", "A31a_105": 3 }, "geometry": { "type": "Polygon", "coordinates": [ [ [ 136.955334069, 35.749110812 ], [ 136.955334069, 35.749166373 ], [ 136.955389629, 35.749166373 ], [ 136.955389629, 35.749110813 ], [ 136.955334069, 35.749110812 ] ] ] } },
{ "type": "Feature", "properties": { "A31a_101": "8505090104", "A31a_102": "吉田川", "A31a_103": "21", "A31a_104": "岐阜県", "A31a_105": 3 }, "geometry": { "type": "Polygon", "coordinates": [ [ [ 136.955722959, 35.749333034 ], [ 136.95572296, 35.749388594 ], [ 136.95577852, 35.749388594 ], [ 136.955778519, 35.749333034 ], [ 136.955722959, 35.749333034 ] ] ] } },
{ "type": "Feature", "properties": { "A31a_101": "8505090104", "A31a_102": "吉田川", "A31a_103": "21", "A31a_104": "岐阜県", "A31a_105": 3 }, "geometry": { "type": "Polygon", "coordinates": [ [ [ 136.95588963, 35.749333034 ], [ 136.95588963, 35.749388594 ], [ 136.95588963, 35.749444144 ], [ 136.95594518, 35.749444144 ], [ 136.95594518, 35.749388594 ], [ 136.95594518, 35.749333034 ], [ 136.95588963, 35.749333034 ] ] ] } },
{ "type": "Feature", "properties": { "A31a_101": "8505090104", "A31a_102": "吉田川", "A31a_103": "21", "A31a_104": "岐阜県", "A31a_105": 3 }, "geometry": { "type": "Polygon", "coordinates": [ [ [ 136.95583407, 35.749555264 ], [ 136.95583407, 35.749610814 ], [ 136.95588963, 35.749610814 ], [ 136.95588963, 35.749555264 ], [ 136.95583407, 35.749555264 ] ] ] } },
{ "type": "Feature", "properties": { "A31a_101": "8505090104", "A31a_102": "吉田川", "A31a_103": "21", "A31a_104": "岐阜県", "A31a_105": 3 }, "geometry": { "type": "Polygon", "coordinates": [ [ [ 136.95600074, 35.749833035 ], [ 136.95600074, 35.749888595 ], [ 136.95600074, 35.749944145 ], [ 136.9560563, 35.749944145 ], [ 136.9560563, 35.749888595 ], [ 136.9560563, 35.749833035 ], [ 136.95600074, 35.749833035 ] ] ] } },
{ "type": "Feature", "properties": { "A31a_101": "8505090104", "A31a_102": "吉田川", "A31a_103": "21", "A31a_104": "岐阜県", "A31a_105": 3 }, "geometry": { "type": "Polygon", "coordinates": [ [ [ 136.95600074, 35.749333034 ], [ 136.95600074, 35.749388594 ], [ 136.9560563, 35.749388594 ], [ 136.95611185, 35.749388594 ], [ 136.95616741, 35.749388594 ], [ 136.95622296, 35.749388594 ], [ 136.95627852, 35.749388595 ], [ 136.95627852, 35.749444145 ], [ 136.95633407, 35.749444145 ], [ 136.95638963, 35.749444145 ], [ 136.95638963, 35.749388595 ], [ 136.95638963, 35.749333035 ], [ 136.95633407, 35.749333035 ], [ 136.95627852, 35.749333034 ], [ 136.95622296, 35.749333034 ], [ 136.95616741, 35.749333034 ], [ 136.95611185, 35.749333034 ], [ 136.9560563, 35.749333034 ], [ 136.95600074, 35.749333034 ] ] ] } },
{ "type": "Feature", "properties": { "A31a_101": "8505090104", "A31a_102": "吉田川", "A31a_103": "21", "A31a_104": "岐阜県", "A31a_105": 3 }, "geometry": { "type": "Polygon", "coordinates": [ [ [ 136.959722962, 35.750444152 ], [ 136.959722962, 35.750499712 ], [ 136.959778522, 35.750499712 ], [ 136.959834072, 35.750499712 ], [ 136.959889632, 35.750499712 ], [ 136.959889632, 35.750444152 ], [ 136.959834072, 35.750444152 ], [ 136.959778522, 35.750444152 ], [ 136.959722962, 35.750444152 ] ] ] } },
{ "type": "Feature", "properties": { "A31a_101": "8505090104", "A31a_102": "吉田川", "A31a_103": "21", "A31a_104": "岐阜県", "A31a_105": 3 }, "geometry": { "type": "Polygon", "coordinates": [ [ [ 136.959945182, 35.750444152 ], [ 136.959945182, 35.750499712 ], [ 136.960000742, 35.750499713 ], [ 136.960056302, 35.750499713 ], [ 136.960111852, 35.750499713 ], [ 136.960167412, 35.750499713 ], [ 136.960222962, 35.750499713 ], [ 136.960278522, 35.750499713 ], [ 136.960334072, 35.750499713 ], [ 136.960389632, 35.750499713 ], [ 136.960445182, 35.750499713 ], [ 136.960500742, 35.750499713 ], [ 136.960556302, 35.750499714 ], [ 136.960611852, 35.750499714 ], [ 136.960667412, 35.750499714 ], [ 136.960667412, 35.750444154 ], [ 136.960611852, 35.750444154 ], [ 136.960556302, 35.750444153 ], [ 136.960500742, 35.750444153 ], [ 136.960445182, 35.750444153 ], [ 136.960389632, 35.750444153 ], [ 136.960334072, 35.750444153 ], [ 136.960278522, 35.750444153 ], [ 136.960222962, 35.750444153 ], [ 136.960167412, 35.750444153 ], [ 136.960111852, 35.750444153 ], [ 136.960056302, 35.750444153 ], [ 136.960000742, 35.750444152 ], [ 136.959945182, 35.750444152 ] ] ] } },
{ "type": "Feature", "properties": { "A31a_101": "8505090104", "A31a_102": "吉田川", "A31a_103": "21", "A31a_104": "岐阜県", "A31a_105": 3 }, "geometry": { "type": "Polygon", "coordinates": [ [ [ 136.967111858, 35.752888615 ], [ 136.967111858, 35.752944165 ], [ 136.967167418, 35.752944165 ], [ 136.967222968, 35.752944165 ], [ 136.967278528, 35.752944165 ], [ 136.967278528, 35.752888615 ], [ 136.967222968, 35.752888615 ], [ 136.967167418, 35.752888615 ], [ 136.967111858, 35.752888615 ] ] ] } },
{ "type": "Feature", "properties": { "A31a_101": "8505090104", "A31a_102": "吉田川", "A31a_103": "21", "A31a_104": "岐阜県", "A31a_105": 3 }, "geometry": { "type": "Polygon", "coordinates": [ [ [ 136.967334078, 35.752888615 ], [ 136.967334078, 35.752944165 ], [ 136.967278528, 35.752944165 ], [ 136.967278528, 35.752999725 ], [ 136.967334078, 35.752999725 ], [ 136.967389638, 35.752999725 ], [ 136.967445188, 35.752999725 ], [ 136.967445188, 35.753055286 ], [ 136.967500748, 35.753055286 ], [ 136.967500748, 35.752999726 ], [ 136.967500748, 35.752944165 ], [ 136.967445188, 35.752944165 ], [ 136.967389638, 35.752944165 ], [ 136.967389638, 35.752888615 ], [ 136.967334078, 35.752888615 ] ] ] } },
{ "type": "Feature", "properties": { "A31a_101": "8505090104", "A31a_102": "吉田川", "A31a_103": "21", "A31a_104": "岐阜県", "A31a_105": 3 }, "geometry": { "type": "Polygon", "coordinates": [ [ [ 136.967667418, 35.753110836 ], [ 136.967667418, 35.753166396 ], [ 136.967722968, 35.753166396 ], [ 136.967778528, 35.753166396 ], [ 136.967834078, 35.753166396 ], [ 136.967889638, 35.753166396 ], [ 136.967889638, 35.753110836 ], [ 136.967834078, 35.753110836 ], [ 136.967778528, 35.753110836 ], [ 136.967722968, 35.753110836 ], [ 136.967667418, 35.753110836 ] ] ] } },
{ "type": "Feature", "properties": { "A31a_101": "8505090104", "A31a_102": "吉田川", "A31a_103": "21", "A31a_104": "岐阜県", "A31a_105": 3 }, "geometry": { "type": "Polygon", "coordinates": [ [ [ 136.967889638, 35.753166396 ], [ 136.967889638, 35.753221946 ], [ 136.967945188, 35.753221946 ], [ 136.968000748, 35.753221947 ], [ 136.968000748, 35.753166396 ], [ 136.967945188, 35.753166396 ], [ 136.967889638, 35.753166396 ] ] ] } },
{ "type": "Feature", "properties": { "A31a_101": "8505090104", "A31a_102": "吉田川", "A31a_103": "21", "A31a_104": "岐阜県", "A31a_105": 3 }, "geometry": { "type": "Polygon", "coordinates": [ [ [ 136.966445187, 35.752721944 ], [ 136.966445187, 35.752777504 ], [ 136.966500747, 35.752777504 ], [ 136.966556307, 35.752777504 ], [ 136.966611858, 35.752777504 ], [ 136.966667418, 35.752777504 ], [ 136.966667417, 35.752721944 ], [ 136.966611857, 35.752721944 ], [ 136.966556307, 35.752721944 ], [ 136.966500747, 35.752721944 ], [ 136.966445187, 35.752721944 ] ] ] } },
{ "type": "Feature", "properties": { "A31a_101": "8505090104", "A31a_102": "吉田川", "A31a_103": "21", "A31a_104": "岐阜県", "A31a_105": 3 }, "geometry": { "type": "Polygon", "coordinates": [ [ [ 136.966722968, 35.752777504 ], [ 136.966722968, 35.752833054 ], [ 136.966778528, 35.752833054 ], [ 136.966834078, 35.752833054 ], [ 136.966889638, 35.752833054 ], [ 136.966889638, 35.752888615 ], [ 136.966945188, 35.752888615 ], [ 136.966945188, 35.752833055 ], [ 136.966945188, 35.752777504 ], [ 136.966889638, 35.752777504 ], [ 136.966834078, 35.752777504 ], [ 136.966778528, 35.752777504 ], [ 136.966722968, 35.752777504 ] ] ] } },
{ "type": "Feature", "properties": { "A31a_101": "8505090104", "A31a_102": "吉田川", "A31a_103": "21", "A31a_104": "岐阜県", "A31a_105": 3 }, "geometry": { "type": "Polygon", "coordinates": [ [ [ 136.947500733, 35.746499686 ], [ 136.947500733, 35.746555246 ], [ 136.947500733, 35.746610796 ], [ 136.947500733, 35.746666356 ], [ 136.947556293, 35.746666356 ], [ 136.947556293, 35.746721906 ], [ 136.947611843, 35.746721906 ], [ 136.947611843, 35.746666356 ], [ 136.947611843, 35.746610796 ], [ 136.947556293, 35.746610796 ], [ 136.947556293, 35.746555246 ], [ 136.947556293, 35.746499686 ], [ 136.947500733, 35.746499686 ] ] ] } },
{ "type": "Feature", "properties": { "A31a_101": "8505090104", "A31a_102": "吉田川", "A31a_103": "21", "A31a_104": "岐阜県", "A31a_105": 3 }, "geometry": { "type": "Polygon", "coordinates": [ [ [ 136.947500733, 35.746721906 ], [ 136.947500733, 35.746777466 ], [ 136.947500733, 35.746833016 ], [ 136.947500733, 35.746888576 ], [ 136.947556293, 35.746888576 ], [ 136.947556293, 35.746833016 ], [ 136.947556293, 35.746777466 ], [ 136.947556293, 35.746721906 ], [ 136.947500733, 35.746721906 ] ] ] } },
{ "type": "Feature", "properties": { "A31a_101": "8505090104", "A31a_102": "吉田川", "A31a_103": "21", "A31a_104": "岐阜県", "A31a_105": 3 }, "geometry": { "type": "Polygon", "coordinates": [ [ [ 136.947222952, 35.745833014 ], [ 136.947222952, 35.745888574 ], [ 136.947222952, 35.745944124 ], [ 136.947222952, 35.745999684 ], [ 136.947222952, 35.746055245 ], [ 136.947222952, 35.746110795 ], [ 136.947222952, 35.746166355 ], [ 136.947222952, 35.746221905 ], [ 136.947278512, 35.746221905 ], [ 136.947334062, 35.746221905 ], [ 136.947389622, 35.746221905 ], [ 136.947389622, 35.746166355 ], [ 136.947389622, 35.746110795 ], [ 136.947334062, 35.746110795 ], [ 136.947334062, 35.746055245 ], [ 136.947334062, 35.745999685 ], [ 136.947334062, 35.745944125 ], [ 136.947278512, 35.745944124 ], [ 136.947278512, 35.745888574 ], [ 136.947278512, 35.745833014 ], [ 136.947222952, 35.745833014 ] ] ] } },
{ "type": "Feature", "properties": { "A31a_101": "8505090104", "A31a_102": "吉田川", "A31a_103": "21", "A31a_104": "岐阜県", "A31a_105": 3 }, "geometry": { "type": "Polygon", "coordinates": [ [ [ 136.947834063, 35.746166356 ], [ 136.947834063, 35.746221906 ], [ 136.947889623, 35.746221906 ], [ 136.947945173, 35.746221906 ], [ 136.947945173, 35.746166356 ], [ 136.947889623, 35.746166356 ], [ 136.947834063, 35.746166356 ] ] ] } },
{ "type": "Feature", "properties": { "A31a_101": "8505090104", "A31a_102": "吉田川", "A31a_103": "21", "A31a_104": "岐阜県", "A31a_105": 3 }, "geometry": { "type": "Polygon", "coordinates": [ [ [ 136.947778515, 35.747944128 ], [ 136.947778515, 35.747999688 ], [ 136.947834065, 35.747999688 ], [ 136.947834065, 35.747944128 ], [ 136.947778515, 35.747944128 ] ] ] } },
{ "type": "Feature", "properties": { "A31a_101": "8505090104", "A31a_102": "吉田川", "A31a_103": "21", "A31a_104": "岐阜県", "A31a_105": 3 }, "geometry": { "type": "Polygon", "coordinates": [ [ [ 136.947556289, 35.743444122 ], [ 136.947556289, 35.743499682 ], [ 136.947556289, 35.743555242 ], [ 136.947611839, 35.743555242 ], [ 136.947611839, 35.743499682 ], [ 136.947611839, 35.743444122 ], [ 136.947556289, 35.743444122 ] ] ] } },
{ "type": "Feature", "properties": { "A31a_101": "8505090104", "A31a_102": "吉田川", "A31a_103": "21", "A31a_104": "岐阜県", "A31a_105": 3 }, "geometry": { "type": "Polygon", "coordinates": [ [ [ 136.947445169, 35.743888572 ], [ 136.947445169, 35.743944122 ], [ 136.947500729, 35.743944122 ], [ 136.947500729, 35.743888572 ], [ 136.947445169, 35.743888572 ] ] ] } },
{ "type": "Feature", "properties": { "A31a_101": "8505090104", "A31a_102": "吉田川", "A31a_103": "21", "A31a_104": "岐阜県", "A31a_105": 3 }, "geometry": { "type": "Polygon", "coordinates": [ [ [ 136.948778513, 35.746333018 ], [ 136.948778513, 35.746388578 ], [ 136.948834063, 35.746388578 ], [ 136.948834063, 35.746333018 ], [ 136.948778513, 35.746333018 ] ] ] } },
{ "type": "Feature", "properties": { "A31a_101": "8505090104", "A31a_102": "吉田川", "A31a_103": "21", "A31a_104": "岐阜県", "A31a_105": 3 }, "geometry": { "type": "Polygon", "coordinates": [ [ [ 136.948889623, 35.746333018 ], [ 136.948889623, 35.746388578 ], [ 136.948945174, 35.746388578 ], [ 136.948945173, 35.746333018 ], [ 136.948889623, 35.746333018 ] ] ] } },
{ "type": "Feature", "properties": { "A31a_101": "8505090104", "A31a_102": "吉田川", "A31a_103": "21", "A31a_104": "岐阜県", "A31a_105": 3 }, "geometry": { "type": "Polygon", "coordinates": [ [ [ 136.948945174, 35.746388578 ], [ 136.948945174, 35.746444128 ], [ 136.949000734, 35.746444128 ], [ 136.949000734, 35.746388578 ], [ 136.948945174, 35.746388578 ] ] ] } },
{ "type": "Feature", "properties": { "A31a_101": "8505090104", "A31a_102": "吉田川", "A31a_103": "21", "A31a_104": "岐阜県", "A31a_105": 3 }, "geometry": { "type": "Polygon", "coordinates": [ [ [ 136.949000734, 35.746444128 ], [ 136.949000734, 35.746499688 ], [ 136.949056294, 35.746499688 ], [ 136.949056294, 35.746444128 ], [ 136.949000734, 35.746444128 ] ] ] } },
{ "type": "Feature", "properties": { "A31a_101": "8505090104", "A31a_102": "吉田川", "A31a_103": "21", "A31a_104": "岐阜県", "A31a_105": 3 }, "geometry": { "type": "Polygon", "coordinates": [ [ [ 136.949278514, 35.746777469 ], [ 136.949278514, 35.746833019 ], [ 136.949278514, 35.746888579 ], [ 136.949334064, 35.746888579 ], [ 136.949389624, 35.746888579 ], [ 136.949389624, 35.746833019 ], [ 136.949334064, 35.746833019 ], [ 136.949334064, 35.746777469 ], [ 136.949278514, 35.746777469 ] ] ] } },
{ "type": "Feature", "properties": { "A31a_101": "8505090104", "A31a_102": "吉田川", "A31a_103": "21", "A31a_104": "岐阜県", "A31a_105": 3 }, "geometry": { "type": "Polygon", "coordinates": [ [ [ 136.949445174, 35.746888579 ], [ 136.949445175, 35.746944129 ], [ 136.949500735, 35.74694413 ], [ 136.949500734, 35.746888579 ], [ 136.949445174, 35.746888579 ] ] ] } },
{ "type": "Feature", "properties": { "A31a_101": "8505090104", "A31a_102": "吉田川", "A31a_103": "21", "A31a_104": "岐阜県", "A31a_105": 3 }, "geometry": { "type": "Polygon", "coordinates": [ [ [ 136.946389618, 35.74355524 ], [ 136.946389618, 35.74361079 ], [ 136.946389618, 35.74366635 ], [ 136.946445168, 35.74366635 ], [ 136.946445168, 35.74361079 ], [ 136.946445168, 35.74355524 ], [ 136.946389618, 35.74355524 ] ] ] } },
{ "type": "Feature", "properties": { "A31a_101": "8505090104", "A31a_102": "吉田川", "A31a_103": "21", "A31a_104": "岐阜県", "A31a_105": 3 }, "geometry": { "type": "Polygon", "coordinates": [ [ [ 136.946445169, 35.74383301 ], [ 136.946445169, 35.743888571 ], [ 136.946500729, 35.743888571 ], [ 136.946500729, 35.743833011 ], [ 136.946445169, 35.74383301 ] ] ] } },
{ "type": "Feature", "properties": { "A31a_101": "8505090104", "A31a_102": "吉田川", "A31a_103": "21", "A31a_104": "岐阜県", "A31a_105": 3 }, "geometry": { "type": "Polygon", "coordinates": [ [ [ 136.946500729, 35.743999681 ], [ 136.946500729, 35.744055241 ], [ 136.946500729, 35.744110791 ], [ 136.946556289, 35.744110791 ], [ 136.946556289, 35.744055241 ], [ 136.946556289, 35.743999681 ], [ 136.946500729, 35.743999681 ] ] ] } },
{ "type": "Feature", "properties": { "A31a_101": "8505090104", "A31a_102": "吉田川", "A31a_103": "21", "A31a_104": "岐阜県", "A31a_105": 3 }, "geometry": { "type": "Polygon", "coordinates": [ [ [ 136.947111839, 35.743833012 ], [ 136.947111839, 35.743888572 ], [ 136.947167399, 35.743888572 ], [ 136.947167399, 35.743833012 ], [ 136.947111839, 35.743833012 ] ] ] } },
{ "type": "Feature", "properties": { "A31a_101": "8505090104", "A31a_102": "吉田川", "A31a_103": "21", "A31a_104": "岐阜県", "A31a_105": 3 }, "geometry": { "type": "Polygon", "coordinates": [ [ [ 136.946556289, 35.744221901 ], [ 136.946556289, 35.744277461 ], [ 136.946556289, 35.744333011 ], [ 136.946611839, 35.744333011 ], [ 136.946611839, 35.744277461 ], [ 136.946611839, 35.744221901 ], [ 136.946556289, 35.744221901 ] ] ] } },
{ "type": "Feature", "properties": { "A31a_101": "8505090104", "A31a_102": "吉田川", "A31a_103": "21", "A31a_104": "岐阜県", "A31a_105": 3 }, "geometry": { "type": "Polygon", "coordinates": [ [ [ 136.951500723, 35.735666345 ], [ 136.951500723, 35.735721895 ], [ 136.951556283, 35.735721895 ], [ 136.951556283, 35.735666345 ], [ 136.951500723, 35.735666345 ] ] ] } },
{ "type": "Feature", "properties": { "A31a_101": "8505090104", "A31a_102": "吉田川", "A31a_103": "21", "A31a_104": "岐阜県", "A31a_105": 3 }, "geometry": { "type": "Polygon", "coordinates": [ [ [ 136.951445163, 35.735721895 ], [ 136.951445163, 35.735777455 ], [ 136.951500723, 35.735777455 ], [ 136.951500723, 35.735721895 ], [ 136.951445163, 35.735721895 ] ] ] } },
{ "type": "Feature", "properties": { "A31a_101": "8505090104", "A31a_102": "吉田川", "A31a_103": "21", "A31a_104": "岐阜県", "A31a_105": 3 }, "geometry": { "type": "Polygon", "coordinates": [ [ [ 136.950834053, 35.736166345 ], [ 136.950834053, 35.736221895 ], [ 136.950889613, 35.736221895 ], [ 136.950889613, 35.736166345 ], [ 136.950834053, 35.736166345 ] ] ] } },
{ "type": "Feature", "properties": { "A31a_101": "8505090104", "A31a_102": "吉田川", "A31a_103": "21", "A31a_104": "岐阜県", "A31a_105": 3 }, "geometry": { "type": "Polygon", "coordinates": [ [ [ 136.951056283, 35.735999675 ], [ 136.951056283, 35.736055235 ], [ 136.951111833, 35.736055235 ], [ 136.951111833, 35.735999675 ], [ 136.951056283, 35.735999675 ] ] ] } },
{ "type": "Feature", "properties": { "A31a_101": "8505090104", "A31a_102": "吉田川", "A31a_103": "21", "A31a_104": "岐阜県", "A31a_105": 3 }, "geometry": { "type": "Polygon", "coordinates": [ [ [ 136.950445163, 35.736444115 ], [ 136.950445163, 35.736499675 ], [ 136.950500723, 35.736499675 ], [ 136.950500723, 35.736444115 ], [ 136.950445163, 35.736444115 ] ] ] } },
{ "type": "Feature", "properties": { "A31a_101": "8505090104", "A31a_102": "吉田川", "A31a_103": "21", "A31a_104": "岐阜県", "A31a_105": 3 }, "geometry": { "type": "Polygon", "coordinates": [ [ [ 136.950611833, 35.736333005 ], [ 136.950611833, 35.736388565 ], [ 136.950667393, 35.736388565 ], [ 136.950667393, 35.736333005 ], [ 136.950611833, 35.736333005 ] ] ] } },
{ "type": "Feature", "properties": { "A31a_101": "8505090104", "A31a_102": "吉田川", "A31a_103": "21", "A31a_104": "岐阜県", "A31a_105": 3 }, "geometry": { "type": "Polygon", "coordinates": [ [ [ 136.951222943, 35.735888565 ], [ 136.951222943, 35.735944115 ], [ 136.951278503, 35.735944115 ], [ 136.951278503, 35.735888565 ], [ 136.951222943, 35.735888565 ] ] ] } },
{ "type": "Feature", "properties": { "A31a_101": "8505090104", "A31a_102": "吉田川", "A31a_103": "21", "A31a_104": "岐阜県", "A31a_105": 3 }, "geometry": { "type": "Polygon", "coordinates": [ [ [ 136.948611832, 35.737388564 ], [ 136.948611832, 35.737444114 ], [ 136.948667392, 35.737444114 ], [ 136.948667392, 35.737388564 ], [ 136.948611832, 35.737388564 ] ] ] } },
{ "type": "Feature", "properties": { "A31a_101": "8505090104", "A31a_102": "吉田川", "A31a_103": "21", "A31a_104": "岐阜県", "A31a_105": 3 }, "geometry": { "type": "Polygon", "coordinates": [ [ [ 136.948667392, 35.737333004 ], [ 136.948667392, 35.737388564 ], [ 136.948722942, 35.737388564 ], [ 136.948778502, 35.737388564 ], [ 136.948834052, 35.737388565 ], [ 136.948834052, 35.737333004 ], [ 136.948778502, 35.737333004 ], [ 136.948722942, 35.737333004 ], [ 136.948667392, 35.737333004 ] ] ] } },
{ "type": "Feature", "properties": { "A31a_101": "8505090104", "A31a_102": "吉田川", "A31a_103": "21", "A31a_104": "岐阜県", "A31a_105": 3 }, "geometry": { "type": "Polygon", "coordinates": [ [ [ 136.949222943, 35.737110785 ], [ 136.949222943, 35.737166345 ], [ 136.949167393, 35.737166345 ], [ 136.949167393, 35.737221895 ], [ 136.949167393, 35.737277455 ], [ 136.949222943, 35.737277455 ], [ 136.949222943, 35.737221895 ], [ 136.949278503, 35.737221895 ], [ 136.949278503, 35.737166345 ], [ 136.949334053, 35.737166345 ], [ 136.949334053, 35.737110785 ], [ 136.949278503, 35.737110785 ], [ 136.949222943, 35.737110785 ] ] ] } },
{ "type": "Feature", "properties": { "A31a_101": "8505090104", "A31a_102": "吉田川", "A31a_103": "21", "A31a_104": "岐阜県", "A31a_105": 3 }, "geometry": { "type": "Polygon", "coordinates": [ [ [ 136.949500723, 35.736888565 ], [ 136.949500723, 35.736944115 ], [ 136.949445163, 35.736944115 ], [ 136.949445163, 35.736999675 ], [ 136.949445163, 35.737055235 ], [ 136.949500723, 35.737055235 ], [ 136.949500723, 35.736999675 ], [ 136.949556283, 35.736999675 ], [ 136.949556283, 35.736944115 ], [ 136.949611833, 35.736944115 ], [ 136.949667393, 35.736944115 ], [ 136.949667393, 35.736888565 ], [ 136.949611833, 35.736888565 ], [ 136.949556283, 35.736888565 ], [ 136.949500723, 35.736888565 ] ] ] } },
{ "type": "Feature", "properties": { "A31a_101": "8505090104", "A31a_102": "吉田川", "A31a_103": "21", "A31a_104": "岐阜県", "A31a_105": 3 }, "geometry": { "type": "Polygon", "coordinates": [ [ [ 136.949722943, 35.736777455 ], [ 136.949722943, 35.736833005 ], [ 136.949778503, 35.736833005 ], [ 136.949778503, 35.736777455 ], [ 136.949722943, 35.736777455 ] ] ] } },
{ "type": "Feature", "properties": { "A31a_101": "8505090104", "A31a_102": "吉田川", "A31a_103": "21", "A31a_104": "岐阜県", "A31a_105": 3 }, "geometry": { "type": "Polygon", "coordinates": [ [ [ 136.949889613, 35.736666345 ], [ 136.949889613, 35.736721895 ], [ 136.949834053, 35.736721895 ], [ 136.949834053, 35.736777455 ], [ 136.949889613, 35.736777455 ], [ 136.949945163, 35.736777455 ], [ 136.949945163, 35.736721895 ], [ 136.950000723, 35.736721895 ], [ 136.950000723, 35.736666345 ], [ 136.949945163, 35.736666345 ], [ 136.949889613, 35.736666345 ] ] ] } },
{ "type": "Feature", "properties": { "A31a_101": "8505090104", "A31a_102": "吉田川", "A31a_103": "21", "A31a_104": "岐阜県", "A31a_105": 3 }, "geometry": { "type": "Polygon", "coordinates": [ [ [ 136.950278503, 35.736499675 ], [ 136.950278503, 35.736555235 ], [ 136.950278503, 35.736610785 ], [ 136.950334053, 35.736610785 ], [ 136.950334053, 35.736555235 ], [ 136.950389613, 35.736555235 ], [ 136.950389613, 35.736499675 ], [ 136.950334053, 35.736499675 ], [ 136.950278503, 35.736499675 ] ] ] } },
{ "type": "Feature", "properties": { "A31a_101": "8505090104", "A31a_102": "吉田川", "A31a_103": "21", "A31a_104": "岐阜県", "A31a_105": 3 }, "geometry": { "type": "Polygon", "coordinates": [ [ [ 136.952222958, 35.748888587 ], [ 136.952222958, 35.748944137 ], [ 136.952278518, 35.748944137 ], [ 136.952334068, 35.748944137 ], [ 136.952389628, 35.748944137 ], [ 136.952445178, 35.748944137 ], [ 136.952445178, 35.748999697 ], [ 136.952500738, 35.748999697 ], [ 136.952556298, 35.748999698 ], [ 136.952611848, 35.748999698 ], [ 136.952667408, 35.748999698 ], [ 136.952722958, 35.748999698 ], [ 136.952778518, 35.748999698 ], [ 136.952834068, 35.748999698 ], [ 136.952834068, 35.749055258 ], [ 136.952889628, 35.749055258 ], [ 136.952945178, 35.749055258 ], [ 136.953000738, 35.749055258 ], [ 136.953056298, 35.749055258 ], [ 136.953111848, 35.749055259 ], [ 136.953167408, 35.749055259 ], [ 136.953222959, 35.749055259 ], [ 136.953278519, 35.749055259 ], [ 136.953334069, 35.749055259 ], [ 136.953334069, 35.749110809 ], [ 136.953389629, 35.749110809 ], [ 136.953389629, 35.749055259 ], [ 136.953445179, 35.749055259 ], [ 136.953445179, 35.749110809 ], [ 136.953500739, 35.749110809 ], [ 136.953556299, 35.749110809 ], [ 136.953611849, 35.74911081 ], [ 136.953611849, 35.74916637 ], [ 136.953667409, 35.74916637 ], [ 136.953722959, 35.74916637 ], [ 136.953778519, 35.74916637 ], [ 136.953834069, 35.74916637 ], [ 136.953834069, 35.74911081 ], [ 136.953889629, 35.74911081 ], [ 136.953945179, 35.74911081 ], [ 136.953945179, 35.74905526 ], [ 136.954000739, 35.74905526 ], [ 136.954000739, 35.7489997 ], [ 136.954056299, 35.7489997 ], [ 136.954111849, 35.7489997 ], [ 136.954111849, 35.74894414 ], [ 136.954167409, 35.74894414 ], [ 136.954222959, 35.74894414 ], [ 136.954278519, 35.74894414 ], [ 136.954334069, 35.74894414 ], [ 136.954389629, 35.748944141 ], [ 136.954445179, 35.748944141 ], [ 136.954500739, 35.748944141 ], [ 136.954500739, 35.748999701 ], [ 136.954556299, 35.748999701 ], [ 136.954611849, 35.748999701 ], [ 136.954667409, 35.748999701 ], [ 136.954722959, 35.748999701 ], [ 136.954722959, 35.748944141 ], [ 136.954667409, 35.748944141 ], [ 136.954611849, 35.748944141 ], [ 136.954556299, 35.748944141 ], [ 136.954556299, 35.748888591 ], [ 136.954500739, 35.748888591 ], [ 136.954445179, 35.748888591 ], [ 136.954389629, 35.748888591 ], [ 136.954334069, 35.74888859 ], [ 136.954278519, 35.74888859 ], [ 136.954222959, 35.74888859 ], [ 136.954167409, 35.74888859 ], [ 136.954111849, 35.74888859 ], [ 136.954056299, 35.74888859 ], [ 136.954000739, 35.74888859 ], [ 136.953945179, 35.74888859 ], [ 136.953889629, 35.74888859 ], [ 136.953834068, 35.74888859 ], [ 136.953778518, 35.748888589 ], [ 136.953722958, 35.748888589 ], [ 136.953667408, 35.748888589 ], [ 136.953611848, 35.748888589 ], [ 136.953556298, 35.748888589 ], [ 136.953500738, 35.748888589 ], [ 136.953445178, 35.748888589 ], [ 136.953389628, 35.748888589 ], [ 136.953334068, 35.748888589 ], [ 136.953278518, 35.748888589 ], [ 136.953222958, 35.748888589 ], [ 136.953167408, 35.748888588 ], [ 136.953111848, 35.748888588 ], [ 136.953056298, 35.748888588 ], [ 136.953000738, 35.748888588 ], [ 136.952945178, 35.748888588 ], [ 136.952889628, 35.748888588 ], [ 136.952834068, 35.748888588 ], [ 136.952778518, 35.748888588 ], [ 136.952722958, 35.748888588 ], [ 136.952667408, 35.748888588 ], [ 136.952611848, 35.748888587 ], [ 136.952556298, 35.748888587 ], [ 136.952500738, 35.748888587 ], [ 136.952445178, 35.748888587 ], [ 136.952389628, 35.748888587 ], [ 136.952334068, 35.748888587 ], [ 136.952278518, 35.748888587 ], [ 136.952222958, 35.748888587 ] ] ] } },
{ "type": "Feature", "properties": { "A31a_101": "8505090104", "A31a_102": "吉田川", "A31a_103": "21", "A31a_104": "岐阜県", "A31a_105": 3 }, "geometry": { "type": "Polygon", "coordinates": [ [ [ 136.953945179, 35.74911081 ], [ 136.953945179, 35.74916637 ], [ 136.954000739, 35.74916637 ], [ 136.954000739, 35.74911081 ], [ 136.953945179, 35.74911081 ] ] ] } },
{ "type": "Feature", "properties": { "A31a_101": "8505090104", "A31a_102": "吉田川", "A31a_103": "21", "A31a_104": "岐阜県", "A31a_105": 3 }, "geometry": { "type": "Polygon", "coordinates": [ [ [ 136.951889613, 35.735388565 ], [ 136.951889613, 35.735444115 ], [ 136.951945163, 35.735444115 ], [ 136.951945163, 35.735388565 ], [ 136.951889613, 35.735388565 ] ] ] } },
{ "type": "Feature", "properties": { "A31a_101": "8505090104", "A31a_102": "吉田川", "A31a_103": "21", "A31a_104": "岐阜県", "A31a_105": 3 }, "geometry": { "type": "Polygon", "coordinates": [ [ [ 136.952500737, 35.748333026 ], [ 136.952500738, 35.748388587 ], [ 136.952556298, 35.748388587 ], [ 136.952611848, 35.748388587 ], [ 136.952667408, 35.748388587 ], [ 136.952722958, 35.748388587 ], [ 136.952778518, 35.748388587 ], [ 136.952834068, 35.748388587 ], [ 136.952834068, 35.748444137 ], [ 136.952889628, 35.748444137 ], [ 136.952945178, 35.748444137 ], [ 136.953000738, 35.748444137 ], [ 136.953056298, 35.748444138 ], [ 136.953111848, 35.748444138 ], [ 136.953167408, 35.748444138 ], [ 136.953222958, 35.748444138 ], [ 136.953278518, 35.748444138 ], [ 136.953334068, 35.748444138 ], [ 136.953389628, 35.748444138 ], [ 136.953445178, 35.748444138 ], [ 136.953445178, 35.748388588 ], [ 136.953389628, 35.748388588 ], [ 136.953334068, 35.748388588 ], [ 136.953278518, 35.748388588 ], [ 136.953222958, 35.748388588 ], [ 136.953167408, 35.748388588 ], [ 136.953167408, 35.748333028 ], [ 136.953111848, 35.748333027 ], [ 136.953056298, 35.748333027 ], [ 136.953000738, 35.748333027 ], [ 136.952945178, 35.748333027 ], [ 136.952889628, 35.748333027 ], [ 136.952834068, 35.748333027 ], [ 136.952778518, 35.748333027 ], [ 136.952722958, 35.748333027 ], [ 136.952667407, 35.748333027 ], [ 136.952611847, 35.748333027 ], [ 136.952556297, 35.748333027 ], [ 136.952500737, 35.748333026 ] ] ] } },
{ "type": "Feature", "properties": { "A31a_101": "8505090104", "A31a_102": "吉田川", "A31a_103": "21", "A31a_104": "岐阜県", "A31a_105": 3 }, "geometry": { "type": "Polygon", "coordinates": [ [ [ 136.953500738, 35.748388588 ], [ 136.953500738, 35.748444138 ], [ 136.953556298, 35.748444138 ], [ 136.953556298, 35.748388588 ], [ 136.953500738, 35.748388588 ] ] ] } },
{ "type": "Feature", "properties": { "A31a_101": "8505090104", "A31a_102": "吉田川", "A31a_103": "21", "A31a_104": "岐阜県", "A31a_105": 3 }, "geometry": { "type": "Polygon", "coordinates": [ [ [ 136.953611848, 35.748388588 ], [ 136.953611848, 35.748444138 ], [ 136.953667408, 35.748444139 ], [ 136.953722958, 35.748444139 ], [ 136.953778518, 35.748444139 ], [ 136.953834068, 35.748444139 ], [ 136.953889628, 35.748444139 ], [ 136.953889628, 35.748388589 ], [ 136.953834068, 35.748388589 ], [ 136.953778518, 35.748388589 ], [ 136.953722958, 35.748388589 ], [ 136.953667408, 35.748388588 ], [ 136.953611848, 35.748388588 ] ] ] } },
{ "type": "Feature", "properties": { "A31a_101": "8505090104", "A31a_102": "吉田川", "A31a_103": "21", "A31a_104": "岐阜県", "A31a_105": 3 }, "geometry": { "type": "Polygon", "coordinates": [ [ [ 136.947056287, 35.74255524 ], [ 136.947056287, 35.74261079 ], [ 136.947111837, 35.74261079 ], [ 136.947111837, 35.74255524 ], [ 136.947056287, 35.74255524 ] ] ] } },
{ "type": "Feature", "properties": { "A31a_101": "8505090104", "A31a_102": "吉田川", "A31a_103": "21", "A31a_104": "岐阜県", "A31a_105": 3 }, "geometry": { "type": "Polygon", "coordinates": [ [ [ 136.947111837, 35.74261079 ], [ 136.947111837, 35.74266635 ], [ 136.947167397, 35.74266635 ], [ 136.947167397, 35.74261079 ], [ 136.947111837, 35.74261079 ] ] ] } },
{ "type": "Feature", "properties": { "A31a_101": "8505090104", "A31a_102": "吉田川", "A31a_103": "21", "A31a_104": "岐阜県", "A31a_105": 3 }, "geometry": { "type": "Polygon", "coordinates": [ [ [ 136.947056285, 35.741333008 ], [ 136.947056285, 35.741388568 ], [ 136.947056286, 35.741444118 ], [ 136.947056286, 35.741499678 ], [ 136.947056286, 35.741555239 ], [ 136.947111836, 35.741555239 ], [ 136.947111836, 35.741499679 ], [ 136.947111836, 35.741444118 ], [ 136.947111836, 35.741388568 ], [ 136.947111835, 35.741333008 ], [ 136.947056285, 35.741333008 ] ] ] } },
{ "type": "Feature", "properties": { "A31a_101": "8505090104", "A31a_102": "吉田川", "A31a_103": "21", "A31a_104": "岐阜県", "A31a_105": 3 }, "geometry": { "type": "Polygon", "coordinates": [ [ [ 136.947000726, 35.741721899 ], [ 136.947000726, 35.741777459 ], [ 136.947000726, 35.741833009 ], [ 136.947000726, 35.741888569 ], [ 136.947000726, 35.741944119 ], [ 136.947000726, 35.741999679 ], [ 136.947000726, 35.742055239 ], [ 136.947056286, 35.742055239 ], [ 136.947056286, 35.741999679 ], [ 136.947056286, 35.741944119 ], [ 136.947056286, 35.741888569 ], [ 136.947056286, 35.741833009 ], [ 136.947056286, 35.741777459 ], [ 136.947056286, 35.741721899 ], [ 136.947000726, 35.741721899 ] ] ] } },
{ "type": "Feature", "properties": { "A31a_101": "8505090104", "A31a_102": "吉田川", "A31a_103": "21", "A31a_104": "岐阜県", "A31a_105": 3 }, "geometry": { "type": "Polygon", "coordinates": [ [ [ 136.947000727, 35.742221899 ], [ 136.947000727, 35.742277459 ], [ 136.947000727, 35.74233301 ], [ 136.947000727, 35.74238857 ], [ 136.947000727, 35.74244412 ], [ 136.947056287, 35.74244412 ], [ 136.947056287, 35.74238857 ], [ 136.947056287, 35.74233301 ], [ 136.947056287, 35.74227746 ], [ 136.947056287, 35.742221899 ], [ 136.947000727, 35.742221899 ] ] ] } },
{ "type": "Feature", "properties": { "A31a_101": "8505090104", "A31a_102": "吉田川", "A31a_103": "21", "A31a_104": "岐阜県", "A31a_105": 3 }, "geometry": { "type": "Polygon", "coordinates": [ [ [ 136.947334057, 35.74261079 ], [ 136.947334057, 35.74266635 ], [ 136.947389617, 35.742666351 ], [ 136.947445167, 35.742666351 ], [ 136.947500728, 35.742666351 ], [ 136.947500728, 35.742721901 ], [ 136.947500728, 35.742777461 ], [ 136.947500728, 35.742833011 ], [ 136.947556288, 35.742833011 ], [ 136.947556288, 35.742777461 ], [ 136.947556288, 35.742721901 ], [ 136.947556288, 35.742666351 ], [ 136.947611838, 35.742666351 ], [ 136.947667398, 35.742666351 ], [ 136.947667398, 35.742610791 ], [ 136.947611838, 35.742610791 ], [ 136.947556287, 35.742610791 ], [ 136.947500727, 35.742610791 ], [ 136.947445167, 35.742610791 ], [ 136.947389617, 35.74261079 ], [ 136.947334057, 35.74261079 ] ] ] } },
{ "type": "Feature", "properties": { "A31a_101": "8505090104", "A31a_102": "吉田川", "A31a_103": "21", "A31a_104": "岐阜県", "A31a_105": 3 }, "geometry": { "type": "Polygon", "coordinates": [ [ [ 136.947556288, 35.742999681 ], [ 136.947556288, 35.743055241 ], [ 136.947556288, 35.743110791 ], [ 136.947611838, 35.743110791 ], [ 136.947611838, 35.743055241 ], [ 136.947611838, 35.742999681 ], [ 136.947556288, 35.742999681 ] ] ] } },
{ "type": "Feature", "properties": { "A31a_101": "8505090104", "A31a_102": "吉田川", "A31a_103": "21", "A31a_104": "岐阜県", "A31a_105": 3 }, "geometry": { "type": "Polygon", "coordinates": [ [ [ 136.947222945, 35.740777458 ], [ 136.947222945, 35.740833008 ], [ 136.947222945, 35.740888568 ], [ 136.947278505, 35.740888568 ], [ 136.947278505, 35.740833008 ], [ 136.947278505, 35.740777458 ], [ 136.947222945, 35.740777458 ] ] ] } },
{ "type": "Feature", "properties": { "A31a_101": "8505090104", "A31a_102": "吉田川", "A31a_103": "21", "A31a_104": "岐阜県", "A31a_105": 3 }, "geometry": { "type": "Polygon", "coordinates": [ [ [ 136.947334055, 35.740610788 ], [ 136.947334055, 35.740666348 ], [ 136.947389615, 35.740666348 ], [ 136.947389615, 35.740610788 ], [ 136.947334055, 35.740610788 ] ] ] } },
{ "type": "Feature", "properties": { "A31a_101": "8505090104", "A31a_102": "吉田川", "A31a_103": "21", "A31a_104": "岐阜県", "A31a_105": 3 }, "geometry": { "type": "Polygon", "coordinates": [ [ [ 136.947278505, 35.740666348 ], [ 136.947278505, 35.740721898 ], [ 136.947278505, 35.740777458 ], [ 136.947334055, 35.740777458 ], [ 136.947334055, 35.740721898 ], [ 136.947334055, 35.740666348 ], [ 136.947278505, 35.740666348 ] ] ] } },
{ "type": "Feature", "properties": { "A31a_101": "8505090104", "A31a_102": "吉田川", "A31a_103": "21", "A31a_104": "岐阜県", "A31a_105": 3 }, "geometry": { "type": "Polygon", "coordinates": [ [ [ 136.946667394, 35.740110786 ], [ 136.946667394, 35.740166346 ], [ 136.946722944, 35.740166346 ], [ 136.946778504, 35.740166346 ], [ 136.946778504, 35.740110786 ], [ 136.946722944, 35.740110786 ], [ 136.946667394, 35.740110786 ] ] ] } },
{ "type": "Feature", "properties": { "A31a_101": "8505090104", "A31a_102": "吉田川", "A31a_103": "21", "A31a_104": "岐阜県", "A31a_105": 3 }, "geometry": { "type": "Polygon", "coordinates": [ [ [ 136.947389615, 35.740333007 ], [ 136.947389615, 35.740388567 ], [ 136.947389615, 35.740444117 ], [ 136.947445165, 35.740444117 ], [ 136.947445165, 35.740388567 ], [ 136.947445165, 35.740333007 ], [ 136.947389615, 35.740333007 ] ] ] } },
{ "type": "Feature", "properties": { "A31a_101": "8505090104", "A31a_102": "吉田川", "A31a_103": "21", "A31a_104": "岐阜県", "A31a_105": 3 }, "geometry": { "type": "Polygon", "coordinates": [ [ [ 136.94677851, 35.744833012 ], [ 136.94677851, 35.744888572 ], [ 136.94683406, 35.744888572 ], [ 136.94683406, 35.744833012 ], [ 136.94677851, 35.744833012 ] ] ] } },
{ "type": "Feature", "properties": { "A31a_101": "8505090104", "A31a_102": "吉田川", "A31a_103": "21", "A31a_104": "岐阜県", "A31a_105": 3 }, "geometry": { "type": "Polygon", "coordinates": [ [ [ 136.94683406, 35.744944123 ], [ 136.94683406, 35.744999683 ], [ 136.94688962, 35.744999683 ], [ 136.94688962, 35.744944123 ], [ 136.94683406, 35.744944123 ] ] ] } },
{ "type": "Feature", "properties": { "A31a_101": "8505090104", "A31a_102": "吉田川", "A31a_103": "21", "A31a_104": "岐阜県", "A31a_105": 3 }, "geometry": { "type": "Polygon", "coordinates": [ [ [ 136.946889621, 35.745055243 ], [ 136.946889621, 35.745110793 ], [ 136.946945171, 35.745110793 ], [ 136.946945171, 35.745055243 ], [ 136.946889621, 35.745055243 ] ] ] } },
{ "type": "Feature", "properties": { "A31a_101": "8505090104", "A31a_102": "吉田川", "A31a_103": "21", "A31a_104": "岐阜県", "A31a_105": 3 }, "geometry": { "type": "Polygon", "coordinates": [ [ [ 136.946945171, 35.745166353 ], [ 136.946945171, 35.745221903 ], [ 136.946945171, 35.745277463 ], [ 136.947000731, 35.745277463 ], [ 136.947000731, 35.745221903 ], [ 136.947000731, 35.745166353 ], [ 136.946945171, 35.745166353 ] ] ] } },
{ "type": "Feature", "properties": { "A31a_101": "8505090104", "A31a_102": "吉田川", "A31a_103": "21", "A31a_104": "岐阜県", "A31a_105": 3 }, "geometry": { "type": "Polygon", "coordinates": [ [ [ 136.947000731, 35.745333013 ], [ 136.947000731, 35.745388573 ], [ 136.947056291, 35.745388573 ], [ 136.947056291, 35.745333013 ], [ 136.947000731, 35.745333013 ] ] ] } },
{ "type": "Feature", "properties": { "A31a_101": "8505090104", "A31a_102": "吉田川", "A31a_103": "21", "A31a_104": "岐阜県", "A31a_105": 3 }, "geometry": { "type": "Polygon", "coordinates": [ [ [ 136.947945171, 35.745333015 ], [ 136.947945172, 35.745388575 ], [ 136.948000732, 35.745388575 ], [ 136.948000732, 35.745333015 ], [ 136.947945171, 35.745333015 ] ] ] } },
{ "type": "Feature", "properties": { "A31a_101": "8505090104", "A31a_102": "吉田川", "A31a_103": "21", "A31a_104": "岐阜県", "A31a_105": 3 }, "geometry": { "type": "Polygon", "coordinates": [ [ [ 136.948000731, 35.745221905 ], [ 136.948000731, 35.745277465 ], [ 136.948000732, 35.745333015 ], [ 136.948056292, 35.745333015 ], [ 136.948111842, 35.745333015 ], [ 136.948111842, 35.745277465 ], [ 136.948056291, 35.745277465 ], [ 136.948056291, 35.745221905 ], [ 136.948000731, 35.745221905 ] ] ] } },
{ "type": "Feature", "properties": { "A31a_101": "8505090104", "A31a_102": "吉田川", "A31a_103": "21", "A31a_104": "岐阜県", "A31a_105": 3 }, "geometry": { "type": "Polygon", "coordinates": [ [ [ 136.946945163, 35.739555235 ], [ 136.946945163, 35.739610785 ], [ 136.946945163, 35.739666345 ], [ 136.946945163, 35.739721895 ], [ 136.946945164, 35.739777456 ], [ 136.947000724, 35.739777456 ], [ 136.947000724, 35.739721896 ], [ 136.947056284, 35.739721896 ], [ 136.947056284, 35.739666346 ], [ 136.947056283, 35.739610785 ], [ 136.947111833, 35.739610786 ], [ 136.947111834, 35.739666346 ], [ 136.947111834, 35.739721896 ], [ 136.947167394, 35.739721896 ], [ 136.947222944, 35.739721896 ], [ 136.947222944, 35.739666346 ], [ 136.947222944, 35.739610786 ], [ 136.947222944, 35.739555236 ], [ 136.947167393, 35.739555236 ], [ 136.947111833, 35.739555235 ], [ 136.947056283, 35.739555235 ], [ 136.947000723, 35.739555235 ], [ 136.946945163, 35.739555235 ] ] ] } },
{ "type": "Feature", "properties": { "A31a_101": "8505090104", "A31a_102": "吉田川", "A31a_103": "21", "A31a_104": "岐阜県", "A31a_105": 3 }, "geometry": { "type": "Polygon", "coordinates": [ [ [ 136.947722943, 35.738444115 ], [ 136.947722943, 35.738499675 ], [ 136.947722943, 35.738555235 ], [ 136.947667393, 35.738555235 ], [ 136.947667393, 35.738610785 ], [ 136.947722943, 35.738610785 ], [ 136.947778503, 35.738610785 ], [ 136.947778503, 35.738555235 ], [ 136.947778503, 35.738499675 ], [ 136.947778503, 35.738444115 ], [ 136.947722943, 35.738444115 ] ] ] } },
{ "type": "Feature", "properties": { "A31a_101": "8505090104", "A31a_102": "吉田川", "A31a_103": "21", "A31a_104": "岐阜県", "A31a_105": 3 }, "geometry": { "type": "Polygon", "coordinates": [ [ [ 136.947445163, 35.738944115 ], [ 136.947445163, 35.738999675 ], [ 136.947500723, 35.738999675 ], [ 136.947500723, 35.738944115 ], [ 136.947445163, 35.738944115 ] ] ] } },
{ "type": "Feature", "properties": { "A31a_101": "8505090104", "A31a_102": "吉田川", "A31a_103": "21", "A31a_104": "岐阜県", "A31a_105": 3 }, "geometry": { "type": "Polygon", "coordinates": [ [ [ 136.947278503, 35.738833005 ], [ 136.947278503, 35.738888565 ], [ 136.947278503, 35.738944115 ], [ 136.947222943, 35.738944115 ], [ 136.947222943, 35.738999675 ], [ 136.947222943, 35.739055235 ], [ 136.947222943, 35.739110785 ], [ 136.947222943, 35.739166345 ], [ 136.947222943, 35.739221895 ], [ 136.947222943, 35.739277455 ], [ 136.947278503, 35.739277455 ], [ 136.947278503, 35.739221895 ], [ 136.947334053, 35.739221895 ], [ 136.947334053, 35.739277455 ], [ 136.947334053, 35.739333005 ], [ 136.947278503, 35.739333005 ], [ 136.947278503, 35.739388565 ], [ 136.947222943, 35.739388565 ], [ 136.947222943, 35.739444115 ], [ 136.947222943, 35.739499676 ], [ 136.947222944, 35.739555236 ], [ 136.947278504, 35.739555236 ], [ 136.947278504, 35.739610786 ], [ 136.947278504, 35.739666346 ], [ 136.947334054, 35.739666346 ], [ 136.947334054, 35.739610786 ], [ 136.947334054, 35.739555236 ], [ 136.947389614, 35.739555236 ], [ 136.947389614, 35.739499676 ], [ 136.947389614, 35.739444116 ], [ 136.947389613, 35.739388566 ], [ 136.947389613, 35.739333006 ], [ 136.947389613, 35.739277455 ], [ 136.947445163, 35.739277456 ], [ 136.947445163, 35.739221895 ], [ 136.947445163, 35.739166345 ], [ 136.947445163, 35.739110785 ], [ 136.947500723, 35.739110785 ], [ 136.947500723, 35.739055235 ], [ 136.947445163, 35.739055235 ], [ 136.947389613, 35.739055235 ], [ 136.947389613, 35.739110785 ], [ 136.947389613, 35.739166345 ], [ 136.947334053, 35.739166345 ], [ 136.947334053, 35.739110785 ], [ 136.947334053, 35.739055235 ], [ 136.947334053, 35.738999675 ], [ 136.947334053, 35.738944115 ], [ 136.947389613, 35.738944115 ], [ 136.947389613, 35.738888565 ], [ 136.947334053, 35.738888565 ], [ 136.947334053, 35.738833005 ], [ 136.947278503, 35.738833005 ] ] ] } },
{ "type": "Feature", "properties": { "A31a_101": "8505090104", "A31a_102": "吉田川", "A31a_103": "21", "A31a_104": "岐阜県", "A31a_105": 3 }, "geometry": { "type": "Polygon", "coordinates": [ [ [ 136.947611833, 35.738610785 ], [ 136.947611833, 35.738666345 ], [ 136.947611833, 35.738721895 ], [ 136.947556283, 35.738721895 ], [ 136.947556283, 35.738777455 ], [ 136.947556283, 35.738833005 ], [ 136.947500723, 35.738833005 ], [ 136.947500723, 35.738888565 ], [ 136.947500723, 35.738944115 ], [ 136.947556283, 35.738944115 ], [ 136.947556283, 35.738888565 ], [ 136.947611833, 35.738888565 ], [ 136.947611833, 35.738833005 ], [ 136.947611833, 35.738777455 ], [ 136.947667393, 35.738777455 ], [ 136.947667393, 35.738721895 ], [ 136.947722943, 35.738721895 ], [ 136.947722943, 35.738666345 ], [ 136.947667393, 35.738666345 ], [ 136.947667393, 35.738610785 ], [ 136.947611833, 35.738610785 ] ] ] } },
{ "type": "Feature", "properties": { "A31a_101": "8505090104", "A31a_102": "吉田川", "A31a_103": "21", "A31a_104": "岐阜県", "A31a_105": 3 }, "geometry": { "type": "Polygon", "coordinates": [ [ [ 136.947834052, 35.738221894 ], [ 136.947834053, 35.738277455 ], [ 136.947834053, 35.738333005 ], [ 136.947778503, 35.738333005 ], [ 136.947778503, 35.738388565 ], [ 136.947778503, 35.738444115 ], [ 136.947834053, 35.738444115 ], [ 136.947889613, 35.738444115 ], [ 136.947945163, 35.738444115 ], [ 136.947945163, 35.738388565 ], [ 136.947889613, 35.738388565 ], [ 136.947889613, 35.738333005 ], [ 136.947889613, 35.738277455 ], [ 136.947889613, 35.738221895 ], [ 136.947834052, 35.738221894 ] ] ] } },
{ "type": "Feature", "properties": { "A31a_101": "8505090104", "A31a_102": "吉田川", "A31a_103": "21", "A31a_104": "岐阜県", "A31a_105": 3 }, "geometry": { "type": "Polygon", "coordinates": [ [ [ 136.946722944, 35.739999676 ], [ 136.946722944, 35.740055236 ], [ 136.946778504, 35.740055236 ], [ 136.946778504, 35.739999676 ], [ 136.946722944, 35.739999676 ] ] ] } },
{ "type": "Feature", "properties": { "A31a_101": "8505090104", "A31a_102": "吉田川", "A31a_103": "21", "A31a_104": "岐阜県", "A31a_105": 3 }, "geometry": { "type": "Polygon", "coordinates": [ [ [ 136.947056284, 35.739888566 ], [ 136.947056284, 35.739944116 ], [ 136.947111834, 35.739944116 ], [ 136.947111834, 35.739888566 ], [ 136.947056284, 35.739888566 ] ] ] } },
{ "type": "Feature", "properties": { "A31a_101": "8505090104", "A31a_102": "吉田川", "A31a_103": "21", "A31a_104": "岐阜県", "A31a_105": 4 }, "geometry": { "type": "Polygon", "coordinates": [ [ [ 136.951389613, 35.735666345 ], [ 136.951389613, 35.735721895 ], [ 136.951389613, 35.735777455 ], [ 136.951445163, 35.735777455 ], [ 136.951445163, 35.735721895 ], [ 136.951500723, 35.735721895 ], [ 136.951500723, 35.735666345 ], [ 136.951445163, 35.735666345 ], [ 136.951389613, 35.735666345 ] ] ] } },
{ "type": "Feature", "properties": { "A31a_101": "8505090104", "A31a_102": "吉田川", "A31a_103": "21", "A31a_104": "岐阜県", "A31a_105": 4 }, "geometry": { "type": "Polygon", "coordinates": [ [ [ 136.951278503, 35.735777455 ], [ 136.951278503, 35.735833005 ], [ 136.951222943, 35.735833005 ], [ 136.951167393, 35.735833005 ], [ 136.951167393, 35.735888565 ], [ 136.951111833, 35.735888565 ], [ 136.951111833, 35.735944115 ], [ 136.951111833, 35.735999675 ], [ 136.951167393, 35.735999675 ], [ 136.951167393, 35.735944115 ], [ 136.951222943, 35.735944115 ], [ 136.951222943, 35.735888565 ], [ 136.951278503, 35.735888565 ], [ 136.951334053, 35.735888565 ], [ 136.951334053, 35.735833005 ], [ 136.951389613, 35.735833005 ], [ 136.951389613, 35.735777455 ], [ 136.951334053, 35.735777455 ], [ 136.951278503, 35.735777455 ] ] ] } },
{ "type": "Feature", "properties": { "A31a_101": "8505090104", "A31a_102": "吉田川", "A31a_103": "21", "A31a_104": "岐阜県", "A31a_105": 4 }, "geometry": { "type": "Polygon", "coordinates": [ [ [ 136.94783406, 35.744388573 ], [ 136.94783406, 35.744444124 ], [ 136.94783406, 35.744499684 ], [ 136.94788962, 35.744499684 ], [ 136.94788962, 35.744444124 ], [ 136.94788962, 35.744388574 ], [ 136.94783406, 35.744388573 ] ] ] } },
{ "type": "Feature", "properties": { "A31a_101": "8505090104", "A31a_102": "吉田川", "A31a_103": "21", "A31a_104": "岐阜県", "A31a_105": 4 }, "geometry": { "type": "Polygon", "coordinates": [ [ [ 136.97055631, 35.753944172 ], [ 136.97055631, 35.753999732 ], [ 136.97061186, 35.753999732 ], [ 136.97066742, 35.753999732 ], [ 136.97072297, 35.753999732 ], [ 136.97077853, 35.753999732 ], [ 136.97077853, 35.753944172 ], [ 136.97072297, 35.753944172 ], [ 136.97066742, 35.753944172 ], [ 136.97061186, 35.753944172 ], [ 136.97055631, 35.753944172 ] ] ] } },
{ "type": "Feature", "properties": { "A31a_101": "8505090104", "A31a_102": "吉田川", "A31a_103": "21", "A31a_104": "岐阜県", "A31a_105": 4 }, "geometry": { "type": "Polygon", "coordinates": [ [ [ 136.97138964, 35.754110843 ], [ 136.97138964, 35.754166403 ], [ 136.97144519, 35.754166403 ], [ 136.97144519, 35.754110843 ], [ 136.97138964, 35.754110843 ] ] ] } },
{ "type": "Feature", "properties": { "A31a_101": "8505090104", "A31a_102": "吉田川", "A31a_103": "21", "A31a_104": "岐阜県", "A31a_105": 4 }, "geometry": { "type": "Polygon", "coordinates": [ [ [ 136.97150075, 35.754110843 ], [ 136.97150075, 35.754166403 ], [ 136.97155631, 35.754166404 ], [ 136.97161186, 35.754166404 ], [ 136.97166742, 35.754166404 ], [ 136.97166742, 35.754110844 ], [ 136.97161186, 35.754110843 ], [ 136.97155631, 35.754110843 ], [ 136.97150075, 35.754110843 ] ] ] } },
{ "type": "Feature", "properties": { "A31a_101": "8505090104", "A31a_102": "吉田川", "A31a_103": "21", "A31a_104": "岐阜県", "A31a_105": 4 }, "geometry": { "type": "Polygon", "coordinates": [ [ [ 136.968889639, 35.753221948 ], [ 136.968889639, 35.753277508 ], [ 136.968945189, 35.753277508 ], [ 136.968945189, 35.753221948 ], [ 136.968889639, 35.753221948 ] ] ] } },
{ "type": "Feature", "properties": { "A31a_101": "8505090104", "A31a_102": "吉田川", "A31a_103": "21", "A31a_104": "岐阜県", "A31a_105": 4 }, "geometry": { "type": "Polygon", "coordinates": [ [ [ 136.968945189, 35.753277508 ], [ 136.968945189, 35.753333058 ], [ 136.969000749, 35.753333058 ], [ 136.969056309, 35.753333058 ], [ 136.969056309, 35.753277508 ], [ 136.969000749, 35.753277508 ], [ 136.968945189, 35.753277508 ] ] ] } },
{ "type": "Feature", "properties": { "A31a_101": "8505090104", "A31a_102": "吉田川", "A31a_103": "21", "A31a_104": "岐阜県", "A31a_105": 4 }, "geometry": { "type": "Polygon", "coordinates": [ [ [ 136.97000075, 35.75372195 ], [ 136.97000075, 35.75377751 ], [ 136.97005631, 35.75377751 ], [ 136.97005631, 35.75372195 ], [ 136.97000075, 35.75372195 ] ] ] } },
{ "type": "Feature", "properties": { "A31a_101": "8505090104", "A31a_102": "吉田川", "A31a_103": "21", "A31a_104": "岐阜県", "A31a_105": 4 }, "geometry": { "type": "Polygon", "coordinates": [ [ [ 136.967278528, 35.752888615 ], [ 136.967278528, 35.752944165 ], [ 136.967334078, 35.752944165 ], [ 136.967334078, 35.752888615 ], [ 136.967278528, 35.752888615 ] ] ] } },
{ "type": "Feature", "properties": { "A31a_101": "8505090104", "A31a_102": "吉田川", "A31a_103": "21", "A31a_104": "岐阜県", "A31a_105": 4 }, "geometry": { "type": "Polygon", "coordinates": [ [ [ 136.967389638, 35.752888615 ], [ 136.967389638, 35.752944165 ], [ 136.967445188, 35.752944165 ], [ 136.967445188, 35.752888615 ], [ 136.967389638, 35.752888615 ] ] ] } },
{ "type": "Feature", "properties": { "A31a_101": "8505090104", "A31a_102": "吉田川", "A31a_103": "21", "A31a_104": "岐阜県", "A31a_105": 4 }, "geometry": { "type": "Polygon", "coordinates": [ [ [ 136.967889638, 35.753110836 ], [ 136.967889638, 35.753166396 ], [ 136.967945188, 35.753166396 ], [ 136.968000748, 35.753166396 ], [ 136.968000748, 35.753221947 ], [ 136.968056309, 35.753221947 ], [ 136.968056308, 35.753166397 ], [ 136.968056308, 35.753110836 ], [ 136.968000748, 35.753110836 ], [ 136.967945188, 35.753110836 ], [ 136.967889638, 35.753110836 ] ] ] } },
{ "type": "Feature", "properties": { "A31a_101": "8505090104", "A31a_102": "吉田川", "A31a_103": "21", "A31a_104": "岐阜県", "A31a_105": 4 }, "geometry": { "type": "Polygon", "coordinates": [ [ [ 136.961167412, 35.750444155 ], [ 136.961167412, 35.750499715 ], [ 136.961222962, 35.750499715 ], [ 136.961278522, 35.750499715 ], [ 136.961278522, 35.750555275 ], [ 136.961334072, 35.750555275 ], [ 136.961389632, 35.750555275 ], [ 136.961389632, 35.750499715 ], [ 136.961334072, 35.750499715 ], [ 136.961334072, 35.750444155 ], [ 136.961278522, 35.750444155 ], [ 136.961222962, 35.750444155 ], [ 136.961167412, 35.750444155 ] ] ] } },
{ "type": "Feature", "properties": { "A31a_101": "8505090104", "A31a_102": "吉田川", "A31a_103": "21", "A31a_104": "岐阜県", "A31a_105": 4 }, "geometry": { "type": "Polygon", "coordinates": [ [ [ 136.966389637, 35.752666394 ], [ 136.966389637, 35.752721944 ], [ 136.966445187, 35.752721944 ], [ 136.966500747, 35.752721944 ], [ 136.966556307, 35.752721944 ], [ 136.966556307, 35.752666394 ], [ 136.966500747, 35.752666394 ], [ 136.966445187, 35.752666394 ], [ 136.966389637, 35.752666394 ] ] ] } },
{ "type": "Feature", "properties": { "A31a_101": "8505090104", "A31a_102": "吉田川", "A31a_103": "21", "A31a_104": "岐阜県", "A31a_105": 4 }, "geometry": { "type": "Polygon", "coordinates": [ [ [ 136.966667417, 35.752721944 ], [ 136.966667418, 35.752777504 ], [ 136.966722968, 35.752777504 ], [ 136.966778528, 35.752777504 ], [ 136.966834078, 35.752777504 ], [ 136.966834078, 35.752721944 ], [ 136.966778528, 35.752721944 ], [ 136.966722968, 35.752721944 ], [ 136.966667417, 35.752721944 ] ] ] } },
{ "type": "Feature", "properties": { "A31a_101": "8505090104", "A31a_102": "吉田川", "A31a_103": "21", "A31a_104": "岐阜県", "A31a_105": 4 }, "geometry": { "type": "Polygon", "coordinates": [ [ [ 136.950945163, 35.735999675 ], [ 136.950945163, 35.736055235 ], [ 136.950889613, 35.736055235 ], [ 136.950889613, 35.736110785 ], [ 136.950834053, 35.736110785 ], [ 136.950834053, 35.736166345 ], [ 136.950889613, 35.736166345 ], [ 136.950945163, 35.736166345 ], [ 136.950945163, 35.736110785 ], [ 136.951000723, 35.736110785 ], [ 136.951000723, 35.736055235 ], [ 136.951056283, 35.736055235 ], [ 136.951056283, 35.735999675 ], [ 136.951000723, 35.735999675 ], [ 136.950945163, 35.735999675 ] ] ] } },
{ "type": "Feature", "properties": { "A31a_101": "8505090104", "A31a_102": "吉田川", "A31a_103": "21", "A31a_104": "岐阜県", "A31a_105": 4 }, "geometry": { "type": "Polygon", "coordinates": [ [ [ 136.959889632, 35.750444152 ], [ 136.959889632, 35.750499712 ], [ 136.959945182, 35.750499712 ], [ 136.959945182, 35.750444152 ], [ 136.959889632, 35.750444152 ] ] ] } },
{ "type": "Feature", "properties": { "A31a_101": "8505090104", "A31a_102": "吉田川", "A31a_103": "21", "A31a_104": "岐阜県", "A31a_105": 4 }, "geometry": { "type": "Polygon", "coordinates": [ [ [ 136.9466674, 35.744666352 ], [ 136.9466674, 35.744721902 ], [ 136.9466674, 35.744777462 ], [ 136.9466674, 35.744833012 ], [ 136.9466674, 35.744888572 ], [ 136.9466674, 35.744944122 ], [ 136.94672295, 35.744944122 ], [ 136.94672295, 35.744999682 ], [ 136.94672295, 35.745055242 ], [ 136.94677851, 35.745055243 ], [ 136.946778511, 35.745110793 ], [ 136.946778511, 35.745166353 ], [ 136.946834061, 35.745166353 ], [ 136.946834061, 35.745221903 ], [ 136.946834061, 35.745277463 ], [ 136.946889621, 35.745277463 ], [ 136.946889621, 35.745333013 ], [ 136.946945171, 35.745333013 ], [ 136.946945171, 35.745388573 ], [ 136.946945171, 35.745444123 ], [ 136.946945171, 35.745499683 ], [ 136.946945171, 35.745555243 ], [ 136.947000731, 35.745555244 ], [ 136.947000731, 35.745610794 ], [ 136.947000731, 35.745666354 ], [ 136.947000732, 35.745721904 ], [ 136.947056292, 35.745721904 ], [ 136.947056291, 35.745666354 ], [ 136.947056291, 35.745610794 ], [ 136.947056291, 35.745555244 ], [ 136.947056291, 35.745499684 ], [ 136.947056291, 35.745444123 ], [ 136.947056291, 35.745388573 ], [ 136.947000731, 35.745388573 ], [ 136.947000731, 35.745333013 ], [ 136.947000731, 35.745277463 ], [ 136.946945171, 35.745277463 ], [ 136.946945171, 35.745221903 ], [ 136.946945171, 35.745166353 ], [ 136.946945171, 35.745110793 ], [ 136.946889621, 35.745110793 ], [ 136.946889621, 35.745055243 ], [ 136.94688962, 35.744999683 ], [ 136.94683406, 35.744999683 ], [ 136.94683406, 35.744944123 ], [ 136.94683406, 35.744888572 ], [ 136.94677851, 35.744888572 ], [ 136.94677851, 35.744833012 ], [ 136.94677851, 35.744777462 ], [ 136.94677851, 35.744721902 ], [ 136.94672295, 35.744721902 ], [ 136.94672295, 35.744666352 ], [ 136.9466674, 35.744666352 ] ] ] } },
{ "type": "Feature", "properties": { "A31a_101": "8505090104", "A31a_102": "吉田川", "A31a_103": "21", "A31a_104": "岐阜県", "A31a_105": 4 }, "geometry": { "type": "Polygon", "coordinates": [ [ [ 136.947056292, 35.745721904 ], [ 136.947056292, 35.745777464 ], [ 136.947111842, 35.745777464 ], [ 136.947111842, 35.745721904 ], [ 136.947056292, 35.745721904 ] ] ] } },
{ "type": "Feature", "properties": { "A31a_101": "8505090104", "A31a_102": "吉田川", "A31a_103": "21", "A31a_104": "岐阜県", "A31a_105": 4 }, "geometry": { "type": "Polygon", "coordinates": [ [ [ 136.946389615, 35.740944117 ], [ 136.946389615, 35.740999677 ], [ 136.946445165, 35.740999677 ], [ 136.946445165, 35.740944117 ], [ 136.946389615, 35.740944117 ] ] ] } },
{ "type": "Feature", "properties": { "A31a_101": "8505090104", "A31a_102": "吉田川", "A31a_103": "21", "A31a_104": "岐阜県", "A31a_105": 4 }, "geometry": { "type": "Polygon", "coordinates": [ [ [ 136.946389618, 35.74366635 ], [ 136.946389618, 35.7437219 ], [ 136.946389618, 35.74377746 ], [ 136.946389618, 35.74383301 ], [ 136.946389619, 35.74388857 ], [ 136.946389619, 35.743944121 ], [ 136.946389619, 35.743999681 ], [ 136.946389619, 35.744055241 ], [ 136.946389619, 35.744110791 ], [ 136.946389619, 35.744166351 ], [ 136.946389619, 35.744221901 ], [ 136.946445169, 35.744221901 ], [ 136.946445169, 35.744277461 ], [ 136.946445169, 35.744333011 ], [ 136.946445169, 35.744388571 ], [ 136.946500729, 35.744388571 ], [ 136.946500729, 35.744444121 ], [ 136.946556289, 35.744444121 ], [ 136.946611839, 35.744444122 ], [ 136.946611839, 35.744388571 ], [ 136.946611839, 35.744333011 ], [ 136.946556289, 35.744333011 ], [ 136.946556289, 35.744277461 ], [ 136.946556289, 35.744221901 ], [ 136.946556289, 35.744166351 ], [ 136.946556289, 35.744110791 ], [ 136.946500729, 35.744110791 ], [ 136.946500729, 35.744055241 ], [ 136.946500729, 35.743999681 ], [ 136.946500729, 35.743944121 ], [ 136.946500729, 35.743888571 ], [ 136.946445169, 35.743888571 ], [ 136.946445169, 35.74383301 ], [ 136.946445168, 35.74377746 ], [ 136.946445168, 35.7437219 ], [ 136.946445168, 35.74366635 ], [ 136.946389618, 35.74366635 ] ] ] } },
{ "type": "Feature", "properties": { "A31a_101": "8505090104", "A31a_102": "吉田川", "A31a_103": "21", "A31a_104": "岐阜県", "A31a_105": 4 }, "geometry": { "type": "Polygon", "coordinates": [ [ [ 136.94777851, 35.744110793 ], [ 136.94777851, 35.744166353 ], [ 136.94783406, 35.744166353 ], [ 136.94783406, 35.744110793 ], [ 136.94777851, 35.744110793 ] ] ] } },
{ "type": "Feature", "properties": { "A31a_101": "8505090104", "A31a_102": "吉田川", "A31a_103": "21", "A31a_104": "岐阜県", "A31a_105": 4 }, "geometry": { "type": "Polygon", "coordinates": [ [ [ 136.951556283, 35.735555235 ], [ 136.951556283, 35.735610785 ], [ 136.951500723, 35.735610785 ], [ 136.951500723, 35.735666345 ], [ 136.951556283, 35.735666345 ], [ 136.951611833, 35.735666345 ], [ 136.951611833, 35.735610785 ], [ 136.951667393, 35.735610785 ], [ 136.951667393, 35.735555235 ], [ 136.951611833, 35.735555235 ], [ 136.951556283, 35.735555235 ] ] ] } },
{ "type": "Feature", "properties": { "A31a_101": "8505090104", "A31a_102": "吉田川", "A31a_103": "21", "A31a_104": "岐阜県", "A31a_105": 4 }, "geometry": { "type": "Polygon", "coordinates": [ [ [ 136.951834053, 35.735333005 ], [ 136.951834053, 35.735388565 ], [ 136.951778503, 35.735388565 ], [ 136.951778503, 35.735444115 ], [ 136.951722943, 35.735444115 ], [ 136.951667393, 35.735444115 ], [ 136.951667393, 35.735499675 ], [ 136.951667393, 35.735555235 ], [ 136.951722943, 35.735555235 ], [ 136.951778503, 35.735555235 ], [ 136.951778503, 35.735499675 ], [ 136.951834053, 35.735499675 ], [ 136.951834053, 35.735444115 ], [ 136.951889613, 35.735444115 ], [ 136.951889613, 35.735388565 ], [ 136.951945163, 35.735388565 ], [ 136.951945163, 35.735333005 ], [ 136.951889613, 35.735333005 ], [ 136.951834053, 35.735333005 ] ] ] } },
{ "type": "Feature", "properties": { "A31a_101": "8505090104", "A31a_102": "吉田川", "A31a_103": "21", "A31a_104": "岐阜県", "A31a_105": 4 }, "geometry": { "type": "Polygon", "coordinates": [ [ [ 136.950667393, 35.736277455 ], [ 136.950667393, 35.736333005 ], [ 136.950722943, 35.736333005 ], [ 136.950722943, 35.736277455 ], [ 136.950667393, 35.736277455 ] ] ] } },
{ "type": "Feature", "properties": { "A31a_101": "8505090104", "A31a_102": "吉田川", "A31a_103": "21", "A31a_104": "岐阜県", "A31a_105": 4 }, "geometry": { "type": "Polygon", "coordinates": [ [ [ 136.950722943, 35.736221895 ], [ 136.950722943, 35.736277455 ], [ 136.950778503, 35.736277455 ], [ 136.950778503, 35.736221895 ], [ 136.950722943, 35.736221895 ] ] ] } },
{ "type": "Feature", "properties": { "A31a_101": "8505090104", "A31a_102": "吉田川", "A31a_103": "21", "A31a_104": "岐阜県", "A31a_105": 4 }, "geometry": { "type": "Polygon", "coordinates": [ [ [ 136.950556283, 35.736333005 ], [ 136.950556283, 35.736388565 ], [ 136.950611833, 35.736388565 ], [ 136.950611833, 35.736333005 ], [ 136.950556283, 35.736333005 ] ] ] } },
{ "type": "Feature", "properties": { "A31a_101": "8505090104", "A31a_102": "吉田川", "A31a_103": "21", "A31a_104": "岐阜県", "A31a_105": 4 }, "geometry": { "type": "Polygon", "coordinates": [ [ [ 136.946667394, 35.739999676 ], [ 136.946667394, 35.740055236 ], [ 136.946667394, 35.740110786 ], [ 136.946722944, 35.740110786 ], [ 136.946722944, 35.740055236 ], [ 136.946722944, 35.739999676 ], [ 136.946667394, 35.739999676 ] ] ] } },
{ "type": "Feature", "properties": { "A31a_101": "8505090104", "A31a_102": "吉田川", "A31a_103": "21", "A31a_104": "岐阜県", "A31a_105": 4 }, "geometry": { "type": "Polygon", "coordinates": [ [ [ 136.947222944, 35.739555236 ], [ 136.947222944, 35.739610786 ], [ 136.947278504, 35.739610786 ], [ 136.947278504, 35.739555236 ], [ 136.947222944, 35.739555236 ] ] ] } },
{ "type": "Feature", "properties": { "A31a_101": "8505090104", "A31a_102": "吉田川", "A31a_103": "21", "A31a_104": "岐阜県", "A31a_105": 4 }, "geometry": { "type": "Polygon", "coordinates": [ [ [ 136.947278503, 35.739221895 ], [ 136.947278503, 35.739277455 ], [ 136.947222943, 35.739277455 ], [ 136.947222943, 35.739333005 ], [ 136.947222943, 35.739388565 ], [ 136.947278503, 35.739388565 ], [ 136.947278503, 35.739333005 ], [ 136.947334053, 35.739333005 ], [ 136.947334053, 35.739277455 ], [ 136.947334053, 35.739221895 ], [ 136.947278503, 35.739221895 ] ] ] } },
{ "type": "Feature", "properties": { "A31a_101": "8505090104", "A31a_102": "吉田川", "A31a_103": "21", "A31a_104": "岐阜県", "A31a_105": 4 }, "geometry": { "type": "Polygon", "coordinates": [ [ [ 136.949167392, 35.737110785 ], [ 136.949167393, 35.737166345 ], [ 136.949222943, 35.737166345 ], [ 136.949222943, 35.737110785 ], [ 136.949167392, 35.737110785 ] ] ] } },
{ "type": "Feature", "properties": { "A31a_101": "8505090104", "A31a_102": "吉田川", "A31a_103": "21", "A31a_104": "岐阜県", "A31a_105": 4 }, "geometry": { "type": "Polygon", "coordinates": [ [ [ 136.947500722, 35.738221894 ], [ 136.947500722, 35.738277454 ], [ 136.947500722, 35.738333004 ], [ 136.947500722, 35.738388564 ], [ 136.947500722, 35.738444114 ], [ 136.947500723, 35.738499674 ], [ 136.947500723, 35.738555234 ], [ 136.947500723, 35.738610785 ], [ 136.947500723, 35.738666345 ], [ 136.947445163, 35.738666345 ], [ 136.947389613, 35.738666344 ], [ 136.947334053, 35.738666344 ], [ 136.947278503, 35.738666344 ], [ 136.947222942, 35.738666344 ], [ 136.947222943, 35.738721894 ], [ 136.947222943, 35.738777454 ], [ 136.947222943, 35.738833005 ], [ 136.947222943, 35.738888565 ], [ 136.947222943, 35.738944115 ], [ 136.947278503, 35.738944115 ], [ 136.947278503, 35.738888565 ], [ 136.947278503, 35.738833005 ], [ 136.947334053, 35.738833005 ], [ 136.947334053, 35.738888565 ], [ 136.947389613, 35.738888565 ], [ 136.947389613, 35.738944115 ], [ 136.947334053, 35.738944115 ], [ 136.947334053, 35.738999675 ], [ 136.947334053, 35.739055235 ], [ 136.947334053, 35.739110785 ], [ 136.947334053, 35.739166345 ], [ 136.947389613, 35.739166345 ], [ 136.947389613, 35.739110785 ], [ 136.947389613, 35.739055235 ], [ 136.947445163, 35.739055235 ], [ 136.947445163, 35.738999675 ], [ 136.947445163, 35.738944115 ], [ 136.947500723, 35.738944115 ], [ 136.947500723, 35.738888565 ], [ 136.947500723, 35.738833005 ], [ 136.947556283, 35.738833005 ], [ 136.947556283, 35.738777455 ], [ 136.947556283, 35.738721895 ], [ 136.947611833, 35.738721895 ], [ 136.947611833, 35.738666345 ], [ 136.947611833, 35.738610785 ], [ 136.947667393, 35.738610785 ], [ 136.947667393, 35.738555235 ], [ 136.947722943, 35.738555235 ], [ 136.947722943, 35.738499675 ], [ 136.947722943, 35.738444115 ], [ 136.947778503, 35.738444115 ], [ 136.947778503, 35.738388565 ], [ 136.947778503, 35.738333005 ], [ 136.947834053, 35.738333005 ], [ 136.947834053, 35.738277455 ], [ 136.947834052, 35.738221894 ], [ 136.947778502, 35.738221894 ], [ 136.947722942, 35.738221894 ], [ 136.947667392, 35.738221894 ], [ 136.947611832, 35.738221894 ], [ 136.947556282, 35.738221894 ], [ 136.947500722, 35.738221894 ] ] ] } },
{ "type": "Feature", "properties": { "A31a_101": "8505090104", "A31a_102": "吉田川", "A31a_103": "21", "A31a_104": "岐阜県", "A31a_105": 4 }, "geometry": { "type": "Polygon", "coordinates": [ [ [ 136.950334053, 35.736444115 ], [ 136.950334053, 35.736499675 ], [ 136.950389613, 35.736499675 ], [ 136.950445163, 35.736499675 ], [ 136.950445163, 35.736444115 ], [ 136.950389613, 35.736444115 ], [ 136.950334053, 35.736444115 ] ] ] } }
]
}
