{
"type": "FeatureCollection",
"name": "A31a-30-25_21_8505080001_10",
"crs": { "type": "name", "properties": { "name": "urn:ogc:def:crs:EPSG::6668" } },
"xy_coordinate_resolution": 1e-09,
"features": [
{ "type": "Feature", "properties": { "A31a_301": "8505080001", "A31a_302": "土岐川", "A31a_303": "21", "A31a_304": "岐阜県", "A31a_305": 1 }, "geometry": { "type": "Polygon", "coordinates": [ [ [ 137.209687741, 35.358124953 ], [ 137.20968774, 35.35791662 ], [ 137.20968774, 35.357708287 ], [ 137.20968774, 35.357499954 ], [ 137.20937524, 35.357499954 ], [ 137.20906274, 35.357499954 ], [ 137.20906274, 35.357708287 ], [ 137.20906274, 35.35791662 ], [ 137.20937524, 35.35791662 ], [ 137.209375241, 35.358124953 ], [ 137.209687741, 35.358124953 ] ] ] } },
{ "type": "Feature", "properties": { "A31a_301": "8505080001", "A31a_302": "土岐川", "A31a_303": "21", "A31a_304": "岐阜県", "A31a_305": 1 }, "geometry": { "type": "Polygon", "coordinates": [ [ [ 137.209375242, 35.358958285 ], [ 137.209687742, 35.358958285 ], [ 137.209687742, 35.358749952 ], [ 137.209375241, 35.358749952 ], [ 137.209375242, 35.358958285 ] ] ] } },
{ "type": "Feature", "properties": { "A31a_301": "8505080001", "A31a_302": "土岐川", "A31a_303": "21", "A31a_304": "岐阜県", "A31a_305": 1 }, "geometry": { "type": "Polygon", "coordinates": [ [ [ 137.235000252, 35.360624917 ], [ 137.235000252, 35.360416584 ], [ 137.234687752, 35.360416584 ], [ 137.234375252, 35.360416585 ], [ 137.234062752, 35.360416585 ], [ 137.233750252, 35.360416586 ], [ 137.233750252, 35.360624919 ], [ 137.234062752, 35.360624918 ], [ 137.234375252, 35.360624918 ], [ 137.234687752, 35.360624917 ], [ 137.235000252, 35.360624917 ] ] ] } },
{ "type": "Feature", "properties": { "A31a_301": "8505080001", "A31a_302": "土岐川", "A31a_303": "21", "A31a_304": "岐阜県", "A31a_305": 1 }, "geometry": { "type": "Polygon", "coordinates": [ [ [ 137.235937753, 35.360833248 ], [ 137.235937753, 35.360624915 ], [ 137.235625253, 35.360624916 ], [ 137.235625253, 35.360833249 ], [ 137.235937753, 35.360833248 ] ] ] } },
{ "type": "Feature", "properties": { "A31a_301": "8505080001", "A31a_302": "土岐川", "A31a_303": "21", "A31a_304": "岐阜県", "A31a_305": 1 }, "geometry": { "type": "Polygon", "coordinates": [ [ [ 137.209375244, 35.36062495 ], [ 137.209375244, 35.360833283 ], [ 137.209687744, 35.360833282 ], [ 137.209687744, 35.360624949 ], [ 137.209375244, 35.36062495 ] ] ] } },
{ "type": "Feature", "properties": { "A31a_301": "8505080001", "A31a_302": "土岐川", "A31a_303": "21", "A31a_304": "岐阜県", "A31a_305": 1 }, "geometry": { "type": "Polygon", "coordinates": [ [ [ 137.236250253, 35.361041581 ], [ 137.236250253, 35.360833248 ], [ 137.235937753, 35.360833248 ], [ 137.235937753, 35.361041581 ], [ 137.236250253, 35.361041581 ] ] ] } },
{ "type": "Feature", "properties": { "A31a_301": "8505080001", "A31a_302": "土岐川", "A31a_303": "21", "A31a_304": "岐阜県", "A31a_305": 1 }, "geometry": { "type": "Polygon", "coordinates": [ [ [ 137.252187762, 35.36229155 ], [ 137.252187762, 35.362083217 ], [ 137.251875262, 35.362083217 ], [ 137.251875262, 35.36229155 ], [ 137.252187762, 35.36229155 ] ] ] } },
{ "type": "Feature", "properties": { "A31a_301": "8505080001", "A31a_302": "土岐川", "A31a_303": "21", "A31a_304": "岐阜県", "A31a_305": 1 }, "geometry": { "type": "Polygon", "coordinates": [ [ [ 137.209062746, 35.362291614 ], [ 137.209062746, 35.362499948 ], [ 137.209375246, 35.362499947 ], [ 137.209375246, 35.362291614 ], [ 137.209062746, 35.362291614 ] ] ] } },
{ "type": "Feature", "properties": { "A31a_301": "8505080001", "A31a_302": "土岐川", "A31a_303": "21", "A31a_304": "岐阜県", "A31a_305": 1 }, "geometry": { "type": "Polygon", "coordinates": [ [ [ 137.209062746, 35.362291614 ], [ 137.209062746, 35.362083281 ], [ 137.209062745, 35.361874948 ], [ 137.208750245, 35.361874949 ], [ 137.208750245, 35.361666616 ], [ 137.209062745, 35.361666615 ], [ 137.209062745, 35.361458282 ], [ 137.209062745, 35.361249949 ], [ 137.208750244, 35.361249949 ], [ 137.208750244, 35.361041616 ], [ 137.208750244, 35.360833283 ], [ 137.208437744, 35.360833284 ], [ 137.208437744, 35.360624951 ], [ 137.208750244, 35.36062495 ], [ 137.209062744, 35.36062495 ], [ 137.209375244, 35.36062495 ], [ 137.209375244, 35.360416617 ], [ 137.209375243, 35.360208284 ], [ 137.209062743, 35.360208284 ], [ 137.208750243, 35.360208284 ], [ 137.208750243, 35.359999951 ], [ 137.209062743, 35.359999951 ], [ 137.209062743, 35.359791618 ], [ 137.208750243, 35.359791618 ], [ 137.208750242, 35.359583285 ], [ 137.208750242, 35.359374952 ], [ 137.209062742, 35.359374952 ], [ 137.209062742, 35.359166619 ], [ 137.209375242, 35.359166618 ], [ 137.209375242, 35.358958285 ], [ 137.209062742, 35.358958286 ], [ 137.209062741, 35.358749953 ], [ 137.209062741, 35.358541619 ], [ 137.208750241, 35.35854162 ], [ 137.208750241, 35.358749953 ], [ 137.208437741, 35.358749953 ], [ 137.208437742, 35.358958286 ], [ 137.208437742, 35.359166619 ], [ 137.208437742, 35.359374952 ], [ 137.208437742, 35.359583285 ], [ 137.208437743, 35.359791618 ], [ 137.208125242, 35.359791619 ], [ 137.208125243, 35.359999952 ], [ 137.207812743, 35.359999952 ], [ 137.207812743, 35.360208285 ], [ 137.207500243, 35.360208285 ], [ 137.207500243, 35.360416618 ], [ 137.207187743, 35.360416619 ], [ 137.207187743, 35.360624952 ], [ 137.207187743, 35.360833285 ], [ 137.206875243, 35.360833285 ], [ 137.206875244, 35.361041618 ], [ 137.206562744, 35.361041618 ], [ 137.206562744, 35.361249951 ], [ 137.206562744, 35.361458284 ], [ 137.206562744, 35.361666618 ], [ 137.206250244, 35.361666618 ], [ 137.206250244, 35.361874951 ], [ 137.206250245, 35.362083284 ], [ 137.206250245, 35.362291617 ], [ 137.205937745, 35.362291617 ], [ 137.205937745, 35.36249995 ], [ 137.206250245, 35.36249995 ], [ 137.206562745, 35.36249995 ], [ 137.206875245, 35.362499949 ], [ 137.207187745, 35.362499949 ], [ 137.207500246, 35.362499949 ], [ 137.207812746, 35.362499949 ], [ 137.208125246, 35.362499948 ], [ 137.208437746, 35.362499948 ], [ 137.208437746, 35.362291615 ], [ 137.208750246, 35.362291615 ], [ 137.209062746, 35.362291614 ] ] ] } },
{ "type": "Feature", "properties": { "A31a_301": "8505080001", "A31a_302": "土岐川", "A31a_303": "21", "A31a_304": "岐阜県", "A31a_305": 1 }, "geometry": { "type": "Polygon", "coordinates": [ [ [ 137.205625243, 35.361249952 ], [ 137.205625243, 35.361041619 ], [ 137.205937743, 35.361041619 ], [ 137.205937743, 35.360833286 ], [ 137.205937743, 35.360624953 ], [ 137.206250243, 35.360624952 ], [ 137.206250243, 35.360416619 ], [ 137.206562743, 35.360416619 ], [ 137.206562743, 35.360208286 ], [ 137.206250242, 35.360208286 ], [ 137.205937742, 35.360208287 ], [ 137.205625242, 35.360208287 ], [ 137.205625243, 35.36041662 ], [ 137.205312742, 35.36041662 ], [ 137.205312742, 35.360208287 ], [ 137.205000242, 35.360208287 ], [ 137.205000242, 35.360416621 ], [ 137.205000243, 35.360624954 ], [ 137.204687743, 35.360624954 ], [ 137.204687743, 35.360833287 ], [ 137.204375243, 35.360833287 ], [ 137.204375243, 35.36104162 ], [ 137.204687743, 35.36104162 ], [ 137.204687743, 35.361249953 ], [ 137.204375243, 35.361249953 ], [ 137.204375243, 35.361458286 ], [ 137.204375244, 35.361666619 ], [ 137.204375244, 35.361874953 ], [ 137.204375244, 35.362083286 ], [ 137.204375244, 35.362291619 ], [ 137.204375245, 35.362499952 ], [ 137.204687745, 35.362499951 ], [ 137.205000245, 35.362499951 ], [ 137.205000244, 35.362291618 ], [ 137.205312745, 35.362291618 ], [ 137.205312744, 35.362083285 ], [ 137.205312744, 35.361874952 ], [ 137.205625244, 35.361874951 ], [ 137.205625244, 35.361666618 ], [ 137.205625244, 35.361458285 ], [ 137.205625243, 35.361249952 ] ] ] } },
{ "type": "Feature", "properties": { "A31a_301": "8505080001", "A31a_302": "土岐川", "A31a_303": "21", "A31a_304": "岐阜県", "A31a_305": 1 }, "geometry": { "type": "Polygon", "coordinates": [ [ [ 137.251875262, 35.362708216 ], [ 137.251875262, 35.362499883 ], [ 137.251562762, 35.362499884 ], [ 137.251562762, 35.362708217 ], [ 137.251875262, 35.362708216 ] ] ] } },
{ "type": "Feature", "properties": { "A31a_301": "8505080001", "A31a_302": "土岐川", "A31a_303": "21", "A31a_304": "岐阜県", "A31a_305": 1 }, "geometry": { "type": "Polygon", "coordinates": [ [ [ 137.210000247, 35.36270828 ], [ 137.210000246, 35.362499947 ], [ 137.209687746, 35.362499947 ], [ 137.209687747, 35.36270828 ], [ 137.210000247, 35.36270828 ] ] ] } },
{ "type": "Feature", "properties": { "A31a_301": "8505080001", "A31a_302": "土岐川", "A31a_303": "21", "A31a_304": "岐阜県", "A31a_305": 1 }, "geometry": { "type": "Polygon", "coordinates": [ [ [ 137.251875262, 35.362708216 ], [ 137.251875263, 35.362916549 ], [ 137.252187763, 35.362916549 ], [ 137.252500263, 35.362916548 ], [ 137.252812763, 35.362916547 ], [ 137.252812763, 35.362708214 ], [ 137.252500263, 35.362708215 ], [ 137.252187763, 35.362708216 ], [ 137.251875262, 35.362708216 ] ] ] } },
{ "type": "Feature", "properties": { "A31a_301": "8505080001", "A31a_302": "土岐川", "A31a_303": "21", "A31a_304": "岐阜県", "A31a_305": 1 }, "geometry": { "type": "Polygon", "coordinates": [ [ [ 137.210625247, 35.362916612 ], [ 137.210625247, 35.362708279 ], [ 137.210312747, 35.362708279 ], [ 137.210000247, 35.36270828 ], [ 137.210000247, 35.362916613 ], [ 137.210312747, 35.362916612 ], [ 137.210625247, 35.362916612 ] ] ] } },
{ "type": "Feature", "properties": { "A31a_301": "8505080001", "A31a_302": "土岐川", "A31a_303": "21", "A31a_304": "岐阜県", "A31a_305": 1 }, "geometry": { "type": "Polygon", "coordinates": [ [ [ 137.251562762, 35.362708217 ], [ 137.251250262, 35.362708218 ], [ 137.251250262, 35.362916551 ], [ 137.251250263, 35.363124884 ], [ 137.251562763, 35.363124883 ], [ 137.251562763, 35.36291655 ], [ 137.251562762, 35.362708217 ] ] ] } },
{ "type": "Feature", "properties": { "A31a_301": "8505080001", "A31a_302": "土岐川", "A31a_303": "21", "A31a_304": "岐阜県", "A31a_305": 1 }, "geometry": { "type": "Polygon", "coordinates": [ [ [ 137.211250248, 35.363124945 ], [ 137.211250247, 35.362916612 ], [ 137.210937747, 35.362916612 ], [ 137.210625247, 35.362916612 ], [ 137.210625247, 35.363124945 ], [ 137.210937748, 35.363124945 ], [ 137.211250248, 35.363124945 ] ] ] } },
{ "type": "Feature", "properties": { "A31a_301": "8505080001", "A31a_302": "土岐川", "A31a_303": "21", "A31a_304": "岐阜県", "A31a_305": 1 }, "geometry": { "type": "Polygon", "coordinates": [ [ [ 137.211562748, 35.363333277 ], [ 137.211562748, 35.363124944 ], [ 137.211250248, 35.363124945 ], [ 137.211250248, 35.363333278 ], [ 137.211562748, 35.363333277 ] ] ] } },
{ "type": "Feature", "properties": { "A31a_301": "8505080001", "A31a_302": "土岐川", "A31a_303": "21", "A31a_304": "岐阜県", "A31a_305": 1 }, "geometry": { "type": "Polygon", "coordinates": [ [ [ 137.26437527, 35.36354152 ], [ 137.26468777, 35.363541519 ], [ 137.26468777, 35.363333186 ], [ 137.26468777, 35.363124853 ], [ 137.26437527, 35.363124854 ], [ 137.26437527, 35.363333187 ], [ 137.26437527, 35.36354152 ] ] ] } },
{ "type": "Feature", "properties": { "A31a_301": "8505080001", "A31a_302": "土岐川", "A31a_303": "21", "A31a_304": "岐阜県", "A31a_305": 1 }, "geometry": { "type": "Polygon", "coordinates": [ [ [ 137.211562748, 35.363333277 ], [ 137.211562748, 35.363541611 ], [ 137.211875248, 35.36354161 ], [ 137.211875248, 35.363333277 ], [ 137.211562748, 35.363333277 ] ] ] } },
{ "type": "Feature", "properties": { "A31a_301": "8505080001", "A31a_302": "土岐川", "A31a_303": "21", "A31a_304": "岐阜県", "A31a_305": 1 }, "geometry": { "type": "Polygon", "coordinates": [ [ [ 137.213125249, 35.363958275 ], [ 137.213125249, 35.363749942 ], [ 137.212812749, 35.363749942 ], [ 137.212812749, 35.363958275 ], [ 137.213125249, 35.363958275 ] ] ] } },
{ "type": "Feature", "properties": { "A31a_301": "8505080001", "A31a_302": "土岐川", "A31a_303": "21", "A31a_304": "岐阜県", "A31a_305": 1 }, "geometry": { "type": "Polygon", "coordinates": [ [ [ 137.213125249, 35.363958275 ], [ 137.21312525, 35.364166608 ], [ 137.21343775, 35.364166608 ], [ 137.213437749, 35.363958275 ], [ 137.213125249, 35.363958275 ] ] ] } },
{ "type": "Feature", "properties": { "A31a_301": "8505080001", "A31a_302": "土岐川", "A31a_303": "21", "A31a_304": "岐阜県", "A31a_305": 1 }, "geometry": { "type": "Polygon", "coordinates": [ [ [ 137.227500254, 35.364166589 ], [ 137.227500254, 35.364374922 ], [ 137.227812754, 35.364374922 ], [ 137.227812754, 35.364166589 ], [ 137.227500254, 35.364166589 ] ] ] } },
{ "type": "Feature", "properties": { "A31a_301": "8505080001", "A31a_302": "土岐川", "A31a_303": "21", "A31a_304": "岐阜県", "A31a_305": 1 }, "geometry": { "type": "Polygon", "coordinates": [ [ [ 137.21406275, 35.36437494 ], [ 137.21406275, 35.364166607 ], [ 137.21375025, 35.364166607 ], [ 137.21375025, 35.36437494 ], [ 137.21406275, 35.36437494 ] ] ] } },
{ "type": "Feature", "properties": { "A31a_301": "8505080001", "A31a_302": "土岐川", "A31a_303": "21", "A31a_304": "岐阜県", "A31a_305": 1 }, "geometry": { "type": "Polygon", "coordinates": [ [ [ 137.214687751, 35.364791605 ], [ 137.214687751, 35.364583272 ], [ 137.214375251, 35.364583273 ], [ 137.214375251, 35.364791606 ], [ 137.214687751, 35.364791605 ] ] ] } },
{ "type": "Feature", "properties": { "A31a_301": "8505080001", "A31a_302": "土岐川", "A31a_303": "21", "A31a_304": "岐阜県", "A31a_305": 1 }, "geometry": { "type": "Polygon", "coordinates": [ [ [ 137.223437753, 35.364999927 ], [ 137.223437753, 35.364791594 ], [ 137.223437753, 35.364583261 ], [ 137.223125253, 35.364583261 ], [ 137.223125253, 35.364374928 ], [ 137.223125253, 35.364166595 ], [ 137.223437753, 35.364166595 ], [ 137.223437752, 35.363958262 ], [ 137.223437752, 35.363749929 ], [ 137.223437752, 35.363541596 ], [ 137.223750252, 35.363541596 ], [ 137.223750252, 35.363333263 ], [ 137.224062752, 35.363333262 ], [ 137.224062752, 35.363124929 ], [ 137.224375252, 35.363124929 ], [ 137.224375252, 35.362916596 ], [ 137.224687752, 35.362916596 ], [ 137.225000252, 35.362916595 ], [ 137.225000252, 35.362708262 ], [ 137.225312752, 35.362708262 ], [ 137.225625252, 35.362708261 ], [ 137.225937752, 35.362708261 ], [ 137.225937752, 35.362499928 ], [ 137.226250252, 35.362499927 ], [ 137.226562752, 35.362499927 ], [ 137.226875252, 35.362499926 ], [ 137.226875252, 35.362291593 ], [ 137.227187752, 35.362291593 ], [ 137.227500252, 35.362291592 ], [ 137.227812752, 35.362291592 ], [ 137.227812752, 35.362083259 ], [ 137.228125252, 35.362083258 ], [ 137.228437752, 35.362083258 ], [ 137.228750252, 35.362083257 ], [ 137.228750252, 35.361874924 ], [ 137.229062752, 35.361874924 ], [ 137.229375252, 35.361874923 ], [ 137.229375252, 35.36166659 ], [ 137.229687752, 35.36166659 ], [ 137.230000252, 35.361666589 ], [ 137.230000252, 35.361458256 ], [ 137.230312752, 35.361458256 ], [ 137.230625252, 35.361458255 ], [ 137.230937752, 35.361458255 ], [ 137.230937752, 35.361249922 ], [ 137.231250252, 35.361249922 ], [ 137.231562752, 35.361249921 ], [ 137.231562752, 35.361041588 ], [ 137.231875252, 35.361041588 ], [ 137.232187752, 35.361041587 ], [ 137.232500252, 35.361041587 ], [ 137.232500252, 35.360833254 ], [ 137.232812752, 35.360833253 ], [ 137.233125252, 35.360833253 ], [ 137.233437752, 35.360833252 ], [ 137.233437752, 35.360624919 ], [ 137.233125252, 35.36062492 ], [ 137.232812752, 35.36062492 ], [ 137.232812751, 35.360416587 ], [ 137.232812751, 35.360208254 ], [ 137.232500251, 35.360208255 ], [ 137.232187751, 35.360208255 ], [ 137.231875251, 35.360208256 ], [ 137.231875251, 35.359999923 ], [ 137.231562751, 35.359999923 ], [ 137.23156275, 35.35979159 ], [ 137.23125025, 35.359791591 ], [ 137.231250251, 35.359999924 ], [ 137.23093775, 35.359999924 ], [ 137.23062525, 35.359999925 ], [ 137.230625251, 35.360208258 ], [ 137.230312751, 35.360208258 ], [ 137.23031275, 35.359999925 ], [ 137.23000025, 35.359999926 ], [ 137.22968775, 35.359999926 ], [ 137.22968775, 35.359791593 ], [ 137.22937525, 35.359791594 ], [ 137.22906275, 35.359791594 ], [ 137.22875025, 35.359791595 ], [ 137.22843775, 35.359791595 ], [ 137.22843775, 35.359999928 ], [ 137.22843775, 35.360208261 ], [ 137.22812525, 35.360208261 ], [ 137.22781275, 35.360208262 ], [ 137.22750025, 35.360208262 ], [ 137.22718775, 35.360208263 ], [ 137.227187749, 35.35999993 ], [ 137.227187749, 35.359791597 ], [ 137.226875249, 35.359791597 ], [ 137.226562749, 35.359791598 ], [ 137.226562749, 35.359583265 ], [ 137.226250249, 35.359583265 ], [ 137.226250249, 35.359791598 ], [ 137.226250249, 35.359999931 ], [ 137.226250249, 35.360208264 ], [ 137.225937749, 35.360208265 ], [ 137.225625249, 35.360208265 ], [ 137.225625249, 35.360416598 ], [ 137.225312749, 35.360416599 ], [ 137.22531275, 35.360624932 ], [ 137.22500025, 35.360624932 ], [ 137.22500025, 35.360833265 ], [ 137.22468775, 35.360833266 ], [ 137.22468775, 35.361041599 ], [ 137.22437525, 35.361041599 ], [ 137.22437525, 35.361249932 ], [ 137.22406275, 35.361249932 ], [ 137.22406275, 35.361458265 ], [ 137.22375025, 35.361458266 ], [ 137.22343775, 35.361458266 ], [ 137.22343775, 35.361666599 ], [ 137.22312525, 35.361666599 ], [ 137.22312525, 35.361874932 ], [ 137.22281275, 35.361874933 ], [ 137.22281275, 35.362083266 ], [ 137.22250025, 35.362083266 ], [ 137.22250025, 35.362291599 ], [ 137.22218775, 35.3622916 ], [ 137.22218775, 35.362499933 ], [ 137.22187525, 35.362499933 ], [ 137.221875251, 35.362708266 ], [ 137.22156275, 35.362708266 ], [ 137.221562751, 35.362916599 ], [ 137.221250251, 35.3629166 ], [ 137.221250251, 35.363124933 ], [ 137.221250251, 35.363333266 ], [ 137.221250251, 35.363541599 ], [ 137.221250252, 35.363749932 ], [ 137.221250252, 35.363958265 ], [ 137.221562752, 35.363958264 ], [ 137.221562752, 35.364166597 ], [ 137.221562752, 35.36437493 ], [ 137.221875252, 35.36437493 ], [ 137.222187752, 35.36437493 ], [ 137.222187753, 35.364583263 ], [ 137.222500253, 35.364583262 ], [ 137.222812753, 35.364583262 ], [ 137.222812753, 35.364791595 ], [ 137.223125253, 35.364791594 ], [ 137.223125253, 35.364999927 ], [ 137.223437753, 35.364999927 ] ] ] } },
{ "type": "Feature", "properties": { "A31a_301": "8505080001", "A31a_302": "土岐川", "A31a_303": "21", "A31a_304": "岐阜県", "A31a_305": 1 }, "geometry": { "type": "Polygon", "coordinates": [ [ [ 137.215312751, 35.364999937 ], [ 137.215312751, 35.364791604 ], [ 137.215000251, 35.364791605 ], [ 137.214687751, 35.364791605 ], [ 137.214687751, 35.364999938 ], [ 137.215000251, 35.364999938 ], [ 137.215312751, 35.364999937 ] ] ] } },
{ "type": "Feature", "properties": { "A31a_301": "8505080001", "A31a_302": "土岐川", "A31a_303": "21", "A31a_304": "岐阜県", "A31a_305": 1 }, "geometry": { "type": "Polygon", "coordinates": [ [ [ 137.257500268, 35.3652082 ], [ 137.257500268, 35.364999867 ], [ 137.257500268, 35.364791534 ], [ 137.257187768, 35.364791534 ], [ 137.257187768, 35.364999867 ], [ 137.257187768, 35.3652082 ], [ 137.257500268, 35.3652082 ] ] ] } },
{ "type": "Feature", "properties": { "A31a_301": "8505080001", "A31a_302": "土岐川", "A31a_303": "21", "A31a_304": "岐阜県", "A31a_305": 1 }, "geometry": { "type": "Polygon", "coordinates": [ [ [ 137.221875254, 35.365833261 ], [ 137.221875254, 35.365624928 ], [ 137.221562754, 35.365624928 ], [ 137.221562754, 35.365833261 ], [ 137.221875254, 35.365833261 ] ] ] } },
{ "type": "Feature", "properties": { "A31a_301": "8505080001", "A31a_302": "土岐川", "A31a_303": "21", "A31a_304": "岐阜県", "A31a_305": 1 }, "geometry": { "type": "Polygon", "coordinates": [ [ [ 137.224375255, 35.365833258 ], [ 137.224062754, 35.365833258 ], [ 137.224062755, 35.366041591 ], [ 137.224375255, 35.366041591 ], [ 137.224375255, 35.365833258 ] ] ] } },
{ "type": "Feature", "properties": { "A31a_301": "8505080001", "A31a_302": "土岐川", "A31a_303": "21", "A31a_304": "岐阜県", "A31a_305": 1 }, "geometry": { "type": "Polygon", "coordinates": [ [ [ 137.215312751, 35.364999937 ], [ 137.215312752, 35.365208271 ], [ 137.215625252, 35.36520827 ], [ 137.215937752, 35.36520827 ], [ 137.215937752, 35.365416603 ], [ 137.216250252, 35.365416602 ], [ 137.216562752, 35.365416602 ], [ 137.216562752, 35.365624935 ], [ 137.216875252, 35.365624935 ], [ 137.217187753, 35.365624934 ], [ 137.217500253, 35.365624934 ], [ 137.217500253, 35.365833267 ], [ 137.217812753, 35.365833266 ], [ 137.218125253, 35.365833266 ], [ 137.218437753, 35.365833266 ], [ 137.218437753, 35.366041599 ], [ 137.218750253, 35.366041598 ], [ 137.219062754, 35.366041598 ], [ 137.219062754, 35.366249931 ], [ 137.219375254, 35.36624993 ], [ 137.219687754, 35.36624993 ], [ 137.220000254, 35.36624993 ], [ 137.220000254, 35.366458263 ], [ 137.220312754, 35.366458262 ], [ 137.220625254, 35.366458262 ], [ 137.220937754, 35.366458261 ], [ 137.221250254, 35.366458261 ], [ 137.221562755, 35.36645826 ], [ 137.221562754, 35.366249927 ], [ 137.221250254, 35.366249928 ], [ 137.220937754, 35.366249928 ], [ 137.220625254, 35.366249929 ], [ 137.220625254, 35.366041596 ], [ 137.220312754, 35.366041596 ], [ 137.220312754, 35.365833263 ], [ 137.220000253, 35.365833263 ], [ 137.219687753, 35.365833264 ], [ 137.219687753, 35.365624931 ], [ 137.219375253, 35.365624931 ], [ 137.219062753, 35.365624932 ], [ 137.219062753, 35.365416599 ], [ 137.219062753, 35.365208266 ], [ 137.218750252, 35.365208266 ], [ 137.218437752, 35.365208266 ], [ 137.218437752, 35.364999933 ], [ 137.218125252, 35.364999934 ], [ 137.218125252, 35.364791601 ], [ 137.218125252, 35.364583268 ], [ 137.217812751, 35.364583268 ], [ 137.217500251, 35.364583269 ], [ 137.217500252, 35.364791602 ], [ 137.217187752, 35.364791602 ], [ 137.217187751, 35.364583269 ], [ 137.216875251, 35.364583269 ], [ 137.216562751, 35.36458327 ], [ 137.216562751, 35.364791603 ], [ 137.216250251, 35.364791603 ], [ 137.215937751, 35.364791604 ], [ 137.215625251, 35.364791604 ], [ 137.215625251, 35.364999937 ], [ 137.215312751, 35.364999937 ] ] ] } },
{ "type": "Feature", "properties": { "A31a_301": "8505080001", "A31a_302": "土岐川", "A31a_303": "21", "A31a_304": "岐阜県", "A31a_305": 1 }, "geometry": { "type": "Polygon", "coordinates": [ [ [ 137.26437527, 35.36354152 ], [ 137.26406277, 35.363541521 ], [ 137.26375027, 35.363541521 ], [ 137.263750269, 35.363333188 ], [ 137.263437769, 35.363333189 ], [ 137.263437769, 35.363124856 ], [ 137.263437769, 35.362916523 ], [ 137.263125269, 35.362916524 ], [ 137.263125269, 35.362708191 ], [ 137.263125268, 35.362499858 ], [ 137.262812768, 35.362499859 ], [ 137.262812768, 35.362291526 ], [ 137.262812768, 35.362083193 ], [ 137.262500268, 35.362083194 ], [ 137.262500267, 35.361874861 ], [ 137.262500267, 35.361666528 ], [ 137.262500267, 35.361458195 ], [ 137.262500267, 35.361249862 ], [ 137.262187767, 35.361249862 ], [ 137.262187766, 35.36104153 ], [ 137.262187766, 35.360833197 ], [ 137.262187766, 35.360624864 ], [ 137.261875266, 35.360624864 ], [ 137.261562766, 35.360624865 ], [ 137.261562765, 35.360416532 ], [ 137.261250265, 35.360416533 ], [ 137.260937765, 35.360416533 ], [ 137.260937765, 35.3602082 ], [ 137.260625265, 35.360208201 ], [ 137.260625264, 35.359999868 ], [ 137.260312764, 35.359999869 ], [ 137.260312764, 35.359791536 ], [ 137.260000264, 35.359791536 ], [ 137.259687764, 35.359791537 ], [ 137.259375263, 35.359791538 ], [ 137.259062763, 35.359791539 ], [ 137.259062763, 35.359999872 ], [ 137.258750263, 35.359999872 ], [ 137.258750263, 35.360208205 ], [ 137.258750264, 35.360416538 ], [ 137.259062764, 35.360416538 ], [ 137.259062764, 35.36062487 ], [ 137.258750264, 35.360624871 ], [ 137.258437764, 35.360624872 ], [ 137.258125264, 35.360624873 ], [ 137.258125264, 35.360833206 ], [ 137.257812764, 35.360833206 ], [ 137.257812764, 35.361041539 ], [ 137.257500264, 35.36104154 ], [ 137.257500263, 35.360833207 ], [ 137.257187763, 35.360833208 ], [ 137.256875263, 35.360833208 ], [ 137.256875263, 35.360624875 ], [ 137.256562763, 35.360624876 ], [ 137.256562763, 35.360833209 ], [ 137.256250263, 35.36083321 ], [ 137.255937762, 35.36083321 ], [ 137.255625262, 35.360833211 ], [ 137.255312762, 35.360833212 ], [ 137.255000262, 35.360833212 ], [ 137.254687762, 35.360833213 ], [ 137.254375262, 35.360833214 ], [ 137.254375262, 35.361041547 ], [ 137.254062762, 35.361041548 ], [ 137.253750261, 35.361041548 ], [ 137.253750262, 35.361249881 ], [ 137.253437761, 35.361249882 ], [ 137.253125261, 35.361249883 ], [ 137.253125262, 35.361458216 ], [ 137.252812761, 35.361458216 ], [ 137.252500261, 35.361458217 ], [ 137.252500261, 35.36166655 ], [ 137.252812762, 35.361666549 ], [ 137.253125262, 35.361666549 ], [ 137.253125262, 35.361874882 ], [ 137.253437762, 35.361874881 ], [ 137.253437763, 35.362083214 ], [ 137.253437763, 35.362291547 ], [ 137.253437763, 35.36249988 ], [ 137.253125263, 35.362499881 ], [ 137.253125263, 35.362708214 ], [ 137.253437763, 35.362708213 ], [ 137.253750263, 35.362708212 ], [ 137.254062764, 35.362708211 ], [ 137.254375264, 35.362708211 ], [ 137.254375264, 35.362499878 ], [ 137.254687764, 35.362499877 ], [ 137.255000264, 35.362499876 ], [ 137.255000264, 35.362291543 ], [ 137.255312764, 35.362291543 ], [ 137.255312764, 35.362499876 ], [ 137.255625264, 35.362499875 ], [ 137.255625264, 35.362708208 ], [ 137.255937765, 35.362708207 ], [ 137.255937765, 35.36291654 ], [ 137.256250265, 35.36291654 ], [ 137.256250265, 35.363124873 ], [ 137.256562765, 35.363124872 ], [ 137.256875266, 35.363124871 ], [ 137.256875266, 35.363333204 ], [ 137.257187766, 35.363333203 ], [ 137.257187766, 35.363541536 ], [ 137.257500266, 35.363541536 ], [ 137.257812767, 35.363541535 ], [ 137.257812767, 35.363749868 ], [ 137.257812767, 35.363958201 ], [ 137.258125267, 35.3639582 ], [ 137.258125267, 35.364166533 ], [ 137.258437768, 35.364166533 ], [ 137.258437768, 35.364374866 ], [ 137.258437768, 35.364583199 ], [ 137.258750268, 35.364583198 ], [ 137.258750268, 35.364374865 ], [ 137.259062768, 35.364374864 ], [ 137.259062768, 35.364583197 ], [ 137.258750268, 35.364583198 ], [ 137.258750268, 35.364791531 ], [ 137.258750269, 35.364999864 ], [ 137.259062769, 35.364999863 ], [ 137.259062769, 35.365208196 ], [ 137.259062769, 35.365416529 ], [ 137.25906277, 35.365624862 ], [ 137.25937527, 35.365624861 ], [ 137.25937527, 35.365833194 ], [ 137.25937527, 35.366041527 ], [ 137.25968777, 35.366041527 ], [ 137.25968777, 35.365833194 ], [ 137.26000027, 35.365833193 ], [ 137.26000027, 35.36562486 ], [ 137.26031277, 35.365624859 ], [ 137.26031277, 35.365416526 ], [ 137.26062527, 35.365416526 ], [ 137.26093777, 35.365416525 ], [ 137.26093777, 35.365624858 ], [ 137.260937771, 35.365833191 ], [ 137.260625271, 35.365833192 ], [ 137.26031277, 35.365833192 ], [ 137.260312771, 35.366041525 ], [ 137.26000027, 35.366041526 ], [ 137.25968777, 35.366041527 ], [ 137.259687771, 35.36624986 ], [ 137.260000271, 35.366249859 ], [ 137.260000271, 35.366458192 ], [ 137.260312771, 35.366458191 ], [ 137.260312771, 35.366666524 ], [ 137.260625271, 35.366666524 ], [ 137.260937772, 35.366666523 ], [ 137.261250272, 35.366666522 ], [ 137.261250271, 35.366458189 ], [ 137.261562772, 35.366458189 ], [ 137.261875272, 35.366458188 ], [ 137.261875272, 35.366249855 ], [ 137.262187772, 35.366249854 ], [ 137.262187771, 35.366041521 ], [ 137.262500272, 35.36604152 ], [ 137.262500271, 35.365833187 ], [ 137.262812772, 35.365833187 ], [ 137.262812771, 35.365624854 ], [ 137.262812771, 35.365416521 ], [ 137.263125271, 35.36541652 ], [ 137.263125271, 35.365208187 ], [ 137.263437771, 35.365208186 ], [ 137.263437771, 35.364999853 ], [ 137.263437771, 35.36479152 ], [ 137.263750271, 35.364791519 ], [ 137.263750271, 35.364583186 ], [ 137.26375027, 35.364374853 ], [ 137.264062771, 35.364374853 ], [ 137.26406277, 35.36416652 ], [ 137.26406277, 35.363958187 ], [ 137.26437527, 35.363958186 ], [ 137.26437527, 35.363749853 ], [ 137.26437527, 35.36354152 ] ] ] } },
{ "type": "Feature", "properties": { "A31a_301": "8505080001", "A31a_302": "土岐川", "A31a_303": "21", "A31a_304": "岐阜県", "A31a_305": 1 }, "geometry": { "type": "Polygon", "coordinates": [ [ [ 137.221875255, 35.367083259 ], [ 137.222187755, 35.367083259 ], [ 137.222500256, 35.367083258 ], [ 137.222500255, 35.366874925 ], [ 137.222187755, 35.366874926 ], [ 137.221875255, 35.366874926 ], [ 137.221875255, 35.367083259 ] ] ] } },
{ "type": "Feature", "properties": { "A31a_301": "8505080001", "A31a_302": "土岐川", "A31a_303": "21", "A31a_304": "岐阜県", "A31a_305": 1 }, "geometry": { "type": "Polygon", "coordinates": [ [ [ 137.221875255, 35.367083259 ], [ 137.221562755, 35.36708326 ], [ 137.221562756, 35.367291593 ], [ 137.221875256, 35.367291592 ], [ 137.221875255, 35.367083259 ] ] ] } },
{ "type": "Feature", "properties": { "A31a_301": "8505080001", "A31a_302": "土岐川", "A31a_303": "21", "A31a_304": "岐阜県", "A31a_305": 1 }, "geometry": { "type": "Polygon", "coordinates": [ [ [ 137.261250272, 35.367291522 ], [ 137.261250272, 35.367083188 ], [ 137.260937772, 35.367083189 ], [ 137.260625272, 35.36708319 ], [ 137.260312772, 35.367083191 ], [ 137.260312772, 35.367291524 ], [ 137.260312772, 35.367499857 ], [ 137.260625272, 35.367499856 ], [ 137.260937773, 35.367499855 ], [ 137.261250273, 35.367499855 ], [ 137.261250272, 35.367291522 ] ] ] } },
{ "type": "Feature", "properties": { "A31a_301": "8505080001", "A31a_302": "土岐川", "A31a_303": "21", "A31a_304": "岐阜県", "A31a_305": 1 }, "geometry": { "type": "Polygon", "coordinates": [ [ [ 137.236250253, 35.361041581 ], [ 137.236250254, 35.361249914 ], [ 137.236250254, 35.361458247 ], [ 137.236562754, 35.361458246 ], [ 137.236562754, 35.361666579 ], [ 137.236562754, 35.361874912 ], [ 137.236875255, 35.361874912 ], [ 137.236875255, 35.362083245 ], [ 137.236875255, 35.362291578 ], [ 137.237187755, 35.362291577 ], [ 137.237187755, 35.36249991 ], [ 137.237187756, 35.362708243 ], [ 137.237187756, 35.362916576 ], [ 137.237500256, 35.362916576 ], [ 137.237500256, 35.363124909 ], [ 137.237500257, 35.363333242 ], [ 137.237500257, 35.363541575 ], [ 137.237812757, 35.363541574 ], [ 137.237812757, 35.363749907 ], [ 137.237812758, 35.36395824 ], [ 137.238125258, 35.36395824 ], [ 137.238125258, 35.364166572 ], [ 137.238125258, 35.364374905 ], [ 137.238437758, 35.364374905 ], [ 137.238437759, 35.364583238 ], [ 137.238437759, 35.364791571 ], [ 137.238750259, 35.36479157 ], [ 137.238750259, 35.364999903 ], [ 137.23906276, 35.364999903 ], [ 137.23906276, 35.365208236 ], [ 137.23937526, 35.365208235 ], [ 137.23937526, 35.365416568 ], [ 137.23968776, 35.365416568 ], [ 137.239687761, 35.365624901 ], [ 137.240000261, 35.3656249 ], [ 137.240000261, 35.365833233 ], [ 137.240312761, 35.365833232 ], [ 137.240625261, 35.365833232 ], [ 137.240625262, 35.366041565 ], [ 137.240937762, 35.366041564 ], [ 137.241250262, 35.366041564 ], [ 137.241250262, 35.366249897 ], [ 137.241562762, 35.366249896 ], [ 137.241875262, 35.366249896 ], [ 137.242187763, 35.366249895 ], [ 137.242187763, 35.366458228 ], [ 137.242500263, 35.366458228 ], [ 137.242812763, 35.366458227 ], [ 137.242812763, 35.36666656 ], [ 137.243125264, 35.366666559 ], [ 137.243437764, 35.366666559 ], [ 137.243750264, 35.366666558 ], [ 137.243750264, 35.366874891 ], [ 137.244062764, 35.366874891 ], [ 137.244062765, 35.367083224 ], [ 137.244375265, 35.367083223 ], [ 137.244687765, 35.367083223 ], [ 137.244687765, 35.367291556 ], [ 137.245000265, 35.367291555 ], [ 137.245000266, 35.367499888 ], [ 137.245312766, 35.367499888 ], [ 137.245625266, 35.367499887 ], [ 137.245625266, 35.36770822 ], [ 137.245937766, 35.36770822 ], [ 137.245937767, 35.367916553 ], [ 137.246250267, 35.367916552 ], [ 137.246250267, 35.368124885 ], [ 137.246562767, 35.368124885 ], [ 137.246875267, 35.368124884 ], [ 137.246875267, 35.368333217 ], [ 137.247187768, 35.368333217 ], [ 137.247500268, 35.368333216 ], [ 137.247812768, 35.368333216 ], [ 137.248125268, 35.368333215 ], [ 137.248437768, 35.368333214 ], [ 137.248437768, 35.368541547 ], [ 137.248750269, 35.368541547 ], [ 137.249062769, 35.368541546 ], [ 137.249375269, 35.368541546 ], [ 137.249375269, 35.368333213 ], [ 137.249687769, 35.368333212 ], [ 137.250000269, 35.368333212 ], [ 137.250312769, 35.368333211 ], [ 137.250312769, 35.368124878 ], [ 137.250625269, 35.368124877 ], [ 137.250625269, 35.367916544 ], [ 137.250937769, 35.367916544 ], [ 137.250937768, 35.36770821 ], [ 137.251250269, 35.36770821 ], [ 137.251250268, 35.367499877 ], [ 137.251250268, 35.367291544 ], [ 137.251250268, 35.367083211 ], [ 137.251250268, 35.366874878 ], [ 137.251250267, 35.366666544 ], [ 137.251250267, 35.366458211 ], [ 137.251250267, 35.366249878 ], [ 137.250937767, 35.366249879 ], [ 137.250937766, 35.366041546 ], [ 137.250937766, 35.365833213 ], [ 137.250937766, 35.36562488 ], [ 137.250937765, 35.365416547 ], [ 137.250937765, 35.365208214 ], [ 137.250937765, 35.364999881 ], [ 137.250937765, 35.364791548 ], [ 137.250937764, 35.364583215 ], [ 137.250937764, 35.364374882 ], [ 137.250625264, 35.364374883 ], [ 137.250625264, 35.364583216 ], [ 137.250312764, 35.364583217 ], [ 137.250312764, 35.36479155 ], [ 137.250000264, 35.36479155 ], [ 137.250000264, 35.364999883 ], [ 137.249687764, 35.364999884 ], [ 137.249687765, 35.365208217 ], [ 137.249687765, 35.36541655 ], [ 137.249375265, 35.36541655 ], [ 137.249375265, 35.365624883 ], [ 137.249062765, 35.365624884 ], [ 137.249062765, 35.365833217 ], [ 137.248750265, 35.365833217 ], [ 137.248437765, 35.365833218 ], [ 137.248437765, 35.366041551 ], [ 137.248437765, 35.366249884 ], [ 137.248125265, 35.366249885 ], [ 137.248125266, 35.366458218 ], [ 137.248125266, 35.366666551 ], [ 137.247812766, 35.366666551 ], [ 137.247812766, 35.366874884 ], [ 137.247812766, 35.367083217 ], [ 137.247500266, 35.367083218 ], [ 137.247187766, 35.367083218 ], [ 137.246875266, 35.367083219 ], [ 137.246875266, 35.366874886 ], [ 137.246562765, 35.366874886 ], [ 137.246250265, 35.366874887 ], [ 137.245937765, 35.366874888 ], [ 137.245937765, 35.366666554 ], [ 137.245625265, 35.366666555 ], [ 137.245625264, 35.366458222 ], [ 137.245625264, 35.366249889 ], [ 137.245312764, 35.36624989 ], [ 137.245312764, 35.366041557 ], [ 137.245000264, 35.366041557 ], [ 137.245000263, 35.365833224 ], [ 137.245000263, 35.365624891 ], [ 137.244687763, 35.365624892 ], [ 137.244687763, 35.365416559 ], [ 137.244375262, 35.365416559 ], [ 137.244062762, 35.36541656 ], [ 137.244062762, 35.365208227 ], [ 137.244062762, 35.364999894 ], [ 137.243750262, 35.364999894 ], [ 137.243750261, 35.364791561 ], [ 137.243750261, 35.364583228 ], [ 137.243437761, 35.364583229 ], [ 137.243437761, 35.364374896 ], [ 137.243125261, 35.364374897 ], [ 137.24281276, 35.364374897 ], [ 137.24281276, 35.364166564 ], [ 137.24250026, 35.364166565 ], [ 137.24218776, 35.364166565 ], [ 137.24218776, 35.363958232 ], [ 137.241875259, 35.363958233 ], [ 137.241875259, 35.3637499 ], [ 137.241562759, 35.3637499 ], [ 137.241562759, 35.363541567 ], [ 137.241250259, 35.363541568 ], [ 137.240937758, 35.363541569 ], [ 137.240937758, 35.363333236 ], [ 137.240625258, 35.363333236 ], [ 137.240625258, 35.363124903 ], [ 137.240625257, 35.36291657 ], [ 137.240625257, 35.362708237 ], [ 137.240625257, 35.362499904 ], [ 137.240312757, 35.362499905 ], [ 137.240312757, 35.362708238 ], [ 137.240000257, 35.362708238 ], [ 137.239687757, 35.362708239 ], [ 137.239375257, 35.362708239 ], [ 137.239375256, 35.362499906 ], [ 137.239062756, 35.362499907 ], [ 137.238750256, 35.362499908 ], [ 137.238750256, 35.362291575 ], [ 137.238437756, 35.362291575 ], [ 137.238125256, 35.362291576 ], [ 137.238125255, 35.362083243 ], [ 137.238125255, 35.36187491 ], [ 137.238437755, 35.361874909 ], [ 137.238437755, 35.361666576 ], [ 137.238125255, 35.361666577 ], [ 137.238125254, 35.361458244 ], [ 137.237812754, 35.361458244 ], [ 137.237812754, 35.361249911 ], [ 137.237500254, 35.361249912 ], [ 137.237500254, 35.361458245 ], [ 137.237187754, 35.361458245 ], [ 137.237187754, 35.361249912 ], [ 137.236875254, 35.361249913 ], [ 137.236875253, 35.36104158 ], [ 137.236562753, 35.36104158 ], [ 137.236250253, 35.361041581 ] ], [ [ 137.24187526, 35.364583232 ], [ 137.241875261, 35.364791565 ], [ 137.24156276, 35.364791565 ], [ 137.24156276, 35.364583232 ], [ 137.24187526, 35.364583232 ], [ 137.24187526, 35.364374899 ], [ 137.24218776, 35.364374898 ], [ 137.24250026, 35.364374898 ], [ 137.242500261, 35.364583231 ], [ 137.24218776, 35.364583231 ], [ 137.24187526, 35.364583232 ] ], [ [ 137.241562761, 35.365208231 ], [ 137.241562761, 35.365416564 ], [ 137.241250261, 35.365416565 ], [ 137.241250261, 35.365208232 ], [ 137.241562761, 35.365208231 ] ], [ [ 137.240937761, 35.365416565 ], [ 137.240937761, 35.365624898 ], [ 137.240625261, 35.365624899 ], [ 137.240625261, 35.365416566 ], [ 137.240937761, 35.365416565 ] ], [ [ 137.248437767, 35.367083216 ], [ 137.248750267, 35.367083216 ], [ 137.248750267, 35.367291549 ], [ 137.249062767, 35.367291548 ], [ 137.249062767, 35.367499881 ], [ 137.249062768, 35.367708214 ], [ 137.248750268, 35.367708215 ], [ 137.248750267, 35.367499882 ], [ 137.248437767, 35.367499882 ], [ 137.248125267, 35.367499883 ], [ 137.248125267, 35.36729155 ], [ 137.248125266, 35.367083217 ], [ 137.248437767, 35.367083216 ] ] ] } },
{ "type": "Feature", "properties": { "A31a_301": "8505080001", "A31a_302": "土岐川", "A31a_303": "21", "A31a_304": "岐阜県", "A31a_305": 1 }, "geometry": { "type": "Polygon", "coordinates": [ [ [ 137.222187757, 35.36854159 ], [ 137.222187757, 35.368333257 ], [ 137.222187757, 35.368124924 ], [ 137.222187757, 35.367916591 ], [ 137.222187756, 35.367708258 ], [ 137.221875256, 35.367708258 ], [ 137.221875256, 35.367916591 ], [ 137.221562756, 35.367916592 ], [ 137.221562756, 35.367708259 ], [ 137.221875256, 35.367708258 ], [ 137.221875256, 35.367499925 ], [ 137.221562756, 35.367499926 ], [ 137.221562756, 35.367291593 ], [ 137.221250255, 35.367291593 ], [ 137.221250255, 35.36708326 ], [ 137.220937755, 35.36708326 ], [ 137.220937755, 35.367291593 ], [ 137.220625255, 35.367291594 ], [ 137.220312755, 35.367291594 ], [ 137.220000255, 35.367291595 ], [ 137.220000255, 35.367083262 ], [ 137.219687755, 35.367083262 ], [ 137.219687755, 35.366874929 ], [ 137.219375255, 35.366874929 ], [ 137.219062754, 35.36687493 ], [ 137.218750254, 35.36687493 ], [ 137.218750254, 35.366666597 ], [ 137.218437754, 35.366666598 ], [ 137.218125254, 35.366666598 ], [ 137.217812754, 35.366666598 ], [ 137.217812754, 35.366458265 ], [ 137.217500254, 35.366458266 ], [ 137.217187754, 35.366458266 ], [ 137.217187753, 35.366249933 ], [ 137.216875253, 35.366249934 ], [ 137.216562753, 35.366249934 ], [ 137.216250253, 35.366249934 ], [ 137.216250253, 35.366041601 ], [ 137.215937753, 35.366041602 ], [ 137.215625253, 35.366041602 ], [ 137.215625252, 35.365833269 ], [ 137.215312752, 35.36583327 ], [ 137.215000252, 35.36583327 ], [ 137.214687752, 35.36583327 ], [ 137.214687752, 35.365624937 ], [ 137.214375252, 35.365624938 ], [ 137.214062752, 35.365624938 ], [ 137.214062752, 35.365416605 ], [ 137.213750251, 35.365416606 ], [ 137.213437751, 35.365416606 ], [ 137.213125251, 35.365416606 ], [ 137.213125251, 35.365208273 ], [ 137.212812751, 35.365208274 ], [ 137.212500251, 35.365208274 ], [ 137.212500251, 35.364999941 ], [ 137.21218775, 35.364999941 ], [ 137.21187525, 35.364999942 ], [ 137.21156275, 35.364999942 ], [ 137.21156275, 35.364791609 ], [ 137.21125025, 35.364791609 ], [ 137.21093775, 35.364791609 ], [ 137.210937749, 35.364583276 ], [ 137.210625249, 35.364583277 ], [ 137.210312749, 35.364583277 ], [ 137.210000249, 35.364583277 ], [ 137.210000249, 35.364374944 ], [ 137.209687749, 35.364374944 ], [ 137.209375249, 35.364374945 ], [ 137.209062748, 35.364374945 ], [ 137.209062748, 35.364166612 ], [ 137.208750248, 35.364166612 ], [ 137.208437748, 35.364166613 ], [ 137.208125248, 35.364166613 ], [ 137.208125248, 35.36395828 ], [ 137.207812747, 35.36395828 ], [ 137.207500247, 35.36395828 ], [ 137.207187747, 35.363958281 ], [ 137.206875247, 35.363958281 ], [ 137.206875247, 35.363749948 ], [ 137.206562747, 35.363749948 ], [ 137.206250247, 35.363749948 ], [ 137.205937746, 35.363749949 ], [ 137.205625246, 35.363749949 ], [ 137.205625246, 35.363541616 ], [ 137.205312746, 35.363541616 ], [ 137.205000246, 35.363541616 ], [ 137.204687746, 35.363541617 ], [ 137.204375246, 35.363541617 ], [ 137.204062746, 35.363541617 ], [ 137.204062746, 35.36374995 ], [ 137.204062746, 35.363958283 ], [ 137.203750246, 35.363958284 ], [ 137.203750246, 35.364166617 ], [ 137.203437746, 35.364166617 ], [ 137.203437746, 35.36437495 ], [ 137.203125246, 35.36437495 ], [ 137.203125246, 35.364583283 ], [ 137.202812746, 35.364583284 ], [ 137.202812746, 35.364791617 ], [ 137.202812747, 35.36499995 ], [ 137.202500247, 35.36499995 ], [ 137.202500247, 35.365208283 ], [ 137.202187747, 35.365208283 ], [ 137.202187747, 35.365416616 ], [ 137.201875247, 35.365416617 ], [ 137.201875247, 35.36562495 ], [ 137.201562747, 35.36562495 ], [ 137.201250247, 35.36562495 ], [ 137.201250247, 35.365833283 ], [ 137.201250247, 35.366041616 ], [ 137.201250247, 35.366249949 ], [ 137.201250248, 35.366458282 ], [ 137.201562748, 35.366458282 ], [ 137.201562748, 35.366666615 ], [ 137.201562748, 35.366874948 ], [ 137.201875248, 35.366874948 ], [ 137.202187748, 35.366874948 ], [ 137.202187749, 35.367083281 ], [ 137.202500249, 35.367083281 ], [ 137.202500249, 35.367291614 ], [ 137.202812749, 35.367291613 ], [ 137.20281275, 35.367499946 ], [ 137.20312525, 35.367499946 ], [ 137.20312525, 35.367708279 ], [ 137.20343775, 35.367708279 ], [ 137.20343775, 35.367499946 ], [ 137.20343775, 35.367291613 ], [ 137.203437749, 35.36708328 ], [ 137.203750249, 35.367083279 ], [ 137.20406275, 35.367083279 ], [ 137.20406275, 35.367291612 ], [ 137.20437525, 35.367291612 ], [ 137.20468775, 35.367291612 ], [ 137.20468775, 35.367083279 ], [ 137.20468775, 35.366874946 ], [ 137.20500025, 35.366874945 ], [ 137.20531275, 35.366874945 ], [ 137.20562525, 35.366874945 ], [ 137.20593775, 35.366874944 ], [ 137.20593775, 35.367083278 ], [ 137.20625025, 35.367083277 ], [ 137.206562751, 35.367083277 ], [ 137.20656275, 35.366874944 ], [ 137.206875251, 35.366874944 ], [ 137.20687525, 35.366666611 ], [ 137.20718775, 35.36666661 ], [ 137.20718775, 35.366458277 ], [ 137.20750025, 35.366458277 ], [ 137.20750025, 35.366249944 ], [ 137.20750025, 35.366041611 ], [ 137.20781275, 35.366041611 ], [ 137.20812525, 35.36604161 ], [ 137.20843775, 35.36604161 ], [ 137.20843775, 35.365833277 ], [ 137.20875025, 35.365833277 ], [ 137.20875025, 35.365624944 ], [ 137.20906275, 35.365624943 ], [ 137.20906275, 35.365833276 ], [ 137.20937525, 35.365833276 ], [ 137.20968775, 35.365833276 ], [ 137.210000251, 35.365833276 ], [ 137.210000251, 35.366041609 ], [ 137.210312751, 35.366041608 ], [ 137.210312751, 35.366249941 ], [ 137.210625251, 35.366249941 ], [ 137.210625252, 35.366458274 ], [ 137.210937752, 35.366458274 ], [ 137.211250252, 35.366458274 ], [ 137.211250252, 35.366249941 ], [ 137.211562752, 35.36624994 ], [ 137.211875252, 35.36624994 ], [ 137.212187752, 35.36624994 ], [ 137.212500252, 35.366249939 ], [ 137.212812752, 35.366249939 ], [ 137.212812752, 35.366041606 ], [ 137.213125252, 35.366041606 ], [ 137.213437752, 35.366041605 ], [ 137.213437752, 35.366249938 ], [ 137.213437753, 35.366458271 ], [ 137.213750253, 35.366458271 ], [ 137.214062753, 35.36645827 ], [ 137.214375253, 35.36645827 ], [ 137.214687753, 35.36645827 ], [ 137.215000253, 35.366458269 ], [ 137.215312753, 35.366458269 ], [ 137.215312753, 35.366666602 ], [ 137.215625253, 35.366666601 ], [ 137.215937754, 35.366666601 ], [ 137.216250254, 35.366666601 ], [ 137.216250254, 35.366874934 ], [ 137.216562754, 35.366874933 ], [ 137.216562754, 35.367083266 ], [ 137.216562754, 35.367291599 ], [ 137.216875254, 35.367291599 ], [ 137.217187755, 35.367291598 ], [ 137.217500255, 35.367291598 ], [ 137.217500254, 35.367083265 ], [ 137.217812754, 35.367083265 ], [ 137.218125255, 35.367083264 ], [ 137.218437755, 35.367083264 ], [ 137.218437755, 35.367291597 ], [ 137.218750255, 35.367291596 ], [ 137.219062755, 35.367291596 ], [ 137.219375255, 35.367291596 ], [ 137.219687755, 35.367291595 ], [ 137.219687755, 35.367499928 ], [ 137.220000255, 35.367499928 ], [ 137.220312756, 35.367499927 ], [ 137.220312756, 35.36770826 ], [ 137.220625256, 35.36770826 ], [ 137.220625256, 35.367916593 ], [ 137.220937756, 35.367916593 ], [ 137.220937756, 35.368124926 ], [ 137.220937757, 35.368333259 ], [ 137.221250257, 35.368333258 ], [ 137.221250257, 35.368541591 ], [ 137.221562757, 35.368541591 ], [ 137.221875257, 35.368541591 ], [ 137.222187757, 35.36854159 ] ] ] } },
{ "type": "Feature", "properties": { "A31a_301": "8505080001", "A31a_302": "土岐川", "A31a_303": "21", "A31a_304": "岐阜県", "A31a_305": 1 }, "geometry": { "type": "Polygon", "coordinates": [ [ [ 137.222812758, 35.368749922 ], [ 137.223125258, 35.368749922 ], [ 137.223125258, 35.368541589 ], [ 137.222812757, 35.368541589 ], [ 137.222812758, 35.368749922 ] ] ] } },
{ "type": "Feature", "properties": { "A31a_301": "8505080001", "A31a_302": "土岐川", "A31a_303": "21", "A31a_304": "岐阜県", "A31a_305": 1 }, "geometry": { "type": "Polygon", "coordinates": [ [ [ 137.222500258, 35.368749923 ], [ 137.222500257, 35.36854159 ], [ 137.222187757, 35.36854159 ], [ 137.222187758, 35.368749923 ], [ 137.222500258, 35.368749923 ] ] ] } },
{ "type": "Feature", "properties": { "A31a_301": "8505080001", "A31a_302": "土岐川", "A31a_303": "21", "A31a_304": "岐阜県", "A31a_305": 1 }, "geometry": { "type": "Polygon", "coordinates": [ [ [ 137.222812758, 35.368749922 ], [ 137.222500258, 35.368749923 ], [ 137.222500258, 35.368958256 ], [ 137.222812758, 35.368958255 ], [ 137.222812758, 35.368749922 ] ] ] } },
{ "type": "Feature", "properties": { "A31a_301": "8505080001", "A31a_302": "土岐川", "A31a_303": "21", "A31a_304": "岐阜県", "A31a_305": 1 }, "geometry": { "type": "Polygon", "coordinates": [ [ [ 137.261562776, 35.369583185 ], [ 137.261875276, 35.369583185 ], [ 137.261875276, 35.369791518 ], [ 137.261875276, 35.369999851 ], [ 137.261562776, 35.369999851 ], [ 137.261562776, 35.369791518 ], [ 137.261562776, 35.369583185 ], [ 137.261250276, 35.369583186 ], [ 137.261250276, 35.369791519 ], [ 137.261250276, 35.369999852 ], [ 137.261250276, 35.370208185 ], [ 137.261562777, 35.370208185 ], [ 137.261562777, 35.370416518 ], [ 137.261562777, 35.370624851 ], [ 137.261562777, 35.370833184 ], [ 137.261875277, 35.370833183 ], [ 137.261875278, 35.371041516 ], [ 137.261875278, 35.37124985 ], [ 137.262187778, 35.371249849 ], [ 137.262187778, 35.371458182 ], [ 137.262187779, 35.371666515 ], [ 137.262500279, 35.371666514 ], [ 137.262500279, 35.371874848 ], [ 137.262500279, 35.372083181 ], [ 137.26250028, 35.372291514 ], [ 137.26281278, 35.372291513 ], [ 137.26281278, 35.372499846 ], [ 137.26281278, 35.372708179 ], [ 137.263125281, 35.372708179 ], [ 137.263437781, 35.372708178 ], [ 137.26343778, 35.372499845 ], [ 137.26343778, 35.372291512 ], [ 137.26343778, 35.372083178 ], [ 137.26312528, 35.372083179 ], [ 137.263125279, 35.371874846 ], [ 137.263125279, 35.371666513 ], [ 137.263125279, 35.37145818 ], [ 137.263125279, 35.371249847 ], [ 137.263125278, 35.371041514 ], [ 137.263125278, 35.37083318 ], [ 137.263437778, 35.37083318 ], [ 137.263437778, 35.370624847 ], [ 137.263437778, 35.370416513 ], [ 137.263437777, 35.37020818 ], [ 137.263437777, 35.369999847 ], [ 137.263437777, 35.369791514 ], [ 137.263750277, 35.369791513 ], [ 137.263750277, 35.36958318 ], [ 137.263750276, 35.369374847 ], [ 137.263750276, 35.369166514 ], [ 137.263750276, 35.368958181 ], [ 137.263750276, 35.368749848 ], [ 137.263750275, 35.368541515 ], [ 137.264062775, 35.368541514 ], [ 137.264062775, 35.368333181 ], [ 137.264062775, 35.368124847 ], [ 137.264375275, 35.368124847 ], [ 137.264375275, 35.367916514 ], [ 137.264375274, 35.36770818 ], [ 137.264687775, 35.36770818 ], [ 137.264687774, 35.367499847 ], [ 137.264687774, 35.367291513 ], [ 137.264687774, 35.36708318 ], [ 137.264687773, 35.366874847 ], [ 137.264687773, 35.366666514 ], [ 137.264687773, 35.366458181 ], [ 137.264687773, 35.366249848 ], [ 137.264687773, 35.366041515 ], [ 137.264687772, 35.365833182 ], [ 137.264687772, 35.365624849 ], [ 137.264687772, 35.365416516 ], [ 137.265000272, 35.365416515 ], [ 137.265000272, 35.365208182 ], [ 137.265000272, 35.364999849 ], [ 137.265000271, 35.364791516 ], [ 137.265000271, 35.364583183 ], [ 137.265000271, 35.36437485 ], [ 137.265000271, 35.364166517 ], [ 137.265000271, 35.363958184 ], [ 137.26500027, 35.363749851 ], [ 137.26468777, 35.363749852 ], [ 137.26468777, 35.363958185 ], [ 137.264687771, 35.364166518 ], [ 137.264375271, 35.364166519 ], [ 137.264375271, 35.364374852 ], [ 137.264375271, 35.364583185 ], [ 137.264062771, 35.364583186 ], [ 137.264062771, 35.364791519 ], [ 137.264062771, 35.364999852 ], [ 137.263750271, 35.364999852 ], [ 137.263750271, 35.365208185 ], [ 137.263750272, 35.365416518 ], [ 137.263437771, 35.365416519 ], [ 137.263437772, 35.365624852 ], [ 137.263437772, 35.365833185 ], [ 137.263125272, 35.365833186 ], [ 137.263125272, 35.366041519 ], [ 137.262812772, 35.36604152 ], [ 137.262812772, 35.366249853 ], [ 137.262500272, 35.366249853 ], [ 137.262500272, 35.366458186 ], [ 137.262187772, 35.366458187 ], [ 137.262187772, 35.36666652 ], [ 137.262187772, 35.366874853 ], [ 137.262187773, 35.367083186 ], [ 137.262500273, 35.367083186 ], [ 137.262500272, 35.366874853 ], [ 137.262500272, 35.366666519 ], [ 137.262812772, 35.366666519 ], [ 137.262812773, 35.366874852 ], [ 137.262812773, 35.367083185 ], [ 137.262812773, 35.367291518 ], [ 137.262812773, 35.367499851 ], [ 137.262500273, 35.367499852 ], [ 137.262187773, 35.367499853 ], [ 137.262187773, 35.367708186 ], [ 137.262187774, 35.367916519 ], [ 137.262500274, 35.367916518 ], [ 137.262500274, 35.368124851 ], [ 137.262187774, 35.368124852 ], [ 137.262187774, 35.368333185 ], [ 137.262187775, 35.368541518 ], [ 137.262187775, 35.368749851 ], [ 137.261875275, 35.368749852 ], [ 137.261875275, 35.368958185 ], [ 137.261562775, 35.368958186 ], [ 137.261562775, 35.368749853 ], [ 137.261562774, 35.36854152 ], [ 137.261562774, 35.368333186 ], [ 137.261250274, 35.368333187 ], [ 137.260937774, 35.368333188 ], [ 137.260937774, 35.368541521 ], [ 137.260937774, 35.368749854 ], [ 137.260937775, 35.368958187 ], [ 137.260937775, 35.36916652 ], [ 137.261250275, 35.36916652 ], [ 137.261562775, 35.369166519 ], [ 137.261562775, 35.369374852 ], [ 137.261562776, 35.369583185 ] ] ] } },
{ "type": "Feature", "properties": { "A31a_301": "8505080001", "A31a_302": "土岐川", "A31a_303": "21", "A31a_304": "岐阜県", "A31a_305": 1 }, "geometry": { "type": "Polygon", "coordinates": [ [ [ 137.26031278, 35.373333184 ], [ 137.26000028, 35.373333185 ], [ 137.26000028, 35.373541518 ], [ 137.260000281, 35.373749851 ], [ 137.260312781, 35.37374985 ], [ 137.26031278, 35.373541517 ], [ 137.26031278, 35.373333184 ] ] ] } },
{ "type": "Feature", "properties": { "A31a_301": "8505080001", "A31a_302": "土岐川", "A31a_303": "21", "A31a_304": "岐阜県", "A31a_305": 1 }, "geometry": { "type": "Polygon", "coordinates": [ [ [ 137.262500287, 35.377916508 ], [ 137.262500287, 35.377708175 ], [ 137.262500287, 35.377499842 ], [ 137.262500286, 35.377291509 ], [ 137.262187786, 35.377291509 ], [ 137.262187787, 35.377499843 ], [ 137.262187787, 35.377708176 ], [ 137.262187787, 35.377916509 ], [ 137.262500287, 35.377916508 ] ] ] } },
{ "type": "Feature", "properties": { "A31a_301": "8505080001", "A31a_302": "土岐川", "A31a_303": "21", "A31a_304": "岐阜県", "A31a_305": 1 }, "geometry": { "type": "Polygon", "coordinates": [ [ [ 137.262812788, 35.378333174 ], [ 137.262812788, 35.378124841 ], [ 137.262812787, 35.377916507 ], [ 137.262500287, 35.377916508 ], [ 137.262500288, 35.378124841 ], [ 137.262500288, 35.378333174 ], [ 137.262812788, 35.378333174 ] ] ] } },
{ "type": "Feature", "properties": { "A31a_301": "8505080001", "A31a_302": "土岐川", "A31a_303": "21", "A31a_304": "岐阜県", "A31a_305": 1 }, "geometry": { "type": "Polygon", "coordinates": [ [ [ 137.264062791, 35.380208169 ], [ 137.264062791, 35.379999836 ], [ 137.26406279, 35.379791502 ], [ 137.26375029, 35.379791503 ], [ 137.263750291, 35.379999836 ], [ 137.263750291, 35.38020817 ], [ 137.264062791, 35.380208169 ] ] ] } },
{ "type": "Feature", "properties": { "A31a_301": "8505080001", "A31a_302": "土岐川", "A31a_303": "21", "A31a_304": "岐阜県", "A31a_305": 1 }, "geometry": { "type": "Polygon", "coordinates": [ [ [ 137.264062791, 35.380208169 ], [ 137.264062791, 35.380416502 ], [ 137.264375291, 35.380416501 ], [ 137.264375291, 35.380208168 ], [ 137.264062791, 35.380208169 ] ] ] } },
{ "type": "Feature", "properties": { "A31a_301": "8505080001", "A31a_302": "土岐川", "A31a_303": "21", "A31a_304": "岐阜県", "A31a_305": 1 }, "geometry": { "type": "Polygon", "coordinates": [ [ [ 137.266875296, 35.382708159 ], [ 137.266875295, 35.382499826 ], [ 137.266875295, 35.382291493 ], [ 137.266875295, 35.38208316 ], [ 137.266875294, 35.381874827 ], [ 137.266562794, 35.381874828 ], [ 137.266562794, 35.381666495 ], [ 137.266562794, 35.381458161 ], [ 137.266562793, 35.381249828 ], [ 137.266562793, 35.381041495 ], [ 137.266250293, 35.381041496 ], [ 137.266250293, 35.380833163 ], [ 137.266250292, 35.38062483 ], [ 137.266250292, 35.380416497 ], [ 137.265937792, 35.380416497 ], [ 137.265937792, 35.380208164 ], [ 137.265937792, 35.379999831 ], [ 137.265625291, 35.379999832 ], [ 137.265625291, 35.379791499 ], [ 137.265625291, 35.379583166 ], [ 137.265625291, 35.379374832 ], [ 137.26531279, 35.379374833 ], [ 137.26531279, 35.3791665 ], [ 137.26531279, 35.378958167 ], [ 137.26531279, 35.378749834 ], [ 137.265000289, 35.378749835 ], [ 137.265000289, 35.378541501 ], [ 137.265000289, 35.378333168 ], [ 137.265000289, 35.378124835 ], [ 137.265000288, 35.377916502 ], [ 137.265000288, 35.377708169 ], [ 137.264687788, 35.37770817 ], [ 137.264687788, 35.377499837 ], [ 137.264687787, 35.377291503 ], [ 137.264687787, 35.37708317 ], [ 137.264687787, 35.376874837 ], [ 137.264687787, 35.376666504 ], [ 137.264687786, 35.376458171 ], [ 137.264375286, 35.376458172 ], [ 137.264375286, 35.376249839 ], [ 137.264375286, 35.376041505 ], [ 137.264375285, 35.375833172 ], [ 137.264062785, 35.375833173 ], [ 137.264062785, 35.37562484 ], [ 137.264062785, 35.375416507 ], [ 137.264062784, 35.375208174 ], [ 137.263750284, 35.375208175 ], [ 137.263750284, 35.374999841 ], [ 137.263750284, 35.374791508 ], [ 137.263437783, 35.374791509 ], [ 137.263437783, 35.374583176 ], [ 137.263437783, 35.374374843 ], [ 137.263125283, 35.374374844 ], [ 137.263125282, 35.37416651 ], [ 137.263125282, 35.373958177 ], [ 137.262812782, 35.373958178 ], [ 137.262812782, 35.373749845 ], [ 137.262812782, 35.373541512 ], [ 137.262500281, 35.373541513 ], [ 137.262500282, 35.373749846 ], [ 137.262500282, 35.373958179 ], [ 137.262187782, 35.373958179 ], [ 137.262187782, 35.373749846 ], [ 137.262187781, 35.373541513 ], [ 137.262500281, 35.373541513 ], [ 137.262500281, 35.373333179 ], [ 137.262187781, 35.37333318 ], [ 137.262187781, 35.373124847 ], [ 137.26218778, 35.372916514 ], [ 137.26187528, 35.372916514 ], [ 137.26187528, 35.372708181 ], [ 137.26156278, 35.372708182 ], [ 137.26156278, 35.372499849 ], [ 137.261562779, 35.372291516 ], [ 137.261250279, 35.372291516 ], [ 137.261250279, 35.372083183 ], [ 137.261250279, 35.37187485 ], [ 137.260937778, 35.371874851 ], [ 137.260937778, 35.371666518 ], [ 137.260937778, 35.371458185 ], [ 137.260625278, 35.371458185 ], [ 137.260625277, 35.371249852 ], [ 137.260625277, 35.371041519 ], [ 137.260312777, 35.37104152 ], [ 137.260312777, 35.370833187 ], [ 137.260312777, 35.370624853 ], [ 137.260000276, 35.370624854 ], [ 137.260000276, 35.370416521 ], [ 137.260000276, 35.370208188 ], [ 137.260000276, 35.369999855 ], [ 137.260000275, 35.369791522 ], [ 137.259687775, 35.369791522 ], [ 137.259687775, 35.369583189 ], [ 137.259687775, 35.369374856 ], [ 137.259687774, 35.369166523 ], [ 137.259687774, 35.36895819 ], [ 137.259687774, 35.368749857 ], [ 137.259375274, 35.368749857 ], [ 137.259375273, 35.368541524 ], [ 137.259375273, 35.368333191 ], [ 137.259375273, 35.368124858 ], [ 137.259375273, 35.367916525 ], [ 137.259062772, 35.367916526 ], [ 137.259062772, 35.367708193 ], [ 137.259062772, 35.36749986 ], [ 137.259062772, 35.367291526 ], [ 137.258750271, 35.367291527 ], [ 137.258750271, 35.367083194 ], [ 137.258750271, 35.366874861 ], [ 137.258750271, 35.366666528 ], [ 137.25875027, 35.366458195 ], [ 137.25875027, 35.366249862 ], [ 137.25843777, 35.366249862 ], [ 137.25843777, 35.36604153 ], [ 137.258437769, 35.365833197 ], [ 137.258125269, 35.365833197 ], [ 137.258125269, 35.365624864 ], [ 137.258125269, 35.365416531 ], [ 137.257812769, 35.365416532 ], [ 137.257812768, 35.365208199 ], [ 137.257500268, 35.3652082 ], [ 137.257500269, 35.365416533 ], [ 137.257187768, 35.365416533 ], [ 137.256875268, 35.365416534 ], [ 137.256875268, 35.365208201 ], [ 137.256562768, 35.365208202 ], [ 137.256562768, 35.364999869 ], [ 137.256875268, 35.364999868 ], [ 137.256875268, 35.364791535 ], [ 137.257187768, 35.364791534 ], [ 137.257187767, 35.364583201 ], [ 137.257187767, 35.364374868 ], [ 137.256875267, 35.364374869 ], [ 137.256875267, 35.364166536 ], [ 137.256562767, 35.364166537 ], [ 137.256562766, 35.363958204 ], [ 137.256250266, 35.363958205 ], [ 137.255937766, 35.363958205 ], [ 137.255937766, 35.363749872 ], [ 137.255625266, 35.363749873 ], [ 137.255312766, 35.363749874 ], [ 137.255000265, 35.363749874 ], [ 137.254687765, 35.363749875 ], [ 137.254687765, 35.363541542 ], [ 137.254375265, 35.363541543 ], [ 137.254062765, 35.363541543 ], [ 137.253750264, 35.363541544 ], [ 137.253437764, 35.363541545 ], [ 137.253125264, 35.363541545 ], [ 137.252812764, 35.363541546 ], [ 137.252500264, 35.363541547 ], [ 137.252187764, 35.363541548 ], [ 137.252187764, 35.363749881 ], [ 137.251875264, 35.363749881 ], [ 137.251875264, 35.363958214 ], [ 137.251875264, 35.364166547 ], [ 137.251562764, 35.364166548 ], [ 137.251562764, 35.364374881 ], [ 137.251562765, 35.364583214 ], [ 137.251875265, 35.364583213 ], [ 137.251875265, 35.364791546 ], [ 137.251875265, 35.364999879 ], [ 137.251875266, 35.365208212 ], [ 137.251875266, 35.365416545 ], [ 137.251875266, 35.365624878 ], [ 137.251875266, 35.365833211 ], [ 137.251875267, 35.366041544 ], [ 137.252187767, 35.366041543 ], [ 137.252187767, 35.366249876 ], [ 137.252187767, 35.366458209 ], [ 137.252187768, 35.366666542 ], [ 137.252187768, 35.366874875 ], [ 137.252187768, 35.367083208 ], [ 137.252187768, 35.367291542 ], [ 137.252187769, 35.367499875 ], [ 137.252187769, 35.367708208 ], [ 137.251875269, 35.367708208 ], [ 137.251875269, 35.367916541 ], [ 137.251562769, 35.367916542 ], [ 137.251562769, 35.368124875 ], [ 137.251250269, 35.368124876 ], [ 137.251250269, 35.368333209 ], [ 137.25125027, 35.368541542 ], [ 137.25093777, 35.368541543 ], [ 137.25093777, 35.368749876 ], [ 137.25062527, 35.368749876 ], [ 137.25031277, 35.368749877 ], [ 137.25031277, 35.36895821 ], [ 137.25000027, 35.368958211 ], [ 137.24968777, 35.368958211 ], [ 137.249375269, 35.368958212 ], [ 137.249062769, 35.368958212 ], [ 137.248750269, 35.368958213 ], [ 137.248750269, 35.369166546 ], [ 137.248437769, 35.369166547 ], [ 137.248125269, 35.369166547 ], [ 137.247812769, 35.369166548 ], [ 137.247812769, 35.368958215 ], [ 137.247500269, 35.368958215 ], [ 137.247187768, 35.368958216 ], [ 137.246875268, 35.368958216 ], [ 137.246875268, 35.368749883 ], [ 137.246562768, 35.368749884 ], [ 137.246250268, 35.368749884 ], [ 137.246250268, 35.368541551 ], [ 137.245937767, 35.368541552 ], [ 137.245625267, 35.368541552 ], [ 137.245625267, 35.368333219 ], [ 137.245312767, 35.36833322 ], [ 137.245312767, 35.368124887 ], [ 137.245000266, 35.368124888 ], [ 137.245000266, 35.367916554 ], [ 137.244687766, 35.367916555 ], [ 137.244375266, 35.367916556 ], [ 137.244375266, 35.367708223 ], [ 137.244062765, 35.367708223 ], [ 137.244062765, 35.36749989 ], [ 137.243750265, 35.367499891 ], [ 137.243437765, 35.367499891 ], [ 137.243437765, 35.367291558 ], [ 137.243125264, 35.367291559 ], [ 137.242812764, 35.367291559 ], [ 137.242812764, 35.367083226 ], [ 137.242500264, 35.367083227 ], [ 137.242187764, 35.367083227 ], [ 137.241875264, 35.367083228 ], [ 137.241875263, 35.366874895 ], [ 137.241562763, 35.366874895 ], [ 137.241250263, 35.366874896 ], [ 137.241250263, 35.366666563 ], [ 137.240937763, 35.366666563 ], [ 137.240625263, 35.366666564 ], [ 137.240312762, 35.366666564 ], [ 137.240312762, 35.366458231 ], [ 137.240000262, 35.366458232 ], [ 137.239687762, 35.366458233 ], [ 137.239687762, 35.3662499 ], [ 137.239375261, 35.3662499 ], [ 137.239062761, 35.366249901 ], [ 137.239062761, 35.366041568 ], [ 137.238750261, 35.366041568 ], [ 137.238750261, 35.365833235 ], [ 137.23843776, 35.365833236 ], [ 137.23843776, 35.365624903 ], [ 137.23843776, 35.36541657 ], [ 137.23812526, 35.36541657 ], [ 137.238125259, 35.365208237 ], [ 137.237812759, 35.365208238 ], [ 137.237812759, 35.364999905 ], [ 137.237500259, 35.364999906 ], [ 137.237500259, 35.364791573 ], [ 137.237500258, 35.36458324 ], [ 137.237500258, 35.364374907 ], [ 137.237187758, 35.364374907 ], [ 137.237187758, 35.364166574 ], [ 137.237187757, 35.363958241 ], [ 137.236875257, 35.363958242 ], [ 137.236875257, 35.363749909 ], [ 137.236875257, 35.363541576 ], [ 137.236875256, 35.363333243 ], [ 137.236562756, 35.363333243 ], [ 137.236562756, 35.36312491 ], [ 137.236562756, 35.362916577 ], [ 137.236562756, 35.362708244 ], [ 137.236250255, 35.362708245 ], [ 137.236250255, 35.362499912 ], [ 137.236250255, 35.362291579 ], [ 137.235937755, 35.362291579 ], [ 137.235937754, 35.362083246 ], [ 137.235937754, 35.361874913 ], [ 137.235625254, 35.361874914 ], [ 137.235625254, 35.361666581 ], [ 137.235625254, 35.361458248 ], [ 137.235312753, 35.361458248 ], [ 137.235312753, 35.361249915 ], [ 137.235000253, 35.361249916 ], [ 137.234687753, 35.361249916 ], [ 137.234375253, 35.361249917 ], [ 137.234062753, 35.361249917 ], [ 137.233750253, 35.361249918 ], [ 137.233437753, 35.361249918 ], [ 137.233437753, 35.361458251 ], [ 137.233125253, 35.361458252 ], [ 137.232812753, 35.361458252 ], [ 137.232500253, 35.361458253 ], [ 137.232500253, 35.361666586 ], [ 137.232187753, 35.361666586 ], [ 137.231875253, 35.361666587 ], [ 137.231875253, 35.36187492 ], [ 137.231562753, 35.36187492 ], [ 137.231250253, 35.36187492 ], [ 137.230937753, 35.361874921 ], [ 137.230937753, 35.362083254 ], [ 137.230625253, 35.362083254 ], [ 137.230312753, 35.362083255 ], [ 137.230312753, 35.362291588 ], [ 137.230000253, 35.362291588 ], [ 137.229687753, 35.362291589 ], [ 137.229687753, 35.362499922 ], [ 137.229375253, 35.362499922 ], [ 137.229062753, 35.362499923 ], [ 137.228750253, 35.362499923 ], [ 137.228750253, 35.362708256 ], [ 137.228437753, 35.362708257 ], [ 137.228125253, 35.362708257 ], [ 137.228125253, 35.36291659 ], [ 137.227812753, 35.362916591 ], [ 137.227500253, 35.362916591 ], [ 137.227187753, 35.362916592 ], [ 137.227187753, 35.363124925 ], [ 137.226875253, 35.363124925 ], [ 137.226562753, 35.363124926 ], [ 137.226250252, 35.363124926 ], [ 137.225937752, 35.363124927 ], [ 137.225937753, 35.36333326 ], [ 137.225625252, 35.36333326 ], [ 137.225312752, 35.363333261 ], [ 137.225312753, 35.363541594 ], [ 137.225000252, 35.363541594 ], [ 137.225000253, 35.363749927 ], [ 137.224687753, 35.363749927 ], [ 137.224687753, 35.36395826 ], [ 137.224375253, 35.363958261 ], [ 137.224375253, 35.364166594 ], [ 137.224375253, 35.364374927 ], [ 137.224375253, 35.36458326 ], [ 137.224375254, 35.364791593 ], [ 137.224062753, 35.364791593 ], [ 137.224062754, 35.364999926 ], [ 137.224062754, 35.365208259 ], [ 137.223750254, 35.36520826 ], [ 137.223750254, 35.365416593 ], [ 137.223750254, 35.365624926 ], [ 137.224062754, 35.365624925 ], [ 137.224062754, 35.365416592 ], [ 137.224375254, 35.365416592 ], [ 137.224687754, 35.365416591 ], [ 137.224687754, 35.365624924 ], [ 137.224375254, 35.365624925 ], [ 137.224375255, 35.365833258 ], [ 137.224687755, 35.365833257 ], [ 137.225000255, 35.365833257 ], [ 137.225312755, 35.365833256 ], [ 137.225625255, 35.365833256 ], [ 137.225937755, 35.365833255 ], [ 137.225937755, 35.365624922 ], [ 137.226250255, 35.365624922 ], [ 137.226250255, 35.365416589 ], [ 137.226250255, 35.365208256 ], [ 137.226562755, 35.365208256 ], [ 137.226562755, 35.364999923 ], [ 137.226875255, 35.364999922 ], [ 137.226875254, 35.364791589 ], [ 137.227187755, 35.364791589 ], [ 137.227500255, 35.364791588 ], [ 137.227500254, 35.364583255 ], [ 137.227500254, 35.364374922 ], [ 137.227187754, 35.364374923 ], [ 137.226875254, 35.364374923 ], [ 137.226875254, 35.36416659 ], [ 137.227187754, 35.36416659 ], [ 137.227500254, 35.364166589 ], [ 137.227500254, 35.363958256 ], [ 137.227812754, 35.363958256 ], [ 137.228125254, 35.363958255 ], [ 137.228437754, 35.363958255 ], [ 137.228750254, 35.363958254 ], [ 137.228750254, 35.363749921 ], [ 137.229062754, 35.363749921 ], [ 137.229375254, 35.36374992 ], [ 137.229687754, 35.36374992 ], [ 137.229687755, 35.363958253 ], [ 137.230000255, 35.363958252 ], [ 137.230312755, 35.363958252 ], [ 137.230625255, 35.363958251 ], [ 137.230625255, 35.364166584 ], [ 137.230937755, 35.364166584 ], [ 137.231250255, 35.364166583 ], [ 137.231250256, 35.364374916 ], [ 137.231562756, 35.364374916 ], [ 137.231875256, 35.364374915 ], [ 137.231875256, 35.364583248 ], [ 137.232187756, 35.364583248 ], [ 137.232500256, 35.364583247 ], [ 137.232500257, 35.36479158 ], [ 137.232812757, 35.36479158 ], [ 137.233125257, 35.364791579 ], [ 137.233125257, 35.364999912 ], [ 137.233437757, 35.364999912 ], [ 137.233750257, 35.364999911 ], [ 137.233750258, 35.365208244 ], [ 137.234062758, 35.365208244 ], [ 137.234062758, 35.365416577 ], [ 137.234375258, 35.365416576 ], [ 137.234375258, 35.365624909 ], [ 137.234062758, 35.36562491 ], [ 137.233750258, 35.36562491 ], [ 137.233750258, 35.365416577 ], [ 137.233750258, 35.365208244 ], [ 137.233437758, 35.365208245 ], [ 137.233125257, 35.365208245 ], [ 137.233125257, 35.364999912 ], [ 137.232812757, 35.364999913 ], [ 137.232500257, 35.364999913 ], [ 137.232500257, 35.36479158 ], [ 137.232187757, 35.364791581 ], [ 137.231875256, 35.364791581 ], [ 137.231875256, 35.364583248 ], [ 137.231562756, 35.364583249 ], [ 137.231250256, 35.364583249 ], [ 137.231250256, 35.364374916 ], [ 137.230937756, 35.364374917 ], [ 137.230625255, 35.364374917 ], [ 137.230625255, 35.364166584 ], [ 137.230312755, 35.364166585 ], [ 137.230000255, 35.364166585 ], [ 137.229687755, 35.364166586 ], [ 137.229687755, 35.363958253 ], [ 137.229375254, 35.363958253 ], [ 137.229062754, 35.363958254 ], [ 137.228750254, 35.363958254 ], [ 137.228750254, 35.364166587 ], [ 137.228437754, 35.364166588 ], [ 137.228125254, 35.364166588 ], [ 137.228125254, 35.364374921 ], [ 137.228125255, 35.364583254 ], [ 137.228437755, 35.364583254 ], [ 137.228437755, 35.364791587 ], [ 137.228750255, 35.364791586 ], [ 137.228750255, 35.364999919 ], [ 137.229062756, 35.364999919 ], [ 137.229375256, 35.364999918 ], [ 137.229687756, 35.364999918 ], [ 137.230000256, 35.364999917 ], [ 137.230312756, 35.364999917 ], [ 137.230312756, 35.36520825 ], [ 137.230625256, 35.365208249 ], [ 137.230625257, 35.365416582 ], [ 137.230937757, 35.365416582 ], [ 137.231250257, 35.365416581 ], [ 137.231562757, 35.365416581 ], [ 137.231875257, 35.36541658 ], [ 137.232187757, 35.36541658 ], [ 137.232187757, 35.365208247 ], [ 137.232500257, 35.365208246 ], [ 137.232500257, 35.365416579 ], [ 137.232187757, 35.36541658 ], [ 137.232187758, 35.365624913 ], [ 137.232187758, 35.365833246 ], [ 137.232500258, 35.365833245 ], [ 137.232500258, 35.366041578 ], [ 137.232500258, 35.366249911 ], [ 137.232812759, 35.366249911 ], [ 137.233125259, 35.36624991 ], [ 137.233125258, 35.366041577 ], [ 137.233125258, 35.365833244 ], [ 137.233437758, 35.365833244 ], [ 137.233750258, 35.365833243 ], [ 137.234062759, 35.365833243 ], [ 137.234375259, 35.365833242 ], [ 137.234687759, 35.365833242 ], [ 137.235000259, 35.365833241 ], [ 137.235312759, 35.365833241 ], [ 137.235625259, 35.36583324 ], [ 137.235625259, 35.366041573 ], [ 137.23593776, 35.366041573 ], [ 137.23593776, 35.366249906 ], [ 137.23593776, 35.366458239 ], [ 137.23593776, 35.366666572 ], [ 137.236250261, 35.366666571 ], [ 137.236250261, 35.366874904 ], [ 137.236250261, 35.367083238 ], [ 137.236562761, 35.367083237 ], [ 137.236875261, 35.367083237 ], [ 137.236875262, 35.36729157 ], [ 137.237187762, 35.367291569 ], [ 137.237500262, 35.367291569 ], [ 137.237812762, 35.367291568 ], [ 137.237812762, 35.367499901 ], [ 137.238125263, 35.367499901 ], [ 137.238437763, 35.3674999 ], [ 137.238437762, 35.367291567 ], [ 137.238750263, 35.367291566 ], [ 137.238750262, 35.367083233 ], [ 137.239062762, 35.367083233 ], [ 137.239062763, 35.367291566 ], [ 137.239375263, 35.367291565 ], [ 137.239687763, 35.367291565 ], [ 137.240000263, 35.367291564 ], [ 137.240000263, 35.367499897 ], [ 137.240312763, 35.367499897 ], [ 137.240625264, 35.367499896 ], [ 137.240625264, 35.367708229 ], [ 137.240937764, 35.367708229 ], [ 137.241250264, 35.367708228 ], [ 137.241250264, 35.367916561 ], [ 137.241250265, 35.368124894 ], [ 137.241562765, 35.368124894 ], [ 137.241562765, 35.368333227 ], [ 137.241875265, 35.368333226 ], [ 137.242187765, 35.368333226 ], [ 137.242187766, 35.368541559 ], [ 137.242500266, 35.368541558 ], [ 137.242500266, 35.368749891 ], [ 137.242812766, 35.368749891 ], [ 137.243125266, 35.36874989 ], [ 137.243125267, 35.368958223 ], [ 137.243437767, 35.368958222 ], [ 137.243750267, 35.368958222 ], [ 137.244062767, 35.368958221 ], [ 137.244375267, 35.368958221 ], [ 137.244687767, 35.36895822 ], [ 137.244687768, 35.369166553 ], [ 137.244687768, 35.369374886 ], [ 137.245000268, 35.369374886 ], [ 137.245000268, 35.369583219 ], [ 137.245312768, 35.369583218 ], [ 137.245312769, 35.369791551 ], [ 137.245625269, 35.369791551 ], [ 137.245625269, 35.369999884 ], [ 137.245937769, 35.369999883 ], [ 137.246250269, 35.369999883 ], [ 137.24625027, 35.370208216 ], [ 137.24656277, 35.370208215 ], [ 137.24687527, 35.370208215 ], [ 137.24718777, 35.370208214 ], [ 137.24750027, 35.370208214 ], [ 137.24781277, 35.370208213 ], [ 137.248125271, 35.370208213 ], [ 137.248437771, 35.370208212 ], [ 137.248750271, 35.370208211 ], [ 137.248750271, 35.369999878 ], [ 137.24875027, 35.369791545 ], [ 137.24906277, 35.369791545 ], [ 137.249375271, 35.369791544 ], [ 137.249375271, 35.369999877 ], [ 137.249375271, 35.37020821 ], [ 137.249375271, 35.370416543 ], [ 137.249687772, 35.370416543 ], [ 137.250000272, 35.370416542 ], [ 137.250000272, 35.370624875 ], [ 137.250312772, 35.370624875 ], [ 137.250625272, 35.370624874 ], [ 137.250937772, 35.370624873 ], [ 137.251250273, 35.370624873 ], [ 137.251562773, 35.370624872 ], [ 137.251562772, 35.370416539 ], [ 137.251875273, 35.370416538 ], [ 137.252187773, 35.370416538 ], [ 137.252500273, 35.370416537 ], [ 137.252500272, 35.370208204 ], [ 137.252812773, 35.370208203 ], [ 137.253125273, 35.370208203 ], [ 137.253437773, 35.370208202 ], [ 137.253437773, 35.369999869 ], [ 137.253750273, 35.369999868 ], [ 137.253750273, 35.369791535 ], [ 137.254062773, 35.369791534 ], [ 137.254375273, 35.369791534 ], [ 137.254375273, 35.369583201 ], [ 137.254375272, 35.369374868 ], [ 137.254687772, 35.369374867 ], [ 137.254687772, 35.369166534 ], [ 137.255000272, 35.369166533 ], [ 137.255000272, 35.3689582 ], [ 137.255312772, 35.368958199 ], [ 137.255625272, 35.368958199 ], [ 137.255937772, 35.368958198 ], [ 137.255937772, 35.368749865 ], [ 137.256250272, 35.368749864 ], [ 137.256562772, 35.368749864 ], [ 137.256562773, 35.368958197 ], [ 137.256875273, 35.368958196 ], [ 137.257187773, 35.368958195 ], [ 137.257500273, 35.368958195 ], [ 137.257500273, 35.369166528 ], [ 137.257812773, 35.369166527 ], [ 137.257812774, 35.36937486 ], [ 137.258125274, 35.369374859 ], [ 137.258125274, 35.369583193 ], [ 137.258125274, 35.369791526 ], [ 137.258437775, 35.369791525 ], [ 137.258437775, 35.369999858 ], [ 137.258437775, 35.370208191 ], [ 137.258750275, 35.370208191 ], [ 137.258750276, 35.370416524 ], [ 137.258750276, 35.370624857 ], [ 137.258437776, 35.370624857 ], [ 137.258437776, 35.370833191 ], [ 137.258437776, 35.371041524 ], [ 137.258437777, 35.371249857 ], [ 137.258437777, 35.37145819 ], [ 137.258125277, 35.37145819 ], [ 137.258125277, 35.371666524 ], [ 137.258125277, 35.371874857 ], [ 137.258437777, 35.371874856 ], [ 137.258437778, 35.372083189 ], [ 137.258437778, 35.372291522 ], [ 137.258437778, 35.372499855 ], [ 137.258750278, 35.372499855 ], [ 137.258750279, 35.372708188 ], [ 137.259062779, 35.372708187 ], [ 137.259375279, 35.372708187 ], [ 137.259687779, 35.372708186 ], [ 137.259687779, 35.372499853 ], [ 137.259687778, 35.37229152 ], [ 137.260000279, 35.372291519 ], [ 137.260000279, 35.372499852 ], [ 137.260000279, 35.372708185 ], [ 137.260000279, 35.372916518 ], [ 137.26031278, 35.372916518 ], [ 137.26031278, 35.373124851 ], [ 137.26031278, 35.373333184 ], [ 137.26062528, 35.373333183 ], [ 137.260625281, 35.373541516 ], [ 137.260625281, 35.37374985 ], [ 137.260937781, 35.373749849 ], [ 137.260937781, 35.373958182 ], [ 137.260937782, 35.374166515 ], [ 137.260937782, 35.374374848 ], [ 137.260625282, 35.374374849 ], [ 137.260312782, 35.374374849 ], [ 137.260312782, 35.374583183 ], [ 137.260312782, 35.374791516 ], [ 137.260312782, 35.374999849 ], [ 137.260312783, 35.375208182 ], [ 137.260625283, 35.375208181 ], [ 137.260625282, 35.374999848 ], [ 137.260625282, 35.374791515 ], [ 137.260625282, 35.374583182 ], [ 137.260937782, 35.374583181 ], [ 137.260937782, 35.374791514 ], [ 137.260937783, 35.374999848 ], [ 137.260937783, 35.375208181 ], [ 137.260625283, 35.375208181 ], [ 137.260625283, 35.375416514 ], [ 137.260625283, 35.375624848 ], [ 137.260625284, 35.375833181 ], [ 137.260625284, 35.376041514 ], [ 137.260625284, 35.376249847 ], [ 137.260937784, 35.376249846 ], [ 137.260937785, 35.376458179 ], [ 137.260937785, 35.376666513 ], [ 137.260937785, 35.376874846 ], [ 137.261250285, 35.376874845 ], [ 137.261250285, 35.377083178 ], [ 137.261562786, 35.377083178 ], [ 137.261875286, 35.377083177 ], [ 137.261875286, 35.376874844 ], [ 137.261875285, 35.376666511 ], [ 137.261875285, 35.376458178 ], [ 137.261875285, 35.376249844 ], [ 137.261562785, 35.376249845 ], [ 137.261562784, 35.376041512 ], [ 137.261562784, 35.375833179 ], [ 137.261562784, 35.375624846 ], [ 137.261875284, 35.375624845 ], [ 137.262187784, 35.375624844 ], [ 137.262187784, 35.375833178 ], [ 137.261875284, 35.375833178 ], [ 137.261875284, 35.376041511 ], [ 137.261875285, 35.376249844 ], [ 137.262187785, 35.376249844 ], [ 137.262187785, 35.376458177 ], [ 137.262500285, 35.376458176 ], [ 137.262500286, 35.376666509 ], [ 137.262500286, 35.376874843 ], [ 137.262500286, 35.377083176 ], [ 137.262500286, 35.377291509 ], [ 137.262812787, 35.377291508 ], [ 137.262812787, 35.377499841 ], [ 137.262812787, 35.377708174 ], [ 137.262812787, 35.377916507 ], [ 137.263125287, 35.377916507 ], [ 137.263125288, 35.37812484 ], [ 137.263125288, 35.378333173 ], [ 137.262812788, 35.378333174 ], [ 137.262812788, 35.378541507 ], [ 137.262812788, 35.37874984 ], [ 137.262812789, 35.378958173 ], [ 137.262812789, 35.379166506 ], [ 137.263125289, 35.379166505 ], [ 137.263125289, 35.379374839 ], [ 137.26312529, 35.379583172 ], [ 137.26343779, 35.379583171 ], [ 137.26343779, 35.379791504 ], [ 137.26375029, 35.379791503 ], [ 137.26375029, 35.37958317 ], [ 137.26375029, 35.379374837 ], [ 137.26343779, 35.379374838 ], [ 137.263437789, 35.379166505 ], [ 137.263437789, 35.378958172 ], [ 137.263750289, 35.378958171 ], [ 137.263750289, 35.379166504 ], [ 137.26406279, 35.379166503 ], [ 137.264062789, 35.37895817 ], [ 137.264062789, 35.378749837 ], [ 137.264375289, 35.378749836 ], [ 137.264375289, 35.378958169 ], [ 137.26437529, 35.379166502 ], [ 137.26406279, 35.379166503 ], [ 137.26406279, 35.379374836 ], [ 137.26437529, 35.379374835 ], [ 137.26468779, 35.379374835 ], [ 137.26468779, 35.379583168 ], [ 137.264687791, 35.379791501 ], [ 137.264687791, 35.379999834 ], [ 137.265000291, 35.379999833 ], [ 137.265000291, 35.380208166 ], [ 137.265000292, 35.3804165 ], [ 137.265312792, 35.380416499 ], [ 137.265312792, 35.380624832 ], [ 137.265312792, 35.380833165 ], [ 137.265312793, 35.381041498 ], [ 137.265625293, 35.381041497 ], [ 137.265625293, 35.381249831 ], [ 137.265625293, 35.381458164 ], [ 137.265625294, 35.381666497 ], [ 137.265625294, 35.38187483 ], [ 137.265937794, 35.381874829 ], [ 137.265937794, 35.382083162 ], [ 137.266250294, 35.382083162 ], [ 137.266250295, 35.382291495 ], [ 137.266250295, 35.382499828 ], [ 137.266562795, 35.382499827 ], [ 137.266562795, 35.38270816 ], [ 137.266875296, 35.382708159 ] ], [ [ 137.263437789, 35.378749838 ], [ 137.263125289, 35.378749839 ], [ 137.263125288, 35.378541506 ], [ 137.263437788, 35.378541505 ], [ 137.263437789, 35.378749838 ] ], [ [ 137.263125287, 35.37749984 ], [ 137.263125287, 35.377291507 ], [ 137.263437787, 35.377291507 ], [ 137.263437787, 35.37749984 ], [ 137.263437787, 35.377708173 ], [ 137.263125287, 35.377708174 ], [ 137.263125287, 35.37749984 ] ], [ [ 137.262812786, 35.376666509 ], [ 137.263125286, 35.376666508 ], [ 137.263125286, 35.376874841 ], [ 137.263125286, 35.377083174 ], [ 137.262812786, 35.377083175 ], [ 137.262812786, 35.376874842 ], [ 137.262812786, 35.376666509 ] ], [ [ 137.236562761, 35.366874904 ], [ 137.236562761, 35.366666571 ], [ 137.23656276, 35.366458238 ], [ 137.236875261, 35.366458237 ], [ 137.236875261, 35.36666657 ], [ 137.236875261, 35.366874903 ], [ 137.236562761, 35.366874904 ] ], [ [ 137.23687526, 35.366249904 ], [ 137.23687526, 35.366041571 ], [ 137.23687526, 35.365833238 ], [ 137.23718776, 35.365833238 ], [ 137.23718776, 35.366041571 ], [ 137.23718776, 35.366249904 ], [ 137.23687526, 35.366249904 ] ], [ [ 137.232812758, 35.365416579 ], [ 137.233125258, 35.365416578 ], [ 137.233125258, 35.365624911 ], [ 137.232812758, 35.365624912 ], [ 137.232812758, 35.365416579 ] ], [ [ 137.23718776, 35.365624905 ], [ 137.237187759, 35.365416572 ], [ 137.237187759, 35.365208239 ], [ 137.237500259, 35.365208239 ], [ 137.237500259, 35.365416572 ], [ 137.23750026, 35.365624905 ], [ 137.23718776, 35.365624905 ] ], [ [ 137.257187773, 35.368749862 ], [ 137.257187772, 35.368541529 ], [ 137.256875272, 35.36854153 ], [ 137.256562772, 35.36854153 ], [ 137.256562772, 35.368333197 ], [ 137.256875272, 35.368333197 ], [ 137.256875272, 35.368124864 ], [ 137.257187772, 35.368124863 ], [ 137.257500272, 35.368124862 ], [ 137.257812772, 35.368124862 ], [ 137.257812772, 35.368333195 ], [ 137.257812773, 35.368541528 ], [ 137.257812773, 35.368749861 ], [ 137.257500273, 35.368749862 ], [ 137.257187773, 35.368749862 ] ] ] } },
{ "type": "Feature", "properties": { "A31a_301": "8505080001", "A31a_302": "土岐川", "A31a_303": "21", "A31a_304": "岐阜県", "A31a_305": 1 }, "geometry": { "type": "Polygon", "coordinates": [ [ [ 137.266875296, 35.382708159 ], [ 137.266875296, 35.382916492 ], [ 137.266875296, 35.383124826 ], [ 137.267187796, 35.383124825 ], [ 137.267187796, 35.382916492 ], [ 137.267187796, 35.382708159 ], [ 137.266875296, 35.382708159 ] ] ] } },
{ "type": "Feature", "properties": { "A31a_301": "8505080001", "A31a_302": "土岐川", "A31a_303": "21", "A31a_304": "岐阜県", "A31a_305": 1 }, "geometry": { "type": "Polygon", "coordinates": [ [ [ 137.271875301, 35.385208146 ], [ 137.271875301, 35.384999812 ], [ 137.271875301, 35.384791479 ], [ 137.2715628, 35.38479148 ], [ 137.2715628, 35.384583147 ], [ 137.2712503, 35.384583147 ], [ 137.2712503, 35.384791481 ], [ 137.271250301, 35.384999814 ], [ 137.271562801, 35.384999813 ], [ 137.271562801, 35.385208146 ], [ 137.271875301, 35.385208146 ] ] ] } },
{ "type": "Feature", "properties": { "A31a_301": "8505080001", "A31a_302": "土岐川", "A31a_303": "21", "A31a_304": "岐阜県", "A31a_305": 1 }, "geometry": { "type": "Polygon", "coordinates": [ [ [ 137.2712503, 35.384583147 ], [ 137.2712503, 35.384374814 ], [ 137.271250299, 35.384166481 ], [ 137.271250299, 35.383958148 ], [ 137.271250299, 35.383749815 ], [ 137.271250299, 35.383541481 ], [ 137.270937798, 35.383541482 ], [ 137.270937798, 35.383333149 ], [ 137.270937798, 35.383124816 ], [ 137.270625298, 35.383124816 ], [ 137.270625298, 35.382916483 ], [ 137.270312797, 35.382916484 ], [ 137.270312798, 35.383124817 ], [ 137.270312798, 35.38333315 ], [ 137.270000298, 35.383333151 ], [ 137.270000298, 35.383124818 ], [ 137.270000297, 35.382916485 ], [ 137.269687797, 35.382916486 ], [ 137.269687797, 35.382708152 ], [ 137.269687797, 35.382499819 ], [ 137.269375296, 35.38249982 ], [ 137.269375296, 35.382291487 ], [ 137.269375296, 35.382083154 ], [ 137.269062796, 35.382083155 ], [ 137.269062795, 35.381874822 ], [ 137.269062795, 35.381666488 ], [ 137.268750295, 35.381666489 ], [ 137.268750295, 35.381458156 ], [ 137.268750294, 35.381249823 ], [ 137.268750294, 35.38104149 ], [ 137.269062794, 35.381041489 ], [ 137.269062794, 35.380833156 ], [ 137.269062794, 35.380624823 ], [ 137.268750294, 35.380624824 ], [ 137.268750293, 35.38041649 ], [ 137.269062793, 35.38041649 ], [ 137.269062793, 35.380208157 ], [ 137.269375293, 35.380208156 ], [ 137.269375293, 35.379999823 ], [ 137.269375293, 35.37979149 ], [ 137.269375293, 35.379583156 ], [ 137.269375292, 35.379374823 ], [ 137.269375292, 35.37916649 ], [ 137.269062792, 35.379166491 ], [ 137.269062792, 35.378958158 ], [ 137.269062791, 35.378749825 ], [ 137.268750291, 35.378749825 ], [ 137.268750291, 35.378541492 ], [ 137.268437791, 35.378541493 ], [ 137.26843779, 35.37833316 ], [ 137.26843779, 35.378124827 ], [ 137.26812529, 35.378124828 ], [ 137.26812529, 35.377916494 ], [ 137.26781279, 35.377916495 ], [ 137.267812789, 35.377708162 ], [ 137.267500289, 35.377708163 ], [ 137.267500289, 35.377916496 ], [ 137.267187789, 35.377916497 ], [ 137.266875289, 35.377916498 ], [ 137.266562789, 35.377916498 ], [ 137.266562789, 35.377708165 ], [ 137.266875289, 35.377708164 ], [ 137.266875289, 35.377499831 ], [ 137.266875288, 35.377291498 ], [ 137.266562788, 35.377291499 ], [ 137.266250288, 35.3772915 ], [ 137.266250288, 35.377083167 ], [ 137.266250287, 35.376874833 ], [ 137.266250287, 35.3766665 ], [ 137.265937787, 35.376666501 ], [ 137.265937787, 35.376874834 ], [ 137.265937788, 35.377083167 ], [ 137.265937788, 35.3772915 ], [ 137.265937788, 35.377499834 ], [ 137.265937788, 35.377708167 ], [ 137.265937789, 35.3779165 ], [ 137.265937789, 35.378124833 ], [ 137.266250289, 35.378124832 ], [ 137.266250289, 35.378333165 ], [ 137.26625029, 35.378541498 ], [ 137.26625029, 35.378749832 ], [ 137.26625029, 35.378958165 ], [ 137.26656279, 35.378958164 ], [ 137.266562791, 35.379166497 ], [ 137.266562791, 35.37937483 ], [ 137.266562791, 35.379583163 ], [ 137.266875291, 35.379583162 ], [ 137.266875292, 35.379791496 ], [ 137.266875292, 35.379999829 ], [ 137.266875292, 35.380208162 ], [ 137.267187792, 35.380208161 ], [ 137.267187793, 35.380416494 ], [ 137.267187793, 35.380624827 ], [ 137.267187793, 35.38083316 ], [ 137.267187793, 35.381041494 ], [ 137.267187794, 35.381249827 ], [ 137.267500294, 35.381249826 ], [ 137.267500294, 35.381041493 ], [ 137.267500293, 35.38083316 ], [ 137.267812793, 35.380833159 ], [ 137.268125294, 35.380833158 ], [ 137.268125294, 35.381041491 ], [ 137.268437794, 35.381041491 ], [ 137.268437794, 35.381249824 ], [ 137.268437795, 35.381458157 ], [ 137.268437795, 35.38166649 ], [ 137.268125295, 35.381666491 ], [ 137.268125294, 35.381458158 ], [ 137.267812794, 35.381458158 ], [ 137.267812794, 35.381249825 ], [ 137.267500294, 35.381249826 ], [ 137.267500294, 35.381458159 ], [ 137.267500294, 35.381666492 ], [ 137.267500295, 35.381874825 ], [ 137.267500295, 35.382083158 ], [ 137.267500295, 35.382291492 ], [ 137.267500296, 35.382499825 ], [ 137.267812796, 35.382499824 ], [ 137.268125296, 35.382499823 ], [ 137.268125296, 35.382708156 ], [ 137.268437796, 35.382708156 ], [ 137.268437797, 35.382916489 ], [ 137.268437797, 35.383124822 ], [ 137.268750297, 35.383124821 ], [ 137.268750297, 35.383333154 ], [ 137.268750298, 35.383541487 ], [ 137.268437797, 35.383541488 ], [ 137.268437797, 35.383333155 ], [ 137.268437797, 35.383124822 ], [ 137.268125297, 35.383124823 ], [ 137.267812797, 35.383124823 ], [ 137.267812797, 35.383333156 ], [ 137.267812797, 35.38354149 ], [ 137.268125297, 35.383541489 ], [ 137.268125298, 35.383749822 ], [ 137.268125298, 35.383958155 ], [ 137.268125298, 35.384166488 ], [ 137.268125298, 35.384374822 ], [ 137.268437798, 35.384374821 ], [ 137.268437799, 35.384583154 ], [ 137.268437799, 35.384791487 ], [ 137.268750299, 35.384791487 ], [ 137.268750299, 35.38499982 ], [ 137.2690628, 35.384999819 ], [ 137.2693753, 35.384999818 ], [ 137.2693753, 35.385208151 ], [ 137.2696878, 35.385208151 ], [ 137.2700003, 35.38520815 ], [ 137.2703128, 35.385208149 ], [ 137.270312801, 35.385416482 ], [ 137.270625301, 35.385416482 ], [ 137.270937801, 35.385416481 ], [ 137.270937801, 35.385208148 ], [ 137.270625301, 35.385208149 ], [ 137.2706253, 35.384999815 ], [ 137.2709378, 35.384999815 ], [ 137.2709378, 35.384791481 ], [ 137.2709378, 35.384583148 ], [ 137.2712503, 35.384583147 ] ], [ [ 137.270000299, 35.38458315 ], [ 137.270000299, 35.384374817 ], [ 137.270312799, 35.384374816 ], [ 137.2703128, 35.38458315 ], [ 137.2703128, 35.384791483 ], [ 137.2700003, 35.384791484 ], [ 137.2696878, 35.384791484 ], [ 137.269687799, 35.384583151 ], [ 137.270000299, 35.38458315 ] ] ] } },
{ "type": "Feature", "properties": { "A31a_301": "8505080001", "A31a_302": "土岐川", "A31a_303": "21", "A31a_304": "岐阜県", "A31a_305": 1 }, "geometry": { "type": "Polygon", "coordinates": [ [ [ 137.271875301, 35.385416479 ], [ 137.271562801, 35.38541648 ], [ 137.271250301, 35.38541648 ], [ 137.271250301, 35.385624813 ], [ 137.271562802, 35.385624813 ], [ 137.271875302, 35.385624812 ], [ 137.271875301, 35.385416479 ] ] ] } },
{ "type": "Feature", "properties": { "A31a_301": "8505080001", "A31a_302": "土岐川", "A31a_303": "21", "A31a_304": "岐阜県", "A31a_305": 1 }, "geometry": { "type": "Polygon", "coordinates": [ [ [ 137.271875301, 35.385208146 ], [ 137.271875301, 35.385416479 ], [ 137.272187802, 35.385416478 ], [ 137.272187802, 35.385624811 ], [ 137.272500302, 35.385624811 ], [ 137.272500302, 35.385833144 ], [ 137.272812802, 35.385833143 ], [ 137.272812803, 35.386041476 ], [ 137.273125303, 35.386041476 ], [ 137.273437803, 35.386041475 ], [ 137.273437803, 35.385833142 ], [ 137.273125302, 35.385833142 ], [ 137.273125302, 35.385624809 ], [ 137.272812802, 35.38562481 ], [ 137.272812802, 35.385416477 ], [ 137.272500302, 35.385416477 ], [ 137.272500301, 35.385208144 ], [ 137.272187801, 35.385208145 ], [ 137.271875301, 35.385208146 ] ] ] } },
{ "type": "Feature", "properties": { "A31a_301": "8505080001", "A31a_302": "土岐川", "A31a_303": "21", "A31a_304": "岐阜県", "A31a_305": 1 }, "geometry": { "type": "Polygon", "coordinates": [ [ [ 137.272500303, 35.386666477 ], [ 137.272500303, 35.386458144 ], [ 137.272187803, 35.386458144 ], [ 137.272187803, 35.386666477 ], [ 137.272500303, 35.386666477 ] ] ] } },
{ "type": "Feature", "properties": { "A31a_301": "8505080001", "A31a_302": "土岐川", "A31a_303": "21", "A31a_304": "岐阜県", "A31a_305": 1 }, "geometry": { "type": "Polygon", "coordinates": [ [ [ 137.269062802, 35.386666485 ], [ 137.269375302, 35.386666484 ], [ 137.269375302, 35.386874817 ], [ 137.269687802, 35.386874816 ], [ 137.270000303, 35.386874816 ], [ 137.270000302, 35.386666482 ], [ 137.270312802, 35.386666482 ], [ 137.270625303, 35.386666481 ], [ 137.270625302, 35.386458148 ], [ 137.270625302, 35.386249815 ], [ 137.270937802, 35.386249814 ], [ 137.270937802, 35.386041481 ], [ 137.270625302, 35.386041481 ], [ 137.270312802, 35.386041482 ], [ 137.270000301, 35.386041483 ], [ 137.270000301, 35.38583315 ], [ 137.269687801, 35.38583315 ], [ 137.269375301, 35.385833151 ], [ 137.269062801, 35.385833152 ], [ 137.2690628, 35.385624819 ], [ 137.2687503, 35.385624819 ], [ 137.2684378, 35.38562482 ], [ 137.2684378, 35.385416487 ], [ 137.2681253, 35.385416488 ], [ 137.268125299, 35.385208154 ], [ 137.268125299, 35.384999821 ], [ 137.267812799, 35.384999822 ], [ 137.267812799, 35.384791489 ], [ 137.267500299, 35.384791489 ], [ 137.267500299, 35.384999823 ], [ 137.267500299, 35.385208156 ], [ 137.267812799, 35.385208155 ], [ 137.2678128, 35.385416488 ], [ 137.2678128, 35.385624821 ], [ 137.2678128, 35.385833155 ], [ 137.2681253, 35.385833154 ], [ 137.268125301, 35.386041487 ], [ 137.268437801, 35.386041486 ], [ 137.268437801, 35.38624982 ], [ 137.268437801, 35.386458153 ], [ 137.268750301, 35.386458152 ], [ 137.268750302, 35.386666485 ], [ 137.268750302, 35.386874818 ], [ 137.269062802, 35.386874818 ], [ 137.269062802, 35.386666485 ] ] ] } },
{ "type": "Feature", "properties": { "A31a_301": "8505080001", "A31a_302": "土岐川", "A31a_303": "21", "A31a_304": "岐阜県", "A31a_305": 1 }, "geometry": { "type": "Polygon", "coordinates": [ [ [ 137.270625303, 35.387083147 ], [ 137.270625303, 35.386874814 ], [ 137.270312803, 35.386874815 ], [ 137.270312803, 35.387083148 ], [ 137.270625303, 35.387083147 ] ] ] } },
{ "type": "Feature", "properties": { "A31a_301": "8505080001", "A31a_302": "土岐川", "A31a_303": "21", "A31a_304": "岐阜県", "A31a_305": 1 }, "geometry": { "type": "Polygon", "coordinates": [ [ [ 137.272500303, 35.386666477 ], [ 137.272500304, 35.38687481 ], [ 137.272187803, 35.386874811 ], [ 137.272187803, 35.386666477 ], [ 137.271875303, 35.386666478 ], [ 137.271562803, 35.386666479 ], [ 137.271250303, 35.38666648 ], [ 137.271250303, 35.386874813 ], [ 137.271250303, 35.387083146 ], [ 137.271562803, 35.387083145 ], [ 137.271562804, 35.387291479 ], [ 137.271562804, 35.387499812 ], [ 137.271562804, 35.387708145 ], [ 137.271562805, 35.387916478 ], [ 137.271875305, 35.387916478 ], [ 137.272187805, 35.387916477 ], [ 137.272187805, 35.38812481 ], [ 137.272500305, 35.388124809 ], [ 137.272812805, 35.388124809 ], [ 137.273125306, 35.388124808 ], [ 137.273125305, 35.387916475 ], [ 137.273437805, 35.387916474 ], [ 137.273750306, 35.387916473 ], [ 137.273750306, 35.388124807 ], [ 137.273750306, 35.38833314 ], [ 137.274062806, 35.388333139 ], [ 137.274375306, 35.388333139 ], [ 137.274375306, 35.388124805 ], [ 137.274062806, 35.388124806 ], [ 137.274062806, 35.387916473 ], [ 137.274062805, 35.38770814 ], [ 137.273750305, 35.38770814 ], [ 137.273750305, 35.387499807 ], [ 137.273437805, 35.387499808 ], [ 137.273437805, 35.387291474 ], [ 137.273437804, 35.387083141 ], [ 137.273125304, 35.387083142 ], [ 137.273125304, 35.386874809 ], [ 137.272812804, 35.386874809 ], [ 137.272812803, 35.386666476 ], [ 137.272500303, 35.386666477 ] ] ] } },
{ "type": "Feature", "properties": { "A31a_301": "8505080001", "A31a_302": "土岐川", "A31a_303": "21", "A31a_304": "岐阜県", "A31a_305": 1 }, "geometry": { "type": "Polygon", "coordinates": [ [ [ 137.27531281, 35.390416469 ], [ 137.275312809, 35.390208136 ], [ 137.275000309, 35.390208137 ], [ 137.275000309, 35.389999803 ], [ 137.275000309, 35.38979147 ], [ 137.275000308, 35.389583137 ], [ 137.274687808, 35.389583137 ], [ 137.274687808, 35.389374804 ], [ 137.274375308, 35.389374805 ], [ 137.274375308, 35.389583138 ], [ 137.274375308, 35.389791471 ], [ 137.274375309, 35.389999805 ], [ 137.274687809, 35.389999804 ], [ 137.274687809, 35.390208137 ], [ 137.274687809, 35.390416471 ], [ 137.275000309, 35.39041647 ], [ 137.27531281, 35.390416469 ] ] ] } },
{ "type": "Feature", "properties": { "A31a_301": "8505080001", "A31a_302": "土岐川", "A31a_303": "21", "A31a_304": "岐阜県", "A31a_305": 1 }, "geometry": { "type": "Polygon", "coordinates": [ [ [ 137.278125313, 35.391874796 ], [ 137.278125313, 35.391666463 ], [ 137.278125313, 35.391458129 ], [ 137.278125313, 35.391249796 ], [ 137.278125312, 35.391041463 ], [ 137.278125312, 35.390833129 ], [ 137.278125312, 35.390624796 ], [ 137.278125312, 35.390416463 ], [ 137.278125311, 35.39020813 ], [ 137.277812811, 35.39020813 ], [ 137.277812811, 35.389999797 ], [ 137.27781281, 35.389791464 ], [ 137.27750031, 35.389791464 ], [ 137.27750031, 35.389583131 ], [ 137.27750031, 35.389374798 ], [ 137.27718781, 35.389374799 ], [ 137.277187809, 35.389166465 ], [ 137.277500309, 35.389166465 ], [ 137.277500309, 35.388958131 ], [ 137.277500309, 35.388749798 ], [ 137.277500309, 35.388541465 ], [ 137.277500308, 35.388333131 ], [ 137.277500308, 35.388124798 ], [ 137.277187808, 35.388124799 ], [ 137.277187808, 35.387916466 ], [ 137.277187807, 35.387708132 ], [ 137.277187807, 35.387499799 ], [ 137.277187807, 35.387291466 ], [ 137.276875307, 35.387291467 ], [ 137.276562806, 35.387291467 ], [ 137.276562806, 35.387083134 ], [ 137.276250306, 35.387083135 ], [ 137.275937806, 35.387083135 ], [ 137.275937805, 35.386874802 ], [ 137.275625305, 35.386874803 ], [ 137.275312805, 35.386874804 ], [ 137.275312805, 35.38666647 ], [ 137.275000304, 35.386666471 ], [ 137.275000304, 35.386458138 ], [ 137.274687804, 35.386458139 ], [ 137.274687804, 35.386249805 ], [ 137.274687803, 35.386041472 ], [ 137.274375303, 35.386041473 ], [ 137.274062803, 35.386041473 ], [ 137.274062803, 35.386249807 ], [ 137.273750303, 35.386249807 ], [ 137.273750304, 35.386458141 ], [ 137.273750304, 35.386666474 ], [ 137.274062804, 35.386666473 ], [ 137.274062804, 35.386874806 ], [ 137.274062805, 35.38708314 ], [ 137.274375305, 35.387083139 ], [ 137.274375305, 35.387291472 ], [ 137.274375305, 35.387499806 ], [ 137.274687805, 35.387499805 ], [ 137.274687806, 35.387708138 ], [ 137.274687806, 35.387916471 ], [ 137.275000306, 35.387916471 ], [ 137.275000306, 35.388124804 ], [ 137.275000307, 35.388333137 ], [ 137.275000307, 35.38854147 ], [ 137.275312807, 35.38854147 ], [ 137.275312807, 35.388749803 ], [ 137.275312808, 35.388958136 ], [ 137.275312808, 35.38916647 ], [ 137.275625308, 35.389166469 ], [ 137.275625308, 35.389374802 ], [ 137.275625309, 35.389583135 ], [ 137.275625309, 35.389791469 ], [ 137.275937809, 35.389791468 ], [ 137.27593781, 35.389999801 ], [ 137.27593781, 35.390208134 ], [ 137.27625031, 35.390208134 ], [ 137.27625031, 35.390416467 ], [ 137.27656281, 35.390416466 ], [ 137.276562811, 35.3906248 ], [ 137.276562811, 35.390833133 ], [ 137.276875311, 35.390833132 ], [ 137.276875312, 35.391041465 ], [ 137.277187812, 35.391041465 ], [ 137.277187812, 35.391249798 ], [ 137.277500312, 35.391249797 ], [ 137.277500312, 35.391458131 ], [ 137.277500313, 35.391666464 ], [ 137.277812813, 35.391666463 ], [ 137.277812813, 35.391874796 ], [ 137.278125313, 35.391874796 ] ] ] } },
{ "type": "Feature", "properties": { "A31a_301": "8505080001", "A31a_302": "土岐川", "A31a_303": "21", "A31a_304": "岐阜県", "A31a_305": 1 }, "geometry": { "type": "Polygon", "coordinates": [ [ [ 137.278125313, 35.391874796 ], [ 137.278125314, 35.392083129 ], [ 137.278437814, 35.392083128 ], [ 137.278437814, 35.391874795 ], [ 137.278125313, 35.391874796 ] ] ] } },
{ "type": "Feature", "properties": { "A31a_301": "8505080001", "A31a_302": "土岐川", "A31a_303": "21", "A31a_304": "岐阜県", "A31a_305": 1 }, "geometry": { "type": "Polygon", "coordinates": [ [ [ 137.278437815, 35.392708128 ], [ 137.278437815, 35.392499795 ], [ 137.278125314, 35.392499796 ], [ 137.278125315, 35.392708129 ], [ 137.278125315, 35.392916462 ], [ 137.278437815, 35.392916462 ], [ 137.278437815, 35.392708128 ] ] ] } },
{ "type": "Feature", "properties": { "A31a_301": "8505080001", "A31a_302": "土岐川", "A31a_303": "21", "A31a_304": "岐阜県", "A31a_305": 1 }, "geometry": { "type": "Polygon", "coordinates": [ [ [ 137.27531281, 35.390416469 ], [ 137.27531281, 35.390624802 ], [ 137.27500031, 35.390624803 ], [ 137.27468781, 35.390624804 ], [ 137.274375309, 35.390624804 ], [ 137.27437531, 35.390833138 ], [ 137.27468781, 35.390833137 ], [ 137.27468781, 35.39104147 ], [ 137.27468781, 35.391249804 ], [ 137.275000311, 35.391249803 ], [ 137.275000311, 35.391458136 ], [ 137.275312811, 35.391458135 ], [ 137.275312811, 35.391666469 ], [ 137.275312812, 35.391874802 ], [ 137.275625312, 35.391874801 ], [ 137.275625312, 35.392083135 ], [ 137.275937812, 35.392083134 ], [ 137.275937813, 35.392291467 ], [ 137.276250313, 35.392291466 ], [ 137.276250313, 35.3924998 ], [ 137.276250313, 35.392708133 ], [ 137.276562814, 35.392708132 ], [ 137.276562814, 35.392916466 ], [ 137.276562814, 35.393124799 ], [ 137.276875314, 35.393124798 ], [ 137.276875315, 35.393333131 ], [ 137.277187815, 35.393333131 ], [ 137.277187815, 35.393541464 ], [ 137.277187815, 35.393749797 ], [ 137.277500316, 35.393749797 ], [ 137.277500316, 35.39395813 ], [ 137.277812816, 35.393958129 ], [ 137.277812816, 35.393749796 ], [ 137.277812815, 35.393541463 ], [ 137.277812815, 35.393333129 ], [ 137.277812815, 35.393124796 ], [ 137.277812815, 35.392916463 ], [ 137.277500314, 35.392916464 ], [ 137.277500314, 35.39270813 ], [ 137.277500314, 35.392499797 ], [ 137.277187814, 35.392499798 ], [ 137.277187813, 35.392291464 ], [ 137.277187813, 35.392083131 ], [ 137.276875313, 35.392083132 ], [ 137.276875313, 35.391874799 ], [ 137.276562812, 35.391874799 ], [ 137.276562812, 35.391666466 ], [ 137.276562812, 35.391458133 ], [ 137.276250312, 35.391458133 ], [ 137.276250311, 35.3912498 ], [ 137.276250311, 35.391041467 ], [ 137.276250311, 35.390833134 ], [ 137.275937811, 35.390833134 ], [ 137.27593781, 35.390624801 ], [ 137.27562531, 35.390624802 ], [ 137.27562531, 35.390416468 ], [ 137.27531281, 35.390416469 ] ] ] } },
{ "type": "Feature", "properties": { "A31a_301": "8505080001", "A31a_302": "土岐川", "A31a_303": "21", "A31a_304": "岐阜県", "A31a_305": 1 }, "geometry": { "type": "Polygon", "coordinates": [ [ [ 137.279687817, 35.393958125 ], [ 137.279687817, 35.393749792 ], [ 137.279375317, 35.393749793 ], [ 137.279375317, 35.393541459 ], [ 137.279687817, 35.393541459 ], [ 137.279687816, 35.393333125 ], [ 137.279375316, 35.393333126 ], [ 137.279062816, 35.393333127 ], [ 137.279062816, 35.39354146 ], [ 137.278750316, 35.393541461 ], [ 137.278750316, 35.393333127 ], [ 137.278750316, 35.393124794 ], [ 137.278437815, 35.393124795 ], [ 137.278437816, 35.393333128 ], [ 137.278437816, 35.393541461 ], [ 137.278437816, 35.393749795 ], [ 137.278437816, 35.393958128 ], [ 137.278437817, 35.394166461 ], [ 137.278437817, 35.394374794 ], [ 137.278437817, 35.394583128 ], [ 137.278437818, 35.394791461 ], [ 137.278437818, 35.394999794 ], [ 137.278750318, 35.394999794 ], [ 137.278750318, 35.39479146 ], [ 137.279062818, 35.39479146 ], [ 137.279062818, 35.394583126 ], [ 137.279375318, 35.394583126 ], [ 137.279375318, 35.394374792 ], [ 137.279375317, 35.394166459 ], [ 137.279687818, 35.394166459 ], [ 137.279687817, 35.393958125 ] ] ] } },
{ "type": "Feature", "properties": { "A31a_301": "8505080001", "A31a_302": "土岐川", "A31a_303": "21", "A31a_304": "岐阜県", "A31a_305": 1 }, "geometry": { "type": "Polygon", "coordinates": [ [ [ 137.278437818, 35.395416461 ], [ 137.278437818, 35.395208128 ], [ 137.278125318, 35.395208128 ], [ 137.278125318, 35.395416462 ], [ 137.278125318, 35.395624795 ], [ 137.278125319, 35.395833128 ], [ 137.278125319, 35.396041461 ], [ 137.278125319, 35.396249795 ], [ 137.27843782, 35.396249794 ], [ 137.278437819, 35.396041461 ], [ 137.278437819, 35.395833127 ], [ 137.278437819, 35.395624794 ], [ 137.278437818, 35.395416461 ] ] ] } },
{ "type": "Feature", "properties": { "A31a_301": "8505080001", "A31a_302": "土岐川", "A31a_303": "21", "A31a_304": "岐阜県", "A31a_305": 1 }, "geometry": { "type": "Polygon", "coordinates": [ [ [ 137.27843782, 35.396666461 ], [ 137.27843782, 35.396458127 ], [ 137.27812532, 35.396458128 ], [ 137.27812532, 35.396666461 ], [ 137.27812532, 35.396874795 ], [ 137.27843782, 35.396874794 ], [ 137.27843782, 35.396666461 ] ] ] } },
{ "type": "Feature", "properties": { "A31a_301": "8505080001", "A31a_302": "土岐川", "A31a_303": "21", "A31a_304": "岐阜県", "A31a_305": 1 }, "geometry": { "type": "Polygon", "coordinates": [ [ [ 137.277500316, 35.39395813 ], [ 137.277187816, 35.393958131 ], [ 137.277187815, 35.393749797 ], [ 137.276875315, 35.393749798 ], [ 137.276875315, 35.393541465 ], [ 137.276875315, 35.393333131 ], [ 137.276562814, 35.393333132 ], [ 137.276562814, 35.393124799 ], [ 137.276250314, 35.3931248 ], [ 137.276250314, 35.392916466 ], [ 137.276250313, 35.392708133 ], [ 137.275937813, 35.392708134 ], [ 137.275937813, 35.3924998 ], [ 137.275625313, 35.392499801 ], [ 137.275625312, 35.392291468 ], [ 137.275625312, 35.392083135 ], [ 137.275312812, 35.392083135 ], [ 137.275312812, 35.391874802 ], [ 137.275000311, 35.391874803 ], [ 137.275000312, 35.392083136 ], [ 137.275000312, 35.392291469 ], [ 137.275312812, 35.392291469 ], [ 137.275312812, 35.392499802 ], [ 137.275312813, 35.392708135 ], [ 137.275625313, 35.392708134 ], [ 137.275625313, 35.392916468 ], [ 137.275937813, 35.392916467 ], [ 137.275937814, 35.3931248 ], [ 137.275937814, 35.393333134 ], [ 137.275937814, 35.393541467 ], [ 137.276250314, 35.393541466 ], [ 137.276250315, 35.393749799 ], [ 137.276250315, 35.393958133 ], [ 137.276250315, 35.394166466 ], [ 137.276250316, 35.394374799 ], [ 137.276250316, 35.394583132 ], [ 137.276562816, 35.394583132 ], [ 137.276562816, 35.394791465 ], [ 137.276875317, 35.394791464 ], [ 137.276875317, 35.394999798 ], [ 137.276875317, 35.395208131 ], [ 137.276875317, 35.395416464 ], [ 137.276875318, 35.395624797 ], [ 137.276875318, 35.395833131 ], [ 137.276875318, 35.396041464 ], [ 137.276875318, 35.396249797 ], [ 137.276875319, 35.396458131 ], [ 137.276875319, 35.396666464 ], [ 137.276875319, 35.396874797 ], [ 137.27718782, 35.396874796 ], [ 137.27718782, 35.39708313 ], [ 137.27718782, 35.397291463 ], [ 137.27750032, 35.397291462 ], [ 137.27750032, 35.397083129 ], [ 137.27750032, 35.396874796 ], [ 137.277500319, 35.396666463 ], [ 137.277500319, 35.396458129 ], [ 137.277500319, 35.396249796 ], [ 137.277500319, 35.396041463 ], [ 137.277500318, 35.395833129 ], [ 137.277500318, 35.395624796 ], [ 137.277812818, 35.395624796 ], [ 137.277812818, 35.395416462 ], [ 137.277812818, 35.395208129 ], [ 137.277500317, 35.39520813 ], [ 137.277500317, 35.394999796 ], [ 137.277812817, 35.394999796 ], [ 137.277812817, 35.394791462 ], [ 137.277812817, 35.394583129 ], [ 137.277812817, 35.394374796 ], [ 137.277812816, 35.394166463 ], [ 137.277500316, 35.394166463 ], [ 137.277500316, 35.39395813 ] ] ] } },
{ "type": "Feature", "properties": { "A31a_301": "8505080001", "A31a_302": "土岐川", "A31a_303": "21", "A31a_304": "岐阜県", "A31a_305": 1 }, "geometry": { "type": "Polygon", "coordinates": [ [ [ 137.277812822, 35.398333128 ], [ 137.277812822, 35.398124795 ], [ 137.277500321, 35.398124795 ], [ 137.277500322, 35.398333129 ], [ 137.277812822, 35.398333128 ] ] ] } },
{ "type": "Feature", "properties": { "A31a_301": "8505080001", "A31a_302": "土岐川", "A31a_303": "21", "A31a_304": "岐阜県", "A31a_305": 1 }, "geometry": { "type": "Polygon", "coordinates": [ [ [ 137.278125323, 35.398749794 ], [ 137.278125322, 35.398541461 ], [ 137.277812822, 35.398541461 ], [ 137.277812822, 35.398749795 ], [ 137.278125323, 35.398749794 ] ] ] } },
{ "type": "Feature", "properties": { "A31a_301": "8505080001", "A31a_302": "土岐川", "A31a_303": "21", "A31a_304": "岐阜県", "A31a_305": 1 }, "geometry": { "type": "Polygon", "coordinates": [ [ [ 137.290937832, 35.399166435 ], [ 137.290625332, 35.399166435 ], [ 137.290312831, 35.399166436 ], [ 137.290000331, 35.399166437 ], [ 137.289687831, 35.399166437 ], [ 137.289375331, 35.399166438 ], [ 137.28937533, 35.398958105 ], [ 137.28906283, 35.398958105 ], [ 137.28875033, 35.398958106 ], [ 137.28843783, 35.398958106 ], [ 137.28812533, 35.398958107 ], [ 137.288125329, 35.398749774 ], [ 137.28843783, 35.398749773 ], [ 137.28875033, 35.398749772 ], [ 137.28906283, 35.398749772 ], [ 137.28937533, 35.398749771 ], [ 137.28937533, 35.398958105 ], [ 137.289687831, 35.398958104 ], [ 137.290000331, 35.398958103 ], [ 137.290312831, 35.398958103 ], [ 137.290625331, 35.398958102 ], [ 137.290937831, 35.398958101 ], [ 137.290937832, 35.399166435 ], [ 137.291250332, 35.399166434 ], [ 137.291562832, 35.399166433 ], [ 137.291562832, 35.399374767 ], [ 137.291875333, 35.399374766 ], [ 137.292187833, 35.399374766 ], [ 137.292500333, 35.399374765 ], [ 137.292812833, 35.399374764 ], [ 137.293125333, 35.399374764 ], [ 137.293125334, 35.399583097 ], [ 137.293437834, 35.399583096 ], [ 137.293437834, 35.399374763 ], [ 137.293437833, 35.39916643 ], [ 137.293125333, 35.39916643 ], [ 137.293125333, 35.398958097 ], [ 137.292812833, 35.398958098 ], [ 137.292500332, 35.398958098 ], [ 137.292500332, 35.398749765 ], [ 137.292187832, 35.398749765 ], [ 137.291875332, 35.398749766 ], [ 137.291562832, 35.398749767 ], [ 137.291250331, 35.398749767 ], [ 137.291250331, 35.398541434 ], [ 137.290937831, 35.398541435 ], [ 137.290625331, 35.398541435 ], [ 137.29062533, 35.398333102 ], [ 137.29062533, 35.398124769 ], [ 137.29062533, 35.397916435 ], [ 137.29031283, 35.397916436 ], [ 137.290312829, 35.397708103 ], [ 137.290000329, 35.397708103 ], [ 137.289687829, 35.397708104 ], [ 137.289375329, 35.397708104 ], [ 137.289062829, 35.397708105 ], [ 137.288750328, 35.397708106 ], [ 137.288437828, 35.397708106 ], [ 137.288125328, 35.397708107 ], [ 137.287812828, 35.397708108 ], [ 137.287812828, 35.397916441 ], [ 137.287500328, 35.397916442 ], [ 137.287187828, 35.397916442 ], [ 137.286875327, 35.397916443 ], [ 137.286875328, 35.398124776 ], [ 137.286562827, 35.398124777 ], [ 137.286250327, 35.398124778 ], [ 137.285937827, 35.398124778 ], [ 137.285625327, 35.398124779 ], [ 137.285625327, 35.398333112 ], [ 137.285312827, 35.398333113 ], [ 137.285312827, 35.398124779 ], [ 137.285312826, 35.397916446 ], [ 137.285000326, 35.397916447 ], [ 137.285000326, 35.39812478 ], [ 137.284687826, 35.398124781 ], [ 137.284687826, 35.397916447 ], [ 137.284375326, 35.397916448 ], [ 137.284375325, 35.397708115 ], [ 137.284062825, 35.397708115 ], [ 137.283750325, 35.397708116 ], [ 137.283437825, 35.397708117 ], [ 137.283437825, 35.397499783 ], [ 137.283125324, 35.397499784 ], [ 137.282812824, 35.397499785 ], [ 137.282812824, 35.397708118 ], [ 137.282500324, 35.397708119 ], [ 137.282500324, 35.397499785 ], [ 137.282187824, 35.397499786 ], [ 137.282187823, 35.397291453 ], [ 137.281875323, 35.397291453 ], [ 137.281875323, 35.397499787 ], [ 137.281875324, 35.39770812 ], [ 137.281875324, 35.397916453 ], [ 137.281875324, 35.398124787 ], [ 137.281562824, 35.398124787 ], [ 137.281562824, 35.39833312 ], [ 137.281562825, 35.398541454 ], [ 137.281562825, 35.398749787 ], [ 137.281250325, 35.398749788 ], [ 137.280937825, 35.398749788 ], [ 137.280937825, 35.398958122 ], [ 137.281250325, 35.398958121 ], [ 137.281562825, 35.39895812 ], [ 137.281875325, 35.39895812 ], [ 137.282187826, 35.398958119 ], [ 137.282500326, 35.398958118 ], [ 137.282812826, 35.398958118 ], [ 137.283125326, 35.398958117 ], [ 137.283437826, 35.398958117 ], [ 137.283437827, 35.39916645 ], [ 137.283750327, 35.399166449 ], [ 137.284062827, 35.399166449 ], [ 137.284062827, 35.399374782 ], [ 137.284375328, 35.399374781 ], [ 137.284375328, 35.399583115 ], [ 137.284687828, 35.399583114 ], [ 137.285000328, 35.399583113 ], [ 137.285000329, 35.399791447 ], [ 137.285312829, 35.399791446 ], [ 137.285312829, 35.399999779 ], [ 137.285625329, 35.399999779 ], [ 137.28593783, 35.399999778 ], [ 137.28593783, 35.400208112 ], [ 137.28625033, 35.400208111 ], [ 137.28656283, 35.40020811 ], [ 137.28687533, 35.40020811 ], [ 137.286875331, 35.400416443 ], [ 137.287187831, 35.400416442 ], [ 137.287500331, 35.400416442 ], [ 137.287500332, 35.400624775 ], [ 137.287812832, 35.400624775 ], [ 137.288125332, 35.400624774 ], [ 137.288437832, 35.400624773 ], [ 137.288750332, 35.400624773 ], [ 137.288750332, 35.400416439 ], [ 137.289062832, 35.400416439 ], [ 137.289375333, 35.400416438 ], [ 137.289375332, 35.400208105 ], [ 137.289687832, 35.400208104 ], [ 137.289687832, 35.399999771 ], [ 137.290000332, 35.39999977 ], [ 137.290312832, 35.399999769 ], [ 137.290312832, 35.399791436 ], [ 137.290625332, 35.399791435 ], [ 137.290625332, 35.399583102 ], [ 137.290937832, 35.399583101 ], [ 137.290937832, 35.399374768 ], [ 137.290937832, 35.399166435 ] ] ] } },
{ "type": "Feature", "properties": { "A31a_301": "8505080001", "A31a_302": "土岐川", "A31a_303": "21", "A31a_304": "岐阜県", "A31a_305": 1 }, "geometry": { "type": "Polygon", "coordinates": [ [ [ 137.300312848, 35.405208086 ], [ 137.300312847, 35.404999753 ], [ 137.300000347, 35.404999753 ], [ 137.300000347, 35.40479142 ], [ 137.299687847, 35.40479142 ], [ 137.299687847, 35.404999754 ], [ 137.299687847, 35.405208087 ], [ 137.300000348, 35.405208087 ], [ 137.300312848, 35.405208086 ] ] ] } },
{ "type": "Feature", "properties": { "A31a_301": "8505080001", "A31a_302": "土岐川", "A31a_303": "21", "A31a_304": "岐阜県", "A31a_305": 1 }, "geometry": { "type": "Polygon", "coordinates": [ [ [ 137.299375347, 35.405208088 ], [ 137.299375347, 35.404999755 ], [ 137.299375346, 35.404791421 ], [ 137.299062846, 35.404791422 ], [ 137.299062846, 35.404583088 ], [ 137.299062846, 35.404374755 ], [ 137.298750345, 35.404374755 ], [ 137.298750345, 35.404166422 ], [ 137.298750345, 35.403958088 ], [ 137.298437844, 35.403958089 ], [ 137.298437844, 35.403749755 ], [ 137.298437844, 35.403541422 ], [ 137.298125344, 35.403541423 ], [ 137.298125343, 35.403333089 ], [ 137.298125343, 35.403124756 ], [ 137.297812843, 35.403124756 ], [ 137.297812842, 35.402916423 ], [ 137.297812842, 35.402708089 ], [ 137.297500342, 35.40270809 ], [ 137.297500341, 35.402499757 ], [ 137.297500341, 35.402291423 ], [ 137.297187841, 35.402291424 ], [ 137.29718784, 35.40208309 ], [ 137.29687534, 35.402083091 ], [ 137.29687534, 35.401874757 ], [ 137.29687534, 35.401666424 ], [ 137.296562839, 35.401666424 ], [ 137.296562839, 35.401458091 ], [ 137.296250339, 35.401458092 ], [ 137.296250338, 35.401249758 ], [ 137.295937838, 35.401249759 ], [ 137.295937838, 35.401041425 ], [ 137.296250338, 35.401041425 ], [ 137.296562838, 35.401041424 ], [ 137.296562838, 35.400833091 ], [ 137.296250338, 35.400833091 ], [ 137.295937838, 35.400833092 ], [ 137.295625337, 35.400833093 ], [ 137.295312837, 35.400833093 ], [ 137.295312837, 35.40062476 ], [ 137.295000337, 35.40062476 ], [ 137.295000336, 35.400416427 ], [ 137.294687836, 35.400416428 ], [ 137.294687836, 35.400624761 ], [ 137.294687837, 35.400833094 ], [ 137.294687837, 35.401041428 ], [ 137.295000337, 35.401041427 ], [ 137.295000338, 35.401249761 ], [ 137.295000338, 35.401458094 ], [ 137.295000338, 35.401666428 ], [ 137.295312839, 35.401666427 ], [ 137.295312838, 35.401458093 ], [ 137.295625338, 35.401458093 ], [ 137.295625339, 35.401666426 ], [ 137.295625339, 35.40187476 ], [ 137.295625339, 35.402083093 ], [ 137.29593784, 35.402083093 ], [ 137.29593784, 35.402291426 ], [ 137.29593784, 35.40249976 ], [ 137.29562534, 35.40249976 ], [ 137.29562534, 35.402708094 ], [ 137.29531284, 35.402708094 ], [ 137.295312841, 35.402916428 ], [ 137.295625341, 35.402916427 ], [ 137.295625341, 35.40312476 ], [ 137.295625342, 35.403333094 ], [ 137.295625342, 35.403541427 ], [ 137.295937842, 35.403541427 ], [ 137.295937842, 35.40374976 ], [ 137.296250343, 35.40374976 ], [ 137.296562843, 35.403749759 ], [ 137.296562843, 35.403541426 ], [ 137.296875343, 35.403541425 ], [ 137.297187843, 35.403541424 ], [ 137.297187843, 35.403749758 ], [ 137.296875343, 35.403749758 ], [ 137.296875343, 35.403958092 ], [ 137.296562843, 35.403958092 ], [ 137.296562844, 35.404166426 ], [ 137.296562844, 35.404374759 ], [ 137.296562844, 35.404583093 ], [ 137.296875344, 35.404583092 ], [ 137.297187845, 35.404583092 ], [ 137.297187845, 35.404791425 ], [ 137.297500345, 35.404791425 ], [ 137.297812845, 35.404791424 ], [ 137.298125346, 35.404791423 ], [ 137.298125346, 35.404999757 ], [ 137.298437846, 35.404999756 ], [ 137.298750346, 35.404999756 ], [ 137.298750347, 35.405208089 ], [ 137.299062847, 35.405208089 ], [ 137.299375347, 35.405208088 ] ], [ [ 137.298125345, 35.404166423 ], [ 137.298437845, 35.404166422 ], [ 137.298437845, 35.404374756 ], [ 137.298125345, 35.404374756 ], [ 137.298125345, 35.404166423 ] ] ] } },
{ "type": "Feature", "properties": { "A31a_301": "8505080001", "A31a_302": "土岐川", "A31a_303": "21", "A31a_304": "岐阜県", "A31a_305": 1 }, "geometry": { "type": "Polygon", "coordinates": [ [ [ 137.302187849, 35.40499975 ], [ 137.302187849, 35.404791417 ], [ 137.301875349, 35.404791417 ], [ 137.301562848, 35.404791418 ], [ 137.301562849, 35.404999751 ], [ 137.301562849, 35.405208085 ], [ 137.301250349, 35.405208085 ], [ 137.301250349, 35.405416419 ], [ 137.301562849, 35.405416418 ], [ 137.30187535, 35.405416418 ], [ 137.301875349, 35.405208084 ], [ 137.30218785, 35.405208084 ], [ 137.302187849, 35.40499975 ] ] ] } },
{ "type": "Feature", "properties": { "A31a_301": "8505080001", "A31a_302": "土岐川", "A31a_303": "21", "A31a_304": "岐阜県", "A31a_305": 1 }, "geometry": { "type": "Polygon", "coordinates": [ [ [ 137.30062535, 35.40604142 ], [ 137.300625349, 35.405833086 ], [ 137.300312849, 35.405833087 ], [ 137.300312849, 35.40604142 ], [ 137.30062535, 35.40604142 ] ] ] } },
{ "type": "Feature", "properties": { "A31a_301": "8505080001", "A31a_302": "土岐川", "A31a_303": "21", "A31a_304": "岐阜県", "A31a_305": 1 }, "geometry": { "type": "Polygon", "coordinates": [ [ [ 137.301562852, 35.407291419 ], [ 137.301562852, 35.407083086 ], [ 137.301562852, 35.406874752 ], [ 137.301250351, 35.406874753 ], [ 137.301250351, 35.406666419 ], [ 137.301250351, 35.406458086 ], [ 137.30125035, 35.406249752 ], [ 137.30093785, 35.406249753 ], [ 137.30093785, 35.406041419 ], [ 137.30062535, 35.40604142 ], [ 137.30062535, 35.406249753 ], [ 137.30062535, 35.406458087 ], [ 137.30093785, 35.406458086 ], [ 137.300937851, 35.40666642 ], [ 137.300937851, 35.406874753 ], [ 137.300937852, 35.407083087 ], [ 137.301250352, 35.407083086 ], [ 137.301250352, 35.40729142 ], [ 137.301562852, 35.407291419 ] ] ] } },
{ "type": "Feature", "properties": { "A31a_301": "8505080001", "A31a_302": "土岐川", "A31a_303": "21", "A31a_304": "岐阜県", "A31a_305": 1 }, "geometry": { "type": "Polygon", "coordinates": [ [ [ 137.300937852, 35.407083087 ], [ 137.300625351, 35.407083087 ], [ 137.300625351, 35.406874754 ], [ 137.300625351, 35.40666642 ], [ 137.30062535, 35.406458087 ], [ 137.30031285, 35.406458087 ], [ 137.30031285, 35.406249754 ], [ 137.300312849, 35.40604142 ], [ 137.300000349, 35.406041421 ], [ 137.300000349, 35.405833087 ], [ 137.299687848, 35.405833088 ], [ 137.299375348, 35.405833088 ], [ 137.299062848, 35.405833089 ], [ 137.298750348, 35.40583309 ], [ 137.298750347, 35.405624756 ], [ 137.298437847, 35.405624757 ], [ 137.298125347, 35.405624757 ], [ 137.298125347, 35.405416424 ], [ 137.297812846, 35.405416424 ], [ 137.297500346, 35.405416425 ], [ 137.297187846, 35.405416425 ], [ 137.297187846, 35.405208092 ], [ 137.296875345, 35.405208093 ], [ 137.296562845, 35.405208093 ], [ 137.296562845, 35.40499976 ], [ 137.296250345, 35.40499976 ], [ 137.296250344, 35.404791427 ], [ 137.296250344, 35.404583093 ], [ 137.295937844, 35.404583094 ], [ 137.295937843, 35.404374761 ], [ 137.295937843, 35.404166427 ], [ 137.295625343, 35.404166428 ], [ 137.295625343, 35.403958094 ], [ 137.295625342, 35.403749761 ], [ 137.295312842, 35.403749761 ], [ 137.295312842, 35.403541428 ], [ 137.295312841, 35.403333095 ], [ 137.295000341, 35.403333095 ], [ 137.295000341, 35.403124762 ], [ 137.29500034, 35.402916428 ], [ 137.29500034, 35.402708095 ], [ 137.29468784, 35.402708095 ], [ 137.29468784, 35.402499762 ], [ 137.294687839, 35.402291428 ], [ 137.294687839, 35.402083095 ], [ 137.294687838, 35.401874762 ], [ 137.294687838, 35.401666428 ], [ 137.294375338, 35.401666429 ], [ 137.294375338, 35.401458095 ], [ 137.294375337, 35.401249762 ], [ 137.294375337, 35.401041428 ], [ 137.294062837, 35.401041429 ], [ 137.294062836, 35.400833096 ], [ 137.293750336, 35.400833096 ], [ 137.293750336, 35.400624763 ], [ 137.293437836, 35.400624763 ], [ 137.293437835, 35.40041643 ], [ 137.293125335, 35.400416431 ], [ 137.293125335, 35.400208097 ], [ 137.292812834, 35.400208098 ], [ 137.292500334, 35.400208098 ], [ 137.292187834, 35.400208099 ], [ 137.292187834, 35.399999766 ], [ 137.291875333, 35.399999766 ], [ 137.291562833, 35.399999767 ], [ 137.291250333, 35.399999768 ], [ 137.291250333, 35.400208101 ], [ 137.290937833, 35.400208102 ], [ 137.290625333, 35.400208102 ], [ 137.290312833, 35.400208103 ], [ 137.290312833, 35.400416436 ], [ 137.290000333, 35.400416437 ], [ 137.290000333, 35.40062477 ], [ 137.289687833, 35.400624771 ], [ 137.289375333, 35.400624771 ], [ 137.289375333, 35.400833105 ], [ 137.289062833, 35.400833106 ], [ 137.289062833, 35.401041439 ], [ 137.288750333, 35.40104144 ], [ 137.288437833, 35.40104144 ], [ 137.288125333, 35.401041441 ], [ 137.287812832, 35.401041441 ], [ 137.287500332, 35.401041442 ], [ 137.287187832, 35.401041443 ], [ 137.287187832, 35.400833109 ], [ 137.286875332, 35.40083311 ], [ 137.286562831, 35.40083311 ], [ 137.286250331, 35.400833111 ], [ 137.286250331, 35.400624778 ], [ 137.285937831, 35.400624778 ], [ 137.28562533, 35.400624779 ], [ 137.28562533, 35.400416446 ], [ 137.28531283, 35.400416446 ], [ 137.28500033, 35.400416447 ], [ 137.285000329, 35.400208113 ], [ 137.284687829, 35.400208114 ], [ 137.284687829, 35.399999781 ], [ 137.284375328, 35.399999781 ], [ 137.284375328, 35.399791448 ], [ 137.284062828, 35.399791449 ], [ 137.284062828, 35.399583115 ], [ 137.283750328, 35.399583116 ], [ 137.283750327, 35.399374783 ], [ 137.283437827, 35.399374783 ], [ 137.283125327, 35.399374784 ], [ 137.282812827, 35.399374784 ], [ 137.282500326, 35.399374785 ], [ 137.282187826, 35.399374786 ], [ 137.281875326, 35.399374786 ], [ 137.281875326, 35.39958312 ], [ 137.282187826, 35.399583119 ], [ 137.282187827, 35.399791452 ], [ 137.282500327, 35.399791452 ], [ 137.282500327, 35.399999785 ], [ 137.282812827, 35.399999784 ], [ 137.282812828, 35.400208118 ], [ 137.282812828, 35.400416451 ], [ 137.282812828, 35.400624784 ], [ 137.282812829, 35.400833118 ], [ 137.283125329, 35.400833117 ], [ 137.283125329, 35.401041451 ], [ 137.28312533, 35.401249784 ], [ 137.28343783, 35.401249783 ], [ 137.28343783, 35.401458117 ], [ 137.28375033, 35.401458116 ], [ 137.283750331, 35.401666449 ], [ 137.284062831, 35.401666449 ], [ 137.284062831, 35.401874782 ], [ 137.284375332, 35.401874782 ], [ 137.284375331, 35.401666448 ], [ 137.284687831, 35.401666448 ], [ 137.284687831, 35.401458114 ], [ 137.285000331, 35.401458114 ], [ 137.285312832, 35.401458113 ], [ 137.285625332, 35.401458112 ], [ 137.285625331, 35.401249779 ], [ 137.285937832, 35.401249778 ], [ 137.285937832, 35.401458112 ], [ 137.286250332, 35.401458111 ], [ 137.286562832, 35.401458111 ], [ 137.286875333, 35.40145811 ], [ 137.286875333, 35.401666443 ], [ 137.287187833, 35.401666443 ], [ 137.287500333, 35.401666442 ], [ 137.287500334, 35.401874776 ], [ 137.287812834, 35.401874775 ], [ 137.288125334, 35.401874774 ], [ 137.288437834, 35.401874774 ], [ 137.288750335, 35.401874773 ], [ 137.289062835, 35.401874773 ], [ 137.289062835, 35.402083106 ], [ 137.289375335, 35.402083105 ], [ 137.289687835, 35.402083105 ], [ 137.290000336, 35.402083104 ], [ 137.290312836, 35.402083104 ], [ 137.290625336, 35.402083103 ], [ 137.290937836, 35.402083102 ], [ 137.291250337, 35.402083102 ], [ 137.291562837, 35.402083101 ], [ 137.291562836, 35.401874768 ], [ 137.291875337, 35.401874767 ], [ 137.291875337, 35.402083101 ], [ 137.291875337, 35.402291434 ], [ 137.292187837, 35.402291433 ], [ 137.292500338, 35.402291433 ], [ 137.292812838, 35.402291432 ], [ 137.293125338, 35.402291432 ], [ 137.293437838, 35.402291431 ], [ 137.293750339, 35.40229143 ], [ 137.293750339, 35.402499764 ], [ 137.294062839, 35.402499763 ], [ 137.294062839, 35.402708097 ], [ 137.29406284, 35.40291643 ], [ 137.29437534, 35.402916429 ], [ 137.29437534, 35.403124763 ], [ 137.294375341, 35.403333096 ], [ 137.294375341, 35.40354143 ], [ 137.294687841, 35.403541429 ], [ 137.294687842, 35.403749763 ], [ 137.294687842, 35.403958096 ], [ 137.294375342, 35.403958097 ], [ 137.294375342, 35.40416643 ], [ 137.294375342, 35.404374764 ], [ 137.294687843, 35.404374763 ], [ 137.294687843, 35.404583096 ], [ 137.295000343, 35.404583096 ], [ 137.295000344, 35.404791429 ], [ 137.295000344, 35.404999763 ], [ 137.295312844, 35.404999762 ], [ 137.295312844, 35.405208096 ], [ 137.295625345, 35.405208095 ], [ 137.295625345, 35.405416428 ], [ 137.295937845, 35.405416428 ], [ 137.295937846, 35.405624761 ], [ 137.295937846, 35.405833095 ], [ 137.296250346, 35.405833094 ], [ 137.296562846, 35.405833094 ], [ 137.296562847, 35.406041427 ], [ 137.296875347, 35.406041426 ], [ 137.297187847, 35.406041426 ], [ 137.297500347, 35.406041425 ], [ 137.297812847, 35.406041425 ], [ 137.297812848, 35.406249758 ], [ 137.297812848, 35.406458092 ], [ 137.298125348, 35.406458091 ], [ 137.298437849, 35.40645809 ], [ 137.298437849, 35.406666424 ], [ 137.298750349, 35.406666423 ], [ 137.29875035, 35.406874757 ], [ 137.29906285, 35.406874756 ], [ 137.29937535, 35.406874756 ], [ 137.29937535, 35.407083089 ], [ 137.299375351, 35.407291423 ], [ 137.299687851, 35.407291422 ], [ 137.299687851, 35.407499756 ], [ 137.300000351, 35.407499755 ], [ 137.300000351, 35.407291422 ], [ 137.300312851, 35.407291421 ], [ 137.300625352, 35.407291421 ], [ 137.300937852, 35.40729142 ], [ 137.300937852, 35.407083087 ] ] ] } },
{ "type": "Feature", "properties": { "A31a_301": "8505080001", "A31a_302": "土岐川", "A31a_303": "21", "A31a_304": "岐阜県", "A31a_305": 1 }, "geometry": { "type": "Polygon", "coordinates": [ [ [ 137.301562852, 35.407291419 ], [ 137.301562853, 35.407499753 ], [ 137.301562853, 35.407708086 ], [ 137.301875353, 35.407708086 ], [ 137.301875354, 35.407916419 ], [ 137.302187854, 35.407916419 ], [ 137.302187854, 35.408124752 ], [ 137.302500355, 35.408124752 ], [ 137.302500355, 35.408333086 ], [ 137.302812855, 35.408333085 ], [ 137.302812856, 35.408541419 ], [ 137.303125356, 35.408541418 ], [ 137.303125356, 35.408749752 ], [ 137.303437856, 35.408749751 ], [ 137.303750357, 35.408749751 ], [ 137.303750357, 35.408958084 ], [ 137.304062857, 35.408958084 ], [ 137.304062858, 35.409166417 ], [ 137.304375358, 35.409166417 ], [ 137.304375358, 35.409374751 ], [ 137.304375359, 35.409583084 ], [ 137.304687859, 35.409583084 ], [ 137.304687859, 35.409791417 ], [ 137.305000359, 35.409791417 ], [ 137.30531286, 35.409791416 ], [ 137.30531286, 35.40999975 ], [ 137.30562536, 35.409999749 ], [ 137.305625361, 35.410208083 ], [ 137.305625361, 35.410416416 ], [ 137.305625361, 35.41062475 ], [ 137.305937862, 35.41062475 ], [ 137.305937862, 35.410833083 ], [ 137.305937862, 35.411041417 ], [ 137.305937862, 35.41124975 ], [ 137.306250363, 35.41124975 ], [ 137.306250363, 35.411458083 ], [ 137.306562863, 35.411458083 ], [ 137.306562863, 35.411249749 ], [ 137.306562863, 35.411041416 ], [ 137.306250362, 35.411041416 ], [ 137.306250362, 35.410833083 ], [ 137.306250362, 35.410624749 ], [ 137.306250361, 35.410416416 ], [ 137.306250361, 35.410208082 ], [ 137.305937861, 35.410208083 ], [ 137.305937861, 35.409999749 ], [ 137.30593786, 35.409791416 ], [ 137.30562536, 35.409791416 ], [ 137.30562536, 35.409583082 ], [ 137.305625359, 35.409374749 ], [ 137.305625359, 35.409166415 ], [ 137.305312859, 35.409166416 ], [ 137.305312858, 35.408958082 ], [ 137.305000358, 35.408958083 ], [ 137.305000358, 35.408749749 ], [ 137.304687858, 35.40874975 ], [ 137.304687857, 35.408541416 ], [ 137.304375357, 35.408541417 ], [ 137.304375357, 35.408333083 ], [ 137.304062856, 35.408333083 ], [ 137.304062856, 35.40812475 ], [ 137.303750356, 35.40812475 ], [ 137.303437855, 35.408124751 ], [ 137.303437856, 35.408333084 ], [ 137.303125356, 35.408333085 ], [ 137.303125355, 35.408124751 ], [ 137.303125355, 35.407916418 ], [ 137.302812855, 35.407916418 ], [ 137.302812854, 35.407708085 ], [ 137.302500354, 35.407708085 ], [ 137.302500354, 35.407499752 ], [ 137.302187853, 35.407499752 ], [ 137.301875353, 35.407499752 ], [ 137.301875353, 35.407291419 ], [ 137.301562852, 35.407291419 ] ] ] } },
{ "type": "Feature", "properties": { "A31a_301": "8505080001", "A31a_302": "土岐川", "A31a_303": "21", "A31a_304": "岐阜県", "A31a_305": 1 }, "geometry": { "type": "Polygon", "coordinates": [ [ [ 137.306875365, 35.412708083 ], [ 137.306875365, 35.41249975 ], [ 137.307187865, 35.41249975 ], [ 137.307187865, 35.412291416 ], [ 137.306875365, 35.412291416 ], [ 137.306875364, 35.412083083 ], [ 137.306875364, 35.411874749 ], [ 137.306562864, 35.41187475 ], [ 137.306562864, 35.412083083 ], [ 137.306562865, 35.412291417 ], [ 137.306562865, 35.41249975 ], [ 137.306562865, 35.412708084 ], [ 137.306875365, 35.412708083 ] ] ] } },
{ "type": "Feature", "properties": { "A31a_301": "8505080001", "A31a_302": "土岐川", "A31a_303": "21", "A31a_304": "岐阜県", "A31a_305": 1 }, "geometry": { "type": "Polygon", "coordinates": [ [ [ 137.30125035, 35.406249752 ], [ 137.301562851, 35.406249752 ], [ 137.301562851, 35.406458085 ], [ 137.301562851, 35.406666419 ], [ 137.301875352, 35.406666419 ], [ 137.301875352, 35.406874752 ], [ 137.302187852, 35.406874752 ], [ 137.302187853, 35.407083085 ], [ 137.302500353, 35.407083085 ], [ 137.302500353, 35.407291418 ], [ 137.302812854, 35.407291418 ], [ 137.302812854, 35.407499751 ], [ 137.303125354, 35.407499751 ], [ 137.303437854, 35.40749975 ], [ 137.303437855, 35.407708084 ], [ 137.303750355, 35.407708083 ], [ 137.304062855, 35.407708083 ], [ 137.304062856, 35.407916416 ], [ 137.304375356, 35.407916416 ], [ 137.304687856, 35.407916416 ], [ 137.304687857, 35.408124749 ], [ 137.305000357, 35.408124749 ], [ 137.305000357, 35.408333082 ], [ 137.305312858, 35.408333082 ], [ 137.305312858, 35.408541415 ], [ 137.305625358, 35.408541415 ], [ 137.305625358, 35.408749748 ], [ 137.305625359, 35.408958082 ], [ 137.305937859, 35.408958081 ], [ 137.305937859, 35.409166415 ], [ 137.30625036, 35.409166415 ], [ 137.30625036, 35.409374748 ], [ 137.30625036, 35.409583082 ], [ 137.306250361, 35.409791415 ], [ 137.306250361, 35.409999749 ], [ 137.306562861, 35.409999748 ], [ 137.306562861, 35.410208082 ], [ 137.306562862, 35.410416415 ], [ 137.306562862, 35.410624749 ], [ 137.306562862, 35.410833082 ], [ 137.306875363, 35.410833082 ], [ 137.306875363, 35.411041415 ], [ 137.306875363, 35.411249749 ], [ 137.306875364, 35.411458082 ], [ 137.306875364, 35.411666416 ], [ 137.307187864, 35.411666415 ], [ 137.307187864, 35.411874749 ], [ 137.307187865, 35.412083083 ], [ 137.307500365, 35.412083082 ], [ 137.307500365, 35.412291416 ], [ 137.307500366, 35.412499749 ], [ 137.307812866, 35.412499749 ], [ 137.307812866, 35.412708082 ], [ 137.308125366, 35.412708082 ], [ 137.308437867, 35.412708082 ], [ 137.308437867, 35.412916415 ], [ 137.308750367, 35.412916415 ], [ 137.309062867, 35.412916414 ], [ 137.309375368, 35.412916414 ], [ 137.309375367, 35.41270808 ], [ 137.309062867, 35.412708081 ], [ 137.309062867, 35.412499747 ], [ 137.309062866, 35.412291414 ], [ 137.309062866, 35.41208308 ], [ 137.309062866, 35.411874747 ], [ 137.308750366, 35.411874747 ], [ 137.308750365, 35.411666414 ], [ 137.308750365, 35.41145808 ], [ 137.308437865, 35.41145808 ], [ 137.308125365, 35.411458081 ], [ 137.308125364, 35.411249747 ], [ 137.307812864, 35.411249748 ], [ 137.307812864, 35.411041414 ], [ 137.308125364, 35.411041414 ], [ 137.308125364, 35.41083308 ], [ 137.308437864, 35.41083308 ], [ 137.308437864, 35.410624746 ], [ 137.308437863, 35.410416413 ], [ 137.308125363, 35.410416413 ], [ 137.308125363, 35.41020808 ], [ 137.308437863, 35.410208079 ], [ 137.308437863, 35.409999746 ], [ 137.308437862, 35.409791412 ], [ 137.308125362, 35.409791413 ], [ 137.308125362, 35.409583079 ], [ 137.308125362, 35.409374746 ], [ 137.307812861, 35.409374746 ], [ 137.307812861, 35.409166413 ], [ 137.307500361, 35.409166413 ], [ 137.30750036, 35.408958079 ], [ 137.30750036, 35.408749746 ], [ 137.30781286, 35.408749746 ], [ 137.30781286, 35.408541412 ], [ 137.30750036, 35.408541412 ], [ 137.307500359, 35.408333079 ], [ 137.307187859, 35.408333079 ], [ 137.307187859, 35.408124746 ], [ 137.307187858, 35.407916412 ], [ 137.306875358, 35.407916413 ], [ 137.306875358, 35.407708079 ], [ 137.306875357, 35.407499746 ], [ 137.306562857, 35.407499746 ], [ 137.306250357, 35.407499747 ], [ 137.306250357, 35.40770808 ], [ 137.305937857, 35.40770808 ], [ 137.305937857, 35.407499747 ], [ 137.305625356, 35.407499747 ], [ 137.305312856, 35.407499748 ], [ 137.305312856, 35.407291414 ], [ 137.305000355, 35.407291415 ], [ 137.305000355, 35.407083081 ], [ 137.304687855, 35.407083082 ], [ 137.304375355, 35.407083082 ], [ 137.304375354, 35.406874749 ], [ 137.304062854, 35.406874749 ], [ 137.304062854, 35.406666416 ], [ 137.303750353, 35.406666416 ], [ 137.303437853, 35.406666416 ], [ 137.303437853, 35.406458083 ], [ 137.303125352, 35.406458083 ], [ 137.303125352, 35.40624975 ], [ 137.302812852, 35.40624975 ], [ 137.302812851, 35.406041417 ], [ 137.302812851, 35.405833083 ], [ 137.302812851, 35.40562475 ], [ 137.303125351, 35.405624749 ], [ 137.303125351, 35.405416416 ], [ 137.30312535, 35.405208082 ], [ 137.30281285, 35.405208083 ], [ 137.30250035, 35.405208083 ], [ 137.30250035, 35.405416417 ], [ 137.30218785, 35.405416417 ], [ 137.30218785, 35.405624751 ], [ 137.30187535, 35.405624751 ], [ 137.30156285, 35.405624752 ], [ 137.30156285, 35.405833085 ], [ 137.30125035, 35.405833085 ], [ 137.30125035, 35.406041419 ], [ 137.30125035, 35.406249752 ] ], [ [ 137.307812862, 35.40958308 ], [ 137.307812862, 35.409791413 ], [ 137.307500362, 35.409791413 ], [ 137.307500361, 35.40958308 ], [ 137.307812862, 35.40958308 ] ] ] } },
{ "type": "Feature", "properties": { "A31a_301": "8505080001", "A31a_302": "土岐川", "A31a_303": "21", "A31a_304": "岐阜県", "A31a_305": 1 }, "geometry": { "type": "Polygon", "coordinates": [ [ [ 137.307500366, 35.41312475 ], [ 137.307500366, 35.412916416 ], [ 137.307500366, 35.412708083 ], [ 137.307187866, 35.412708083 ], [ 137.306875365, 35.412708083 ], [ 137.306875366, 35.412916417 ], [ 137.307187866, 35.412916417 ], [ 137.307187866, 35.41312475 ], [ 137.307500366, 35.41312475 ] ] ] } },
{ "type": "Feature", "properties": { "A31a_301": "8505080001", "A31a_302": "土岐川", "A31a_303": "21", "A31a_304": "岐阜県", "A31a_305": 1 }, "geometry": { "type": "Polygon", "coordinates": [ [ [ 137.31093787, 35.413749746 ], [ 137.31093787, 35.413541413 ], [ 137.310625369, 35.413541413 ], [ 137.31062537, 35.413749747 ], [ 137.31062537, 35.41395808 ], [ 137.31093787, 35.41395808 ], [ 137.31093787, 35.413749746 ] ] ] } },
{ "type": "Feature", "properties": { "A31a_301": "8505080001", "A31a_302": "土岐川", "A31a_303": "21", "A31a_304": "岐阜県", "A31a_305": 1 }, "geometry": { "type": "Polygon", "coordinates": [ [ [ 137.307500366, 35.41312475 ], [ 137.307500367, 35.413333083 ], [ 137.307500367, 35.413541417 ], [ 137.307500367, 35.41374975 ], [ 137.307812868, 35.41374975 ], [ 137.307812868, 35.413958083 ], [ 137.308125368, 35.413958083 ], [ 137.308125368, 35.414166417 ], [ 137.308437869, 35.414166416 ], [ 137.308750369, 35.414166416 ], [ 137.309062869, 35.414166415 ], [ 137.309062869, 35.414374749 ], [ 137.30937537, 35.414374749 ], [ 137.30968787, 35.414374748 ], [ 137.30968787, 35.414583082 ], [ 137.31000037, 35.414583081 ], [ 137.31000037, 35.414374748 ], [ 137.31031287, 35.414374747 ], [ 137.31031287, 35.414166414 ], [ 137.31000037, 35.414166414 ], [ 137.30968787, 35.414166415 ], [ 137.309375369, 35.414166415 ], [ 137.309375369, 35.413958082 ], [ 137.309687869, 35.413958081 ], [ 137.31000037, 35.413958081 ], [ 137.31031287, 35.41395808 ], [ 137.310312869, 35.413749747 ], [ 137.310000369, 35.413749747 ], [ 137.310000369, 35.413541414 ], [ 137.309687869, 35.413541414 ], [ 137.309687868, 35.413333081 ], [ 137.309375368, 35.413333081 ], [ 137.309062868, 35.413333081 ], [ 137.309062868, 35.413124748 ], [ 137.308750367, 35.413124748 ], [ 137.308437867, 35.413124749 ], [ 137.308125367, 35.413124749 ], [ 137.308125367, 35.413333082 ], [ 137.307812867, 35.413333083 ], [ 137.307812867, 35.413124749 ], [ 137.307500366, 35.41312475 ] ] ] } },
{ "type": "Feature", "properties": { "A31a_301": "8505080001", "A31a_302": "土岐川", "A31a_303": "21", "A31a_304": "岐阜県", "A31a_305": 2 }, "geometry": { "type": "Polygon", "coordinates": [ [ [ 137.209687742, 35.358749952 ], [ 137.209687741, 35.358541619 ], [ 137.209687741, 35.358333286 ], [ 137.209687741, 35.358124953 ], [ 137.209375241, 35.358124953 ], [ 137.20937524, 35.35791662 ], [ 137.20906274, 35.35791662 ], [ 137.20906274, 35.357708287 ], [ 137.20875024, 35.357708288 ], [ 137.20875024, 35.357916621 ], [ 137.208750241, 35.358124954 ], [ 137.208750241, 35.358333287 ], [ 137.208750241, 35.35854162 ], [ 137.209062741, 35.358541619 ], [ 137.209062741, 35.358749953 ], [ 137.209062742, 35.358958286 ], [ 137.209375242, 35.358958285 ], [ 137.209375241, 35.358749952 ], [ 137.209687742, 35.358749952 ] ] ] } },
{ "type": "Feature", "properties": { "A31a_301": "8505080001", "A31a_302": "土岐川", "A31a_303": "21", "A31a_304": "岐阜県", "A31a_305": 2 }, "geometry": { "type": "Polygon", "coordinates": [ [ [ 137.255625264, 35.362708208 ], [ 137.255625264, 35.362499875 ], [ 137.255312764, 35.362499876 ], [ 137.255312764, 35.362291543 ], [ 137.255000264, 35.362291543 ], [ 137.255000264, 35.362499876 ], [ 137.254687764, 35.362499877 ], [ 137.254375264, 35.362499878 ], [ 137.254375264, 35.362708211 ], [ 137.254687764, 35.36270821 ], [ 137.255000264, 35.362708209 ], [ 137.255312764, 35.362708209 ], [ 137.255625264, 35.362708208 ] ] ] } },
{ "type": "Feature", "properties": { "A31a_301": "8505080001", "A31a_302": "土岐川", "A31a_303": "21", "A31a_304": "岐阜県", "A31a_305": 2 }, "geometry": { "type": "Polygon", "coordinates": [ [ [ 137.251875262, 35.362708216 ], [ 137.252187763, 35.362708216 ], [ 137.252500263, 35.362708215 ], [ 137.252812763, 35.362708214 ], [ 137.253125263, 35.362708214 ], [ 137.253125263, 35.362499881 ], [ 137.253437763, 35.36249988 ], [ 137.253437763, 35.362291547 ], [ 137.253437763, 35.362083214 ], [ 137.253437762, 35.361874881 ], [ 137.253125262, 35.361874882 ], [ 137.253125262, 35.361666549 ], [ 137.252812762, 35.361666549 ], [ 137.252500261, 35.36166655 ], [ 137.252500262, 35.361874883 ], [ 137.252187762, 35.361874884 ], [ 137.252187762, 35.362083217 ], [ 137.252187762, 35.36229155 ], [ 137.251875262, 35.36229155 ], [ 137.251875262, 35.362499883 ], [ 137.251875262, 35.362708216 ] ] ] } },
{ "type": "Feature", "properties": { "A31a_301": "8505080001", "A31a_302": "土岐川", "A31a_303": "21", "A31a_304": "岐阜県", "A31a_305": 2 }, "geometry": { "type": "Polygon", "coordinates": [ [ [ 137.255625264, 35.362708208 ], [ 137.255625265, 35.362916541 ], [ 137.255937765, 35.36291654 ], [ 137.255937765, 35.362708207 ], [ 137.255625264, 35.362708208 ] ] ] } },
{ "type": "Feature", "properties": { "A31a_301": "8505080001", "A31a_302": "土岐川", "A31a_303": "21", "A31a_304": "岐阜県", "A31a_305": 2 }, "geometry": { "type": "Polygon", "coordinates": [ [ [ 137.251875262, 35.362708216 ], [ 137.251562762, 35.362708217 ], [ 137.251562763, 35.36291655 ], [ 137.251875263, 35.362916549 ], [ 137.251875262, 35.362708216 ] ] ] } },
{ "type": "Feature", "properties": { "A31a_301": "8505080001", "A31a_302": "土岐川", "A31a_303": "21", "A31a_304": "岐阜県", "A31a_305": 2 }, "geometry": { "type": "Polygon", "coordinates": [ [ [ 137.210000247, 35.362916613 ], [ 137.210000247, 35.36270828 ], [ 137.209687747, 35.36270828 ], [ 137.209687746, 35.362499947 ], [ 137.209375246, 35.362499947 ], [ 137.209062746, 35.362499948 ], [ 137.209062746, 35.362291614 ], [ 137.208750246, 35.362291615 ], [ 137.208437746, 35.362291615 ], [ 137.208437746, 35.362499948 ], [ 137.208125246, 35.362499948 ], [ 137.207812746, 35.362499949 ], [ 137.207812746, 35.362708282 ], [ 137.208125246, 35.362708281 ], [ 137.208437746, 35.362708281 ], [ 137.208750246, 35.362708281 ], [ 137.209062746, 35.362708281 ], [ 137.209375246, 35.36270828 ], [ 137.209375247, 35.362916613 ], [ 137.209687747, 35.362916613 ], [ 137.210000247, 35.362916613 ] ] ] } },
{ "type": "Feature", "properties": { "A31a_301": "8505080001", "A31a_302": "土岐川", "A31a_303": "21", "A31a_304": "岐阜県", "A31a_305": 2 }, "geometry": { "type": "Polygon", "coordinates": [ [ [ 137.210625247, 35.363124945 ], [ 137.210625247, 35.362916612 ], [ 137.210312747, 35.362916612 ], [ 137.210000247, 35.362916613 ], [ 137.210000247, 35.363124946 ], [ 137.210312747, 35.363124946 ], [ 137.210625247, 35.363124945 ] ] ] } },
{ "type": "Feature", "properties": { "A31a_301": "8505080001", "A31a_302": "土岐川", "A31a_303": "21", "A31a_304": "岐阜県", "A31a_305": 2 }, "geometry": { "type": "Polygon", "coordinates": [ [ [ 137.211250248, 35.363333278 ], [ 137.211250248, 35.363124945 ], [ 137.210937748, 35.363124945 ], [ 137.210625247, 35.363124945 ], [ 137.210625248, 35.363333278 ], [ 137.210937748, 35.363333278 ], [ 137.211250248, 35.363333278 ] ] ] } },
{ "type": "Feature", "properties": { "A31a_301": "8505080001", "A31a_302": "土岐川", "A31a_303": "21", "A31a_304": "岐阜県", "A31a_305": 2 }, "geometry": { "type": "Polygon", "coordinates": [ [ [ 137.211562748, 35.363541611 ], [ 137.211562748, 35.363333277 ], [ 137.211250248, 35.363333278 ], [ 137.211250248, 35.363541611 ], [ 137.211562748, 35.363541611 ] ] ] } },
{ "type": "Feature", "properties": { "A31a_301": "8505080001", "A31a_302": "土岐川", "A31a_303": "21", "A31a_304": "岐阜県", "A31a_305": 2 }, "geometry": { "type": "Polygon", "coordinates": [ [ [ 137.212812749, 35.363958275 ], [ 137.212812749, 35.363749942 ], [ 137.212500249, 35.363749943 ], [ 137.212500249, 35.36354161 ], [ 137.212187748, 35.36354161 ], [ 137.211875248, 35.36354161 ], [ 137.211562748, 35.363541611 ], [ 137.211562749, 35.363749944 ], [ 137.211875249, 35.363749943 ], [ 137.212187749, 35.363749943 ], [ 137.212187749, 35.363958276 ], [ 137.212500249, 35.363958276 ], [ 137.212812749, 35.363958275 ] ] ] } },
{ "type": "Feature", "properties": { "A31a_301": "8505080001", "A31a_302": "土岐川", "A31a_303": "21", "A31a_304": "岐阜県", "A31a_305": 2 }, "geometry": { "type": "Polygon", "coordinates": [ [ [ 137.251875264, 35.364166547 ], [ 137.251875264, 35.363958214 ], [ 137.251562764, 35.363958215 ], [ 137.251562764, 35.364166548 ], [ 137.251875264, 35.364166547 ] ] ] } },
{ "type": "Feature", "properties": { "A31a_301": "8505080001", "A31a_302": "土岐川", "A31a_303": "21", "A31a_304": "岐阜県", "A31a_305": 2 }, "geometry": { "type": "Polygon", "coordinates": [ [ [ 137.212812749, 35.363958275 ], [ 137.21281275, 35.364166608 ], [ 137.21312525, 35.364166608 ], [ 137.213125249, 35.363958275 ], [ 137.212812749, 35.363958275 ] ] ] } },
{ "type": "Feature", "properties": { "A31a_301": "8505080001", "A31a_302": "土岐川", "A31a_303": "21", "A31a_304": "岐阜県", "A31a_305": 2 }, "geometry": { "type": "Polygon", "coordinates": [ [ [ 137.21375025, 35.36437494 ], [ 137.21375025, 35.364166607 ], [ 137.21343775, 35.364166608 ], [ 137.21343775, 35.364374941 ], [ 137.21375025, 35.36437494 ] ] ] } },
{ "type": "Feature", "properties": { "A31a_301": "8505080001", "A31a_302": "土岐川", "A31a_303": "21", "A31a_304": "岐阜県", "A31a_305": 2 }, "geometry": { "type": "Polygon", "coordinates": [ [ [ 137.259062768, 35.364583197 ], [ 137.259062768, 35.364374864 ], [ 137.258750268, 35.364374865 ], [ 137.258750268, 35.364583198 ], [ 137.259062768, 35.364583197 ] ] ] } },
{ "type": "Feature", "properties": { "A31a_301": "8505080001", "A31a_302": "土岐川", "A31a_303": "21", "A31a_304": "岐阜県", "A31a_305": 2 }, "geometry": { "type": "Polygon", "coordinates": [ [ [ 137.21406275, 35.364583273 ], [ 137.21406275, 35.36437494 ], [ 137.21375025, 35.36437494 ], [ 137.21375025, 35.364583273 ], [ 137.21406275, 35.364583273 ] ] ] } },
{ "type": "Feature", "properties": { "A31a_301": "8505080001", "A31a_302": "土岐川", "A31a_303": "21", "A31a_304": "岐阜県", "A31a_305": 2 }, "geometry": { "type": "Polygon", "coordinates": [ [ [ 137.251875265, 35.364791546 ], [ 137.251875265, 35.364583213 ], [ 137.251562765, 35.364583214 ], [ 137.251562765, 35.364791547 ], [ 137.251875265, 35.364791546 ] ] ] } },
{ "type": "Feature", "properties": { "A31a_301": "8505080001", "A31a_302": "土岐川", "A31a_303": "21", "A31a_304": "岐阜県", "A31a_305": 2 }, "geometry": { "type": "Polygon", "coordinates": [ [ [ 137.214375251, 35.364791606 ], [ 137.214375251, 35.364583273 ], [ 137.21406275, 35.364583273 ], [ 137.214062751, 35.364791606 ], [ 137.214375251, 35.364791606 ] ] ] } },
{ "type": "Feature", "properties": { "A31a_301": "8505080001", "A31a_302": "土岐川", "A31a_303": "21", "A31a_304": "岐阜県", "A31a_305": 2 }, "geometry": { "type": "Polygon", "coordinates": [ [ [ 137.214375251, 35.364791606 ], [ 137.214375251, 35.364999939 ], [ 137.214687751, 35.364999938 ], [ 137.214687751, 35.364791605 ], [ 137.214375251, 35.364791606 ] ] ] } },
{ "type": "Feature", "properties": { "A31a_301": "8505080001", "A31a_302": "土岐川", "A31a_303": "21", "A31a_304": "岐阜県", "A31a_305": 2 }, "geometry": { "type": "Polygon", "coordinates": [ [ [ 137.215312752, 35.365208271 ], [ 137.215312751, 35.364999937 ], [ 137.215000251, 35.364999938 ], [ 137.215000251, 35.365208271 ], [ 137.215312752, 35.365208271 ] ] ] } },
{ "type": "Feature", "properties": { "A31a_301": "8505080001", "A31a_302": "土岐川", "A31a_303": "21", "A31a_304": "岐阜県", "A31a_305": 2 }, "geometry": { "type": "Polygon", "coordinates": [ [ [ 137.257500269, 35.365416533 ], [ 137.257500268, 35.3652082 ], [ 137.257187768, 35.3652082 ], [ 137.257187768, 35.364999867 ], [ 137.257187768, 35.364791534 ], [ 137.256875268, 35.364791535 ], [ 137.256875268, 35.364999868 ], [ 137.256562768, 35.364999869 ], [ 137.256562768, 35.365208202 ], [ 137.256875268, 35.365208201 ], [ 137.256875268, 35.365416534 ], [ 137.257187768, 35.365416533 ], [ 137.257500269, 35.365416533 ] ] ] } },
{ "type": "Feature", "properties": { "A31a_301": "8505080001", "A31a_302": "土岐川", "A31a_303": "21", "A31a_304": "岐阜県", "A31a_305": 2 }, "geometry": { "type": "Polygon", "coordinates": [ [ [ 137.263437772, 35.365833185 ], [ 137.263437772, 35.365624852 ], [ 137.263125271, 35.365624853 ], [ 137.263125272, 35.365833186 ], [ 137.263437772, 35.365833185 ] ] ] } },
{ "type": "Feature", "properties": { "A31a_301": "8505080001", "A31a_302": "土岐川", "A31a_303": "21", "A31a_304": "岐阜県", "A31a_305": 2 }, "geometry": { "type": "Polygon", "coordinates": [ [ [ 137.26093777, 35.365624858 ], [ 137.26093777, 35.365416525 ], [ 137.26062527, 35.365416526 ], [ 137.26031277, 35.365416526 ], [ 137.26031277, 35.365624859 ], [ 137.26000027, 35.36562486 ], [ 137.26000027, 35.365833193 ], [ 137.25968777, 35.365833194 ], [ 137.25968777, 35.366041527 ], [ 137.26000027, 35.366041526 ], [ 137.260312771, 35.366041525 ], [ 137.26031277, 35.365833192 ], [ 137.260625271, 35.365833192 ], [ 137.260937771, 35.365833191 ], [ 137.26093777, 35.365624858 ] ] ] } },
{ "type": "Feature", "properties": { "A31a_301": "8505080001", "A31a_302": "土岐川", "A31a_303": "21", "A31a_304": "岐阜県", "A31a_305": 2 }, "geometry": { "type": "Polygon", "coordinates": [ [ [ 137.240625262, 35.366041565 ], [ 137.240625261, 35.365833232 ], [ 137.240312761, 35.365833232 ], [ 137.240312762, 35.366041565 ], [ 137.240625262, 35.366041565 ] ] ] } },
{ "type": "Feature", "properties": { "A31a_301": "8505080001", "A31a_302": "土岐川", "A31a_303": "21", "A31a_304": "岐阜県", "A31a_305": 2 }, "geometry": { "type": "Polygon", "coordinates": [ [ [ 137.252187769, 35.367708208 ], [ 137.252187769, 35.367499875 ], [ 137.251875269, 35.367499875 ], [ 137.251875269, 35.367708208 ], [ 137.252187769, 35.367708208 ] ] ] } },
{ "type": "Feature", "properties": { "A31a_301": "8505080001", "A31a_302": "土岐川", "A31a_303": "21", "A31a_304": "岐阜県", "A31a_305": 2 }, "geometry": { "type": "Polygon", "coordinates": [ [ [ 137.221875256, 35.367916591 ], [ 137.221875256, 35.367708258 ], [ 137.221562756, 35.367708259 ], [ 137.221562756, 35.367916592 ], [ 137.221875256, 35.367916591 ] ] ] } },
{ "type": "Feature", "properties": { "A31a_301": "8505080001", "A31a_302": "土岐川", "A31a_303": "21", "A31a_304": "岐阜県", "A31a_305": 2 }, "geometry": { "type": "Polygon", "coordinates": [ [ [ 137.262187775, 35.368541518 ], [ 137.262187774, 35.368333185 ], [ 137.262187774, 35.368124852 ], [ 137.262500274, 35.368124851 ], [ 137.262500274, 35.367916518 ], [ 137.262187774, 35.367916519 ], [ 137.262187773, 35.367708186 ], [ 137.262187773, 35.367499853 ], [ 137.262500273, 35.367499852 ], [ 137.262812773, 35.367499851 ], [ 137.262812773, 35.367291518 ], [ 137.262812773, 35.367083185 ], [ 137.262812773, 35.366874852 ], [ 137.262812772, 35.366666519 ], [ 137.262500272, 35.366666519 ], [ 137.262500272, 35.366874853 ], [ 137.262500273, 35.367083186 ], [ 137.262187773, 35.367083186 ], [ 137.262187772, 35.366874853 ], [ 137.262187772, 35.36666652 ], [ 137.261875272, 35.366666521 ], [ 137.261875272, 35.366874854 ], [ 137.261562772, 35.366874855 ], [ 137.261250272, 35.366874855 ], [ 137.261250272, 35.367083188 ], [ 137.261250272, 35.367291522 ], [ 137.261250273, 35.367499855 ], [ 137.260937773, 35.367499855 ], [ 137.260625272, 35.367499856 ], [ 137.260625273, 35.367708189 ], [ 137.260625273, 35.367916522 ], [ 137.260625273, 35.368124855 ], [ 137.260625274, 35.368333189 ], [ 137.260937774, 35.368333188 ], [ 137.261250274, 35.368333187 ], [ 137.261562774, 35.368333186 ], [ 137.261562774, 35.36854152 ], [ 137.261562775, 35.368749853 ], [ 137.261562775, 35.368958186 ], [ 137.261875275, 35.368958185 ], [ 137.261875275, 35.368749852 ], [ 137.262187775, 35.368749851 ], [ 137.262187775, 35.368541518 ] ] ] } },
{ "type": "Feature", "properties": { "A31a_301": "8505080001", "A31a_302": "土岐川", "A31a_303": "21", "A31a_304": "岐阜県", "A31a_305": 2 }, "geometry": { "type": "Polygon", "coordinates": [ [ [ 137.261562776, 35.369583185 ], [ 137.261562775, 35.369374852 ], [ 137.261562775, 35.369166519 ], [ 137.261250275, 35.36916652 ], [ 137.261250275, 35.369374853 ], [ 137.261250276, 35.369583186 ], [ 137.261562776, 35.369583185 ] ] ] } },
{ "type": "Feature", "properties": { "A31a_301": "8505080001", "A31a_302": "土岐川", "A31a_303": "21", "A31a_304": "岐阜県", "A31a_305": 2 }, "geometry": { "type": "Polygon", "coordinates": [ [ [ 137.261562776, 35.369583185 ], [ 137.261562776, 35.369791518 ], [ 137.261562776, 35.369999851 ], [ 137.261875276, 35.369999851 ], [ 137.261875276, 35.369791518 ], [ 137.261875276, 35.369583185 ], [ 137.261562776, 35.369583185 ] ] ] } },
{ "type": "Feature", "properties": { "A31a_301": "8505080001", "A31a_302": "土岐川", "A31a_303": "21", "A31a_304": "岐阜県", "A31a_305": 2 }, "geometry": { "type": "Polygon", "coordinates": [ [ [ 137.267500294, 35.381249826 ], [ 137.267812794, 35.381249825 ], [ 137.267812794, 35.381458158 ], [ 137.268125294, 35.381458158 ], [ 137.268125295, 35.381666491 ], [ 137.268437795, 35.38166649 ], [ 137.268437795, 35.381458157 ], [ 137.268437794, 35.381249824 ], [ 137.268437794, 35.381041491 ], [ 137.268125294, 35.381041491 ], [ 137.268125294, 35.380833158 ], [ 137.267812793, 35.380833159 ], [ 137.267500293, 35.38083316 ], [ 137.267500294, 35.381041493 ], [ 137.267500294, 35.381249826 ] ] ] } },
{ "type": "Feature", "properties": { "A31a_301": "8505080001", "A31a_302": "土岐川", "A31a_303": "21", "A31a_304": "岐阜県", "A31a_305": 2 }, "geometry": { "type": "Polygon", "coordinates": [ [ [ 137.267500294, 35.381249826 ], [ 137.267187794, 35.381249827 ], [ 137.267187794, 35.38145816 ], [ 137.267187794, 35.381666493 ], [ 137.267500294, 35.381666492 ], [ 137.267500294, 35.381458159 ], [ 137.267500294, 35.381249826 ] ] ] } },
{ "type": "Feature", "properties": { "A31a_301": "8505080001", "A31a_302": "土岐川", "A31a_303": "21", "A31a_304": "岐阜県", "A31a_305": 2 }, "geometry": { "type": "Polygon", "coordinates": [ [ [ 137.268437797, 35.383124822 ], [ 137.268437797, 35.382916489 ], [ 137.268437796, 35.382708156 ], [ 137.268125296, 35.382708156 ], [ 137.268125296, 35.382499823 ], [ 137.267812796, 35.382499824 ], [ 137.267500296, 35.382499825 ], [ 137.267500296, 35.382708158 ], [ 137.267812796, 35.382708157 ], [ 137.267812796, 35.38291649 ], [ 137.267812797, 35.383124823 ], [ 137.268125297, 35.383124823 ], [ 137.268437797, 35.383124822 ] ] ] } },
{ "type": "Feature", "properties": { "A31a_301": "8505080001", "A31a_302": "土岐川", "A31a_303": "21", "A31a_304": "岐阜県", "A31a_305": 2 }, "geometry": { "type": "Polygon", "coordinates": [ [ [ 137.268437797, 35.383124822 ], [ 137.268437797, 35.383333155 ], [ 137.268437797, 35.383541488 ], [ 137.268750298, 35.383541487 ], [ 137.268750297, 35.383333154 ], [ 137.268750297, 35.383124821 ], [ 137.268437797, 35.383124822 ] ] ] } },
{ "type": "Feature", "properties": { "A31a_301": "8505080001", "A31a_302": "土岐川", "A31a_303": "21", "A31a_304": "岐阜県", "A31a_305": 2 }, "geometry": { "type": "Polygon", "coordinates": [ [ [ 137.2703128, 35.38458315 ], [ 137.270312799, 35.384374816 ], [ 137.270000299, 35.384374817 ], [ 137.270000299, 35.38458315 ], [ 137.269687799, 35.384583151 ], [ 137.2696878, 35.384791484 ], [ 137.2700003, 35.384791484 ], [ 137.2703128, 35.384791483 ], [ 137.2703128, 35.38458315 ] ] ] } },
{ "type": "Feature", "properties": { "A31a_301": "8505080001", "A31a_302": "土岐川", "A31a_303": "21", "A31a_304": "岐阜県", "A31a_305": 2 }, "geometry": { "type": "Polygon", "coordinates": [ [ [ 137.271875301, 35.385416479 ], [ 137.271875301, 35.385208146 ], [ 137.271562801, 35.385208146 ], [ 137.271562801, 35.384999813 ], [ 137.271250301, 35.384999814 ], [ 137.2712503, 35.384791481 ], [ 137.2712503, 35.384583147 ], [ 137.2709378, 35.384583148 ], [ 137.2709378, 35.384791481 ], [ 137.2709378, 35.384999815 ], [ 137.270937801, 35.385208148 ], [ 137.270937801, 35.385416481 ], [ 137.271250301, 35.38541648 ], [ 137.271562801, 35.38541648 ], [ 137.271875301, 35.385416479 ] ] ] } },
{ "type": "Feature", "properties": { "A31a_301": "8505080001", "A31a_302": "土岐川", "A31a_303": "21", "A31a_304": "岐阜県", "A31a_305": 2 }, "geometry": { "type": "Polygon", "coordinates": [ [ [ 137.271875301, 35.385416479 ], [ 137.271875302, 35.385624812 ], [ 137.272187802, 35.385624811 ], [ 137.272187802, 35.385416478 ], [ 137.271875301, 35.385416479 ] ] ] } },
{ "type": "Feature", "properties": { "A31a_301": "8505080001", "A31a_302": "土岐川", "A31a_303": "21", "A31a_304": "岐阜県", "A31a_305": 2 }, "geometry": { "type": "Polygon", "coordinates": [ [ [ 137.272187803, 35.386666477 ], [ 137.272187803, 35.386458144 ], [ 137.271875303, 35.386458145 ], [ 137.271562803, 35.386458146 ], [ 137.271562802, 35.386249812 ], [ 137.271250302, 35.386249813 ], [ 137.271250303, 35.386458146 ], [ 137.271250303, 35.38666648 ], [ 137.271562803, 35.386666479 ], [ 137.271875303, 35.386666478 ], [ 137.272187803, 35.386666477 ] ] ] } },
{ "type": "Feature", "properties": { "A31a_301": "8505080001", "A31a_302": "土岐川", "A31a_303": "21", "A31a_304": "岐阜県", "A31a_305": 2 }, "geometry": { "type": "Polygon", "coordinates": [ [ [ 137.272187803, 35.386666477 ], [ 137.272187803, 35.386874811 ], [ 137.272500304, 35.38687481 ], [ 137.272500303, 35.386666477 ], [ 137.272187803, 35.386666477 ] ] ] } },
{ "type": "Feature", "properties": { "A31a_301": "8505080001", "A31a_302": "土岐川", "A31a_303": "21", "A31a_304": "岐阜県", "A31a_305": 2 }, "geometry": { "type": "Polygon", "coordinates": [ [ [ 137.275312809, 35.390208136 ], [ 137.275312809, 35.389999803 ], [ 137.275000309, 35.389999803 ], [ 137.275000309, 35.390208137 ], [ 137.275312809, 35.390208136 ] ] ] } },
{ "type": "Feature", "properties": { "A31a_301": "8505080001", "A31a_302": "土岐川", "A31a_303": "21", "A31a_304": "岐阜県", "A31a_305": 2 }, "geometry": { "type": "Polygon", "coordinates": [ [ [ 137.275312809, 35.390208136 ], [ 137.27531281, 35.390416469 ], [ 137.27562531, 35.390416468 ], [ 137.27562531, 35.390208135 ], [ 137.275312809, 35.390208136 ] ] ] } },
{ "type": "Feature", "properties": { "A31a_301": "8505080001", "A31a_302": "土岐川", "A31a_303": "21", "A31a_304": "岐阜県", "A31a_305": 2 }, "geometry": { "type": "Polygon", "coordinates": [ [ [ 137.27531281, 35.390416469 ], [ 137.275000309, 35.39041647 ], [ 137.274687809, 35.390416471 ], [ 137.27468781, 35.390624804 ], [ 137.27500031, 35.390624803 ], [ 137.27531281, 35.390624802 ], [ 137.27531281, 35.390416469 ] ] ] } },
{ "type": "Feature", "properties": { "A31a_301": "8505080001", "A31a_302": "土岐川", "A31a_303": "21", "A31a_304": "岐阜県", "A31a_305": 2 }, "geometry": { "type": "Polygon", "coordinates": [ [ [ 137.276562812, 35.391458133 ], [ 137.276562812, 35.391249799 ], [ 137.276250311, 35.3912498 ], [ 137.276250312, 35.391458133 ], [ 137.276562812, 35.391458133 ] ] ] } },
{ "type": "Feature", "properties": { "A31a_301": "8505080001", "A31a_302": "土岐川", "A31a_303": "21", "A31a_304": "岐阜県", "A31a_305": 2 }, "geometry": { "type": "Polygon", "coordinates": [ [ [ 137.277500314, 35.392499797 ], [ 137.277500314, 35.392291464 ], [ 137.277187813, 35.392291464 ], [ 137.277187814, 35.392499798 ], [ 137.277500314, 35.392499797 ] ] ] } },
{ "type": "Feature", "properties": { "A31a_301": "8505080001", "A31a_302": "土岐川", "A31a_303": "21", "A31a_304": "岐阜県", "A31a_305": 2 }, "geometry": { "type": "Polygon", "coordinates": [ [ [ 137.277812815, 35.392916463 ], [ 137.277812814, 35.39270813 ], [ 137.277500314, 35.39270813 ], [ 137.277500314, 35.392916464 ], [ 137.277812815, 35.392916463 ] ] ] } },
{ "type": "Feature", "properties": { "A31a_301": "8505080001", "A31a_302": "土岐川", "A31a_303": "21", "A31a_304": "岐阜県", "A31a_305": 2 }, "geometry": { "type": "Polygon", "coordinates": [ [ [ 137.277812818, 35.395208129 ], [ 137.277812817, 35.394999796 ], [ 137.277500317, 35.394999796 ], [ 137.277500317, 35.39520813 ], [ 137.277812818, 35.395208129 ] ] ] } },
{ "type": "Feature", "properties": { "A31a_301": "8505080001", "A31a_302": "土岐川", "A31a_303": "21", "A31a_304": "岐阜県", "A31a_305": 2 }, "geometry": { "type": "Polygon", "coordinates": [ [ [ 137.277812821, 35.397499795 ], [ 137.27781282, 35.397291462 ], [ 137.27750032, 35.397291462 ], [ 137.277500321, 35.397499796 ], [ 137.277500321, 35.397708129 ], [ 137.277500321, 35.397916462 ], [ 137.277500321, 35.398124795 ], [ 137.277812822, 35.398124795 ], [ 137.277812821, 35.397916462 ], [ 137.277812821, 35.397708128 ], [ 137.277812821, 35.397499795 ] ] ] } },
{ "type": "Feature", "properties": { "A31a_301": "8505080001", "A31a_302": "土岐川", "A31a_303": "21", "A31a_304": "岐阜県", "A31a_305": 2 }, "geometry": { "type": "Polygon", "coordinates": [ [ [ 137.29593784, 35.402291426 ], [ 137.29593784, 35.402083093 ], [ 137.295625339, 35.402083093 ], [ 137.295625339, 35.40187476 ], [ 137.295625339, 35.401666426 ], [ 137.295625338, 35.401458093 ], [ 137.295312838, 35.401458093 ], [ 137.295312839, 35.401666427 ], [ 137.295312839, 35.40187476 ], [ 137.295312839, 35.402083094 ], [ 137.29531284, 35.402291427 ], [ 137.29531284, 35.402499761 ], [ 137.29531284, 35.402708094 ], [ 137.29562534, 35.402708094 ], [ 137.29562534, 35.40249976 ], [ 137.29593784, 35.40249976 ], [ 137.29593784, 35.402291426 ] ] ] } },
{ "type": "Feature", "properties": { "A31a_301": "8505080001", "A31a_302": "土岐川", "A31a_303": "21", "A31a_304": "岐阜県", "A31a_305": 2 }, "geometry": { "type": "Polygon", "coordinates": [ [ [ 137.296562844, 35.404166426 ], [ 137.296562843, 35.403958092 ], [ 137.296875343, 35.403958092 ], [ 137.296875343, 35.403749758 ], [ 137.297187843, 35.403749758 ], [ 137.297187843, 35.403541424 ], [ 137.296875343, 35.403541425 ], [ 137.296562843, 35.403541426 ], [ 137.296562843, 35.403749759 ], [ 137.296250343, 35.40374976 ], [ 137.295937842, 35.40374976 ], [ 137.295937843, 35.403958094 ], [ 137.296250343, 35.403958093 ], [ 137.296250343, 35.404166427 ], [ 137.296562844, 35.404166426 ] ] ] } },
{ "type": "Feature", "properties": { "A31a_301": "8505080001", "A31a_302": "土岐川", "A31a_303": "21", "A31a_304": "岐阜県", "A31a_305": 2 }, "geometry": { "type": "Polygon", "coordinates": [ [ [ 137.298437845, 35.404374756 ], [ 137.298437845, 35.404166422 ], [ 137.298125345, 35.404166423 ], [ 137.298125345, 35.404374756 ], [ 137.298437845, 35.404374756 ] ] ] } }
]
}
