{
"type": "FeatureCollection",
"name": "A31a-10-25_21_8505080120_20",
"crs": { "type": "name", "properties": { "name": "urn:ogc:def:crs:EPSG::6668" } },
"xy_coordinate_resolution": 1e-09,
"features": [
{ "type": "Feature", "properties": { "A31a_101": "8505080120", "A31a_102": "肥田川", "A31a_103": "21", "A31a_104": "岐阜県", "A31a_105": 1 }, "geometry": { "type": "Polygon", "coordinates": [ [ [ 137.235437715, 35.326833309 ], [ 137.235437715, 35.326791649 ], [ 137.235500214, 35.326791649 ], [ 137.235500214, 35.326749979 ], [ 137.235500214, 35.326708309 ], [ 137.235500214, 35.326666649 ], [ 137.235562714, 35.326666649 ], [ 137.235562714, 35.326624979 ], [ 137.235562714, 35.326583309 ], [ 137.235562714, 35.326541649 ], [ 137.235500214, 35.326541649 ], [ 137.235500214, 35.326499979 ], [ 137.235437714, 35.326499979 ], [ 137.235437714, 35.326541649 ], [ 137.235437715, 35.326583309 ], [ 137.235437715, 35.326624979 ], [ 137.235437715, 35.326666649 ], [ 137.235437715, 35.326708309 ], [ 137.235375214, 35.326708309 ], [ 137.235375214, 35.326749979 ], [ 137.235375215, 35.326791649 ], [ 137.235375215, 35.326833309 ], [ 137.235437715, 35.326833309 ] ] ] } },
{ "type": "Feature", "properties": { "A31a_101": "8505080120", "A31a_102": "肥田川", "A31a_103": "21", "A31a_104": "岐阜県", "A31a_105": 1 }, "geometry": { "type": "Polygon", "coordinates": [ [ [ 137.235437715, 35.326874979 ], [ 137.235375215, 35.326874979 ], [ 137.235375215, 35.326916649 ], [ 137.235437715, 35.326916649 ], [ 137.235437715, 35.326874979 ] ] ] } },
{ "type": "Feature", "properties": { "A31a_101": "8505080120", "A31a_102": "肥田川", "A31a_103": "21", "A31a_104": "岐阜県", "A31a_105": 1 }, "geometry": { "type": "Polygon", "coordinates": [ [ [ 137.235750215, 35.327291648 ], [ 137.235750215, 35.327249978 ], [ 137.235750215, 35.327208308 ], [ 137.235750215, 35.327166648 ], [ 137.235750215, 35.327124978 ], [ 137.235687715, 35.327124978 ], [ 137.235687715, 35.327083309 ], [ 137.235687715, 35.327041648 ], [ 137.235625215, 35.327041648 ], [ 137.235562715, 35.327041649 ], [ 137.235500214, 35.327041649 ], [ 137.235500214, 35.326999979 ], [ 137.235437715, 35.326999979 ], [ 137.235437715, 35.327041649 ], [ 137.235437715, 35.327083309 ], [ 137.235500214, 35.327083309 ], [ 137.235500214, 35.327124978 ], [ 137.235500214, 35.327166648 ], [ 137.235562715, 35.327166648 ], [ 137.235562715, 35.327208308 ], [ 137.235625215, 35.327208308 ], [ 137.235625215, 35.327249978 ], [ 137.235625215, 35.327291648 ], [ 137.235562715, 35.327291648 ], [ 137.235562715, 35.327333308 ], [ 137.235562715, 35.327374978 ], [ 137.235625215, 35.327374978 ], [ 137.235687715, 35.327374978 ], [ 137.235750216, 35.327374978 ], [ 137.235750216, 35.327333308 ], [ 137.235750215, 35.327291648 ] ] ] } },
{ "type": "Feature", "properties": { "A31a_101": "8505080120", "A31a_102": "肥田川", "A31a_103": "21", "A31a_104": "岐阜県", "A31a_105": 1 }, "geometry": { "type": "Polygon", "coordinates": [ [ [ 137.233875216, 35.329333305 ], [ 137.233875216, 35.329291645 ], [ 137.233937717, 35.329291645 ], [ 137.233937717, 35.329249975 ], [ 137.233937717, 35.329208306 ], [ 137.233937716, 35.329166646 ], [ 137.233875216, 35.329166646 ], [ 137.233812716, 35.329166646 ], [ 137.233812716, 35.329208306 ], [ 137.233750216, 35.329208306 ], [ 137.233750216, 35.329166646 ], [ 137.233687716, 35.329166646 ], [ 137.233625216, 35.329166646 ], [ 137.233625216, 35.329208306 ], [ 137.233625216, 35.329249976 ], [ 137.233625216, 35.329291646 ], [ 137.233625216, 35.329333306 ], [ 137.233687716, 35.329333306 ], [ 137.233687716, 35.329374976 ], [ 137.233750216, 35.329374976 ], [ 137.233812716, 35.329374975 ], [ 137.233875217, 35.329374975 ], [ 137.233875216, 35.329333305 ] ] ] } },
{ "type": "Feature", "properties": { "A31a_101": "8505080120", "A31a_102": "肥田川", "A31a_103": "21", "A31a_104": "岐阜県", "A31a_105": 1 }, "geometry": { "type": "Polygon", "coordinates": [ [ [ 137.230750214, 35.329291648 ], [ 137.230750215, 35.329333309 ], [ 137.230750215, 35.329374979 ], [ 137.230687714, 35.329374979 ], [ 137.230687714, 35.329333309 ], [ 137.230687714, 35.329291648 ], [ 137.230750214, 35.329291648 ], [ 137.230750214, 35.329249978 ], [ 137.230687714, 35.329249978 ], [ 137.230625214, 35.329249979 ], [ 137.230625214, 35.329208309 ], [ 137.230562715, 35.329208309 ], [ 137.230562715, 35.329249979 ], [ 137.230500214, 35.329249979 ], [ 137.230500214, 35.329291649 ], [ 137.230562715, 35.329291649 ], [ 137.230562715, 35.329333309 ], [ 137.230562715, 35.329374979 ], [ 137.230562715, 35.329416649 ], [ 137.230562715, 35.329458309 ], [ 137.230625214, 35.329458309 ], [ 137.230687714, 35.329458309 ], [ 137.230750215, 35.329458309 ], [ 137.230812715, 35.329458309 ], [ 137.230812715, 35.329416648 ], [ 137.230812715, 35.329374978 ], [ 137.230812715, 35.329333308 ], [ 137.230812715, 35.329291648 ], [ 137.230750214, 35.329291648 ] ] ] } },
{ "type": "Feature", "properties": { "A31a_101": "8505080120", "A31a_102": "肥田川", "A31a_103": "21", "A31a_104": "岐阜県", "A31a_105": 1 }, "geometry": { "type": "Polygon", "coordinates": [ [ [ 137.234375217, 35.329499975 ], [ 137.234375217, 35.329458305 ], [ 137.234437717, 35.329458305 ], [ 137.234500217, 35.329458305 ], [ 137.234500217, 35.329416645 ], [ 137.234562716, 35.329416645 ], [ 137.234562716, 35.329374975 ], [ 137.234562716, 35.329333305 ], [ 137.234500217, 35.329333305 ], [ 137.234500217, 35.329291645 ], [ 137.234500217, 35.329249975 ], [ 137.234500217, 35.329208306 ], [ 137.234500217, 35.329166645 ], [ 137.234500217, 35.329124975 ], [ 137.234500217, 35.329083305 ], [ 137.234437716, 35.329083305 ], [ 137.234437716, 35.329041645 ], [ 137.234375216, 35.329041645 ], [ 137.234312716, 35.329041645 ], [ 137.234312716, 35.329083306 ], [ 137.234250217, 35.329083306 ], [ 137.234187716, 35.329083306 ], [ 137.234187716, 35.329124976 ], [ 137.234125216, 35.329124976 ], [ 137.234125216, 35.329166646 ], [ 137.234125216, 35.329208306 ], [ 137.234125216, 35.329249975 ], [ 137.234187717, 35.329249975 ], [ 137.234187717, 35.329291645 ], [ 137.234187717, 35.329333305 ], [ 137.234187717, 35.329374975 ], [ 137.234187717, 35.329416645 ], [ 137.234250217, 35.329416645 ], [ 137.234250217, 35.329458305 ], [ 137.234312716, 35.329458305 ], [ 137.234312716, 35.329499975 ], [ 137.234375217, 35.329499975 ] ] ] } },
{ "type": "Feature", "properties": { "A31a_101": "8505080120", "A31a_102": "肥田川", "A31a_103": "21", "A31a_104": "岐阜県", "A31a_105": 1 }, "geometry": { "type": "Polygon", "coordinates": [ [ [ 137.233500216, 35.329541646 ], [ 137.233500216, 35.329499976 ], [ 137.233437716, 35.329499976 ], [ 137.233437716, 35.329458306 ], [ 137.233375216, 35.329458306 ], [ 137.233375216, 35.329499976 ], [ 137.233375216, 35.329541646 ], [ 137.233312717, 35.329541646 ], [ 137.233312717, 35.329583305 ], [ 137.233312717, 35.329624975 ], [ 137.233312717, 35.329666645 ], [ 137.233312717, 35.329708305 ], [ 137.233375216, 35.329708305 ], [ 137.233437716, 35.329708305 ], [ 137.233500216, 35.329708305 ], [ 137.233562717, 35.329708305 ], [ 137.233562717, 35.329666645 ], [ 137.233500216, 35.329666645 ], [ 137.233500216, 35.329624975 ], [ 137.233500216, 35.329583305 ], [ 137.233500216, 35.329541646 ] ] ] } },
{ "type": "Feature", "properties": { "A31a_101": "8505080120", "A31a_102": "肥田川", "A31a_103": "21", "A31a_104": "岐阜県", "A31a_105": 1 }, "geometry": { "type": "Polygon", "coordinates": [ [ [ 137.234187717, 35.330041644 ], [ 137.234187717, 35.329999974 ], [ 137.234187717, 35.329958304 ], [ 137.234125217, 35.329958304 ], [ 137.234125217, 35.329999974 ], [ 137.234125217, 35.330041644 ], [ 137.234062717, 35.330041644 ], [ 137.234062717, 35.330083304 ], [ 137.234125217, 35.330083304 ], [ 137.234125217, 35.330124974 ], [ 137.234125217, 35.330166643 ], [ 137.234187718, 35.330166643 ], [ 137.234187718, 35.330124974 ], [ 137.234187717, 35.330083304 ], [ 137.234187717, 35.330041644 ] ] ] } },
{ "type": "Feature", "properties": { "A31a_101": "8505080120", "A31a_102": "肥田川", "A31a_103": "21", "A31a_104": "岐阜県", "A31a_105": 1 }, "geometry": { "type": "Polygon", "coordinates": [ [ [ 137.234125217, 35.330208303 ], [ 137.234062717, 35.330208303 ], [ 137.234062717, 35.330249973 ], [ 137.234125217, 35.330249973 ], [ 137.234125217, 35.330208303 ] ] ] } },
{ "type": "Feature", "properties": { "A31a_101": "8505080120", "A31a_102": "肥田川", "A31a_103": "21", "A31a_104": "岐阜県", "A31a_105": 1 }, "geometry": { "type": "Polygon", "coordinates": [ [ [ 137.234312717, 35.330249973 ], [ 137.234312717, 35.330208303 ], [ 137.234375217, 35.330208303 ], [ 137.234375217, 35.330166643 ], [ 137.234312717, 35.330166643 ], [ 137.234250218, 35.330166643 ], [ 137.234250218, 35.330208303 ], [ 137.234250218, 35.330249973 ], [ 137.234312717, 35.330249973 ] ] ] } },
{ "type": "Feature", "properties": { "A31a_101": "8505080120", "A31a_102": "肥田川", "A31a_103": "21", "A31a_104": "岐阜県", "A31a_105": 1 }, "geometry": { "type": "Polygon", "coordinates": [ [ [ 137.233125217, 35.330541644 ], [ 137.233125217, 35.330499974 ], [ 137.233187717, 35.330499974 ], [ 137.233187717, 35.330458304 ], [ 137.233187717, 35.330416644 ], [ 137.233125217, 35.330416645 ], [ 137.233125217, 35.330374975 ], [ 137.233125217, 35.330333305 ], [ 137.233125217, 35.330291644 ], [ 137.233062716, 35.330291644 ], [ 137.233062717, 35.330333305 ], [ 137.233000217, 35.330333305 ], [ 137.233000217, 35.330374975 ], [ 137.233062717, 35.330374975 ], [ 137.233062717, 35.330416645 ], [ 137.233062717, 35.330458304 ], [ 137.233062717, 35.330499974 ], [ 137.233062717, 35.330541644 ], [ 137.233000217, 35.330541644 ], [ 137.232937717, 35.330541644 ], [ 137.232875217, 35.330541644 ], [ 137.232875217, 35.330583304 ], [ 137.232937717, 35.330583304 ], [ 137.233000217, 35.330583304 ], [ 137.233062717, 35.330583304 ], [ 137.233062717, 35.330624974 ], [ 137.233125217, 35.330624974 ], [ 137.233125217, 35.330583304 ], [ 137.233125217, 35.330541644 ] ] ] } },
{ "type": "Feature", "properties": { "A31a_101": "8505080120", "A31a_102": "肥田川", "A31a_103": "21", "A31a_104": "岐阜県", "A31a_105": 1 }, "geometry": { "type": "Polygon", "coordinates": [ [ [ 137.232250217, 35.330708305 ], [ 137.232250217, 35.330666645 ], [ 137.232312717, 35.330666645 ], [ 137.232375217, 35.330666645 ], [ 137.232375217, 35.330624975 ], [ 137.232375217, 35.330583305 ], [ 137.232312717, 35.330583305 ], [ 137.232250217, 35.330583305 ], [ 137.232250217, 35.330541645 ], [ 137.232187716, 35.330541645 ], [ 137.232125216, 35.330541645 ], [ 137.232125216, 35.330583305 ], [ 137.232062717, 35.330583305 ], [ 137.232062717, 35.330624975 ], [ 137.232062717, 35.330666645 ], [ 137.232062717, 35.330708305 ], [ 137.232125216, 35.330708305 ], [ 137.232187717, 35.330708305 ], [ 137.232250217, 35.330708305 ] ] ] } },
{ "type": "Feature", "properties": { "A31a_101": "8505080120", "A31a_102": "肥田川", "A31a_103": "21", "A31a_104": "岐阜県", "A31a_105": 1 }, "geometry": { "type": "Polygon", "coordinates": [ [ [ 137.231375217, 35.330916645 ], [ 137.231375217, 35.330874975 ], [ 137.231437717, 35.330874975 ], [ 137.231437717, 35.330833305 ], [ 137.231437717, 35.330791645 ], [ 137.231437717, 35.330749976 ], [ 137.231375217, 35.330749976 ], [ 137.231312716, 35.330749976 ], [ 137.231312716, 35.330791645 ], [ 137.231375217, 35.330791645 ], [ 137.231375217, 35.330833305 ], [ 137.231312716, 35.330833305 ], [ 137.231312716, 35.330874975 ], [ 137.231250216, 35.330874975 ], [ 137.231187717, 35.330874975 ], [ 137.231125217, 35.330874975 ], [ 137.231062717, 35.330874975 ], [ 137.231062716, 35.330833305 ], [ 137.231062716, 35.330791645 ], [ 137.231125217, 35.330791645 ], [ 137.231125217, 35.330749976 ], [ 137.231187717, 35.330749976 ], [ 137.231250216, 35.330749976 ], [ 137.231250216, 35.330708306 ], [ 137.231312716, 35.330708306 ], [ 137.231312716, 35.330666646 ], [ 137.231312716, 35.330624976 ], [ 137.231375216, 35.330624976 ], [ 137.231437717, 35.330624976 ], [ 137.231437717, 35.330666646 ], [ 137.231500217, 35.330666646 ], [ 137.231562716, 35.330666646 ], [ 137.231562716, 35.330624976 ], [ 137.231625216, 35.330624975 ], [ 137.231687717, 35.330624975 ], [ 137.231687717, 35.330583305 ], [ 137.231625216, 35.330583305 ], [ 137.231562716, 35.330583306 ], [ 137.231500217, 35.330583306 ], [ 137.231500217, 35.330541645 ], [ 137.231437717, 35.330541646 ], [ 137.231375216, 35.330541646 ], [ 137.231312716, 35.330541646 ], [ 137.231312716, 35.330583306 ], [ 137.231250216, 35.330583306 ], [ 137.231250216, 35.330624976 ], [ 137.231187717, 35.330624976 ], [ 137.231187717, 35.330666646 ], [ 137.231125216, 35.330666646 ], [ 137.231062716, 35.330666646 ], [ 137.231000216, 35.330666646 ], [ 137.231000216, 35.330708306 ], [ 137.230937716, 35.330708306 ], [ 137.230937716, 35.330749976 ], [ 137.230937716, 35.330791645 ], [ 137.231000216, 35.330791645 ], [ 137.231000216, 35.330833305 ], [ 137.231000216, 35.330874975 ], [ 137.230937716, 35.330874976 ], [ 137.230937716, 35.330916646 ], [ 137.231000216, 35.330916645 ], [ 137.231062717, 35.330916645 ], [ 137.231125217, 35.330916645 ], [ 137.231187717, 35.330916645 ], [ 137.231250216, 35.330916645 ], [ 137.231312717, 35.330916645 ], [ 137.231375217, 35.330916645 ] ] ] } },
{ "type": "Feature", "properties": { "A31a_101": "8505080120", "A31a_102": "肥田川", "A31a_103": "21", "A31a_104": "岐阜県", "A31a_105": 1 }, "geometry": { "type": "Polygon", "coordinates": [ [ [ 137.232625217, 35.330916644 ], [ 137.232625217, 35.330874974 ], [ 137.232687718, 35.330874974 ], [ 137.232687718, 35.330833304 ], [ 137.232687718, 35.330791644 ], [ 137.232687717, 35.330749974 ], [ 137.232625217, 35.330749975 ], [ 137.232625217, 35.330708305 ], [ 137.232562717, 35.330708305 ], [ 137.232562717, 35.330749975 ], [ 137.232562717, 35.330791644 ], [ 137.232562717, 35.330833304 ], [ 137.232562717, 35.330874974 ], [ 137.232562717, 35.330916644 ], [ 137.232500217, 35.330916644 ], [ 137.232500217, 35.330958304 ], [ 137.232562717, 35.330958304 ], [ 137.232562717, 35.330999974 ], [ 137.232625218, 35.330999974 ], [ 137.232625218, 35.330958304 ], [ 137.232625217, 35.330916644 ] ] ] } },
{ "type": "Feature", "properties": { "A31a_101": "8505080120", "A31a_102": "肥田川", "A31a_103": "21", "A31a_104": "岐阜県", "A31a_105": 1 }, "geometry": { "type": "Polygon", "coordinates": [ [ [ 137.234937718, 35.330999971 ], [ 137.234937718, 35.330958301 ], [ 137.235000219, 35.330958301 ], [ 137.235000218, 35.330916641 ], [ 137.235000218, 35.330874971 ], [ 137.235000218, 35.330833301 ], [ 137.235000218, 35.330791641 ], [ 137.235000218, 35.330749972 ], [ 137.235000218, 35.330708302 ], [ 137.235000218, 35.330666642 ], [ 137.234937718, 35.330666642 ], [ 137.234937718, 35.330708302 ], [ 137.234937718, 35.330749972 ], [ 137.234937718, 35.330791641 ], [ 137.234875218, 35.330791641 ], [ 137.234812719, 35.330791641 ], [ 137.234812719, 35.330833301 ], [ 137.234750218, 35.330833302 ], [ 137.234750218, 35.330874972 ], [ 137.234812719, 35.330874971 ], [ 137.234812719, 35.330916642 ], [ 137.234875218, 35.330916641 ], [ 137.234875218, 35.330958302 ], [ 137.234812719, 35.330958302 ], [ 137.234812719, 35.330999972 ], [ 137.234812719, 35.331041642 ], [ 137.234812719, 35.331083301 ], [ 137.234875218, 35.331083301 ], [ 137.234875218, 35.331124971 ], [ 137.234875218, 35.331166641 ], [ 137.234937719, 35.331166641 ], [ 137.234937718, 35.331124971 ], [ 137.234937718, 35.331083301 ], [ 137.234937718, 35.331041641 ], [ 137.234937718, 35.330999971 ] ] ] } },
{ "type": "Feature", "properties": { "A31a_101": "8505080120", "A31a_102": "肥田川", "A31a_103": "21", "A31a_104": "岐阜県", "A31a_105": 1 }, "geometry": { "type": "Polygon", "coordinates": [ [ [ 137.231125217, 35.331291645 ], [ 137.231125217, 35.331249975 ], [ 137.231187717, 35.331249975 ], [ 137.231187717, 35.331208305 ], [ 137.231187717, 35.331166645 ], [ 137.231187717, 35.331124975 ], [ 137.231125217, 35.331124975 ], [ 137.231125217, 35.331166645 ], [ 137.231062717, 35.331166645 ], [ 137.231062717, 35.331208305 ], [ 137.231000217, 35.331208305 ], [ 137.231000217, 35.331166645 ], [ 137.230937716, 35.331166645 ], [ 137.230875217, 35.331166645 ], [ 137.230812717, 35.331166645 ], [ 137.230750217, 35.331166645 ], [ 137.230687716, 35.331166645 ], [ 137.230625216, 35.331166645 ], [ 137.230562717, 35.331166645 ], [ 137.230500217, 35.331166645 ], [ 137.230437716, 35.331166645 ], [ 137.230375216, 35.331166646 ], [ 137.230375216, 35.331208306 ], [ 137.230437717, 35.331208306 ], [ 137.230500217, 35.331208306 ], [ 137.230562717, 35.331208305 ], [ 137.230625216, 35.331208305 ], [ 137.230687717, 35.331208305 ], [ 137.230687717, 35.331249975 ], [ 137.230750217, 35.331249975 ], [ 137.230812717, 35.331249975 ], [ 137.230812717, 35.331291645 ], [ 137.230875217, 35.331291645 ], [ 137.230937717, 35.331291645 ], [ 137.231000217, 35.331291645 ], [ 137.231000217, 35.331333305 ], [ 137.231062717, 35.331333305 ], [ 137.231125217, 35.331333305 ], [ 137.231125217, 35.331291645 ] ] ] } },
{ "type": "Feature", "properties": { "A31a_101": "8505080120", "A31a_102": "肥田川", "A31a_103": "21", "A31a_104": "岐阜県", "A31a_105": 1 }, "geometry": { "type": "Polygon", "coordinates": [ [ [ 137.231312717, 35.331249975 ], [ 137.231250217, 35.331249975 ], [ 137.231250217, 35.331291645 ], [ 137.231250217, 35.331333305 ], [ 137.231312717, 35.331333305 ], [ 137.231312717, 35.331291645 ], [ 137.231312717, 35.331249975 ] ] ] } },
{ "type": "Feature", "properties": { "A31a_101": "8505080120", "A31a_102": "肥田川", "A31a_103": "21", "A31a_104": "岐阜県", "A31a_105": 1 }, "geometry": { "type": "Polygon", "coordinates": [ [ [ 137.232750217, 35.331291643 ], [ 137.232750217, 35.331249973 ], [ 137.232812718, 35.331249973 ], [ 137.232875218, 35.331249973 ], [ 137.232937718, 35.331249973 ], [ 137.232937718, 35.331208303 ], [ 137.232937718, 35.331166643 ], [ 137.232937718, 35.331124973 ], [ 137.232937718, 35.331083303 ], [ 137.232937718, 35.331041644 ], [ 137.232875218, 35.331041644 ], [ 137.232812717, 35.331041644 ], [ 137.232812717, 35.331083303 ], [ 137.232812717, 35.331124973 ], [ 137.232750217, 35.331124973 ], [ 137.232750217, 35.331166643 ], [ 137.232750217, 35.331208303 ], [ 137.232687718, 35.331208303 ], [ 137.232687718, 35.331249973 ], [ 137.232687718, 35.331291643 ], [ 137.232687718, 35.331333303 ], [ 137.232750217, 35.331333303 ], [ 137.232750217, 35.331291643 ] ] ] } },
{ "type": "Feature", "properties": { "A31a_101": "8505080120", "A31a_102": "肥田川", "A31a_103": "21", "A31a_104": "岐阜県", "A31a_105": 1 }, "geometry": { "type": "Polygon", "coordinates": [ [ [ 137.233562719, 35.331374972 ], [ 137.233562718, 35.331333302 ], [ 137.233562718, 35.331291642 ], [ 137.233500218, 35.331291642 ], [ 137.233437718, 35.331291642 ], [ 137.233375218, 35.331291643 ], [ 137.233375218, 35.331333303 ], [ 137.233312719, 35.331333303 ], [ 137.233312719, 35.331374972 ], [ 137.233250218, 35.331374972 ], [ 137.233250218, 35.331333303 ], [ 137.233187718, 35.331333303 ], [ 137.233187718, 35.331374972 ], [ 137.233187718, 35.331416642 ], [ 137.233250218, 35.331416642 ], [ 137.233312719, 35.331416642 ], [ 137.233375218, 35.331416642 ], [ 137.233375218, 35.331458302 ], [ 137.233437718, 35.331458302 ], [ 137.233437718, 35.331499972 ], [ 137.233500218, 35.331499972 ], [ 137.233562719, 35.331499972 ], [ 137.233625219, 35.331499972 ], [ 137.233625219, 35.331458302 ], [ 137.233625219, 35.331416641 ], [ 137.233625219, 35.331374971 ], [ 137.233562719, 35.331374972 ] ] ] } },
{ "type": "Feature", "properties": { "A31a_101": "8505080120", "A31a_102": "肥田川", "A31a_103": "21", "A31a_104": "岐阜県", "A31a_105": 1 }, "geometry": { "type": "Polygon", "coordinates": [ [ [ 137.234437719, 35.33174997 ], [ 137.234500219, 35.33174997 ], [ 137.234500219, 35.3317083 ], [ 137.234500219, 35.331666641 ], [ 137.234562719, 35.331666641 ], [ 137.234562719, 35.331624971 ], [ 137.234625219, 35.331624971 ], [ 137.234625219, 35.331583301 ], [ 137.234687719, 35.331583301 ], [ 137.234687719, 35.331624971 ], [ 137.234625219, 35.331624971 ], [ 137.234625219, 35.331666641 ], [ 137.234562719, 35.331666641 ], [ 137.234562719, 35.3317083 ], [ 137.234562719, 35.33174997 ], [ 137.234625219, 35.33174997 ], [ 137.234625219, 35.3317083 ], [ 137.234687719, 35.3317083 ], [ 137.234687719, 35.331666641 ], [ 137.234750219, 35.331666641 ], [ 137.234750219, 35.331624971 ], [ 137.234750219, 35.331583301 ], [ 137.234750219, 35.33154164 ], [ 137.234812719, 35.33154164 ], [ 137.234812719, 35.33149997 ], [ 137.234812719, 35.3314583 ], [ 137.234875219, 35.3314583 ], [ 137.234875219, 35.33141664 ], [ 137.234875219, 35.33137497 ], [ 137.234812719, 35.33137497 ], [ 137.234812719, 35.331333301 ], [ 137.234750219, 35.331333301 ], [ 137.234750219, 35.33137497 ], [ 137.234750219, 35.33141664 ], [ 137.234687719, 35.33141664 ], [ 137.234687719, 35.3314583 ], [ 137.234687719, 35.33149997 ], [ 137.234625219, 35.331499971 ], [ 137.234625219, 35.331541641 ], [ 137.234562719, 35.331541641 ], [ 137.234562718, 35.331499971 ], [ 137.234500219, 35.331499971 ], [ 137.234437719, 35.331499971 ], [ 137.234437719, 35.331458301 ], [ 137.234375219, 35.331458301 ], [ 137.234375219, 35.331499971 ], [ 137.234312719, 35.331499971 ], [ 137.234312719, 35.331541641 ], [ 137.234312719, 35.331583301 ], [ 137.234312719, 35.331624971 ], [ 137.234375219, 35.331624971 ], [ 137.234375219, 35.331666641 ], [ 137.234375219, 35.3317083 ], [ 137.234437719, 35.3317083 ], [ 137.234437719, 35.33174997 ] ] ] } },
{ "type": "Feature", "properties": { "A31a_101": "8505080120", "A31a_102": "肥田川", "A31a_103": "21", "A31a_104": "岐阜県", "A31a_105": 1 }, "geometry": { "type": "Polygon", "coordinates": [ [ [ 137.234437719, 35.33174997 ], [ 137.234375219, 35.33174997 ], [ 137.234375219, 35.33179164 ], [ 137.234312719, 35.33179164 ], [ 137.234312719, 35.33174997 ], [ 137.234250219, 35.33174997 ], [ 137.234250219, 35.3317083 ], [ 137.234187719, 35.3317083 ], [ 137.234187719, 35.33174997 ], [ 137.234125219, 35.33174997 ], [ 137.234062719, 35.33174997 ], [ 137.234000219, 35.331749971 ], [ 137.234000219, 35.331708301 ], [ 137.233937719, 35.331708301 ], [ 137.233875219, 35.331708301 ], [ 137.233875219, 35.331749971 ], [ 137.233812719, 35.331749971 ], [ 137.233750219, 35.331749971 ], [ 137.233687718, 35.331749971 ], [ 137.233687718, 35.331708301 ], [ 137.233625219, 35.331708301 ], [ 137.233625219, 35.331666642 ], [ 137.233562719, 35.331666642 ], [ 137.233562719, 35.331624972 ], [ 137.233500219, 35.331624972 ], [ 137.233437718, 35.331624972 ], [ 137.233437718, 35.331666642 ], [ 137.233437718, 35.331708301 ], [ 137.233500219, 35.331708301 ], [ 137.233500219, 35.331749971 ], [ 137.233562719, 35.331749971 ], [ 137.233562719, 35.331791641 ], [ 137.233625219, 35.331791641 ], [ 137.233625219, 35.331833301 ], [ 137.233625219, 35.331874971 ], [ 137.233625219, 35.331916641 ], [ 137.233687719, 35.331916641 ], [ 137.233687719, 35.331874971 ], [ 137.233750219, 35.331874971 ], [ 137.233750219, 35.331833301 ], [ 137.233750219, 35.331791641 ], [ 137.233812719, 35.331791641 ], [ 137.233875219, 35.331791641 ], [ 137.233875219, 35.331833301 ], [ 137.233875219, 35.331874971 ], [ 137.233875219, 35.331916641 ], [ 137.23393772, 35.331916641 ], [ 137.234000219, 35.331916641 ], [ 137.234000219, 35.331874971 ], [ 137.233937719, 35.331874971 ], [ 137.233937719, 35.331833301 ], [ 137.234000219, 35.331833301 ], [ 137.234062719, 35.331833301 ], [ 137.234125219, 35.331833301 ], [ 137.234187719, 35.3318333 ], [ 137.23425022, 35.3318333 ], [ 137.234312719, 35.3318333 ], [ 137.234312719, 35.33187497 ], [ 137.234375219, 35.33187497 ], [ 137.234375219, 35.3318333 ], [ 137.234437719, 35.3318333 ], [ 137.234437719, 35.33179164 ], [ 137.234437719, 35.33174997 ] ] ] } },
{ "type": "Feature", "properties": { "A31a_101": "8505080120", "A31a_102": "肥田川", "A31a_103": "21", "A31a_104": "岐阜県", "A31a_105": 1 }, "geometry": { "type": "Polygon", "coordinates": [ [ [ 137.224937726, 35.342624963 ], [ 137.224937726, 35.342583293 ], [ 137.225000226, 35.342583293 ], [ 137.225000226, 35.342541632 ], [ 137.225000226, 35.342499962 ], [ 137.224937726, 35.342499963 ], [ 137.224937726, 35.342541633 ], [ 137.224875226, 35.342541633 ], [ 137.224875226, 35.342583293 ], [ 137.224875226, 35.342624963 ], [ 137.224812726, 35.342624963 ], [ 137.224812726, 35.342666633 ], [ 137.224875226, 35.342666633 ], [ 137.224937726, 35.342666633 ], [ 137.224937726, 35.342624963 ] ] ] } },
{ "type": "Feature", "properties": { "A31a_101": "8505080120", "A31a_102": "肥田川", "A31a_103": "21", "A31a_104": "岐阜県", "A31a_105": 1 }, "geometry": { "type": "Polygon", "coordinates": [ [ [ 137.224625226, 35.342791632 ], [ 137.224687727, 35.342791632 ], [ 137.224687726, 35.342749962 ], [ 137.224625226, 35.342749962 ], [ 137.224625226, 35.342791632 ] ] ] } },
{ "type": "Feature", "properties": { "A31a_101": "8505080120", "A31a_102": "肥田川", "A31a_103": "21", "A31a_104": "岐阜県", "A31a_105": 1 }, "geometry": { "type": "Polygon", "coordinates": [ [ [ 137.224625226, 35.342791632 ], [ 137.224562726, 35.342791632 ], [ 137.224562726, 35.342833292 ], [ 137.224625226, 35.342833292 ], [ 137.224625226, 35.342791632 ] ] ] } },
{ "type": "Feature", "properties": { "A31a_101": "8505080120", "A31a_102": "肥田川", "A31a_103": "21", "A31a_104": "岐阜県", "A31a_105": 1 }, "geometry": { "type": "Polygon", "coordinates": [ [ [ 137.224562726, 35.342833292 ], [ 137.224500226, 35.342833292 ], [ 137.224500226, 35.342874963 ], [ 137.224562726, 35.342874962 ], [ 137.224562726, 35.342833292 ] ] ] } },
{ "type": "Feature", "properties": { "A31a_101": "8505080120", "A31a_102": "肥田川", "A31a_103": "21", "A31a_104": "岐阜県", "A31a_105": 1 }, "geometry": { "type": "Polygon", "coordinates": [ [ [ 137.224687727, 35.342958292 ], [ 137.224750227, 35.342958292 ], [ 137.224750227, 35.342916632 ], [ 137.224687727, 35.342916632 ], [ 137.224687727, 35.342958292 ] ] ] } },
{ "type": "Feature", "properties": { "A31a_101": "8505080120", "A31a_102": "肥田川", "A31a_103": "21", "A31a_104": "岐阜県", "A31a_105": 1 }, "geometry": { "type": "Polygon", "coordinates": [ [ [ 137.224687727, 35.342958292 ], [ 137.224625227, 35.342958292 ], [ 137.224562726, 35.342958292 ], [ 137.224500226, 35.342958292 ], [ 137.224500226, 35.342916633 ], [ 137.224500226, 35.342874963 ], [ 137.224437727, 35.342874963 ], [ 137.224437727, 35.342916633 ], [ 137.224437727, 35.342958292 ], [ 137.224375227, 35.342958292 ], [ 137.224375227, 35.342999962 ], [ 137.224312727, 35.342999962 ], [ 137.224312726, 35.342958292 ], [ 137.224250226, 35.342958292 ], [ 137.224187726, 35.342958292 ], [ 137.224187726, 35.342999962 ], [ 137.224250226, 35.342999962 ], [ 137.224250226, 35.343041632 ], [ 137.224250226, 35.343083292 ], [ 137.224312727, 35.343083292 ], [ 137.224375227, 35.343083292 ], [ 137.224375227, 35.343124962 ], [ 137.224437727, 35.343124962 ], [ 137.224500226, 35.343124962 ], [ 137.224500226, 35.343166632 ], [ 137.224562727, 35.343166632 ], [ 137.224562727, 35.343124962 ], [ 137.224625227, 35.343124962 ], [ 137.224625227, 35.343083292 ], [ 137.224625227, 35.343041632 ], [ 137.224687727, 35.343041632 ], [ 137.224687727, 35.342999962 ], [ 137.224687727, 35.342958292 ] ] ] } },
{ "type": "Feature", "properties": { "A31a_101": "8505080120", "A31a_102": "肥田川", "A31a_103": "21", "A31a_104": "岐阜県", "A31a_105": 1 }, "geometry": { "type": "Polygon", "coordinates": [ [ [ 137.224750227, 35.343333291 ], [ 137.224812727, 35.343333291 ], [ 137.224812727, 35.343291631 ], [ 137.224812727, 35.343249962 ], [ 137.224875227, 35.343249962 ], [ 137.224937727, 35.343249962 ], [ 137.224937727, 35.343208292 ], [ 137.225000227, 35.343208292 ], [ 137.225000227, 35.343166631 ], [ 137.224937727, 35.343166632 ], [ 137.224937727, 35.343124962 ], [ 137.224937727, 35.343083292 ], [ 137.224875227, 35.343083292 ], [ 137.224875227, 35.343124962 ], [ 137.224875227, 35.343166632 ], [ 137.224812727, 35.343166632 ], [ 137.224812727, 35.343208292 ], [ 137.224750227, 35.343208292 ], [ 137.224750227, 35.343249962 ], [ 137.224750227, 35.343291631 ], [ 137.224750227, 35.343333291 ] ] ] } },
{ "type": "Feature", "properties": { "A31a_101": "8505080120", "A31a_102": "肥田川", "A31a_103": "21", "A31a_104": "岐阜県", "A31a_105": 1 }, "geometry": { "type": "Polygon", "coordinates": [ [ [ 137.224750227, 35.343333291 ], [ 137.224687727, 35.343333291 ], [ 137.224687727, 35.343374961 ], [ 137.224687727, 35.343416631 ], [ 137.224750228, 35.343416631 ], [ 137.224750228, 35.343374961 ], [ 137.224750227, 35.343333291 ] ] ] } },
{ "type": "Feature", "properties": { "A31a_101": "8505080120", "A31a_102": "肥田川", "A31a_103": "21", "A31a_104": "岐阜県", "A31a_105": 1 }, "geometry": { "type": "Polygon", "coordinates": [ [ [ 137.224000227, 35.343499962 ], [ 137.224000227, 35.343458292 ], [ 137.224062727, 35.343458292 ], [ 137.224062727, 35.343416632 ], [ 137.224125227, 35.343416632 ], [ 137.224125227, 35.343374962 ], [ 137.224187727, 35.343374962 ], [ 137.224187727, 35.343416632 ], [ 137.224250227, 35.343416632 ], [ 137.224250227, 35.343374962 ], [ 137.224250227, 35.343333292 ], [ 137.224312727, 35.343333292 ], [ 137.224312727, 35.343291631 ], [ 137.224312727, 35.343249962 ], [ 137.224250227, 35.343249962 ], [ 137.224250227, 35.343208292 ], [ 137.224250227, 35.343166632 ], [ 137.224250226, 35.343124962 ], [ 137.224187726, 35.343124962 ], [ 137.224125227, 35.343124962 ], [ 137.224062727, 35.343124962 ], [ 137.224062727, 35.343166632 ], [ 137.224000227, 35.343166632 ], [ 137.223937726, 35.343166632 ], [ 137.223937726, 35.343208293 ], [ 137.223875227, 35.343208293 ], [ 137.223812727, 35.343208293 ], [ 137.223812727, 35.343249963 ], [ 137.223750227, 35.343249963 ], [ 137.223687727, 35.343249963 ], [ 137.223687727, 35.343291632 ], [ 137.223625226, 35.343291632 ], [ 137.223562727, 35.343291632 ], [ 137.223500227, 35.343291632 ], [ 137.223500227, 35.343333292 ], [ 137.223562727, 35.343333292 ], [ 137.223562727, 35.343374962 ], [ 137.223625227, 35.343374962 ], [ 137.223625227, 35.343416632 ], [ 137.223687727, 35.343416632 ], [ 137.223750227, 35.343416632 ], [ 137.223750227, 35.343458292 ], [ 137.223812727, 35.343458292 ], [ 137.223875228, 35.343458292 ], [ 137.223875228, 35.343499962 ], [ 137.223937727, 35.343499962 ], [ 137.224000227, 35.343499962 ] ] ] } },
{ "type": "Feature", "properties": { "A31a_101": "8505080120", "A31a_102": "肥田川", "A31a_103": "21", "A31a_104": "岐阜県", "A31a_105": 1 }, "geometry": { "type": "Polygon", "coordinates": [ [ [ 137.223437727, 35.343749962 ], [ 137.223437727, 35.343708292 ], [ 137.223500228, 35.343708292 ], [ 137.223562728, 35.343708292 ], [ 137.223562728, 35.343666632 ], [ 137.223500227, 35.343666632 ], [ 137.223437727, 35.343666632 ], [ 137.223437727, 35.343624962 ], [ 137.223437727, 35.343583292 ], [ 137.223437727, 35.343541633 ], [ 137.223375227, 35.343541633 ], [ 137.223312727, 35.343541633 ], [ 137.223312727, 35.343583292 ], [ 137.223312727, 35.343624962 ], [ 137.223312727, 35.343666632 ], [ 137.223312727, 35.343708292 ], [ 137.223312727, 35.343749962 ], [ 137.223375227, 35.343749962 ], [ 137.223375227, 35.343791632 ], [ 137.223437727, 35.343791632 ], [ 137.223437727, 35.343749962 ] ] ] } },
{ "type": "Feature", "properties": { "A31a_101": "8505080120", "A31a_102": "肥田川", "A31a_103": "21", "A31a_104": "岐阜県", "A31a_105": 1 }, "geometry": { "type": "Polygon", "coordinates": [ [ [ 137.221750227, 35.344458293 ], [ 137.221750227, 35.344416633 ], [ 137.221687728, 35.344416633 ], [ 137.221687728, 35.344458293 ], [ 137.221750227, 35.344458293 ] ] ] } },
{ "type": "Feature", "properties": { "A31a_101": "8505080120", "A31a_102": "肥田川", "A31a_103": "21", "A31a_104": "岐阜県", "A31a_105": 1 }, "geometry": { "type": "Polygon", "coordinates": [ [ [ 137.221812728, 35.344458293 ], [ 137.221750227, 35.344458293 ], [ 137.221750227, 35.344499962 ], [ 137.221812728, 35.344499962 ], [ 137.221812728, 35.344458293 ] ] ] } },
{ "type": "Feature", "properties": { "A31a_101": "8505080120", "A31a_102": "肥田川", "A31a_103": "21", "A31a_104": "岐阜県", "A31a_105": 1 }, "geometry": { "type": "Polygon", "coordinates": [ [ [ 137.221812728, 35.344458293 ], [ 137.221875228, 35.344458293 ], [ 137.221937728, 35.344458293 ], [ 137.221937728, 35.344499962 ], [ 137.222000228, 35.344499962 ], [ 137.222000228, 35.344458293 ], [ 137.222062727, 35.344458292 ], [ 137.222062727, 35.344416632 ], [ 137.222125228, 35.344416632 ], [ 137.222125228, 35.344374962 ], [ 137.222187728, 35.344374962 ], [ 137.222187728, 35.344333292 ], [ 137.222250228, 35.344333292 ], [ 137.222312728, 35.344333292 ], [ 137.222312728, 35.344291632 ], [ 137.222375227, 35.344291632 ], [ 137.222375227, 35.344249962 ], [ 137.222437727, 35.344249962 ], [ 137.222437727, 35.344208292 ], [ 137.222500228, 35.344208292 ], [ 137.222562728, 35.344208292 ], [ 137.222562728, 35.344166632 ], [ 137.222500228, 35.344166632 ], [ 137.222500228, 35.344124962 ], [ 137.222500227, 35.344083292 ], [ 137.222500227, 35.344041632 ], [ 137.222562728, 35.344041632 ], [ 137.222562728, 35.343999962 ], [ 137.222500227, 35.343999962 ], [ 137.222500227, 35.343958292 ], [ 137.222500227, 35.343916632 ], [ 137.222500227, 35.343874963 ], [ 137.222500227, 35.343833293 ], [ 137.222437727, 35.343833293 ], [ 137.222375227, 35.343833293 ], [ 137.222375227, 35.343874963 ], [ 137.222312728, 35.343874963 ], [ 137.222250227, 35.343874963 ], [ 137.222250227, 35.343916632 ], [ 137.222187727, 35.343916632 ], [ 137.222125227, 35.343916632 ], [ 137.222062727, 35.343916633 ], [ 137.222062727, 35.343958293 ], [ 137.222000228, 35.343958293 ], [ 137.222000228, 35.343999963 ], [ 137.221937727, 35.343999963 ], [ 137.221875227, 35.343999963 ], [ 137.221875227, 35.344041633 ], [ 137.221812727, 35.344041633 ], [ 137.221750227, 35.344041633 ], [ 137.221750227, 35.344083293 ], [ 137.221687728, 35.344083293 ], [ 137.221687728, 35.344124963 ], [ 137.221687728, 35.344166633 ], [ 137.221750227, 35.344166633 ], [ 137.221750227, 35.344208292 ], [ 137.221750227, 35.344249962 ], [ 137.221750227, 35.344291632 ], [ 137.221750227, 35.344333293 ], [ 137.221750227, 35.344374963 ], [ 137.221812727, 35.344374963 ], [ 137.221812727, 35.344416633 ], [ 137.221812728, 35.344458293 ] ] ] } },
{ "type": "Feature", "properties": { "A31a_101": "8505080120", "A31a_102": "肥田川", "A31a_103": "21", "A31a_104": "岐阜県", "A31a_105": 1 }, "geometry": { "type": "Polygon", "coordinates": [ [ [ 137.221937728, 35.344499962 ], [ 137.221875228, 35.344499962 ], [ 137.221812728, 35.344499962 ], [ 137.221812728, 35.344541632 ], [ 137.221875228, 35.344541632 ], [ 137.221937728, 35.344541632 ], [ 137.221937728, 35.344499962 ] ] ] } },
{ "type": "Feature", "properties": { "A31a_101": "8505080120", "A31a_102": "肥田川", "A31a_103": "21", "A31a_104": "岐阜県", "A31a_105": 1 }, "geometry": { "type": "Polygon", "coordinates": [ [ [ 137.222375228, 35.344708292 ], [ 137.222375228, 35.344666631 ], [ 137.222437728, 35.344666631 ], [ 137.222437728, 35.344624961 ], [ 137.222500228, 35.344624961 ], [ 137.222500228, 35.344583291 ], [ 137.222562728, 35.344583291 ], [ 137.222562728, 35.344541631 ], [ 137.222562728, 35.344499961 ], [ 137.222500228, 35.344499961 ], [ 137.222437728, 35.344499961 ], [ 137.222437728, 35.344541631 ], [ 137.222375228, 35.344541631 ], [ 137.222375228, 35.344583291 ], [ 137.222312728, 35.344583291 ], [ 137.222312728, 35.344624962 ], [ 137.222250228, 35.344624962 ], [ 137.222187728, 35.344624962 ], [ 137.222187728, 35.344666632 ], [ 137.222250228, 35.344666632 ], [ 137.222312729, 35.344666632 ], [ 137.222312729, 35.344708292 ], [ 137.222375228, 35.344708292 ] ] ] } },
{ "type": "Feature", "properties": { "A31a_101": "8505080120", "A31a_102": "肥田川", "A31a_103": "21", "A31a_104": "岐阜県", "A31a_105": 1 }, "geometry": { "type": "Polygon", "coordinates": [ [ [ 137.221562728, 35.344624962 ], [ 137.221500228, 35.344624962 ], [ 137.221500228, 35.344666632 ], [ 137.221500228, 35.344708292 ], [ 137.221500228, 35.344749962 ], [ 137.221562728, 35.344749962 ], [ 137.221562728, 35.344708292 ], [ 137.221562728, 35.344666632 ], [ 137.221562728, 35.344624962 ] ] ] } },
{ "type": "Feature", "properties": { "A31a_101": "8505080120", "A31a_102": "肥田川", "A31a_103": "21", "A31a_104": "岐阜県", "A31a_105": 1 }, "geometry": { "type": "Polygon", "coordinates": [ [ [ 137.221812728, 35.344874961 ], [ 137.221875228, 35.344874961 ], [ 137.221875228, 35.344833291 ], [ 137.221812728, 35.344833291 ], [ 137.221812728, 35.344874961 ] ] ] } },
{ "type": "Feature", "properties": { "A31a_101": "8505080120", "A31a_102": "肥田川", "A31a_103": "21", "A31a_104": "岐阜県", "A31a_105": 1 }, "geometry": { "type": "Polygon", "coordinates": [ [ [ 137.221875228, 35.344874961 ], [ 137.221875228, 35.344916631 ], [ 137.221937729, 35.344916631 ], [ 137.221937728, 35.344874961 ], [ 137.221875228, 35.344874961 ] ] ] } },
{ "type": "Feature", "properties": { "A31a_101": "8505080120", "A31a_102": "肥田川", "A31a_103": "21", "A31a_104": "岐阜県", "A31a_105": 1 }, "geometry": { "type": "Polygon", "coordinates": [ [ [ 137.221812728, 35.344874961 ], [ 137.221750228, 35.344874961 ], [ 137.221687729, 35.344874962 ], [ 137.221687729, 35.344916632 ], [ 137.221625228, 35.344916632 ], [ 137.221625228, 35.344958292 ], [ 137.221687729, 35.344958292 ], [ 137.221750228, 35.344958292 ], [ 137.221750228, 35.344916632 ], [ 137.221812728, 35.344916631 ], [ 137.221812728, 35.344874961 ] ] ] } },
{ "type": "Feature", "properties": { "A31a_101": "8505080120", "A31a_102": "肥田川", "A31a_103": "21", "A31a_104": "岐阜県", "A31a_105": 1 }, "geometry": { "type": "Polygon", "coordinates": [ [ [ 137.222062728, 35.345041631 ], [ 137.222062728, 35.344999961 ], [ 137.222000229, 35.344999961 ], [ 137.222000229, 35.344958291 ], [ 137.222000229, 35.344916631 ], [ 137.221937729, 35.344916631 ], [ 137.221937729, 35.344958291 ], [ 137.221937729, 35.344999961 ], [ 137.221875228, 35.344999962 ], [ 137.221875228, 35.345041632 ], [ 137.221812728, 35.345041632 ], [ 137.221750228, 35.345041632 ], [ 137.221750228, 35.345083292 ], [ 137.221812728, 35.345083292 ], [ 137.221875229, 35.345083292 ], [ 137.221937729, 35.345083292 ], [ 137.221937729, 35.345041631 ], [ 137.222000229, 35.345041631 ], [ 137.222062728, 35.345041631 ] ] ] } },
{ "type": "Feature", "properties": { "A31a_101": "8505080120", "A31a_102": "肥田川", "A31a_103": "21", "A31a_104": "岐阜県", "A31a_105": 1 }, "geometry": { "type": "Polygon", "coordinates": [ [ [ 137.221750228, 35.345083292 ], [ 137.221687729, 35.345083292 ], [ 137.221687729, 35.345124961 ], [ 137.221750228, 35.345124961 ], [ 137.221750228, 35.345083292 ] ] ] } },
{ "type": "Feature", "properties": { "A31a_101": "8505080120", "A31a_102": "肥田川", "A31a_103": "21", "A31a_104": "岐阜県", "A31a_105": 1 }, "geometry": { "type": "Polygon", "coordinates": [ [ [ 137.222062728, 35.345041631 ], [ 137.222062728, 35.345083292 ], [ 137.222062728, 35.345124961 ], [ 137.222062728, 35.345166631 ], [ 137.222062728, 35.345208291 ], [ 137.222062728, 35.345249961 ], [ 137.222125229, 35.345249961 ], [ 137.222125229, 35.345208291 ], [ 137.222125229, 35.345166631 ], [ 137.222187729, 35.345166631 ], [ 137.222187729, 35.345124961 ], [ 137.222250229, 35.34512496 ], [ 137.222312729, 35.34512496 ], [ 137.222312729, 35.345083291 ], [ 137.222375228, 35.345083291 ], [ 137.222375228, 35.345041631 ], [ 137.222375228, 35.344999961 ], [ 137.222437728, 35.344999961 ], [ 137.222437728, 35.344958291 ], [ 137.222437728, 35.344916631 ], [ 137.222375228, 35.344916631 ], [ 137.222375228, 35.344958291 ], [ 137.222312729, 35.344958291 ], [ 137.222312729, 35.344999961 ], [ 137.222250229, 35.344999961 ], [ 137.222187729, 35.344999961 ], [ 137.222125228, 35.344999961 ], [ 137.222125228, 35.345041631 ], [ 137.222062728, 35.345041631 ] ] ] } },
{ "type": "Feature", "properties": { "A31a_101": "8505080120", "A31a_102": "肥田川", "A31a_103": "21", "A31a_104": "岐阜県", "A31a_105": 1 }, "geometry": { "type": "Polygon", "coordinates": [ [ [ 137.219687728, 35.345374963 ], [ 137.219625228, 35.345374963 ], [ 137.219625228, 35.345416633 ], [ 137.219687728, 35.345416633 ], [ 137.219750228, 35.345416633 ], [ 137.219812728, 35.345416633 ], [ 137.219875229, 35.345416633 ], [ 137.219937728, 35.345416633 ], [ 137.219937728, 35.345374963 ], [ 137.219875229, 35.345374963 ], [ 137.219812728, 35.345374963 ], [ 137.219750228, 35.345374963 ], [ 137.219687728, 35.345374963 ] ] ] } },
{ "type": "Feature", "properties": { "A31a_101": "8505080120", "A31a_102": "肥田川", "A31a_103": "21", "A31a_104": "岐阜県", "A31a_105": 1 }, "geometry": { "type": "Polygon", "coordinates": [ [ [ 137.221000229, 35.345541631 ], [ 137.221000229, 35.345499961 ], [ 137.220937729, 35.345499961 ], [ 137.220937729, 35.345541631 ], [ 137.221000229, 35.345541631 ] ] ] } },
{ "type": "Feature", "properties": { "A31a_101": "8505080120", "A31a_102": "肥田川", "A31a_103": "21", "A31a_104": "岐阜県", "A31a_105": 1 }, "geometry": { "type": "Polygon", "coordinates": [ [ [ 137.221000229, 35.345541631 ], [ 137.221000229, 35.345583291 ], [ 137.221062729, 35.345583291 ], [ 137.221062729, 35.345541631 ], [ 137.221000229, 35.345541631 ] ] ] } },
{ "type": "Feature", "properties": { "A31a_101": "8505080120", "A31a_102": "肥田川", "A31a_103": "21", "A31a_104": "岐阜県", "A31a_105": 1 }, "geometry": { "type": "Polygon", "coordinates": [ [ [ 137.219312728, 35.345666633 ], [ 137.219250229, 35.345666633 ], [ 137.219250229, 35.345708292 ], [ 137.219312728, 35.345708292 ], [ 137.219312728, 35.345666633 ] ] ] } },
{ "type": "Feature", "properties": { "A31a_101": "8505080120", "A31a_102": "肥田川", "A31a_103": "21", "A31a_104": "岐阜県", "A31a_105": 1 }, "geometry": { "type": "Polygon", "coordinates": [ [ [ 137.219187729, 35.345791633 ], [ 137.219250229, 35.345791633 ], [ 137.219250229, 35.345749962 ], [ 137.219187729, 35.345749963 ], [ 137.219187729, 35.345791633 ] ] ] } },
{ "type": "Feature", "properties": { "A31a_101": "8505080120", "A31a_102": "肥田川", "A31a_103": "21", "A31a_104": "岐阜県", "A31a_105": 1 }, "geometry": { "type": "Polygon", "coordinates": [ [ [ 137.219812729, 35.345666633 ], [ 137.219750229, 35.345666633 ], [ 137.219750229, 35.345708292 ], [ 137.219750229, 35.345749962 ], [ 137.219750229, 35.345791632 ], [ 137.219812729, 35.345791632 ], [ 137.219812729, 35.345749962 ], [ 137.219812729, 35.345708292 ], [ 137.219812729, 35.345666633 ] ] ] } },
{ "type": "Feature", "properties": { "A31a_101": "8505080120", "A31a_102": "肥田川", "A31a_103": "21", "A31a_104": "岐阜県", "A31a_105": 1 }, "geometry": { "type": "Polygon", "coordinates": [ [ [ 137.219187729, 35.345791633 ], [ 137.219125228, 35.345791633 ], [ 137.219125229, 35.345833293 ], [ 137.219187729, 35.345833293 ], [ 137.219187729, 35.345791633 ] ] ] } },
{ "type": "Feature", "properties": { "A31a_101": "8505080120", "A31a_102": "肥田川", "A31a_103": "21", "A31a_104": "岐阜県", "A31a_105": 1 }, "geometry": { "type": "Polygon", "coordinates": [ [ [ 137.219125229, 35.345833293 ], [ 137.219062728, 35.345833293 ], [ 137.219062728, 35.345874963 ], [ 137.219062728, 35.345916633 ], [ 137.219125229, 35.345916633 ], [ 137.219125229, 35.345874963 ], [ 137.219125229, 35.345833293 ] ] ] } },
{ "type": "Feature", "properties": { "A31a_101": "8505080120", "A31a_102": "肥田川", "A31a_103": "21", "A31a_104": "岐阜県", "A31a_105": 1 }, "geometry": { "type": "Polygon", "coordinates": [ [ [ 137.218937729, 35.345999963 ], [ 137.218875229, 35.345999963 ], [ 137.218875229, 35.346041632 ], [ 137.218937729, 35.346041632 ], [ 137.218937729, 35.345999963 ] ] ] } },
{ "type": "Feature", "properties": { "A31a_101": "8505080120", "A31a_102": "肥田川", "A31a_103": "21", "A31a_104": "岐阜県", "A31a_105": 1 }, "geometry": { "type": "Polygon", "coordinates": [ [ [ 137.22075023, 35.34604163 ], [ 137.22075023, 35.346083291 ], [ 137.22081273, 35.346083291 ], [ 137.22081273, 35.34604163 ], [ 137.22075023, 35.34604163 ] ] ] } },
{ "type": "Feature", "properties": { "A31a_101": "8505080120", "A31a_102": "肥田川", "A31a_103": "21", "A31a_104": "岐阜県", "A31a_105": 1 }, "geometry": { "type": "Polygon", "coordinates": [ [ [ 137.22075023, 35.346083291 ], [ 137.220687729, 35.346083291 ], [ 137.22068773, 35.346124961 ], [ 137.22075023, 35.346124961 ], [ 137.22075023, 35.346083291 ] ] ] } },
{ "type": "Feature", "properties": { "A31a_101": "8505080120", "A31a_102": "肥田川", "A31a_103": "21", "A31a_104": "岐阜県", "A31a_105": 1 }, "geometry": { "type": "Polygon", "coordinates": [ [ [ 137.219437729, 35.346208292 ], [ 137.219437729, 35.346166632 ], [ 137.219500229, 35.346166632 ], [ 137.219562729, 35.346166632 ], [ 137.219562729, 35.346124962 ], [ 137.219625229, 35.346124962 ], [ 137.219625229, 35.346083292 ], [ 137.219687729, 35.346083292 ], [ 137.219687729, 35.346041632 ], [ 137.219750229, 35.346041631 ], [ 137.219750229, 35.345999962 ], [ 137.219750229, 35.345958292 ], [ 137.219812729, 35.345958292 ], [ 137.219812729, 35.345916632 ], [ 137.219750229, 35.345916632 ], [ 137.219687729, 35.345916632 ], [ 137.219687729, 35.345874962 ], [ 137.219687729, 35.345833292 ], [ 137.219687729, 35.345791632 ], [ 137.219625228, 35.345791632 ], [ 137.219625228, 35.345833292 ], [ 137.219562729, 35.345833292 ], [ 137.219500229, 35.345833292 ], [ 137.219500229, 35.345791632 ], [ 137.219437729, 35.345791632 ], [ 137.219375228, 35.345791632 ], [ 137.219375228, 35.345833293 ], [ 137.219312728, 35.345833293 ], [ 137.219250229, 35.345833293 ], [ 137.219250229, 35.345874963 ], [ 137.219250229, 35.345916633 ], [ 137.219250229, 35.345958293 ], [ 137.219187729, 35.345958293 ], [ 137.219187729, 35.345999963 ], [ 137.219187729, 35.346041632 ], [ 137.219187729, 35.346083292 ], [ 137.219250229, 35.346083292 ], [ 137.219250229, 35.346124962 ], [ 137.219312729, 35.346124962 ], [ 137.219312729, 35.346166632 ], [ 137.219375229, 35.346166632 ], [ 137.219375229, 35.346208292 ], [ 137.219437729, 35.346208292 ] ], [ [ 137.219437729, 35.346124962 ], [ 137.219437729, 35.346083292 ], [ 137.219500229, 35.346083292 ], [ 137.219500229, 35.346124962 ], [ 137.219437729, 35.346124962 ] ] ] } },
{ "type": "Feature", "properties": { "A31a_101": "8505080120", "A31a_102": "肥田川", "A31a_103": "21", "A31a_104": "岐阜県", "A31a_105": 1 }, "geometry": { "type": "Polygon", "coordinates": [ [ [ 137.219937729, 35.346458291 ], [ 137.219937729, 35.346499961 ], [ 137.220000229, 35.346499961 ], [ 137.220000229, 35.346458291 ], [ 137.219937729, 35.346458291 ] ] ] } },
{ "type": "Feature", "properties": { "A31a_101": "8505080120", "A31a_102": "肥田川", "A31a_103": "21", "A31a_104": "岐阜県", "A31a_105": 1 }, "geometry": { "type": "Polygon", "coordinates": [ [ [ 137.22031273, 35.346624961 ], [ 137.22037523, 35.346624961 ], [ 137.22037523, 35.346583291 ], [ 137.22031273, 35.346583291 ], [ 137.22031273, 35.346624961 ] ] ] } },
{ "type": "Feature", "properties": { "A31a_101": "8505080120", "A31a_102": "肥田川", "A31a_103": "21", "A31a_104": "岐阜県", "A31a_105": 1 }, "geometry": { "type": "Polygon", "coordinates": [ [ [ 137.22112523, 35.34645829 ], [ 137.22106273, 35.34645829 ], [ 137.22106273, 35.34641663 ], [ 137.22112523, 35.34641663 ], [ 137.22112523, 35.34645829 ], [ 137.22118773, 35.34645829 ], [ 137.22118773, 35.34641663 ], [ 137.22125023, 35.34641663 ], [ 137.22131273, 35.34641663 ], [ 137.22131273, 35.346374959 ], [ 137.22137523, 35.346374959 ], [ 137.22143773, 35.346374959 ], [ 137.22143773, 35.346333289 ], [ 137.22143773, 35.34629163 ], [ 137.22143773, 35.34624996 ], [ 137.22143773, 35.34620829 ], [ 137.22143773, 35.34616663 ], [ 137.22143773, 35.34612496 ], [ 137.22137523, 35.34612496 ], [ 137.22137523, 35.34616663 ], [ 137.22131273, 35.34616663 ], [ 137.22131273, 35.34620829 ], [ 137.22131273, 35.34624996 ], [ 137.22125023, 35.34624996 ], [ 137.22118773, 35.34624996 ], [ 137.22112523, 35.34624996 ], [ 137.22112523, 35.34620829 ], [ 137.22106273, 35.34620829 ], [ 137.22106273, 35.34616663 ], [ 137.22106273, 35.34612496 ], [ 137.22112523, 35.34612496 ], [ 137.22112523, 35.34608329 ], [ 137.22112523, 35.34604163 ], [ 137.221187729, 35.34604163 ], [ 137.221250229, 35.34604163 ], [ 137.221250229, 35.345999961 ], [ 137.22131273, 35.345999961 ], [ 137.22131273, 35.345958291 ], [ 137.22137523, 35.345958291 ], [ 137.22137523, 35.345916631 ], [ 137.22143773, 35.34591663 ], [ 137.22143773, 35.34587496 ], [ 137.22143773, 35.34583329 ], [ 137.221500229, 35.34583329 ], [ 137.221500229, 35.34587496 ], [ 137.221562729, 35.34587496 ], [ 137.221562729, 35.34591663 ], [ 137.22162523, 35.34591663 ], [ 137.22162523, 35.34595829 ], [ 137.22168773, 35.34595829 ], [ 137.22168773, 35.34599996 ], [ 137.221750229, 35.34599996 ], [ 137.221750229, 35.34595829 ], [ 137.221750229, 35.34591663 ], [ 137.221812729, 35.34591663 ], [ 137.221812729, 35.34587496 ], [ 137.221750229, 35.34587496 ], [ 137.221750229, 35.34583329 ], [ 137.221750229, 35.34579163 ], [ 137.22168773, 35.34579163 ], [ 137.22168773, 35.34574996 ], [ 137.221625229, 35.34574996 ], [ 137.221625229, 35.34570829 ], [ 137.221625229, 35.345666631 ], [ 137.221625229, 35.345624961 ], [ 137.221687729, 35.345624961 ], [ 137.221687729, 35.345583291 ], [ 137.221750229, 35.345583291 ], [ 137.221750229, 35.345541631 ], [ 137.221812729, 35.345541631 ], [ 137.221812729, 35.34549996 ], [ 137.221875229, 35.34549996 ], [ 137.221937729, 35.34549996 ], [ 137.221937729, 35.34554163 ], [ 137.222000229, 35.34554163 ], [ 137.222000229, 35.34549996 ], [ 137.222000229, 35.34545829 ], [ 137.222062729, 35.34545829 ], [ 137.222062729, 35.345416631 ], [ 137.222125229, 35.345416631 ], [ 137.222125229, 35.345374961 ], [ 137.222125229, 35.345333291 ], [ 137.222062729, 35.345333291 ], [ 137.222062728, 35.345291631 ], [ 137.222062728, 35.345249961 ], [ 137.222000229, 35.345249961 ], [ 137.221937729, 35.345249961 ], [ 137.221937729, 35.345291631 ], [ 137.222000229, 35.345291631 ], [ 137.222000229, 35.345333291 ], [ 137.221937729, 35.345333291 ], [ 137.221937729, 35.345374961 ], [ 137.221875229, 35.345374961 ], [ 137.221875229, 35.345416631 ], [ 137.221812729, 35.345416631 ], [ 137.221812729, 35.345374961 ], [ 137.221750228, 35.345374961 ], [ 137.221750228, 35.345333291 ], [ 137.221750228, 35.345291631 ], [ 137.221750228, 35.345249961 ], [ 137.221750228, 35.345208291 ], [ 137.221687729, 35.345208291 ], [ 137.221625229, 35.345208291 ], [ 137.221625229, 35.345249961 ], [ 137.221562729, 35.345249961 ], [ 137.221500228, 35.345249961 ], [ 137.221437729, 35.345249961 ], [ 137.221375229, 35.345249961 ], [ 137.221312729, 35.345249962 ], [ 137.221312729, 35.345291632 ], [ 137.221250229, 35.345291632 ], [ 137.221250229, 35.345333292 ], [ 137.221187728, 35.345333292 ], [ 137.221187728, 35.345291632 ], [ 137.221125229, 35.345291632 ], [ 137.221125229, 35.345333292 ], [ 137.221062729, 35.345333292 ], [ 137.221062729, 35.345374962 ], [ 137.221125229, 35.345374962 ], [ 137.221125229, 35.345416632 ], [ 137.221187728, 35.345416632 ], [ 137.221187729, 35.345458291 ], [ 137.221250229, 35.345458291 ], [ 137.221250229, 35.345499961 ], [ 137.221312729, 35.345499961 ], [ 137.221312729, 35.345458291 ], [ 137.221375229, 35.345458291 ], [ 137.221375229, 35.345416632 ], [ 137.221437729, 35.345416632 ], [ 137.221500229, 35.345416632 ], [ 137.221500229, 35.345458291 ], [ 137.221500229, 35.345499961 ], [ 137.221562729, 35.345499961 ], [ 137.221562729, 35.345541631 ], [ 137.221625229, 35.345541631 ], [ 137.221625229, 35.345583291 ], [ 137.221562729, 35.345583291 ], [ 137.221562729, 35.345624961 ], [ 137.221562729, 35.345666631 ], [ 137.221500229, 35.345666631 ], [ 137.221500229, 35.345624961 ], [ 137.22143773, 35.345624961 ], [ 137.221437729, 35.345583291 ], [ 137.221375229, 35.345583291 ], [ 137.221375229, 35.345624961 ], [ 137.221375229, 35.345666631 ], [ 137.221375229, 35.34570829 ], [ 137.22137523, 35.34574996 ], [ 137.22137523, 35.34579163 ], [ 137.22137523, 35.345833291 ], [ 137.221312729, 35.345833291 ], [ 137.221312729, 35.345874961 ], [ 137.22131273, 35.345916631 ], [ 137.221250229, 35.345916631 ], [ 137.221187729, 35.345916631 ], [ 137.22112523, 35.345916631 ], [ 137.22112523, 35.345958291 ], [ 137.22112523, 35.345999961 ], [ 137.22106273, 35.345999961 ], [ 137.22106273, 35.345958291 ], [ 137.22106273, 35.345916631 ], [ 137.22106273, 35.345874961 ], [ 137.22112523, 35.345874961 ], [ 137.22112523, 35.345833291 ], [ 137.221062729, 35.345833291 ], [ 137.221062729, 35.345791631 ], [ 137.221062729, 35.345749961 ], [ 137.221062729, 35.345708291 ], [ 137.221062729, 35.345666631 ], [ 137.221125229, 35.345666631 ], [ 137.221125229, 35.345624961 ], [ 137.221125229, 35.345583291 ], [ 137.221062729, 35.345583291 ], [ 137.221062729, 35.345624961 ], [ 137.221000229, 35.345624961 ], [ 137.220937729, 35.345624962 ], [ 137.220937729, 35.345583292 ], [ 137.220875229, 35.345583292 ], [ 137.220812729, 35.345583292 ], [ 137.220750229, 35.345583292 ], [ 137.220750229, 35.345624962 ], [ 137.220687729, 35.345624962 ], [ 137.220687729, 35.345666632 ], [ 137.220750229, 35.345666632 ], [ 137.220750229, 35.345708291 ], [ 137.220750229, 35.345749961 ], [ 137.220750229, 35.345791631 ], [ 137.220687729, 35.345791631 ], [ 137.220687729, 35.345833291 ], [ 137.220687729, 35.345874961 ], [ 137.220687729, 35.345916631 ], [ 137.220625229, 35.345916631 ], [ 137.220625229, 35.345958291 ], [ 137.220687729, 35.345958291 ], [ 137.220687729, 35.345999961 ], [ 137.220687729, 35.346041631 ], [ 137.22075023, 35.34604163 ], [ 137.22075023, 35.345999961 ], [ 137.22075023, 35.345958291 ], [ 137.220750229, 35.345916631 ], [ 137.220750229, 35.345874961 ], [ 137.22081273, 35.345874961 ], [ 137.22081273, 35.345833291 ], [ 137.22081273, 35.345791631 ], [ 137.220875229, 35.345791631 ], [ 137.220875229, 35.345833291 ], [ 137.220875229, 35.345874961 ], [ 137.220937729, 35.345874961 ], [ 137.220937729, 35.345916631 ], [ 137.221000229, 35.345916631 ], [ 137.221000229, 35.345958291 ], [ 137.220937729, 35.345958291 ], [ 137.220937729, 35.345999961 ], [ 137.220937729, 35.34604163 ], [ 137.220875229, 35.34604163 ], [ 137.220875229, 35.34608329 ], [ 137.220937729, 35.34608329 ], [ 137.220937729, 35.34612496 ], [ 137.220875229, 35.34612496 ], [ 137.220875229, 35.346166631 ], [ 137.22081273, 35.346166631 ], [ 137.22081273, 35.346124961 ], [ 137.22075023, 35.346124961 ], [ 137.22075023, 35.346166631 ], [ 137.22075023, 35.346208291 ], [ 137.22075023, 35.346249961 ], [ 137.22075023, 35.346291631 ], [ 137.22068773, 35.346291631 ], [ 137.22068773, 35.34633329 ], [ 137.22075023, 35.34633329 ], [ 137.22075023, 35.34637496 ], [ 137.22068773, 35.34637496 ], [ 137.22068773, 35.34633329 ], [ 137.22062523, 35.34633329 ], [ 137.22062523, 35.34637496 ], [ 137.22062523, 35.34641663 ], [ 137.220562729, 35.34641663 ], [ 137.220562729, 35.34645829 ], [ 137.22056273, 35.34649996 ], [ 137.22056273, 35.34654163 ], [ 137.22056273, 35.346583291 ], [ 137.22050023, 35.346583291 ], [ 137.22050023, 35.346624961 ], [ 137.22056273, 35.346624961 ], [ 137.22056273, 35.34666663 ], [ 137.22062523, 35.34666663 ], [ 137.22062523, 35.346624961 ], [ 137.22068773, 35.34662496 ], [ 137.22068773, 35.34658329 ], [ 137.22068773, 35.34654163 ], [ 137.22075023, 35.34654163 ], [ 137.22081273, 35.34654163 ], [ 137.22081273, 35.34649996 ], [ 137.22087523, 35.34649996 ], [ 137.22087523, 35.34645829 ], [ 137.22093773, 35.34645829 ], [ 137.22100023, 35.34645829 ], [ 137.22100023, 35.34649996 ], [ 137.22106273, 35.34649996 ], [ 137.221125231, 35.34649996 ], [ 137.22112523, 35.34645829 ] ] ] } },
{ "type": "Feature", "properties": { "A31a_101": "8505080120", "A31a_102": "肥田川", "A31a_103": "21", "A31a_104": "岐阜県", "A31a_105": 1 }, "geometry": { "type": "Polygon", "coordinates": [ [ [ 137.22056273, 35.34666663 ], [ 137.22050023, 35.34666663 ], [ 137.22043773, 35.34666663 ], [ 137.22043773, 35.34670829 ], [ 137.22037523, 35.34670829 ], [ 137.22037523, 35.34666663 ], [ 137.22031273, 35.34666663 ], [ 137.22031273, 35.346624961 ], [ 137.22025023, 35.346624961 ], [ 137.22018773, 35.346624961 ], [ 137.22018773, 35.34666663 ], [ 137.22025023, 35.34666663 ], [ 137.22025023, 35.34670829 ], [ 137.22018773, 35.34670829 ], [ 137.22018773, 35.34666663 ], [ 137.22012523, 35.34666663 ], [ 137.22012523, 35.34670829 ], [ 137.22006273, 35.34670829 ], [ 137.22006273, 35.34674996 ], [ 137.22012523, 35.34674996 ], [ 137.22012523, 35.34679163 ], [ 137.22018773, 35.34679163 ], [ 137.220187731, 35.34683329 ], [ 137.220187731, 35.34687496 ], [ 137.22025023, 35.34687496 ], [ 137.22025023, 35.34691663 ], [ 137.22031273, 35.34691663 ], [ 137.22037523, 35.34691663 ], [ 137.220437731, 35.34691663 ], [ 137.220500231, 35.34691663 ], [ 137.220500231, 35.346958289 ], [ 137.220500231, 35.346999959 ], [ 137.22056273, 35.346999959 ], [ 137.22056273, 35.346958289 ], [ 137.22056273, 35.34691663 ], [ 137.22056273, 35.34687496 ], [ 137.22056273, 35.34683329 ], [ 137.22056273, 35.34679163 ], [ 137.220500231, 35.34679163 ], [ 137.220500231, 35.34683329 ], [ 137.22043773, 35.34683329 ], [ 137.22043773, 35.34679163 ], [ 137.22043773, 35.34674996 ], [ 137.220500231, 35.34674996 ], [ 137.22056273, 35.34674996 ], [ 137.22056273, 35.34670829 ], [ 137.22056273, 35.34666663 ] ], [ [ 137.22037523, 35.34683329 ], [ 137.22037523, 35.34687496 ], [ 137.22031273, 35.34687496 ], [ 137.22031273, 35.34683329 ], [ 137.22037523, 35.34683329 ] ] ] } },
{ "type": "Feature", "properties": { "A31a_101": "8505080120", "A31a_102": "肥田川", "A31a_103": "21", "A31a_104": "岐阜県", "A31a_105": 1 }, "geometry": { "type": "Polygon", "coordinates": [ [ [ 137.21856273, 35.346958291 ], [ 137.21856273, 35.346916632 ], [ 137.21862523, 35.346916632 ], [ 137.21862523, 35.346874962 ], [ 137.21862523, 35.346833292 ], [ 137.21862523, 35.346791632 ], [ 137.21862523, 35.346749962 ], [ 137.21862523, 35.346708292 ], [ 137.21868773, 35.346708292 ], [ 137.218750229, 35.346708292 ], [ 137.218812729, 35.346708292 ], [ 137.218812729, 35.346749962 ], [ 137.21887523, 35.346749962 ], [ 137.21887523, 35.346791632 ], [ 137.21887523, 35.346833292 ], [ 137.21887523, 35.346874962 ], [ 137.21887523, 35.346916632 ], [ 137.21887523, 35.346958291 ], [ 137.21881273, 35.346958291 ], [ 137.218750229, 35.346958291 ], [ 137.21875023, 35.346999961 ], [ 137.21881273, 35.346999961 ], [ 137.21887523, 35.346999961 ], [ 137.21887523, 35.347041631 ], [ 137.21893773, 35.347041631 ], [ 137.21893773, 35.346999961 ], [ 137.21893773, 35.346958291 ], [ 137.21893773, 35.346916632 ], [ 137.21893773, 35.346874962 ], [ 137.21893773, 35.346833292 ], [ 137.21893773, 35.346791632 ], [ 137.219000229, 35.346791632 ], [ 137.219000229, 35.346749961 ], [ 137.219000229, 35.346708291 ], [ 137.219000229, 35.346666631 ], [ 137.219062729, 35.346666631 ], [ 137.219062729, 35.346624962 ], [ 137.219062729, 35.346583292 ], [ 137.219062729, 35.346541632 ], [ 137.219062729, 35.346499962 ], [ 137.219000229, 35.346499962 ], [ 137.219000229, 35.346541632 ], [ 137.21893773, 35.346541632 ], [ 137.21893773, 35.346583292 ], [ 137.218875229, 35.346583292 ], [ 137.218812729, 35.346583292 ], [ 137.218812729, 35.346541632 ], [ 137.218812729, 35.346499962 ], [ 137.218875229, 35.346499962 ], [ 137.21893773, 35.346499962 ], [ 137.21893773, 35.346458292 ], [ 137.218875229, 35.346458292 ], [ 137.218875229, 35.346416632 ], [ 137.218812729, 35.346416632 ], [ 137.218750229, 35.346416632 ], [ 137.218750229, 35.346374962 ], [ 137.218750229, 35.346333292 ], [ 137.218750229, 35.346291633 ], [ 137.218750229, 35.346249963 ], [ 137.218750229, 35.346208293 ], [ 137.218812729, 35.346208293 ], [ 137.218812729, 35.346166633 ], [ 137.218750229, 35.346166633 ], [ 137.218750229, 35.346124963 ], [ 137.218687729, 35.346124963 ], [ 137.218687729, 35.346083293 ], [ 137.218750228, 35.346083293 ], [ 137.218812729, 35.346083293 ], [ 137.218812729, 35.346041632 ], [ 137.218812729, 35.345999963 ], [ 137.218812729, 35.345958293 ], [ 137.218750228, 35.345958293 ], [ 137.218687729, 35.345958293 ], [ 137.218687729, 35.345999963 ], [ 137.218625229, 35.345999963 ], [ 137.218625229, 35.346041633 ], [ 137.218562729, 35.346041633 ], [ 137.218500229, 35.346041633 ], [ 137.218500229, 35.346083293 ], [ 137.218562729, 35.346083293 ], [ 137.218562729, 35.346124963 ], [ 137.218625229, 35.346124963 ], [ 137.218625229, 35.346166633 ], [ 137.218625229, 35.346208293 ], [ 137.218687729, 35.346208293 ], [ 137.218687729, 35.346249963 ], [ 137.218687729, 35.346291633 ], [ 137.218687729, 35.346333292 ], [ 137.21868773, 35.346374962 ], [ 137.21868773, 35.346416632 ], [ 137.21868773, 35.346458292 ], [ 137.21868773, 35.346499962 ], [ 137.218625229, 35.346499962 ], [ 137.218625229, 35.346541632 ], [ 137.21862523, 35.346583293 ], [ 137.218562729, 35.346583293 ], [ 137.218562729, 35.346624963 ], [ 137.218562729, 35.346666632 ], [ 137.218500229, 35.346666632 ], [ 137.218500229, 35.346708292 ], [ 137.218437729, 35.346708292 ], [ 137.218437729, 35.346749962 ], [ 137.218437729, 35.346791632 ], [ 137.218500229, 35.346791632 ], [ 137.218500229, 35.346833292 ], [ 137.218437729, 35.346833292 ], [ 137.21837523, 35.346833292 ], [ 137.21831273, 35.346833292 ], [ 137.21831273, 35.346791632 ], [ 137.21831273, 35.346749962 ], [ 137.21831273, 35.346708292 ], [ 137.21831273, 35.346666632 ], [ 137.21837523, 35.346666632 ], [ 137.21837523, 35.346624963 ], [ 137.218437729, 35.346624963 ], [ 137.218437729, 35.346583293 ], [ 137.218437729, 35.346541633 ], [ 137.218437729, 35.346499963 ], [ 137.218437729, 35.346458293 ], [ 137.218500229, 35.346458292 ], [ 137.218500229, 35.346416632 ], [ 137.218500229, 35.346374962 ], [ 137.218500229, 35.346333292 ], [ 137.218500229, 35.346291633 ], [ 137.218437729, 35.346291633 ], [ 137.218437729, 35.346249963 ], [ 137.218375229, 35.346249963 ], [ 137.218312729, 35.346249963 ], [ 137.218312729, 35.346208293 ], [ 137.218250229, 35.346208293 ], [ 137.218187729, 35.346208293 ], [ 137.218125228, 35.346208293 ], [ 137.218125228, 35.346249963 ], [ 137.218125228, 35.346291633 ], [ 137.218125229, 35.346333293 ], [ 137.218125229, 35.346374963 ], [ 137.218062729, 35.346374963 ], [ 137.218062729, 35.346416633 ], [ 137.218062729, 35.346458293 ], [ 137.218062729, 35.346499963 ], [ 137.218062729, 35.346541633 ], [ 137.218062729, 35.346583293 ], [ 137.21806273, 35.346624963 ], [ 137.218000229, 35.346624963 ], [ 137.218000229, 35.346666632 ], [ 137.218000229, 35.346708292 ], [ 137.218000229, 35.346749963 ], [ 137.21800023, 35.346791633 ], [ 137.21800023, 35.346833293 ], [ 137.21806273, 35.346833293 ], [ 137.21806273, 35.346874963 ], [ 137.21806273, 35.346916633 ], [ 137.218125229, 35.346916633 ], [ 137.218187729, 35.346916633 ], [ 137.218187729, 35.346958292 ], [ 137.21825023, 35.346958292 ], [ 137.21831273, 35.346958292 ], [ 137.21837523, 35.346958292 ], [ 137.21837523, 35.346999962 ], [ 137.21837523, 35.347041632 ], [ 137.218437729, 35.347041632 ], [ 137.21843773, 35.347083292 ], [ 137.21850023, 35.347083292 ], [ 137.21856273, 35.347083292 ], [ 137.21856273, 35.347041631 ], [ 137.21856273, 35.346999961 ], [ 137.21856273, 35.346958291 ] ] ] } },
{ "type": "Feature", "properties": { "A31a_101": "8505080120", "A31a_102": "肥田川", "A31a_103": "21", "A31a_104": "岐阜県", "A31a_105": 1 }, "geometry": { "type": "Polygon", "coordinates": [ [ [ 137.22025023, 35.34691663 ], [ 137.220187731, 35.34691663 ], [ 137.220187731, 35.34687496 ], [ 137.22012523, 35.34687496 ], [ 137.22012523, 35.34683329 ], [ 137.22006273, 35.346833291 ], [ 137.22006273, 35.34679163 ], [ 137.22000023, 35.34679163 ], [ 137.22000023, 35.34674996 ], [ 137.22000023, 35.34670829 ], [ 137.22000023, 35.34666663 ], [ 137.22006273, 35.34666663 ], [ 137.22006273, 35.346624961 ], [ 137.22006273, 35.346583291 ], [ 137.22000023, 35.346583291 ], [ 137.219937729, 35.346583291 ], [ 137.21987523, 35.346583291 ], [ 137.21987523, 35.346624961 ], [ 137.21981273, 35.346624961 ], [ 137.21981273, 35.346583291 ], [ 137.21987523, 35.346583291 ], [ 137.21987523, 35.346541631 ], [ 137.21987523, 35.346499961 ], [ 137.21987523, 35.346458291 ], [ 137.219937729, 35.346458291 ], [ 137.219937729, 35.346416631 ], [ 137.219937729, 35.346374961 ], [ 137.21987523, 35.346374961 ], [ 137.21987523, 35.346333291 ], [ 137.21981273, 35.346333291 ], [ 137.219750229, 35.346333291 ], [ 137.219750229, 35.346374961 ], [ 137.219687729, 35.346374961 ], [ 137.219687729, 35.346416631 ], [ 137.219625229, 35.346416631 ], [ 137.219625229, 35.346458291 ], [ 137.21956273, 35.346458291 ], [ 137.21956273, 35.346499961 ], [ 137.21950023, 35.346499962 ], [ 137.21950023, 35.346541632 ], [ 137.219437729, 35.346541632 ], [ 137.21943773, 35.346583292 ], [ 137.21943773, 35.346624962 ], [ 137.21943773, 35.346666631 ], [ 137.21943773, 35.346708291 ], [ 137.219375229, 35.346708291 ], [ 137.21937523, 35.346749961 ], [ 137.21937523, 35.346791631 ], [ 137.21943773, 35.346791631 ], [ 137.21943773, 35.346833291 ], [ 137.21950023, 35.346833291 ], [ 137.21950023, 35.346874961 ], [ 137.21950023, 35.346916631 ], [ 137.21956273, 35.346916631 ], [ 137.21962523, 35.346916631 ], [ 137.21968773, 35.346916631 ], [ 137.21975023, 35.346916631 ], [ 137.21975023, 35.34695829 ], [ 137.21968773, 35.34695829 ], [ 137.21968773, 35.34699996 ], [ 137.21968773, 35.34704163 ], [ 137.21962523, 35.34704163 ], [ 137.21962523, 35.34708329 ], [ 137.219562731, 35.347083291 ], [ 137.219562731, 35.347124961 ], [ 137.21962523, 35.34712496 ], [ 137.21968773, 35.34712496 ], [ 137.21975023, 35.34712496 ], [ 137.219812731, 35.34712496 ], [ 137.21981273, 35.34708329 ], [ 137.21981273, 35.34704163 ], [ 137.219875231, 35.34704163 ], [ 137.21993773, 35.34704163 ], [ 137.22000023, 35.34704163 ], [ 137.22006273, 35.34704163 ], [ 137.220125231, 35.34704163 ], [ 137.220125231, 35.34699996 ], [ 137.220187731, 35.34699996 ], [ 137.220187731, 35.34695829 ], [ 137.22025023, 35.34695829 ], [ 137.22025023, 35.34691663 ] ] ] } },
{ "type": "Feature", "properties": { "A31a_101": "8505080120", "A31a_102": "肥田川", "A31a_103": "21", "A31a_104": "岐阜県", "A31a_105": 1 }, "geometry": { "type": "Polygon", "coordinates": [ [ [ 137.21875023, 35.347416631 ], [ 137.21875023, 35.347374961 ], [ 137.21881273, 35.347374961 ], [ 137.21881273, 35.347333291 ], [ 137.21887523, 35.347333291 ], [ 137.21887523, 35.347291631 ], [ 137.218937731, 35.34729163 ], [ 137.21893773, 35.34724996 ], [ 137.21893773, 35.347208291 ], [ 137.21887523, 35.347208291 ], [ 137.21881273, 35.347208291 ], [ 137.21875023, 35.347208292 ], [ 137.21875023, 35.347249961 ], [ 137.21875023, 35.347291631 ], [ 137.218687731, 35.347291631 ], [ 137.218687731, 35.347333291 ], [ 137.218687731, 35.347374961 ], [ 137.218687731, 35.347416631 ], [ 137.21875023, 35.347416631 ] ] ] } },
{ "type": "Feature", "properties": { "A31a_101": "8505080120", "A31a_102": "肥田川", "A31a_103": "21", "A31a_104": "岐阜県", "A31a_105": 1 }, "geometry": { "type": "Polygon", "coordinates": [ [ [ 137.220312731, 35.347416629 ], [ 137.220312731, 35.347374959 ], [ 137.220312731, 35.347333289 ], [ 137.220375231, 35.347333289 ], [ 137.220437731, 35.347333289 ], [ 137.220437731, 35.347291629 ], [ 137.220437731, 35.347249959 ], [ 137.220437731, 35.34720829 ], [ 137.220437731, 35.34716663 ], [ 137.220375231, 35.34716663 ], [ 137.22031273, 35.34716663 ], [ 137.22025023, 35.34716663 ], [ 137.220187731, 35.34716663 ], [ 137.220187731, 35.34712496 ], [ 137.220125231, 35.34712496 ], [ 137.220125231, 35.34708329 ], [ 137.22006273, 35.34708329 ], [ 137.22006273, 35.34712496 ], [ 137.22006273, 35.34716663 ], [ 137.220062731, 35.34720829 ], [ 137.220125231, 35.34720829 ], [ 137.220125231, 35.347249959 ], [ 137.220187731, 35.347249959 ], [ 137.220187731, 35.347291629 ], [ 137.220125231, 35.347291629 ], [ 137.220062731, 35.347291629 ], [ 137.22000023, 35.347291629 ], [ 137.22000023, 35.347249959 ], [ 137.22000023, 35.34720829 ], [ 137.21993773, 35.34720829 ], [ 137.219875231, 35.34720829 ], [ 137.219812731, 35.34720829 ], [ 137.219812731, 35.34724996 ], [ 137.21975023, 35.34724996 ], [ 137.21975023, 35.34720829 ], [ 137.21975023, 35.34716663 ], [ 137.21968773, 35.34716663 ], [ 137.21968773, 35.347208291 ], [ 137.21968773, 35.34724996 ], [ 137.21962523, 35.34724996 ], [ 137.21962523, 35.34729163 ], [ 137.21962523, 35.34733329 ], [ 137.21968773, 35.34733329 ], [ 137.21968773, 35.34729163 ], [ 137.219750231, 35.34729163 ], [ 137.219750231, 35.34733329 ], [ 137.219750231, 35.34737496 ], [ 137.219812731, 35.34737496 ], [ 137.219812731, 35.34741663 ], [ 137.219875231, 35.34741663 ], [ 137.21993773, 35.34741663 ], [ 137.21993773, 35.34745829 ], [ 137.219875231, 35.34745829 ], [ 137.219812731, 35.34745829 ], [ 137.219750231, 35.34745829 ], [ 137.219750231, 35.34749996 ], [ 137.219687731, 35.34749996 ], [ 137.219687731, 35.34754163 ], [ 137.219687731, 35.347583289 ], [ 137.219687731, 35.347624959 ], [ 137.219687731, 35.347666629 ], [ 137.219750231, 35.347666629 ], [ 137.219812731, 35.347666629 ], [ 137.219812731, 35.347624959 ], [ 137.219875231, 35.347624959 ], [ 137.219937731, 35.347624959 ], [ 137.219937731, 35.347583289 ], [ 137.220000231, 35.347583289 ], [ 137.220062731, 35.347583289 ], [ 137.220062731, 35.34754163 ], [ 137.220062731, 35.34749996 ], [ 137.220125231, 35.34749996 ], [ 137.220187731, 35.34749996 ], [ 137.220250231, 35.347499959 ], [ 137.220250231, 35.347458289 ], [ 137.220250231, 35.347416629 ], [ 137.220312731, 35.347416629 ] ] ] } },
{ "type": "Feature", "properties": { "A31a_101": "8505080120", "A31a_102": "肥田川", "A31a_103": "21", "A31a_104": "岐阜県", "A31a_105": 1 }, "geometry": { "type": "Polygon", "coordinates": [ [ [ 137.220187732, 35.347833289 ], [ 137.220187732, 35.347791629 ], [ 137.220187732, 35.347749959 ], [ 137.220125231, 35.347749959 ], [ 137.220125231, 35.347791629 ], [ 137.220125232, 35.347833289 ], [ 137.220187732, 35.347833289 ] ] ] } },
{ "type": "Feature", "properties": { "A31a_101": "8505080120", "A31a_102": "肥田川", "A31a_103": "21", "A31a_104": "岐阜県", "A31a_105": 1 }, "geometry": { "type": "Polygon", "coordinates": [ [ [ 137.220250231, 35.347833289 ], [ 137.220187732, 35.347833289 ], [ 137.220187732, 35.347874958 ], [ 137.220187732, 35.347916628 ], [ 137.220187732, 35.347958288 ], [ 137.220125232, 35.347958288 ], [ 137.220125232, 35.347999958 ], [ 137.220125232, 35.348041629 ], [ 137.220187732, 35.348041628 ], [ 137.220250231, 35.348041628 ], [ 137.220312731, 35.348041628 ], [ 137.220312731, 35.347999958 ], [ 137.220312731, 35.347958288 ], [ 137.220250231, 35.347958288 ], [ 137.220250231, 35.347916628 ], [ 137.220250231, 35.347874958 ], [ 137.220250231, 35.347833289 ] ] ] } },
{ "type": "Feature", "properties": { "A31a_101": "8505080120", "A31a_102": "肥田川", "A31a_103": "21", "A31a_104": "岐阜県", "A31a_105": 1 }, "geometry": { "type": "Polygon", "coordinates": [ [ [ 137.219875232, 35.348041629 ], [ 137.219875232, 35.348083289 ], [ 137.219937731, 35.348083289 ], [ 137.219937731, 35.348041629 ], [ 137.219875232, 35.348041629 ] ] ] } },
{ "type": "Feature", "properties": { "A31a_101": "8505080120", "A31a_102": "肥田川", "A31a_103": "21", "A31a_104": "岐阜県", "A31a_105": 1 }, "geometry": { "type": "Polygon", "coordinates": [ [ [ 137.219875232, 35.348041629 ], [ 137.219875232, 35.347999959 ], [ 137.219812732, 35.347999959 ], [ 137.219750231, 35.347999959 ], [ 137.219687731, 35.347999959 ], [ 137.219687731, 35.347958289 ], [ 137.219687731, 35.347916629 ], [ 137.219625231, 35.347916629 ], [ 137.219625231, 35.347874959 ], [ 137.219562731, 35.347874959 ], [ 137.219562731, 35.34783329 ], [ 137.219625231, 35.34783329 ], [ 137.219625231, 35.34779163 ], [ 137.219625231, 35.34774996 ], [ 137.219625231, 35.34770829 ], [ 137.219562731, 35.34770829 ], [ 137.219562731, 35.347666629 ], [ 137.219562731, 35.347624959 ], [ 137.219562731, 35.347583289 ], [ 137.219562731, 35.34754163 ], [ 137.21962523, 35.34754163 ], [ 137.21962523, 35.34749996 ], [ 137.219687731, 35.34749996 ], [ 137.21968773, 35.34745829 ], [ 137.21968773, 35.34741663 ], [ 137.21962523, 35.34741663 ], [ 137.21962523, 35.34737496 ], [ 137.21962523, 35.34733329 ], [ 137.219562731, 35.34733329 ], [ 137.219562731, 35.34729163 ], [ 137.219500231, 35.34729163 ], [ 137.21943773, 35.34729163 ], [ 137.21943773, 35.34724996 ], [ 137.219500231, 35.34724996 ], [ 137.21950023, 35.347208291 ], [ 137.219562731, 35.347208291 ], [ 137.219562731, 35.347166631 ], [ 137.219562731, 35.347124961 ], [ 137.21950023, 35.347124961 ], [ 137.21950023, 35.347166631 ], [ 137.21943773, 35.347166631 ], [ 137.21943773, 35.347208291 ], [ 137.21937523, 35.347208291 ], [ 137.21937523, 35.34724996 ], [ 137.21937523, 35.34729163 ], [ 137.21931273, 35.34729163 ], [ 137.21931273, 35.34733329 ], [ 137.219250231, 35.34733329 ], [ 137.219250231, 35.34737496 ], [ 137.219250231, 35.34741663 ], [ 137.219250231, 35.34745829 ], [ 137.219250231, 35.34749996 ], [ 137.21931273, 35.34749996 ], [ 137.21931273, 35.34754163 ], [ 137.219250231, 35.347541631 ], [ 137.219250231, 35.34758329 ], [ 137.219250231, 35.34762496 ], [ 137.219250231, 35.34766663 ], [ 137.21931273, 35.34766663 ], [ 137.21931273, 35.34762496 ], [ 137.21931273, 35.34758329 ], [ 137.219375231, 35.34758329 ], [ 137.219437731, 35.34758329 ], [ 137.219500231, 35.347583289 ], [ 137.219500231, 35.34762496 ], [ 137.219500231, 35.34766663 ], [ 137.219500231, 35.34770829 ], [ 137.219500231, 35.34774996 ], [ 137.219500231, 35.34779163 ], [ 137.219500231, 35.34783329 ], [ 137.219500231, 35.347874959 ], [ 137.219500231, 35.347916629 ], [ 137.219500231, 35.347958289 ], [ 137.219500231, 35.347999959 ], [ 137.219500231, 35.348041629 ], [ 137.219437731, 35.348041629 ], [ 137.219437731, 35.348083289 ], [ 137.219375231, 35.348083289 ], [ 137.219375231, 35.348124959 ], [ 137.219375231, 35.348166629 ], [ 137.219312731, 35.348166629 ], [ 137.219312731, 35.34812496 ], [ 137.219312731, 35.34808329 ], [ 137.219250232, 35.34808329 ], [ 137.219250232, 35.34812496 ], [ 137.219250232, 35.348166629 ], [ 137.219250232, 35.348208289 ], [ 137.219250232, 35.348249959 ], [ 137.219312731, 35.348249959 ], [ 137.219375231, 35.348249959 ], [ 137.219437732, 35.348249959 ], [ 137.219437731, 35.348208289 ], [ 137.219437731, 35.348166629 ], [ 137.219500232, 35.348166628 ], [ 137.219500232, 35.348124959 ], [ 137.219562732, 35.348124959 ], [ 137.219562732, 35.348083289 ], [ 137.219625231, 35.348083289 ], [ 137.219625231, 35.348124959 ], [ 137.219625231, 35.348166628 ], [ 137.219687731, 35.348166628 ], [ 137.219750232, 35.348166628 ], [ 137.219750232, 35.348124959 ], [ 137.219687731, 35.348124959 ], [ 137.219687731, 35.348083289 ], [ 137.219687731, 35.348041629 ], [ 137.219750231, 35.348041629 ], [ 137.219812732, 35.348041629 ], [ 137.219875232, 35.348041629 ] ] ] } },
{ "type": "Feature", "properties": { "A31a_101": "8505080120", "A31a_102": "肥田川", "A31a_103": "21", "A31a_104": "岐阜県", "A31a_105": 1 }, "geometry": { "type": "Polygon", "coordinates": [ [ [ 137.220312731, 35.347416629 ], [ 137.220312731, 35.347458289 ], [ 137.220375231, 35.347458289 ], [ 137.220375231, 35.347499959 ], [ 137.220375231, 35.347541629 ], [ 137.220437731, 35.347541629 ], [ 137.220437731, 35.347583289 ], [ 137.220437731, 35.347624959 ], [ 137.220437731, 35.347666629 ], [ 137.220437731, 35.347708289 ], [ 137.220375231, 35.347708289 ], [ 137.220312731, 35.347708289 ], [ 137.220312731, 35.347749959 ], [ 137.220250231, 35.347749959 ], [ 137.220250231, 35.347791629 ], [ 137.220250231, 35.347833289 ], [ 137.220312731, 35.347833289 ], [ 137.220375231, 35.347833289 ], [ 137.220437732, 35.347833289 ], [ 137.220500232, 35.347833289 ], [ 137.220500232, 35.347874958 ], [ 137.220562731, 35.347874958 ], [ 137.220562731, 35.347916628 ], [ 137.220562731, 35.347958288 ], [ 137.220562731, 35.347999958 ], [ 137.220562731, 35.348041628 ], [ 137.220625232, 35.348041628 ], [ 137.220625232, 35.347999958 ], [ 137.220687732, 35.347999958 ], [ 137.220750232, 35.347999958 ], [ 137.220750232, 35.348041628 ], [ 137.220750232, 35.348083288 ], [ 137.220750232, 35.348124958 ], [ 137.220750232, 35.348166627 ], [ 137.220750232, 35.348208287 ], [ 137.220812732, 35.348208287 ], [ 137.220812733, 35.348249957 ], [ 137.220875232, 35.348249957 ], [ 137.220937732, 35.348249957 ], [ 137.220937732, 35.348208287 ], [ 137.220937732, 35.348166627 ], [ 137.220875232, 35.348166627 ], [ 137.220875232, 35.348124958 ], [ 137.220875232, 35.348083288 ], [ 137.220875232, 35.348041628 ], [ 137.220875232, 35.347999958 ], [ 137.220937732, 35.347999958 ], [ 137.220937732, 35.347958288 ], [ 137.220937732, 35.347916627 ], [ 137.221000232, 35.347916627 ], [ 137.221000232, 35.347874957 ], [ 137.220937732, 35.347874957 ], [ 137.220937732, 35.347833288 ], [ 137.220937731, 35.347791628 ], [ 137.220937731, 35.347749958 ], [ 137.220937731, 35.347708288 ], [ 137.220875231, 35.347708288 ], [ 137.220875231, 35.347666628 ], [ 137.220875231, 35.347624958 ], [ 137.220875231, 35.347583288 ], [ 137.220875231, 35.347541629 ], [ 137.220812732, 35.347541629 ], [ 137.220750231, 35.347541629 ], [ 137.220687731, 35.347541629 ], [ 137.220625231, 35.347541629 ], [ 137.220625231, 35.347499959 ], [ 137.220625231, 35.347458289 ], [ 137.220625231, 35.347416629 ], [ 137.220562731, 35.347416629 ], [ 137.220500231, 35.347416629 ], [ 137.220437731, 35.347416629 ], [ 137.220375231, 35.347416629 ], [ 137.220312731, 35.347416629 ] ] ] } },
{ "type": "Feature", "properties": { "A31a_101": "8505080120", "A31a_102": "肥田川", "A31a_103": "21", "A31a_104": "岐阜県", "A31a_105": 1 }, "geometry": { "type": "Polygon", "coordinates": [ [ [ 137.219937732, 35.348749958 ], [ 137.219937732, 35.348708288 ], [ 137.220000232, 35.348708288 ], [ 137.220062732, 35.348708288 ], [ 137.220125233, 35.348708288 ], [ 137.220187733, 35.348708288 ], [ 137.220187733, 35.348666628 ], [ 137.220250232, 35.348666627 ], [ 137.220250232, 35.348708288 ], [ 137.220312732, 35.348708288 ], [ 137.220312732, 35.348666627 ], [ 137.220375232, 35.348666627 ], [ 137.220437733, 35.348666627 ], [ 137.220500233, 35.348666627 ], [ 137.220500233, 35.348624957 ], [ 137.220562732, 35.348624957 ], [ 137.220625232, 35.348624957 ], [ 137.220687733, 35.348624957 ], [ 137.220750233, 35.348624957 ], [ 137.220750233, 35.348583287 ], [ 137.220687732, 35.348583287 ], [ 137.220625232, 35.348583287 ], [ 137.220562732, 35.348583287 ], [ 137.220562732, 35.348541627 ], [ 137.220562732, 35.348499957 ], [ 137.220625232, 35.348499957 ], [ 137.220687732, 35.348499957 ], [ 137.220687732, 35.348458287 ], [ 137.220625232, 35.348458287 ], [ 137.220562732, 35.348458287 ], [ 137.220500233, 35.348458287 ], [ 137.220500233, 35.348416628 ], [ 137.220437732, 35.348416628 ], [ 137.220375232, 35.348416628 ], [ 137.220312732, 35.348416628 ], [ 137.220250232, 35.348416628 ], [ 137.220187732, 35.348416628 ], [ 137.220187732, 35.348374958 ], [ 137.220125232, 35.348374958 ], [ 137.220062732, 35.348374958 ], [ 137.220000232, 35.348374958 ], [ 137.219937732, 35.348374958 ], [ 137.219937731, 35.348333288 ], [ 137.219937731, 35.348291628 ], [ 137.219875232, 35.348291628 ], [ 137.219875232, 35.348333288 ], [ 137.219875232, 35.348374958 ], [ 137.219812732, 35.348374958 ], [ 137.219812732, 35.348416628 ], [ 137.219750232, 35.348416629 ], [ 137.219750232, 35.348458288 ], [ 137.219687732, 35.348458288 ], [ 137.219687732, 35.348499958 ], [ 137.219687732, 35.348541628 ], [ 137.219687732, 35.348583288 ], [ 137.219687732, 35.348624958 ], [ 137.219750232, 35.348624958 ], [ 137.219750232, 35.348666628 ], [ 137.219687732, 35.348666628 ], [ 137.219687732, 35.348708288 ], [ 137.219687732, 35.348749958 ], [ 137.219750232, 35.348749958 ], [ 137.219750232, 35.348708288 ], [ 137.219812732, 35.348708288 ], [ 137.219812732, 35.348749958 ], [ 137.219875233, 35.348749958 ], [ 137.219937732, 35.348749958 ] ] ] } },
{ "type": "Feature", "properties": { "A31a_101": "8505080120", "A31a_102": "肥田川", "A31a_103": "21", "A31a_104": "岐阜県", "A31a_105": 1 }, "geometry": { "type": "Polygon", "coordinates": [ [ [ 137.220750233, 35.348708287 ], [ 137.220687733, 35.348708287 ], [ 137.220687733, 35.348749957 ], [ 137.220750233, 35.348749957 ], [ 137.220750233, 35.348708287 ] ] ] } },
{ "type": "Feature", "properties": { "A31a_101": "8505080120", "A31a_102": "肥田川", "A31a_103": "21", "A31a_104": "岐阜県", "A31a_105": 1 }, "geometry": { "type": "Polygon", "coordinates": [ [ [ 137.220000232, 35.348791627 ], [ 137.219937732, 35.348791627 ], [ 137.219937732, 35.348833287 ], [ 137.220000232, 35.348833287 ], [ 137.220062732, 35.348833287 ], [ 137.220125233, 35.348833287 ], [ 137.220125233, 35.348791627 ], [ 137.220062732, 35.348791627 ], [ 137.220000232, 35.348791627 ] ] ] } },
{ "type": "Feature", "properties": { "A31a_101": "8505080120", "A31a_102": "肥田川", "A31a_103": "21", "A31a_104": "岐阜県", "A31a_105": 1 }, "geometry": { "type": "Polygon", "coordinates": [ [ [ 137.220750233, 35.348916626 ], [ 137.220812733, 35.348916626 ], [ 137.220812733, 35.348874956 ], [ 137.220750233, 35.348874956 ], [ 137.220750233, 35.348916626 ] ] ] } },
{ "type": "Feature", "properties": { "A31a_101": "8505080120", "A31a_102": "肥田川", "A31a_103": "21", "A31a_104": "岐阜県", "A31a_105": 1 }, "geometry": { "type": "Polygon", "coordinates": [ [ [ 137.219750233, 35.348999958 ], [ 137.219812733, 35.348999958 ], [ 137.219812733, 35.348958288 ], [ 137.219750232, 35.348958288 ], [ 137.219750233, 35.348999958 ] ] ] } },
{ "type": "Feature", "properties": { "A31a_101": "8505080120", "A31a_102": "肥田川", "A31a_103": "21", "A31a_104": "岐阜県", "A31a_105": 1 }, "geometry": { "type": "Polygon", "coordinates": [ [ [ 137.219750233, 35.348999958 ], [ 137.219687732, 35.348999958 ], [ 137.219625232, 35.348999958 ], [ 137.219625232, 35.349041628 ], [ 137.219687732, 35.349041628 ], [ 137.219750233, 35.349041628 ], [ 137.219750233, 35.348999958 ] ] ] } },
{ "type": "Feature", "properties": { "A31a_101": "8505080120", "A31a_102": "肥田川", "A31a_103": "21", "A31a_104": "岐阜県", "A31a_105": 1 }, "geometry": { "type": "Polygon", "coordinates": [ [ [ 137.219187733, 35.349208288 ], [ 137.219187733, 35.349166628 ], [ 137.219250233, 35.349166627 ], [ 137.219250233, 35.349208288 ], [ 137.219312732, 35.349208288 ], [ 137.219375232, 35.349208287 ], [ 137.219375232, 35.349166627 ], [ 137.219312732, 35.349166627 ], [ 137.219312732, 35.349124957 ], [ 137.219250233, 35.349124957 ], [ 137.219250233, 35.349083287 ], [ 137.219187733, 35.349083287 ], [ 137.219125232, 35.349083288 ], [ 137.219125232, 35.349124958 ], [ 137.219062732, 35.349124958 ], [ 137.219062732, 35.349166628 ], [ 137.219125232, 35.349166628 ], [ 137.219125232, 35.349208288 ], [ 137.219125233, 35.349249958 ], [ 137.219187733, 35.349249958 ], [ 137.219187733, 35.349208288 ] ] ] } },
{ "type": "Feature", "properties": { "A31a_101": "8505080120", "A31a_102": "肥田川", "A31a_103": "21", "A31a_104": "岐阜県", "A31a_105": 1 }, "geometry": { "type": "Polygon", "coordinates": [ [ [ 137.220750233, 35.348916626 ], [ 137.220687733, 35.348916626 ], [ 137.220687733, 35.348958287 ], [ 137.220687733, 35.348999957 ], [ 137.220687733, 35.349041627 ], [ 137.220687733, 35.349083286 ], [ 137.220687733, 35.349124956 ], [ 137.220687733, 35.349166626 ], [ 137.220687733, 35.349208286 ], [ 137.220687733, 35.349249956 ], [ 137.220625233, 35.349249956 ], [ 137.220562733, 35.349249956 ], [ 137.220562733, 35.349208286 ], [ 137.220500234, 35.349208286 ], [ 137.220500234, 35.349249956 ], [ 137.220437733, 35.349249956 ], [ 137.220437733, 35.349291626 ], [ 137.220437733, 35.349333286 ], [ 137.220375233, 35.349333287 ], [ 137.220312733, 35.349333287 ], [ 137.220250233, 35.349333287 ], [ 137.220250233, 35.349374956 ], [ 137.220187734, 35.349374956 ], [ 137.220125233, 35.349374956 ], [ 137.220125233, 35.349416626 ], [ 137.220062733, 35.349416626 ], [ 137.220062733, 35.349458286 ], [ 137.220062733, 35.349499956 ], [ 137.220062733, 35.349541626 ], [ 137.220125234, 35.349541626 ], [ 137.220125234, 35.349499956 ], [ 137.220187734, 35.349499956 ], [ 137.220250233, 35.349499956 ], [ 137.220312733, 35.349499956 ], [ 137.220375233, 35.349499956 ], [ 137.220437734, 35.349499956 ], [ 137.220500234, 35.349499956 ], [ 137.220562733, 35.349499956 ], [ 137.220625233, 35.349499956 ], [ 137.220687734, 35.349499955 ], [ 137.220750234, 35.349499955 ], [ 137.220750234, 35.349458285 ], [ 137.220750234, 35.349416625 ], [ 137.220812734, 35.349416625 ], [ 137.220812734, 35.349374955 ], [ 137.220812734, 35.349333286 ], [ 137.220812734, 35.349291626 ], [ 137.220812734, 35.349249956 ], [ 137.220812734, 35.349208286 ], [ 137.220750233, 35.349208286 ], [ 137.220750233, 35.349166626 ], [ 137.220750233, 35.349124956 ], [ 137.220750233, 35.349083286 ], [ 137.220750233, 35.349041627 ], [ 137.220750233, 35.348999957 ], [ 137.220750233, 35.348958287 ], [ 137.220750233, 35.348916626 ] ] ] } },
{ "type": "Feature", "properties": { "A31a_101": "8505080120", "A31a_102": "肥田川", "A31a_103": "21", "A31a_104": "岐阜県", "A31a_105": 1 }, "geometry": { "type": "Polygon", "coordinates": [ [ [ 137.220812734, 35.349624956 ], [ 137.220750234, 35.349624956 ], [ 137.220750234, 35.349666626 ], [ 137.220750234, 35.349708285 ], [ 137.220750234, 35.349749955 ], [ 137.220750234, 35.349791625 ], [ 137.220750234, 35.349833285 ], [ 137.220812734, 35.349833285 ], [ 137.220812734, 35.349791625 ], [ 137.220812734, 35.349749955 ], [ 137.220812734, 35.349708285 ], [ 137.220812734, 35.349666626 ], [ 137.220812734, 35.349624956 ] ] ] } },
{ "type": "Feature", "properties": { "A31a_101": "8505080120", "A31a_102": "肥田川", "A31a_103": "21", "A31a_104": "岐阜県", "A31a_105": 1 }, "geometry": { "type": "Polygon", "coordinates": [ [ [ 137.219687733, 35.349749956 ], [ 137.219687733, 35.349791626 ], [ 137.219687733, 35.349833286 ], [ 137.219625233, 35.349833286 ], [ 137.219625233, 35.349874956 ], [ 137.219687733, 35.349874956 ], [ 137.219750234, 35.349874956 ], [ 137.219750234, 35.349833286 ], [ 137.219750233, 35.349791626 ], [ 137.219750233, 35.349749956 ], [ 137.219687733, 35.349749956 ] ] ] } },
{ "type": "Feature", "properties": { "A31a_101": "8505080120", "A31a_102": "肥田川", "A31a_103": "21", "A31a_104": "岐阜県", "A31a_105": 1 }, "geometry": { "type": "Polygon", "coordinates": [ [ [ 137.219625233, 35.349874956 ], [ 137.219562734, 35.349874956 ], [ 137.219500234, 35.349874956 ], [ 137.219500234, 35.349916626 ], [ 137.219562734, 35.349916626 ], [ 137.219625233, 35.349916626 ], [ 137.219625233, 35.349874956 ] ] ] } },
{ "type": "Feature", "properties": { "A31a_101": "8505080120", "A31a_102": "肥田川", "A31a_103": "21", "A31a_104": "岐阜県", "A31a_105": 1 }, "geometry": { "type": "Polygon", "coordinates": [ [ [ 137.220437734, 35.349958286 ], [ 137.220375234, 35.349958286 ], [ 137.220375234, 35.349999955 ], [ 137.220437734, 35.349999955 ], [ 137.220437734, 35.349958286 ] ] ] } },
{ "type": "Feature", "properties": { "A31a_101": "8505080120", "A31a_102": "肥田川", "A31a_103": "21", "A31a_104": "岐阜県", "A31a_105": 1 }, "geometry": { "type": "Polygon", "coordinates": [ [ [ 137.220750234, 35.349958285 ], [ 137.220750234, 35.349916625 ], [ 137.220750234, 35.349874955 ], [ 137.220687734, 35.349874955 ], [ 137.220687734, 35.349916625 ], [ 137.220625234, 35.349916625 ], [ 137.220625234, 35.349958285 ], [ 137.220562734, 35.349958285 ], [ 137.220562734, 35.349999955 ], [ 137.220625234, 35.349999954 ], [ 137.220687734, 35.349999954 ], [ 137.220750234, 35.349999954 ], [ 137.220812735, 35.349999954 ], [ 137.220812735, 35.349958285 ], [ 137.220750234, 35.349958285 ] ] ] } },
{ "type": "Feature", "properties": { "A31a_101": "8505080120", "A31a_102": "肥田川", "A31a_103": "21", "A31a_104": "岐阜県", "A31a_105": 1 }, "geometry": { "type": "Polygon", "coordinates": [ [ [ 137.219250234, 35.349999956 ], [ 137.219250234, 35.349958287 ], [ 137.219250234, 35.349916627 ], [ 137.219187734, 35.349916627 ], [ 137.219187733, 35.349874957 ], [ 137.219125233, 35.349874957 ], [ 137.219125233, 35.349916627 ], [ 137.219125233, 35.349958287 ], [ 137.219125233, 35.349999956 ], [ 137.219062733, 35.349999956 ], [ 137.219062733, 35.350041626 ], [ 137.219062733, 35.350083286 ], [ 137.219125234, 35.350083286 ], [ 137.219125233, 35.350041626 ], [ 137.219187734, 35.350041626 ], [ 137.219187734, 35.349999956 ], [ 137.219250234, 35.349999956 ] ] ] } },
{ "type": "Feature", "properties": { "A31a_101": "8505080120", "A31a_102": "肥田川", "A31a_103": "21", "A31a_104": "岐阜県", "A31a_105": 1 }, "geometry": { "type": "Polygon", "coordinates": [ [ [ 137.218687734, 35.350124957 ], [ 137.218750233, 35.350124957 ], [ 137.218750233, 35.350083287 ], [ 137.218750233, 35.350041627 ], [ 137.218687734, 35.350041627 ], [ 137.218687734, 35.350083287 ], [ 137.218687734, 35.350124957 ] ] ] } },
{ "type": "Feature", "properties": { "A31a_101": "8505080120", "A31a_102": "肥田川", "A31a_103": "21", "A31a_104": "岐阜県", "A31a_105": 1 }, "geometry": { "type": "Polygon", "coordinates": [ [ [ 137.217625234, 35.350874957 ], [ 137.217687734, 35.350874957 ], [ 137.217687734, 35.350833287 ], [ 137.217687734, 35.350791627 ], [ 137.217687734, 35.350749957 ], [ 137.217625234, 35.350749957 ], [ 137.217625234, 35.350791627 ], [ 137.217625234, 35.350833287 ], [ 137.217625234, 35.350874957 ] ] ] } },
{ "type": "Feature", "properties": { "A31a_101": "8505080120", "A31a_102": "肥田川", "A31a_103": "21", "A31a_104": "岐阜県", "A31a_105": 1 }, "geometry": { "type": "Polygon", "coordinates": [ [ [ 137.217625234, 35.350874957 ], [ 137.217562734, 35.350874957 ], [ 137.217562734, 35.350916626 ], [ 137.217625234, 35.350916626 ], [ 137.217625234, 35.350874957 ] ] ] } },
{ "type": "Feature", "properties": { "A31a_101": "8505080120", "A31a_102": "肥田川", "A31a_103": "21", "A31a_104": "岐阜県", "A31a_105": 1 }, "geometry": { "type": "Polygon", "coordinates": [ [ [ 137.217250234, 35.350874958 ], [ 137.217250234, 35.350916627 ], [ 137.217250234, 35.350958287 ], [ 137.217312734, 35.350958287 ], [ 137.217312734, 35.350916627 ], [ 137.217312734, 35.350874957 ], [ 137.217250234, 35.350874958 ] ] ] } },
{ "type": "Feature", "properties": { "A31a_101": "8505080120", "A31a_102": "肥田川", "A31a_103": "21", "A31a_104": "岐阜県", "A31a_105": 1 }, "geometry": { "type": "Polygon", "coordinates": [ [ [ 137.219500234, 35.350374955 ], [ 137.219437734, 35.350374955 ], [ 137.219437734, 35.350333285 ], [ 137.219437734, 35.350291626 ], [ 137.219375234, 35.350291626 ], [ 137.219312734, 35.350291626 ], [ 137.219312733, 35.350249956 ], [ 137.219312733, 35.350208286 ], [ 137.219312733, 35.350166626 ], [ 137.219312733, 35.350124956 ], [ 137.219312733, 35.350083286 ], [ 137.219375233, 35.350083286 ], [ 137.219437734, 35.350083286 ], [ 137.219500234, 35.350083286 ], [ 137.219562734, 35.350083286 ], [ 137.219562734, 35.350124956 ], [ 137.219562734, 35.350166626 ], [ 137.219562734, 35.350208286 ], [ 137.219562734, 35.350249956 ], [ 137.219562734, 35.350291626 ], [ 137.219562734, 35.350333285 ], [ 137.219500234, 35.350333285 ], [ 137.219500234, 35.350374955 ], [ 137.219562735, 35.350374955 ], [ 137.219562735, 35.350416625 ], [ 137.219625234, 35.350416625 ], [ 137.219625234, 35.350374955 ], [ 137.219687734, 35.350374955 ], [ 137.219687734, 35.350333285 ], [ 137.219750234, 35.350333285 ], [ 137.219750234, 35.350291626 ], [ 137.219750234, 35.350249956 ], [ 137.219750234, 35.350208286 ], [ 137.219812734, 35.350208286 ], [ 137.219812734, 35.350166626 ], [ 137.219812734, 35.350124956 ], [ 137.219812734, 35.350083286 ], [ 137.219812734, 35.350041625 ], [ 137.219812734, 35.349999955 ], [ 137.219750234, 35.349999955 ], [ 137.219750234, 35.350041625 ], [ 137.219750234, 35.350083286 ], [ 137.219750234, 35.350124956 ], [ 137.219687734, 35.350124956 ], [ 137.219687734, 35.350083286 ], [ 137.219625233, 35.350083286 ], [ 137.219625233, 35.350041626 ], [ 137.219562734, 35.350041626 ], [ 137.219500234, 35.350041626 ], [ 137.219437734, 35.350041626 ], [ 137.219437734, 35.349999956 ], [ 137.219437734, 35.349958287 ], [ 137.219500234, 35.349958287 ], [ 137.219500234, 35.349916626 ], [ 137.219437733, 35.349916627 ], [ 137.219437733, 35.349874957 ], [ 137.219437733, 35.349833286 ], [ 137.219437733, 35.349791626 ], [ 137.219500234, 35.349791626 ], [ 137.219500233, 35.349749956 ], [ 137.219500233, 35.349708286 ], [ 137.219500233, 35.349666627 ], [ 137.219562734, 35.349666627 ], [ 137.219562734, 35.349708286 ], [ 137.219562734, 35.349749956 ], [ 137.219625233, 35.349749956 ], [ 137.219687733, 35.349749956 ], [ 137.219687733, 35.349708286 ], [ 137.219687733, 35.349666627 ], [ 137.219687733, 35.349624957 ], [ 137.219625233, 35.349624957 ], [ 137.219625233, 35.349583287 ], [ 137.219562734, 35.349583287 ], [ 137.219500233, 35.349583287 ], [ 137.219500233, 35.349624957 ], [ 137.219437733, 35.349624957 ], [ 137.219437733, 35.349583287 ], [ 137.219500233, 35.349583287 ], [ 137.219500233, 35.349541627 ], [ 137.219562733, 35.349541627 ], [ 137.219562733, 35.349499957 ], [ 137.219562733, 35.349458287 ], [ 137.219500233, 35.349458287 ], [ 137.219500233, 35.349499957 ], [ 137.219437733, 35.349499957 ], [ 137.219437733, 35.349541627 ], [ 137.219375233, 35.349541627 ], [ 137.219375233, 35.349499957 ], [ 137.219312733, 35.349499957 ], [ 137.219250233, 35.349499957 ], [ 137.219250233, 35.349458287 ], [ 137.219250233, 35.349416627 ], [ 137.219250233, 35.349374957 ], [ 137.219187733, 35.349374957 ], [ 137.219125233, 35.349374957 ], [ 137.219125233, 35.349416627 ], [ 137.219062733, 35.349416627 ], [ 137.219062733, 35.349458287 ], [ 137.219125233, 35.349458287 ], [ 137.219125233, 35.349499957 ], [ 137.219187733, 35.349499957 ], [ 137.219187733, 35.349541627 ], [ 137.219125233, 35.349541627 ], [ 137.219125233, 35.349583287 ], [ 137.219062733, 35.349583287 ], [ 137.219062733, 35.349541627 ], [ 137.219062733, 35.349499957 ], [ 137.219000232, 35.349499957 ], [ 137.218937733, 35.349499957 ], [ 137.218937733, 35.349541627 ], [ 137.218937733, 35.349583288 ], [ 137.218875233, 35.349583288 ], [ 137.218875233, 35.349624958 ], [ 137.218812733, 35.349624958 ], [ 137.218812733, 35.349666628 ], [ 137.218812733, 35.349708287 ], [ 137.218812733, 35.349749957 ], [ 137.218812733, 35.349791627 ], [ 137.218750233, 35.349791627 ], [ 137.218750233, 35.349833287 ], [ 137.218750233, 35.349874957 ], [ 137.218750233, 35.349916627 ], [ 137.218750233, 35.349958287 ], [ 137.218750233, 35.349999957 ], [ 137.218812733, 35.349999956 ], [ 137.218812733, 35.349958287 ], [ 137.218875233, 35.349958287 ], [ 137.218875233, 35.349916627 ], [ 137.218937734, 35.349916627 ], [ 137.218937734, 35.349874957 ], [ 137.219000233, 35.349874957 ], [ 137.219000233, 35.349833287 ], [ 137.218937733, 35.349833287 ], [ 137.218937733, 35.349791627 ], [ 137.218937733, 35.349749957 ], [ 137.219000233, 35.349749957 ], [ 137.219000233, 35.349708287 ], [ 137.219062733, 35.349708287 ], [ 137.219062733, 35.349666627 ], [ 137.219125233, 35.349666627 ], [ 137.219187733, 35.349666627 ], [ 137.219187733, 35.349624957 ], [ 137.219250233, 35.349624957 ], [ 137.219312733, 35.349624957 ], [ 137.219312733, 35.349666627 ], [ 137.219375233, 35.349666627 ], [ 137.219375233, 35.349708286 ], [ 137.219375233, 35.349749956 ], [ 137.219375233, 35.349791626 ], [ 137.219375233, 35.349833287 ], [ 137.219375233, 35.349874957 ], [ 137.219312733, 35.349874957 ], [ 137.219312733, 35.349916627 ], [ 137.219312733, 35.349958287 ], [ 137.219312733, 35.349999956 ], [ 137.219250234, 35.349999956 ], [ 137.219250234, 35.350041626 ], [ 137.219250234, 35.350083286 ], [ 137.219250234, 35.350124956 ], [ 137.219187734, 35.350124956 ], [ 137.219187734, 35.350166626 ], [ 137.219187734, 35.350208286 ], [ 137.219187734, 35.350249956 ], [ 137.219187734, 35.350291626 ], [ 137.219125234, 35.350291626 ], [ 137.219125234, 35.350333286 ], [ 137.219125234, 35.350374956 ], [ 137.219125234, 35.350416626 ], [ 137.219125234, 35.350458286 ], [ 137.219062734, 35.350458286 ], [ 137.219062734, 35.350416626 ], [ 137.219062734, 35.350374956 ], [ 137.219000233, 35.350374956 ], [ 137.219000233, 35.350333286 ], [ 137.219000233, 35.350291627 ], [ 137.219000233, 35.350249957 ], [ 137.218937734, 35.350249957 ], [ 137.218937734, 35.350291627 ], [ 137.218937734, 35.350333286 ], [ 137.218937734, 35.350374956 ], [ 137.218875234, 35.350374956 ], [ 137.218875234, 35.350416626 ], [ 137.218812734, 35.350416626 ], [ 137.218812734, 35.350458286 ], [ 137.218812734, 35.350499956 ], [ 137.218812734, 35.350541626 ], [ 137.218750234, 35.350541626 ], [ 137.218750234, 35.350583286 ], [ 137.218687735, 35.350583286 ], [ 137.218625234, 35.350583286 ], [ 137.218625234, 35.350541626 ], [ 137.218625234, 35.350499956 ], [ 137.218625234, 35.350458286 ], [ 137.218625234, 35.350416626 ], [ 137.218625234, 35.350374956 ], [ 137.218687734, 35.350374956 ], [ 137.218687734, 35.350333286 ], [ 137.218687734, 35.350291627 ], [ 137.218687734, 35.350249957 ], [ 137.218687734, 35.350208287 ], [ 137.218687734, 35.350166627 ], [ 137.218687734, 35.350124957 ], [ 137.218625234, 35.350124957 ], [ 137.218562733, 35.350124957 ], [ 137.218500233, 35.350124957 ], [ 137.218500233, 35.350083287 ], [ 137.218437733, 35.350083287 ], [ 137.218437733, 35.350124957 ], [ 137.218437733, 35.350166627 ], [ 137.218375234, 35.350166627 ], [ 137.218375234, 35.350208287 ], [ 137.218312734, 35.350208287 ], [ 137.218312734, 35.350249957 ], [ 137.218250233, 35.350249957 ], [ 137.218250234, 35.350291627 ], [ 137.218250234, 35.350333287 ], [ 137.218312734, 35.350333287 ], [ 137.218375234, 35.350333287 ], [ 137.218375234, 35.350374957 ], [ 137.218437733, 35.350374956 ], [ 137.218437733, 35.350416626 ], [ 137.218500234, 35.350416626 ], [ 137.218500234, 35.350458287 ], [ 137.218500234, 35.350499957 ], [ 137.218500234, 35.350541627 ], [ 137.218437734, 35.350541627 ], [ 137.218375234, 35.350541627 ], [ 137.218312734, 35.350541627 ], [ 137.218250234, 35.350541627 ], [ 137.218250234, 35.350499957 ], [ 137.218250234, 35.350458287 ], [ 137.218187734, 35.350458287 ], [ 137.218187733, 35.350416627 ], [ 137.218125233, 35.350416627 ], [ 137.218062734, 35.350416627 ], [ 137.218062734, 35.350374957 ], [ 137.218000234, 35.350374957 ], [ 137.218000234, 35.350416627 ], [ 137.217937734, 35.350416627 ], [ 137.217875233, 35.350416627 ], [ 137.217875233, 35.350458287 ], [ 137.217812733, 35.350458287 ], [ 137.217812733, 35.350499957 ], [ 137.217750234, 35.350499957 ], [ 137.217687734, 35.350499957 ], [ 137.217625233, 35.350499958 ], [ 137.217625234, 35.350541628 ], [ 137.217687734, 35.350541627 ], [ 137.217687734, 35.350583287 ], [ 137.217687734, 35.350624957 ], [ 137.217687734, 35.350666627 ], [ 137.217625234, 35.350666627 ], [ 137.217625234, 35.350708287 ], [ 137.217687734, 35.350708287 ], [ 137.217750234, 35.350708287 ], [ 137.217750234, 35.350666627 ], [ 137.217750234, 35.350624957 ], [ 137.217750234, 35.350583287 ], [ 137.217750234, 35.350541627 ], [ 137.217812733, 35.350541627 ], [ 137.217812733, 35.350583287 ], [ 137.217812733, 35.350624957 ], [ 137.217875234, 35.350624957 ], [ 137.217875234, 35.350666627 ], [ 137.217875234, 35.350708287 ], [ 137.217937734, 35.350708287 ], [ 137.217937734, 35.350749957 ], [ 137.217937734, 35.350791627 ], [ 137.218000234, 35.350791627 ], [ 137.218000234, 35.350833287 ], [ 137.218000234, 35.350874957 ], [ 137.218000234, 35.350916626 ], [ 137.218062735, 35.350916626 ], [ 137.218062735, 35.350958286 ], [ 137.218000234, 35.350958286 ], [ 137.217937734, 35.350958286 ], [ 137.217937734, 35.350999956 ], [ 137.218000235, 35.350999956 ], [ 137.218062735, 35.350999956 ], [ 137.218062735, 35.351041626 ], [ 137.218125234, 35.351041626 ], [ 137.218187734, 35.351041626 ], [ 137.218187734, 35.350999956 ], [ 137.218250234, 35.350999956 ], [ 137.218312735, 35.350999956 ], [ 137.218312735, 35.350958286 ], [ 137.218375235, 35.350958286 ], [ 137.218375235, 35.350916625 ], [ 137.218375235, 35.350874956 ], [ 137.218375235, 35.350833286 ], [ 137.218375235, 35.350791626 ], [ 137.218375235, 35.350749956 ], [ 137.218312734, 35.350749956 ], [ 137.218312734, 35.350708286 ], [ 137.218312734, 35.350666626 ], [ 137.218312734, 35.350624956 ], [ 137.218375234, 35.350624956 ], [ 137.218375234, 35.350583286 ], [ 137.218437734, 35.350583286 ], [ 137.218500234, 35.350583286 ], [ 137.218500234, 35.350624956 ], [ 137.218500234, 35.350666626 ], [ 137.218500234, 35.350708286 ], [ 137.218437734, 35.350708286 ], [ 137.218437734, 35.350749956 ], [ 137.218437734, 35.350791626 ], [ 137.218437734, 35.350833286 ], [ 137.218500234, 35.350833286 ], [ 137.218562734, 35.350833286 ], [ 137.218625235, 35.350833286 ], [ 137.218625235, 35.350791626 ], [ 137.218687735, 35.350791626 ], [ 137.218750234, 35.350791626 ], [ 137.218750234, 35.350749956 ], [ 137.218812734, 35.350749956 ], [ 137.218875234, 35.350749956 ], [ 137.218875234, 35.350708286 ], [ 137.218937735, 35.350708285 ], [ 137.219000234, 35.350708285 ], [ 137.219000234, 35.350666625 ], [ 137.219062734, 35.350666625 ], [ 137.219125234, 35.350666625 ], [ 137.219125234, 35.350624955 ], [ 137.219187734, 35.350624955 ], [ 137.219187734, 35.350583285 ], [ 137.219187734, 35.350541626 ], [ 137.219250235, 35.350541626 ], [ 137.219250235, 35.350583285 ], [ 137.219312734, 35.350583285 ], [ 137.219312734, 35.350541626 ], [ 137.219312734, 35.350499956 ], [ 137.219250235, 35.350499956 ], [ 137.219250234, 35.350458286 ], [ 137.219187734, 35.350458286 ], [ 137.219187734, 35.350416626 ], [ 137.219250234, 35.350416626 ], [ 137.219312734, 35.350416626 ], [ 137.219312734, 35.350458286 ], [ 137.219375234, 35.350458286 ], [ 137.219437734, 35.350458286 ], [ 137.219437734, 35.350416625 ], [ 137.219500234, 35.350416625 ], [ 137.219500234, 35.350374955 ] ], [ [ 137.217937734, 35.350499957 ], [ 137.217937734, 35.350458287 ], [ 137.218000234, 35.350458287 ], [ 137.218000234, 35.350499957 ], [ 137.217937734, 35.350499957 ] ] ] } },
{ "type": "Feature", "properties": { "A31a_101": "8505080120", "A31a_102": "肥田川", "A31a_103": "21", "A31a_104": "岐阜県", "A31a_105": 1 }, "geometry": { "type": "Polygon", "coordinates": [ [ [ 137.216750234, 35.351041627 ], [ 137.216687734, 35.351041627 ], [ 137.216687734, 35.351083288 ], [ 137.216750234, 35.351083287 ], [ 137.216750234, 35.351041627 ] ] ] } },
{ "type": "Feature", "properties": { "A31a_101": "8505080120", "A31a_102": "肥田川", "A31a_103": "21", "A31a_104": "岐阜県", "A31a_105": 1 }, "geometry": { "type": "Polygon", "coordinates": [ [ [ 137.217250234, 35.350874958 ], [ 137.217250234, 35.350833288 ], [ 137.217187733, 35.350833288 ], [ 137.217187733, 35.350791627 ], [ 137.217125234, 35.350791628 ], [ 137.217125234, 35.350749958 ], [ 137.217062734, 35.350749958 ], [ 137.217062734, 35.350791628 ], [ 137.217000234, 35.350791628 ], [ 137.217000234, 35.350833288 ], [ 137.216937733, 35.350833288 ], [ 137.216937733, 35.350874958 ], [ 137.216937734, 35.350916627 ], [ 137.216875233, 35.350916627 ], [ 137.216875233, 35.350958287 ], [ 137.216812734, 35.350958287 ], [ 137.216812734, 35.350999957 ], [ 137.216875233, 35.350999957 ], [ 137.216875233, 35.351041627 ], [ 137.216937734, 35.351041627 ], [ 137.216937734, 35.351083287 ], [ 137.217000234, 35.351083287 ], [ 137.217000234, 35.351041627 ], [ 137.217000234, 35.350999957 ], [ 137.217062734, 35.350999957 ], [ 137.217125234, 35.350999957 ], [ 137.217125234, 35.350958287 ], [ 137.217187734, 35.350958287 ], [ 137.217187733, 35.350916627 ], [ 137.217187733, 35.350874958 ], [ 137.217250234, 35.350874958 ] ] ] } },
{ "type": "Feature", "properties": { "A31a_101": "8505080120", "A31a_102": "肥田川", "A31a_103": "21", "A31a_104": "岐阜県", "A31a_105": 1 }, "geometry": { "type": "Polygon", "coordinates": [ [ [ 137.217875234, 35.351041626 ], [ 137.217812734, 35.351041626 ], [ 137.217812734, 35.351083286 ], [ 137.217875234, 35.351083286 ], [ 137.217937734, 35.351083286 ], [ 137.218000235, 35.351083286 ], [ 137.218000235, 35.351041626 ], [ 137.217937734, 35.351041626 ], [ 137.217875234, 35.351041626 ] ] ] } },
{ "type": "Feature", "properties": { "A31a_101": "8505080120", "A31a_102": "肥田川", "A31a_103": "21", "A31a_104": "岐阜県", "A31a_105": 1 }, "geometry": { "type": "Polygon", "coordinates": [ [ [ 137.216687734, 35.351124958 ], [ 137.216625234, 35.351124958 ], [ 137.216625234, 35.351166628 ], [ 137.216687734, 35.351166628 ], [ 137.216687734, 35.351124958 ] ] ] } },
{ "type": "Feature", "properties": { "A31a_101": "8505080120", "A31a_102": "肥田川", "A31a_103": "21", "A31a_104": "岐阜県", "A31a_105": 1 }, "geometry": { "type": "Polygon", "coordinates": [ [ [ 137.216437734, 35.351374957 ], [ 137.216375234, 35.351374957 ], [ 137.216375234, 35.351416627 ], [ 137.216437734, 35.351416627 ], [ 137.216437734, 35.351374957 ] ] ] } },
{ "type": "Feature", "properties": { "A31a_101": "8505080120", "A31a_102": "肥田川", "A31a_103": "21", "A31a_104": "岐阜県", "A31a_105": 2 }, "geometry": { "type": "Polygon", "coordinates": [ [ [ 137.235437715, 35.326624979 ], [ 137.235375214, 35.326624979 ], [ 137.235375214, 35.326666649 ], [ 137.235375214, 35.326708309 ], [ 137.235437715, 35.326708309 ], [ 137.235437715, 35.326666649 ], [ 137.235437715, 35.326624979 ] ] ] } },
{ "type": "Feature", "properties": { "A31a_101": "8505080120", "A31a_102": "肥田川", "A31a_103": "21", "A31a_104": "岐阜県", "A31a_105": 2 }, "geometry": { "type": "Polygon", "coordinates": [ [ [ 137.235437715, 35.326833309 ], [ 137.235375215, 35.326833309 ], [ 137.235375215, 35.326874979 ], [ 137.235437715, 35.326874979 ], [ 137.235437715, 35.326833309 ] ] ] } },
{ "type": "Feature", "properties": { "A31a_101": "8505080120", "A31a_102": "肥田川", "A31a_103": "21", "A31a_104": "岐阜県", "A31a_105": 2 }, "geometry": { "type": "Polygon", "coordinates": [ [ [ 137.235562715, 35.327166648 ], [ 137.235500214, 35.327166648 ], [ 137.235500215, 35.327208308 ], [ 137.235500215, 35.327249978 ], [ 137.235562715, 35.327249978 ], [ 137.235562715, 35.327291648 ], [ 137.235625215, 35.327291648 ], [ 137.235625215, 35.327249978 ], [ 137.235625215, 35.327208308 ], [ 137.235562715, 35.327208308 ], [ 137.235562715, 35.327166648 ] ] ] } },
{ "type": "Feature", "properties": { "A31a_101": "8505080120", "A31a_102": "肥田川", "A31a_103": "21", "A31a_104": "岐阜県", "A31a_105": 2 }, "geometry": { "type": "Polygon", "coordinates": [ [ [ 137.234250218, 35.330208303 ], [ 137.234250218, 35.330166643 ], [ 137.234312717, 35.330166643 ], [ 137.234375217, 35.330166643 ], [ 137.234375217, 35.330124974 ], [ 137.234437717, 35.330124974 ], [ 137.234437717, 35.330083304 ], [ 137.234437717, 35.330041644 ], [ 137.234437717, 35.329999974 ], [ 137.234375217, 35.329999974 ], [ 137.234312717, 35.329999974 ], [ 137.234312717, 35.329958304 ], [ 137.234250218, 35.329958304 ], [ 137.234187717, 35.329958304 ], [ 137.234187717, 35.329999974 ], [ 137.234187717, 35.330041644 ], [ 137.234187717, 35.330083304 ], [ 137.234187718, 35.330124974 ], [ 137.234187718, 35.330166643 ], [ 137.234125217, 35.330166643 ], [ 137.234125217, 35.330208303 ], [ 137.234125217, 35.330249973 ], [ 137.234187718, 35.330249973 ], [ 137.234250218, 35.330249973 ], [ 137.234250218, 35.330208303 ] ] ] } },
{ "type": "Feature", "properties": { "A31a_101": "8505080120", "A31a_102": "肥田川", "A31a_103": "21", "A31a_104": "岐阜県", "A31a_105": 2 }, "geometry": { "type": "Polygon", "coordinates": [ [ [ 137.231187717, 35.330624976 ], [ 137.231125216, 35.330624976 ], [ 137.231125216, 35.330666646 ], [ 137.231187717, 35.330666646 ], [ 137.231187717, 35.330624976 ] ] ] } },
{ "type": "Feature", "properties": { "A31a_101": "8505080120", "A31a_102": "肥田川", "A31a_103": "21", "A31a_104": "岐阜県", "A31a_105": 2 }, "geometry": { "type": "Polygon", "coordinates": [ [ [ 137.235000219, 35.330958301 ], [ 137.234937718, 35.330958301 ], [ 137.234937718, 35.330999971 ], [ 137.234937718, 35.331041641 ], [ 137.234937718, 35.331083301 ], [ 137.234937718, 35.331124971 ], [ 137.235000219, 35.331124971 ], [ 137.235000219, 35.331083301 ], [ 137.235000219, 35.331041641 ], [ 137.235000219, 35.330999971 ], [ 137.235000219, 35.330958301 ] ] ] } },
{ "type": "Feature", "properties": { "A31a_101": "8505080120", "A31a_102": "肥田川", "A31a_103": "21", "A31a_104": "岐阜県", "A31a_105": 2 }, "geometry": { "type": "Polygon", "coordinates": [ [ [ 137.230625216, 35.331291645 ], [ 137.230625216, 35.331249975 ], [ 137.230687717, 35.331249975 ], [ 137.230687717, 35.331208305 ], [ 137.230625216, 35.331208305 ], [ 137.230562717, 35.331208305 ], [ 137.230562717, 35.331249975 ], [ 137.230562717, 35.331291645 ], [ 137.230625216, 35.331291645 ] ] ] } },
{ "type": "Feature", "properties": { "A31a_101": "8505080120", "A31a_102": "肥田川", "A31a_103": "21", "A31a_104": "岐阜県", "A31a_105": 2 }, "geometry": { "type": "Polygon", "coordinates": [ [ [ 137.231250217, 35.331333305 ], [ 137.231250217, 35.331291645 ], [ 137.231250217, 35.331249975 ], [ 137.231187717, 35.331249975 ], [ 137.231125217, 35.331249975 ], [ 137.231125217, 35.331291645 ], [ 137.231125217, 35.331333305 ], [ 137.231062717, 35.331333305 ], [ 137.231062717, 35.331374974 ], [ 137.231125217, 35.331374974 ], [ 137.231187718, 35.331374974 ], [ 137.231250217, 35.331374974 ], [ 137.231312717, 35.331374974 ], [ 137.231312717, 35.331333305 ], [ 137.231250217, 35.331333305 ] ] ] } },
{ "type": "Feature", "properties": { "A31a_101": "8505080120", "A31a_102": "肥田川", "A31a_103": "21", "A31a_104": "岐阜県", "A31a_105": 2 }, "geometry": { "type": "Polygon", "coordinates": [ [ [ 137.234625219, 35.331624971 ], [ 137.234687719, 35.331624971 ], [ 137.234687719, 35.331583301 ], [ 137.234625219, 35.331583301 ], [ 137.234625219, 35.331624971 ] ] ] } },
{ "type": "Feature", "properties": { "A31a_101": "8505080120", "A31a_102": "肥田川", "A31a_103": "21", "A31a_104": "岐阜県", "A31a_105": 2 }, "geometry": { "type": "Polygon", "coordinates": [ [ [ 137.234625219, 35.331624971 ], [ 137.234562719, 35.331624971 ], [ 137.234562719, 35.331666641 ], [ 137.234625219, 35.331666641 ], [ 137.234625219, 35.331624971 ] ] ] } },
{ "type": "Feature", "properties": { "A31a_101": "8505080120", "A31a_102": "肥田川", "A31a_103": "21", "A31a_104": "岐阜県", "A31a_105": 2 }, "geometry": { "type": "Polygon", "coordinates": [ [ [ 137.234562719, 35.331666641 ], [ 137.234500219, 35.331666641 ], [ 137.234500219, 35.3317083 ], [ 137.234500219, 35.33174997 ], [ 137.234437719, 35.33174997 ], [ 137.234437719, 35.33179164 ], [ 137.234437719, 35.3318333 ], [ 137.234375219, 35.3318333 ], [ 137.234375219, 35.33187497 ], [ 137.234312719, 35.33187497 ], [ 137.234312719, 35.3318333 ], [ 137.23425022, 35.3318333 ], [ 137.234187719, 35.3318333 ], [ 137.234125219, 35.331833301 ], [ 137.234062719, 35.331833301 ], [ 137.234000219, 35.331833301 ], [ 137.233937719, 35.331833301 ], [ 137.233937719, 35.331874971 ], [ 137.234000219, 35.331874971 ], [ 137.234000219, 35.331916641 ], [ 137.23393772, 35.331916641 ], [ 137.23393772, 35.331958301 ], [ 137.23393772, 35.33199997 ], [ 137.234000219, 35.33199997 ], [ 137.234062719, 35.33199997 ], [ 137.234125219, 35.33199997 ], [ 137.23418772, 35.33199997 ], [ 137.23418772, 35.331958301 ], [ 137.23425022, 35.331958301 ], [ 137.234312719, 35.3319583 ], [ 137.234312719, 35.33191664 ], [ 137.234375219, 35.33191664 ], [ 137.234437719, 35.33191664 ], [ 137.234437719, 35.33187497 ], [ 137.23450022, 35.33187497 ], [ 137.23450022, 35.3318333 ], [ 137.234562719, 35.3318333 ], [ 137.234562719, 35.33179164 ], [ 137.234625219, 35.33179164 ], [ 137.234625219, 35.33174997 ], [ 137.234562719, 35.33174997 ], [ 137.234562719, 35.3317083 ], [ 137.234562719, 35.331666641 ] ] ] } },
{ "type": "Feature", "properties": { "A31a_101": "8505080120", "A31a_102": "肥田川", "A31a_103": "21", "A31a_104": "岐阜県", "A31a_105": 2 }, "geometry": { "type": "Polygon", "coordinates": [ [ [ 137.224937726, 35.342666633 ], [ 137.225000226, 35.342666633 ], [ 137.225000226, 35.342624963 ], [ 137.225000226, 35.342583293 ], [ 137.224937726, 35.342583293 ], [ 137.224937726, 35.342624963 ], [ 137.224937726, 35.342666633 ] ] ] } },
{ "type": "Feature", "properties": { "A31a_101": "8505080120", "A31a_102": "肥田川", "A31a_103": "21", "A31a_104": "岐阜県", "A31a_105": 2 }, "geometry": { "type": "Polygon", "coordinates": [ [ [ 137.224937726, 35.342666633 ], [ 137.224875226, 35.342666633 ], [ 137.224812726, 35.342666633 ], [ 137.224812726, 35.342708292 ], [ 137.224750227, 35.342708292 ], [ 137.224687726, 35.342708292 ], [ 137.224687726, 35.342749962 ], [ 137.224687727, 35.342791632 ], [ 137.224625226, 35.342791632 ], [ 137.224625226, 35.342833292 ], [ 137.224562726, 35.342833292 ], [ 137.224562726, 35.342874962 ], [ 137.224500226, 35.342874963 ], [ 137.224500226, 35.342916633 ], [ 137.224500226, 35.342958292 ], [ 137.224562726, 35.342958292 ], [ 137.224625227, 35.342958292 ], [ 137.224687727, 35.342958292 ], [ 137.224687727, 35.342916632 ], [ 137.224750227, 35.342916632 ], [ 137.224812726, 35.342916632 ], [ 137.224812726, 35.342874962 ], [ 137.224812726, 35.342833292 ], [ 137.224875226, 35.342833292 ], [ 137.224875226, 35.342791632 ], [ 137.224875226, 35.342749962 ], [ 137.224937726, 35.342749962 ], [ 137.224937726, 35.342708292 ], [ 137.224937726, 35.342666633 ] ] ] } },
{ "type": "Feature", "properties": { "A31a_101": "8505080120", "A31a_102": "肥田川", "A31a_103": "21", "A31a_104": "岐阜県", "A31a_105": 2 }, "geometry": { "type": "Polygon", "coordinates": [ [ [ 137.224687727, 35.342958292 ], [ 137.224687727, 35.342999962 ], [ 137.224750227, 35.342999962 ], [ 137.224750227, 35.342958292 ], [ 137.224687727, 35.342958292 ] ] ] } },
{ "type": "Feature", "properties": { "A31a_101": "8505080120", "A31a_102": "肥田川", "A31a_103": "21", "A31a_104": "岐阜県", "A31a_105": 2 }, "geometry": { "type": "Polygon", "coordinates": [ [ [ 137.224687727, 35.343041632 ], [ 137.224625227, 35.343041632 ], [ 137.224625227, 35.343083292 ], [ 137.224687727, 35.343083292 ], [ 137.224687727, 35.343041632 ] ] ] } },
{ "type": "Feature", "properties": { "A31a_101": "8505080120", "A31a_102": "肥田川", "A31a_103": "21", "A31a_104": "岐阜県", "A31a_105": 2 }, "geometry": { "type": "Polygon", "coordinates": [ [ [ 137.224312727, 35.343333292 ], [ 137.224375227, 35.343333291 ], [ 137.224375227, 35.343291631 ], [ 137.224312727, 35.343291631 ], [ 137.224312727, 35.343333292 ] ] ] } },
{ "type": "Feature", "properties": { "A31a_101": "8505080120", "A31a_102": "肥田川", "A31a_103": "21", "A31a_104": "岐阜県", "A31a_105": 2 }, "geometry": { "type": "Polygon", "coordinates": [ [ [ 137.224687727, 35.343333291 ], [ 137.224750227, 35.343333291 ], [ 137.224750227, 35.343291631 ], [ 137.224687727, 35.343291631 ], [ 137.224687727, 35.343333291 ] ] ] } },
{ "type": "Feature", "properties": { "A31a_101": "8505080120", "A31a_102": "肥田川", "A31a_103": "21", "A31a_104": "岐阜県", "A31a_105": 2 }, "geometry": { "type": "Polygon", "coordinates": [ [ [ 137.224687727, 35.343333291 ], [ 137.224625227, 35.343333291 ], [ 137.224625227, 35.343374961 ], [ 137.224687727, 35.343374961 ], [ 137.224687727, 35.343333291 ] ] ] } },
{ "type": "Feature", "properties": { "A31a_101": "8505080120", "A31a_102": "肥田川", "A31a_103": "21", "A31a_104": "岐阜県", "A31a_105": 2 }, "geometry": { "type": "Polygon", "coordinates": [ [ [ 137.224312727, 35.343333292 ], [ 137.224250227, 35.343333292 ], [ 137.224250227, 35.343374962 ], [ 137.224250227, 35.343416632 ], [ 137.224312727, 35.343416632 ], [ 137.224312727, 35.343374962 ], [ 137.224312727, 35.343333292 ] ] ] } },
{ "type": "Feature", "properties": { "A31a_101": "8505080120", "A31a_102": "肥田川", "A31a_103": "21", "A31a_104": "岐阜県", "A31a_105": 2 }, "geometry": { "type": "Polygon", "coordinates": [ [ [ 137.222250228, 35.344333292 ], [ 137.222187728, 35.344333292 ], [ 137.222187728, 35.344374962 ], [ 137.222250228, 35.344374962 ], [ 137.222250228, 35.344333292 ] ] ] } },
{ "type": "Feature", "properties": { "A31a_101": "8505080120", "A31a_102": "肥田川", "A31a_103": "21", "A31a_104": "岐阜県", "A31a_105": 2 }, "geometry": { "type": "Polygon", "coordinates": [ [ [ 137.222312728, 35.344583291 ], [ 137.222250228, 35.344583292 ], [ 137.222250228, 35.344624962 ], [ 137.222312728, 35.344624962 ], [ 137.222312728, 35.344583291 ] ] ] } },
{ "type": "Feature", "properties": { "A31a_101": "8505080120", "A31a_102": "肥田川", "A31a_103": "21", "A31a_104": "岐阜県", "A31a_105": 2 }, "geometry": { "type": "Polygon", "coordinates": [ [ [ 137.221625228, 35.344708292 ], [ 137.221625228, 35.344666632 ], [ 137.221687728, 35.344666632 ], [ 137.221687728, 35.344624962 ], [ 137.221750228, 35.344624962 ], [ 137.221812728, 35.344624962 ], [ 137.221812728, 35.344583292 ], [ 137.221875228, 35.344583292 ], [ 137.221875228, 35.344541632 ], [ 137.221812728, 35.344541632 ], [ 137.221812728, 35.344499962 ], [ 137.221750227, 35.344499962 ], [ 137.221750227, 35.344458293 ], [ 137.221687728, 35.344458293 ], [ 137.221687728, 35.344416633 ], [ 137.221687728, 35.344374963 ], [ 137.221687728, 35.344333293 ], [ 137.221625228, 35.344333293 ], [ 137.221562727, 35.344333293 ], [ 137.221562728, 35.344374963 ], [ 137.221500227, 35.344374963 ], [ 137.221500227, 35.344416633 ], [ 137.221500227, 35.344458293 ], [ 137.221500227, 35.344499962 ], [ 137.221437728, 35.344499962 ], [ 137.221437728, 35.344541632 ], [ 137.221437728, 35.344583292 ], [ 137.221500228, 35.344583292 ], [ 137.221500228, 35.344624962 ], [ 137.221562728, 35.344624962 ], [ 137.221562728, 35.344666632 ], [ 137.221562728, 35.344708292 ], [ 137.221625228, 35.344708292 ] ] ] } },
{ "type": "Feature", "properties": { "A31a_101": "8505080120", "A31a_102": "肥田川", "A31a_103": "21", "A31a_104": "岐阜県", "A31a_105": 2 }, "geometry": { "type": "Polygon", "coordinates": [ [ [ 137.221250229, 35.345333292 ], [ 137.221250229, 35.345291632 ], [ 137.221312729, 35.345291632 ], [ 137.221312729, 35.345249962 ], [ 137.221375229, 35.345249961 ], [ 137.221437729, 35.345249961 ], [ 137.221500228, 35.345249961 ], [ 137.221562729, 35.345249961 ], [ 137.221625229, 35.345249961 ], [ 137.221625229, 35.345208291 ], [ 137.221687729, 35.345208291 ], [ 137.221687729, 35.345166631 ], [ 137.221687729, 35.345124961 ], [ 137.221687729, 35.345083292 ], [ 137.221750228, 35.345083292 ], [ 137.221750228, 35.345041632 ], [ 137.221812728, 35.345041632 ], [ 137.221875228, 35.345041632 ], [ 137.221875228, 35.344999962 ], [ 137.221937729, 35.344999961 ], [ 137.221937729, 35.344958291 ], [ 137.221937729, 35.344916631 ], [ 137.221875228, 35.344916631 ], [ 137.221875228, 35.344874961 ], [ 137.221812728, 35.344874961 ], [ 137.221812728, 35.344916631 ], [ 137.221750228, 35.344916632 ], [ 137.221750228, 35.344958292 ], [ 137.221687729, 35.344958292 ], [ 137.221625228, 35.344958292 ], [ 137.221562728, 35.344958292 ], [ 137.221562728, 35.344999962 ], [ 137.221500228, 35.344999962 ], [ 137.221500228, 35.345041632 ], [ 137.221437729, 35.345041632 ], [ 137.221437729, 35.345083292 ], [ 137.221375229, 35.345083292 ], [ 137.221375229, 35.345124961 ], [ 137.221312729, 35.345124961 ], [ 137.221312729, 35.345166631 ], [ 137.221250228, 35.345166631 ], [ 137.221250228, 35.345208292 ], [ 137.221250228, 35.345249962 ], [ 137.221187728, 35.345249962 ], [ 137.221187728, 35.345291632 ], [ 137.221187728, 35.345333292 ], [ 137.221250229, 35.345333292 ] ] ] } },
{ "type": "Feature", "properties": { "A31a_101": "8505080120", "A31a_102": "肥田川", "A31a_103": "21", "A31a_104": "岐阜県", "A31a_105": 2 }, "geometry": { "type": "Polygon", "coordinates": [ [ [ 137.220937729, 35.345541631 ], [ 137.220937729, 35.345499961 ], [ 137.220875228, 35.345499961 ], [ 137.220875229, 35.345541631 ], [ 137.220812729, 35.345541631 ], [ 137.220812729, 35.345583292 ], [ 137.220875229, 35.345583292 ], [ 137.220937729, 35.345583292 ], [ 137.220937729, 35.345624962 ], [ 137.221000229, 35.345624961 ], [ 137.221062729, 35.345624961 ], [ 137.221062729, 35.345583291 ], [ 137.221000229, 35.345583291 ], [ 137.221000229, 35.345541631 ], [ 137.220937729, 35.345541631 ] ] ] } },
{ "type": "Feature", "properties": { "A31a_101": "8505080120", "A31a_102": "肥田川", "A31a_103": "21", "A31a_104": "岐阜県", "A31a_105": 2 }, "geometry": { "type": "Polygon", "coordinates": [ [ [ 137.219812729, 35.345958292 ], [ 137.219750229, 35.345958292 ], [ 137.219750229, 35.345999962 ], [ 137.219812729, 35.345999962 ], [ 137.219812729, 35.345958292 ] ] ] } },
{ "type": "Feature", "properties": { "A31a_101": "8505080120", "A31a_102": "肥田川", "A31a_103": "21", "A31a_104": "岐阜県", "A31a_105": 2 }, "geometry": { "type": "Polygon", "coordinates": [ [ [ 137.219437729, 35.346208292 ], [ 137.219500229, 35.346208292 ], [ 137.219500229, 35.346166632 ], [ 137.219437729, 35.346166632 ], [ 137.219437729, 35.346208292 ] ] ] } },
{ "type": "Feature", "properties": { "A31a_101": "8505080120", "A31a_102": "肥田川", "A31a_103": "21", "A31a_104": "岐阜県", "A31a_105": 2 }, "geometry": { "type": "Polygon", "coordinates": [ [ [ 137.219750229, 35.346333291 ], [ 137.219687729, 35.346333291 ], [ 137.219687729, 35.346374961 ], [ 137.219750229, 35.346374961 ], [ 137.219750229, 35.346333291 ] ] ] } },
{ "type": "Feature", "properties": { "A31a_101": "8505080120", "A31a_102": "肥田川", "A31a_103": "21", "A31a_104": "岐阜県", "A31a_105": 2 }, "geometry": { "type": "Polygon", "coordinates": [ [ [ 137.219687729, 35.346374961 ], [ 137.219625229, 35.346374961 ], [ 137.219625229, 35.346416631 ], [ 137.219687729, 35.346416631 ], [ 137.219687729, 35.346374961 ] ] ] } },
{ "type": "Feature", "properties": { "A31a_101": "8505080120", "A31a_102": "肥田川", "A31a_103": "21", "A31a_104": "岐阜県", "A31a_105": 2 }, "geometry": { "type": "Polygon", "coordinates": [ [ [ 137.22112523, 35.34641663 ], [ 137.22106273, 35.34641663 ], [ 137.22106273, 35.34645829 ], [ 137.22112523, 35.34645829 ], [ 137.22112523, 35.34641663 ] ] ] } },
{ "type": "Feature", "properties": { "A31a_101": "8505080120", "A31a_102": "肥田川", "A31a_103": "21", "A31a_104": "岐阜県", "A31a_105": 2 }, "geometry": { "type": "Polygon", "coordinates": [ [ [ 137.219437729, 35.346208292 ], [ 137.219375229, 35.346208292 ], [ 137.219375229, 35.346166632 ], [ 137.219312729, 35.346166632 ], [ 137.219312729, 35.346124962 ], [ 137.219250229, 35.346124962 ], [ 137.219250229, 35.346083292 ], [ 137.219187729, 35.346083292 ], [ 137.219187729, 35.346041632 ], [ 137.219187729, 35.345999963 ], [ 137.219187729, 35.345958293 ], [ 137.219250229, 35.345958293 ], [ 137.219250229, 35.345916633 ], [ 137.219250229, 35.345874963 ], [ 137.219250229, 35.345833293 ], [ 137.219312728, 35.345833293 ], [ 137.219375228, 35.345833293 ], [ 137.219375228, 35.345791632 ], [ 137.219437729, 35.345791632 ], [ 137.219500229, 35.345791632 ], [ 137.219500229, 35.345833292 ], [ 137.219562729, 35.345833292 ], [ 137.219625228, 35.345833292 ], [ 137.219625228, 35.345791632 ], [ 137.219687729, 35.345791632 ], [ 137.219687729, 35.345833292 ], [ 137.219687729, 35.345874962 ], [ 137.219687729, 35.345916632 ], [ 137.219750229, 35.345916632 ], [ 137.219812729, 35.345916632 ], [ 137.219812729, 35.345958292 ], [ 137.219875229, 35.345958292 ], [ 137.219875229, 35.345916632 ], [ 137.219937729, 35.345916632 ], [ 137.219937729, 35.345874962 ], [ 137.220000229, 35.345874962 ], [ 137.220000229, 35.345833292 ], [ 137.220000229, 35.345791632 ], [ 137.220062729, 35.345791632 ], [ 137.220062729, 35.345749962 ], [ 137.220125229, 35.345749962 ], [ 137.220125229, 35.345708292 ], [ 137.220187729, 35.345708292 ], [ 137.220187729, 35.345666632 ], [ 137.220250228, 35.345666632 ], [ 137.220250228, 35.345624962 ], [ 137.220312729, 35.345624962 ], [ 137.220312729, 35.345583292 ], [ 137.220375229, 35.345583292 ], [ 137.220375229, 35.345541632 ], [ 137.220437729, 35.345541632 ], [ 137.220437729, 35.345499962 ], [ 137.220500229, 35.345499962 ], [ 137.220500229, 35.345458292 ], [ 137.220562728, 35.345458292 ], [ 137.220562728, 35.345416632 ], [ 137.220625228, 35.345416632 ], [ 137.220625228, 35.345374962 ], [ 137.220687729, 35.345374962 ], [ 137.220687729, 35.345333292 ], [ 137.220625228, 35.345333292 ], [ 137.220562728, 35.345333292 ], [ 137.220562728, 35.345291632 ], [ 137.220500229, 35.345291632 ], [ 137.220500229, 35.345333292 ], [ 137.220437729, 35.345333293 ], [ 137.220375228, 35.345333293 ], [ 137.220312728, 35.345333293 ], [ 137.220250228, 35.345333293 ], [ 137.220187729, 35.345333293 ], [ 137.220187729, 35.345374963 ], [ 137.220125229, 35.345374963 ], [ 137.220062728, 35.345374963 ], [ 137.220000228, 35.345374963 ], [ 137.219937728, 35.345374963 ], [ 137.219937728, 35.345416633 ], [ 137.219875229, 35.345416633 ], [ 137.219812728, 35.345416633 ], [ 137.219750228, 35.345416633 ], [ 137.219687728, 35.345416633 ], [ 137.219625228, 35.345416633 ], [ 137.219562729, 35.345416633 ], [ 137.219562729, 35.345458293 ], [ 137.219500228, 35.345458293 ], [ 137.219500228, 35.345499963 ], [ 137.219500229, 35.345541633 ], [ 137.219437728, 35.345541633 ], [ 137.219437728, 35.345583293 ], [ 137.219375228, 35.345583293 ], [ 137.219375228, 35.345624963 ], [ 137.219312728, 35.345624963 ], [ 137.219312728, 35.345666633 ], [ 137.219312728, 35.345708292 ], [ 137.219250229, 35.345708292 ], [ 137.219250229, 35.345749962 ], [ 137.219250229, 35.345791633 ], [ 137.219187729, 35.345791633 ], [ 137.219187729, 35.345833293 ], [ 137.219125229, 35.345833293 ], [ 137.219125229, 35.345874963 ], [ 137.219125229, 35.345916633 ], [ 137.219062728, 35.345916633 ], [ 137.219062728, 35.345958293 ], [ 137.219000228, 35.345958293 ], [ 137.219000228, 35.345999963 ], [ 137.218937729, 35.345999963 ], [ 137.218937729, 35.346041632 ], [ 137.218875229, 35.346041632 ], [ 137.218875229, 35.345999963 ], [ 137.218812729, 35.345999963 ], [ 137.218812729, 35.346041632 ], [ 137.218812729, 35.346083293 ], [ 137.218750228, 35.346083293 ], [ 137.218687729, 35.346083293 ], [ 137.218687729, 35.346124963 ], [ 137.218750229, 35.346124963 ], [ 137.218750229, 35.346166633 ], [ 137.218812729, 35.346166633 ], [ 137.218812729, 35.346208293 ], [ 137.218750229, 35.346208293 ], [ 137.218750229, 35.346249963 ], [ 137.218750229, 35.346291633 ], [ 137.218750229, 35.346333292 ], [ 137.218750229, 35.346374962 ], [ 137.218750229, 35.346416632 ], [ 137.218812729, 35.346416632 ], [ 137.218875229, 35.346416632 ], [ 137.218875229, 35.346458292 ], [ 137.21893773, 35.346458292 ], [ 137.21893773, 35.346499962 ], [ 137.219000229, 35.346499962 ], [ 137.219062729, 35.346499962 ], [ 137.219062729, 35.346541632 ], [ 137.219062729, 35.346583292 ], [ 137.219125229, 35.346583292 ], [ 137.219125229, 35.346541632 ], [ 137.219125229, 35.346499962 ], [ 137.21918773, 35.346499962 ], [ 137.219187729, 35.346458292 ], [ 137.21925023, 35.346458292 ], [ 137.21925023, 35.346416632 ], [ 137.21925023, 35.346374962 ], [ 137.219312729, 35.346374962 ], [ 137.219312729, 35.346333291 ], [ 137.219375229, 35.346333291 ], [ 137.219375229, 35.346291632 ], [ 137.219437729, 35.346291632 ], [ 137.219437729, 35.346249962 ], [ 137.219437729, 35.346208292 ] ], [ [ 137.219750229, 35.345791632 ], [ 137.219750229, 35.345749962 ], [ 137.219750229, 35.345708292 ], [ 137.219750229, 35.345666633 ], [ 137.219812729, 35.345666633 ], [ 137.219812729, 35.345708292 ], [ 137.219812729, 35.345749962 ], [ 137.219812729, 35.345791632 ], [ 137.219750229, 35.345791632 ] ] ] } },
{ "type": "Feature", "properties": { "A31a_101": "8505080120", "A31a_102": "肥田川", "A31a_103": "21", "A31a_104": "岐阜県", "A31a_105": 2 }, "geometry": { "type": "Polygon", "coordinates": [ [ [ 137.21937523, 35.346749961 ], [ 137.219375229, 35.346708291 ], [ 137.21943773, 35.346708291 ], [ 137.21943773, 35.346666631 ], [ 137.21943773, 35.346624962 ], [ 137.219375229, 35.346624962 ], [ 137.219375229, 35.346666631 ], [ 137.219312729, 35.346666631 ], [ 137.219312729, 35.346708291 ], [ 137.219312729, 35.346749961 ], [ 137.21937523, 35.346749961 ] ] ] } },
{ "type": "Feature", "properties": { "A31a_101": "8505080120", "A31a_102": "肥田川", "A31a_103": "21", "A31a_104": "岐阜県", "A31a_105": 2 }, "geometry": { "type": "Polygon", "coordinates": [ [ [ 137.22031273, 35.346624961 ], [ 137.22031273, 35.346583291 ], [ 137.22037523, 35.346583291 ], [ 137.22037523, 35.346624961 ], [ 137.22031273, 35.346624961 ], [ 137.22031273, 35.34666663 ], [ 137.22037523, 35.34666663 ], [ 137.22037523, 35.34670829 ], [ 137.22043773, 35.34670829 ], [ 137.22043773, 35.34666663 ], [ 137.22050023, 35.34666663 ], [ 137.22056273, 35.34666663 ], [ 137.22056273, 35.346624961 ], [ 137.22050023, 35.346624961 ], [ 137.22050023, 35.346583291 ], [ 137.22056273, 35.346583291 ], [ 137.22056273, 35.34654163 ], [ 137.22056273, 35.34649996 ], [ 137.220562729, 35.34645829 ], [ 137.220562729, 35.34641663 ], [ 137.22062523, 35.34641663 ], [ 137.22062523, 35.34637496 ], [ 137.22062523, 35.34633329 ], [ 137.22068773, 35.34633329 ], [ 137.22068773, 35.346291631 ], [ 137.22075023, 35.346291631 ], [ 137.22075023, 35.346249961 ], [ 137.22075023, 35.346208291 ], [ 137.22075023, 35.346166631 ], [ 137.22075023, 35.346124961 ], [ 137.22068773, 35.346124961 ], [ 137.220687729, 35.346083291 ], [ 137.22075023, 35.346083291 ], [ 137.22075023, 35.34604163 ], [ 137.220687729, 35.346041631 ], [ 137.220687729, 35.345999961 ], [ 137.220687729, 35.345958291 ], [ 137.220625229, 35.345958291 ], [ 137.220625229, 35.345916631 ], [ 137.220687729, 35.345916631 ], [ 137.220687729, 35.345874961 ], [ 137.220687729, 35.345833291 ], [ 137.220687729, 35.345791631 ], [ 137.220750229, 35.345791631 ], [ 137.220750229, 35.345749961 ], [ 137.220750229, 35.345708291 ], [ 137.220750229, 35.345666632 ], [ 137.220687729, 35.345666632 ], [ 137.220625229, 35.345666632 ], [ 137.220625229, 35.345708291 ], [ 137.220562729, 35.345708291 ], [ 137.220562729, 35.345749961 ], [ 137.220500229, 35.345749961 ], [ 137.220500229, 35.345791631 ], [ 137.220437729, 35.345791631 ], [ 137.220437729, 35.345833291 ], [ 137.220375229, 35.345833292 ], [ 137.220375229, 35.345874962 ], [ 137.220312729, 35.345874962 ], [ 137.220312729, 35.345916632 ], [ 137.220250229, 35.345916632 ], [ 137.220250229, 35.345958292 ], [ 137.220187729, 35.345958292 ], [ 137.22018773, 35.345999962 ], [ 137.22018773, 35.346041631 ], [ 137.220125229, 35.346041631 ], [ 137.220125229, 35.346083291 ], [ 137.220062729, 35.346083291 ], [ 137.220062729, 35.346124961 ], [ 137.220000229, 35.346124961 ], [ 137.220000229, 35.346166631 ], [ 137.219937729, 35.346166631 ], [ 137.219937729, 35.346208292 ], [ 137.21987523, 35.346208292 ], [ 137.21987523, 35.346249962 ], [ 137.219812729, 35.346249962 ], [ 137.21981273, 35.346291632 ], [ 137.219750229, 35.346291632 ], [ 137.219750229, 35.346333291 ], [ 137.21981273, 35.346333291 ], [ 137.21987523, 35.346333291 ], [ 137.21987523, 35.346374961 ], [ 137.219937729, 35.346374961 ], [ 137.219937729, 35.346416631 ], [ 137.219937729, 35.346458291 ], [ 137.220000229, 35.346458291 ], [ 137.220000229, 35.346499961 ], [ 137.219937729, 35.346499961 ], [ 137.219937729, 35.346458291 ], [ 137.21987523, 35.346458291 ], [ 137.21987523, 35.346499961 ], [ 137.21987523, 35.346541631 ], [ 137.21987523, 35.346583291 ], [ 137.219937729, 35.346583291 ], [ 137.22000023, 35.346583291 ], [ 137.22006273, 35.346583291 ], [ 137.22006273, 35.346624961 ], [ 137.22006273, 35.34666663 ], [ 137.22000023, 35.34666663 ], [ 137.22000023, 35.34670829 ], [ 137.22000023, 35.34674996 ], [ 137.22000023, 35.34679163 ], [ 137.22006273, 35.34679163 ], [ 137.22006273, 35.346833291 ], [ 137.22012523, 35.34683329 ], [ 137.22012523, 35.34687496 ], [ 137.220187731, 35.34687496 ], [ 137.220187731, 35.34683329 ], [ 137.22018773, 35.34679163 ], [ 137.22012523, 35.34679163 ], [ 137.22012523, 35.34674996 ], [ 137.22006273, 35.34674996 ], [ 137.22006273, 35.34670829 ], [ 137.22012523, 35.34670829 ], [ 137.22012523, 35.34666663 ], [ 137.22018773, 35.34666663 ], [ 137.22018773, 35.346624961 ], [ 137.22025023, 35.346624961 ], [ 137.22031273, 35.346624961 ] ] ] } },
{ "type": "Feature", "properties": { "A31a_101": "8505080120", "A31a_102": "肥田川", "A31a_103": "21", "A31a_104": "岐阜県", "A31a_105": 2 }, "geometry": { "type": "Polygon", "coordinates": [ [ [ 137.22037523, 35.34683329 ], [ 137.22031273, 35.34683329 ], [ 137.22031273, 35.34687496 ], [ 137.22037523, 35.34687496 ], [ 137.22037523, 35.34683329 ] ] ] } },
{ "type": "Feature", "properties": { "A31a_101": "8505080120", "A31a_102": "肥田川", "A31a_103": "21", "A31a_104": "岐阜県", "A31a_105": 2 }, "geometry": { "type": "Polygon", "coordinates": [ [ [ 137.220187731, 35.34687496 ], [ 137.220187731, 35.34691663 ], [ 137.22025023, 35.34691663 ], [ 137.22025023, 35.34687496 ], [ 137.220187731, 35.34687496 ] ] ] } },
{ "type": "Feature", "properties": { "A31a_101": "8505080120", "A31a_102": "肥田川", "A31a_103": "21", "A31a_104": "岐阜県", "A31a_105": 2 }, "geometry": { "type": "Polygon", "coordinates": [ [ [ 137.219000229, 35.346999961 ], [ 137.21893773, 35.346999961 ], [ 137.21893773, 35.347041631 ], [ 137.21893773, 35.347083291 ], [ 137.21893773, 35.347124961 ], [ 137.21893773, 35.347166631 ], [ 137.21893773, 35.347208291 ], [ 137.21893773, 35.34724996 ], [ 137.218937731, 35.34729163 ], [ 137.21900023, 35.34729163 ], [ 137.21900023, 35.34724996 ], [ 137.21900023, 35.347208291 ], [ 137.21900023, 35.347166631 ], [ 137.21900023, 35.347124961 ], [ 137.21900023, 35.347083291 ], [ 137.21900023, 35.347041631 ], [ 137.219000229, 35.346999961 ] ] ] } },
{ "type": "Feature", "properties": { "A31a_101": "8505080120", "A31a_102": "肥田川", "A31a_103": "21", "A31a_104": "岐阜県", "A31a_105": 2 }, "geometry": { "type": "Polygon", "coordinates": [ [ [ 137.21962523, 35.34733329 ], [ 137.21962523, 35.34729163 ], [ 137.21962523, 35.34724996 ], [ 137.21968773, 35.34724996 ], [ 137.21968773, 35.347208291 ], [ 137.21968773, 35.34716663 ], [ 137.21975023, 35.34716663 ], [ 137.21975023, 35.34720829 ], [ 137.21975023, 35.34724996 ], [ 137.219812731, 35.34724996 ], [ 137.219812731, 35.34720829 ], [ 137.219875231, 35.34720829 ], [ 137.21993773, 35.34720829 ], [ 137.22000023, 35.34720829 ], [ 137.22000023, 35.347249959 ], [ 137.22000023, 35.347291629 ], [ 137.220062731, 35.347291629 ], [ 137.220125231, 35.347291629 ], [ 137.220187731, 35.347291629 ], [ 137.220187731, 35.347249959 ], [ 137.220125231, 35.347249959 ], [ 137.220125231, 35.34720829 ], [ 137.220062731, 35.34720829 ], [ 137.22006273, 35.34716663 ], [ 137.22006273, 35.34712496 ], [ 137.22006273, 35.34708329 ], [ 137.220125231, 35.34708329 ], [ 137.220125231, 35.34712496 ], [ 137.220187731, 35.34712496 ], [ 137.220187731, 35.34708329 ], [ 137.220187731, 35.34704163 ], [ 137.220187731, 35.34699996 ], [ 137.220125231, 35.34699996 ], [ 137.220125231, 35.34704163 ], [ 137.22006273, 35.34704163 ], [ 137.22000023, 35.34704163 ], [ 137.21993773, 35.34704163 ], [ 137.219875231, 35.34704163 ], [ 137.21981273, 35.34704163 ], [ 137.21981273, 35.34708329 ], [ 137.219812731, 35.34712496 ], [ 137.21975023, 35.34712496 ], [ 137.21968773, 35.34712496 ], [ 137.21962523, 35.34712496 ], [ 137.219562731, 35.347124961 ], [ 137.219562731, 35.347166631 ], [ 137.219562731, 35.347208291 ], [ 137.21950023, 35.347208291 ], [ 137.219500231, 35.34724996 ], [ 137.21943773, 35.34724996 ], [ 137.21943773, 35.34729163 ], [ 137.219500231, 35.34729163 ], [ 137.219562731, 35.34729163 ], [ 137.219562731, 35.34733329 ], [ 137.21962523, 35.34733329 ] ] ] } },
{ "type": "Feature", "properties": { "A31a_101": "8505080120", "A31a_102": "肥田川", "A31a_103": "21", "A31a_104": "岐阜県", "A31a_105": 2 }, "geometry": { "type": "Polygon", "coordinates": [ [ [ 137.21962523, 35.34733329 ], [ 137.21962523, 35.34737496 ], [ 137.21962523, 35.34741663 ], [ 137.21968773, 35.34741663 ], [ 137.21968773, 35.34745829 ], [ 137.219687731, 35.34749996 ], [ 137.219750231, 35.34749996 ], [ 137.219750231, 35.34745829 ], [ 137.219812731, 35.34745829 ], [ 137.219875231, 35.34745829 ], [ 137.21993773, 35.34745829 ], [ 137.21993773, 35.34741663 ], [ 137.219875231, 35.34741663 ], [ 137.219812731, 35.34741663 ], [ 137.219812731, 35.34737496 ], [ 137.219750231, 35.34737496 ], [ 137.219750231, 35.34733329 ], [ 137.219750231, 35.34729163 ], [ 137.21968773, 35.34729163 ], [ 137.21968773, 35.34733329 ], [ 137.21962523, 35.34733329 ] ] ] } },
{ "type": "Feature", "properties": { "A31a_101": "8505080120", "A31a_102": "肥田川", "A31a_103": "21", "A31a_104": "岐阜県", "A31a_105": 2 }, "geometry": { "type": "Polygon", "coordinates": [ [ [ 137.21931273, 35.34749996 ], [ 137.219250231, 35.34749996 ], [ 137.219250231, 35.347541631 ], [ 137.21931273, 35.34754163 ], [ 137.21931273, 35.34749996 ] ] ] } },
{ "type": "Feature", "properties": { "A31a_101": "8505080120", "A31a_102": "肥田川", "A31a_103": "21", "A31a_104": "岐阜県", "A31a_105": 2 }, "geometry": { "type": "Polygon", "coordinates": [ [ [ 137.219687731, 35.34749996 ], [ 137.21962523, 35.34749996 ], [ 137.21962523, 35.34754163 ], [ 137.219562731, 35.34754163 ], [ 137.219562731, 35.347583289 ], [ 137.219562731, 35.347624959 ], [ 137.219562731, 35.347666629 ], [ 137.219562731, 35.34770829 ], [ 137.219625231, 35.34770829 ], [ 137.219625231, 35.347666629 ], [ 137.219687731, 35.347666629 ], [ 137.219687731, 35.347624959 ], [ 137.219687731, 35.347583289 ], [ 137.219687731, 35.34754163 ], [ 137.219687731, 35.34749996 ] ] ] } },
{ "type": "Feature", "properties": { "A31a_101": "8505080120", "A31a_102": "肥田川", "A31a_103": "21", "A31a_104": "岐阜県", "A31a_105": 2 }, "geometry": { "type": "Polygon", "coordinates": [ [ [ 137.220250231, 35.347791629 ], [ 137.220250231, 35.347749959 ], [ 137.220312731, 35.347749959 ], [ 137.220312731, 35.347708289 ], [ 137.220250231, 35.347708289 ], [ 137.220250231, 35.347666629 ], [ 137.220250231, 35.347624959 ], [ 137.220250231, 35.347583289 ], [ 137.220250231, 35.347541629 ], [ 137.220250231, 35.347499959 ], [ 137.220187731, 35.34749996 ], [ 137.220187731, 35.34754163 ], [ 137.220187731, 35.347583289 ], [ 137.220187731, 35.347624959 ], [ 137.220187732, 35.347666629 ], [ 137.220187732, 35.347708289 ], [ 137.220187732, 35.347749959 ], [ 137.220187732, 35.347791629 ], [ 137.220187732, 35.347833289 ], [ 137.220250231, 35.347833289 ], [ 137.220250231, 35.347791629 ] ] ] } },
{ "type": "Feature", "properties": { "A31a_101": "8505080120", "A31a_102": "肥田川", "A31a_103": "21", "A31a_104": "岐阜県", "A31a_105": 2 }, "geometry": { "type": "Polygon", "coordinates": [ [ [ 137.219750231, 35.348041629 ], [ 137.219687731, 35.348041629 ], [ 137.219687731, 35.348083289 ], [ 137.219687731, 35.348124959 ], [ 137.219750232, 35.348124959 ], [ 137.219750232, 35.348166628 ], [ 137.219812732, 35.348166628 ], [ 137.219875232, 35.348166628 ], [ 137.219875232, 35.348124959 ], [ 137.219875232, 35.348083289 ], [ 137.219875232, 35.348041629 ], [ 137.219812732, 35.348041629 ], [ 137.219750231, 35.348041629 ] ] ] } },
{ "type": "Feature", "properties": { "A31a_101": "8505080120", "A31a_102": "肥田川", "A31a_103": "21", "A31a_104": "岐阜県", "A31a_105": 2 }, "geometry": { "type": "Polygon", "coordinates": [ [ [ 137.219812732, 35.348416628 ], [ 137.219812732, 35.348374958 ], [ 137.219875232, 35.348374958 ], [ 137.219875232, 35.348333288 ], [ 137.219875232, 35.348291628 ], [ 137.219812732, 35.348291628 ], [ 137.219750232, 35.348291628 ], [ 137.219750232, 35.348333288 ], [ 137.219750232, 35.348374959 ], [ 137.219750232, 35.348416629 ], [ 137.219812732, 35.348416628 ] ] ] } },
{ "type": "Feature", "properties": { "A31a_101": "8505080120", "A31a_102": "肥田川", "A31a_103": "21", "A31a_104": "岐阜県", "A31a_105": 2 }, "geometry": { "type": "Polygon", "coordinates": [ [ [ 137.220250231, 35.348166628 ], [ 137.220187732, 35.348166628 ], [ 137.220187732, 35.348208288 ], [ 137.220187732, 35.348249958 ], [ 137.220187732, 35.348291628 ], [ 137.220187732, 35.348333288 ], [ 137.220187732, 35.348374958 ], [ 137.220187732, 35.348416628 ], [ 137.220250232, 35.348416628 ], [ 137.220312732, 35.348416628 ], [ 137.220375232, 35.348416628 ], [ 137.220437732, 35.348416628 ], [ 137.220500233, 35.348416628 ], [ 137.220500233, 35.348458287 ], [ 137.220562732, 35.348458287 ], [ 137.220562732, 35.348416628 ], [ 137.220562732, 35.348374958 ], [ 137.220562732, 35.348333288 ], [ 137.220562732, 35.348291628 ], [ 137.220500232, 35.348291628 ], [ 137.220437732, 35.348291628 ], [ 137.220375232, 35.348291628 ], [ 137.220375232, 35.348249958 ], [ 137.220375232, 35.348208288 ], [ 137.220375232, 35.348166628 ], [ 137.220312732, 35.348166628 ], [ 137.220250231, 35.348166628 ] ] ] } },
{ "type": "Feature", "properties": { "A31a_101": "8505080120", "A31a_102": "肥田川", "A31a_103": "21", "A31a_104": "岐阜県", "A31a_105": 2 }, "geometry": { "type": "Polygon", "coordinates": [ [ [ 137.220625232, 35.348499957 ], [ 137.220562732, 35.348499957 ], [ 137.220562732, 35.348541627 ], [ 137.220562732, 35.348583287 ], [ 137.220625232, 35.348583287 ], [ 137.220687732, 35.348583287 ], [ 137.220750233, 35.348583287 ], [ 137.220750233, 35.348541627 ], [ 137.220687732, 35.348541627 ], [ 137.220687732, 35.348499957 ], [ 137.220625232, 35.348499957 ] ] ] } },
{ "type": "Feature", "properties": { "A31a_101": "8505080120", "A31a_102": "肥田川", "A31a_103": "21", "A31a_104": "岐阜県", "A31a_105": 2 }, "geometry": { "type": "Polygon", "coordinates": [ [ [ 137.219312732, 35.349041628 ], [ 137.219250233, 35.349041628 ], [ 137.219250233, 35.349083287 ], [ 137.219250233, 35.349124957 ], [ 137.219312732, 35.349124957 ], [ 137.219312732, 35.349083287 ], [ 137.219312732, 35.349041628 ] ] ] } },
{ "type": "Feature", "properties": { "A31a_101": "8505080120", "A31a_102": "肥田川", "A31a_103": "21", "A31a_104": "岐阜県", "A31a_105": 2 }, "geometry": { "type": "Polygon", "coordinates": [ [ [ 137.220062733, 35.349541626 ], [ 137.220062733, 35.349499956 ], [ 137.220062733, 35.349458286 ], [ 137.220062733, 35.349416626 ], [ 137.220125233, 35.349416626 ], [ 137.220125233, 35.349374956 ], [ 137.220187734, 35.349374956 ], [ 137.220250233, 35.349374956 ], [ 137.220250233, 35.349333287 ], [ 137.220312733, 35.349333287 ], [ 137.220375233, 35.349333287 ], [ 137.220437733, 35.349333286 ], [ 137.220437733, 35.349291626 ], [ 137.220437733, 35.349249956 ], [ 137.220500234, 35.349249956 ], [ 137.220500234, 35.349208286 ], [ 137.220562733, 35.349208286 ], [ 137.220562733, 35.349249956 ], [ 137.220625233, 35.349249956 ], [ 137.220687733, 35.349249956 ], [ 137.220687733, 35.349208286 ], [ 137.220687733, 35.349166626 ], [ 137.220687733, 35.349124956 ], [ 137.220687733, 35.349083286 ], [ 137.220687733, 35.349041627 ], [ 137.220687733, 35.348999957 ], [ 137.220687733, 35.348958287 ], [ 137.220687733, 35.348916626 ], [ 137.220750233, 35.348916626 ], [ 137.220750233, 35.348874956 ], [ 137.220750233, 35.348833286 ], [ 137.220750233, 35.348791626 ], [ 137.220750233, 35.348749957 ], [ 137.220687733, 35.348749957 ], [ 137.220625232, 35.348749957 ], [ 137.220562732, 35.348749957 ], [ 137.220500233, 35.348749957 ], [ 137.220437733, 35.348749957 ], [ 137.220375233, 35.348749957 ], [ 137.220312732, 35.348749958 ], [ 137.220312732, 35.348791627 ], [ 137.220250232, 35.348791627 ], [ 137.220187733, 35.348791627 ], [ 137.220125233, 35.348791627 ], [ 137.220125233, 35.348833287 ], [ 137.220062732, 35.348833287 ], [ 137.220000232, 35.348833287 ], [ 137.219937732, 35.348833287 ], [ 137.219875233, 35.348833287 ], [ 137.219812733, 35.348833287 ], [ 137.219750232, 35.348833287 ], [ 137.219750232, 35.348874957 ], [ 137.219750232, 35.348916627 ], [ 137.219812733, 35.348916627 ], [ 137.219812733, 35.348958288 ], [ 137.219812733, 35.348999958 ], [ 137.219750233, 35.348999958 ], [ 137.219750233, 35.349041628 ], [ 137.219687732, 35.349041628 ], [ 137.219687732, 35.349083287 ], [ 137.219687732, 35.349124957 ], [ 137.219750233, 35.349124957 ], [ 137.219750233, 35.349166627 ], [ 137.219750233, 35.349208287 ], [ 137.219812733, 35.349208287 ], [ 137.219812733, 35.349249957 ], [ 137.219812733, 35.349291627 ], [ 137.219875233, 35.349291627 ], [ 137.219875233, 35.349333287 ], [ 137.219875233, 35.349374956 ], [ 137.219937733, 35.349374956 ], [ 137.219937733, 35.349416626 ], [ 137.219937733, 35.349458286 ], [ 137.220000233, 35.349458286 ], [ 137.220000233, 35.349499956 ], [ 137.220000233, 35.349541626 ], [ 137.220062733, 35.349541626 ] ] ] } },
{ "type": "Feature", "properties": { "A31a_101": "8505080120", "A31a_102": "肥田川", "A31a_103": "21", "A31a_104": "岐阜県", "A31a_105": 2 }, "geometry": { "type": "Polygon", "coordinates": [ [ [ 137.219500233, 35.349583287 ], [ 137.219562734, 35.349583287 ], [ 137.219625233, 35.349583287 ], [ 137.219625233, 35.349541627 ], [ 137.219562733, 35.349541627 ], [ 137.219500233, 35.349541627 ], [ 137.219500233, 35.349583287 ] ] ] } },
{ "type": "Feature", "properties": { "A31a_101": "8505080120", "A31a_102": "肥田川", "A31a_103": "21", "A31a_104": "岐阜県", "A31a_105": 2 }, "geometry": { "type": "Polygon", "coordinates": [ [ [ 137.219500233, 35.349583287 ], [ 137.219437733, 35.349583287 ], [ 137.219437733, 35.349624957 ], [ 137.219500233, 35.349624957 ], [ 137.219500233, 35.349583287 ] ] ] } },
{ "type": "Feature", "properties": { "A31a_101": "8505080120", "A31a_102": "肥田川", "A31a_103": "21", "A31a_104": "岐阜県", "A31a_105": 2 }, "geometry": { "type": "Polygon", "coordinates": [ [ [ 137.219500234, 35.349916626 ], [ 137.219500234, 35.349874956 ], [ 137.219562734, 35.349874956 ], [ 137.219625233, 35.349874956 ], [ 137.219625233, 35.349833286 ], [ 137.219687733, 35.349833286 ], [ 137.219687733, 35.349791626 ], [ 137.219687733, 35.349749956 ], [ 137.219625233, 35.349749956 ], [ 137.219562734, 35.349749956 ], [ 137.219562734, 35.349708286 ], [ 137.219562734, 35.349666627 ], [ 137.219500233, 35.349666627 ], [ 137.219500233, 35.349708286 ], [ 137.219500233, 35.349749956 ], [ 137.219500234, 35.349791626 ], [ 137.219437733, 35.349791626 ], [ 137.219437733, 35.349833286 ], [ 137.219437733, 35.349874957 ], [ 137.219437733, 35.349916627 ], [ 137.219500234, 35.349916626 ] ] ] } },
{ "type": "Feature", "properties": { "A31a_101": "8505080120", "A31a_102": "肥田川", "A31a_103": "21", "A31a_104": "岐阜県", "A31a_105": 2 }, "geometry": { "type": "Polygon", "coordinates": [ [ [ 137.220062733, 35.349541626 ], [ 137.220062733, 35.349583286 ], [ 137.220062733, 35.349624956 ], [ 137.220062734, 35.349666626 ], [ 137.220125234, 35.349666626 ], [ 137.220125234, 35.349708286 ], [ 137.220125234, 35.349749956 ], [ 137.220125234, 35.349791626 ], [ 137.220125234, 35.349833286 ], [ 137.220125234, 35.349874956 ], [ 137.220125234, 35.349916626 ], [ 137.220125234, 35.349958286 ], [ 137.220125234, 35.349999955 ], [ 137.220187734, 35.349999955 ], [ 137.220250234, 35.349999955 ], [ 137.220312734, 35.349999955 ], [ 137.220375234, 35.349999955 ], [ 137.220375234, 35.349958286 ], [ 137.220437734, 35.349958286 ], [ 137.220500234, 35.349958285 ], [ 137.220562734, 35.349958285 ], [ 137.220625234, 35.349958285 ], [ 137.220625234, 35.349916625 ], [ 137.220687734, 35.349916625 ], [ 137.220687734, 35.349874955 ], [ 137.220750234, 35.349874955 ], [ 137.220750234, 35.349833285 ], [ 137.220750234, 35.349791625 ], [ 137.220750234, 35.349749955 ], [ 137.220750234, 35.349708285 ], [ 137.220750234, 35.349666626 ], [ 137.220750234, 35.349624956 ], [ 137.220812734, 35.349624956 ], [ 137.220812734, 35.349583286 ], [ 137.220812734, 35.349541625 ], [ 137.220812734, 35.349499955 ], [ 137.220812734, 35.349458285 ], [ 137.220812734, 35.349416625 ], [ 137.220750234, 35.349416625 ], [ 137.220750234, 35.349458285 ], [ 137.220750234, 35.349499955 ], [ 137.220687734, 35.349499955 ], [ 137.220625233, 35.349499956 ], [ 137.220562733, 35.349499956 ], [ 137.220500234, 35.349499956 ], [ 137.220437734, 35.349499956 ], [ 137.220375233, 35.349499956 ], [ 137.220312733, 35.349499956 ], [ 137.220250233, 35.349499956 ], [ 137.220187734, 35.349499956 ], [ 137.220125234, 35.349499956 ], [ 137.220125234, 35.349541626 ], [ 137.220062733, 35.349541626 ] ] ] } },
{ "type": "Feature", "properties": { "A31a_101": "8505080120", "A31a_102": "肥田川", "A31a_103": "21", "A31a_104": "岐阜県", "A31a_105": 2 }, "geometry": { "type": "Polygon", "coordinates": [ [ [ 137.219812734, 35.350208286 ], [ 137.219750234, 35.350208286 ], [ 137.219750234, 35.350249956 ], [ 137.219750234, 35.350291626 ], [ 137.219812734, 35.350291626 ], [ 137.219812734, 35.350249956 ], [ 137.219812734, 35.350208286 ] ] ] } },
{ "type": "Feature", "properties": { "A31a_101": "8505080120", "A31a_102": "肥田川", "A31a_103": "21", "A31a_104": "岐阜県", "A31a_105": 2 }, "geometry": { "type": "Polygon", "coordinates": [ [ [ 137.219500234, 35.350374955 ], [ 137.219500234, 35.350333285 ], [ 137.219562734, 35.350333285 ], [ 137.219562734, 35.350291626 ], [ 137.219562734, 35.350249956 ], [ 137.219562734, 35.350208286 ], [ 137.219562734, 35.350166626 ], [ 137.219562734, 35.350124956 ], [ 137.219562734, 35.350083286 ], [ 137.219500234, 35.350083286 ], [ 137.219437734, 35.350083286 ], [ 137.219375233, 35.350083286 ], [ 137.219312733, 35.350083286 ], [ 137.219312733, 35.350124956 ], [ 137.219312733, 35.350166626 ], [ 137.219312733, 35.350208286 ], [ 137.219312733, 35.350249956 ], [ 137.219312734, 35.350291626 ], [ 137.219375234, 35.350291626 ], [ 137.219437734, 35.350291626 ], [ 137.219437734, 35.350333285 ], [ 137.219437734, 35.350374955 ], [ 137.219500234, 35.350374955 ] ] ] } },
{ "type": "Feature", "properties": { "A31a_101": "8505080120", "A31a_102": "肥田川", "A31a_103": "21", "A31a_104": "岐阜県", "A31a_105": 2 }, "geometry": { "type": "Polygon", "coordinates": [ [ [ 137.219625234, 35.350416625 ], [ 137.219687734, 35.350416625 ], [ 137.219687734, 35.350374955 ], [ 137.219625234, 35.350374955 ], [ 137.219625234, 35.350416625 ] ] ] } },
{ "type": "Feature", "properties": { "A31a_101": "8505080120", "A31a_102": "肥田川", "A31a_103": "21", "A31a_104": "岐阜県", "A31a_105": 2 }, "geometry": { "type": "Polygon", "coordinates": [ [ [ 137.219125234, 35.350416626 ], [ 137.219062734, 35.350416626 ], [ 137.219062734, 35.350458286 ], [ 137.219125234, 35.350458286 ], [ 137.219125234, 35.350416626 ] ] ] } },
{ "type": "Feature", "properties": { "A31a_101": "8505080120", "A31a_102": "肥田川", "A31a_103": "21", "A31a_104": "岐阜県", "A31a_105": 2 }, "geometry": { "type": "Polygon", "coordinates": [ [ [ 137.218000234, 35.350458287 ], [ 137.217937734, 35.350458287 ], [ 137.217937734, 35.350499957 ], [ 137.218000234, 35.350499957 ], [ 137.218000234, 35.350458287 ] ] ] } },
{ "type": "Feature", "properties": { "A31a_101": "8505080120", "A31a_102": "肥田川", "A31a_103": "21", "A31a_104": "岐阜県", "A31a_105": 2 }, "geometry": { "type": "Polygon", "coordinates": [ [ [ 137.218750234, 35.350583286 ], [ 137.218750234, 35.350541626 ], [ 137.218812734, 35.350541626 ], [ 137.218812734, 35.350499956 ], [ 137.218812734, 35.350458286 ], [ 137.218812734, 35.350416626 ], [ 137.218875234, 35.350416626 ], [ 137.218875234, 35.350374956 ], [ 137.218937734, 35.350374956 ], [ 137.218937734, 35.350333286 ], [ 137.218937734, 35.350291627 ], [ 137.218937734, 35.350249957 ], [ 137.219000233, 35.350249957 ], [ 137.219000233, 35.350208287 ], [ 137.219000233, 35.350166626 ], [ 137.219062733, 35.350166626 ], [ 137.219062733, 35.350124956 ], [ 137.219062733, 35.350083286 ], [ 137.219062733, 35.350041626 ], [ 137.219062733, 35.349999956 ], [ 137.219125233, 35.349999956 ], [ 137.219125233, 35.349958287 ], [ 137.219125233, 35.349916627 ], [ 137.219125233, 35.349874957 ], [ 137.219062733, 35.349874957 ], [ 137.219000233, 35.349874957 ], [ 137.218937734, 35.349874957 ], [ 137.218937734, 35.349916627 ], [ 137.218875233, 35.349916627 ], [ 137.218875233, 35.349958287 ], [ 137.218812733, 35.349958287 ], [ 137.218812733, 35.349999956 ], [ 137.218750233, 35.349999957 ], [ 137.218750233, 35.350041627 ], [ 137.218750233, 35.350083287 ], [ 137.218750233, 35.350124957 ], [ 137.218687734, 35.350124957 ], [ 137.218687734, 35.350166627 ], [ 137.218687734, 35.350208287 ], [ 137.218687734, 35.350249957 ], [ 137.218687734, 35.350291627 ], [ 137.218687734, 35.350333286 ], [ 137.218687734, 35.350374956 ], [ 137.218625234, 35.350374956 ], [ 137.218625234, 35.350416626 ], [ 137.218625234, 35.350458286 ], [ 137.218625234, 35.350499956 ], [ 137.218625234, 35.350541626 ], [ 137.218625234, 35.350583286 ], [ 137.218687735, 35.350583286 ], [ 137.218750234, 35.350583286 ] ] ] } },
{ "type": "Feature", "properties": { "A31a_101": "8505080120", "A31a_102": "肥田川", "A31a_103": "21", "A31a_104": "岐阜県", "A31a_105": 2 }, "geometry": { "type": "Polygon", "coordinates": [ [ [ 137.219625234, 35.350416625 ], [ 137.219562735, 35.350416625 ], [ 137.219562735, 35.350374955 ], [ 137.219500234, 35.350374955 ], [ 137.219500234, 35.350416625 ], [ 137.219437734, 35.350416625 ], [ 137.219437734, 35.350458286 ], [ 137.219375234, 35.350458286 ], [ 137.219312734, 35.350458286 ], [ 137.219312734, 35.350416626 ], [ 137.219250234, 35.350416626 ], [ 137.219187734, 35.350416626 ], [ 137.219187734, 35.350458286 ], [ 137.219250234, 35.350458286 ], [ 137.219250235, 35.350499956 ], [ 137.219312734, 35.350499956 ], [ 137.219312734, 35.350541626 ], [ 137.219312734, 35.350583285 ], [ 137.219375234, 35.350583285 ], [ 137.219437734, 35.350583285 ], [ 137.219437734, 35.350541626 ], [ 137.219500235, 35.350541625 ], [ 137.219500234, 35.350499955 ], [ 137.219562735, 35.350499955 ], [ 137.219625234, 35.350499955 ], [ 137.219625234, 35.350458285 ], [ 137.219625234, 35.350416625 ] ] ] } },
{ "type": "Feature", "properties": { "A31a_101": "8505080120", "A31a_102": "肥田川", "A31a_103": "21", "A31a_104": "岐阜県", "A31a_105": 2 }, "geometry": { "type": "Polygon", "coordinates": [ [ [ 137.219312734, 35.350583285 ], [ 137.219250235, 35.350583285 ], [ 137.219250235, 35.350624955 ], [ 137.219312734, 35.350624955 ], [ 137.219312734, 35.350583285 ] ] ] } },
{ "type": "Feature", "properties": { "A31a_101": "8505080120", "A31a_102": "肥田川", "A31a_103": "21", "A31a_104": "岐阜県", "A31a_105": 2 }, "geometry": { "type": "Polygon", "coordinates": [ [ [ 137.219187734, 35.350624955 ], [ 137.219125234, 35.350624955 ], [ 137.219125234, 35.350666625 ], [ 137.219187735, 35.350666625 ], [ 137.219187734, 35.350624955 ] ] ] } },
{ "type": "Feature", "properties": { "A31a_101": "8505080120", "A31a_102": "肥田川", "A31a_103": "21", "A31a_104": "岐阜県", "A31a_105": 2 }, "geometry": { "type": "Polygon", "coordinates": [ [ [ 137.219062734, 35.350666625 ], [ 137.219000234, 35.350666625 ], [ 137.219000234, 35.350708285 ], [ 137.219062734, 35.350708285 ], [ 137.219062734, 35.350666625 ] ] ] } },
{ "type": "Feature", "properties": { "A31a_101": "8505080120", "A31a_102": "肥田川", "A31a_103": "21", "A31a_104": "岐阜県", "A31a_105": 2 }, "geometry": { "type": "Polygon", "coordinates": [ [ [ 137.218875234, 35.350749956 ], [ 137.218937735, 35.350749955 ], [ 137.218937735, 35.350708285 ], [ 137.218875234, 35.350708286 ], [ 137.218875234, 35.350749956 ] ] ] } },
{ "type": "Feature", "properties": { "A31a_101": "8505080120", "A31a_102": "肥田川", "A31a_103": "21", "A31a_104": "岐阜県", "A31a_105": 2 }, "geometry": { "type": "Polygon", "coordinates": [ [ [ 137.218875234, 35.350749956 ], [ 137.218812734, 35.350749956 ], [ 137.218750234, 35.350749956 ], [ 137.218750234, 35.350791626 ], [ 137.218812734, 35.350791626 ], [ 137.218875235, 35.350791626 ], [ 137.218875234, 35.350749956 ] ] ] } },
{ "type": "Feature", "properties": { "A31a_101": "8505080120", "A31a_102": "肥田川", "A31a_103": "21", "A31a_104": "岐阜県", "A31a_105": 2 }, "geometry": { "type": "Polygon", "coordinates": [ [ [ 137.218750234, 35.350791626 ], [ 137.218687735, 35.350791626 ], [ 137.218625235, 35.350791626 ], [ 137.218625235, 35.350833286 ], [ 137.218687735, 35.350833286 ], [ 137.218750234, 35.350833286 ], [ 137.218750234, 35.350791626 ] ] ] } },
{ "type": "Feature", "properties": { "A31a_101": "8505080120", "A31a_102": "肥田川", "A31a_103": "21", "A31a_104": "岐阜県", "A31a_105": 2 }, "geometry": { "type": "Polygon", "coordinates": [ [ [ 137.218625235, 35.350833286 ], [ 137.218562734, 35.350833286 ], [ 137.218500234, 35.350833286 ], [ 137.218437734, 35.350833286 ], [ 137.218437734, 35.350791626 ], [ 137.218437734, 35.350749956 ], [ 137.218437734, 35.350708286 ], [ 137.218500234, 35.350708286 ], [ 137.218500234, 35.350666626 ], [ 137.218500234, 35.350624956 ], [ 137.218500234, 35.350583286 ], [ 137.218437734, 35.350583286 ], [ 137.218375234, 35.350583286 ], [ 137.218375234, 35.350624956 ], [ 137.218312734, 35.350624956 ], [ 137.218312734, 35.350666626 ], [ 137.218312734, 35.350708286 ], [ 137.218312734, 35.350749956 ], [ 137.218375235, 35.350749956 ], [ 137.218375235, 35.350791626 ], [ 137.218375235, 35.350833286 ], [ 137.218375235, 35.350874956 ], [ 137.218375235, 35.350916625 ], [ 137.218375235, 35.350958286 ], [ 137.218437734, 35.350958285 ], [ 137.218437734, 35.350916625 ], [ 137.218500234, 35.350916625 ], [ 137.218500234, 35.350874956 ], [ 137.218562734, 35.350874956 ], [ 137.218625235, 35.350874956 ], [ 137.218625235, 35.350833286 ] ] ] } },
{ "type": "Feature", "properties": { "A31a_101": "8505080120", "A31a_102": "肥田川", "A31a_103": "21", "A31a_104": "岐阜県", "A31a_105": 2 }, "geometry": { "type": "Polygon", "coordinates": [ [ [ 137.218000235, 35.351083286 ], [ 137.217937734, 35.351083286 ], [ 137.217875234, 35.351083286 ], [ 137.217812734, 35.351083286 ], [ 137.217812734, 35.351041626 ], [ 137.217875234, 35.351041626 ], [ 137.217937734, 35.351041626 ], [ 137.218000235, 35.351041626 ], [ 137.218000235, 35.351083286 ], [ 137.218062735, 35.351083286 ], [ 137.218062735, 35.351041626 ], [ 137.218062735, 35.350999956 ], [ 137.218000235, 35.350999956 ], [ 137.217937734, 35.350999956 ], [ 137.217937734, 35.350958286 ], [ 137.218000234, 35.350958286 ], [ 137.218062735, 35.350958286 ], [ 137.218062735, 35.350916626 ], [ 137.218000234, 35.350916626 ], [ 137.218000234, 35.350874957 ], [ 137.218000234, 35.350833287 ], [ 137.218000234, 35.350791627 ], [ 137.217937734, 35.350791627 ], [ 137.217937734, 35.350749957 ], [ 137.217937734, 35.350708287 ], [ 137.217875234, 35.350708287 ], [ 137.217875234, 35.350666627 ], [ 137.217875234, 35.350624957 ], [ 137.217812733, 35.350624957 ], [ 137.217812733, 35.350583287 ], [ 137.217812733, 35.350541627 ], [ 137.217750234, 35.350541627 ], [ 137.217750234, 35.350583287 ], [ 137.217750234, 35.350624957 ], [ 137.217750234, 35.350666627 ], [ 137.217750234, 35.350708287 ], [ 137.217687734, 35.350708287 ], [ 137.217625234, 35.350708287 ], [ 137.217625234, 35.350749957 ], [ 137.217687734, 35.350749957 ], [ 137.217687734, 35.350791627 ], [ 137.217687734, 35.350833287 ], [ 137.217687734, 35.350874957 ], [ 137.217625234, 35.350874957 ], [ 137.217625234, 35.350916626 ], [ 137.217562734, 35.350916626 ], [ 137.217500234, 35.350916626 ], [ 137.217500234, 35.350958286 ], [ 137.217437734, 35.350958287 ], [ 137.217375234, 35.350958287 ], [ 137.217312734, 35.350958287 ], [ 137.217250234, 35.350958287 ], [ 137.217250234, 35.350916627 ], [ 137.217250234, 35.350874958 ], [ 137.217187733, 35.350874958 ], [ 137.217187733, 35.350916627 ], [ 137.217187734, 35.350958287 ], [ 137.217125234, 35.350958287 ], [ 137.217125234, 35.350999957 ], [ 137.217062734, 35.350999957 ], [ 137.217000234, 35.350999957 ], [ 137.217000234, 35.351041627 ], [ 137.217000234, 35.351083287 ], [ 137.216937734, 35.351083287 ], [ 137.216937734, 35.351041627 ], [ 137.216875233, 35.351041627 ], [ 137.216875233, 35.350999957 ], [ 137.216812734, 35.350999957 ], [ 137.216750234, 35.350999957 ], [ 137.216750234, 35.351041627 ], [ 137.216750234, 35.351083287 ], [ 137.216687734, 35.351083288 ], [ 137.216687734, 35.351124958 ], [ 137.216687734, 35.351166628 ], [ 137.216625234, 35.351166628 ], [ 137.216625234, 35.351208287 ], [ 137.216562734, 35.351208287 ], [ 137.216500234, 35.351208287 ], [ 137.216500234, 35.351249957 ], [ 137.216500234, 35.351291627 ], [ 137.216437734, 35.351291627 ], [ 137.216437734, 35.351333287 ], [ 137.216437734, 35.351374957 ], [ 137.216437734, 35.351416627 ], [ 137.216375234, 35.351416627 ], [ 137.216375234, 35.351458287 ], [ 137.216375234, 35.351499958 ], [ 137.216375234, 35.351541627 ], [ 137.216375234, 35.351583287 ], [ 137.216375234, 35.351624957 ], [ 137.216375234, 35.351666627 ], [ 137.216375234, 35.351708287 ], [ 137.216437735, 35.351708287 ], [ 137.216437735, 35.351666627 ], [ 137.216500235, 35.351666627 ], [ 137.216500235, 35.351624957 ], [ 137.216562734, 35.351624957 ], [ 137.216625234, 35.351624956 ], [ 137.216625234, 35.351583286 ], [ 137.216687734, 35.351583286 ], [ 137.216750235, 35.351583286 ], [ 137.216750235, 35.351541626 ], [ 137.216812735, 35.351541626 ], [ 137.216875234, 35.351541626 ], [ 137.216875234, 35.351499957 ], [ 137.216937734, 35.351499957 ], [ 137.216937734, 35.351458287 ], [ 137.217000234, 35.351458287 ], [ 137.217062735, 35.351458287 ], [ 137.217062735, 35.351416627 ], [ 137.217125235, 35.351416627 ], [ 137.217187734, 35.351416626 ], [ 137.217187734, 35.351374956 ], [ 137.217250234, 35.351374956 ], [ 137.217312734, 35.351374956 ], [ 137.217312734, 35.351333286 ], [ 137.217375235, 35.351333286 ], [ 137.217437735, 35.351333286 ], [ 137.217437735, 35.351291626 ], [ 137.217500234, 35.351291626 ], [ 137.217500234, 35.351249956 ], [ 137.217562734, 35.351249956 ], [ 137.217625234, 35.351249956 ], [ 137.217625234, 35.351208286 ], [ 137.217687735, 35.351208286 ], [ 137.217750235, 35.351208286 ], [ 137.217750235, 35.351166626 ], [ 137.217812734, 35.351166626 ], [ 137.217875234, 35.351166626 ], [ 137.217875234, 35.351124956 ], [ 137.217937734, 35.351124956 ], [ 137.218000235, 35.351124956 ], [ 137.218000235, 35.351083286 ] ] ] } }
]
}
