{
"type": "FeatureCollection",
"name": "A31a-41-25_21_8505090066_10",
"crs": { "type": "name", "properties": { "name": "urn:ogc:def:crs:EPSG::6668" } },
"xy_coordinate_resolution": 1e-09,
"features": [
{ "type": "Feature", "properties": { "A31a_401": "8505090066", "A31a_402": "津保川", "A31a_403": "21", "A31a_404": "岐阜県", "A31a_405": 1 }, "geometry": { "type": "Polygon", "coordinates": [ [ [ 136.987813869, 35.520832657 ], [ 136.98781387, 35.521041657 ], [ 136.98781387, 35.521249657 ], [ 136.987813871, 35.521457657 ], [ 136.987813871, 35.521666657 ], [ 136.988125872, 35.521666656 ], [ 136.988125873, 35.521874656 ], [ 136.988125873, 35.522082656 ], [ 136.988125874, 35.522291656 ], [ 136.988125874, 35.522499656 ], [ 136.988438876, 35.522499656 ], [ 136.988438876, 35.522707656 ], [ 136.988438877, 35.522916656 ], [ 136.988438877, 35.523124656 ], [ 136.988125876, 35.523124656 ], [ 136.988125876, 35.523332656 ], [ 136.988125877, 35.523541656 ], [ 136.988125877, 35.523749656 ], [ 136.988125878, 35.523957656 ], [ 136.988125878, 35.524166656 ], [ 136.987813877, 35.524166656 ], [ 136.987813878, 35.524374656 ], [ 136.987813878, 35.524582656 ], [ 136.987813879, 35.524791655 ], [ 136.987500877, 35.524791656 ], [ 136.987500878, 35.524999656 ], [ 136.987500878, 35.525207655 ], [ 136.987500879, 35.525416655 ], [ 136.987500879, 35.525624655 ], [ 136.987188878, 35.525624656 ], [ 136.987188878, 35.525832656 ], [ 136.987188878, 35.526041655 ], [ 136.987188879, 35.526249655 ], [ 136.987188879, 35.526457655 ], [ 136.986875878, 35.526457656 ], [ 136.986875878, 35.526666656 ], [ 136.986875879, 35.526874655 ], [ 136.986875879, 35.527082655 ], [ 136.986563878, 35.527082656 ], [ 136.986563878, 35.527291656 ], [ 136.986250876, 35.527291656 ], [ 136.986250877, 35.527499656 ], [ 136.986250877, 35.527707656 ], [ 136.986250878, 35.527916656 ], [ 136.986250878, 35.528124656 ], [ 136.98656388, 35.528124655 ], [ 136.98656388, 35.528332655 ], [ 136.986875881, 35.528332655 ], [ 136.986875882, 35.528541655 ], [ 136.987188883, 35.528541655 ], [ 136.987188884, 35.528749655 ], [ 136.987500885, 35.528749654 ], [ 136.987813887, 35.528749654 ], [ 136.987813887, 35.528957654 ], [ 136.988125888, 35.528957654 ], [ 136.988125889, 35.529166654 ], [ 136.98843889, 35.529166654 ], [ 136.988438891, 35.529374654 ], [ 136.988750892, 35.529374653 ], [ 136.988750892, 35.529582653 ], [ 136.989063894, 35.529582653 ], [ 136.989375895, 35.529582653 ], [ 136.989375896, 35.529791653 ], [ 136.989688897, 35.529791653 ], [ 136.990000898, 35.529791653 ], [ 136.9903139, 35.529791652 ], [ 136.990625901, 35.529791652 ], [ 136.990938902, 35.529791652 ], [ 136.991250904, 35.529791652 ], [ 136.991250903, 35.529582652 ], [ 136.991563905, 35.529582652 ], [ 136.991563904, 35.529374652 ], [ 136.991250903, 35.529374652 ], [ 136.990938901, 35.529374652 ], [ 136.9906259, 35.529374652 ], [ 136.9906259, 35.529166652 ], [ 136.990313898, 35.529166653 ], [ 136.990000897, 35.529166653 ], [ 136.990000896, 35.528957653 ], [ 136.989688895, 35.528957653 ], [ 136.989375894, 35.528957653 ], [ 136.989375893, 35.528749653 ], [ 136.989063892, 35.528749653 ], [ 136.988750891, 35.528749654 ], [ 136.98875089, 35.528541654 ], [ 136.988438889, 35.528541654 ], [ 136.988438888, 35.528332654 ], [ 136.988438888, 35.528124654 ], [ 136.988125887, 35.528124654 ], [ 136.987813885, 35.528124654 ], [ 136.987813885, 35.527916654 ], [ 136.987813885, 35.527707654 ], [ 136.987813884, 35.527499655 ], [ 136.987500883, 35.527499655 ], [ 136.987500882, 35.527291655 ], [ 136.987813884, 35.527291655 ], [ 136.987813883, 35.527082655 ], [ 136.987813883, 35.526874655 ], [ 136.987813882, 35.526666655 ], [ 136.988125884, 35.526666655 ], [ 136.988125883, 35.526457655 ], [ 136.988125883, 35.526249655 ], [ 136.988125882, 35.526041655 ], [ 136.988438884, 35.526041655 ], [ 136.988438883, 35.525832655 ], [ 136.988438883, 35.525624655 ], [ 136.988438882, 35.525416655 ], [ 136.988438882, 35.525207655 ], [ 136.988438882, 35.524999655 ], [ 136.988438881, 35.524791655 ], [ 136.988438881, 35.524582655 ], [ 136.988750882, 35.524582655 ], [ 136.988750881, 35.524374655 ], [ 136.988750881, 35.524166655 ], [ 136.989063882, 35.524166655 ], [ 136.989375883, 35.524166655 ], [ 136.989375883, 35.523957655 ], [ 136.989375882, 35.523749655 ], [ 136.989688883, 35.523749655 ], [ 136.989688883, 35.523541655 ], [ 136.989688882, 35.523332655 ], [ 136.989688882, 35.523124655 ], [ 136.989688881, 35.522916655 ], [ 136.989688881, 35.522707655 ], [ 136.98968888, 35.522499655 ], [ 136.989375879, 35.522499656 ], [ 136.989375879, 35.522291656 ], [ 136.989063877, 35.522291656 ], [ 136.989063877, 35.522082656 ], [ 136.989063876, 35.521874656 ], [ 136.989063876, 35.521666656 ], [ 136.989063875, 35.521457656 ], [ 136.989063875, 35.521249656 ], [ 136.988750874, 35.521249656 ], [ 136.988750873, 35.521041656 ], [ 136.988438872, 35.521041656 ], [ 136.988438871, 35.520832657 ], [ 136.98812587, 35.520832657 ], [ 136.987813869, 35.520832657 ] ] ] } },
{ "type": "Feature", "properties": { "A31a_401": "8505090066", "A31a_402": "津保川", "A31a_403": "21", "A31a_404": "岐阜県", "A31a_405": 1 }, "geometry": { "type": "Polygon", "coordinates": [ [ [ 136.99406393, 35.534999648 ], [ 136.99406393, 35.535207647 ], [ 136.994063931, 35.535416647 ], [ 136.994063931, 35.535624647 ], [ 136.994375933, 35.535624647 ], [ 136.994375933, 35.535832647 ], [ 136.994063932, 35.535832647 ], [ 136.994063932, 35.536041647 ], [ 136.994375934, 35.536041647 ], [ 136.994375934, 35.536249647 ], [ 136.994688936, 35.536249646 ], [ 136.994688936, 35.536457646 ], [ 136.995000938, 35.536457646 ], [ 136.995000939, 35.536666646 ], [ 136.99531394, 35.536666646 ], [ 136.995313941, 35.536874646 ], [ 136.995313941, 35.537082646 ], [ 136.995625943, 35.537082645 ], [ 136.995938944, 35.537082645 ], [ 136.995938945, 35.537291645 ], [ 136.996250946, 35.537291645 ], [ 136.996563948, 35.537291644 ], [ 136.996563948, 35.537499644 ], [ 136.99687595, 35.537499644 ], [ 136.996875951, 35.537707644 ], [ 136.997188952, 35.537707644 ], [ 136.997188953, 35.537916644 ], [ 136.997500954, 35.537916643 ], [ 136.997500955, 35.538124643 ], [ 136.997500955, 35.538332643 ], [ 136.997500956, 35.538541643 ], [ 136.997813958, 35.538541643 ], [ 136.998125959, 35.538541642 ], [ 136.998125959, 35.538332643 ], [ 136.99843896, 35.538332642 ], [ 136.998438961, 35.538541642 ], [ 136.998438961, 35.538749642 ], [ 136.998438962, 35.538957642 ], [ 136.998750963, 35.538957642 ], [ 136.998750964, 35.539166642 ], [ 136.999063966, 35.539166641 ], [ 136.999375967, 35.539166641 ], [ 136.999688969, 35.539166641 ], [ 136.999688968, 35.538957641 ], [ 137.00000097, 35.538957641 ], [ 137.000313971, 35.538957641 ], [ 137.000313972, 35.53916664 ], [ 137.000313972, 35.53937464 ], [ 137.000625974, 35.53937464 ], [ 137.000938975, 35.53937464 ], [ 137.001250977, 35.53937464 ], [ 137.001563978, 35.53937464 ], [ 137.001563979, 35.53958264 ], [ 137.001250977, 35.53958264 ], [ 137.001250978, 35.53979164 ], [ 137.001563979, 35.53979164 ], [ 137.001875981, 35.539791639 ], [ 137.002188982, 35.539791639 ], [ 137.002500983, 35.539791639 ], [ 137.002500983, 35.539582639 ], [ 137.002188981, 35.539582639 ], [ 137.002188981, 35.53937464 ], [ 137.00218898, 35.53916664 ], [ 137.001875979, 35.53916664 ], [ 137.001875978, 35.53895764 ], [ 137.001563977, 35.53895764 ], [ 137.001563976, 35.53874964 ], [ 137.001250975, 35.53874964 ], [ 137.001250974, 35.538541641 ], [ 137.000938973, 35.538541641 ], [ 137.000938972, 35.538332641 ], [ 137.000625971, 35.538332641 ], [ 137.00062597, 35.538124641 ], [ 137.000313969, 35.538124641 ], [ 137.000000967, 35.538124641 ], [ 137.000000967, 35.537916641 ], [ 136.999688965, 35.537916642 ], [ 136.999688964, 35.537707642 ], [ 136.999375963, 35.537707642 ], [ 136.999063961, 35.537707642 ], [ 136.999063961, 35.537499642 ], [ 136.998750959, 35.537499643 ], [ 136.998438958, 35.537499643 ], [ 136.998438957, 35.537291643 ], [ 136.998125956, 35.537291643 ], [ 136.997813954, 35.537291643 ], [ 136.997813953, 35.537082644 ], [ 136.997500952, 35.537082644 ], [ 136.99718895, 35.537082644 ], [ 136.99718895, 35.536874644 ], [ 136.996875948, 35.536874644 ], [ 136.996875948, 35.536666645 ], [ 136.996563946, 35.536666645 ], [ 136.996563946, 35.536457645 ], [ 136.996250944, 35.536457645 ], [ 136.995938943, 35.536457645 ], [ 136.995938942, 35.536249646 ], [ 136.99562594, 35.536249646 ], [ 136.99562594, 35.536041646 ], [ 136.995313938, 35.536041646 ], [ 136.995313938, 35.535832646 ], [ 136.995313937, 35.535624646 ], [ 136.995000936, 35.535624647 ], [ 136.995000935, 35.535416647 ], [ 136.994688934, 35.535416647 ], [ 136.994688933, 35.535207647 ], [ 136.994375932, 35.535207647 ], [ 136.994375931, 35.534999647 ], [ 136.99406393, 35.534999648 ] ] ] } },
{ "type": "Feature", "properties": { "A31a_401": "8505090066", "A31a_402": "津保川", "A31a_403": "21", "A31a_404": "岐阜県", "A31a_405": 1 }, "geometry": { "type": "Polygon", "coordinates": [ [ [ 136.982500835, 35.515624662 ], [ 136.982188834, 35.515624662 ], [ 136.982188834, 35.515832662 ], [ 136.981875833, 35.515832662 ], [ 136.981875833, 35.516041662 ], [ 136.981563832, 35.516041662 ], [ 136.981563832, 35.516249662 ], [ 136.981875834, 35.516249662 ], [ 136.982188835, 35.516249662 ], [ 136.982188835, 35.516041662 ], [ 136.982500836, 35.516041662 ], [ 136.982813837, 35.516041661 ], [ 136.983125838, 35.516041661 ], [ 136.98343884, 35.516041661 ], [ 136.983438839, 35.515832661 ], [ 136.983125838, 35.515832661 ], [ 136.982813837, 35.515832661 ], [ 136.982813836, 35.515624661 ], [ 136.982500835, 35.515624662 ] ] ] } },
{ "type": "Feature", "properties": { "A31a_401": "8505090066", "A31a_402": "津保川", "A31a_403": "21", "A31a_404": "岐阜県", "A31a_405": 1 }, "geometry": { "type": "Polygon", "coordinates": [ [ [ 136.984375823, 35.507082659 ], [ 136.984375823, 35.507291659 ], [ 136.984375823, 35.507499659 ], [ 136.984688825, 35.507499659 ], [ 136.984688824, 35.507291659 ], [ 136.984688824, 35.507082659 ], [ 136.984375823, 35.507082659 ] ] ] } },
{ "type": "Feature", "properties": { "A31a_401": "8505090066", "A31a_402": "津保川", "A31a_403": "21", "A31a_404": "岐阜県", "A31a_405": 1 }, "geometry": { "type": "Polygon", "coordinates": [ [ [ 136.880000412, 35.479374752 ], [ 136.880000412, 35.479582752 ], [ 136.880313413, 35.479582752 ], [ 136.880313413, 35.479374751 ], [ 136.880000412, 35.479374752 ] ] ] } },
{ "type": "Feature", "properties": { "A31a_401": "8505090066", "A31a_402": "津保川", "A31a_403": "21", "A31a_404": "岐阜県", "A31a_405": 1 }, "geometry": { "type": "Polygon", "coordinates": [ [ [ 136.858438365, 35.475207755 ], [ 136.858438365, 35.475416755 ], [ 136.858438365, 35.475624755 ], [ 136.858750366, 35.475624755 ], [ 136.858750366, 35.475832755 ], [ 136.858750366, 35.476041755 ], [ 136.858438365, 35.476041755 ], [ 136.858438365, 35.476249755 ], [ 136.858438365, 35.476457755 ], [ 136.858438365, 35.476666755 ], [ 136.858750366, 35.476666755 ], [ 136.858750366, 35.476457755 ], [ 136.859063366, 35.476457755 ], [ 136.859375367, 35.476457755 ], [ 136.859375367, 35.476666755 ], [ 136.859688367, 35.476666755 ], [ 136.859688367, 35.476874755 ], [ 136.859688367, 35.477082755 ], [ 136.859688367, 35.477291755 ], [ 136.860000368, 35.477291755 ], [ 136.860000368, 35.477499755 ], [ 136.860000368, 35.477707755 ], [ 136.860000368, 35.477916755 ], [ 136.860000368, 35.478124755 ], [ 136.860313369, 35.478124755 ], [ 136.860625369, 35.478124755 ], [ 136.860625369, 35.478332755 ], [ 136.86093837, 35.478332755 ], [ 136.86093837, 35.478541755 ], [ 136.86093837, 35.478749755 ], [ 136.86125037, 35.478749755 ], [ 136.86125037, 35.478957755 ], [ 136.86125037, 35.479166755 ], [ 136.861563371, 35.479166755 ], [ 136.861563371, 35.479374755 ], [ 136.861563371, 35.479582755 ], [ 136.861875371, 35.479582755 ], [ 136.861875371, 35.479791755 ], [ 136.861875371, 35.479999755 ], [ 136.862188372, 35.479999755 ], [ 136.862188372, 35.480207755 ], [ 136.862188372, 35.480416755 ], [ 136.862500372, 35.480416756 ], [ 136.862500372, 35.480624756 ], [ 136.862813373, 35.480624756 ], [ 136.862813373, 35.480416756 ], [ 136.862813373, 35.480207756 ], [ 136.862813373, 35.479999756 ], [ 136.863125374, 35.479999756 ], [ 136.863438374, 35.479999756 ], [ 136.863750375, 35.479999756 ], [ 136.863750375, 35.479791755 ], [ 136.864063375, 35.479791755 ], [ 136.864063375, 35.479999755 ], [ 136.864063375, 35.480207756 ], [ 136.864375376, 35.480207756 ], [ 136.864375376, 35.480416756 ], [ 136.864375376, 35.480624756 ], [ 136.864063375, 35.480624756 ], [ 136.863750375, 35.480624756 ], [ 136.863750375, 35.480832756 ], [ 136.863750375, 35.481041756 ], [ 136.863750375, 35.481249756 ], [ 136.863750375, 35.481457756 ], [ 136.863750375, 35.481666756 ], [ 136.864063375, 35.481666756 ], [ 136.864063375, 35.481874756 ], [ 136.864375376, 35.481874756 ], [ 136.864375376, 35.482082756 ], [ 136.864375376, 35.482291756 ], [ 136.864688377, 35.482291756 ], [ 136.864688377, 35.482499756 ], [ 136.864688377, 35.482707756 ], [ 136.864688377, 35.482916756 ], [ 136.864688377, 35.483124756 ], [ 136.864688377, 35.483332756 ], [ 136.865000377, 35.483332756 ], [ 136.865000377, 35.483541756 ], [ 136.865313378, 35.483541756 ], [ 136.865313378, 35.483749756 ], [ 136.865625378, 35.483749756 ], [ 136.865625378, 35.483957757 ], [ 136.865938379, 35.483957757 ], [ 136.865938379, 35.484166757 ], [ 136.866250379, 35.484166757 ], [ 136.866250379, 35.484374757 ], [ 136.86656338, 35.484374757 ], [ 136.866875381, 35.484374757 ], [ 136.86687538, 35.484582757 ], [ 136.867188381, 35.484582757 ], [ 136.867188381, 35.484791757 ], [ 136.867500382, 35.484791757 ], [ 136.867500381, 35.484999757 ], [ 136.867500381, 35.485207758 ], [ 136.867813382, 35.485207758 ], [ 136.867813382, 35.485416758 ], [ 136.868125382, 35.485416758 ], [ 136.868125382, 35.485624758 ], [ 136.868438383, 35.485624758 ], [ 136.868438383, 35.485832758 ], [ 136.868750383, 35.485832758 ], [ 136.868750383, 35.486041758 ], [ 136.869063384, 35.486041758 ], [ 136.869063384, 35.486249758 ], [ 136.869375384, 35.486249759 ], [ 136.869375384, 35.486457759 ], [ 136.869688385, 35.486457759 ], [ 136.870000386, 35.486457759 ], [ 136.870313386, 35.486457759 ], [ 136.870625387, 35.486457759 ], [ 136.870938387, 35.486457759 ], [ 136.870938387, 35.486666759 ], [ 136.871250388, 35.486666759 ], [ 136.871250388, 35.486457759 ], [ 136.871250388, 35.486249759 ], [ 136.871250388, 35.486041759 ], [ 136.871250388, 35.485832759 ], [ 136.871563389, 35.485832759 ], [ 136.87187539, 35.485832759 ], [ 136.87218839, 35.485832759 ], [ 136.872500391, 35.485832759 ], [ 136.872813391, 35.485832759 ], [ 136.873125392, 35.485832759 ], [ 136.873438393, 35.48583276 ], [ 136.873438393, 35.485624759 ], [ 136.873750393, 35.48562476 ], [ 136.874063394, 35.48562476 ], [ 136.874063394, 35.485416759 ], [ 136.874375395, 35.48541676 ], [ 136.874688395, 35.48541676 ], [ 136.874688395, 35.485207759 ], [ 136.875000396, 35.48520776 ], [ 136.875313397, 35.485207759 ], [ 136.875313397, 35.484999759 ], [ 136.875625398, 35.484999759 ], [ 136.875938398, 35.484999759 ], [ 136.876250399, 35.484999759 ], [ 136.876250399, 35.484791759 ], [ 136.8765634, 35.484791759 ], [ 136.8765634, 35.484999759 ], [ 136.876875401, 35.484999759 ], [ 136.876875401, 35.484791759 ], [ 136.876875401, 35.484582759 ], [ 136.877188402, 35.484582758 ], [ 136.877188402, 35.484374758 ], [ 136.877500403, 35.484374758 ], [ 136.877813403, 35.484374758 ], [ 136.877813403, 35.484582758 ], [ 136.878125404, 35.484582758 ], [ 136.878125404, 35.484374758 ], [ 136.878125404, 35.484166758 ], [ 136.878125404, 35.483957758 ], [ 136.878125405, 35.483749757 ], [ 136.878125405, 35.483541757 ], [ 136.878125405, 35.483332757 ], [ 136.878125405, 35.483124757 ], [ 136.878438406, 35.483124757 ], [ 136.878438406, 35.482916756 ], [ 136.878750407, 35.482916756 ], [ 136.878750407, 35.482707756 ], [ 136.878750407, 35.482499756 ], [ 136.879063408, 35.482499756 ], [ 136.879063408, 35.482291755 ], [ 136.879375409, 35.482291755 ], [ 136.879375409, 35.482082755 ], [ 136.879688409, 35.482082755 ], [ 136.87968841, 35.481874755 ], [ 136.88000041, 35.481874754 ], [ 136.88000041, 35.481666754 ], [ 136.880313411, 35.481666754 ], [ 136.880313411, 35.481457754 ], [ 136.880625412, 35.481457754 ], [ 136.880938413, 35.481457754 ], [ 136.880938413, 35.481249753 ], [ 136.881250414, 35.481249753 ], [ 136.881563415, 35.481249753 ], [ 136.881875415, 35.481249753 ], [ 136.882188416, 35.481249753 ], [ 136.882188416, 35.481041752 ], [ 136.882500417, 35.481041752 ], [ 136.882813418, 35.481041752 ], [ 136.883125419, 35.481041752 ], [ 136.88343842, 35.481041752 ], [ 136.88375042, 35.481041752 ], [ 136.884063421, 35.481041751 ], [ 136.884375422, 35.481041751 ], [ 136.884375422, 35.480832751 ], [ 136.884375422, 35.480624751 ], [ 136.884375423, 35.480416751 ], [ 136.884688423, 35.48041675 ], [ 136.885000424, 35.48041675 ], [ 136.885313425, 35.48041675 ], [ 136.885625426, 35.48041675 ], [ 136.885938427, 35.48041675 ], [ 136.886250427, 35.48041675 ], [ 136.886250428, 35.480207749 ], [ 136.886563428, 35.480207749 ], [ 136.886875429, 35.480207749 ], [ 136.88718843, 35.480207749 ], [ 136.88718843, 35.479999748 ], [ 136.887500431, 35.479999748 ], [ 136.887813432, 35.479999748 ], [ 136.887813432, 35.479791748 ], [ 136.888125433, 35.479791747 ], [ 136.888125434, 35.479582747 ], [ 136.888438435, 35.479582747 ], [ 136.888750436, 35.479582747 ], [ 136.888750436, 35.479374746 ], [ 136.889063437, 35.479374746 ], [ 136.889375438, 35.479374746 ], [ 136.889375438, 35.479166745 ], [ 136.889688439, 35.479166745 ], [ 136.89000044, 35.479166745 ], [ 136.89000044, 35.479374745 ], [ 136.89000044, 35.479582745 ], [ 136.89000044, 35.479791746 ], [ 136.890313441, 35.479791745 ], [ 136.89031344, 35.479999746 ], [ 136.89031344, 35.480207746 ], [ 136.890625441, 35.480207746 ], [ 136.890938442, 35.480207745 ], [ 136.891250443, 35.480207745 ], [ 136.891250443, 35.480416745 ], [ 136.891563444, 35.480416745 ], [ 136.891563444, 35.480624745 ], [ 136.891875445, 35.480624745 ], [ 136.891875445, 35.480832745 ], [ 136.892188446, 35.480832745 ], [ 136.892188446, 35.481041745 ], [ 136.892500447, 35.481041745 ], [ 136.892813448, 35.481041745 ], [ 136.892813448, 35.480832744 ], [ 136.893125449, 35.480832744 ], [ 136.89343845, 35.480832744 ], [ 136.89343845, 35.480624743 ], [ 136.893750451, 35.480624743 ], [ 136.894063452, 35.480624743 ], [ 136.894375453, 35.480624743 ], [ 136.894688454, 35.480624742 ], [ 136.894688454, 35.480832743 ], [ 136.895000455, 35.480832742 ], [ 136.895000455, 35.481041743 ], [ 136.895313456, 35.481041742 ], [ 136.895625457, 35.481041742 ], [ 136.895625457, 35.480832742 ], [ 136.895625458, 35.480624741 ], [ 136.895938459, 35.480624741 ], [ 136.89625046, 35.480624741 ], [ 136.896563461, 35.48062474 ], [ 136.896875462, 35.48062474 ], [ 136.897188463, 35.48062474 ], [ 136.897500464, 35.48062474 ], [ 136.897813465, 35.480624739 ], [ 136.898125466, 35.480624739 ], [ 136.898438467, 35.480624739 ], [ 136.898750468, 35.480624738 ], [ 136.899063469, 35.480624738 ], [ 136.899063469, 35.480416738 ], [ 136.899063469, 35.480207737 ], [ 136.89906347, 35.479999737 ], [ 136.899375471, 35.479999737 ], [ 136.899688472, 35.479999736 ], [ 136.899688472, 35.480207737 ], [ 136.899688471, 35.480416737 ], [ 136.899688471, 35.480624737 ], [ 136.900000472, 35.480624737 ], [ 136.900313473, 35.480624737 ], [ 136.900625475, 35.480624736 ], [ 136.900938476, 35.480624736 ], [ 136.900938476, 35.480416735 ], [ 136.901250477, 35.480416735 ], [ 136.901563479, 35.480416735 ], [ 136.90187548, 35.480416734 ], [ 136.902188481, 35.480416734 ], [ 136.902500483, 35.480416733 ], [ 136.902500483, 35.480207733 ], [ 136.902500483, 35.479999733 ], [ 136.902500483, 35.479791732 ], [ 136.902813485, 35.479791732 ], [ 136.902813485, 35.479582731 ], [ 136.903125486, 35.479582731 ], [ 136.903125486, 35.479374731 ], [ 136.903438488, 35.47937473 ], [ 136.903750489, 35.47937473 ], [ 136.903750489, 35.479166729 ], [ 136.90406349, 35.479166729 ], [ 136.904063491, 35.478957728 ], [ 136.904063491, 35.478749728 ], [ 136.904375492, 35.478749728 ], [ 136.904375492, 35.478541727 ], [ 136.904688494, 35.478541727 ], [ 136.904688494, 35.478332726 ], [ 136.905000495, 35.478332726 ], [ 136.905000495, 35.478541726 ], [ 136.905313496, 35.478541726 ], [ 136.905625497, 35.478541725 ], [ 136.905625498, 35.478332725 ], [ 136.905938499, 35.478332725 ], [ 136.905938499, 35.478124724 ], [ 136.906250501, 35.478124724 ], [ 136.906563502, 35.478124723 ], [ 136.906563502, 35.477916723 ], [ 136.906875503, 35.477916722 ], [ 136.907188505, 35.477916722 ], [ 136.907188504, 35.478124722 ], [ 136.907500506, 35.478124722 ], [ 136.907813507, 35.478124721 ], [ 136.908125508, 35.478124721 ], [ 136.908125509, 35.477916721 ], [ 136.90843851, 35.47791672 ], [ 136.908750511, 35.47791672 ], [ 136.909063512, 35.477916719 ], [ 136.909375514, 35.477916719 ], [ 136.909688515, 35.477916718 ], [ 136.909688515, 35.477707718 ], [ 136.910000517, 35.477707717 ], [ 136.910313518, 35.477707717 ], [ 136.910625519, 35.477707717 ], [ 136.91093852, 35.477707716 ], [ 136.911250522, 35.477707716 ], [ 136.911250521, 35.477916716 ], [ 136.911563523, 35.477916716 ], [ 136.911563523, 35.477707715 ], [ 136.911875524, 35.477707715 ], [ 136.912188526, 35.477707714 ], [ 136.912188526, 35.477499714 ], [ 136.912188526, 35.477291713 ], [ 136.911875525, 35.477291714 ], [ 136.911563524, 35.477291714 ], [ 136.911563524, 35.477082714 ], [ 136.911250523, 35.477082714 ], [ 136.911250523, 35.476874714 ], [ 136.910938522, 35.476874714 ], [ 136.91062552, 35.476874715 ], [ 136.91062552, 35.476666715 ], [ 136.910313519, 35.476666715 ], [ 136.910000518, 35.476666715 ], [ 136.910000518, 35.476457715 ], [ 136.909688517, 35.476457716 ], [ 136.909688517, 35.476249715 ], [ 136.909375516, 35.476249716 ], [ 136.909375516, 35.476041715 ], [ 136.909063515, 35.476041716 ], [ 136.908750513, 35.476041716 ], [ 136.908438512, 35.476041717 ], [ 136.908125511, 35.476041717 ], [ 136.908125511, 35.475832717 ], [ 136.90781351, 35.475832717 ], [ 136.907500508, 35.475832718 ], [ 136.907188507, 35.475832718 ], [ 136.906875506, 35.475832719 ], [ 136.906563505, 35.475832719 ], [ 136.906250503, 35.47583272 ], [ 136.905938502, 35.47583272 ], [ 136.905625501, 35.475832721 ], [ 136.905625501, 35.47562472 ], [ 136.905313499, 35.475624721 ], [ 136.905000498, 35.475624721 ], [ 136.904688497, 35.475624722 ], [ 136.904375496, 35.475624722 ], [ 136.904063494, 35.475624723 ], [ 136.904063494, 35.475832723 ], [ 136.903750493, 35.475832723 ], [ 136.903438491, 35.475832724 ], [ 136.90312549, 35.475832724 ], [ 136.902813489, 35.475832725 ], [ 136.902500487, 35.475832725 ], [ 136.902188486, 35.475832726 ], [ 136.901875485, 35.475832726 ], [ 136.901875485, 35.476041727 ], [ 136.901563483, 35.476041727 ], [ 136.901250482, 35.476041728 ], [ 136.900938481, 35.476041728 ], [ 136.900625479, 35.476041729 ], [ 136.900625479, 35.476249729 ], [ 136.900313478, 35.476249729 ], [ 136.900313478, 35.47645773 ], [ 136.900313477, 35.47666673 ], [ 136.900000476, 35.476666731 ], [ 136.899688475, 35.476666731 ], [ 136.899688475, 35.476874731 ], [ 136.899375474, 35.476874732 ], [ 136.899063473, 35.476874732 ], [ 136.898750472, 35.476874732 ], [ 136.898750472, 35.477082733 ], [ 136.89843847, 35.477082733 ], [ 136.89843847, 35.477291733 ], [ 136.898125469, 35.477291734 ], [ 136.897813468, 35.477291734 ], [ 136.897500467, 35.477291734 ], [ 136.897500467, 35.477499735 ], [ 136.897188466, 35.477499735 ], [ 136.896875465, 35.477499735 ], [ 136.896563464, 35.477499736 ], [ 136.896563464, 35.477707736 ], [ 136.896250463, 35.477707736 ], [ 136.895938462, 35.477707737 ], [ 136.89562546, 35.477707737 ], [ 136.89562546, 35.477916737 ], [ 136.895313459, 35.477916737 ], [ 136.895000458, 35.477916738 ], [ 136.895000458, 35.478124738 ], [ 136.894688457, 35.478124738 ], [ 136.894375456, 35.478124739 ], [ 136.894063455, 35.478124739 ], [ 136.893750454, 35.478124739 ], [ 136.893438453, 35.47812474 ], [ 136.893125452, 35.47812474 ], [ 136.892813451, 35.47812474 ], [ 136.89281345, 35.478332741 ], [ 136.892500449, 35.478332741 ], [ 136.892188448, 35.478332741 ], [ 136.891875447, 35.478332742 ], [ 136.891563446, 35.478332742 ], [ 136.891250445, 35.478332742 ], [ 136.890938444, 35.478332743 ], [ 136.890625443, 35.478332743 ], [ 136.890625443, 35.478541743 ], [ 136.890313442, 35.478541744 ], [ 136.890313442, 35.478749744 ], [ 136.890000441, 35.478749744 ], [ 136.88968844, 35.478749744 ], [ 136.889375439, 35.478749745 ], [ 136.889063438, 35.478749745 ], [ 136.888750437, 35.478749745 ], [ 136.888438435, 35.478749746 ], [ 136.888125434, 35.478749746 ], [ 136.887813433, 35.478749746 ], [ 136.887500432, 35.478749747 ], [ 136.887188432, 35.478749747 ], [ 136.887188432, 35.478541747 ], [ 136.886875431, 35.478541747 ], [ 136.886875431, 35.478749747 ], [ 136.88656343, 35.478749747 ], [ 136.886250429, 35.478749747 ], [ 136.885938428, 35.478749748 ], [ 136.885625427, 35.478749748 ], [ 136.885625427, 35.478957748 ], [ 136.885313426, 35.478957748 ], [ 136.885000425, 35.478957748 ], [ 136.884688425, 35.478957749 ], [ 136.884688424, 35.479166749 ], [ 136.884375424, 35.479166749 ], [ 136.884063423, 35.479166749 ], [ 136.884063423, 35.479374749 ], [ 136.883750422, 35.47937475 ], [ 136.883438421, 35.47937475 ], [ 136.883438421, 35.47958275 ], [ 136.88312542, 35.47958275 ], [ 136.882813419, 35.47958275 ], [ 136.882813419, 35.479791751 ], [ 136.882500418, 35.479791751 ], [ 136.882188417, 35.479791751 ], [ 136.882188417, 35.479999751 ], [ 136.881875416, 35.479999751 ], [ 136.881563416, 35.479999751 ], [ 136.881563415, 35.480207752 ], [ 136.881250415, 35.480207752 ], [ 136.880938414, 35.480207752 ], [ 136.880938414, 35.480416752 ], [ 136.880625413, 35.480416752 ], [ 136.880625413, 35.480624753 ], [ 136.880313412, 35.480624753 ], [ 136.880313412, 35.480832753 ], [ 136.880000411, 35.480832753 ], [ 136.87968841, 35.480832753 ], [ 136.87968841, 35.481041754 ], [ 136.879375409, 35.481041754 ], [ 136.879375409, 35.481249754 ], [ 136.879063408, 35.481249754 ], [ 136.879063408, 35.481457754 ], [ 136.878750407, 35.481457755 ], [ 136.878438407, 35.481457755 ], [ 136.878438406, 35.481666755 ], [ 136.878125406, 35.481666755 ], [ 136.878125406, 35.481874755 ], [ 136.877813405, 35.481874756 ], [ 136.877813405, 35.482082756 ], [ 136.877500404, 35.482082756 ], [ 136.877500404, 35.482291756 ], [ 136.877188403, 35.482291756 ], [ 136.877188403, 35.482499756 ], [ 136.876875402, 35.482499757 ], [ 136.876875402, 35.482707757 ], [ 136.876563401, 35.482707757 ], [ 136.876250401, 35.482707757 ], [ 136.8762504, 35.482916757 ], [ 136.8759384, 35.482916757 ], [ 136.875625399, 35.482916758 ], [ 136.875625399, 35.483124758 ], [ 136.875313398, 35.483124758 ], [ 136.875000397, 35.483124758 ], [ 136.875000397, 35.483332758 ], [ 136.874688397, 35.483332758 ], [ 136.874688396, 35.483541758 ], [ 136.874375396, 35.483541758 ], [ 136.874375396, 35.483749758 ], [ 136.874063395, 35.483749758 ], [ 136.873750394, 35.483749758 ], [ 136.873438394, 35.483749758 ], [ 136.873438394, 35.483957758 ], [ 136.873125393, 35.483957758 ], [ 136.872813392, 35.483957758 ], [ 136.872500392, 35.483957758 ], [ 136.872500392, 35.484166758 ], [ 136.872188391, 35.484166758 ], [ 136.87187539, 35.484166758 ], [ 136.87156339, 35.484166758 ], [ 136.87156339, 35.484374758 ], [ 136.871250389, 35.484374758 ], [ 136.870938389, 35.484374758 ], [ 136.870625388, 35.484374758 ], [ 136.870625388, 35.484582758 ], [ 136.870625388, 35.484791758 ], [ 136.870625388, 35.484999758 ], [ 136.870625387, 35.485207758 ], [ 136.870625387, 35.485416759 ], [ 136.870625387, 35.485624759 ], [ 136.870625387, 35.485832759 ], [ 136.870313386, 35.485832759 ], [ 136.870313387, 35.485624759 ], [ 136.870313387, 35.485416758 ], [ 136.870313387, 35.485207758 ], [ 136.870313387, 35.484999758 ], [ 136.870313387, 35.484791758 ], [ 136.870313387, 35.484582758 ], [ 136.870313387, 35.484374758 ], [ 136.870000387, 35.484374758 ], [ 136.869688386, 35.484374758 ], [ 136.869375385, 35.484374758 ], [ 136.869375386, 35.484166758 ], [ 136.869063385, 35.484166757 ], [ 136.868750384, 35.484166757 ], [ 136.868750384, 35.483957757 ], [ 136.868438384, 35.483957757 ], [ 136.868125383, 35.483957757 ], [ 136.868125383, 35.483749757 ], [ 136.867813383, 35.483749757 ], [ 136.867813383, 35.483541757 ], [ 136.867500382, 35.483541757 ], [ 136.867500382, 35.483332757 ], [ 136.867188382, 35.483332757 ], [ 136.867188382, 35.483124757 ], [ 136.866875381, 35.483124756 ], [ 136.866875381, 35.482916756 ], [ 136.86656338, 35.482916756 ], [ 136.86656338, 35.482707756 ], [ 136.86625038, 35.482707756 ], [ 136.86625038, 35.482499756 ], [ 136.865938379, 35.482499756 ], [ 136.865938379, 35.482291756 ], [ 136.865938379, 35.482082756 ], [ 136.865625379, 35.482082756 ], [ 136.865625379, 35.481874756 ], [ 136.865625379, 35.481666756 ], [ 136.865625379, 35.481457756 ], [ 136.865625379, 35.481249756 ], [ 136.865625379, 35.481041756 ], [ 136.865625379, 35.480832756 ], [ 136.865625379, 35.480624756 ], [ 136.865625379, 35.480416756 ], [ 136.865625379, 35.480207755 ], [ 136.865313378, 35.480207755 ], [ 136.865313378, 35.479999755 ], [ 136.865313378, 35.479791755 ], [ 136.865000377, 35.479791755 ], [ 136.865000377, 35.479582755 ], [ 136.865000377, 35.479374755 ], [ 136.864688377, 35.479374755 ], [ 136.864688377, 35.479166755 ], [ 136.864688377, 35.478957755 ], [ 136.864375376, 35.478957755 ], [ 136.864375376, 35.478749755 ], [ 136.864375376, 35.478541755 ], [ 136.864063376, 35.478541755 ], [ 136.864063376, 35.478332755 ], [ 136.863750375, 35.478332755 ], [ 136.863750375, 35.478124755 ], [ 136.863438374, 35.478124755 ], [ 136.863438374, 35.477916755 ], [ 136.863125374, 35.477916755 ], [ 136.863125374, 35.477707755 ], [ 136.862813373, 35.477707755 ], [ 136.862813373, 35.477499755 ], [ 136.862500372, 35.477499756 ], [ 136.862500372, 35.477291756 ], [ 136.862188372, 35.477291755 ], [ 136.862188372, 35.477082755 ], [ 136.861875371, 35.477082755 ], [ 136.861875371, 35.476874755 ], [ 136.861563371, 35.476874755 ], [ 136.861563371, 35.476666755 ], [ 136.86125037, 35.476666755 ], [ 136.86125037, 35.476457755 ], [ 136.86093837, 35.476457755 ], [ 136.860625369, 35.476457755 ], [ 136.860625369, 35.476249755 ], [ 136.860313368, 35.476249755 ], [ 136.860000368, 35.476249755 ], [ 136.860000368, 35.476041755 ], [ 136.859688367, 35.476041755 ], [ 136.859688367, 35.475832755 ], [ 136.859375367, 35.475832755 ], [ 136.859375367, 35.475624755 ], [ 136.859063366, 35.475624755 ], [ 136.859063366, 35.475416755 ], [ 136.858750366, 35.475416755 ], [ 136.858750366, 35.475207755 ], [ 136.858438365, 35.475207755 ] ], [ [ 136.887188431, 35.479166747 ], [ 136.887188431, 35.479374748 ], [ 136.887188431, 35.479582748 ], [ 136.88718843, 35.479791748 ], [ 136.88687543, 35.479791748 ], [ 136.886563429, 35.479791749 ], [ 136.886250428, 35.479791749 ], [ 136.886250428, 35.479582748 ], [ 136.886250428, 35.479374748 ], [ 136.885938428, 35.479374748 ], [ 136.885625427, 35.479374749 ], [ 136.885625427, 35.479166748 ], [ 136.885938428, 35.479166748 ], [ 136.886250429, 35.479166748 ], [ 136.886563429, 35.479166748 ], [ 136.88687543, 35.479166748 ], [ 136.887188431, 35.479166747 ] ], [ [ 136.864688377, 35.481041756 ], [ 136.865000377, 35.481041756 ], [ 136.865313378, 35.481041756 ], [ 136.865313378, 35.481249756 ], [ 136.865313378, 35.481457756 ], [ 136.865313378, 35.481666756 ], [ 136.865000377, 35.481666756 ], [ 136.865000377, 35.481457756 ], [ 136.864688377, 35.481457756 ], [ 136.864688377, 35.481249756 ], [ 136.864688377, 35.481041756 ] ] ] } },
{ "type": "Feature", "properties": { "A31a_401": "8505090066", "A31a_402": "津保川", "A31a_403": "21", "A31a_404": "岐阜県", "A31a_405": 1 }, "geometry": { "type": "Polygon", "coordinates": [ [ [ 137.000938971, 35.537916641 ], [ 137.000938971, 35.538124641 ], [ 137.001250973, 35.538124641 ], [ 137.001250972, 35.537916641 ], [ 137.000938971, 35.537916641 ] ] ] } },
{ "type": "Feature", "properties": { "A31a_401": "8505090066", "A31a_402": "津保川", "A31a_403": "21", "A31a_404": "岐阜県", "A31a_405": 1 }, "geometry": { "type": "Polygon", "coordinates": [ [ [ 136.857813364, 35.474999755 ], [ 136.857813364, 35.475207755 ], [ 136.858125364, 35.475207755 ], [ 136.858438365, 35.475207755 ], [ 136.858438365, 35.474999755 ], [ 136.858125364, 35.474999755 ], [ 136.857813364, 35.474999755 ] ] ] } },
{ "type": "Feature", "properties": { "A31a_401": "8505090066", "A31a_402": "津保川", "A31a_403": "21", "A31a_404": "岐阜県", "A31a_405": 1 }, "geometry": { "type": "Polygon", "coordinates": [ [ [ 136.857813363, 35.471041754 ], [ 136.857813363, 35.471249754 ], [ 136.857500362, 35.471249754 ], [ 136.857500362, 35.471457754 ], [ 136.857813363, 35.471457754 ], [ 136.857813363, 35.471666754 ], [ 136.857813363, 35.471874754 ], [ 136.858125363, 35.471874754 ], [ 136.858125363, 35.472082754 ], [ 136.858125364, 35.472291754 ], [ 136.858438364, 35.472291754 ], [ 136.858438364, 35.472499754 ], [ 136.858438364, 35.472707754 ], [ 136.858750365, 35.472707754 ], [ 136.858750365, 35.472916754 ], [ 136.858750365, 35.473124754 ], [ 136.858750365, 35.473332754 ], [ 136.858750365, 35.473541755 ], [ 136.858750365, 35.473749755 ], [ 136.858750365, 35.473957755 ], [ 136.858750365, 35.474166755 ], [ 136.859063366, 35.474166755 ], [ 136.859063366, 35.474374755 ], [ 136.859063366, 35.474582755 ], [ 136.859063366, 35.474791755 ], [ 136.859375367, 35.474791755 ], [ 136.859375367, 35.474999755 ], [ 136.859688367, 35.474999755 ], [ 136.859688367, 35.475207755 ], [ 136.860000368, 35.475207755 ], [ 136.860313368, 35.475207755 ], [ 136.860313368, 35.475416755 ], [ 136.860625369, 35.475416755 ], [ 136.860938369, 35.475416755 ], [ 136.86125037, 35.475416755 ], [ 136.86125037, 35.475624755 ], [ 136.861563371, 35.475624755 ], [ 136.861875371, 35.475624755 ], [ 136.862188372, 35.475624755 ], [ 136.862500372, 35.475624756 ], [ 136.862500372, 35.475832756 ], [ 136.862813373, 35.475832755 ], [ 136.862813373, 35.476041755 ], [ 136.862813373, 35.476249755 ], [ 136.863125374, 35.476249755 ], [ 136.863125374, 35.476457755 ], [ 136.863125374, 35.476666755 ], [ 136.863438374, 35.476666755 ], [ 136.863438374, 35.476874755 ], [ 136.863438374, 35.477082755 ], [ 136.863750375, 35.477082755 ], [ 136.863750375, 35.477291755 ], [ 136.864063376, 35.477291755 ], [ 136.864375376, 35.477291755 ], [ 136.864375376, 35.477499755 ], [ 136.864688377, 35.477499755 ], [ 136.864688377, 35.477707755 ], [ 136.865000378, 35.477707755 ], [ 136.865000378, 35.477499755 ], [ 136.865000378, 35.477291755 ], [ 136.865000378, 35.477082755 ], [ 136.865000378, 35.476874755 ], [ 136.864688377, 35.476874755 ], [ 136.864688377, 35.476666755 ], [ 136.864688377, 35.476457755 ], [ 136.864688377, 35.476249755 ], [ 136.864375376, 35.476249755 ], [ 136.864063376, 35.476249755 ], [ 136.864063376, 35.476041755 ], [ 136.864063376, 35.475832755 ], [ 136.863750375, 35.475832755 ], [ 136.863750375, 35.475624755 ], [ 136.863750375, 35.475416755 ], [ 136.863438374, 35.475416755 ], [ 136.863125374, 35.475416755 ], [ 136.862813373, 35.475416755 ], [ 136.862813373, 35.475207755 ], [ 136.862500372, 35.475207756 ], [ 136.862188372, 35.475207755 ], [ 136.861875371, 35.475207755 ], [ 136.861875371, 35.474999755 ], [ 136.861875371, 35.474791755 ], [ 136.86156337, 35.474791755 ], [ 136.86156337, 35.474582755 ], [ 136.86125037, 35.474582755 ], [ 136.86125037, 35.474374755 ], [ 136.86125037, 35.474166755 ], [ 136.860938369, 35.474166755 ], [ 136.860938369, 35.473957755 ], [ 136.860625369, 35.473957755 ], [ 136.860625368, 35.473749755 ], [ 136.860625368, 35.473541755 ], [ 136.860313368, 35.473541755 ], [ 136.860313368, 35.473332755 ], [ 136.860313368, 35.473124755 ], [ 136.860000367, 35.473124755 ], [ 136.860000367, 35.472916755 ], [ 136.859688367, 35.472916755 ], [ 136.859688366, 35.472707755 ], [ 136.859688366, 35.472499754 ], [ 136.859688366, 35.472291754 ], [ 136.859375366, 35.472291754 ], [ 136.859375366, 35.472082754 ], [ 136.859375366, 35.471874754 ], [ 136.859063365, 35.471874754 ], [ 136.859063365, 35.471666754 ], [ 136.858750364, 35.471666754 ], [ 136.858750364, 35.471457754 ], [ 136.858438364, 35.471457754 ], [ 136.858438364, 35.471249754 ], [ 136.858125363, 35.471249754 ], [ 136.858125363, 35.471041754 ], [ 136.857813363, 35.471041754 ] ], [ [ 136.860938369, 35.474791755 ], [ 136.86125037, 35.474791755 ], [ 136.86125037, 35.474999755 ], [ 136.86125037, 35.475207755 ], [ 136.860938369, 35.475207755 ], [ 136.860938369, 35.474999755 ], [ 136.860938369, 35.474791755 ] ] ] } },
{ "type": "Feature", "properties": { "A31a_401": "8505090066", "A31a_402": "津保川", "A31a_403": "21", "A31a_404": "岐阜県", "A31a_405": 1 }, "geometry": { "type": "Polygon", "coordinates": [ [ [ 136.866563381, 35.479582755 ], [ 136.866563381, 35.479791755 ], [ 136.866563381, 35.479999755 ], [ 136.866875381, 35.479999755 ], [ 136.866875381, 35.480207755 ], [ 136.866875381, 35.480416756 ], [ 136.866875381, 35.480624756 ], [ 136.866563381, 35.480624756 ], [ 136.866563381, 35.480832756 ], [ 136.866563381, 35.481041756 ], [ 136.866563381, 35.481249756 ], [ 136.866563381, 35.481457756 ], [ 136.866563381, 35.481666756 ], [ 136.866875381, 35.481666756 ], [ 136.866875381, 35.481874756 ], [ 136.866875381, 35.482082756 ], [ 136.867188382, 35.482082756 ], [ 136.867188382, 35.482291756 ], [ 136.867500382, 35.482291756 ], [ 136.867500382, 35.482499756 ], [ 136.867813383, 35.482499756 ], [ 136.867813383, 35.482707756 ], [ 136.868125384, 35.482707757 ], [ 136.868125384, 35.482916757 ], [ 136.868438384, 35.482916757 ], [ 136.868438384, 35.483124757 ], [ 136.868750385, 35.483124757 ], [ 136.869063385, 35.483124757 ], [ 136.869063385, 35.483332757 ], [ 136.869375386, 35.483332757 ], [ 136.869688387, 35.483332757 ], [ 136.870000387, 35.483332757 ], [ 136.870313388, 35.483332757 ], [ 136.870625388, 35.483332757 ], [ 136.870625389, 35.483124757 ], [ 136.870625389, 35.482916757 ], [ 136.870625389, 35.482707757 ], [ 136.870625389, 35.482499757 ], [ 136.870625389, 35.482291757 ], [ 136.870625389, 35.482082757 ], [ 136.870625389, 35.481874756 ], [ 136.870625389, 35.481666756 ], [ 136.870625389, 35.481457756 ], [ 136.870625389, 35.481249756 ], [ 136.870625389, 35.481041756 ], [ 136.870625389, 35.480832756 ], [ 136.870625389, 35.480624756 ], [ 136.870313388, 35.480624756 ], [ 136.870313388, 35.480416755 ], [ 136.870000388, 35.480416755 ], [ 136.869688387, 35.480416755 ], [ 136.869375387, 35.480416755 ], [ 136.869375387, 35.480207755 ], [ 136.869063386, 35.480207755 ], [ 136.868750385, 35.480207755 ], [ 136.868750385, 35.479999755 ], [ 136.868438385, 35.479999755 ], [ 136.868125384, 35.479999755 ], [ 136.867813383, 35.479999755 ], [ 136.867813383, 35.479791755 ], [ 136.867500383, 35.479791755 ], [ 136.867188382, 35.479791755 ], [ 136.867188382, 35.479582755 ], [ 136.866875381, 35.479582755 ], [ 136.866563381, 35.479582755 ] ] ] } },
{ "type": "Feature", "properties": { "A31a_401": "8505090066", "A31a_402": "津保川", "A31a_403": "21", "A31a_404": "岐阜県", "A31a_405": 1 }, "geometry": { "type": "Polygon", "coordinates": [ [ [ 136.993438923, 35.533541649 ], [ 136.993438923, 35.533749649 ], [ 136.993438924, 35.533957649 ], [ 136.993750925, 35.533957648 ], [ 136.993750925, 35.533749648 ], [ 136.993750924, 35.533541649 ], [ 136.993438923, 35.533541649 ] ] ] } },
{ "type": "Feature", "properties": { "A31a_401": "8505090066", "A31a_402": "津保川", "A31a_403": "21", "A31a_404": "岐阜県", "A31a_405": 1 }, "geometry": { "type": "Polygon", "coordinates": [ [ [ 136.87937541, 35.479374752 ], [ 136.87937541, 35.479582752 ], [ 136.879063409, 35.479582752 ], [ 136.878750408, 35.479582753 ], [ 136.878750408, 35.479791753 ], [ 136.878438407, 35.479791753 ], [ 136.878125407, 35.479791753 ], [ 136.878125407, 35.479999753 ], [ 136.877813406, 35.479999753 ], [ 136.877500405, 35.479999754 ], [ 136.877188404, 35.479999754 ], [ 136.877188404, 35.480207754 ], [ 136.876875403, 35.480207754 ], [ 136.876563402, 35.480207754 ], [ 136.876250402, 35.480207755 ], [ 136.876250401, 35.480416755 ], [ 136.875938401, 35.480416755 ], [ 136.8756254, 35.480416755 ], [ 136.875313399, 35.480416755 ], [ 136.875313399, 35.480624755 ], [ 136.875000398, 35.480624756 ], [ 136.875000398, 35.480832756 ], [ 136.874688397, 35.480832756 ], [ 136.874688397, 35.481041756 ], [ 136.874375397, 35.481041756 ], [ 136.874063396, 35.481041756 ], [ 136.873750395, 35.481041756 ], [ 136.873438395, 35.481041756 ], [ 136.873438395, 35.480832756 ], [ 136.873125394, 35.480832756 ], [ 136.872813394, 35.480832756 ], [ 136.872813393, 35.481041756 ], [ 136.872813393, 35.481249756 ], [ 136.872500393, 35.481249756 ], [ 136.872188392, 35.481249756 ], [ 136.871875391, 35.481249756 ], [ 136.871875392, 35.481041756 ], [ 136.871875392, 35.480832756 ], [ 136.871875392, 35.480624756 ], [ 136.871563391, 35.480624756 ], [ 136.87125039, 35.480624756 ], [ 136.87093839, 35.480624756 ], [ 136.87093839, 35.480832756 ], [ 136.87093839, 35.481041756 ], [ 136.87093839, 35.481249756 ], [ 136.87093839, 35.481457756 ], [ 136.870938389, 35.481666756 ], [ 136.870938389, 35.481874756 ], [ 136.870938389, 35.482082757 ], [ 136.870938389, 35.482291757 ], [ 136.870938389, 35.482499757 ], [ 136.870938389, 35.482707757 ], [ 136.870938389, 35.482916757 ], [ 136.870938389, 35.483124757 ], [ 136.870938389, 35.483332757 ], [ 136.87125039, 35.483332757 ], [ 136.87156339, 35.483332758 ], [ 136.871875391, 35.483332758 ], [ 136.872188392, 35.483332758 ], [ 136.872500392, 35.483332758 ], [ 136.872500392, 35.483124758 ], [ 136.872813393, 35.483124758 ], [ 136.873125394, 35.483124758 ], [ 136.873125394, 35.482916758 ], [ 136.873438394, 35.482916758 ], [ 136.873750395, 35.482916758 ], [ 136.873750395, 35.482707757 ], [ 136.874063396, 35.482707758 ], [ 136.874375396, 35.482707758 ], [ 136.874375396, 35.482499757 ], [ 136.874688397, 35.482499757 ], [ 136.874688397, 35.482291757 ], [ 136.875000398, 35.482291757 ], [ 136.875313398, 35.482291757 ], [ 136.875313398, 35.482082757 ], [ 136.875625399, 35.482082757 ], [ 136.875625399, 35.481874757 ], [ 136.8759384, 35.481874756 ], [ 136.8759384, 35.481666756 ], [ 136.876250401, 35.481666756 ], [ 136.876250401, 35.481457756 ], [ 136.876563402, 35.481457756 ], [ 136.876875403, 35.481457756 ], [ 136.876875403, 35.481249755 ], [ 136.877188404, 35.481249755 ], [ 136.877188404, 35.481041755 ], [ 136.877500404, 35.481041755 ], [ 136.877500405, 35.480832755 ], [ 136.877813405, 35.480832754 ], [ 136.877813405, 35.480624754 ], [ 136.878125406, 35.480624754 ], [ 136.878125406, 35.480416754 ], [ 136.878438407, 35.480416754 ], [ 136.878750408, 35.480416753 ], [ 136.878750408, 35.480207753 ], [ 136.879063409, 35.480207753 ], [ 136.879063409, 35.479999753 ], [ 136.87937541, 35.479999753 ], [ 136.87937541, 35.479791752 ], [ 136.879688411, 35.479791752 ], [ 136.880000412, 35.479791752 ], [ 136.880000412, 35.479582752 ], [ 136.879688411, 35.479582752 ], [ 136.879688411, 35.479374752 ], [ 136.87937541, 35.479374752 ] ] ] } },
{ "type": "Feature", "properties": { "A31a_401": "8505090066", "A31a_402": "津保川", "A31a_403": "21", "A31a_404": "岐阜県", "A31a_405": 1 }, "geometry": { "type": "Polygon", "coordinates": [ [ [ 136.993438913, 35.529791651 ], [ 136.993438914, 35.52999965 ], [ 136.993750915, 35.52999965 ], [ 136.993750916, 35.53020765 ], [ 136.994063917, 35.53020765 ], [ 136.994063918, 35.53041665 ], [ 136.994063918, 35.53062465 ], [ 136.994063919, 35.53083265 ], [ 136.994063919, 35.53104165 ], [ 136.99406392, 35.531249649 ], [ 136.99406392, 35.531457649 ], [ 136.994375922, 35.531457649 ], [ 136.994375921, 35.531249649 ], [ 136.994375921, 35.531041649 ], [ 136.99437592, 35.530832649 ], [ 136.99437592, 35.53062465 ], [ 136.994375919, 35.53041665 ], [ 136.994375919, 35.53020765 ], [ 136.994375918, 35.52999965 ], [ 136.994063917, 35.52999965 ], [ 136.994063916, 35.52979165 ], [ 136.993750915, 35.52979165 ], [ 136.993438913, 35.529791651 ] ] ] } },
{ "type": "Feature", "properties": { "A31a_401": "8505090066", "A31a_402": "津保川", "A31a_403": "21", "A31a_404": "岐阜県", "A31a_405": 1 }, "geometry": { "type": "Polygon", "coordinates": [ [ [ 137.001250973, 35.538124641 ], [ 137.001250973, 35.538332641 ], [ 137.001563975, 35.538332641 ], [ 137.001563974, 35.538124641 ], [ 137.001250973, 35.538124641 ] ] ] } },
{ "type": "Feature", "properties": { "A31a_401": "8505090066", "A31a_402": "津保川", "A31a_403": "21", "A31a_404": "岐阜県", "A31a_405": 1 }, "geometry": { "type": "Polygon", "coordinates": [ [ [ 136.957500707, 35.48041665 ], [ 136.957188706, 35.48041665 ], [ 136.957188706, 35.48062465 ], [ 136.956875705, 35.48062465 ], [ 136.956563704, 35.480624651 ], [ 136.956563704, 35.480832651 ], [ 136.956875705, 35.480832651 ], [ 136.956875705, 35.481041651 ], [ 136.957188706, 35.481041651 ], [ 136.957500707, 35.481041651 ], [ 136.957500707, 35.481249651 ], [ 136.957188706, 35.481249651 ], [ 136.957188706, 35.481457652 ], [ 136.957188706, 35.481666652 ], [ 136.957188706, 35.481874652 ], [ 136.957500707, 35.481874652 ], [ 136.957813708, 35.481874652 ], [ 136.958125709, 35.481874651 ], [ 136.958125709, 35.482082652 ], [ 136.957813708, 35.482082652 ], [ 136.957813708, 35.482291652 ], [ 136.958125709, 35.482291652 ], [ 136.958125709, 35.482499653 ], [ 136.957813708, 35.482499653 ], [ 136.957813708, 35.482707653 ], [ 136.957500707, 35.482707653 ], [ 136.957500707, 35.482916654 ], [ 136.957813708, 35.482916653 ], [ 136.958125709, 35.482916653 ], [ 136.958125709, 35.482707653 ], [ 136.958438711, 35.482707653 ], [ 136.958438711, 35.482916653 ], [ 136.958438711, 35.483124653 ], [ 136.958750712, 35.483124653 ], [ 136.958750712, 35.482916653 ], [ 136.959063713, 35.482916652 ], [ 136.959063713, 35.483124653 ], [ 136.959375714, 35.483124652 ], [ 136.959375714, 35.483332653 ], [ 136.959688715, 35.483332652 ], [ 136.959688715, 35.483541653 ], [ 136.959688715, 35.483749653 ], [ 136.959688715, 35.483957653 ], [ 136.960000716, 35.483957653 ], [ 136.960000716, 35.484166653 ], [ 136.960313717, 35.484166653 ], [ 136.960313717, 35.483957653 ], [ 136.960313717, 35.483749653 ], [ 136.960625718, 35.483749652 ], [ 136.960625718, 35.483541652 ], [ 136.960625718, 35.483332652 ], [ 136.960938719, 35.483332651 ], [ 136.96093872, 35.483541652 ], [ 136.961250721, 35.483541651 ], [ 136.961250721, 35.483749652 ], [ 136.961250721, 35.483957652 ], [ 136.96093872, 35.483957652 ], [ 136.96093872, 35.484166653 ], [ 136.961250721, 35.484166652 ], [ 136.961250721, 35.484374653 ], [ 136.961563722, 35.484374652 ], [ 136.961563722, 35.484582653 ], [ 136.961875723, 35.484582652 ], [ 136.962188724, 35.484582652 ], [ 136.962188724, 35.484791652 ], [ 136.962500725, 35.484791652 ], [ 136.962500726, 35.484999652 ], [ 136.962813726, 35.484999652 ], [ 136.962813727, 35.485207652 ], [ 136.962813727, 35.485416653 ], [ 136.963125727, 35.485416652 ], [ 136.963125728, 35.485624653 ], [ 136.963125728, 35.485832653 ], [ 136.963125728, 35.486041653 ], [ 136.963125728, 35.486249654 ], [ 136.963125728, 35.486457654 ], [ 136.962813727, 35.486457654 ], [ 136.962500726, 35.486457654 ], [ 136.962500726, 35.486666654 ], [ 136.962188725, 35.486666655 ], [ 136.961875724, 35.486666655 ], [ 136.961875724, 35.486874655 ], [ 136.961563723, 35.486874656 ], [ 136.961563723, 35.487082656 ], [ 136.961250722, 35.487082656 ], [ 136.961250722, 35.487291657 ], [ 136.961250722, 35.487499657 ], [ 136.961563723, 35.487499656 ], [ 136.961563723, 35.487707657 ], [ 136.961563723, 35.487916657 ], [ 136.961563723, 35.488124657 ], [ 136.961250722, 35.488124658 ], [ 136.961250722, 35.488332658 ], [ 136.961250722, 35.488541658 ], [ 136.961250722, 35.488749659 ], [ 136.960938721, 35.488749659 ], [ 136.960938721, 35.488957659 ], [ 136.960938721, 35.489166659 ], [ 136.961250722, 35.489166659 ], [ 136.961250722, 35.489374659 ], [ 136.961563724, 35.489374659 ], [ 136.961875725, 35.489374659 ], [ 136.962188726, 35.489374658 ], [ 136.962500727, 35.489374658 ], [ 136.962813728, 35.489374658 ], [ 136.963125729, 35.489374658 ], [ 136.963125729, 35.489582658 ], [ 136.96343873, 35.489582658 ], [ 136.963750731, 35.489582658 ], [ 136.964063732, 35.489582657 ], [ 136.964063732, 35.489374657 ], [ 136.964063732, 35.489166657 ], [ 136.964063732, 35.488957657 ], [ 136.964063732, 35.488749656 ], [ 136.964375733, 35.488749656 ], [ 136.964375733, 35.488541656 ], [ 136.964375732, 35.488332656 ], [ 136.964688733, 35.488332655 ], [ 136.964688733, 35.488124655 ], [ 136.964688733, 35.487916655 ], [ 136.964688733, 35.487707655 ], [ 136.964688733, 35.487499654 ], [ 136.964688733, 35.487291654 ], [ 136.964688733, 35.487082654 ], [ 136.964688733, 35.486874654 ], [ 136.964688733, 35.486666653 ], [ 136.964688732, 35.486457653 ], [ 136.964688732, 35.486249653 ], [ 136.964688732, 35.486041652 ], [ 136.964375731, 35.486041653 ], [ 136.964375731, 35.485832652 ], [ 136.964375731, 35.485624652 ], [ 136.964375731, 35.485416652 ], [ 136.964375731, 35.485207652 ], [ 136.96406373, 35.485207652 ], [ 136.96406373, 35.484999651 ], [ 136.96406373, 35.484791651 ], [ 136.96406373, 35.484582651 ], [ 136.963750729, 35.484582651 ], [ 136.963750729, 35.484374651 ], [ 136.963750729, 35.484166651 ], [ 136.963438728, 35.484166651 ], [ 136.963438728, 35.48395765 ], [ 136.963125727, 35.483957651 ], [ 136.963125727, 35.48374965 ], [ 136.963125727, 35.48354165 ], [ 136.962813726, 35.48354165 ], [ 136.962813726, 35.48333265 ], [ 136.962500725, 35.48333265 ], [ 136.962500725, 35.48312465 ], [ 136.962188724, 35.48312465 ], [ 136.961875723, 35.48312465 ], [ 136.961563722, 35.48312465 ], [ 136.961563722, 35.48291665 ], [ 136.96125072, 35.48291665 ], [ 136.960938719, 35.482916651 ], [ 136.960625718, 35.482916651 ], [ 136.960625718, 35.482707651 ], [ 136.960313717, 35.482707651 ], [ 136.960000716, 35.482707651 ], [ 136.959688715, 35.482707651 ], [ 136.959688715, 35.482499651 ], [ 136.959375714, 35.482499651 ], [ 136.959375714, 35.482291651 ], [ 136.959063713, 35.482291651 ], [ 136.959063713, 35.482082651 ], [ 136.958750712, 35.482082651 ], [ 136.958750712, 35.481874651 ], [ 136.958750712, 35.481666651 ], [ 136.958438711, 35.481666651 ], [ 136.958438711, 35.48145765 ], [ 136.958438711, 35.48124965 ], [ 136.958125709, 35.48124965 ], [ 136.958125709, 35.48104165 ], [ 136.958125709, 35.48083265 ], [ 136.958125709, 35.480624649 ], [ 136.957813708, 35.48062465 ], [ 136.957813708, 35.480416649 ], [ 136.957500707, 35.48041665 ] ] ] } },
{ "type": "Feature", "properties": { "A31a_401": "8505090066", "A31a_402": "津保川", "A31a_403": "21", "A31a_404": "岐阜県", "A31a_405": 1 }, "geometry": { "type": "Polygon", "coordinates": [ [ [ 137.001563975, 35.538332641 ], [ 137.001563975, 35.53854164 ], [ 137.001875977, 35.53854164 ], [ 137.001875977, 35.53874964 ], [ 137.002188979, 35.53874964 ], [ 137.002188979, 35.53895764 ], [ 137.002500981, 35.53895764 ], [ 137.002500981, 35.53916664 ], [ 137.002500982, 35.539374639 ], [ 137.002813984, 35.539374639 ], [ 137.002813984, 35.539582639 ], [ 137.002813985, 35.539791639 ], [ 137.003125986, 35.539791639 ], [ 137.003125987, 35.539999639 ], [ 137.003125988, 35.540207639 ], [ 137.003438989, 35.540207638 ], [ 137.00343899, 35.540416638 ], [ 137.003750991, 35.540416638 ], [ 137.00375099, 35.540207638 ], [ 137.004063992, 35.540207638 ], [ 137.004063991, 35.539999638 ], [ 137.004063991, 35.539791639 ], [ 137.003750989, 35.539791639 ], [ 137.003750988, 35.539582639 ], [ 137.003438987, 35.539582639 ], [ 137.003438986, 35.539374639 ], [ 137.003438986, 35.539166639 ], [ 137.003125984, 35.539166639 ], [ 137.003125984, 35.53895764 ], [ 137.003125983, 35.53874964 ], [ 137.002813981, 35.53874964 ], [ 137.002813981, 35.53854164 ], [ 137.00281398, 35.53833264 ], [ 137.002500979, 35.53833264 ], [ 137.002188977, 35.53833264 ], [ 137.001875976, 35.53833264 ], [ 137.001563975, 35.538332641 ] ] ] } },
{ "type": "Feature", "properties": { "A31a_401": "8505090066", "A31a_402": "津保川", "A31a_403": "21", "A31a_404": "岐阜県", "A31a_405": 1 }, "geometry": { "type": "Polygon", "coordinates": [ [ [ 136.955625703, 35.472916638 ], [ 136.955625703, 35.473124638 ], [ 136.955938704, 35.473124638 ], [ 136.955938704, 35.472916638 ], [ 136.955625703, 35.472916638 ] ] ] } },
{ "type": "Feature", "properties": { "A31a_401": "8505090066", "A31a_402": "津保川", "A31a_403": "21", "A31a_404": "岐阜県", "A31a_405": 1 }, "geometry": { "type": "Polygon", "coordinates": [ [ [ 136.965938735, 35.48416665 ], [ 136.965625734, 35.48416665 ], [ 136.965313733, 35.48416665 ], [ 136.965313733, 35.48437465 ], [ 136.965000732, 35.48437465 ], [ 136.964688731, 35.48437465 ], [ 136.964688731, 35.484582651 ], [ 136.964688732, 35.484791651 ], [ 136.965000732, 35.484791651 ], [ 136.965000733, 35.484999651 ], [ 136.965000733, 35.485207651 ], [ 136.965313734, 35.485207651 ], [ 136.965313734, 35.485416651 ], [ 136.965313734, 35.485624652 ], [ 136.965313734, 35.485832652 ], [ 136.965313734, 35.486041652 ], [ 136.965313734, 35.486249652 ], [ 136.965625735, 35.486249652 ], [ 136.965625735, 35.486457653 ], [ 136.965625735, 35.486666653 ], [ 136.965625735, 35.486874653 ], [ 136.965625736, 35.487082653 ], [ 136.965625736, 35.487291654 ], [ 136.965625736, 35.487499654 ], [ 136.965625736, 35.487707654 ], [ 136.965625736, 35.487916654 ], [ 136.965625736, 35.488124655 ], [ 136.965625736, 35.488332655 ], [ 136.965625736, 35.488541655 ], [ 136.965625736, 35.488749655 ], [ 136.965625737, 35.488957656 ], [ 136.965625737, 35.489166656 ], [ 136.965625737, 35.489374656 ], [ 136.965625737, 35.489582656 ], [ 136.965625737, 35.489791657 ], [ 136.965625737, 35.489999657 ], [ 136.965625737, 35.490207657 ], [ 136.965625737, 35.490416657 ], [ 136.965625738, 35.490624658 ], [ 136.965313737, 35.490624658 ], [ 136.965313737, 35.490832658 ], [ 136.965313737, 35.491041658 ], [ 136.965313737, 35.491249659 ], [ 136.965313737, 35.491457659 ], [ 136.965313737, 35.491666659 ], [ 136.965313737, 35.491874659 ], [ 136.965313737, 35.49208266 ], [ 136.965313738, 35.49229166 ], [ 136.965313738, 35.49249966 ], [ 136.965313738, 35.49270766 ], [ 136.965313738, 35.49291666 ], [ 136.965313738, 35.493124661 ], [ 136.965313739, 35.493332661 ], [ 136.96562574, 35.493332661 ], [ 136.965938741, 35.49333266 ], [ 136.966250742, 35.49333266 ], [ 136.966250742, 35.49312466 ], [ 136.966250741, 35.49291666 ], [ 136.966250741, 35.49270766 ], [ 136.966250741, 35.492499659 ], [ 136.96593874, 35.49249966 ], [ 136.965625739, 35.49249966 ], [ 136.965625739, 35.49229166 ], [ 136.965625739, 35.492082659 ], [ 136.965625738, 35.491874659 ], [ 136.965625738, 35.491666659 ], [ 136.965625738, 35.491457659 ], [ 136.965625738, 35.491249659 ], [ 136.965938739, 35.491249658 ], [ 136.96625074, 35.491249658 ], [ 136.96625074, 35.491041658 ], [ 136.96625074, 35.490832658 ], [ 136.96625074, 35.490624657 ], [ 136.966250739, 35.490416657 ], [ 136.96656374, 35.490416657 ], [ 136.966875742, 35.490416657 ], [ 136.966875741, 35.490207656 ], [ 136.966875741, 35.489999656 ], [ 136.966875741, 35.489791656 ], [ 136.966875741, 35.489582656 ], [ 136.966875741, 35.489374655 ], [ 136.967188742, 35.489374655 ], [ 136.967500743, 35.489374655 ], [ 136.967500743, 35.489166655 ], [ 136.967500742, 35.488957655 ], [ 136.967500742, 35.488749654 ], [ 136.967500742, 35.488541654 ], [ 136.967813743, 35.488541654 ], [ 136.968125744, 35.488541654 ], [ 136.968438745, 35.488541653 ], [ 136.968750746, 35.488541653 ], [ 136.969063747, 35.488541653 ], [ 136.969375748, 35.488541653 ], [ 136.969688749, 35.488541653 ], [ 136.969688749, 35.488332653 ], [ 136.969688749, 35.488124652 ], [ 136.969688748, 35.487916652 ], [ 136.969688748, 35.487707652 ], [ 136.969688748, 35.487499652 ], [ 136.969375747, 35.487499652 ], [ 136.969375747, 35.487291651 ], [ 136.969375747, 35.487082651 ], [ 136.969375746, 35.486874651 ], [ 136.969375746, 35.486666651 ], [ 136.969063745, 35.486666651 ], [ 136.968750744, 35.486666651 ], [ 136.968438744, 35.486666651 ], [ 136.968438743, 35.486457651 ], [ 136.968125742, 35.486457651 ], [ 136.967813742, 35.486457651 ], [ 136.967813741, 35.486249651 ], [ 136.967813741, 35.486041651 ], [ 136.967813741, 35.485832651 ], [ 136.967813741, 35.48562465 ], [ 136.967813741, 35.48541665 ], [ 136.967813741, 35.48520765 ], [ 136.96781374, 35.48499965 ], [ 136.96781374, 35.484791649 ], [ 136.96781374, 35.484582649 ], [ 136.967500739, 35.484582649 ], [ 136.967500739, 35.484374649 ], [ 136.967188738, 35.484374649 ], [ 136.966875737, 35.484374649 ], [ 136.966563737, 35.484374649 ], [ 136.966250736, 35.48437465 ], [ 136.966250736, 35.484166649 ], [ 136.965938735, 35.48416665 ] ] ] } },
{ "type": "Feature", "properties": { "A31a_401": "8505090066", "A31a_402": "津保川", "A31a_403": "21", "A31a_404": "岐阜県", "A31a_405": 1 }, "geometry": { "type": "Polygon", "coordinates": [ [ [ 136.991250905, 35.530207652 ], [ 136.991250905, 35.530416652 ], [ 136.990938904, 35.530416652 ], [ 136.990625902, 35.530416652 ], [ 136.990313901, 35.530416652 ], [ 136.9900009, 35.530416652 ], [ 136.989688898, 35.530416652 ], [ 136.989375897, 35.530416653 ], [ 136.989063896, 35.530416653 ], [ 136.989063895, 35.530207653 ], [ 136.988750894, 35.530207653 ], [ 136.988750894, 35.530416653 ], [ 136.988750895, 35.530624653 ], [ 136.988750895, 35.530832653 ], [ 136.989063896, 35.530832653 ], [ 136.989375898, 35.530832652 ], [ 136.989688899, 35.530832652 ], [ 136.990000901, 35.530832652 ], [ 136.990313902, 35.530832652 ], [ 136.990313902, 35.531041652 ], [ 136.990625904, 35.531041652 ], [ 136.990938905, 35.531041651 ], [ 136.991250907, 35.531041651 ], [ 136.991250906, 35.530832651 ], [ 136.991250906, 35.530624651 ], [ 136.991563907, 35.530624651 ], [ 136.991563907, 35.530416651 ], [ 136.991875908, 35.530416651 ], [ 136.992188909, 35.530416651 ], [ 136.992188909, 35.530207651 ], [ 136.991875908, 35.530207651 ], [ 136.991563906, 35.530207651 ], [ 136.991250905, 35.530207652 ] ] ] } },
{ "type": "Feature", "properties": { "A31a_401": "8505090066", "A31a_402": "津保川", "A31a_403": "21", "A31a_404": "岐阜県", "A31a_405": 1 }, "geometry": { "type": "Polygon", "coordinates": [ [ [ 136.985938857, 35.519166659 ], [ 136.985938858, 35.519374659 ], [ 136.985625856, 35.519374659 ], [ 136.985625857, 35.519582659 ], [ 136.985938858, 35.519582659 ], [ 136.985938859, 35.519791658 ], [ 136.985938859, 35.519999658 ], [ 136.98593886, 35.520207658 ], [ 136.98593886, 35.520416658 ], [ 136.985938861, 35.520624658 ], [ 136.985938861, 35.520832658 ], [ 136.985938862, 35.521041658 ], [ 136.985938862, 35.521249658 ], [ 136.985938863, 35.521457658 ], [ 136.985938863, 35.521666658 ], [ 136.986250864, 35.521666658 ], [ 136.986563866, 35.521666657 ], [ 136.986563866, 35.521874657 ], [ 136.986875868, 35.521874657 ], [ 136.987188869, 35.521874657 ], [ 136.98750087, 35.521874657 ], [ 136.98750087, 35.521666657 ], [ 136.98750087, 35.521457657 ], [ 136.987188868, 35.521457657 ], [ 136.987188868, 35.521249657 ], [ 136.987188867, 35.521041657 ], [ 136.987188867, 35.520832657 ], [ 136.986875865, 35.520832657 ], [ 136.986875865, 35.520624657 ], [ 136.986875864, 35.520416658 ], [ 136.986875864, 35.520207658 ], [ 136.986875863, 35.519999658 ], [ 136.986875863, 35.519791658 ], [ 136.986563862, 35.519791658 ], [ 136.98625086, 35.519791658 ], [ 136.98625086, 35.519582658 ], [ 136.986250859, 35.519374658 ], [ 136.986250859, 35.519166658 ], [ 136.985938857, 35.519166659 ] ] ] } },
{ "type": "Feature", "properties": { "A31a_401": "8505090066", "A31a_402": "津保川", "A31a_403": "21", "A31a_404": "岐阜県", "A31a_405": 1 }, "geometry": { "type": "Polygon", "coordinates": [ [ [ 136.966250742, 35.49333266 ], [ 136.966250742, 35.49354166 ], [ 136.966250742, 35.493749661 ], [ 136.966250742, 35.493957661 ], [ 136.966250742, 35.494166661 ], [ 136.966250743, 35.494374661 ], [ 136.966250743, 35.494582662 ], [ 136.966250743, 35.494791662 ], [ 136.966250743, 35.494999662 ], [ 136.966250743, 35.495207662 ], [ 136.966250744, 35.495416662 ], [ 136.966563745, 35.495416662 ], [ 136.966563744, 35.495207662 ], [ 136.966875746, 35.495207662 ], [ 136.966875745, 35.494999662 ], [ 136.966875745, 35.494791661 ], [ 136.966875745, 35.494582661 ], [ 136.966875745, 35.494374661 ], [ 136.966875745, 35.494166661 ], [ 136.966875744, 35.49395766 ], [ 136.966563743, 35.493957661 ], [ 136.966563743, 35.49374966 ], [ 136.966563743, 35.49354166 ], [ 136.966563743, 35.49333266 ], [ 136.966250742, 35.49333266 ] ] ] } },
{ "type": "Feature", "properties": { "A31a_401": "8505090066", "A31a_402": "津保川", "A31a_403": "21", "A31a_404": "岐阜県", "A31a_405": 1 }, "geometry": { "type": "Polygon", "coordinates": [ [ [ 136.986563874, 35.525207656 ], [ 136.986563874, 35.525416656 ], [ 136.986250873, 35.525416657 ], [ 136.985938871, 35.525416657 ], [ 136.98562587, 35.525416657 ], [ 136.98562587, 35.525624657 ], [ 136.985625871, 35.525832657 ], [ 136.985625871, 35.526041657 ], [ 136.985938873, 35.526041657 ], [ 136.986250874, 35.526041656 ], [ 136.986563875, 35.526041656 ], [ 136.986563875, 35.525832656 ], [ 136.986875877, 35.525832656 ], [ 136.986875876, 35.525624656 ], [ 136.986875876, 35.525416656 ], [ 136.987188877, 35.525416656 ], [ 136.987188877, 35.525207656 ], [ 136.986875875, 35.525207656 ], [ 136.986563874, 35.525207656 ] ] ] } },
{ "type": "Feature", "properties": { "A31a_401": "8505090066", "A31a_402": "津保川", "A31a_403": "21", "A31a_404": "岐阜県", "A31a_405": 1 }, "geometry": { "type": "Polygon", "coordinates": [ [ [ 136.963750733, 35.493332662 ], [ 136.963750733, 35.493541662 ], [ 136.964063734, 35.493541662 ], [ 136.964063734, 35.493332662 ], [ 136.963750733, 35.493332662 ] ] ] } },
{ "type": "Feature", "properties": { "A31a_401": "8505090066", "A31a_402": "津保川", "A31a_403": "21", "A31a_404": "岐阜県", "A31a_405": 1 }, "geometry": { "type": "Polygon", "coordinates": [ [ [ 136.967813749, 35.495624662 ], [ 136.967500748, 35.495624662 ], [ 136.967188747, 35.495624662 ], [ 136.967188747, 35.495832662 ], [ 136.966875746, 35.495832662 ], [ 136.966875746, 35.496041663 ], [ 136.967188747, 35.496041662 ], [ 136.967188748, 35.496249663 ], [ 136.967188748, 35.496457663 ], [ 136.967188748, 35.496666663 ], [ 136.967188748, 35.496874663 ], [ 136.967500749, 35.496874663 ], [ 136.967500749, 35.497082663 ], [ 136.96750075, 35.497291663 ], [ 136.967813751, 35.497291663 ], [ 136.967813751, 35.497499663 ], [ 136.967813751, 35.497707664 ], [ 136.96750075, 35.497707664 ], [ 136.96750075, 35.497916664 ], [ 136.96750075, 35.498124664 ], [ 136.967500751, 35.498332664 ], [ 136.967813752, 35.498332664 ], [ 136.967813752, 35.498124664 ], [ 136.968125753, 35.498124664 ], [ 136.968125753, 35.497916664 ], [ 136.968438754, 35.497916663 ], [ 136.968438754, 35.497707663 ], [ 136.968125752, 35.497707663 ], [ 136.968125752, 35.497499663 ], [ 136.968125752, 35.497291663 ], [ 136.968125752, 35.497082663 ], [ 136.968125752, 35.496874663 ], [ 136.968125751, 35.496666662 ], [ 136.968125751, 35.496457662 ], [ 136.968125751, 35.496249662 ], [ 136.968125751, 35.496041662 ], [ 136.968438752, 35.496041662 ], [ 136.968438752, 35.495832661 ], [ 136.968125751, 35.495832662 ], [ 136.96812575, 35.495624661 ], [ 136.967813749, 35.495624662 ] ] ] } },
{ "type": "Feature", "properties": { "A31a_401": "8505090066", "A31a_402": "津保川", "A31a_403": "21", "A31a_404": "岐阜県", "A31a_405": 1 }, "geometry": { "type": "Polygon", "coordinates": [ [ [ 136.968125753, 35.498332664 ], [ 136.968125753, 35.498541664 ], [ 136.967813752, 35.498541664 ], [ 136.967813752, 35.498749665 ], [ 136.968125753, 35.498749664 ], [ 136.968125754, 35.498957665 ], [ 136.968125754, 35.499166665 ], [ 136.968125754, 35.499374665 ], [ 136.968438755, 35.499374665 ], [ 136.968438755, 35.499582665 ], [ 136.968750757, 35.499582665 ], [ 136.968750757, 35.499791665 ], [ 136.969063758, 35.499791665 ], [ 136.969063758, 35.499999665 ], [ 136.969063758, 35.500207665 ], [ 136.96937576, 35.500207665 ], [ 136.96937576, 35.500416665 ], [ 136.969688761, 35.500416665 ], [ 136.969688761, 35.500624665 ], [ 136.970000762, 35.500624665 ], [ 136.970000763, 35.500832665 ], [ 136.970313764, 35.500832665 ], [ 136.970625765, 35.500832664 ], [ 136.970625765, 35.501041665 ], [ 136.970938766, 35.501041664 ], [ 136.970938767, 35.501249665 ], [ 136.971250768, 35.501249664 ], [ 136.971563769, 35.501249664 ], [ 136.97187577, 35.501249664 ], [ 136.97187577, 35.501041664 ], [ 136.972188771, 35.501041663 ], [ 136.972188771, 35.500832663 ], [ 136.972500772, 35.500832663 ], [ 136.972500772, 35.500624663 ], [ 136.972813773, 35.500624663 ], [ 136.972813773, 35.500416663 ], [ 136.973125774, 35.500416663 ], [ 136.973125774, 35.500207662 ], [ 136.973438775, 35.500207662 ], [ 136.973438775, 35.499999662 ], [ 136.973750776, 35.499999662 ], [ 136.973750776, 35.499791662 ], [ 136.973750775, 35.499582662 ], [ 136.974063776, 35.499582661 ], [ 136.974063776, 35.499374661 ], [ 136.974375777, 35.499374661 ], [ 136.974375777, 35.499166661 ], [ 136.974688778, 35.49916666 ], [ 136.974688778, 35.49895766 ], [ 136.974375777, 35.49895766 ], [ 136.974063776, 35.498957661 ], [ 136.974063776, 35.499166661 ], [ 136.973750775, 35.499166661 ], [ 136.973750775, 35.499374661 ], [ 136.973438774, 35.499374662 ], [ 136.973125773, 35.499374662 ], [ 136.972813772, 35.499374662 ], [ 136.972813772, 35.499582662 ], [ 136.972500771, 35.499582662 ], [ 136.972500771, 35.499791663 ], [ 136.972500771, 35.499999663 ], [ 136.972500771, 35.500207663 ], [ 136.97218877, 35.500207663 ], [ 136.971875769, 35.500207663 ], [ 136.971563768, 35.500207664 ], [ 136.971250767, 35.500207664 ], [ 136.970938765, 35.500207664 ], [ 136.970625764, 35.500207664 ], [ 136.970313763, 35.500207664 ], [ 136.970313763, 35.499999664 ], [ 136.970000762, 35.499999664 ], [ 136.970000761, 35.499791664 ], [ 136.96968876, 35.499791664 ], [ 136.96968876, 35.499582664 ], [ 136.970000761, 35.499582664 ], [ 136.970000761, 35.499374664 ], [ 136.96968876, 35.499374664 ], [ 136.969375759, 35.499374664 ], [ 136.969063757, 35.499374664 ], [ 136.969063757, 35.499166664 ], [ 136.969063757, 35.498957664 ], [ 136.969063757, 35.498749664 ], [ 136.968750756, 35.498749664 ], [ 136.968750755, 35.498541664 ], [ 136.968750755, 35.498332664 ], [ 136.968438754, 35.498332664 ], [ 136.968125753, 35.498332664 ] ] ] } },
{ "type": "Feature", "properties": { "A31a_401": "8505090066", "A31a_402": "津保川", "A31a_403": "21", "A31a_404": "岐阜県", "A31a_405": 1 }, "geometry": { "type": "Polygon", "coordinates": [ [ [ 136.969688783, 35.518124673 ], [ 136.969688783, 35.518332673 ], [ 136.970000785, 35.518332672 ], [ 136.970000784, 35.518124672 ], [ 136.969688783, 35.518124673 ] ] ] } },
{ "type": "Feature", "properties": { "A31a_401": "8505090066", "A31a_402": "津保川", "A31a_403": "21", "A31a_404": "岐阜県", "A31a_405": 1 }, "geometry": { "type": "Polygon", "coordinates": [ [ [ 136.972188792, 35.51666667 ], [ 136.972188793, 35.51687467 ], [ 136.972188793, 35.51708267 ], [ 136.972188793, 35.51729167 ], [ 136.972500795, 35.517291669 ], [ 136.972500795, 35.517499669 ], [ 136.972500795, 35.517707669 ], [ 136.972500796, 35.517916669 ], [ 136.972813797, 35.517916669 ], [ 136.972813798, 35.518124669 ], [ 136.973125799, 35.518124669 ], [ 136.973438801, 35.518124668 ], [ 136.973438801, 35.518332668 ], [ 136.973750802, 35.518332668 ], [ 136.974063804, 35.518332668 ], [ 136.974375805, 35.518332667 ], [ 136.974375805, 35.518124667 ], [ 136.974375805, 35.517916667 ], [ 136.974063803, 35.517916668 ], [ 136.973750802, 35.517916668 ], [ 136.9734388, 35.517916668 ], [ 136.973125799, 35.517916669 ], [ 136.973125798, 35.517707669 ], [ 136.973125798, 35.517499669 ], [ 136.973125798, 35.517291669 ], [ 136.973125797, 35.517082669 ], [ 136.972813796, 35.517082669 ], [ 136.972500795, 35.517082669 ], [ 136.972500794, 35.516874669 ], [ 136.972500794, 35.516666669 ], [ 136.972188792, 35.51666667 ] ] ] } },
{ "type": "Feature", "properties": { "A31a_401": "8505090066", "A31a_402": "津保川", "A31a_403": "21", "A31a_404": "岐阜県", "A31a_405": 1 }, "geometry": { "type": "Polygon", "coordinates": [ [ [ 136.983750815, 35.503749658 ], [ 136.983750815, 35.503957659 ], [ 136.983750815, 35.504166659 ], [ 136.983750816, 35.504374659 ], [ 136.984063817, 35.504374659 ], [ 136.984063816, 35.504166658 ], [ 136.984063816, 35.503957658 ], [ 136.984063816, 35.503749658 ], [ 136.983750815, 35.503749658 ] ] ] } },
{ "type": "Feature", "properties": { "A31a_401": "8505090066", "A31a_402": "津保川", "A31a_403": "21", "A31a_404": "岐阜県", "A31a_405": 1 }, "geometry": { "type": "Polygon", "coordinates": [ [ [ 136.964063733, 35.49208266 ], [ 136.964063733, 35.492291661 ], [ 136.964063734, 35.492499661 ], [ 136.964063734, 35.492707661 ], [ 136.964063734, 35.492916661 ], [ 136.964063734, 35.493124662 ], [ 136.964063734, 35.493332662 ], [ 136.964375735, 35.493332662 ], [ 136.964375735, 35.493541662 ], [ 136.964063734, 35.493541662 ], [ 136.964063735, 35.493749662 ], [ 136.964063735, 35.493957662 ], [ 136.963750734, 35.493957663 ], [ 136.963750734, 35.494166663 ], [ 136.963750734, 35.494374663 ], [ 136.963750734, 35.494582663 ], [ 136.963750734, 35.494791663 ], [ 136.963750734, 35.494999664 ], [ 136.964063735, 35.494999663 ], [ 136.964063736, 35.495207664 ], [ 136.964375737, 35.495207663 ], [ 136.964375737, 35.495416664 ], [ 136.964375737, 35.495624664 ], [ 136.964375737, 35.495832664 ], [ 136.964375737, 35.496041664 ], [ 136.964375738, 35.496249664 ], [ 136.964688739, 35.496249664 ], [ 136.964688739, 35.496457664 ], [ 136.96500074, 35.496457664 ], [ 136.96500074, 35.496666664 ], [ 136.96500074, 35.496874665 ], [ 136.96500074, 35.497082665 ], [ 136.965000741, 35.497291665 ], [ 136.965000741, 35.497499665 ], [ 136.965000741, 35.497707665 ], [ 136.965000741, 35.497916666 ], [ 136.965000741, 35.498124666 ], [ 136.965000741, 35.498332666 ], [ 136.965000742, 35.498541666 ], [ 136.965000742, 35.498749667 ], [ 136.965000742, 35.498957667 ], [ 136.965000742, 35.499166667 ], [ 136.965313743, 35.499166667 ], [ 136.965313743, 35.499374667 ], [ 136.965313744, 35.499582667 ], [ 136.965313744, 35.499791667 ], [ 136.965313744, 35.499999668 ], [ 136.965313744, 35.500207668 ], [ 136.965313744, 35.500416668 ], [ 136.965625746, 35.500416668 ], [ 136.965625746, 35.500624668 ], [ 136.965625746, 35.500832668 ], [ 136.965625746, 35.501041668 ], [ 136.965625746, 35.501249668 ], [ 136.965938748, 35.501249668 ], [ 136.965938748, 35.501457668 ], [ 136.966250749, 35.501457668 ], [ 136.966250749, 35.501666668 ], [ 136.966563751, 35.501666668 ], [ 136.966563751, 35.501874668 ], [ 136.966875752, 35.501874668 ], [ 136.966875752, 35.502082668 ], [ 136.967188753, 35.502082668 ], [ 136.967188753, 35.501874668 ], [ 136.967500754, 35.501874667 ], [ 136.967813756, 35.501874667 ], [ 136.967813756, 35.502082667 ], [ 136.967813756, 35.502291668 ], [ 136.968125757, 35.502291667 ], [ 136.968125757, 35.502082667 ], [ 136.968438758, 35.502082667 ], [ 136.968750759, 35.502082667 ], [ 136.96875076, 35.502291667 ], [ 136.96875076, 35.502499667 ], [ 136.969063761, 35.502499667 ], [ 136.969063761, 35.502707667 ], [ 136.969375763, 35.502707667 ], [ 136.969688764, 35.502707666 ], [ 136.969688763, 35.502499666 ], [ 136.970000765, 35.502499666 ], [ 136.970000765, 35.502707666 ], [ 136.970313766, 35.502707666 ], [ 136.970313766, 35.502916666 ], [ 136.970625768, 35.502916666 ], [ 136.970938769, 35.502916665 ], [ 136.97125077, 35.502916665 ], [ 136.97125077, 35.502707665 ], [ 136.971563771, 35.502707665 ], [ 136.971563771, 35.502499665 ], [ 136.97156377, 35.502291665 ], [ 136.97156377, 35.502082664 ], [ 136.97156377, 35.501874664 ], [ 136.971250769, 35.501874665 ], [ 136.971250768, 35.501666665 ], [ 136.970938767, 35.501666665 ], [ 136.970625766, 35.501666665 ], [ 136.970313765, 35.501666665 ], [ 136.970313765, 35.501457665 ], [ 136.970000763, 35.501457665 ], [ 136.969688762, 35.501457666 ], [ 136.969688762, 35.501249665 ], [ 136.969375761, 35.501249666 ], [ 136.969375761, 35.501041666 ], [ 136.969063759, 35.501041666 ], [ 136.969063759, 35.500832666 ], [ 136.969063759, 35.500624665 ], [ 136.968750758, 35.500624666 ], [ 136.968750757, 35.500416666 ], [ 136.968438756, 35.500416666 ], [ 136.968438756, 35.500207666 ], [ 136.968438756, 35.499999665 ], [ 136.968125755, 35.499999666 ], [ 136.968125754, 35.499791665 ], [ 136.967813753, 35.499791666 ], [ 136.967813753, 35.499582665 ], [ 136.967500752, 35.499582666 ], [ 136.967500752, 35.499374665 ], [ 136.967500751, 35.499166665 ], [ 136.967500751, 35.498957665 ], [ 136.96718875, 35.498957665 ], [ 136.96718875, 35.498749665 ], [ 136.96718875, 35.498541665 ], [ 136.96718875, 35.498332665 ], [ 136.966875748, 35.498332665 ], [ 136.966875748, 35.498124665 ], [ 136.966875748, 35.497916664 ], [ 136.966563747, 35.497916665 ], [ 136.966563747, 35.497707664 ], [ 136.966563746, 35.497499664 ], [ 136.966250745, 35.497499664 ], [ 136.966250745, 35.497291664 ], [ 136.965938744, 35.497291664 ], [ 136.965938744, 35.497082664 ], [ 136.965938744, 35.496874664 ], [ 136.965938743, 35.496666664 ], [ 136.965625742, 35.496666664 ], [ 136.965625742, 35.496457664 ], [ 136.965625742, 35.496249664 ], [ 136.965313741, 35.496249664 ], [ 136.965313741, 35.496041664 ], [ 136.965313741, 35.495832663 ], [ 136.96531374, 35.495624663 ], [ 136.965000739, 35.495624663 ], [ 136.965000739, 35.495416663 ], [ 136.965000739, 35.495207663 ], [ 136.965000739, 35.494999663 ], [ 136.964688738, 35.494999663 ], [ 136.964688738, 35.494791663 ], [ 136.964688737, 35.494582663 ], [ 136.964688737, 35.494374662 ], [ 136.964688737, 35.494166662 ], [ 136.964688737, 35.493957662 ], [ 136.964688737, 35.493749662 ], [ 136.964688737, 35.493541662 ], [ 136.964688736, 35.493332661 ], [ 136.964688736, 35.493124661 ], [ 136.964688736, 35.492916661 ], [ 136.964688736, 35.492707661 ], [ 136.964688736, 35.49249966 ], [ 136.964688736, 35.49229166 ], [ 136.964688735, 35.49208266 ], [ 136.964375734, 35.49208266 ], [ 136.964063733, 35.49208266 ] ] ] } },
{ "type": "Feature", "properties": { "A31a_401": "8505090066", "A31a_402": "津保川", "A31a_403": "21", "A31a_404": "岐阜県", "A31a_405": 1 }, "geometry": { "type": "Polygon", "coordinates": [ [ [ 136.984688821, 35.505832659 ], [ 136.984688822, 35.506041659 ], [ 136.985000823, 35.506041659 ], [ 136.985000823, 35.505832659 ], [ 136.984688821, 35.505832659 ] ] ] } },
{ "type": "Feature", "properties": { "A31a_401": "8505090066", "A31a_402": "津保川", "A31a_403": "21", "A31a_404": "岐阜県", "A31a_405": 1 }, "geometry": { "type": "Polygon", "coordinates": [ [ [ 136.976563784, 35.498957659 ], [ 136.976563784, 35.49916666 ], [ 136.976250783, 35.49916666 ], [ 136.975938782, 35.49916666 ], [ 136.975938783, 35.49937466 ], [ 136.975625782, 35.49937466 ], [ 136.975625782, 35.49958266 ], [ 136.975313781, 35.499582661 ], [ 136.975313781, 35.499791661 ], [ 136.97500078, 35.499791661 ], [ 136.975000781, 35.499999661 ], [ 136.974688779, 35.499999661 ], [ 136.97468878, 35.500207661 ], [ 136.974375778, 35.500207662 ], [ 136.974375779, 35.500416662 ], [ 136.974063778, 35.500416662 ], [ 136.973750776, 35.500416662 ], [ 136.973750777, 35.500624662 ], [ 136.973438775, 35.500624662 ], [ 136.973438776, 35.500832662 ], [ 136.973125775, 35.500832663 ], [ 136.973125775, 35.501041663 ], [ 136.973125775, 35.501249663 ], [ 136.972813774, 35.501249663 ], [ 136.972813774, 35.501457663 ], [ 136.973125775, 35.501457663 ], [ 136.973438777, 35.501457663 ], [ 136.973438776, 35.501249663 ], [ 136.973750777, 35.501249662 ], [ 136.974063779, 35.501249662 ], [ 136.974063778, 35.501041662 ], [ 136.97437578, 35.501041662 ], [ 136.974688781, 35.501041662 ], [ 136.97468878, 35.500832662 ], [ 136.975000782, 35.500832661 ], [ 136.975000781, 35.500624661 ], [ 136.975313782, 35.500624661 ], [ 136.975313782, 35.500416661 ], [ 136.975625783, 35.500416661 ], [ 136.975938784, 35.500416661 ], [ 136.975938784, 35.500624661 ], [ 136.976250785, 35.500624661 ], [ 136.976250785, 35.500416661 ], [ 136.976563786, 35.500416661 ], [ 136.976875787, 35.50041666 ], [ 136.976875787, 35.50020766 ], [ 136.977188788, 35.50020766 ], [ 136.977188788, 35.50041666 ], [ 136.977500789, 35.50041666 ], [ 136.97781379, 35.50041666 ], [ 136.97781379, 35.50020766 ], [ 136.978125791, 35.50020766 ], [ 136.978125791, 35.50041666 ], [ 136.978438792, 35.50041666 ], [ 136.978438792, 35.50062466 ], [ 136.978750793, 35.50062466 ], [ 136.978750793, 35.50083266 ], [ 136.979063794, 35.50083266 ], [ 136.979375795, 35.500832659 ], [ 136.979375796, 35.50104166 ], [ 136.979375796, 35.50124966 ], [ 136.979688797, 35.501249659 ], [ 136.979688797, 35.50145766 ], [ 136.979688798, 35.50166666 ], [ 136.980000799, 35.501666659 ], [ 136.980000799, 35.50187466 ], [ 136.9803138, 35.501874659 ], [ 136.9803138, 35.502082659 ], [ 136.980313801, 35.50229166 ], [ 136.980313801, 35.50249966 ], [ 136.980625802, 35.502499659 ], [ 136.980625802, 35.50270766 ], [ 136.980625803, 35.50291666 ], [ 136.980938804, 35.502916659 ], [ 136.981250805, 35.502916659 ], [ 136.981250805, 35.503124659 ], [ 136.980938804, 35.50312466 ], [ 136.980938805, 35.50333266 ], [ 136.981250806, 35.503332659 ], [ 136.981250806, 35.50354166 ], [ 136.981250806, 35.50374966 ], [ 136.981563807, 35.503749659 ], [ 136.981563808, 35.50395766 ], [ 136.981563808, 35.50416666 ], [ 136.981563808, 35.50437466 ], [ 136.981563809, 35.50458266 ], [ 136.98187581, 35.50458266 ], [ 136.98187581, 35.50479166 ], [ 136.98187581, 35.50499966 ], [ 136.981875811, 35.50520766 ], [ 136.98156381, 35.50520766 ], [ 136.98156381, 35.50541666 ], [ 136.98156381, 35.50562466 ], [ 136.981563811, 35.50583266 ], [ 136.981875812, 35.50583266 ], [ 136.981875812, 35.50604166 ], [ 136.981875813, 35.50624966 ], [ 136.981875813, 35.50645766 ], [ 136.981875813, 35.50666666 ], [ 136.981875814, 35.50687466 ], [ 136.981875814, 35.50708266 ], [ 136.981875814, 35.50729166 ], [ 136.981875815, 35.507499661 ], [ 136.981875815, 35.507707661 ], [ 136.981875815, 35.507916661 ], [ 136.981563814, 35.507916661 ], [ 136.981250813, 35.507916661 ], [ 136.981250814, 35.508124661 ], [ 136.981250814, 35.508332661 ], [ 136.980938813, 35.508332661 ], [ 136.980625812, 35.508332661 ], [ 136.980625812, 35.508541661 ], [ 136.980625813, 35.508749661 ], [ 136.980625813, 35.508957662 ], [ 136.980313812, 35.508957662 ], [ 136.980000811, 35.508957662 ], [ 136.980000811, 35.509166662 ], [ 136.980000812, 35.509374662 ], [ 136.97968881, 35.509374662 ], [ 136.979688811, 35.509582662 ], [ 136.979688811, 35.509791662 ], [ 136.979688812, 35.509999662 ], [ 136.980000813, 35.509999662 ], [ 136.980313814, 35.509999662 ], [ 136.980625815, 35.509999662 ], [ 136.980625815, 35.509791662 ], [ 136.980938816, 35.509791662 ], [ 136.980938815, 35.509582661 ], [ 136.981250817, 35.509582661 ], [ 136.981250816, 35.509374661 ], [ 136.981563817, 35.509374661 ], [ 136.981563817, 35.509166661 ], [ 136.981563816, 35.508957661 ], [ 136.981875817, 35.508957661 ], [ 136.981875817, 35.508749661 ], [ 136.981875817, 35.508541661 ], [ 136.982188818, 35.508541661 ], [ 136.982188817, 35.508332661 ], [ 136.982500818, 35.508332661 ], [ 136.982500818, 35.50812466 ], [ 136.982500818, 35.50791666 ], [ 136.982813819, 35.50791666 ], [ 136.982813818, 35.50770766 ], [ 136.983125819, 35.50770766 ], [ 136.983125819, 35.50749966 ], [ 136.98343882, 35.50749966 ], [ 136.98343882, 35.50729166 ], [ 136.983438819, 35.50708266 ], [ 136.983750821, 35.50708266 ], [ 136.98375082, 35.50687466 ], [ 136.98375082, 35.506666659 ], [ 136.984063821, 35.506666659 ], [ 136.98406382, 35.506457659 ], [ 136.98406382, 35.506249659 ], [ 136.983750819, 35.506249659 ], [ 136.983750819, 35.506041659 ], [ 136.983750818, 35.505832659 ], [ 136.983750818, 35.505624659 ], [ 136.983750818, 35.505416659 ], [ 136.983438816, 35.505416659 ], [ 136.983438816, 35.505207659 ], [ 136.983438816, 35.504999659 ], [ 136.983438815, 35.504791659 ], [ 136.983438815, 35.504582659 ], [ 136.983125814, 35.504582659 ], [ 136.983125814, 35.504374659 ], [ 136.983125813, 35.504166659 ], [ 136.982813812, 35.504166659 ], [ 136.982813812, 35.503957659 ], [ 136.982813811, 35.503749659 ], [ 136.982813811, 35.503541659 ], [ 136.98250081, 35.503541659 ], [ 136.98250081, 35.503332659 ], [ 136.982500809, 35.503124659 ], [ 136.982188808, 35.503124659 ], [ 136.982188808, 35.502916659 ], [ 136.982188808, 35.502707659 ], [ 136.981875807, 35.502707659 ], [ 136.981875806, 35.502499659 ], [ 136.981875806, 35.502291659 ], [ 136.981563805, 35.502291659 ], [ 136.981563804, 35.502082659 ], [ 136.981563804, 35.501874659 ], [ 136.981563804, 35.501666659 ], [ 136.981250803, 35.501666659 ], [ 136.981250802, 35.501457659 ], [ 136.980938801, 35.501457659 ], [ 136.980938801, 35.501249659 ], [ 136.980938801, 35.501041659 ], [ 136.9806258, 35.501041659 ], [ 136.980625799, 35.500832659 ], [ 136.980313798, 35.500832659 ], [ 136.980313798, 35.500624659 ], [ 136.980000797, 35.500624659 ], [ 136.980000797, 35.500416659 ], [ 136.979688796, 35.500416659 ], [ 136.979375795, 35.500416659 ], [ 136.979375794, 35.500207659 ], [ 136.979063794, 35.500207659 ], [ 136.979063793, 35.499999659 ], [ 136.978750792, 35.499999659 ], [ 136.978750792, 35.499791659 ], [ 136.978438791, 35.499791659 ], [ 136.978438791, 35.499582659 ], [ 136.97812579, 35.499582659 ], [ 136.977813789, 35.49958266 ], [ 136.977813788, 35.499374659 ], [ 136.977813788, 35.499166659 ], [ 136.977500787, 35.499166659 ], [ 136.977188786, 35.499166659 ], [ 136.977188786, 35.498957659 ], [ 136.976875785, 35.498957659 ], [ 136.976563784, 35.498957659 ] ] ] } },
{ "type": "Feature", "properties": { "A31a_401": "8505090066", "A31a_402": "津保川", "A31a_403": "21", "A31a_404": "岐阜県", "A31a_405": 1 }, "geometry": { "type": "Polygon", "coordinates": [ [ [ 136.964375733, 35.490416658 ], [ 136.964375734, 35.490624659 ], [ 136.964375734, 35.490832659 ], [ 136.964375734, 35.491041659 ], [ 136.964375734, 35.491249659 ], [ 136.964375734, 35.49145766 ], [ 136.964688735, 35.491457659 ], [ 136.964688735, 35.491249659 ], [ 136.964688735, 35.491041659 ], [ 136.964688735, 35.490832659 ], [ 136.964688735, 35.490624658 ], [ 136.964688734, 35.490416658 ], [ 136.964375733, 35.490416658 ] ] ] } },
{ "type": "Feature", "properties": { "A31a_401": "8505090066", "A31a_402": "津保川", "A31a_403": "21", "A31a_404": "岐阜県", "A31a_405": 1 }, "geometry": { "type": "Polygon", "coordinates": [ [ [ 136.981250831, 35.516249662 ], [ 136.981250831, 35.516457662 ], [ 136.981563833, 35.516457662 ], [ 136.981563832, 35.516249662 ], [ 136.981250831, 35.516249662 ] ] ] } },
{ "type": "Feature", "properties": { "A31a_401": "8505090066", "A31a_402": "津保川", "A31a_403": "21", "A31a_404": "岐阜県", "A31a_405": 1 }, "geometry": { "type": "Polygon", "coordinates": [ [ [ 136.984063822, 35.50749966 ], [ 136.984063823, 35.50770766 ], [ 136.983750822, 35.50770766 ], [ 136.983750822, 35.50791666 ], [ 136.983750822, 35.50812466 ], [ 136.983438821, 35.50812466 ], [ 136.983438822, 35.50833266 ], [ 136.983125821, 35.50833266 ], [ 136.982813819, 35.50833266 ], [ 136.98281382, 35.50854166 ], [ 136.982500819, 35.508541661 ], [ 136.982500819, 35.508749661 ], [ 136.98250082, 35.508957661 ], [ 136.982188819, 35.508957661 ], [ 136.982188819, 35.509166661 ], [ 136.981875818, 35.509166661 ], [ 136.981875818, 35.509374661 ], [ 136.981875819, 35.509582661 ], [ 136.981563818, 35.509582661 ], [ 136.981563818, 35.509791661 ], [ 136.981563819, 35.509999661 ], [ 136.981250818, 35.509999661 ], [ 136.981250818, 35.510207661 ], [ 136.980938817, 35.510207662 ], [ 136.980938817, 35.510416662 ], [ 136.980938818, 35.510624662 ], [ 136.980625817, 35.510624662 ], [ 136.980313815, 35.510624662 ], [ 136.980000814, 35.510624662 ], [ 136.979688813, 35.510624662 ], [ 136.979375812, 35.510624662 ], [ 136.979063811, 35.510624663 ], [ 136.97906381, 35.510416663 ], [ 136.978750809, 35.510416663 ], [ 136.978438808, 35.510416663 ], [ 136.978125807, 35.510416663 ], [ 136.977813806, 35.510416663 ], [ 136.977500804, 35.510416663 ], [ 136.977500804, 35.510207663 ], [ 136.977188803, 35.510207663 ], [ 136.976875802, 35.510207664 ], [ 136.976563801, 35.510207664 ], [ 136.9765638, 35.509999664 ], [ 136.976250799, 35.509999664 ], [ 136.976250799, 35.510207664 ], [ 136.975938798, 35.510207664 ], [ 136.975625797, 35.510207664 ], [ 136.975625797, 35.510416664 ], [ 136.975313796, 35.510416664 ], [ 136.975313797, 35.510624664 ], [ 136.975000795, 35.510624665 ], [ 136.974688794, 35.510624665 ], [ 136.974688795, 35.510832665 ], [ 136.974375793, 35.510832665 ], [ 136.974375794, 35.511041665 ], [ 136.974063792, 35.511041666 ], [ 136.974063793, 35.511249666 ], [ 136.974063793, 35.511457666 ], [ 136.973750792, 35.511457666 ], [ 136.973750792, 35.511666666 ], [ 136.973750792, 35.511874666 ], [ 136.973438791, 35.511874667 ], [ 136.973438791, 35.512082667 ], [ 136.973438792, 35.512291667 ], [ 136.973438792, 35.512499667 ], [ 136.97312579, 35.512499667 ], [ 136.973125791, 35.512707667 ], [ 136.973125791, 35.512916668 ], [ 136.973125791, 35.513124668 ], [ 136.973125792, 35.513332668 ], [ 136.97281379, 35.513332668 ], [ 136.972813791, 35.513541668 ], [ 136.972813791, 35.513749668 ], [ 136.972813791, 35.513957668 ], [ 136.97250079, 35.513957669 ], [ 136.97250079, 35.514166669 ], [ 136.972500791, 35.514374669 ], [ 136.972500791, 35.514582669 ], [ 136.972188789, 35.514582669 ], [ 136.97218879, 35.514791669 ], [ 136.97218879, 35.514999669 ], [ 136.972500791, 35.514999669 ], [ 136.972500792, 35.515207669 ], [ 136.972813793, 35.515207669 ], [ 136.972813793, 35.514999669 ], [ 136.972813793, 35.514791668 ], [ 136.973125794, 35.514791668 ], [ 136.973125794, 35.514582668 ], [ 136.973438795, 35.514582668 ], [ 136.973750796, 35.514582667 ], [ 136.974063798, 35.514582667 ], [ 136.974375799, 35.514582667 ], [ 136.974688801, 35.514582666 ], [ 136.975000802, 35.514582666 ], [ 136.975000802, 35.514374666 ], [ 136.9746888, 35.514374666 ], [ 136.9746888, 35.514166666 ], [ 136.9746888, 35.513957666 ], [ 136.975000801, 35.513957666 ], [ 136.975000801, 35.513749666 ], [ 136.9750008, 35.513541666 ], [ 136.9750008, 35.513332666 ], [ 136.975313801, 35.513332665 ], [ 136.975313801, 35.513124665 ], [ 136.975625802, 35.513124665 ], [ 136.975625802, 35.512916665 ], [ 136.975625801, 35.512707665 ], [ 136.975938803, 35.512707665 ], [ 136.975938802, 35.512499665 ], [ 136.976250803, 35.512499665 ], [ 136.976250803, 35.512291665 ], [ 136.976563804, 35.512291664 ], [ 136.976563804, 35.512082664 ], [ 136.976875805, 35.512082664 ], [ 136.977188806, 35.512082664 ], [ 136.977188806, 35.511874664 ], [ 136.977500807, 35.511874664 ], [ 136.977813808, 35.511874664 ], [ 136.977813808, 35.511666663 ], [ 136.978125809, 35.511666663 ], [ 136.97812581, 35.511874663 ], [ 136.97812581, 35.512082663 ], [ 136.977813809, 35.512082664 ], [ 136.977813809, 35.512291664 ], [ 136.977500808, 35.512291664 ], [ 136.977500808, 35.512499664 ], [ 136.977188807, 35.512499664 ], [ 136.976875806, 35.512499664 ], [ 136.976875806, 35.512707664 ], [ 136.976563805, 35.512707664 ], [ 136.976563805, 35.512916665 ], [ 136.976563806, 35.513124665 ], [ 136.976875807, 35.513124664 ], [ 136.976875807, 35.513332664 ], [ 136.977188809, 35.513332664 ], [ 136.97750081, 35.513332664 ], [ 136.97750081, 35.513124664 ], [ 136.977813811, 35.513124664 ], [ 136.97781381, 35.512916664 ], [ 136.978125812, 35.512916664 ], [ 136.978438813, 35.512916663 ], [ 136.978438812, 35.512707663 ], [ 136.978750814, 35.512707663 ], [ 136.979063815, 35.512707663 ], [ 136.979375816, 35.512707663 ], [ 136.979375816, 35.512499663 ], [ 136.979688817, 35.512499663 ], [ 136.980000818, 35.512499663 ], [ 136.980000818, 35.512291662 ], [ 136.980313819, 35.512291662 ], [ 136.980313818, 35.512082662 ], [ 136.98062582, 35.512082662 ], [ 136.980625819, 35.511874662 ], [ 136.980625819, 35.511666662 ], [ 136.98093882, 35.511666662 ], [ 136.981250821, 35.511666662 ], [ 136.981250821, 35.511457662 ], [ 136.981563822, 35.511457661 ], [ 136.981875823, 35.511457661 ], [ 136.981875823, 35.511249661 ], [ 136.981875822, 35.511041661 ], [ 136.981563821, 35.511041661 ], [ 136.98156382, 35.510832661 ], [ 136.98156382, 35.510624661 ], [ 136.98156382, 35.510416661 ], [ 136.981563819, 35.510207661 ], [ 136.98187582, 35.510207661 ], [ 136.982188821, 35.510207661 ], [ 136.982500823, 35.510207661 ], [ 136.982500822, 35.509999661 ], [ 136.982813823, 35.509999661 ], [ 136.983125824, 35.50999966 ], [ 136.983125824, 35.50979166 ], [ 136.983438825, 35.50979166 ], [ 136.983438825, 35.50958266 ], [ 136.983438824, 35.50937466 ], [ 136.983750825, 35.50937466 ], [ 136.983750825, 35.50916666 ], [ 136.983750824, 35.50895766 ], [ 136.983750824, 35.50874966 ], [ 136.984063825, 35.50874966 ], [ 136.984063824, 35.50854166 ], [ 136.984063824, 35.50833266 ], [ 136.984063824, 35.50812466 ], [ 136.984375825, 35.50812466 ], [ 136.984375824, 35.50791666 ], [ 136.984375824, 35.50770766 ], [ 136.984375823, 35.507499659 ], [ 136.984063822, 35.50749966 ] ] ] } },
{ "type": "Feature", "properties": { "A31a_401": "8505090066", "A31a_402": "津保川", "A31a_403": "21", "A31a_404": "岐阜県", "A31a_405": 1 }, "geometry": { "type": "Polygon", "coordinates": [ [ [ 136.963438727, 35.482082648 ], [ 136.963438727, 35.482291648 ], [ 136.963125726, 35.482291648 ], [ 136.962813725, 35.482291648 ], [ 136.962813726, 35.482499648 ], [ 136.962500725, 35.482499649 ], [ 136.962500725, 35.482707649 ], [ 136.962813726, 35.482707649 ], [ 136.963125726, 35.482707649 ], [ 136.963125727, 35.482916649 ], [ 136.963438727, 35.482916649 ], [ 136.963438727, 35.483124649 ], [ 136.963750728, 35.483124649 ], [ 136.963750728, 35.482916649 ], [ 136.963750728, 35.482707648 ], [ 136.963750728, 35.482499648 ], [ 136.963750728, 35.482291648 ], [ 136.963750728, 35.482082647 ], [ 136.963438727, 35.482082648 ] ] ] } },
{ "type": "Feature", "properties": { "A31a_401": "8505090066", "A31a_402": "津保川", "A31a_403": "21", "A31a_404": "岐阜県", "A31a_405": 1 }, "geometry": { "type": "Polygon", "coordinates": [ [ [ 136.956250704, 35.477916647 ], [ 136.955938703, 35.477916647 ], [ 136.955625702, 35.477916647 ], [ 136.955625702, 35.478124647 ], [ 136.955313701, 35.478124648 ], [ 136.955313701, 35.478332648 ], [ 136.955313701, 35.478541648 ], [ 136.955313701, 35.478749649 ], [ 136.955313701, 35.478957649 ], [ 136.9553137, 35.479166649 ], [ 136.9553137, 35.47937465 ], [ 136.955625701, 35.47937465 ], [ 136.955625701, 35.47958265 ], [ 136.955938702, 35.47958265 ], [ 136.956250703, 35.479582649 ], [ 136.956563704, 35.479582649 ], [ 136.956875705, 35.479582649 ], [ 136.957188706, 35.479582648 ], [ 136.957188706, 35.479374648 ], [ 136.957188706, 35.479166648 ], [ 136.956875705, 35.479166648 ], [ 136.956875706, 35.478957648 ], [ 136.956875706, 35.478749647 ], [ 136.956875706, 35.478541647 ], [ 136.956563705, 35.478541647 ], [ 136.956563705, 35.478332647 ], [ 136.956563705, 35.478124647 ], [ 136.956563705, 35.477916646 ], [ 136.956250704, 35.477916647 ] ] ] } },
{ "type": "Feature", "properties": { "A31a_401": "8505090066", "A31a_402": "津保川", "A31a_403": "21", "A31a_404": "岐阜県", "A31a_405": 1 }, "geometry": { "type": "Polygon", "coordinates": [ [ [ 136.976250798, 35.509166664 ], [ 136.975938796, 35.509166664 ], [ 136.975625795, 35.509166664 ], [ 136.975625796, 35.509374664 ], [ 136.975313795, 35.509374664 ], [ 136.975000793, 35.509374664 ], [ 136.974688792, 35.509374665 ], [ 136.974375791, 35.509374665 ], [ 136.974375791, 35.509582665 ], [ 136.97406379, 35.509582665 ], [ 136.973750789, 35.509582666 ], [ 136.973750789, 35.509791666 ], [ 136.973438788, 35.509791666 ], [ 136.973438788, 35.509999666 ], [ 136.973438788, 35.510207666 ], [ 136.973438789, 35.510416666 ], [ 136.973438789, 35.510624666 ], [ 136.973438789, 35.510832666 ], [ 136.973125788, 35.510832667 ], [ 136.973125788, 35.511041667 ], [ 136.972813787, 35.511041667 ], [ 136.972813787, 35.511249667 ], [ 136.972813788, 35.511457667 ], [ 136.972500786, 35.511457668 ], [ 136.972500787, 35.511666668 ], [ 136.972500787, 35.511874668 ], [ 136.972500787, 35.512082668 ], [ 136.972500787, 35.512291668 ], [ 136.972500788, 35.512499668 ], [ 136.972188786, 35.512499668 ], [ 136.972188787, 35.512707668 ], [ 136.972188787, 35.512916669 ], [ 136.972188787, 35.513124669 ], [ 136.971875786, 35.513124669 ], [ 136.971875786, 35.513332669 ], [ 136.971563785, 35.513332669 ], [ 136.971563785, 35.513541669 ], [ 136.971563785, 35.51374967 ], [ 136.971563786, 35.51395767 ], [ 136.971563786, 35.51416667 ], [ 136.971563786, 35.51437467 ], [ 136.971563787, 35.51458267 ], [ 136.971250785, 35.51458267 ], [ 136.971250785, 35.51479167 ], [ 136.971250786, 35.51499967 ], [ 136.971250786, 35.51520767 ], [ 136.971250786, 35.51541667 ], [ 136.970938785, 35.515416671 ], [ 136.970938785, 35.515624671 ], [ 136.970625784, 35.515624671 ], [ 136.970625784, 35.515832671 ], [ 136.970625784, 35.516041671 ], [ 136.970313783, 35.516041672 ], [ 136.970313783, 35.516249672 ], [ 136.970313783, 35.516457672 ], [ 136.970313784, 35.516666672 ], [ 136.970313784, 35.516874672 ], [ 136.970000783, 35.516874672 ], [ 136.970000783, 35.517082672 ], [ 136.970000783, 35.517291672 ], [ 136.970000783, 35.517499672 ], [ 136.970000784, 35.517707672 ], [ 136.970000784, 35.517916672 ], [ 136.970313785, 35.517916672 ], [ 136.970313786, 35.518124672 ], [ 136.970313786, 35.518332672 ], [ 136.970313786, 35.518541672 ], [ 136.970625788, 35.518541672 ], [ 136.970938789, 35.518541671 ], [ 136.97093879, 35.518749671 ], [ 136.97093879, 35.518957671 ], [ 136.971250791, 35.518957671 ], [ 136.971250792, 35.519166671 ], [ 136.97093879, 35.519166671 ], [ 136.970938791, 35.519374671 ], [ 136.971250792, 35.519374671 ], [ 136.971250792, 35.519582671 ], [ 136.971563794, 35.51958267 ], [ 136.971563794, 35.51937467 ], [ 136.971875795, 35.51937467 ], [ 136.972188797, 35.51937467 ], [ 136.972188796, 35.51916667 ], [ 136.972500798, 35.519166669 ], [ 136.972813799, 35.519166669 ], [ 136.973125801, 35.519166669 ], [ 136.973125801, 35.519374669 ], [ 136.973438803, 35.519374668 ], [ 136.973750804, 35.519374668 ], [ 136.974063806, 35.519374668 ], [ 136.974063806, 35.519582668 ], [ 136.974375807, 35.519582667 ], [ 136.974688809, 35.519582667 ], [ 136.97500081, 35.519582667 ], [ 136.975313812, 35.519582666 ], [ 136.975625813, 35.519582666 ], [ 136.975938815, 35.519582666 ], [ 136.975938815, 35.519791666 ], [ 136.976250816, 35.519791666 ], [ 136.976563818, 35.519791665 ], [ 136.976875819, 35.519791665 ], [ 136.976875819, 35.519582665 ], [ 136.97718882, 35.519582665 ], [ 136.977500821, 35.519582665 ], [ 136.977813823, 35.519582665 ], [ 136.978125824, 35.519582664 ], [ 136.978125824, 35.519374664 ], [ 136.977813822, 35.519374665 ], [ 136.977813822, 35.519166665 ], [ 136.978125823, 35.519166664 ], [ 136.978125823, 35.518957664 ], [ 136.978438824, 35.518957664 ], [ 136.978750826, 35.518957664 ], [ 136.978750825, 35.518749664 ], [ 136.979063827, 35.518749664 ], [ 136.979063827, 35.518957664 ], [ 136.979375828, 35.518957663 ], [ 136.97968883, 35.518957663 ], [ 136.979688829, 35.518749663 ], [ 136.980000831, 35.518749663 ], [ 136.98000083, 35.518541663 ], [ 136.980313832, 35.518541663 ], [ 136.980625833, 35.518541663 ], [ 136.980625833, 35.518332663 ], [ 136.980625832, 35.518124663 ], [ 136.980938834, 35.518124662 ], [ 136.980938833, 35.517916663 ], [ 136.980938833, 35.517707663 ], [ 136.981250834, 35.517707662 ], [ 136.981250834, 35.517499662 ], [ 136.981563835, 35.517499662 ], [ 136.981875836, 35.517499662 ], [ 136.982188838, 35.517499662 ], [ 136.982500839, 35.517499662 ], [ 136.98281384, 35.517499661 ], [ 136.98281384, 35.517291661 ], [ 136.983125841, 35.517291661 ], [ 136.983438843, 35.517291661 ], [ 136.983438843, 35.517499661 ], [ 136.983750844, 35.517499661 ], [ 136.984063846, 35.51749966 ], [ 136.984375847, 35.51749966 ], [ 136.984375847, 35.51770766 ], [ 136.984688849, 35.51770766 ], [ 136.984688849, 35.51791666 ], [ 136.98468885, 35.51812466 ], [ 136.984375848, 35.51812466 ], [ 136.984375849, 35.51833266 ], [ 136.98468885, 35.51833266 ], [ 136.985000851, 35.51833266 ], [ 136.985313853, 35.518332659 ], [ 136.985313852, 35.518124659 ], [ 136.985313852, 35.517916659 ], [ 136.985000851, 35.51791666 ], [ 136.98500085, 35.51770766 ], [ 136.985313851, 35.51770766 ], [ 136.985313851, 35.51749966 ], [ 136.98531385, 35.51729166 ], [ 136.98531385, 35.51708266 ], [ 136.985000849, 35.51708266 ], [ 136.985000848, 35.51687466 ], [ 136.984688847, 35.51687466 ], [ 136.984375846, 35.51687466 ], [ 136.984063844, 35.516874661 ], [ 136.984063844, 35.516666661 ], [ 136.984375845, 35.51666666 ], [ 136.984375845, 35.51645766 ], [ 136.984063843, 35.516457661 ], [ 136.983750842, 35.516457661 ], [ 136.983438841, 35.516457661 ], [ 136.983125839, 35.516457661 ], [ 136.982813838, 35.516457661 ], [ 136.982500837, 35.516457662 ], [ 136.982188835, 35.516457662 ], [ 136.982188836, 35.516666662 ], [ 136.981875835, 35.516666662 ], [ 136.981563833, 35.516666662 ], [ 136.981563834, 35.516874662 ], [ 136.981250832, 35.516874662 ], [ 136.981250833, 35.517082662 ], [ 136.980938831, 35.517082663 ], [ 136.98062583, 35.517082663 ], [ 136.980625831, 35.517291663 ], [ 136.980313829, 35.517291663 ], [ 136.98031383, 35.517499663 ], [ 136.980000828, 35.517499663 ], [ 136.979688827, 35.517499663 ], [ 136.979688827, 35.517707663 ], [ 136.979375826, 35.517707664 ], [ 136.979375826, 35.517916664 ], [ 136.979063825, 35.517916664 ], [ 136.978750824, 35.517916664 ], [ 136.978750824, 35.518124664 ], [ 136.978438823, 35.518124664 ], [ 136.978125821, 35.518124664 ], [ 136.978125822, 35.518332664 ], [ 136.97781382, 35.518332665 ], [ 136.977500819, 35.518332665 ], [ 136.977500819, 35.518541665 ], [ 136.977188818, 35.518541665 ], [ 136.977188819, 35.518749665 ], [ 136.976875817, 35.518749665 ], [ 136.976563816, 35.518749666 ], [ 136.976563816, 35.518957666 ], [ 136.976250815, 35.518957666 ], [ 136.975938813, 35.518957666 ], [ 136.975625812, 35.518957666 ], [ 136.975313811, 35.518957666 ], [ 136.975000809, 35.518957667 ], [ 136.974688808, 35.518957667 ], [ 136.974375806, 35.518957667 ], [ 136.974063805, 35.518957668 ], [ 136.974063805, 35.518749668 ], [ 136.973750803, 35.518749668 ], [ 136.973438802, 35.518749668 ], [ 136.973438801, 35.518541668 ], [ 136.9731258, 35.518541669 ], [ 136.972813798, 35.518541669 ], [ 136.972813798, 35.518332669 ], [ 136.972500796, 35.518332669 ], [ 136.972188795, 35.51833267 ], [ 136.972188795, 35.51812467 ], [ 136.971875793, 35.51812467 ], [ 136.971563792, 35.51812467 ], [ 136.971563791, 35.51791667 ], [ 136.971875793, 35.51791667 ], [ 136.971875793, 35.51770767 ], [ 136.971563791, 35.51770767 ], [ 136.971563791, 35.51749967 ], [ 136.971875792, 35.51749967 ], [ 136.971875792, 35.51729167 ], [ 136.971875792, 35.51708267 ], [ 136.97156379, 35.51708267 ], [ 136.97156379, 35.51687467 ], [ 136.97156379, 35.51666667 ], [ 136.971563789, 35.51645767 ], [ 136.971563789, 35.51624967 ], [ 136.971250787, 35.516249671 ], [ 136.971250787, 35.516041671 ], [ 136.971563789, 35.51604167 ], [ 136.971563788, 35.51583267 ], [ 136.971563788, 35.51562467 ], [ 136.971563788, 35.51541667 ], [ 136.971563787, 35.51520767 ], [ 136.971875789, 35.51520767 ], [ 136.971875789, 35.51499967 ], [ 136.971875788, 35.51479167 ], [ 136.971875788, 35.514582669 ], [ 136.971875788, 35.514374669 ], [ 136.971875787, 35.514166669 ], [ 136.972188789, 35.514166669 ], [ 136.972188789, 35.513957669 ], [ 136.972188788, 35.513749669 ], [ 136.972188788, 35.513541669 ], [ 136.972500789, 35.513541668 ], [ 136.972500789, 35.513332668 ], [ 136.972500789, 35.513124668 ], [ 136.972500788, 35.512916668 ], [ 136.972500788, 35.512707668 ], [ 136.972813789, 35.512707668 ], [ 136.972813789, 35.512499668 ], [ 136.972813789, 35.512291668 ], [ 136.972813789, 35.512082668 ], [ 136.97312579, 35.512082667 ], [ 136.97312579, 35.511874667 ], [ 136.973125789, 35.511666667 ], [ 136.973125789, 35.511457667 ], [ 136.97343879, 35.511457667 ], [ 136.97343879, 35.511249667 ], [ 136.97343879, 35.511041667 ], [ 136.973750791, 35.511041666 ], [ 136.973750791, 35.510832666 ], [ 136.974063792, 35.510832666 ], [ 136.974063792, 35.510624666 ], [ 136.974063791, 35.510416666 ], [ 136.974375793, 35.510416665 ], [ 136.974688794, 35.510416665 ], [ 136.974688793, 35.510207665 ], [ 136.975000795, 35.510207665 ], [ 136.975000794, 35.509999664 ], [ 136.975313796, 35.509999664 ], [ 136.975625797, 35.509999664 ], [ 136.975625796, 35.509791664 ], [ 136.975938798, 35.509791664 ], [ 136.976250799, 35.509791664 ], [ 136.976250798, 35.509582664 ], [ 136.976563799, 35.509582664 ], [ 136.976875801, 35.509582663 ], [ 136.977188802, 35.509582663 ], [ 136.977500803, 35.509582663 ], [ 136.977500803, 35.509791663 ], [ 136.977813804, 35.509791663 ], [ 136.977813805, 35.509999663 ], [ 136.978125806, 35.509999663 ], [ 136.978438807, 35.509999663 ], [ 136.978750808, 35.509999663 ], [ 136.979063809, 35.509999662 ], [ 136.979375811, 35.509999662 ], [ 136.97937581, 35.509791662 ], [ 136.979063809, 35.509791662 ], [ 136.978750808, 35.509791663 ], [ 136.978438807, 35.509791663 ], [ 136.978125806, 35.509791663 ], [ 136.978125805, 35.509582663 ], [ 136.978125805, 35.509374663 ], [ 136.977813804, 35.509374663 ], [ 136.977500803, 35.509374663 ], [ 136.977500802, 35.509166663 ], [ 136.977188801, 35.509166663 ], [ 136.9768758, 35.509166663 ], [ 136.976563799, 35.509166663 ], [ 136.976250798, 35.509166664 ] ], [ [ 136.970938788, 35.517916671 ], [ 136.970938789, 35.518124671 ], [ 136.970625787, 35.518124672 ], [ 136.970625787, 35.517916672 ], [ 136.970938788, 35.517916671 ] ] ] } },
{ "type": "Feature", "properties": { "A31a_401": "8505090066", "A31a_402": "津保川", "A31a_403": "21", "A31a_404": "岐阜県", "A31a_405": 1 }, "geometry": { "type": "Polygon", "coordinates": [ [ [ 136.959063712, 35.474999639 ], [ 136.959063712, 35.47520764 ], [ 136.958750711, 35.47520764 ], [ 136.95843871, 35.47520764 ], [ 136.95843871, 35.47541664 ], [ 136.95843871, 35.475624641 ], [ 136.95843871, 35.475832641 ], [ 136.95843871, 35.476041641 ], [ 136.958750711, 35.476041641 ], [ 136.959063712, 35.476041641 ], [ 136.959063712, 35.475832641 ], [ 136.959375713, 35.47583264 ], [ 136.959375713, 35.476041641 ], [ 136.959375713, 35.476249641 ], [ 136.959375713, 35.476457641 ], [ 136.959688714, 35.476457641 ], [ 136.959688714, 35.476666641 ], [ 136.959688714, 35.476874642 ], [ 136.959688714, 35.477082642 ], [ 136.959688714, 35.477291642 ], [ 136.959375713, 35.477291643 ], [ 136.959063712, 35.477291643 ], [ 136.958750711, 35.477291643 ], [ 136.958750711, 35.477082643 ], [ 136.958438711, 35.477082643 ], [ 136.958438711, 35.477291644 ], [ 136.95812571, 35.477291644 ], [ 136.957813709, 35.477291644 ], [ 136.957813709, 35.477499644 ], [ 136.957813709, 35.477707645 ], [ 136.95812571, 35.477707645 ], [ 136.95812571, 35.477916645 ], [ 136.95812571, 35.478124645 ], [ 136.95812571, 35.478332646 ], [ 136.958438711, 35.478332645 ], [ 136.958438711, 35.478541646 ], [ 136.958438711, 35.478749646 ], [ 136.958438711, 35.478957646 ], [ 136.958750712, 35.478957646 ], [ 136.958750712, 35.478749646 ], [ 136.959063713, 35.478749645 ], [ 136.959375714, 35.478749645 ], [ 136.959375713, 35.478541645 ], [ 136.959688714, 35.478541645 ], [ 136.960000715, 35.478541644 ], [ 136.960000715, 35.478332644 ], [ 136.960313716, 35.478332644 ], [ 136.960313716, 35.478124643 ], [ 136.960313716, 35.477916643 ], [ 136.960625717, 35.477916643 ], [ 136.960625717, 35.477707642 ], [ 136.960625717, 35.477499642 ], [ 136.960625717, 35.477291642 ], [ 136.960625717, 35.477082641 ], [ 136.960625717, 35.476874641 ], [ 136.960625717, 35.476666641 ], [ 136.960313716, 35.476666641 ], [ 136.960313716, 35.47645764 ], [ 136.960313716, 35.47624964 ], [ 136.960313716, 35.47604164 ], [ 136.960313716, 35.475832639 ], [ 136.960000715, 35.47583264 ], [ 136.960000715, 35.475624639 ], [ 136.960000715, 35.475416639 ], [ 136.959688714, 35.475416639 ], [ 136.959688714, 35.475207639 ], [ 136.959375713, 35.475207639 ], [ 136.959375713, 35.474999639 ], [ 136.959063712, 35.474999639 ] ] ] } },
{ "type": "Feature", "properties": { "A31a_401": "8505090066", "A31a_402": "津保川", "A31a_403": "21", "A31a_404": "岐阜県", "A31a_405": 1 }, "geometry": { "type": "Polygon", "coordinates": [ [ [ 136.93000061, 35.469791664 ], [ 136.930000609, 35.469999665 ], [ 136.929688608, 35.469999665 ], [ 136.929688608, 35.470207666 ], [ 136.929375607, 35.470207666 ], [ 136.929375606, 35.470416667 ], [ 136.929063605, 35.470416667 ], [ 136.928750604, 35.470416668 ], [ 136.928750604, 35.470624668 ], [ 136.928438602, 35.470624669 ], [ 136.928125601, 35.470624669 ], [ 136.928125601, 35.47083267 ], [ 136.927813599, 35.47083267 ], [ 136.927813599, 35.471041671 ], [ 136.927500598, 35.471041671 ], [ 136.927188597, 35.471041672 ], [ 136.927188596, 35.471249672 ], [ 136.926875595, 35.471249673 ], [ 136.926875595, 35.471457673 ], [ 136.926563593, 35.471457674 ], [ 136.926250592, 35.471457674 ], [ 136.926250592, 35.471666675 ], [ 136.925938591, 35.471666675 ], [ 136.92593859, 35.471874676 ], [ 136.925625589, 35.471874676 ], [ 136.925313588, 35.471874677 ], [ 136.925313588, 35.472082677 ], [ 136.925000586, 35.472082677 ], [ 136.924688585, 35.472082678 ], [ 136.924688585, 35.472291679 ], [ 136.924375583, 35.472291679 ], [ 136.924375583, 35.47249968 ], [ 136.924063582, 35.47249968 ], [ 136.92375058, 35.472499681 ], [ 136.92375058, 35.472707681 ], [ 136.923438579, 35.472707682 ], [ 136.923125578, 35.472707683 ], [ 136.923125577, 35.472916683 ], [ 136.923125577, 35.473124683 ], [ 136.923125577, 35.473332684 ], [ 136.923438578, 35.473332683 ], [ 136.92375058, 35.473332683 ], [ 136.924063581, 35.473332682 ], [ 136.924375582, 35.473332681 ], [ 136.924688584, 35.473332681 ], [ 136.924688584, 35.47312468 ], [ 136.925000585, 35.47312468 ], [ 136.925313587, 35.473124679 ], [ 136.925625588, 35.473124679 ], [ 136.925938589, 35.473124678 ], [ 136.92625059, 35.473124678 ], [ 136.926563592, 35.473124677 ], [ 136.926563592, 35.472916677 ], [ 136.926563592, 35.472707676 ], [ 136.926875594, 35.472707676 ], [ 136.926875593, 35.472916676 ], [ 136.926875593, 35.473124677 ], [ 136.927188594, 35.473124676 ], [ 136.927500596, 35.473124676 ], [ 136.927500596, 35.472916675 ], [ 136.927500596, 35.472707675 ], [ 136.927813598, 35.472707674 ], [ 136.927813598, 35.472499674 ], [ 136.928125599, 35.472499673 ], [ 136.928125599, 35.472291673 ], [ 136.928125599, 35.472082672 ], [ 136.9281256, 35.471874672 ], [ 136.9281256, 35.471666672 ], [ 136.928438601, 35.471666671 ], [ 136.928438601, 35.471457671 ], [ 136.928750603, 35.47145767 ], [ 136.929063604, 35.47145767 ], [ 136.929063604, 35.471249669 ], [ 136.929375606, 35.471249669 ], [ 136.929375606, 35.471041668 ], [ 136.929688607, 35.471041668 ], [ 136.929688607, 35.470832667 ], [ 136.929688608, 35.470624667 ], [ 136.930000609, 35.470624666 ], [ 136.930000609, 35.470416666 ], [ 136.930000609, 35.470207665 ], [ 136.930313611, 35.470207665 ], [ 136.930313611, 35.469999664 ], [ 136.930313611, 35.469791664 ], [ 136.93000061, 35.469791664 ] ] ] } },
{ "type": "Feature", "properties": { "A31a_401": "8505090066", "A31a_402": "津保川", "A31a_403": "21", "A31a_404": "岐阜県", "A31a_405": 1 }, "geometry": { "type": "Polygon", "coordinates": [ [ [ 136.951250692, 35.46770763 ], [ 136.951250692, 35.46791663 ], [ 136.950938691, 35.46791663 ], [ 136.95062569, 35.46791663 ], [ 136.950313689, 35.467916631 ], [ 136.950313689, 35.468124631 ], [ 136.950313689, 35.468332631 ], [ 136.950313689, 35.468541632 ], [ 136.950313689, 35.468749632 ], [ 136.95062569, 35.468749632 ], [ 136.950938691, 35.468749632 ], [ 136.950938691, 35.468957633 ], [ 136.951250692, 35.468957632 ], [ 136.951563692, 35.468957632 ], [ 136.951563692, 35.469166633 ], [ 136.951875693, 35.469166633 ], [ 136.951875693, 35.469374633 ], [ 136.952188694, 35.469374633 ], [ 136.952500695, 35.469374633 ], [ 136.952813696, 35.469374632 ], [ 136.952813696, 35.469582633 ], [ 136.953125696, 35.469582633 ], [ 136.953438697, 35.469582633 ], [ 136.953750698, 35.469582632 ], [ 136.953750698, 35.469374632 ], [ 136.953750698, 35.469166631 ], [ 136.953750698, 35.468957631 ], [ 136.953438698, 35.468957631 ], [ 136.953125697, 35.468957631 ], [ 136.952813696, 35.468957632 ], [ 136.952500695, 35.468957632 ], [ 136.952188694, 35.468957632 ], [ 136.952188694, 35.468749631 ], [ 136.952188694, 35.468541631 ], [ 136.952188694, 35.46833263 ], [ 136.952188694, 35.46812463 ], [ 136.951875693, 35.46812463 ], [ 136.951875694, 35.46791663 ], [ 136.951875694, 35.467707629 ], [ 136.951563693, 35.467707629 ], [ 136.951250692, 35.46770763 ] ] ] } },
{ "type": "Feature", "properties": { "A31a_401": "8505090066", "A31a_402": "津保川", "A31a_403": "21", "A31a_404": "岐阜県", "A31a_405": 1 }, "geometry": { "type": "Polygon", "coordinates": [ [ [ 136.94500067, 35.467707637 ], [ 136.944688669, 35.467707637 ], [ 136.944375668, 35.467707638 ], [ 136.944063667, 35.467707638 ], [ 136.943750666, 35.467707639 ], [ 136.943750666, 35.467916639 ], [ 136.943438665, 35.467916639 ], [ 136.943125664, 35.46791664 ], [ 136.942813662, 35.46791664 ], [ 136.942500661, 35.467916641 ], [ 136.94218866, 35.467916641 ], [ 136.94218866, 35.468124642 ], [ 136.94218866, 35.468332642 ], [ 136.94218866, 35.468541643 ], [ 136.94218866, 35.468749643 ], [ 136.942188659, 35.468957644 ], [ 136.941875658, 35.468957644 ], [ 136.941563657, 35.468957644 ], [ 136.941250656, 35.468957645 ], [ 136.940938655, 35.468957645 ], [ 136.940625654, 35.468957646 ], [ 136.940313652, 35.468957646 ], [ 136.940000651, 35.468957646 ], [ 136.940000652, 35.468749646 ], [ 136.93968865, 35.468749646 ], [ 136.939375649, 35.468749647 ], [ 136.939063648, 35.468749647 ], [ 136.939063648, 35.468541647 ], [ 136.938750647, 35.468541647 ], [ 136.938750647, 35.468332647 ], [ 136.938438646, 35.468332647 ], [ 136.938125645, 35.468332647 ], [ 136.938125645, 35.468124647 ], [ 136.937813644, 35.468124647 ], [ 136.937500643, 35.468124648 ], [ 136.937188642, 35.468124648 ], [ 136.937188642, 35.467916648 ], [ 136.936875641, 35.467916648 ], [ 136.936563639, 35.467916649 ], [ 136.936250638, 35.46791665 ], [ 136.936250638, 35.467707649 ], [ 136.935938637, 35.46770765 ], [ 136.935625635, 35.46770765 ], [ 136.935313634, 35.467707651 ], [ 136.935000633, 35.467707651 ], [ 136.935000633, 35.467916652 ], [ 136.934688631, 35.467916652 ], [ 136.93437563, 35.467916653 ], [ 136.934063629, 35.467916653 ], [ 136.934063628, 35.468124654 ], [ 136.933750627, 35.468124654 ], [ 136.933438626, 35.468124655 ], [ 136.933438626, 35.468332655 ], [ 136.933125624, 35.468332656 ], [ 136.933125624, 35.468541656 ], [ 136.932813623, 35.468541657 ], [ 136.932500621, 35.468541657 ], [ 136.932500621, 35.468749658 ], [ 136.93218862, 35.468749658 ], [ 136.931875619, 35.468749659 ], [ 136.931875618, 35.468957659 ], [ 136.93218862, 35.468957659 ], [ 136.93218862, 35.469166659 ], [ 136.931875618, 35.46916666 ], [ 136.931875618, 35.468957659 ], [ 136.931563617, 35.46895766 ], [ 136.931563617, 35.46916666 ], [ 136.931563617, 35.469374661 ], [ 136.931875618, 35.46937466 ], [ 136.932188619, 35.46937466 ], [ 136.932500621, 35.469374659 ], [ 136.932500621, 35.469166659 ], [ 136.932813622, 35.469166658 ], [ 136.932813622, 35.469374659 ], [ 136.932500621, 35.469374659 ], [ 136.93250062, 35.46958266 ], [ 136.93250062, 35.46979166 ], [ 136.932813622, 35.46979166 ], [ 136.932813622, 35.469582659 ], [ 136.933125623, 35.469582659 ], [ 136.933125623, 35.469374658 ], [ 136.933438625, 35.469374658 ], [ 136.933750626, 35.469374657 ], [ 136.934063627, 35.469374657 ], [ 136.934063627, 35.469166656 ], [ 136.934375629, 35.469166656 ], [ 136.93468863, 35.469166655 ], [ 136.93468863, 35.469374656 ], [ 136.934375629, 35.469374656 ], [ 136.934375628, 35.469582657 ], [ 136.934375628, 35.469791657 ], [ 136.934688629, 35.469791657 ], [ 136.934688629, 35.469999657 ], [ 136.935000631, 35.469999656 ], [ 136.93500063, 35.470207657 ], [ 136.935313632, 35.470207656 ], [ 136.935625633, 35.470207656 ], [ 136.935938634, 35.470207655 ], [ 136.936250636, 35.470207655 ], [ 136.936250635, 35.470416655 ], [ 136.936563637, 35.470416655 ], [ 136.936875638, 35.470416654 ], [ 136.936875638, 35.470624655 ], [ 136.936875638, 35.470832655 ], [ 136.937188639, 35.470832655 ], [ 136.937188639, 35.471041655 ], [ 136.937188639, 35.471249656 ], [ 136.937188638, 35.471457656 ], [ 136.93750064, 35.471457656 ], [ 136.937813641, 35.471457655 ], [ 136.937813641, 35.471249655 ], [ 136.937813641, 35.471041654 ], [ 136.938125642, 35.471041654 ], [ 136.938125643, 35.470832653 ], [ 136.938438644, 35.470832653 ], [ 136.938750645, 35.470832652 ], [ 136.938750645, 35.470624652 ], [ 136.939063646, 35.470624652 ], [ 136.939375648, 35.470624651 ], [ 136.939688649, 35.470624651 ], [ 136.94000065, 35.47062465 ], [ 136.940313651, 35.47062465 ], [ 136.940625652, 35.47062465 ], [ 136.940625652, 35.470416649 ], [ 136.940938654, 35.470416649 ], [ 136.941250655, 35.470416648 ], [ 136.941563656, 35.470416648 ], [ 136.941563656, 35.470207647 ], [ 136.941563656, 35.469999647 ], [ 136.941875657, 35.469999646 ], [ 136.942188659, 35.469999646 ], [ 136.94250066, 35.469999646 ], [ 136.94250066, 35.470207646 ], [ 136.942813661, 35.470207646 ], [ 136.942813661, 35.469999645 ], [ 136.942813661, 35.469791645 ], [ 136.943125662, 35.469791644 ], [ 136.943125662, 35.469582644 ], [ 136.943125663, 35.469374643 ], [ 136.943438664, 35.469374643 ], [ 136.943438664, 35.469582643 ], [ 136.943750665, 35.469582643 ], [ 136.943750665, 35.469791643 ], [ 136.943750664, 35.469999644 ], [ 136.943750664, 35.470207644 ], [ 136.944063665, 35.470207644 ], [ 136.944375667, 35.470207644 ], [ 136.944688668, 35.470207643 ], [ 136.945000669, 35.470207643 ], [ 136.94531367, 35.470207642 ], [ 136.945625671, 35.470207642 ], [ 136.945938672, 35.470207641 ], [ 136.945938672, 35.470416642 ], [ 136.945938672, 35.470624642 ], [ 136.945938672, 35.470832643 ], [ 136.946250673, 35.470832642 ], [ 136.946250673, 35.471041643 ], [ 136.946563674, 35.471041643 ], [ 136.946875676, 35.471041642 ], [ 136.946875675, 35.471249643 ], [ 136.946875675, 35.471457643 ], [ 136.946875675, 35.471666644 ], [ 136.946875675, 35.471874644 ], [ 136.947188676, 35.471874644 ], [ 136.947500678, 35.471874643 ], [ 136.947813679, 35.471874643 ], [ 136.94812568, 35.471874642 ], [ 136.94812568, 35.471666642 ], [ 136.94812568, 35.471457641 ], [ 136.94812568, 35.471249641 ], [ 136.94812568, 35.47104164 ], [ 136.948438682, 35.47104164 ], [ 136.948750683, 35.47104164 ], [ 136.948750683, 35.470832639 ], [ 136.948750683, 35.470624639 ], [ 136.948750683, 35.470416638 ], [ 136.948438682, 35.470416639 ], [ 136.948438682, 35.470207638 ], [ 136.948125681, 35.470207639 ], [ 136.948125681, 35.469999638 ], [ 136.948125681, 35.469791638 ], [ 136.94781368, 35.469791638 ], [ 136.94781368, 35.469582637 ], [ 136.94781368, 35.469374637 ], [ 136.947500679, 35.469374637 ], [ 136.947500679, 35.469166637 ], [ 136.947188678, 35.469166637 ], [ 136.947188678, 35.468957637 ], [ 136.947188678, 35.468749636 ], [ 136.946875677, 35.468749637 ], [ 136.946875677, 35.468541636 ], [ 136.946563676, 35.468541637 ], [ 136.946563676, 35.468332636 ], [ 136.946250675, 35.468332637 ], [ 136.946250675, 35.468124636 ], [ 136.945938674, 35.468124637 ], [ 136.945938674, 35.467916636 ], [ 136.945625673, 35.467916637 ], [ 136.945313671, 35.467916637 ], [ 136.945313672, 35.467707636 ], [ 136.94500067, 35.467707637 ] ] ] } },
{ "type": "Feature", "properties": { "A31a_401": "8505090066", "A31a_402": "津保川", "A31a_403": "21", "A31a_404": "岐阜県", "A31a_405": 1 }, "geometry": { "type": "Polygon", "coordinates": [ [ [ 136.914688534, 35.479166713 ], [ 136.914688534, 35.479374713 ], [ 136.915000536, 35.479374712 ], [ 136.915000536, 35.479166712 ], [ 136.914688534, 35.479166713 ] ] ] } },
{ "type": "Feature", "properties": { "A31a_401": "8505090066", "A31a_402": "津保川", "A31a_403": "21", "A31a_404": "岐阜県", "A31a_405": 1 }, "geometry": { "type": "Polygon", "coordinates": [ [ [ 136.916875545, 35.478332707 ], [ 136.916563544, 35.478332707 ], [ 136.916250542, 35.478332708 ], [ 136.916250542, 35.478541708 ], [ 136.915938541, 35.478541709 ], [ 136.91593854, 35.478749709 ], [ 136.915625539, 35.47874971 ], [ 136.915625539, 35.47895771 ], [ 136.915313537, 35.478957711 ], [ 136.915000536, 35.478957712 ], [ 136.915000536, 35.479166712 ], [ 136.915313537, 35.479166711 ], [ 136.915313537, 35.479374712 ], [ 136.915313537, 35.479582712 ], [ 136.915625538, 35.479582712 ], [ 136.915625538, 35.479374711 ], [ 136.91593854, 35.479374711 ], [ 136.91593854, 35.47916671 ], [ 136.91593854, 35.47895771 ], [ 136.916250542, 35.478957709 ], [ 136.916563543, 35.478957709 ], [ 136.916875544, 35.478957708 ], [ 136.916875544, 35.478749708 ], [ 136.917188546, 35.478749707 ], [ 136.917188546, 35.478541706 ], [ 136.917188546, 35.478332706 ], [ 136.916875545, 35.478332707 ] ] ] } },
{ "type": "Feature", "properties": { "A31a_401": "8505090066", "A31a_402": "津保川", "A31a_403": "21", "A31a_404": "岐阜県", "A31a_405": 1 }, "geometry": { "type": "Polygon", "coordinates": [ [ [ 136.916875544, 35.478957708 ], [ 136.916875544, 35.479166708 ], [ 136.917188545, 35.479166708 ], [ 136.917188546, 35.478957707 ], [ 136.916875544, 35.478957708 ] ] ] } },
{ "type": "Feature", "properties": { "A31a_401": "8505090066", "A31a_402": "津保川", "A31a_403": "21", "A31a_404": "岐阜県", "A31a_405": 1 }, "geometry": { "type": "Polygon", "coordinates": [ [ [ 136.913750532, 35.478332713 ], [ 136.913750531, 35.478541713 ], [ 136.913750531, 35.478749713 ], [ 136.913750531, 35.478957714 ], [ 136.91375053, 35.479166714 ], [ 136.914063532, 35.479166714 ], [ 136.914063532, 35.478957713 ], [ 136.914063532, 35.478749713 ], [ 136.914063533, 35.478541712 ], [ 136.914063533, 35.478332712 ], [ 136.913750532, 35.478332713 ] ] ] } },
{ "type": "Feature", "properties": { "A31a_401": "8505090066", "A31a_402": "津保川", "A31a_403": "21", "A31a_404": "岐阜県", "A31a_405": 1 }, "geometry": { "type": "Polygon", "coordinates": [ [ [ 136.918750555, 35.4768747 ], [ 136.918438553, 35.476874701 ], [ 136.918438553, 35.477082701 ], [ 136.918438553, 35.477291701 ], [ 136.918750554, 35.477291701 ], [ 136.918750554, 35.477499701 ], [ 136.919063555, 35.477499701 ], [ 136.919375557, 35.4774997 ], [ 136.919375557, 35.4772917 ], [ 136.919375557, 35.477082699 ], [ 136.919063556, 35.4770827 ], [ 136.919063556, 35.476874699 ], [ 136.918750555, 35.4768747 ] ] ] } },
{ "type": "Feature", "properties": { "A31a_401": "8505090066", "A31a_402": "津保川", "A31a_403": "21", "A31a_404": "岐阜県", "A31a_405": 1 }, "geometry": { "type": "Polygon", "coordinates": [ [ [ 136.889688441, 35.477499743 ], [ 136.88937544, 35.477499743 ], [ 136.889063439, 35.477499743 ], [ 136.888750438, 35.477499744 ], [ 136.888438437, 35.477499744 ], [ 136.888438437, 35.477707744 ], [ 136.888750438, 35.477707744 ], [ 136.889063439, 35.477707744 ], [ 136.88937544, 35.477707743 ], [ 136.889688441, 35.477707743 ], [ 136.890000442, 35.477707743 ], [ 136.890313443, 35.477707742 ], [ 136.890313443, 35.477499742 ], [ 136.890000442, 35.477499742 ], [ 136.889688441, 35.477499743 ] ] ] } },
{ "type": "Feature", "properties": { "A31a_401": "8505090066", "A31a_402": "津保川", "A31a_403": "21", "A31a_404": "岐阜県", "A31a_405": 1 }, "geometry": { "type": "Polygon", "coordinates": [ [ [ 136.893125453, 35.477082739 ], [ 136.892813452, 35.477082739 ], [ 136.892500451, 35.477082739 ], [ 136.89218845, 35.477082739 ], [ 136.891875449, 35.47708274 ], [ 136.891563448, 35.47708274 ], [ 136.891250447, 35.47708274 ], [ 136.890938445, 35.477082741 ], [ 136.890938445, 35.477291741 ], [ 136.890625444, 35.477291741 ], [ 136.890313443, 35.477291742 ], [ 136.890313443, 35.477499742 ], [ 136.890625444, 35.477499742 ], [ 136.890938445, 35.477499741 ], [ 136.891250446, 35.477499741 ], [ 136.891563447, 35.477499741 ], [ 136.891875448, 35.47749974 ], [ 136.892188449, 35.47749974 ], [ 136.892188449, 35.47729174 ], [ 136.89250045, 35.477291739 ], [ 136.892813452, 35.477291739 ], [ 136.893125453, 35.477291739 ], [ 136.893438454, 35.477291738 ], [ 136.893438454, 35.477082738 ], [ 136.893125453, 35.477082739 ] ] ] } },
{ "type": "Feature", "properties": { "A31a_401": "8505090066", "A31a_402": "津保川", "A31a_403": "21", "A31a_404": "岐阜県", "A31a_405": 1 }, "geometry": { "type": "Polygon", "coordinates": [ [ [ 136.918750555, 35.476457699 ], [ 136.918750555, 35.476666699 ], [ 136.919063556, 35.476666699 ], [ 136.919063556, 35.476874699 ], [ 136.919375557, 35.476874699 ], [ 136.919375557, 35.477082699 ], [ 136.919688559, 35.477082699 ], [ 136.919688559, 35.476874698 ], [ 136.919688559, 35.476666698 ], [ 136.919375558, 35.476666698 ], [ 136.919375558, 35.476457698 ], [ 136.919063557, 35.476457698 ], [ 136.918750555, 35.476457699 ] ] ] } },
{ "type": "Feature", "properties": { "A31a_401": "8505090066", "A31a_402": "津保川", "A31a_403": "21", "A31a_404": "岐阜県", "A31a_405": 1 }, "geometry": { "type": "Polygon", "coordinates": [ [ [ 136.887500434, 35.477499745 ], [ 136.887500433, 35.477707745 ], [ 136.887813434, 35.477707745 ], [ 136.887813435, 35.477499745 ], [ 136.887500434, 35.477499745 ] ] ] } },
{ "type": "Feature", "properties": { "A31a_401": "8505090066", "A31a_402": "津保川", "A31a_403": "21", "A31a_404": "岐阜県", "A31a_405": 1 }, "geometry": { "type": "Polygon", "coordinates": [ [ [ 136.918125555, 35.473749695 ], [ 136.917813554, 35.473749695 ], [ 136.917813554, 35.473957696 ], [ 136.917813554, 35.474166696 ], [ 136.917813553, 35.474374697 ], [ 136.918125555, 35.474374696 ], [ 136.918125555, 35.474582696 ], [ 136.918125554, 35.474791697 ], [ 136.918125554, 35.474999697 ], [ 136.918438556, 35.474999696 ], [ 136.918438556, 35.474791696 ], [ 136.918438556, 35.474582696 ], [ 136.918750557, 35.474582695 ], [ 136.918750557, 35.474374695 ], [ 136.918750558, 35.474166694 ], [ 136.918750558, 35.473957694 ], [ 136.918438556, 35.473957695 ], [ 136.918438557, 35.473749694 ], [ 136.918125555, 35.473749695 ] ] ] } },
{ "type": "Feature", "properties": { "A31a_401": "8505090066", "A31a_402": "津保川", "A31a_403": "21", "A31a_404": "岐阜県", "A31a_405": 1 }, "geometry": { "type": "Polygon", "coordinates": [ [ [ 136.911250526, 35.47458271 ], [ 136.910938524, 35.47458271 ], [ 136.910625523, 35.474582711 ], [ 136.910313522, 35.474582711 ], [ 136.91000052, 35.474582712 ], [ 136.91000052, 35.474791712 ], [ 136.910313521, 35.474791711 ], [ 136.910625523, 35.474791711 ], [ 136.910938524, 35.47479171 ], [ 136.911250525, 35.47479171 ], [ 136.911250525, 35.47499971 ], [ 136.911563527, 35.47499971 ], [ 136.911563526, 35.47520771 ], [ 136.911875528, 35.47520771 ], [ 136.911875527, 35.47541671 ], [ 136.912188529, 35.47541671 ], [ 136.912188529, 35.475207709 ], [ 136.91250053, 35.475207709 ], [ 136.912500531, 35.474999708 ], [ 136.912813532, 35.474999708 ], [ 136.912813532, 35.474791707 ], [ 136.912500531, 35.474791708 ], [ 136.912188529, 35.474791708 ], [ 136.911875528, 35.474791709 ], [ 136.911563527, 35.474791709 ], [ 136.911563527, 35.474582709 ], [ 136.911250526, 35.47458271 ] ] ] } },
{ "type": "Feature", "properties": { "A31a_401": "8505090066", "A31a_402": "津保川", "A31a_403": "21", "A31a_404": "岐阜県", "A31a_405": 1 }, "geometry": { "type": "Polygon", "coordinates": [ [ [ 136.921875571, 35.473541687 ], [ 136.92156357, 35.473541687 ], [ 136.92156357, 35.473749688 ], [ 136.92156357, 35.473957688 ], [ 136.92156357, 35.474166689 ], [ 136.921250568, 35.474166689 ], [ 136.921250568, 35.47437469 ], [ 136.920938567, 35.47437469 ], [ 136.920938567, 35.474582691 ], [ 136.920938566, 35.474791691 ], [ 136.920625565, 35.474791692 ], [ 136.920625565, 35.474999692 ], [ 136.920313564, 35.474999693 ], [ 136.920313563, 35.475207693 ], [ 136.920000562, 35.475207694 ], [ 136.920000562, 35.475416694 ], [ 136.920000562, 35.475624695 ], [ 136.920313563, 35.475624694 ], [ 136.920625564, 35.475624693 ], [ 136.920938565, 35.475624693 ], [ 136.920938566, 35.475416692 ], [ 136.921250567, 35.475416692 ], [ 136.921563568, 35.475416691 ], [ 136.921563569, 35.475207691 ], [ 136.921563569, 35.47499969 ], [ 136.92187557, 35.47499969 ], [ 136.92187557, 35.474791689 ], [ 136.921875571, 35.474582689 ], [ 136.921875571, 35.474374688 ], [ 136.921875571, 35.474166688 ], [ 136.921875571, 35.473957688 ], [ 136.922188572, 35.473957687 ], [ 136.922188573, 35.473749687 ], [ 136.922188573, 35.473541686 ], [ 136.921875571, 35.473541687 ] ] ] } },
{ "type": "Feature", "properties": { "A31a_401": "8505090066", "A31a_402": "津保川", "A31a_403": "21", "A31a_404": "岐阜県", "A31a_405": 1 }, "geometry": { "type": "Polygon", "coordinates": [ [ [ 136.912813532, 35.474999708 ], [ 136.912813532, 35.475207708 ], [ 136.91250053, 35.475207709 ], [ 136.91250053, 35.475416709 ], [ 136.912188529, 35.47541671 ], [ 136.912188528, 35.47562471 ], [ 136.912188528, 35.47583271 ], [ 136.912500529, 35.47583271 ], [ 136.912500529, 35.47604171 ], [ 136.91281353, 35.47604171 ], [ 136.913125532, 35.476041709 ], [ 136.913125532, 35.47624971 ], [ 136.913438533, 35.476249709 ], [ 136.913438533, 35.476457709 ], [ 136.913750534, 35.476457709 ], [ 136.914063535, 35.476457708 ], [ 136.914063535, 35.476666709 ], [ 136.914375536, 35.476666708 ], [ 136.914688538, 35.476666707 ], [ 136.915000539, 35.476666707 ], [ 136.91531354, 35.476666706 ], [ 136.915625542, 35.476666706 ], [ 136.915938543, 35.476666705 ], [ 136.915938543, 35.476457705 ], [ 136.916250545, 35.476457704 ], [ 136.916563546, 35.476457703 ], [ 136.916875547, 35.476457703 ], [ 136.916875548, 35.476249702 ], [ 136.917188549, 35.476249702 ], [ 136.917188549, 35.476041701 ], [ 136.916875548, 35.476041702 ], [ 136.916875548, 35.475832701 ], [ 136.916875548, 35.475624701 ], [ 136.916563547, 35.475624702 ], [ 136.916563547, 35.475416701 ], [ 136.916563547, 35.475207701 ], [ 136.916250546, 35.475207701 ], [ 136.916250546, 35.475416702 ], [ 136.915938545, 35.475416702 ], [ 136.915625543, 35.475416703 ], [ 136.915313542, 35.475416704 ], [ 136.915313542, 35.475624704 ], [ 136.91500054, 35.475624705 ], [ 136.915000541, 35.475416704 ], [ 136.914688539, 35.475416705 ], [ 136.914375538, 35.475416705 ], [ 136.914063537, 35.475416706 ], [ 136.913750535, 35.475416707 ], [ 136.913750536, 35.475207706 ], [ 136.913438534, 35.475207707 ], [ 136.913125533, 35.475207708 ], [ 136.913125533, 35.474999707 ], [ 136.912813532, 35.474999708 ] ] ] } },
{ "type": "Feature", "properties": { "A31a_401": "8505090066", "A31a_402": "津保川", "A31a_403": "21", "A31a_404": "岐阜県", "A31a_405": 1 }, "geometry": { "type": "Polygon", "coordinates": [ [ [ 136.908125513, 35.473957714 ], [ 136.907813512, 35.473957714 ], [ 136.907813511, 35.474166714 ], [ 136.90750051, 35.474166715 ], [ 136.907188509, 35.474166715 ], [ 136.906875507, 35.474166716 ], [ 136.906563506, 35.474166716 ], [ 136.906563506, 35.473957716 ], [ 136.906250505, 35.473957716 ], [ 136.905938504, 35.473957717 ], [ 136.905938504, 35.474166717 ], [ 136.905625502, 35.474166718 ], [ 136.905313501, 35.474166718 ], [ 136.9050005, 35.474166719 ], [ 136.904688498, 35.474166719 ], [ 136.904375497, 35.47416672 ], [ 136.904063496, 35.47416672 ], [ 136.904063495, 35.474374721 ], [ 136.904375497, 35.47437472 ], [ 136.904375497, 35.47458272 ], [ 136.904688498, 35.47458272 ], [ 136.905000499, 35.474582719 ], [ 136.905313501, 35.474582719 ], [ 136.905625502, 35.474582718 ], [ 136.905938503, 35.474582718 ], [ 136.906250505, 35.474582717 ], [ 136.906563506, 35.474582717 ], [ 136.906875507, 35.474582716 ], [ 136.907188508, 35.474582716 ], [ 136.90750051, 35.474582715 ], [ 136.907813511, 35.474582715 ], [ 136.908125512, 35.474582714 ], [ 136.908438514, 35.474582714 ], [ 136.908750515, 35.474582714 ], [ 136.909063516, 35.474582713 ], [ 136.909375518, 35.474582713 ], [ 136.909375518, 35.474374712 ], [ 136.909375518, 35.474166712 ], [ 136.909063517, 35.474166712 ], [ 136.908750515, 35.474166713 ], [ 136.908438514, 35.474166713 ], [ 136.908438514, 35.473957713 ], [ 136.908125513, 35.473957714 ] ] ] } },
{ "type": "Feature", "properties": { "A31a_401": "8505090066", "A31a_402": "津保川", "A31a_403": "21", "A31a_404": "岐阜県", "A31a_405": 1 }, "geometry": { "type": "Polygon", "coordinates": [ [ [ 136.922188574, 35.472082683 ], [ 136.922188574, 35.472291684 ], [ 136.922500575, 35.472291683 ], [ 136.922500576, 35.472082683 ], [ 136.922188574, 35.472082683 ] ] ] } },
{ "type": "Feature", "properties": { "A31a_401": "8505090066", "A31a_402": "津保川", "A31a_403": "21", "A31a_404": "岐阜県", "A31a_405": 1 }, "geometry": { "type": "Polygon", "coordinates": [ [ [ 136.880938415, 35.478957751 ], [ 136.880938414, 35.479166751 ], [ 136.880625414, 35.479166751 ], [ 136.880625413, 35.479374751 ], [ 136.880938414, 35.479374751 ], [ 136.881250415, 35.479374751 ], [ 136.881250415, 35.479166751 ], [ 136.881563416, 35.479166751 ], [ 136.881875417, 35.47916675 ], [ 136.881875417, 35.47895775 ], [ 136.881563416, 35.47895775 ], [ 136.881250415, 35.47895775 ], [ 136.880938415, 35.478957751 ] ] ] } },
{ "type": "Feature", "properties": { "A31a_401": "8505090066", "A31a_402": "津保川", "A31a_403": "21", "A31a_404": "岐阜県", "A31a_405": 1 }, "geometry": { "type": "Polygon", "coordinates": [ [ [ 136.925000588, 35.470624675 ], [ 136.925000588, 35.470832675 ], [ 136.924688586, 35.470832676 ], [ 136.924688586, 35.471041676 ], [ 136.924375585, 35.471041677 ], [ 136.924375584, 35.471249677 ], [ 136.924063583, 35.471249678 ], [ 136.923750582, 35.471249678 ], [ 136.923750581, 35.471457679 ], [ 136.92343858, 35.47145768 ], [ 136.92343858, 35.47166668 ], [ 136.923125579, 35.471666681 ], [ 136.922813577, 35.471666681 ], [ 136.922813577, 35.471874682 ], [ 136.922500576, 35.471874682 ], [ 136.922500576, 35.472082683 ], [ 136.922813577, 35.472082682 ], [ 136.923125578, 35.472082681 ], [ 136.923125578, 35.471874681 ], [ 136.92343858, 35.47187468 ], [ 136.923750581, 35.47187468 ], [ 136.923750581, 35.471666679 ], [ 136.924063583, 35.471666679 ], [ 136.924375584, 35.471666678 ], [ 136.924375584, 35.471457678 ], [ 136.924688586, 35.471457677 ], [ 136.924688586, 35.471249676 ], [ 136.925000587, 35.471249676 ], [ 136.925313588, 35.471249675 ], [ 136.925313589, 35.471041675 ], [ 136.925313589, 35.470832674 ], [ 136.925313589, 35.470624674 ], [ 136.925000588, 35.470624675 ] ] ] } },
{ "type": "Feature", "properties": { "A31a_401": "8505090066", "A31a_402": "津保川", "A31a_403": "21", "A31a_404": "岐阜県", "A31a_405": 1 }, "geometry": { "type": "Polygon", "coordinates": [ [ [ 136.882188418, 35.478541749 ], [ 136.882188418, 35.47874975 ], [ 136.881875417, 35.47874975 ], [ 136.881875417, 35.47895775 ], [ 136.882188418, 35.47895775 ], [ 136.882500419, 35.47895775 ], [ 136.882500419, 35.478749749 ], [ 136.88281342, 35.478749749 ], [ 136.883125421, 35.478749749 ], [ 136.883125421, 35.478541749 ], [ 136.88281342, 35.478541749 ], [ 136.882500419, 35.478541749 ], [ 136.882188418, 35.478541749 ] ] ] } },
{ "type": "Feature", "properties": { "A31a_401": "8505090066", "A31a_402": "津保川", "A31a_403": "21", "A31a_404": "岐阜県", "A31a_405": 1 }, "geometry": { "type": "Polygon", "coordinates": [ [ [ 136.955000701, 35.471666636 ], [ 136.955000701, 35.471874636 ], [ 136.9546887, 35.471874637 ], [ 136.9546887, 35.472082637 ], [ 136.9546887, 35.472291637 ], [ 136.955000701, 35.472291637 ], [ 136.955000701, 35.472499638 ], [ 136.955000701, 35.472707638 ], [ 136.955313702, 35.472707638 ], [ 136.955313702, 35.472916638 ], [ 136.955625703, 35.472916638 ], [ 136.955625703, 35.472707638 ], [ 136.955625703, 35.472499637 ], [ 136.955625703, 35.472291637 ], [ 136.955313702, 35.472291637 ], [ 136.955313702, 35.472082637 ], [ 136.955313702, 35.471874636 ], [ 136.955313702, 35.471666636 ], [ 136.955000701, 35.471666636 ] ] ] } },
{ "type": "Feature", "properties": { "A31a_401": "8505090066", "A31a_402": "津保川", "A31a_403": "21", "A31a_404": "岐阜県", "A31a_405": 1 }, "geometry": { "type": "Polygon", "coordinates": [ [ [ 136.884688426, 35.477499747 ], [ 136.884688426, 35.477707747 ], [ 136.884375425, 35.477707747 ], [ 136.884375425, 35.477916747 ], [ 136.884063424, 35.477916748 ], [ 136.883750423, 35.477916748 ], [ 136.883750423, 35.478124748 ], [ 136.883438422, 35.478124748 ], [ 136.883438422, 35.478332748 ], [ 136.883125421, 35.478332749 ], [ 136.883125421, 35.478541749 ], [ 136.883438422, 35.478541749 ], [ 136.883750422, 35.478541749 ], [ 136.884063423, 35.478541748 ], [ 136.884063423, 35.478332748 ], [ 136.884375424, 35.478332748 ], [ 136.884375424, 35.478124748 ], [ 136.884688425, 35.478124747 ], [ 136.885000426, 35.478124747 ], [ 136.885313427, 35.478124747 ], [ 136.885625428, 35.478124747 ], [ 136.885625428, 35.477916747 ], [ 136.885313427, 35.477916747 ], [ 136.885313427, 35.477707747 ], [ 136.885000427, 35.477707747 ], [ 136.885000427, 35.477499747 ], [ 136.884688426, 35.477499747 ] ] ] } },
{ "type": "Feature", "properties": { "A31a_401": "8505090066", "A31a_402": "津保川", "A31a_403": "21", "A31a_404": "岐阜県", "A31a_405": 1 }, "geometry": { "type": "Polygon", "coordinates": [ [ [ 136.985938877, 35.528541656 ], [ 136.985938878, 35.528749656 ], [ 136.986250879, 35.528749655 ], [ 136.986250879, 35.528541655 ], [ 136.985938877, 35.528541656 ] ] ] } },
{ "type": "Feature", "properties": { "A31a_401": "8505090066", "A31a_402": "津保川", "A31a_403": "21", "A31a_404": "岐阜県", "A31a_405": 1 }, "geometry": { "type": "Polygon", "coordinates": [ [ [ 136.852813353, 35.468957755 ], [ 136.852813353, 35.469166754 ], [ 136.853125354, 35.469166754 ], [ 136.853125354, 35.469374754 ], [ 136.853438354, 35.469374754 ], [ 136.853750355, 35.469374754 ], [ 136.853750355, 35.469166754 ], [ 136.853438354, 35.469166754 ], [ 136.853438354, 35.468957754 ], [ 136.853125354, 35.468957754 ], [ 136.852813353, 35.468957755 ] ] ] } },
{ "type": "Feature", "properties": { "A31a_401": "8505090066", "A31a_402": "津保川", "A31a_403": "21", "A31a_404": "岐阜県", "A31a_405": 1 }, "geometry": { "type": "Polygon", "coordinates": [ [ [ 136.986250879, 35.528749655 ], [ 136.98625088, 35.528957655 ], [ 136.986563881, 35.528957655 ], [ 136.986563881, 35.528749655 ], [ 136.986250879, 35.528749655 ] ] ] } },
{ "type": "Feature", "properties": { "A31a_401": "8505090066", "A31a_402": "津保川", "A31a_403": "21", "A31a_404": "岐阜県", "A31a_405": 1 }, "geometry": { "type": "Polygon", "coordinates": [ [ [ 136.987188885, 35.529166654 ], [ 136.987188885, 35.529374654 ], [ 136.986875884, 35.529374655 ], [ 136.986875884, 35.529582655 ], [ 136.987188885, 35.529582654 ], [ 136.987188886, 35.529791654 ], [ 136.987500887, 35.529791654 ], [ 136.987500887, 35.529582654 ], [ 136.987813888, 35.529582654 ], [ 136.987813888, 35.529374654 ], [ 136.987500887, 35.529374654 ], [ 136.987500886, 35.529166654 ], [ 136.987188885, 35.529166654 ] ] ] } },
{ "type": "Feature", "properties": { "A31a_401": "8505090066", "A31a_402": "津保川", "A31a_403": "21", "A31a_404": "岐阜県", "A31a_405": 1 }, "geometry": { "type": "Polygon", "coordinates": [ [ [ 136.993438924, 35.534166648 ], [ 136.993438925, 35.534374648 ], [ 136.993438925, 35.534582648 ], [ 136.993438926, 35.534791648 ], [ 136.993438927, 35.534999648 ], [ 136.993438927, 35.535207648 ], [ 136.993750929, 35.535207648 ], [ 136.993750928, 35.534999648 ], [ 136.99406393, 35.534999648 ], [ 136.994063929, 35.534791648 ], [ 136.994063928, 35.534582648 ], [ 136.993750927, 35.534582648 ], [ 136.993750926, 35.534374648 ], [ 136.993750926, 35.534166648 ], [ 136.993438924, 35.534166648 ] ] ] } },
{ "type": "Feature", "properties": { "A31a_401": "8505090066", "A31a_402": "津保川", "A31a_403": "21", "A31a_404": "岐阜県", "A31a_405": 1 }, "geometry": { "type": "Polygon", "coordinates": [ [ [ 136.995000929, 35.533124648 ], [ 136.995000929, 35.533332648 ], [ 136.994688928, 35.533332648 ], [ 136.994688929, 35.533541648 ], [ 136.994375927, 35.533541648 ], [ 136.994063926, 35.533541648 ], [ 136.994063926, 35.533749648 ], [ 136.994063927, 35.533957648 ], [ 136.994063927, 35.534166648 ], [ 136.994375929, 35.534166648 ], [ 136.994375929, 35.534374648 ], [ 136.99437593, 35.534582648 ], [ 136.994688931, 35.534582647 ], [ 136.994688932, 35.534791647 ], [ 136.994688933, 35.534999647 ], [ 136.995000934, 35.534999647 ], [ 136.995000935, 35.535207647 ], [ 136.995313936, 35.535207647 ], [ 136.995313937, 35.535416646 ], [ 136.995625938, 35.535416646 ], [ 136.995625939, 35.535624646 ], [ 136.99593894, 35.535624646 ], [ 136.995938941, 35.535832646 ], [ 136.996250942, 35.535832646 ], [ 136.996250943, 35.536041645 ], [ 136.996563944, 35.536041645 ], [ 136.996563945, 35.536249645 ], [ 136.996875946, 35.536249645 ], [ 136.996875947, 35.536457645 ], [ 136.997188949, 35.536457644 ], [ 136.997188949, 35.536666644 ], [ 136.997500951, 35.536666644 ], [ 136.997813952, 35.536666644 ], [ 136.997813953, 35.536874644 ], [ 136.998125954, 35.536874644 ], [ 136.998438956, 35.536874643 ], [ 136.998438956, 35.537082643 ], [ 136.998750958, 35.537082643 ], [ 136.998750959, 35.537291643 ], [ 136.99906396, 35.537291643 ], [ 136.999375962, 35.537291642 ], [ 136.999375962, 35.537499642 ], [ 136.999688964, 35.537499642 ], [ 136.999688964, 35.537707642 ], [ 137.000000966, 35.537707642 ], [ 137.000313967, 35.537707641 ], [ 137.000313968, 35.537916641 ], [ 137.000625969, 35.537916641 ], [ 137.000938971, 35.537916641 ], [ 137.00093897, 35.537707641 ], [ 137.000625969, 35.537707641 ], [ 137.000625968, 35.537499641 ], [ 137.000313967, 35.537499642 ], [ 137.000313966, 35.537291642 ], [ 137.000000965, 35.537291642 ], [ 136.999688963, 35.537291642 ], [ 136.999688963, 35.537082642 ], [ 136.999375961, 35.537082642 ], [ 136.99937596, 35.536874643 ], [ 136.999063959, 35.536874643 ], [ 136.998750957, 35.536874643 ], [ 136.998750957, 35.536666643 ], [ 136.998438955, 35.536666643 ], [ 136.998438955, 35.536457644 ], [ 136.998125953, 35.536457644 ], [ 136.997813952, 35.536457644 ], [ 136.997813951, 35.536249644 ], [ 136.997500949, 35.536249644 ], [ 136.997500949, 35.536041644 ], [ 136.997188947, 35.536041645 ], [ 136.997188947, 35.535832645 ], [ 136.996875945, 35.535832645 ], [ 136.996875945, 35.535624645 ], [ 136.996563943, 35.535624645 ], [ 136.996563943, 35.535416646 ], [ 136.996250941, 35.535416646 ], [ 136.996250941, 35.535207646 ], [ 136.995938939, 35.535207646 ], [ 136.995938938, 35.534999646 ], [ 136.995625937, 35.534999646 ], [ 136.995625936, 35.534791647 ], [ 136.995625936, 35.534582647 ], [ 136.995313934, 35.534582647 ], [ 136.995313934, 35.534374647 ], [ 136.995313933, 35.534166647 ], [ 136.995313933, 35.533957647 ], [ 136.995313932, 35.533749647 ], [ 136.995313931, 35.533541647 ], [ 136.995313931, 35.533332648 ], [ 136.99531393, 35.533124648 ], [ 136.995000929, 35.533124648 ] ] ] } }
]
}
