{
"type": "FeatureCollection",
"name": "kuma",
"crs": { "type": "name", "properties": { "name": "urn:ogc:def:crs:OGC:1.3:CRS84" } },
"features": [
{ "type": "Feature", "properties": { "出没月": "4月", "出没時間": "19時~20時", "通報者": "地域住民", "出没場所": "国・県・市道", "目撃者状況": "その他車移動" }, "geometry": { "type": "Point", "coordinates": [ 137.20819409483255, 35.574971046473188 ] } },
{ "type": "Feature", "properties": { "出没月": "4月", "出没時間": "13時~14時", "通報者": "登山者", "出没場所": "林道", "目撃者状況": "登山" }, "geometry": { "type": "Point", "coordinates": [ 137.513480527729627, 35.645265868107288 ] } },
{ "type": "Feature", "properties": { "出没月": "4月", "出没時間": "15時~16時", "通報者": "建設業関係者", "出没場所": "山林", "目撃者状況": "建設作業" }, "geometry": { "type": "Point", "coordinates": [ 137.185231500317514, 36.348336467296427 ] } },
{ "type": "Feature", "properties": { "出没月": "4月", "出没時間": "5時~6時", "通報者": "その他", "出没場所": "国・県・市道", "目撃者状況": "通勤・通学" }, "geometry": { "type": "Point", "coordinates": [ 137.23584107740632, 36.267156933290543 ] } },
{ "type": "Feature", "properties": { "出没月": "4月", "出没時間": "15時~16時", "通報者": "その他", "出没場所": "その他", "目撃者状況": "その他" }, "geometry": { "type": "Point", "coordinates": [ 136.625713442826878, 35.600235987323344 ] } },
{ "type": "Feature", "properties": { "出没月": "4月", "出没時間": "18時~19時", "通報者": "地域住民", "出没場所": "国・県・市道", "目撃者状況": "通勤・通学" }, "geometry": { "type": "Point", "coordinates": [ 136.626667898000676, 35.610121539073234 ] } },
{ "type": "Feature", "properties": { "出没月": "4月", "出没時間": "12時~13時", "通報者": "地域住民", "出没場所": "国・県・市道", "目撃者状況": "その他車移動" }, "geometry": { "type": "Point", "coordinates": [ 137.411806719792992, 35.485844310916548 ] } },
{ "type": "Feature", "properties": { "出没月": "5月", "出没時間": "9時~10時", "通報者": "地域住民", "出没場所": "住宅地", "目撃者状況": "農作業" }, "geometry": { "type": "Point", "coordinates": [ 137.145392924922533, 36.33589673652537 ] } },
{ "type": "Feature", "properties": { "出没月": "5月", "出没時間": "9時~10時", "通報者": "地域住民", "出没場所": "河川敷", "目撃者状況": "その他車移動" }, "geometry": { "type": "Point", "coordinates": [ 137.149944913359519, 36.329725745814301 ] } },
{ "type": "Feature", "properties": { "出没月": "5月", "出没時間": "16時~17時", "通報者": "地域住民", "出没場所": "山林", "目撃者状況": "その他車移動" }, "geometry": { "type": "Point", "coordinates": [ 137.144374089386304, 36.327351037785405 ] } },
{ "type": "Feature", "properties": { "出没月": "6月", "出没時間": "11時~12時", "通報者": "地域住民", "出没場所": "山林", "目撃者状況": null }, "geometry": { "type": "Point", "coordinates": [ 137.176042906249734, 36.235203447313104 ] } },
{ "type": "Feature", "properties": { "出没月": "4月", "出没時間": "9時~10時", "通報者": "地域住民", "出没場所": "国・県・市道", "目撃者状況": null }, "geometry": { "type": "Point", "coordinates": [ 137.449233268353083, 35.535854620968962 ] } },
{ "type": "Feature", "properties": { "出没月": "5月", "出没時間": "6時~7時", "通報者": "地域住民", "出没場所": "国・県・市道", "目撃者状況": null }, "geometry": { "type": "Point", "coordinates": [ 137.446913505055733, 35.565428373039744 ] } },
{ "type": "Feature", "properties": { "出没月": "6月", "出没時間": "8時~9時", "通報者": "地域住民", "出没場所": "林道", "目撃者状況": "通勤・通学" }, "geometry": { "type": "Point", "coordinates": [ 137.375425629241931, 36.382276037778325 ] } },
{ "type": "Feature", "properties": { "出没月": "6月", "出没時間": "14時~15時", "通報者": "地域住民", "出没場所": "河川敷", "目撃者状況": "その他" }, "geometry": { "type": "Point", "coordinates": [ 137.506778191794098, 35.640094975427168 ] } },
{ "type": "Feature", "properties": { "出没月": "6月", "出没時間": "8時~9時", "通報者": "その他", "出没場所": "山林", "目撃者状況": "その他" }, "geometry": { "type": "Point", "coordinates": [ 137.502624649172532, 35.643043191291561 ] } },
{ "type": "Feature", "properties": { "出没月": "5月", "出没時間": "13時~14時", "通報者": null, "出没場所": "国・県・市道", "目撃者状況": null }, "geometry": { "type": "Point", "coordinates": [ 137.361002274572115, 35.304717118744101 ] } },
{ "type": "Feature", "properties": { "出没月": "4月", "出没時間": "16時~17時", "通報者": null, "出没場所": "農地", "目撃者状況": "通勤・通学" }, "geometry": { "type": "Point", "coordinates": [ 137.384687373704168, 35.431996188685432 ] } },
{ "type": "Feature", "properties": { "出没月": "5月", "出没時間": null, "通報者": null, "出没場所": "国・県・市道", "目撃者状況": "自宅" }, "geometry": { "type": "Point", "coordinates": [ 137.43460270733172, 35.448532299448615 ] } },
{ "type": "Feature", "properties": { "出没月": "6月", "出没時間": "19時~20時", "通報者": "その他", "出没場所": "国・県・市道", "目撃者状況": "その他車移動" }, "geometry": { "type": "Point", "coordinates": [ 137.169457536244551, 35.498573609253505 ] } },
{ "type": "Feature", "properties": { "出没月": "6月", "出没時間": "10時~11時", "通報者": "地域住民", "出没場所": "農地", "目撃者状況": "自宅" }, "geometry": { "type": "Point", "coordinates": [ 136.930401716817727, 35.576649984728341 ] } },
{ "type": "Feature", "properties": { "出没月": "6月", "出没時間": "15時~16時", "通報者": "建設業関係者", "出没場所": "山林", "目撃者状況": "建設作業" }, "geometry": { "type": "Point", "coordinates": [ 137.179966084221917, 36.34142554059332 ] } },
{ "type": "Feature", "properties": { "出没月": "6月", "出没時間": "7時~8時", "通報者": "地域住民", "出没場所": "山林", "目撃者状況": null }, "geometry": { "type": "Point", "coordinates": [ 137.185079437224573, 36.223789822157656 ] } },
{ "type": "Feature", "properties": { "出没月": "5月", "出没時間": "12時~13時", "通報者": "その他", "出没場所": "河川敷", "目撃者状況": "その他" }, "geometry": { "type": "Point", "coordinates": [ 137.165625616409699, 36.339563257098519 ] } },
{ "type": "Feature", "properties": { "出没月": "6月", "出没時間": "11時~12時", "通報者": "地域住民", "出没場所": "住宅地", "目撃者状況": "自宅" }, "geometry": { "type": "Point", "coordinates": [ 137.180239514021281, 36.34549154387156 ] } },
{ "type": "Feature", "properties": { "出没月": "6月", "出没時間": "16時~17時", "通報者": "その他", "出没場所": "国・県・市道", "目撃者状況": "その他車移動" }, "geometry": { "type": "Point", "coordinates": [ 137.178818179893568, 36.393416857355625 ] } },
{ "type": "Feature", "properties": { "出没月": "6月", "出没時間": "5時~6時", "通報者": "地域住民", "出没場所": "国・県・市道", "目撃者状況": "その他車移動" }, "geometry": { "type": "Point", "coordinates": [ 137.178677389748628, 36.393450083172013 ] } },
{ "type": "Feature", "properties": { "出没月": "6月", "出没時間": "19時~20時", "通報者": "地域住民", "出没場所": "国・県・市道", "目撃者状況": "自宅" }, "geometry": { "type": "Point", "coordinates": [ 137.110487532075382, 36.305656829613078 ] } },
{ "type": "Feature", "properties": { "出没月": "6月", "出没時間": "8時~9時", "通報者": "その他", "出没場所": "国・県・市道", "目撃者状況": "その他車移動" }, "geometry": { "type": "Point", "coordinates": [ 137.13202515102094, 36.314898154289999 ] } },
{ "type": "Feature", "properties": { "出没月": "6月", "出没時間": "7時~8時", "通報者": "地域住民", "出没場所": "国・県・市道", "目撃者状況": "通勤・通学" }, "geometry": { "type": "Point", "coordinates": [ 137.030675268388023, 35.850819625189722 ] } },
{ "type": "Feature", "properties": { "出没月": "6月", "出没時間": "11時~12時", "通報者": "その他", "出没場所": "山林", "目撃者状況": "自宅" }, "geometry": { "type": "Point", "coordinates": [ 137.179981965083499, 36.351046544712148 ] } },
{ "type": "Feature", "properties": { "出没月": "6月", "出没時間": "14時~15時", "通報者": "地域住民", "出没場所": "国・県・市道", "目撃者状況": null }, "geometry": { "type": "Point", "coordinates": [ 137.309374173976948, 35.500122928164991 ] } },
{ "type": "Feature", "properties": { "出没月": null, "出没時間": null, "通報者": null, "出没場所": null, "目撃者状況": null }, "geometry": { "type": "Point", "coordinates": [ 137.309367274717317, 35.500117302587441 ] } },
{ "type": "Feature", "properties": { "出没月": "6月", "出没時間": "7時~8時", "通報者": "地域住民", "出没場所": "国・県・市道", "目撃者状況": "その他車移動" }, "geometry": { "type": "Point", "coordinates": [ 137.121669387101321, 36.296729093107061 ] } },
{ "type": "Feature", "properties": { "出没月": "6月", "出没時間": "10時~11時", "通報者": "その他", "出没場所": "河川敷", "目撃者状況": "その他" }, "geometry": { "type": "Point", "coordinates": [ 137.165475715066663, 36.339432701751903 ] } },
{ "type": "Feature", "properties": { "出没月": "6月", "出没時間": "12時~13時", "通報者": "地域住民", "出没場所": "国・県・市道", "目撃者状況": "その他車移動" }, "geometry": { "type": "Point", "coordinates": [ 137.044302822175524, 35.859109141594921 ] } },
{ "type": "Feature", "properties": { "出没月": null, "出没時間": null, "通報者": null, "出没場所": null, "目撃者状況": null }, "geometry": { "type": "Point", "coordinates": [ 136.897542845521173, 36.268860308479361 ] } },
{ "type": "Feature", "properties": { "出没月": "6月", "出没時間": "12時~13時", "通報者": "地域住民", "出没場所": "国・県・市道", "目撃者状況": "その他車移動" }, "geometry": { "type": "Point", "coordinates": [ 136.898961952711545, 36.19990023045905 ] } },
{ "type": "Feature", "properties": { "出没月": "6月", "出没時間": "11時~12時", "通報者": "地域住民", "出没場所": "国・県・市道", "目撃者状況": "その他車移動" }, "geometry": { "type": "Point", "coordinates": [ 136.898844006389027, 36.199827683049548 ] } },
{ "type": "Feature", "properties": { "出没月": "6月", "出没時間": "9時~10時", "通報者": "その他", "出没場所": "国・県・市道", "目撃者状況": "その他" }, "geometry": { "type": "Point", "coordinates": [ 136.898913890332494, 36.19971517805017 ] } },
{ "type": "Feature", "properties": { "出没月": "6月", "出没時間": "11時~12時", "通報者": "地域住民", "出没場所": "山林", "目撃者状況": "その他車移動" }, "geometry": { "type": "Point", "coordinates": [ 136.888052183538605, 36.213736305434061 ] } },
{ "type": "Feature", "properties": { "出没月": "6月", "出没時間": "18時~19時", "通報者": "地域住民", "出没場所": "国・県・市道", "目撃者状況": "その他車移動" }, "geometry": { "type": "Point", "coordinates": [ 136.898334063859409, 36.267579167121873 ] } },
{ "type": "Feature", "properties": { "出没月": "6月", "出没時間": "7時~8時", "通報者": "地域住民", "出没場所": "農地", "目撃者状況": "その他車移動" }, "geometry": { "type": "Point", "coordinates": [ 136.905528946847681, 36.274864535792879 ] } },
{ "type": "Feature", "properties": { "出没月": "6月", "出没時間": "7時~8時", "通報者": "地域住民", "出没場所": "住宅地", "目撃者状況": "その他車移動" }, "geometry": { "type": "Point", "coordinates": [ 136.907719109319459, 36.173783876389145 ] } },
{ "type": "Feature", "properties": { "出没月": "6月", "出没時間": "18時~19時", "通報者": "地域住民", "出没場所": "住宅地", "目撃者状況": "自宅" }, "geometry": { "type": "Point", "coordinates": [ 136.903222960543729, 36.190871830743916 ] } },
{ "type": "Feature", "properties": { "出没月": "6月", "出没時間": "9時~10時", "通報者": "地域住民", "出没場所": "国・県・市道", "目撃者状況": "その他車移動" }, "geometry": { "type": "Point", "coordinates": [ 136.900413414281161, 36.177226716393143 ] } },
{ "type": "Feature", "properties": { "出没月": null, "出没時間": null, "通報者": null, "出没場所": null, "目撃者状況": null }, "geometry": { "type": "Point", "coordinates": [ 136.902557817665354, 36.173185104463819 ] } },
{ "type": "Feature", "properties": { "出没月": "6月", "出没時間": "8時~9時", "通報者": "地域住民", "出没場所": "その他", "目撃者状況": "散歩" }, "geometry": { "type": "Point", "coordinates": [ 136.906043212154742, 36.17591527214573 ] } },
{ "type": "Feature", "properties": { "出没月": "6月", "出没時間": "7時~8時", "通報者": "地域住民", "出没場所": "住宅地", "目撃者状況": "自宅" }, "geometry": { "type": "Point", "coordinates": [ 136.896031546905363, 36.206852270903639 ] } },
{ "type": "Feature", "properties": { "出没月": "6月", "出没時間": "18時~19時", "通報者": "地域住民", "出没場所": "国・県・市道", "目撃者状況": "その他車移動" }, "geometry": { "type": "Point", "coordinates": [ 136.897159906983319, 36.269474543556917 ] } },
{ "type": "Feature", "properties": { "出没月": "6月", "出没時間": "15時~16時", "通報者": "地域住民", "出没場所": "国・県・市道", "目撃者状況": "その他車移動" }, "geometry": { "type": "Point", "coordinates": [ 136.899295813393621, 36.194987853015263 ] } },
{ "type": "Feature", "properties": { "出没月": "6月", "出没時間": "12時~13時", "通報者": "地域住民", "出没場所": "河川敷", "目撃者状況": "その他車移動" }, "geometry": { "type": "Point", "coordinates": [ 137.182257461993117, 36.348761482895313 ] } },
{ "type": "Feature", "properties": { "出没月": "6月", "出没時間": "12時~13時", "通報者": "その他", "出没場所": "農地", "目撃者状況": "その他" }, "geometry": { "type": "Point", "coordinates": [ 137.180327257057797, 36.343788808972846 ] } },
{ "type": "Feature", "properties": { "出没月": "6月", "出没時間": "12時~13時", "通報者": "地域住民", "出没場所": "農地", "目撃者状況": "その他車移動" }, "geometry": { "type": "Point", "coordinates": [ 137.530183367525154, 36.222880047227186 ] } },
{ "type": "Feature", "properties": { "出没月": "6月", "出没時間": "18時~19時", "通報者": "地域住民", "出没場所": "住宅地", "目撃者状況": "通勤・通学" }, "geometry": { "type": "Point", "coordinates": [ 137.189222791885328, 36.412389496554894 ] } },
{ "type": "Feature", "properties": { "出没月": "6月", "出没時間": "12時~13時", "通報者": "地域住民", "出没場所": "住宅地", "目撃者状況": "その他" }, "geometry": { "type": "Point", "coordinates": [ 137.030446738050102, 35.856325067439741 ] } },
{ "type": "Feature", "properties": { "出没月": "7月", "出没時間": "8時~9時", "通報者": "地域住民", "出没場所": "国・県・市道", "目撃者状況": "その他車移動" }, "geometry": { "type": "Point", "coordinates": [ 137.53825967274048, 35.551504406927023 ] } },
{ "type": "Feature", "properties": { "出没月": "4月", "出没時間": "17時~18時", "通報者": "地域住民", "出没場所": "農地", "目撃者状況": "農作業" }, "geometry": { "type": "Point", "coordinates": [ 137.247190867066053, 36.20397608198931 ] } },
{ "type": "Feature", "properties": { "出没月": "4月", "出没時間": "17時~18時", "通報者": "地域住民", "出没場所": "住宅地", "目撃者状況": "散歩" }, "geometry": { "type": "Point", "coordinates": [ 137.288765028800896, 36.153327467322228 ] } },
{ "type": "Feature", "properties": { "出没月": "5月", "出没時間": "8時~9時", "通報者": "地域住民", "出没場所": "山林", "目撃者状況": "その他車移動" }, "geometry": { "type": "Point", "coordinates": [ 137.258339240930866, 36.216932019000836 ] } },
{ "type": "Feature", "properties": { "出没月": "5月", "出没時間": "16時~17時", "通報者": "地域住民", "出没場所": "国・県・市道", "目撃者状況": "その他車移動" }, "geometry": { "type": "Point", "coordinates": [ 137.545656541891759, 36.042326300361978 ] } },
{ "type": "Feature", "properties": { "出没月": "5月", "出没時間": "18時~19時", "通報者": "地域住民", "出没場所": "その他", "目撃者状況": "その他車移動" }, "geometry": { "type": "Point", "coordinates": [ 137.254668697118007, 36.184560881482952 ] } },
{ "type": "Feature", "properties": { "出没月": "5月", "出没時間": "19時~20時", "通報者": "地域住民", "出没場所": "国・県・市道", "目撃者状況": "その他車移動" }, "geometry": { "type": "Point", "coordinates": [ 137.228234983904656, 36.224559874978333 ] } },
{ "type": "Feature", "properties": { "出没月": "5月", "出没時間": "10時~11時", "通報者": "地域住民", "出没場所": "国・県・市道", "目撃者状況": "その他車移動" }, "geometry": { "type": "Point", "coordinates": [ 137.482192003051154, 36.043443529029012 ] } },
{ "type": "Feature", "properties": { "出没月": "5月", "出没時間": "6時~7時", "通報者": "地域住民", "出没場所": "国・県・市道", "目撃者状況": "その他車移動" }, "geometry": { "type": "Point", "coordinates": [ 137.347491392108935, 36.13853157452688 ] } },
{ "type": "Feature", "properties": { "出没月": "5月", "出没時間": "15時~16時", "通報者": "地域住民", "出没場所": "国・県・市道", "目撃者状況": "その他車移動" }, "geometry": { "type": "Point", "coordinates": [ 137.347713608594745, 36.138525605352868 ] } },
{ "type": "Feature", "properties": { "出没月": "5月", "出没時間": "15時~16時", "通報者": "地域住民", "出没場所": "国・県・市道", "目撃者状況": "その他車移動" }, "geometry": { "type": "Point", "coordinates": [ 137.287680988548232, 36.173363873809222 ] } },
{ "type": "Feature", "properties": { "出没月": "5月", "出没時間": "11時~12時", "通報者": "地域住民", "出没場所": "農地", "目撃者状況": "農作業" }, "geometry": { "type": "Point", "coordinates": [ 137.220538272364138, 36.214670795318817 ] } },
{ "type": "Feature", "properties": { "出没月": "7月", "出没時間": "13時~14時", "通報者": "地域住民", "出没場所": "国・県・市道", "目撃者状況": "その他車移動" }, "geometry": { "type": "Point", "coordinates": [ 137.029041328984732, 35.855580307208143 ] } },
{ "type": "Feature", "properties": { "出没月": "7月", "出没時間": "6時~7時", "通報者": "その他", "出没場所": "国・県・市道", "目撃者状況": "その他車移動" }, "geometry": { "type": "Point", "coordinates": [ 137.029231370404432, 35.854525951124735 ] } },
{ "type": "Feature", "properties": { "出没月": "7月", "出没時間": "18時~19時", "通報者": "地域住民", "出没場所": "その他", "目撃者状況": "その他" }, "geometry": { "type": "Point", "coordinates": [ 137.456356524752664, 35.637289965491277 ] } },
{ "type": "Feature", "properties": { "出没月": null, "出没時間": null, "通報者": null, "出没場所": null, "目撃者状況": null }, "geometry": { "type": "Point", "coordinates": [ 137.456439092481531, 35.637222163795336 ] } },
{ "type": "Feature", "properties": { "出没月": "5月", "出没時間": "8時~9時", "通報者": "農業従事者", "出没場所": "農地", "目撃者状況": "農作業" }, "geometry": { "type": "Point", "coordinates": [ 137.352527224791629, 36.136368818433198 ] } },
{ "type": "Feature", "properties": { "出没月": "5月", "出没時間": "13時~14時", "通報者": "地域住民", "出没場所": "国・県・市道", "目撃者状況": "その他車移動" }, "geometry": { "type": "Point", "coordinates": [ 137.334900997900235, 36.138457727471291 ] } },
{ "type": "Feature", "properties": { "出没月": "5月", "出没時間": "14時~15時", "通報者": "地域住民", "出没場所": "農地", "目撃者状況": "農作業" }, "geometry": { "type": "Point", "coordinates": [ 137.35287932400044, 36.136374468130157 ] } },
{ "type": "Feature", "properties": { "出没月": "5月", "出没時間": "17時~18時", "通報者": "地域住民", "出没場所": "農地", "目撃者状況": "農作業" }, "geometry": { "type": "Point", "coordinates": [ 137.352458045479267, 36.135597749379997 ] } },
{ "type": "Feature", "properties": { "出没月": "6月", "出没時間": "17時~18時", "通報者": "地域住民", "出没場所": "山林", "目撃者状況": null }, "geometry": { "type": "Point", "coordinates": [ 137.193082618242897, 36.215355319473822 ] } },
{ "type": "Feature", "properties": { "出没月": "6月", "出没時間": "17時~18時", "通報者": "農業従事者", "出没場所": "山林", "目撃者状況": "農作業" }, "geometry": { "type": "Point", "coordinates": [ 137.238325471590088, 36.235006302993447 ] } },
{ "type": "Feature", "properties": { "出没月": "6月", "出没時間": "16時~17時", "通報者": "地域住民", "出没場所": "国・県・市道", "目撃者状況": "その他車移動" }, "geometry": { "type": "Point", "coordinates": [ 137.398514368094652, 36.047876817764205 ] } },
{ "type": "Feature", "properties": { "出没月": "6月", "出没時間": "12時~13時", "通報者": "地域住民", "出没場所": "農地", "目撃者状況": "農作業" }, "geometry": { "type": "Point", "coordinates": [ 137.349852639454497, 36.137601244425625 ] } },
{ "type": "Feature", "properties": { "出没月": "6月", "出没時間": "9時~10時", "通報者": "地域住民", "出没場所": "農地", "目撃者状況": "農作業" }, "geometry": { "type": "Point", "coordinates": [ 137.356822190352403, 36.138730528836618 ] } },
{ "type": "Feature", "properties": { "出没月": "6月", "出没時間": "22時~23時", "通報者": "地域住民", "出没場所": "住宅地", "目撃者状況": "自宅" }, "geometry": { "type": "Point", "coordinates": [ 137.242592927190742, 36.236720061684665 ] } },
{ "type": "Feature", "properties": { "出没月": "6月", "出没時間": "16時~17時", "通報者": "農業従事者", "出没場所": "農地", "目撃者状況": "農作業" }, "geometry": { "type": "Point", "coordinates": [ 137.311415913050581, 36.094248677045222 ] } },
{ "type": "Feature", "properties": { "出没月": "6月", "出没時間": "15時~16時", "通報者": "地域住民", "出没場所": "住宅地", "目撃者状況": "農作業" }, "geometry": { "type": "Point", "coordinates": [ 137.291828328298521, 36.179097399037339 ] } },
{ "type": "Feature", "properties": { "出没月": "6月", "出没時間": "16時~17時", "通報者": "地域住民", "出没場所": "林道", "目撃者状況": "その他車移動" }, "geometry": { "type": "Point", "coordinates": [ 137.490309216445183, 36.179034063003741 ] } },
{ "type": "Feature", "properties": { "出没月": "6月", "出没時間": "11時~12時", "通報者": "地域住民", "出没場所": "その他", "目撃者状況": "その他" }, "geometry": { "type": "Point", "coordinates": [ 137.493626148148309, 36.174397756615832 ] } },
{ "type": "Feature", "properties": { "出没月": "6月", "出没時間": "10時~11時", "通報者": "地域住民", "出没場所": "住宅地", "目撃者状況": "その他車移動" }, "geometry": { "type": "Point", "coordinates": [ 137.479397594514296, 36.179792828902102 ] } },
{ "type": "Feature", "properties": { "出没月": "6月", "出没時間": "12時~13時", "通報者": "地域住民", "出没場所": "その他", "目撃者状況": "その他" }, "geometry": { "type": "Point", "coordinates": [ 137.506027306689873, 36.174233687108938 ] } },
{ "type": "Feature", "properties": { "出没月": "6月", "出没時間": "7時~8時", "通報者": "地域住民", "出没場所": "住宅地", "目撃者状況": "自宅" }, "geometry": { "type": "Point", "coordinates": [ 137.259660557827061, 36.157585962308119 ] } },
{ "type": "Feature", "properties": { "出没月": "6月", "出没時間": "15時~16時", "通報者": "地域住民", "出没場所": "国・県・市道", "目撃者状況": "農作業" }, "geometry": { "type": "Point", "coordinates": [ 137.361251676899059, 36.079547332621296 ] } },
{ "type": "Feature", "properties": { "出没月": "6月", "出没時間": "15時~16時", "通報者": "地域住民", "出没場所": "国・県・市道", "目撃者状況": "その他車移動" }, "geometry": { "type": "Point", "coordinates": [ 137.398141217840077, 36.050853847092078 ] } },
{ "type": "Feature", "properties": { "出没月": "6月", "出没時間": "17時~18時", "通報者": "地域住民", "出没場所": "住宅地", "目撃者状況": "農作業" }, "geometry": { "type": "Point", "coordinates": [ 137.314751137070118, 36.173623748067705 ] } },
{ "type": "Feature", "properties": { "出没月": "6月", "出没時間": "11時~12時", "通報者": "地域住民", "出没場所": "国・県・市道", "目撃者状況": "その他車移動" }, "geometry": { "type": "Point", "coordinates": [ 137.490372983310948, 36.036282945304485 ] } },
{ "type": "Feature", "properties": { "出没月": "6月", "出没時間": "7時~8時", "通報者": "地域住民", "出没場所": "農地", "目撃者状況": "自宅" }, "geometry": { "type": "Point", "coordinates": [ 137.357752432617502, 36.132715392544867 ] } },
{ "type": "Feature", "properties": { "出没月": "6月", "出没時間": "8時~9時", "通報者": "地域住民", "出没場所": "国・県・市道", "目撃者状況": "その他車移動" }, "geometry": { "type": "Point", "coordinates": [ 137.384856385290135, 36.073778857313556 ] } },
{ "type": "Feature", "properties": { "出没月": "6月", "出没時間": "8時~9時", "通報者": "地域住民", "出没場所": "山林", "目撃者状況": "その他" }, "geometry": { "type": "Point", "coordinates": [ 137.261023502387843, 36.038040929595191 ] } },
{ "type": "Feature", "properties": { "出没月": "6月", "出没時間": "11時~12時", "通報者": "地域住民", "出没場所": "農地", "目撃者状況": "農作業" }, "geometry": { "type": "Point", "coordinates": [ 137.360532730496374, 36.213607331736412 ] } },
{ "type": "Feature", "properties": { "出没月": "6月", "出没時間": "14時~15時", "通報者": "地域住民", "出没場所": "農地", "目撃者状況": "農作業" }, "geometry": { "type": "Point", "coordinates": [ 137.360243240661134, 36.213761582913527 ] } },
{ "type": "Feature", "properties": { "出没月": "6月", "出没時間": "18時~19時", "通報者": "地域住民", "出没場所": "その他", "目撃者状況": "農作業" }, "geometry": { "type": "Point", "coordinates": [ 137.241611781474973, 36.229772026833253 ] } },
{ "type": "Feature", "properties": { "出没月": "6月", "出没時間": "6時~7時", "通報者": "地域住民", "出没場所": "農地", "目撃者状況": "自宅" }, "geometry": { "type": "Point", "coordinates": [ 137.358958397116481, 36.213380042565696 ] } },
{ "type": "Feature", "properties": { "出没月": "1月", "出没時間": "11時~12時", "通報者": "地域住民", "出没場所": "農地", "目撃者状況": "農作業" }, "geometry": { "type": "Point", "coordinates": [ 137.357625775970405, 36.212497785265427 ] } },
{ "type": "Feature", "properties": { "出没月": "6月", "出没時間": "8時~9時", "通報者": "地域住民", "出没場所": "山林", "目撃者状況": "その他車移動" }, "geometry": { "type": "Point", "coordinates": [ 137.183458186219326, 36.099193261587452 ] } },
{ "type": "Feature", "properties": { "出没月": "6月", "出没時間": "8時~9時", "通報者": "地域住民", "出没場所": null, "目撃者状況": "その他" }, "geometry": { "type": "Point", "coordinates": [ 137.537402898830948, 35.974493281807227 ] } },
{ "type": "Feature", "properties": { "出没月": "6月", "出没時間": "16時~17時", "通報者": "地域住民", "出没場所": "その他", "目撃者状況": "その他車移動" }, "geometry": { "type": "Point", "coordinates": [ 137.487299777179658, 35.948580872831627 ] } },
{ "type": "Feature", "properties": { "出没月": "6月", "出没時間": "18時~19時", "通報者": "地域住民", "出没場所": "国・県・市道", "目撃者状況": "その他車移動" }, "geometry": { "type": "Point", "coordinates": [ 136.986992410472425, 36.035950402646804 ] } },
{ "type": "Feature", "properties": { "出没月": "6月", "出没時間": "13時~14時", "通報者": "地域住民", "出没場所": "住宅地", "目撃者状況": "自宅" }, "geometry": { "type": "Point", "coordinates": [ 137.529892703421865, 36.222912101582466 ] } },
{ "type": "Feature", "properties": { "出没月": "6月", "出没時間": "15時~16時", "通報者": "地域住民", "出没場所": "林道", "目撃者状況": "その他" }, "geometry": { "type": "Point", "coordinates": [ 137.531127625279623, 35.986869056074795 ] } },
{ "type": "Feature", "properties": { "出没月": "7月", "出没時間": "12時~13時", "通報者": "地域住民", "出没場所": "農地", "目撃者状況": "自宅" }, "geometry": { "type": "Point", "coordinates": [ 137.548220898529706, 36.004552730764438 ] } },
{ "type": "Feature", "properties": { "出没月": "7月", "出没時間": "13時~14時", "通報者": "地域住民", "出没場所": "国・県・市道", "目撃者状況": "その他車移動" }, "geometry": { "type": "Point", "coordinates": [ 137.219929754550748, 36.180731343174187 ] } },
{ "type": "Feature", "properties": { "出没月": "7月", "出没時間": "15時~16時", "通報者": "地域住民", "出没場所": "農地", "目撃者状況": "農作業" }, "geometry": { "type": "Point", "coordinates": [ 137.495922591470617, 36.246124387464725 ] } },
{ "type": "Feature", "properties": { "出没月": "7月", "出没時間": "14時~15時", "通報者": "地域住民", "出没場所": "その他", "目撃者状況": "その他" }, "geometry": { "type": "Point", "coordinates": [ 137.477229686746369, 36.078786925427131 ] } },
{ "type": "Feature", "properties": { "出没月": "7月", "出没時間": "6時~7時", "通報者": "地域住民", "出没場所": "農地", "目撃者状況": "自宅" }, "geometry": { "type": "Point", "coordinates": [ 137.348862218429247, 36.093218830396687 ] } },
{ "type": "Feature", "properties": { "出没月": null, "出没時間": null, "通報者": null, "出没場所": null, "目撃者状況": null }, "geometry": { "type": "Point", "coordinates": [ 137.364092346499461, 36.088564233905885 ] } },
{ "type": "Feature", "properties": { "出没月": "7月", "出没時間": "7時~8時", "通報者": "地域住民", "出没場所": "農地", "目撃者状況": "自宅" }, "geometry": { "type": "Point", "coordinates": [ 137.349014027793487, 36.093135791716698 ] } },
{ "type": "Feature", "properties": { "出没月": "7月", "出没時間": "14時~15時", "通報者": "地域住民", "出没場所": "国・県・市道", "目撃者状況": "その他車移動" }, "geometry": { "type": "Point", "coordinates": [ 137.497995890700707, 36.038414011828593 ] } },
{ "type": "Feature", "properties": { "出没月": "7月", "出没時間": "16時~17時", "通報者": "地域住民", "出没場所": "国・県・市道", "目撃者状況": "その他車移動" }, "geometry": { "type": "Point", "coordinates": [ 137.493557425814316, 36.036181922959138 ] } },
{ "type": "Feature", "properties": { "出没月": "7月", "出没時間": "7時~8時", "通報者": "その他", "出没場所": "国・県・市道", "目撃者状況": "通勤・通学" }, "geometry": { "type": "Point", "coordinates": [ 136.65783457911283, 35.511108929578249 ] } },
{ "type": "Feature", "properties": { "出没月": "7月", "出没時間": "6時~7時", "通報者": "林業従事者", "出没場所": "林道", "目撃者状況": "林業作業" }, "geometry": { "type": "Point", "coordinates": [ 136.555603448054654, 35.698727095069124 ] } },
{ "type": "Feature", "properties": { "出没月": "7月", "出没時間": "14時~15時", "通報者": "その他", "出没場所": "国・県・市道", "目撃者状況": "その他車移動" }, "geometry": { "type": "Point", "coordinates": [ 137.451392587183534, 35.630630357159141 ] } },
{ "type": "Feature", "properties": { "出没月": "7月", "出没時間": "16時~17時", "通報者": "地域住民", "出没場所": "山林", "目撃者状況": "自宅" }, "geometry": { "type": "Point", "coordinates": [ 137.566491526358817, 36.266637067836342 ] } },
{ "type": "Feature", "properties": { "出没月": "7月", "出没時間": "11時~12時", "通報者": null, "出没場所": "山林", "目撃者状況": "登山" }, "geometry": { "type": "Point", "coordinates": [ 136.421219969559473, 35.425645839634377 ] } },
{ "type": "Feature", "properties": { "出没月": "7月", "出没時間": "15時~16時", "通報者": "地域住民", "出没場所": "山林", "目撃者状況": "農作業" }, "geometry": { "type": "Point", "coordinates": [ 137.351065509484926, 36.207881071916709 ] } },
{ "type": "Feature", "properties": { "出没月": "7月", "出没時間": "16時~17時", "通報者": "地域住民", "出没場所": "住宅地", "目撃者状況": "自宅" }, "geometry": { "type": "Point", "coordinates": [ 137.566336404030977, 36.26677277796729 ] } },
{ "type": "Feature", "properties": { "出没月": "7月", "出没時間": "11時~12時", "通報者": "地域住民", "出没場所": "国・県・市道", "目撃者状況": "その他車移動" }, "geometry": { "type": "Point", "coordinates": [ 137.496582981962888, 36.174028001582094 ] } },
{ "type": "Feature", "properties": { "出没月": "7月", "出没時間": "8時~9時", "通報者": "地域住民", "出没場所": "その他", "目撃者状況": "その他" }, "geometry": { "type": "Point", "coordinates": [ 137.475295790030486, 36.073133393049972 ] } },
{ "type": "Feature", "properties": { "出没月": "7月", "出没時間": "9時~10時", "通報者": "地域住民", "出没場所": "住宅地", "目撃者状況": "自宅" }, "geometry": { "type": "Point", "coordinates": [ 137.522180502730095, 36.034395303228052 ] } },
{ "type": "Feature", "properties": { "出没月": "7月", "出没時間": "11時~12時", "通報者": "地域住民", "出没場所": "山林", "目撃者状況": "その他" }, "geometry": { "type": "Point", "coordinates": [ 137.555370593331531, 36.05434647340865 ] } },
{ "type": "Feature", "properties": { "出没月": "7月", "出没時間": "14時~15時", "通報者": "その他", "出没場所": "住宅地", "目撃者状況": "その他" }, "geometry": { "type": "Point", "coordinates": [ 137.566051817555575, 36.263613625016319 ] } },
{ "type": "Feature", "properties": { "出没月": "7月", "出没時間": "9時~10時", "通報者": "地域住民", "出没場所": "国・県・市道", "目撃者状況": "その他車移動" }, "geometry": { "type": "Point", "coordinates": [ 137.242685921426244, 36.248382375749962 ] } },
{ "type": "Feature", "properties": { "出没月": "7月", "出没時間": "10時~11時", "通報者": "地域住民", "出没場所": "住宅地", "目撃者状況": "自宅" }, "geometry": { "type": "Point", "coordinates": [ 137.205512390694025, 36.127031199526307 ] } },
{ "type": "Feature", "properties": { "出没月": "7月", "出没時間": "14時~15時", "通報者": "地域住民", "出没場所": "住宅地", "目撃者状況": "自宅" }, "geometry": { "type": "Point", "coordinates": [ 137.566548591925851, 36.263777011973716 ] } },
{ "type": "Feature", "properties": { "出没月": "7月", "出没時間": "14時~15時", "通報者": "地域住民", "出没場所": "国・県・市道", "目撃者状況": "その他車移動" }, "geometry": { "type": "Point", "coordinates": [ 137.506265805122752, 36.175082479602295 ] } },
{ "type": "Feature", "properties": { "出没月": "7月", "出没時間": "14時~15時", "通報者": "地域住民", "出没場所": "住宅地", "目撃者状況": "自宅" }, "geometry": { "type": "Point", "coordinates": [ 137.566242201214465, 36.263710439959432 ] } },
{ "type": "Feature", "properties": { "出没月": "7月", "出没時間": "8時~9時", "通報者": "地域住民", "出没場所": "その他", "目撃者状況": "その他" }, "geometry": { "type": "Point", "coordinates": [ 137.555732982589063, 36.054682161793501 ] } },
{ "type": "Feature", "properties": { "出没月": "7月", "出没時間": "13時~14時", "通報者": "地域住民", "出没場所": "山林", "目撃者状況": "林業作業" }, "geometry": { "type": "Point", "coordinates": [ 137.474927497667579, 35.961177215982403 ] } },
{ "type": "Feature", "properties": { "出没月": "7月", "出没時間": "16時~17時", "通報者": "地域住民", "出没場所": "住宅地", "目撃者状況": "自宅" }, "geometry": { "type": "Point", "coordinates": [ 137.205448926048604, 36.127879573151638 ] } },
{ "type": "Feature", "properties": { "出没月": "7月", "出没時間": "16時~17時", "通報者": "その他", "出没場所": "山林", "目撃者状況": "その他" }, "geometry": { "type": "Point", "coordinates": [ 136.804203278589455, 35.718757286014188 ] } },
{ "type": "Feature", "properties": { "出没月": "7月", "出没時間": "16時~17時", "通報者": "地域住民", "出没場所": "国・県・市道", "目撃者状況": "その他車移動" }, "geometry": { "type": "Point", "coordinates": [ 137.230351165158822, 35.660006588377527 ] } },
{ "type": "Feature", "properties": { "出没月": "5月", "出没時間": "16時~17時", "通報者": "地域住民", "出没場所": "国・県・市道", "目撃者状況": "その他" }, "geometry": { "type": "Point", "coordinates": [ 137.250386464212539, 35.941736674970244 ] } },
{ "type": "Feature", "properties": { "出没月": "6月", "出没時間": "14時~15時", "通報者": "地域住民", "出没場所": "国・県・市道", "目撃者状況": "散歩" }, "geometry": { "type": "Point", "coordinates": [ 137.284005224655004, 35.935293728790164 ] } },
{ "type": "Feature", "properties": { "出没月": "7月", "出没時間": "18時~19時", "通報者": "その他", "出没場所": "国・県・市道", "目撃者状況": "その他" }, "geometry": { "type": "Point", "coordinates": [ 137.243908640955055, 36.252047018206476 ] } },
{ "type": "Feature", "properties": { "出没月": "7月", "出没時間": "12時~13時", "通報者": "捕獲従事者", "出没場所": "山林", "目撃者状況": "その他" }, "geometry": { "type": "Point", "coordinates": [ 137.48935963927417, 35.420474749770712 ] } },
{ "type": "Feature", "properties": { "出没月": "7月", "出没時間": "4時~5時", "通報者": "地域住民", "出没場所": "国・県・市道", "目撃者状況": "その他車移動" }, "geometry": { "type": "Point", "coordinates": [ 137.553490529603692, 35.543439167510918 ] } },
{ "type": "Feature", "properties": { "出没月": "7月", "出没時間": "7時~8時", "通報者": "地域住民", "出没場所": "国・県・市道", "目撃者状況": "その他車移動" }, "geometry": { "type": "Point", "coordinates": [ 137.388747340906093, 35.347522625418875 ] } },
{ "type": "Feature", "properties": { "出没月": "7月", "出没時間": "10時~11時", "通報者": "地域住民", "出没場所": "住宅地", "目撃者状況": null }, "geometry": { "type": "Point", "coordinates": [ 137.429927300846458, 35.286368531597368 ] } },
{ "type": "Feature", "properties": { "出没月": "7月", "出没時間": "17時~18時", "通報者": "地域住民", "出没場所": "国・県・市道", "目撃者状況": "その他車移動" }, "geometry": { "type": "Point", "coordinates": [ 136.77891495751976, 35.746494988820444 ] } },
{ "type": "Feature", "properties": { "出没月": "8月", "出没時間": "6時~7時", "通報者": "捕獲従事者", "出没場所": "林道", "目撃者状況": "その他" }, "geometry": { "type": "Point", "coordinates": [ 136.455192786576134, 35.380288625536892 ] } },
{ "type": "Feature", "properties": { "出没月": "8月", "出没時間": "9時~10時", "通報者": null, "出没場所": "国・県・市道", "目撃者状況": "通勤・通学" }, "geometry": { "type": "Point", "coordinates": [ 137.291357054102292, 35.516620066646169 ] } },
{ "type": "Feature", "properties": { "出没月": null, "出没時間": null, "通報者": null, "出没場所": null, "目撃者状況": null }, "geometry": { "type": "Point", "coordinates": [ 137.291357054102292, 35.516620066646169 ] } },
{ "type": "Feature", "properties": { "出没月": "8月", "出没時間": "7時~8時", "通報者": "地域住民", "出没場所": "住宅地", "目撃者状況": "自宅" }, "geometry": { "type": "Point", "coordinates": [ 137.390944456754426, 35.348814359169978 ] } },
{ "type": "Feature", "properties": { "出没月": "8月", "出没時間": "8時~9時", "通報者": "地域住民", "出没場所": "住宅地", "目撃者状況": null }, "geometry": { "type": "Point", "coordinates": [ 137.291694401844524, 35.516428170795265 ] } },
{ "type": "Feature", "properties": { "出没月": "8月", "出没時間": "12時~13時", "通報者": "その他", "出没場所": "国・県・市道", "目撃者状況": "その他車移動" }, "geometry": { "type": "Point", "coordinates": [ 137.154552253210397, 36.337321897896402 ] } },
{ "type": "Feature", "properties": { "出没月": "7月", "出没時間": "15時~16時", "通報者": "地域住民", "出没場所": "住宅地", "目撃者状況": "自宅" }, "geometry": { "type": "Point", "coordinates": [ 137.205255302660532, 36.12666738917401 ] } },
{ "type": "Feature", "properties": { "出没月": "7月", "出没時間": "8時~9時", "通報者": "地域住民", "出没場所": "国・県・市道", "目撃者状況": "その他車移動" }, "geometry": { "type": "Point", "coordinates": [ 137.293885497322378, 36.125420272125623 ] } },
{ "type": "Feature", "properties": { "出没月": "7月", "出没時間": "16時~17時", "通報者": "地域住民", "出没場所": "住宅地", "目撃者状況": "林業作業" }, "geometry": { "type": "Point", "coordinates": [ 137.204184654704221, 36.131177067948045 ] } },
{ "type": "Feature", "properties": { "出没月": "7月", "出没時間": "5時~6時", "通報者": "地域住民", "出没場所": "住宅地", "目撃者状況": "その他車移動" }, "geometry": { "type": "Point", "coordinates": [ 137.203990109359665, 36.130940536422507 ] } },
{ "type": "Feature", "properties": { "出没月": "7月", "出没時間": "8時~9時", "通報者": "地域住民", "出没場所": "住宅地", "目撃者状況": "自宅" }, "geometry": { "type": "Point", "coordinates": [ 137.393127566175565, 35.994036998943052 ] } },
{ "type": "Feature", "properties": { "出没月": "7月", "出没時間": "17時~18時", "通報者": "地域住民", "出没場所": "国・県・市道", "目撃者状況": "その他車移動" }, "geometry": { "type": "Point", "coordinates": [ 137.513507286538214, 36.181004059431288 ] } },
{ "type": "Feature", "properties": { "出没月": "7月", "出没時間": "16時~17時", "通報者": "地域住民", "出没場所": "住宅地", "目撃者状況": "その他車移動" }, "geometry": { "type": "Point", "coordinates": [ 137.203417591431219, 36.131722031412224 ] } },
{ "type": "Feature", "properties": { "出没月": "7月", "出没時間": "17時~18時", "通報者": "地域住民", "出没場所": "国・県・市道", "目撃者状況": "その他車移動" }, "geometry": { "type": "Point", "coordinates": [ 137.294651110439901, 36.126116277429084 ] } },
{ "type": "Feature", "properties": { "出没月": "8月", "出没時間": "5時~6時", "通報者": "地域住民", "出没場所": "農地", "目撃者状況": "その他" }, "geometry": { "type": "Point", "coordinates": [ 137.103491298802766, 36.308131485834231 ] } },
{ "type": "Feature", "properties": { "出没月": "8月", "出没時間": "6時~7時", "通報者": "地域住民", "出没場所": "国・県・市道", "目撃者状況": "その他" }, "geometry": { "type": "Point", "coordinates": [ 137.103450275661942, 36.308117336618452 ] } },
{ "type": "Feature", "properties": { "出没月": "8月", "出没時間": "6時~7時", "通報者": "地域住民", "出没場所": "国・県・市道", "目撃者状況": "その他車移動" }, "geometry": { "type": "Point", "coordinates": [ 137.103356487764557, 36.308150499068681 ] } },
{ "type": "Feature", "properties": { "出没月": "7月", "出没時間": "8時~9時", "通報者": "地域住民", "出没場所": "住宅地", "目撃者状況": "自宅" }, "geometry": { "type": "Point", "coordinates": [ 137.205982656764348, 36.128769445589747 ] } },
{ "type": "Feature", "properties": { "出没月": null, "出没時間": null, "通報者": null, "出没場所": null, "目撃者状況": null }, "geometry": { "type": "Point", "coordinates": [ 137.219651536665623, 36.216404122733714 ] } },
{ "type": "Feature", "properties": { "出没月": "7月", "出没時間": "13時~14時", "通報者": "地域住民", "出没場所": "住宅地", "目撃者状況": "自宅" }, "geometry": { "type": "Point", "coordinates": [ 137.218509933300396, 36.214061265219634 ] } },
{ "type": "Feature", "properties": { "出没月": "7月", "出没時間": "17時~18時", "通報者": "登山者", "出没場所": "山林", "目撃者状況": "登山" }, "geometry": { "type": "Point", "coordinates": [ 137.527127381338346, 36.165949984865883 ] } },
{ "type": "Feature", "properties": { "出没月": "7月", "出没時間": "6時~7時", "通報者": "地域住民", "出没場所": "住宅地", "目撃者状況": "自宅" }, "geometry": { "type": "Point", "coordinates": [ 137.266884583159396, 36.144046267058712 ] } },
{ "type": "Feature", "properties": { "出没月": "7月", "出没時間": "16時~17時", "通報者": "地域住民", "出没場所": "農地", "目撃者状況": "その他車移動" }, "geometry": { "type": "Point", "coordinates": [ 137.25238412755229, 36.218068314648789 ] } },
{ "type": "Feature", "properties": { "出没月": "7月", "出没時間": "16時~17時", "通報者": "地域住民", "出没場所": "河川敷", "目撃者状況": "その他車移動" }, "geometry": { "type": "Point", "coordinates": [ 137.391926121863776, 36.003254714699104 ] } },
{ "type": "Feature", "properties": { "出没月": "8月", "出没時間": "18時~19時", "通報者": "農業従事者", "出没場所": "家畜場", "目撃者状況": "農作業" }, "geometry": { "type": "Point", "coordinates": [ 137.303365083545145, 36.092723942949021 ] } },
{ "type": "Feature", "properties": { "出没月": "8月", "出没時間": "8時~9時", "通報者": "農業従事者", "出没場所": "住宅地", "目撃者状況": "農作業" }, "geometry": { "type": "Point", "coordinates": [ 137.270700647246031, 36.179299298953907 ] } },
{ "type": "Feature", "properties": { "出没月": "8月", "出没時間": "9時~10時", "通報者": "地域住民", "出没場所": "国・県・市道", "目撃者状況": "その他車移動" }, "geometry": { "type": "Point", "coordinates": [ 137.29059298467925, 36.115771872853912 ] } },
{ "type": "Feature", "properties": { "出没月": "8月", "出没時間": null, "通報者": "捕獲従事者", "出没場所": "山林", "目撃者状況": "その他" }, "geometry": { "type": "Point", "coordinates": [ 137.404362673952221, 36.274415732063737 ] } },
{ "type": "Feature", "properties": { "出没月": "8月", "出没時間": "8時~9時", "通報者": "地域住民", "出没場所": "住宅地", "目撃者状況": "自宅" }, "geometry": { "type": "Point", "coordinates": [ 137.535160587614939, 35.996771258039885 ] } },
{ "type": "Feature", "properties": { "出没月": "8月", "出没時間": "16時~17時", "通報者": "地域住民", "出没場所": "山林", "目撃者状況": "その他車移動" }, "geometry": { "type": "Point", "coordinates": [ 137.486549796233732, 35.948143486011638 ] } },
{ "type": "Feature", "properties": { "出没月": "8月", "出没時間": "21時~22時", "通報者": "地域住民", "出没場所": "住宅地", "目撃者状況": "農作業" }, "geometry": { "type": "Point", "coordinates": [ 137.301192183476928, 36.093260427384706 ] } },
{ "type": "Feature", "properties": { "出没月": "8月", "出没時間": "7時~8時", "通報者": "地域住民", "出没場所": "山林", "目撃者状況": "家畜作業" }, "geometry": { "type": "Point", "coordinates": [ 137.524501303997965, 35.99577827703488 ] } },
{ "type": "Feature", "properties": { "出没月": "8月", "出没時間": "11時~12時", "通報者": "地域住民", "出没場所": "住宅地", "目撃者状況": "自宅" }, "geometry": { "type": "Point", "coordinates": [ 137.240426860226535, 36.197734677478117 ] } },
{ "type": "Feature", "properties": { "出没月": "8月", "出没時間": "12時~13時", "通報者": "地域住民", "出没場所": "住宅地", "目撃者状況": "その他車移動" }, "geometry": { "type": "Point", "coordinates": [ 137.218528287421265, 36.135410097752207 ] } },
{ "type": "Feature", "properties": { "出没月": "8月", "出没時間": "13時~14時", "通報者": "地域住民", "出没場所": "林道", "目撃者状況": "農作業" }, "geometry": { "type": "Point", "coordinates": [ 137.312839803370451, 36.133199988914853 ] } },
{ "type": "Feature", "properties": { "出没月": "8月", "出没時間": "5時~6時", "通報者": "地域住民", "出没場所": "住宅地", "目撃者状況": "自宅" }, "geometry": { "type": "Point", "coordinates": [ 137.238547001527877, 36.201639548949387 ] } },
{ "type": "Feature", "properties": { "出没月": "8月", "出没時間": "8時~9時", "通報者": "地域住民", "出没場所": "山林", "目撃者状況": "その他車移動" }, "geometry": { "type": "Point", "coordinates": [ 137.379606115250141, 36.185000587996498 ] } },
{ "type": "Feature", "properties": { "出没月": "8月", "出没時間": "13時~14時", "通報者": "地域住民", "出没場所": "住宅地", "目撃者状況": "その他車移動" }, "geometry": { "type": "Point", "coordinates": [ 137.392899408816305, 35.369272898560538 ] } },
{ "type": "Feature", "properties": { "出没月": "8月", "出没時間": "8時~9時", "通報者": "地域住民", "出没場所": "山林", "目撃者状況": "農作業" }, "geometry": { "type": "Point", "coordinates": [ 137.148376315814517, 36.263604201032372 ] } },
{ "type": "Feature", "properties": { "出没月": "8月", "出没時間": "7時~8時", "通報者": "その他", "出没場所": "山林", "目撃者状況": null }, "geometry": { "type": "Point", "coordinates": [ 137.151654900967117, 36.214552065802273 ] } },
{ "type": "Feature", "properties": { "出没月": "7月", "出没時間": "11時~12時", "通報者": "地域住民", "出没場所": "山林", "目撃者状況": null }, "geometry": { "type": "Point", "coordinates": [ 137.172705670074237, 36.239327055532783 ] } },
{ "type": "Feature", "properties": { "出没月": "8月", "出没時間": "10時~11時", "通報者": "地域住民", "出没場所": "その他", "目撃者状況": "建設作業" }, "geometry": { "type": "Point", "coordinates": [ 136.963759796082854, 36.257952905620094 ] } },
{ "type": "Feature", "properties": { "出没月": "8月", "出没時間": "6時~7時", "通報者": "地域住民", "出没場所": "山林", "目撃者状況": "その他車移動" }, "geometry": { "type": "Point", "coordinates": [ 137.423932859055668, 35.689849171743283 ] } },
{ "type": "Feature", "properties": { "出没月": "7月", "出没時間": "13時~14時", "通報者": "林業従事者", "出没場所": "山林", "目撃者状況": "林業作業" }, "geometry": { "type": "Point", "coordinates": [ 136.625311918683082, 35.582859097081169 ] } },
{ "type": "Feature", "properties": { "出没月": "7月", "出没時間": "10時~11時", "通報者": "家畜飼育員", "出没場所": "山林", "目撃者状況": "家畜作業" }, "geometry": { "type": "Point", "coordinates": [ 136.671744237801676, 35.515635426777742 ] } },
{ "type": "Feature", "properties": { "出没月": "8月", "出没時間": "18時~19時", "通報者": "林業従事者", "出没場所": "山林", "目撃者状況": "林業作業" }, "geometry": { "type": "Point", "coordinates": [ 136.666237271790891, 35.536952968324968 ] } },
{ "type": "Feature", "properties": { "出没月": "8月", "出没時間": "12時~13時", "通報者": "地域住民", "出没場所": "国・県・市道", "目撃者状況": "その他車移動" }, "geometry": { "type": "Point", "coordinates": [ 136.56302546367354, 35.685087631542402 ] } },
{ "type": "Feature", "properties": { "出没月": "8月", "出没時間": "6時~7時", "通報者": "地域住民", "出没場所": "国・県・市道", "目撃者状況": "散歩" }, "geometry": { "type": "Point", "coordinates": [ 137.377246884425517, 35.51774410857773 ] } },
{ "type": "Feature", "properties": { "出没月": "8月", "出没時間": "13時~14時", "通報者": "地域住民", "出没場所": "山林", "目撃者状況": "その他車移動" }, "geometry": { "type": "Point", "coordinates": [ 137.15324277792439, 36.278588676475522 ] } },
{ "type": "Feature", "properties": { "出没月": "5月", "出没時間": "17時~18時", "通報者": "地域住民", "出没場所": "その他", "目撃者状況": "自宅" }, "geometry": { "type": "Point", "coordinates": [ 137.111989270150161, 36.307820591903507 ] } },
{ "type": "Feature", "properties": { "出没月": "6月", "出没時間": "9時~10時", "通報者": "その他", "出没場所": "国・県・市道", "目撃者状況": "その他" }, "geometry": { "type": "Point", "coordinates": [ 137.060483991273003, 36.293977384765718 ] } },
{ "type": "Feature", "properties": { "出没月": "8月", "出没時間": "10時~11時", "通報者": "地域住民", "出没場所": "山林", "目撃者状況": "その他車移動" }, "geometry": { "type": "Point", "coordinates": [ 137.354551351513919, 36.010251365229074 ] } },
{ "type": "Feature", "properties": { "出没月": "8月", "出没時間": "10時~11時", "通報者": "地域住民", "出没場所": "林道", "目撃者状況": "その他車移動" }, "geometry": { "type": "Point", "coordinates": [ 137.477786953740321, 36.061702297813234 ] } },
{ "type": "Feature", "properties": { "出没月": "8月", "出没時間": "9時~10時", "通報者": "地域住民", "出没場所": "住宅地", "目撃者状況": "自宅" }, "geometry": { "type": "Point", "coordinates": [ 137.526351111241524, 35.980577613767572 ] } },
{ "type": "Feature", "properties": { "出没月": "8月", "出没時間": "9時~10時", "通報者": "地域住民", "出没場所": "山林", "目撃者状況": "その他" }, "geometry": { "type": "Point", "coordinates": [ 137.474380624217275, 36.073329535752514 ] } },
{ "type": "Feature", "properties": { "出没月": "8月", "出没時間": "11時~12時", "通報者": "農業従事者", "出没場所": "家畜場", "目撃者状況": "家畜作業" }, "geometry": { "type": "Point", "coordinates": [ 137.478973191662476, 35.962354260624416 ] } },
{ "type": "Feature", "properties": { "出没月": "8月", "出没時間": "13時~14時", "通報者": "地域住民", "出没場所": "山林", "目撃者状況": "その他" }, "geometry": { "type": "Point", "coordinates": [ 137.477522986609046, 36.075374720880909 ] } },
{ "type": "Feature", "properties": { "出没月": "8月", "出没時間": "12時~13時", "通報者": "地域住民", "出没場所": "山林", "目撃者状況": "その他車移動" }, "geometry": { "type": "Point", "coordinates": [ 137.496618049004894, 36.174601924270853 ] } },
{ "type": "Feature", "properties": { "出没月": "8月", "出没時間": "13時~14時", "通報者": "地域住民", "出没場所": "その他", "目撃者状況": "散歩" }, "geometry": { "type": "Point", "coordinates": [ 137.220365375470067, 36.130737154648358 ] } },
{ "type": "Feature", "properties": { "出没月": "8月", "出没時間": "14時~15時", "通報者": "地域住民", "出没場所": "住宅地", "目撃者状況": "自宅" }, "geometry": { "type": "Point", "coordinates": [ 137.39461385572551, 35.995988927278866 ] } },
{ "type": "Feature", "properties": { "出没月": "8月", "出没時間": "11時~12時", "通報者": "その他", "出没場所": "山林", "目撃者状況": "その他" }, "geometry": { "type": "Point", "coordinates": [ 137.477989862607018, 36.063721269676087 ] } },
{ "type": "Feature", "properties": { "出没月": "8月", "出没時間": "16時~17時", "通報者": "地域住民", "出没場所": "農地", "目撃者状況": "農作業" }, "geometry": { "type": "Point", "coordinates": [ 137.340360005071375, 36.177413656276194 ] } },
{ "type": "Feature", "properties": { "出没月": "8月", "出没時間": "15時~16時", "通報者": "地域住民", "出没場所": "住宅地", "目撃者状況": "自宅" }, "geometry": { "type": "Point", "coordinates": [ 137.391619657782257, 36.009344275064564 ] } },
{ "type": "Feature", "properties": { "出没月": "8月", "出没時間": "16時~17時", "通報者": "その他", "出没場所": "山林", "目撃者状況": null }, "geometry": { "type": "Point", "coordinates": [ 137.151557667897833, 36.214101407768858 ] } },
{ "type": "Feature", "properties": { "出没月": "8月", "出没時間": "18時~19時", "通報者": "地域住民", "出没場所": "国・県・市道", "目撃者状況": "その他車移動" }, "geometry": { "type": "Point", "coordinates": [ 137.568468127542076, 35.525237675615081 ] } },
{ "type": "Feature", "properties": { "出没月": "8月", "出没時間": "7時~8時", "通報者": "地域住民", "出没場所": "住宅地", "目撃者状況": "その他" }, "geometry": { "type": "Point", "coordinates": [ 137.574051725456144, 35.522819000924002 ] } },
{ "type": "Feature", "properties": { "出没月": "9月", "出没時間": "11時~12時", "通報者": "地域住民", "出没場所": "国・県・市道", "目撃者状況": "その他車移動" }, "geometry": { "type": "Point", "coordinates": [ 137.14877549220634, 36.333039898091549 ] } },
{ "type": "Feature", "properties": { "出没月": "9月", "出没時間": "15時~16時", "通報者": "地域住民", "出没場所": "国・県・市道", "目撃者状況": "その他車移動" }, "geometry": { "type": "Point", "coordinates": [ 137.208028818001509, 35.589882328404158 ] } },
{ "type": "Feature", "properties": { "出没月": "9月", "出没時間": "6時~7時", "通報者": "地域住民", "出没場所": "国・県・市道", "目撃者状況": "自宅" }, "geometry": { "type": "Point", "coordinates": [ 137.304942872036065, 35.502999802763483 ] } },
{ "type": "Feature", "properties": { "出没月": "8月", "出没時間": "15時~16時", "通報者": "地域住民", "出没場所": "その他", "目撃者状況": "その他" }, "geometry": { "type": "Point", "coordinates": [ 137.475295110960502, 36.070293716234424 ] } },
{ "type": "Feature", "properties": { "出没月": "8月", "出没時間": "9時~10時", "通報者": "地域住民", "出没場所": "家畜場", "目撃者状況": "家畜作業" }, "geometry": { "type": "Point", "coordinates": [ 137.469468592976142, 35.963857355869024 ] } },
{ "type": "Feature", "properties": { "出没月": "8月", "出没時間": "17時~18時", "通報者": "地域住民", "出没場所": "国・県・市道", "目撃者状況": "その他車移動" }, "geometry": { "type": "Point", "coordinates": [ 137.528531494373027, 35.998174961973561 ] } },
{ "type": "Feature", "properties": { "出没月": "8月", "出没時間": "12時~13時", "通報者": "農業従事者", "出没場所": "農地", "目撃者状況": "農作業" }, "geometry": { "type": "Point", "coordinates": [ 137.290252139513001, 36.159639744969155 ] } },
{ "type": "Feature", "properties": { "出没月": "8月", "出没時間": "6時~7時", "通報者": "地域住民", "出没場所": "その他", "目撃者状況": "その他" }, "geometry": { "type": "Point", "coordinates": [ 137.267936091392386, 36.159449454879883 ] } },
{ "type": "Feature", "properties": { "出没月": "8月", "出没時間": "15時~16時", "通報者": "地域住民", "出没場所": "山林", "目撃者状況": "その他" }, "geometry": { "type": "Point", "coordinates": [ 137.476782743568549, 36.074531661619169 ] } },
{ "type": "Feature", "properties": { "出没月": "8月", "出没時間": "12時~13時", "通報者": "地域住民", "出没場所": "国・県・市道", "目撃者状況": "その他車移動" }, "geometry": { "type": "Point", "coordinates": [ 137.097185311190628, 36.076661257195518 ] } },
{ "type": "Feature", "properties": { "出没月": "8月", "出没時間": "17時~18時", "通報者": "地域住民", "出没場所": "農地", "目撃者状況": "農作業" }, "geometry": { "type": "Point", "coordinates": [ 137.261525755584529, 36.164580279803317 ] } },
{ "type": "Feature", "properties": { "出没月": "9月", "出没時間": "15時~16時", "通報者": "地域住民", "出没場所": "国・県・市道", "目撃者状況": "その他" }, "geometry": { "type": "Point", "coordinates": [ 137.386737053474292, 36.144277228944453 ] } },
{ "type": "Feature", "properties": { "出没月": "9月", "出没時間": "19時~20時", "通報者": "地域住民", "出没場所": "農地", "目撃者状況": "農作業" }, "geometry": { "type": "Point", "coordinates": [ 137.280337743667275, 36.159449027346469 ] } },
{ "type": "Feature", "properties": { "出没月": "9月", "出没時間": "10時~11時", "通報者": "地域住民", "出没場所": "国・県・市道", "目撃者状況": "その他車移動" }, "geometry": { "type": "Point", "coordinates": [ 137.496268058217595, 36.037553519736228 ] } },
{ "type": "Feature", "properties": { "出没月": "9月", "出没時間": "5時~6時", "通報者": "農業従事者", "出没場所": "農地", "目撃者状況": "農作業" }, "geometry": { "type": "Point", "coordinates": [ 137.258453049837698, 36.04518756304865 ] } },
{ "type": "Feature", "properties": { "出没月": "9月", "出没時間": "5時~6時", "通報者": "農業従事者", "出没場所": "農地", "目撃者状況": "農作業" }, "geometry": { "type": "Point", "coordinates": [ 137.256600585661658, 36.046036204555641 ] } },
{ "type": "Feature", "properties": { "出没月": "9月", "出没時間": "8時~9時", "通報者": "地域住民", "出没場所": "国・県・市道", "目撃者状況": "その他車移動" }, "geometry": { "type": "Point", "coordinates": [ 137.359505510446354, 36.215096128740463 ] } },
{ "type": "Feature", "properties": { "出没月": "9月", "出没時間": "13時~14時", "通報者": "地域住民", "出没場所": "住宅地", "目撃者状況": "自宅" }, "geometry": { "type": "Point", "coordinates": [ 137.239261044268773, 36.201910632228582 ] } },
{ "type": "Feature", "properties": { "出没月": "9月", "出没時間": "16時~17時", "通報者": "地域住民", "出没場所": "国・県・市道", "目撃者状況": "その他車移動" }, "geometry": { "type": "Point", "coordinates": [ 137.496555683319599, 36.174309739062657 ] } },
{ "type": "Feature", "properties": { "出没月": "9月", "出没時間": "14時~15時", "通報者": "地域住民", "出没場所": "国・県・市道", "目撃者状況": "その他車移動" }, "geometry": { "type": "Point", "coordinates": [ 137.399475000488025, 35.488788803091197 ] } },
{ "type": "Feature", "properties": { "出没月": "9月", "出没時間": "6時~7時", "通報者": "捕獲従事者", "出没場所": "山林", "目撃者状況": "その他" }, "geometry": { "type": "Point", "coordinates": [ 137.099853350986336, 35.870295835977402 ] } },
{ "type": "Feature", "properties": { "出没月": "9月", "出没時間": "13時~14時", "通報者": "地域住民", "出没場所": "住宅地", "目撃者状況": "自宅" }, "geometry": { "type": "Point", "coordinates": [ 137.516722158217334, 35.298055189083676 ] } },
{ "type": "Feature", "properties": { "出没月": "9月", "出没時間": "9時~10時", "通報者": "地域住民", "出没場所": "住宅地", "目撃者状況": "自宅" }, "geometry": { "type": "Point", "coordinates": [ 137.435138940514747, 35.360155378630338 ] } },
{ "type": "Feature", "properties": { "出没月": "9月", "出没時間": "8時~9時", "通報者": "捕獲従事者", "出没場所": "その他", "目撃者状況": "その他" }, "geometry": { "type": "Point", "coordinates": [ 137.430657069106303, 35.659699961177886 ] } },
{ "type": "Feature", "properties": { "出没月": "9月", "出没時間": "12時~13時", "通報者": "地域住民", "出没場所": "山林", "目撃者状況": "農作業" }, "geometry": { "type": "Point", "coordinates": [ 137.417257905549462, 35.706136123908195 ] } },
{ "type": "Feature", "properties": { "出没月": "9月", "出没時間": "6時~7時", "通報者": "地域住民", "出没場所": "国・県・市道", "目撃者状況": "その他車移動" }, "geometry": { "type": "Point", "coordinates": [ 137.394456150023046, 36.067600220300136 ] } },
{ "type": "Feature", "properties": { "出没月": "9月", "出没時間": "9時~10時", "通報者": "農業従事者", "出没場所": "農地", "目撃者状況": "農作業" }, "geometry": { "type": "Point", "coordinates": [ 137.378978686505064, 36.001229750851429 ] } },
{ "type": "Feature", "properties": { "出没月": "9月", "出没時間": "7時~8時", "通報者": "登山者", "出没場所": "山林", "目撃者状況": "登山" }, "geometry": { "type": "Point", "coordinates": [ 137.421176918465449, 35.700937749457445 ] } },
{ "type": "Feature", "properties": { "出没月": null, "出没時間": null, "通報者": null, "出没場所": null, "目撃者状況": null }, "geometry": { "type": "Point", "coordinates": [ 137.419559770250402, 35.700614412701896 ] } },
{ "type": "Feature", "properties": { "出没月": "9月", "出没時間": "15時~16時", "通報者": "地域住民", "出没場所": "国・県・市道", "目撃者状況": "その他車移動" }, "geometry": { "type": "Point", "coordinates": [ 137.005782437071559, 35.843225182632118 ] } },
{ "type": "Feature", "properties": { "出没月": "9月", "出没時間": "12時~13時", "通報者": "地域住民", "出没場所": "国・県・市道", "目撃者状況": "通勤・通学" }, "geometry": { "type": "Point", "coordinates": [ 137.334155144218556, 35.33327090860773 ] } },
{ "type": "Feature", "properties": { "出没月": "9月", "出没時間": "13時~14時", "通報者": "農業従事者", "出没場所": "農地", "目撃者状況": "農作業" }, "geometry": { "type": "Point", "coordinates": [ 137.379315413311048, 36.002705068644893 ] } },
{ "type": "Feature", "properties": { "出没月": "9月", "出没時間": "6時~7時", "通報者": "捕獲従事者", "出没場所": "林道", "目撃者状況": "その他" }, "geometry": { "type": "Point", "coordinates": [ 136.455812834341259, 35.377217069146347 ] } },
{ "type": "Feature", "properties": { "出没月": "9月", "出没時間": "9時~10時", "通報者": "農業従事者", "出没場所": "農地", "目撃者状況": "農作業" }, "geometry": { "type": "Point", "coordinates": [ 137.380455647296827, 36.001345426132289 ] } },
{ "type": "Feature", "properties": { "出没月": "9月", "出没時間": "15時~16時", "通報者": "地域住民", "出没場所": "河川敷", "目撃者状況": "その他" }, "geometry": { "type": "Point", "coordinates": [ 137.067908966972311, 36.293743579712064 ] } },
{ "type": "Feature", "properties": { "出没月": "9月", "出没時間": null, "通報者": "捕獲従事者", "出没場所": "農地", "目撃者状況": "自宅" }, "geometry": { "type": "Point", "coordinates": [ 137.407469420352669, 36.321877174157954 ] } },
{ "type": "Feature", "properties": { "出没月": "9月", "出没時間": "6時~7時", "通報者": "捕獲従事者", "出没場所": "山林", "目撃者状況": "その他" }, "geometry": { "type": "Point", "coordinates": [ 137.141197911680791, 35.852090396598605 ] } },
{ "type": "Feature", "properties": { "出没月": "9月", "出没時間": "8時~9時", "通報者": "地域住民", "出没場所": "国・県・市道", "目撃者状況": "通勤・通学" }, "geometry": { "type": "Point", "coordinates": [ 137.4094144300106, 35.441710546842756 ] } },
{ "type": "Feature", "properties": { "出没月": "9月", "出没時間": "18時~19時", "通報者": "地域住民", "出没場所": "国・県・市道", "目撃者状況": "その他車移動" }, "geometry": { "type": "Point", "coordinates": [ 137.255761959623896, 35.547558829691994 ] } },
{ "type": "Feature", "properties": { "出没月": "9月", "出没時間": "15時~16時", "通報者": "地域住民", "出没場所": "山林", "目撃者状況": "その他車移動" }, "geometry": { "type": "Point", "coordinates": [ 137.373152648224305, 36.376925574866668 ] } },
{ "type": "Feature", "properties": { "出没月": "10月", "出没時間": "10時~11時", "通報者": "その他", "出没場所": "山林", "目撃者状況": "その他" }, "geometry": { "type": "Point", "coordinates": [ 136.910075809033799, 35.595350316484101 ] } },
{ "type": "Feature", "properties": { "出没月": "10月", "出没時間": "14時~15時", "通報者": "登山者", "出没場所": "登山道", "目撃者状況": "登山" }, "geometry": { "type": "Point", "coordinates": [ 137.21344101736787, 36.054883984857796 ] } },
{ "type": "Feature", "properties": { "出没月": "10月", "出没時間": "17時~18時", "通報者": "地域住民", "出没場所": "住宅地", "目撃者状況": "その他車移動" }, "geometry": { "type": "Point", "coordinates": [ 137.368002665713703, 36.376595264291524 ] } },
{ "type": "Feature", "properties": { "出没月": "10月", "出没時間": "15時~16時", "通報者": "地域住民", "出没場所": "住宅地", "目撃者状況": "その他車移動" }, "geometry": { "type": "Point", "coordinates": [ 137.381083767191456, 35.366752120862117 ] } },
{ "type": "Feature", "properties": { "出没月": "10月", "出没時間": "6時~7時", "通報者": "地域住民", "出没場所": "山林", "目撃者状況": "その他" }, "geometry": { "type": "Point", "coordinates": [ 137.568110176060145, 35.520307948010696 ] } },
{ "type": "Feature", "properties": { "出没月": null, "出没時間": null, "通報者": null, "出没場所": null, "目撃者状況": null }, "geometry": { "type": "Point", "coordinates": [ 137.128367211350763, 36.109090561409872 ] } },
{ "type": "Feature", "properties": { "出没月": "10月", "出没時間": "9時~10時", "通報者": "その他", "出没場所": "国・県・市道", "目撃者状況": "その他車移動" }, "geometry": { "type": "Point", "coordinates": [ 137.133549156323085, 36.317734936173139 ] } },
{ "type": "Feature", "properties": { "出没月": "10月", "出没時間": "8時~9時", "通報者": "地域住民", "出没場所": "国・県・市道", "目撃者状況": "通勤・通学" }, "geometry": { "type": "Point", "coordinates": [ 137.029877391619976, 35.848441511610666 ] } },
{ "type": "Feature", "properties": { "出没月": "10月", "出没時間": "7時~8時", "通報者": "地域住民", "出没場所": "国・県・市道", "目撃者状況": "散歩" }, "geometry": { "type": "Point", "coordinates": [ 137.193646246908145, 36.41792592359544 ] } },
{ "type": "Feature", "properties": { "出没月": "10月", "出没時間": "10時~11時", "通報者": "登山者", "出没場所": "国・県・市道", "目撃者状況": "登山" }, "geometry": { "type": "Point", "coordinates": [ 136.574794125237247, 35.753990901148406 ] } },
{ "type": "Feature", "properties": { "出没月": "10月", "出没時間": "12時~13時", "通報者": "その他", "出没場所": "住宅地", "目撃者状況": "自宅" }, "geometry": { "type": "Point", "coordinates": [ 137.459759830673221, 35.471068466275007 ] } },
{ "type": "Feature", "properties": { "出没月": "10月", "出没時間": "17時~18時", "通報者": "農業従事者", "出没場所": "農地", "目撃者状況": "農作業" }, "geometry": { "type": "Point", "coordinates": [ 137.289941725763413, 36.160497663761412 ] } },
{ "type": "Feature", "properties": { "出没月": "10月", "出没時間": "7時~8時", "通報者": "地域住民", "出没場所": "その他", "目撃者状況": "その他" }, "geometry": { "type": "Point", "coordinates": [ 137.259933695491924, 36.038346787187251 ] } },
{ "type": "Feature", "properties": { "出没月": "10月", "出没時間": "12時~13時", "通報者": "地域住民", "出没場所": "その他", "目撃者状況": "その他" }, "geometry": { "type": "Point", "coordinates": [ 137.244748659724337, 36.123675215624147 ] } },
{ "type": "Feature", "properties": { "出没月": "10月", "出没時間": "10時~11時", "通報者": "地域住民", "出没場所": "住宅地", "目撃者状況": "散歩" }, "geometry": { "type": "Point", "coordinates": [ 137.060777453867615, 36.291877052164146 ] } },
{ "type": "Feature", "properties": { "出没月": "11月", "出没時間": "6時~7時", "通報者": "地域住民", "出没場所": "国・県・市道", "目撃者状況": "その他車移動" }, "geometry": { "type": "Point", "coordinates": [ 137.543597420504625, 35.536195135533198 ] } },
{ "type": "Feature", "properties": { "出没月": "11月", "出没時間": "15時~16時", "通報者": "建設業関係者", "出没場所": "国・県・市道", "目撃者状況": "建設作業" }, "geometry": { "type": "Point", "coordinates": [ 137.522630910369287, 35.525278801135393 ] } },
{ "type": "Feature", "properties": { "出没月": "11月", "出没時間": "13時~14時", "通報者": "地域住民", "出没場所": "国・県・市道", "目撃者状況": "その他" }, "geometry": { "type": "Point", "coordinates": [ 137.546768934635537, 35.496946547774833 ] } },
{ "type": "Feature", "properties": { "出没月": "11月", "出没時間": "7時~8時", "通報者": "地域住民", "出没場所": "山林", "目撃者状況": "農作業" }, "geometry": { "type": "Point", "coordinates": [ 137.45146410689398, 35.599612463138271 ] } },
{ "type": "Feature", "properties": { "出没月": "11月", "出没時間": "9時~10時", "通報者": "地域住民", "出没場所": "住宅地", "目撃者状況": "その他" }, "geometry": { "type": "Point", "coordinates": [ 137.593328335202045, 35.331174885037818 ] } },
{ "type": "Feature", "properties": { "出没月": "11月", "出没時間": "7時~8時", "通報者": "地域住民", "出没場所": "住宅地", "目撃者状況": "散歩" }, "geometry": { "type": "Point", "coordinates": [ 137.284242664020297, 36.398446698724811 ] } },
{ "type": "Feature", "properties": { "出没月": null, "出没時間": null, "通報者": null, "出没場所": null, "目撃者状況": null }, "geometry": { "type": "Point", "coordinates": [ 137.284242650443559, 36.39843768610622 ] } },
{ "type": "Feature", "properties": { "出没月": "11月", "出没時間": "15時~16時", "通報者": "その他", "出没場所": "国・県・市道", "目撃者状況": "その他車移動" }, "geometry": { "type": "Point", "coordinates": [ 137.130078512557958, 36.312010819105218 ] } },
{ "type": "Feature", "properties": { "出没月": "11月", "出没時間": "14時~15時", "通報者": "地域住民", "出没場所": "国・県・市道", "目撃者状況": "その他車移動" }, "geometry": { "type": "Point", "coordinates": [ 137.206462334782572, 35.485201008352981 ] } },
{ "type": "Feature", "properties": { "出没月": "11月", "出没時間": "7時~8時", "通報者": "地域住民", "出没場所": "国・県・市道", "目撃者状況": "その他車移動" }, "geometry": { "type": "Point", "coordinates": [ 137.454103051917087, 35.480949570826212 ] } },
{ "type": "Feature", "properties": { "出没月": "11月", "出没時間": "8時~9時", "通報者": "地域住民", "出没場所": "住宅地", "目撃者状況": "自宅" }, "geometry": { "type": "Point", "coordinates": [ 137.515904044284156, 35.326566935880287 ] } },
{ "type": "Feature", "properties": { "出没月": "11月", "出没時間": "9時~10時", "通報者": "地域住民", "出没場所": "住宅地", "目撃者状況": "自宅" }, "geometry": { "type": "Point", "coordinates": [ 137.491293537562342, 35.261237138571545 ] } },
{ "type": "Feature", "properties": { "出没月": "6月", "出没時間": "7時~8時", "通報者": "建設業関係者", "出没場所": "国・県・市道", "目撃者状況": "建設作業" }, "geometry": { "type": "Point", "coordinates": [ 137.15691125678967, 35.800870977439963 ] } },
{ "type": "Feature", "properties": { "出没月": "6月", "出没時間": "7時~8時", "通報者": "地域住民", "出没場所": "河川敷", "目撃者状況": "散歩" }, "geometry": { "type": "Point", "coordinates": [ 137.316723495557881, 35.897941152461684 ] } },
{ "type": "Feature", "properties": { "出没月": "10月", "出没時間": "13時~14時", "通報者": "その他", "出没場所": "その他", "目撃者状況": "その他" }, "geometry": { "type": "Point", "coordinates": [ 137.260776245590591, 35.959512620893413 ] } },
{ "type": "Feature", "properties": { "出没月": "7月", "出没時間": "19時~20時", "通報者": "地域住民", "出没場所": "山林", "目撃者状況": "その他車移動" }, "geometry": { "type": "Point", "coordinates": [ 137.214059858080134, 35.885568589333459 ] } },
{ "type": "Feature", "properties": { "出没月": "7月", "出没時間": "14時~15時", "通報者": "地域住民", "出没場所": "国・県・市道", "目撃者状況": "その他車移動" }, "geometry": { "type": "Point", "coordinates": [ 137.261128287450646, 35.807675743382759 ] } },
{ "type": "Feature", "properties": { "出没月": "7月", "出没時間": "14時~15時", "通報者": "地域住民", "出没場所": "河川敷", "目撃者状況": "その他車移動" }, "geometry": { "type": "Point", "coordinates": [ 137.234672298541909, 35.734496708566127 ] } },
{ "type": "Feature", "properties": { "出没月": "7月", "出没時間": "21時~22時", "通報者": "地域住民", "出没場所": "国・県・市道", "目撃者状況": "その他車移動" }, "geometry": { "type": "Point", "coordinates": [ 137.254084254917871, 35.775106748463678 ] } },
{ "type": "Feature", "properties": { "出没月": "7月", "出没時間": "7時~8時", "通報者": "地域住民", "出没場所": "国・県・市道", "目撃者状況": "その他車移動" }, "geometry": { "type": "Point", "coordinates": [ 137.262536658823791, 35.794124023084557 ] } },
{ "type": "Feature", "properties": { "出没月": "10月", "出没時間": "18時~19時", "通報者": "地域住民", "出没場所": "国・県・市道", "目撃者状況": "その他車移動" }, "geometry": { "type": "Point", "coordinates": [ 137.240914579809441, 35.821049445805848 ] } },
{ "type": "Feature", "properties": { "出没月": "12月", "出没時間": "8時~9時", "通報者": "地域住民", "出没場所": "山林", "目撃者状況": "通勤・通学" }, "geometry": { "type": "Point", "coordinates": [ 137.397989132265735, 35.465256228866991 ] } },
{ "type": "Feature", "properties": { "出没月": "12月", "出没時間": "10時~11時", "通報者": "地域住民", "出没場所": "住宅地", "目撃者状況": "自宅" }, "geometry": { "type": "Point", "coordinates": [ 137.392499765261419, 35.368720076475412 ] } },
{ "type": "Feature", "properties": { "出没月": "10月", "出没時間": "8時~9時", "通報者": "地域住民", "出没場所": "山林", "目撃者状況": "その他" }, "geometry": { "type": "Point", "coordinates": [ 137.229751811428997, 36.207118973602647 ] } },
{ "type": "Feature", "properties": { "出没月": "12月", "出没時間": "6時~7時", "通報者": "地域住民", "出没場所": "国・県・市道", "目撃者状況": "その他車移動" }, "geometry": { "type": "Point", "coordinates": [ 137.260883743157734, 35.584580049347124 ] } },
{ "type": "Feature", "properties": { "出没月": "12月", "出没時間": "11時~12時", "通報者": "その他", "出没場所": "農地", "目撃者状況": "その他" }, "geometry": { "type": "Point", "coordinates": [ 137.500881205942761, 35.528593128376521 ] } },
{ "type": "Feature", "properties": { "出没月": "12月", "出没時間": "14時~15時", "通報者": "地域住民", "出没場所": "その他", "目撃者状況": "散歩" }, "geometry": { "type": "Point", "coordinates": [ 137.391058877474904, 35.306189160787049 ] } },
{ "type": "Feature", "properties": { "出没月": "12月", "出没時間": "7時~8時", "通報者": "地域住民", "出没場所": "国・県・市道", "目撃者状況": "通勤・通学" }, "geometry": { "type": "Point", "coordinates": [ 137.245048119231853, 35.603363062130668 ] } },
{ "type": "Feature", "properties": { "出没月": "1月", "出没時間": "12時~13時", "通報者": "その他", "出没場所": "国・県・市道", "目撃者状況": "その他車移動" }, "geometry": { "type": "Point", "coordinates": [ 137.450626557290093, 35.407645741647137 ] } },
{ "type": "Feature", "properties": { "出没月": "1月", "出没時間": "16時~17時", "通報者": "地域住民", "出没場所": "農地", "目撃者状況": "自宅" }, "geometry": { "type": "Point", "coordinates": [ 137.393578420251316, 35.431760755663092 ] } },
{ "type": "Feature", "properties": { "出没月": "1月", "出没時間": "10時~11時", "通報者": "地域住民", "出没場所": "農地", "目撃者状況": "自宅" }, "geometry": { "type": "Point", "coordinates": [ 137.395905595429497, 35.513974256444214 ] } },
{ "type": "Feature", "properties": { "出没月": "1月", "出没時間": "19時~20時", "通報者": "地域住民", "出没場所": "国・県・市道", "目撃者状況": "通勤・通学" }, "geometry": { "type": "Point", "coordinates": [ 137.344589816809702, 35.74399229196289 ] } },
{ "type": "Feature", "properties": { "出没月": "2月", "出没時間": "18時~19時", "通報者": "その他", "出没場所": "国・県・市道", "目撃者状況": "その他車移動" }, "geometry": { "type": "Point", "coordinates": [ 137.178128498323701, 35.502140037085852 ] } },
{ "type": "Feature", "properties": { "出没月": "2月", "出没時間": "18時~19時", "通報者": "地域住民", "出没場所": "国・県・市道", "目撃者状況": "自宅" }, "geometry": { "type": "Point", "coordinates": [ 137.538446170827655, 35.512228768168931 ] } },
{ "type": "Feature", "properties": { "出没月": "3月", "出没時間": "7時~8時", "通報者": "その他", "出没場所": "住宅地", "目撃者状況": "自宅" }, "geometry": { "type": "Point", "coordinates": [ 137.455538014220224, 35.471494766649549 ] } },
{ "type": "Feature", "properties": { "出没月": "3月", "出没時間": "12時~13時", "通報者": "その他", "出没場所": "国・県・市道", "目撃者状況": "その他車移動" }, "geometry": { "type": "Point", "coordinates": [ 137.475470292104688, 35.507963229671184 ] } },
{ "type": "Feature", "properties": { "出没月": "3月", "出没時間": "15時~16時", "通報者": "地域住民", "出没場所": "住宅地", "目撃者状況": "自宅" }, "geometry": { "type": "Point", "coordinates": [ 137.331541766121973, 35.334035304157304 ] } },
{ "type": "Feature", "properties": { "出没月": "3月", "出没時間": "13時~14時", "通報者": "地域住民", "出没場所": "その他", "目撃者状況": "自宅" }, "geometry": { "type": "Point", "coordinates": [ 137.420569402554918, 35.281553401840974 ] } },
{ "type": "Feature", "properties": { "出没月": "3月", "出没時間": "10時~11時", "通報者": "地域住民", "出没場所": "山林", "目撃者状況": "散歩" }, "geometry": { "type": "Point", "coordinates": [ 137.183501380728671, 35.645977596014134 ] } },
{ "type": "Feature", "properties": { "出没月": "5月", "出没時間": "12時~13時", "通報者": "地域住民", "出没場所": "国・県・市道", "目撃者状況": "その他車移動" }, "geometry": { "type": "Point", "coordinates": [ 137.392853176728096, 35.351782095287604 ] } },
{ "type": "Feature", "properties": { "出没月": "5月", "出没時間": "8時~9時", "通報者": "地域住民", "出没場所": "国・県・市道", "目撃者状況": "その他車移動" }, "geometry": { "type": "Point", "coordinates": [ 137.408377467976521, 35.264043391881451 ] } },
{ "type": "Feature", "properties": { "出没月": "6月", "出没時間": "16時~17時", "通報者": "地域住民", "出没場所": "国・県・市道", "目撃者状況": "通勤・通学" }, "geometry": { "type": "Point", "coordinates": [ 137.449329100123123, 35.565728045410708 ] } },
{ "type": "Feature", "properties": { "出没月": "7月", "出没時間": "7時~8時", "通報者": "地域住民", "出没場所": "国・県・市道", "目撃者状況": "その他車移動" }, "geometry": { "type": "Point", "coordinates": [ 137.457961624550734, 35.576426085852255 ] } },
{ "type": "Feature", "properties": { "出没月": "8月", "出没時間": "11時~12時", "通報者": "その他", "出没場所": "国・県・市道", "目撃者状況": null }, "geometry": { "type": "Point", "coordinates": [ 137.444194995598906, 35.528670936189144 ] } },
{ "type": "Feature", "properties": { "出没月": "8月", "出没時間": "15時~16時", "通報者": "地域住民", "出没場所": "国・県・市道", "目撃者状況": null }, "geometry": { "type": "Point", "coordinates": [ 137.440532177869414, 35.595587525331787 ] } },
{ "type": "Feature", "properties": { "出没月": null, "出没時間": null, "通報者": null, "出没場所": null, "目撃者状況": null }, "geometry": { "type": "Point", "coordinates": [ 137.460384097479874, 35.609084010417135 ] } },
{ "type": "Feature", "properties": { "出没月": "9月", "出没時間": null, "通報者": "その他", "出没場所": "国・県・市道", "目撃者状況": null }, "geometry": { "type": "Point", "coordinates": [ 137.460464037800875, 35.6083063762702 ] } },
{ "type": "Feature", "properties": { "出没月": "11月", "出没時間": "12時~13時", "通報者": "地域住民", "出没場所": "山林", "目撃者状況": null }, "geometry": { "type": "Point", "coordinates": [ 137.395879780595777, 35.596215917251996 ] } },
{ "type": "Feature", "properties": { "出没月": "4", "出没時間": "15:00", "通報者": "近隣住民", "出没場所": "林地　", "目撃者状況": "付近を通行" }, "geometry": { "type": "Point", "coordinates": [ 137.30205251943363, 35.545670040686865 ] } },
{ "type": "Feature", "properties": { "出没月": "4", "出没時間": "11:00", "通報者": "市民", "出没場所": "明智浄化センター付近", "目撃者状況": null }, "geometry": { "type": "Point", "coordinates": [ 137.39330696389564, 35.287696248943043 ] } },
{ "type": "Feature", "properties": { "出没月": "4", "出没時間": "11：30", "通報者": "新穂高センター", "出没場所": "鍋平駐車場", "目撃者状況": null }, "geometry": { "type": "Point", "coordinates": [ 137.578285277832009, 36.275664483189431 ] } },
{ "type": "Feature", "properties": { "出没月": "4", "出没時間": "13:00", "通報者": "運送会社の人", "出没場所": "串原松本バス停付近", "目撃者状況": null }, "geometry": { "type": "Point", "coordinates": [ 137.441627683966885, 35.264936392779518 ] } },
{ "type": "Feature", "properties": { "出没月": "4", "出没時間": "11：45", "通報者": null, "出没場所": "奥飛騨温泉郷神坂", "目撃者状況": null }, "geometry": { "type": "Point", "coordinates": [ 137.577833632615466, 36.272318924585896 ] } },
{ "type": "Feature", "properties": { "出没月": "4", "出没時間": "11：45", "通報者": null, "出没場所": "上宝町葛山バス停", "目撃者状況": null }, "geometry": { "type": "Point", "coordinates": [ 137.430920720216591, 36.263993598428868 ] } },
{ "type": "Feature", "properties": { "出没月": "4", "出没時間": "12：25", "通報者": "林　明広　", "出没場所": "坂下上外地内", "目撃者状況": "付近を通行" }, "geometry": { "type": "Point", "coordinates": [ 137.502688131845588, 35.572193779257148 ] } },
{ "type": "Feature", "properties": { "出没月": "4", "出没時間": "15：30", "通報者": "中学校教員", "出没場所": "中学校裏", "目撃者状況": "下校中の小学生が目撃" }, "geometry": { "type": "Point", "coordinates": [ 137.52277547635515, 35.580193342014198 ] } },
{ "type": "Feature", "properties": { "出没月": "4", "出没時間": "10：00", "通報者": "市役所日直", "出没場所": "乙姫大橋付近", "目撃者状況": "何かを食べていた" }, "geometry": { "type": "Point", "coordinates": [ 137.53567889635687, 35.551789134280831 ] } },
{ "type": "Feature", "properties": { "出没月": "4", "出没時間": "8：40", "通報者": null, "出没場所": "奥飛騨温泉郷神坂", "目撃者状況": null }, "geometry": { "type": "Point", "coordinates": [ 137.576647576389036, 36.272726293734799 ] } },
{ "type": "Feature", "properties": { "出没月": "4", "出没時間": "15：30", "通報者": "奥飛騨交番", "出没場所": "奥飛騨温泉郷栃尾", "目撃者状況": null }, "geometry": { "type": "Point", "coordinates": [ 137.516823883770968, 36.248628053076125 ] } },
{ "type": "Feature", "properties": { "出没月": "5月", "出没時間": "19時30分頃", "通報者": "地域住民", "出没場所": "太江　丸茂製材所付近", "目撃者状況": "幼獣1頭" }, "geometry": { "type": "Point", "coordinates": [ 137.169340560269205, 36.252400885797826 ] } },
{ "type": "Feature", "properties": { "出没月": "5月", "出没時間": "12時~13時", "通報者": "地域住民", "出没場所": "国・県・市道", "目撃者状況": "その他車移動" }, "geometry": { "type": "Point", "coordinates": [ 137.489296454098991, 35.399664784858636 ] } },
{ "type": "Feature", "properties": { "出没月": "5月", "出没時間": "16時~17時", "通報者": "捕獲従事者", "出没場所": "林道", "目撃者状況": "その他" }, "geometry": { "type": "Point", "coordinates": [ 136.965738136164362, 35.784954958818517 ] } },
{ "type": "Feature", "properties": { "出没月": "5月", "出没時間": "13時~14時", "通報者": "地域住民", "出没場所": "国・県・市道", "目撃者状況": "散歩" }, "geometry": { "type": "Point", "coordinates": [ 137.143006445569796, 36.330385191144146 ] } },
{ "type": "Feature", "properties": { "出没月": "5月", "出没時間": "18時~19時", "通報者": "地域住民", "出没場所": "国・県・市道", "目撃者状況": "その他車移動" }, "geometry": { "type": "Point", "coordinates": [ 137.044657580101557, 35.752936229148723 ] } },
{ "type": "Feature", "properties": { "出没月": "5月", "出没時間": "14時~15時", "通報者": "地域住民", "出没場所": "山林", "目撃者状況": "その他車移動" }, "geometry": { "type": "Point", "coordinates": [ 137.3501297520462, 36.270988318590099 ] } },
{ "type": "Feature", "properties": { "出没月": "5月", "出没時間": "12時~13時", "通報者": "地域住民", "出没場所": "国・県・市道", "目撃者状況": "その他車移動" }, "geometry": { "type": "Point", "coordinates": [ 137.218271973017835, 35.530334221796167 ] } },
{ "type": "Feature", "properties": { "出没月": "6月", "出没時間": "17時~18時", "通報者": "地域住民", "出没場所": "山林", "目撃者状況": "その他" }, "geometry": { "type": "Point", "coordinates": [ 137.138521979905903, 36.258006968294588 ] } },
{ "type": "Feature", "properties": { "出没月": "6月", "出没時間": "9時~10時", "通報者": "地域住民", "出没場所": "国・県・市道", "目撃者状況": "その他車移動" }, "geometry": { "type": "Point", "coordinates": [ 137.131893402988197, 36.255359953015372 ] } },
{ "type": "Feature", "properties": { "出没月": "6月", "出没時間": "8時~9時", "通報者": "地域住民", "出没場所": "国・県・市道", "目撃者状況": "通勤・通学" }, "geometry": { "type": "Point", "coordinates": [ 136.953066408362872, 35.811705281193618 ] } },
{ "type": "Feature", "properties": { "出没月": "6月", "出没時間": "11時~12時", "通報者": "その他", "出没場所": "山林", "目撃者状況": "その他" }, "geometry": { "type": "Point", "coordinates": [ 137.180010940435096, 36.295741712337346 ] } },
{ "type": "Feature", "properties": { "出没月": "6月", "出没時間": "9時~10時", "通報者": "地域住民", "出没場所": "山林", "目撃者状況": "その他車移動" }, "geometry": { "type": "Point", "coordinates": [ 137.419949844272139, 35.686033694899983 ] } },
{ "type": "Feature", "properties": { "出没月": "6月", "出没時間": "7時~8時", "通報者": "地域住民", "出没場所": "山林", "目撃者状況": "散歩" }, "geometry": { "type": "Point", "coordinates": [ 137.187509818500246, 36.296816542481544 ] } },
{ "type": "Feature", "properties": { "出没月": "6月", "出没時間": "18時~19時", "通報者": "地域住民", "出没場所": "住宅地", "目撃者状況": "その他車移動" }, "geometry": { "type": "Point", "coordinates": [ 136.903644973996251, 36.186629621228896 ] } },
{ "type": "Feature", "properties": { "出没月": "6月", "出没時間": "18時~19時", "通報者": "地域住民", "出没場所": "国・県・市道", "目撃者状況": "その他車移動" }, "geometry": { "type": "Point", "coordinates": [ 136.900059098679833, 36.181675745980343 ] } },
{ "type": "Feature", "properties": { "出没月": "6月", "出没時間": "11時~12時", "通報者": "地域住民", "出没場所": "河川敷", "目撃者状況": "散歩" }, "geometry": { "type": "Point", "coordinates": [ 136.906168842872376, 36.258764653546841 ] } },
{ "type": "Feature", "properties": { "出没月": "6月", "出没時間": "15時~16時", "通報者": "地域住民", "出没場所": "農地", "目撃者状況": "散歩" }, "geometry": { "type": "Point", "coordinates": [ 136.901353861654655, 36.263509525252907 ] } },
{ "type": "Feature", "properties": { "出没月": "6月", "出没時間": "5時~6時", "通報者": "地域住民", "出没場所": "河川敷", "目撃者状況": "通勤・通学" }, "geometry": { "type": "Point", "coordinates": [ 136.904690643066203, 36.263152368362555 ] } },
{ "type": "Feature", "properties": { "出没月": "6月", "出没時間": "16時~17時", "通報者": "その他", "出没場所": "国・県・市道", "目撃者状況": "その他車移動" }, "geometry": { "type": "Point", "coordinates": [ 137.116369822325737, 35.786098725899343 ] } },
{ "type": "Feature", "properties": { "出没月": "6月", "出没時間": "8時~9時", "通報者": "地域住民", "出没場所": "農地", "目撃者状況": "通勤・通学" }, "geometry": { "type": "Point", "coordinates": [ 136.903598594170376, 36.265764317440478 ] } },
{ "type": "Feature", "properties": { "出没月": "6月", "出没時間": "5時~6時", "通報者": "地域住民", "出没場所": "国・県・市道", "目撃者状況": "その他車移動" }, "geometry": { "type": "Point", "coordinates": [ 136.903794227895446, 36.266277136959374 ] } },
{ "type": "Feature", "properties": { "出没月": "6月", "出没時間": "7時~8時", "通報者": "地域住民", "出没場所": "国・県・市道", "目撃者状況": "その他車移動" }, "geometry": { "type": "Point", "coordinates": [ 136.900566616987447, 36.268331645390028 ] } },
{ "type": "Feature", "properties": { "出没月": "6月", "出没時間": "16時~17時", "通報者": "地域住民", "出没場所": "農地", "目撃者状況": "その他" }, "geometry": { "type": "Point", "coordinates": [ 137.268858465940809, 36.449708460456826 ] } },
{ "type": "Feature", "properties": { "出没月": "6月", "出没時間": "6時~7時", "通報者": "地域住民", "出没場所": "国・県・市道", "目撃者状況": "その他車移動" }, "geometry": { "type": "Point", "coordinates": [ 137.340817439277032, 36.315857740318705 ] } },
{ "type": "Feature", "properties": { "出没月": "6月", "出没時間": "13時~14時", "通報者": "その他", "出没場所": "国・県・市道", "目撃者状況": "その他車移動" }, "geometry": { "type": "Point", "coordinates": [ 137.254758728709561, 36.310468994638043 ] } },
{ "type": "Feature", "properties": { "出没月": "6月", "出没時間": "10時~11時", "通報者": "地域住民", "出没場所": "その他", "目撃者状況": "農作業" }, "geometry": { "type": "Point", "coordinates": [ 137.152881856846136, 36.332844962571968 ] } },
{ "type": "Feature", "properties": { "出没月": "6月", "出没時間": "7時~8時", "通報者": "地域住民", "出没場所": "農地", "目撃者状況": "その他車移動" }, "geometry": { "type": "Point", "coordinates": [ 137.135937500327401, 36.323424616563919 ] } },
{ "type": "Feature", "properties": { "出没月": "6月", "出没時間": "13時~14時", "通報者": "地域住民", "出没場所": "国・県・市道", "目撃者状況": "その他車移動" }, "geometry": { "type": "Point", "coordinates": [ 137.204009999694676, 36.261972244162479 ] } },
{ "type": "Feature", "properties": { "出没月": "6月", "出没時間": "8時~9時", "通報者": "地域住民", "出没場所": "国・県・市道", "目撃者状況": "その他" }, "geometry": { "type": "Point", "coordinates": [ 137.144336673065169, 36.270958407704711 ] } },
{ "type": "Feature", "properties": { "出没月": "6月", "出没時間": "5時~6時", "通報者": "地域住民", "出没場所": "農地", "目撃者状況": "農作業" }, "geometry": { "type": "Point", "coordinates": [ 137.249048477660864, 36.299558593919805 ] } },
{ "type": "Feature", "properties": { "出没月": "6月", "出没時間": "5時~6時", "通報者": "地域住民", "出没場所": "農地", "目撃者状況": "農作業" }, "geometry": { "type": "Point", "coordinates": [ 137.248895292373305, 36.299474204514482 ] } },
{ "type": "Feature", "properties": { "出没月": "6月", "出没時間": "5時~6時", "通報者": "地域住民", "出没場所": "家畜場", "目撃者状況": "農作業" }, "geometry": { "type": "Point", "coordinates": [ 137.249232874637642, 36.299544384244122 ] } },
{ "type": "Feature", "properties": { "出没月": "6月", "出没時間": "7時~8時", "通報者": "地域住民", "出没場所": "その他", "目撃者状況": "その他車移動" }, "geometry": { "type": "Point", "coordinates": [ 137.235220878790443, 36.266733091059848 ] } },
{ "type": "Feature", "properties": { "出没月": "6月", "出没時間": "7時~8時", "通報者": "その他", "出没場所": "国・県・市道", "目撃者状況": "通勤・通学" }, "geometry": { "type": "Point", "coordinates": [ 137.305156040776694, 36.314356995363894 ] } },
{ "type": "Feature", "properties": { "出没月": "6月", "出没時間": null, "通報者": "地域住民", "出没場所": "国・県・市道", "目撃者状況": null }, "geometry": { "type": "Point", "coordinates": [ 136.791399840403045, 35.575346946577014 ] } },
{ "type": "Feature", "properties": { "出没月": "7月", "出没時間": "7時~8時", "通報者": "その他", "出没場所": "国・県・市道", "目撃者状況": "その他車移動" }, "geometry": { "type": "Point", "coordinates": [ 137.539035796819292, 35.303488331609913 ] } },
{ "type": "Feature", "properties": { "出没月": "7月", "出没時間": "11時~12時", "通報者": "地域住民", "出没場所": "国・県・市道", "目撃者状況": "その他車移動" }, "geometry": { "type": "Point", "coordinates": [ 137.4152129910415, 35.294611642855976 ] } },
{ "type": "Feature", "properties": { "出没月": "7月", "出没時間": "8時~9時", "通報者": "その他", "出没場所": "山林", "目撃者状況": "通勤・通学" }, "geometry": { "type": "Point", "coordinates": [ 137.264915686317238, 36.266908977312745 ] } },
{ "type": "Feature", "properties": { "出没月": "4月", "出没時間": null, "通報者": "地域住民", "出没場所": "住宅地", "目撃者状況": "その他" }, "geometry": { "type": "Point", "coordinates": [ 137.216499010441339, 36.212600669041947 ] } },
{ "type": "Feature", "properties": { "出没月": "4月", "出没時間": "7時~8時", "通報者": "地域住民", "出没場所": "住宅地", "目撃者状況": "自宅" }, "geometry": { "type": "Point", "coordinates": [ 137.492378509083551, 36.177519618289764 ] } },
{ "type": "Feature", "properties": { "出没月": "4月", "出没時間": "7時~8時", "通報者": "地域住民", "出没場所": "住宅地", "目撃者状況": "自宅" }, "geometry": { "type": "Point", "coordinates": [ 137.492932108854887, 36.176977335264993 ] } },
{ "type": "Feature", "properties": { "出没月": "5月", "出没時間": "8時~9時", "通報者": "地域住民", "出没場所": "登山道", "目撃者状況": "通勤・通学" }, "geometry": { "type": "Point", "coordinates": [ 137.554532905537911, 36.051914511404746 ] } },
{ "type": "Feature", "properties": { "出没月": "5月", "出没時間": "16時~17時", "通報者": "地域住民", "出没場所": "住宅地", "目撃者状況": "通勤・通学" }, "geometry": { "type": "Point", "coordinates": [ 137.226952429783239, 36.062841195644104 ] } },
{ "type": "Feature", "properties": { "出没月": "5月", "出没時間": "11時~12時", "通報者": "地域住民", "出没場所": "住宅地", "目撃者状況": null }, "geometry": { "type": "Point", "coordinates": [ 137.269352732228697, 36.080897775219924 ] } },
{ "type": "Feature", "properties": { "出没月": "5月", "出没時間": "17時~18時", "通報者": "地域住民", "出没場所": "住宅地", "目撃者状況": "自宅" }, "geometry": { "type": "Point", "coordinates": [ 137.267385103578135, 36.072542030047117 ] } },
{ "type": "Feature", "properties": { "出没月": "5月", "出没時間": "9時~10時", "通報者": "地域住民", "出没場所": "住宅地", "目撃者状況": "その他" }, "geometry": { "type": "Point", "coordinates": [ 136.955930515724333, 36.064425300633559 ] } },
{ "type": "Feature", "properties": { "出没月": "5月", "出没時間": "10時~11時", "通報者": "農業従事者", "出没場所": "農地", "目撃者状況": null }, "geometry": { "type": "Point", "coordinates": [ 137.37614443205311, 36.187249769474548 ] } },
{ "type": "Feature", "properties": { "出没月": "5月", "出没時間": "17時~18時", "通報者": "地域住民", "出没場所": "住宅地", "目撃者状況": "自宅" }, "geometry": { "type": "Point", "coordinates": [ 136.955800049282573, 36.066516115362532 ] } },
{ "type": "Feature", "properties": { "出没月": "5月", "出没時間": "12時~13時", "通報者": "農業従事者", "出没場所": "農地", "目撃者状況": "自宅" }, "geometry": { "type": "Point", "coordinates": [ 137.390743526511926, 36.174312287965016 ] } },
{ "type": "Feature", "properties": { "出没月": "6月", "出没時間": "16時~17時", "通報者": "地域住民", "出没場所": "住宅地", "目撃者状況": "自宅" }, "geometry": { "type": "Point", "coordinates": [ 137.268059235069643, 36.067420314090455 ] } },
{ "type": "Feature", "properties": { "出没月": "6月", "出没時間": "17時~18時", "通報者": "地域住民", "出没場所": "住宅地", "目撃者状況": "自宅" }, "geometry": { "type": "Point", "coordinates": [ 137.343910948066394, 36.09218072425228 ] } },
{ "type": "Feature", "properties": { "出没月": "7月", "出没時間": "7時~8時", "通報者": "地域住民", "出没場所": "林道", "目撃者状況": "農作業" }, "geometry": { "type": "Point", "coordinates": [ 137.492137470495635, 35.421736014642498 ] } },
{ "type": "Feature", "properties": { "出没月": "6月", "出没時間": "11時~12時", "通報者": "その他", "出没場所": "山林", "目撃者状況": "その他" }, "geometry": { "type": "Point", "coordinates": [ 137.555806749307663, 36.054210975912028 ] } },
{ "type": "Feature", "properties": { "出没月": "6月", "出没時間": "8時~9時", "通報者": "地域住民", "出没場所": "国・県・市道", "目撃者状況": "その他車移動" }, "geometry": { "type": "Point", "coordinates": [ 137.497780152367994, 36.172940879101162 ] } },
{ "type": "Feature", "properties": { "出没月": "6月", "出没時間": "9時~10時", "通報者": "地域住民", "出没場所": "住宅地", "目撃者状況": "その他" }, "geometry": { "type": "Point", "coordinates": [ 137.488157032343139, 36.038470356211107 ] } },
{ "type": "Feature", "properties": { "出没月": "6月", "出没時間": "8時~9時", "通報者": "地域住民", "出没場所": "国・県・市道", "目撃者状況": "通勤・通学" }, "geometry": { "type": "Point", "coordinates": [ 137.212729008079663, 36.074576691996675 ] } },
{ "type": "Feature", "properties": { "出没月": "6月", "出没時間": "19時~20時", "通報者": "地域住民", "出没場所": "国・県・市道", "目撃者状況": "その他車移動" }, "geometry": { "type": "Point", "coordinates": [ 137.448826362109202, 36.028519127500573 ] } },
{ "type": "Feature", "properties": { "出没月": "6月", "出没時間": "18時~19時", "通報者": "地域住民", "出没場所": "国・県・市道", "目撃者状況": "その他車移動" }, "geometry": { "type": "Point", "coordinates": [ 137.344905780126766, 36.199276576393004 ] } },
{ "type": "Feature", "properties": { "出没月": "6月", "出没時間": "4時~5時", "通報者": "地域住民", "出没場所": "住宅地", "目撃者状況": "自宅" }, "geometry": { "type": "Point", "coordinates": [ 137.378808019357109, 36.079029415737381 ] } },
{ "type": "Feature", "properties": { "出没月": "6月", "出没時間": "8時~9時", "通報者": "地域住民", "出没場所": "住宅地", "目撃者状況": "自宅" }, "geometry": { "type": "Point", "coordinates": [ 137.378932625991325, 36.078916531354075 ] } },
{ "type": "Feature", "properties": { "出没月": "6月", "出没時間": "15時~16時", "通報者": "地域住民", "出没場所": "住宅地", "目撃者状況": "農作業" }, "geometry": { "type": "Point", "coordinates": [ 137.348605152267766, 36.208827519736666 ] } },
{ "type": "Feature", "properties": { "出没月": "6月", "出没時間": "8時~9時", "通報者": "地域住民", "出没場所": "住宅地", "目撃者状況": "その他車移動" }, "geometry": { "type": "Point", "coordinates": [ 137.271974477543807, 36.055096255599814 ] } },
{ "type": "Feature", "properties": { "出没月": "6月", "出没時間": "18時~19時", "通報者": "地域住民", "出没場所": "林道", "目撃者状況": "その他車移動" }, "geometry": { "type": "Point", "coordinates": [ 137.35878543048139, 36.080943541962782 ] } },
{ "type": "Feature", "properties": { "出没月": "6月", "出没時間": "16時~17時", "通報者": "地域住民", "出没場所": "住宅地", "目撃者状況": "自宅" }, "geometry": { "type": "Point", "coordinates": [ 137.378778170897277, 36.078250961852163 ] } },
{ "type": "Feature", "properties": { "出没月": "6月", "出没時間": "17時~18時", "通報者": "地域住民", "出没場所": "住宅地", "目撃者状況": "自宅" }, "geometry": { "type": "Point", "coordinates": [ 137.380389078050229, 36.076045522849363 ] } },
{ "type": "Feature", "properties": { "出没月": "6月", "出没時間": "8時~9時", "通報者": "地域住民", "出没場所": "林道", "目撃者状況": "その他車移動" }, "geometry": { "type": "Point", "coordinates": [ 137.312856331736299, 36.132688176807925 ] } },
{ "type": "Feature", "properties": { "出没月": "6月", "出没時間": "12時~13時", "通報者": "地域住民", "出没場所": "林道", "目撃者状況": "その他車移動" }, "geometry": { "type": "Point", "coordinates": [ 137.222620821142357, 36.064040635970713 ] } },
{ "type": "Feature", "properties": { "出没月": "6月", "出没時間": "7時~8時", "通報者": "地域住民", "出没場所": "住宅地", "目撃者状況": "その他車移動" }, "geometry": { "type": "Point", "coordinates": [ 137.362689844404827, 36.081018337559669 ] } },
{ "type": "Feature", "properties": { "出没月": "7月", "出没時間": "15時~16時", "通報者": "捕獲従事者", "出没場所": "山林", "目撃者状況": "その他" }, "geometry": { "type": "Point", "coordinates": [ 137.30462262296291, 36.303540603962148 ] } },
{ "type": "Feature", "properties": { "出没月": "6月", "出没時間": "6時~7時", "通報者": "その他", "出没場所": "山林", "目撃者状況": "その他" }, "geometry": { "type": "Point", "coordinates": [ 137.372305909236104, 36.215985099431826 ] } },
{ "type": "Feature", "properties": { "出没月": "6月", "出没時間": "11時~12時", "通報者": "地域住民", "出没場所": "住宅地", "目撃者状況": "自宅" }, "geometry": { "type": "Point", "coordinates": [ 137.32345822806758, 36.204131041836213 ] } },
{ "type": "Feature", "properties": { "出没月": "6月", "出没時間": "11時~12時", "通報者": "林業従事者", "出没場所": "山林", "目撃者状況": "林業作業" }, "geometry": { "type": "Point", "coordinates": [ 137.415912973987616, 36.023831688325402 ] } },
{ "type": "Feature", "properties": { "出没月": "6月", "出没時間": "13時~14時", "通報者": "地域住民", "出没場所": "国・県・市道", "目撃者状況": "その他" }, "geometry": { "type": "Point", "coordinates": [ 137.43822822920427, 36.1478510770336 ] } },
{ "type": "Feature", "properties": { "出没月": "6月", "出没時間": "16時~17時", "通報者": "地域住民", "出没場所": "住宅地", "目撃者状況": "自宅" }, "geometry": { "type": "Point", "coordinates": [ 137.237250741534496, 36.150728839841726 ] } },
{ "type": "Feature", "properties": { "出没月": "6月", "出没時間": "10時~11時", "通報者": "地域住民", "出没場所": "国・県・市道", "目撃者状況": "その他" }, "geometry": { "type": "Point", "coordinates": [ 137.438625648974494, 36.147488529226415 ] } },
{ "type": "Feature", "properties": { "出没月": "6月", "出没時間": "12時~13時", "通報者": "登山者", "出没場所": "登山道", "目撃者状況": "登山" }, "geometry": { "type": "Point", "coordinates": [ 137.113197249051268, 36.104557111793575 ] } },
{ "type": "Feature", "properties": { "出没月": "6月", "出没時間": "14時~15時", "通報者": "地域住民", "出没場所": "国・県・市道", "目撃者状況": "その他車移動" }, "geometry": { "type": "Point", "coordinates": [ 137.383112433330353, 36.078351088257428 ] } },
{ "type": "Feature", "properties": { "出没月": "6月", "出没時間": "15時~16時", "通報者": "地域住民", "出没場所": "国・県・市道", "目撃者状況": "その他車移動" }, "geometry": { "type": "Point", "coordinates": [ 137.285541883074131, 36.173727840548239 ] } },
{ "type": "Feature", "properties": { "出没月": "6月", "出没時間": "11時~12時", "通報者": "地域住民", "出没場所": "住宅地", "目撃者状況": "自宅" }, "geometry": { "type": "Point", "coordinates": [ 137.343245105775708, 36.09238450162718 ] } },
{ "type": "Feature", "properties": { "出没月": "6月", "出没時間": "14時~15時", "通報者": "地域住民", "出没場所": "住宅地", "目撃者状況": "その他" }, "geometry": { "type": "Point", "coordinates": [ 137.34773255003239, 36.087989557346766 ] } },
{ "type": "Feature", "properties": { "出没月": "6月", "出没時間": "7時~8時", "通報者": "地域住民", "出没場所": "その他", "目撃者状況": "その他車移動" }, "geometry": { "type": "Point", "coordinates": [ 137.255238898281846, 36.176666409066009 ] } },
{ "type": "Feature", "properties": { "出没月": "6月", "出没時間": "15時~16時", "通報者": "地域住民", "出没場所": "住宅地", "目撃者状況": "自宅" }, "geometry": { "type": "Point", "coordinates": [ 137.374198445964851, 36.080068077211671 ] } },
{ "type": "Feature", "properties": { "出没月": "6月", "出没時間": "9時~10時", "通報者": "地域住民", "出没場所": "住宅地", "目撃者状況": "その他車移動" }, "geometry": { "type": "Point", "coordinates": [ 136.94196787111062, 36.056717377392182 ] } },
{ "type": "Feature", "properties": { "出没月": "7月", "出没時間": "8時~9時", "通報者": "地域住民", "出没場所": "住宅地", "目撃者状況": "その他車移動" }, "geometry": { "type": "Point", "coordinates": [ 137.269467152792686, 36.270190891757132 ] } },
{ "type": "Feature", "properties": { "出没月": "7月", "出没時間": "10時~11時", "通報者": "地域住民", "出没場所": "住宅地", "目撃者状況": "自宅" }, "geometry": { "type": "Point", "coordinates": [ 137.565612658084945, 36.049013679186679 ] } },
{ "type": "Feature", "properties": { "出没月": "7月", "出没時間": "9時~10時", "通報者": "地域住民", "出没場所": "住宅地", "目撃者状況": "自宅" }, "geometry": { "type": "Point", "coordinates": [ 136.98893897197695, 36.012508296436977 ] } },
{ "type": "Feature", "properties": { "出没月": "7月", "出没時間": "9時~10時", "通報者": "地域住民", "出没場所": "国・県・市道", "目撃者状況": "その他" }, "geometry": { "type": "Point", "coordinates": [ 137.573352604146692, 36.286474651597992 ] } },
{ "type": "Feature", "properties": { "出没月": "7月", "出没時間": "19時~20時", "通報者": "地域住民", "出没場所": "住宅地", "目撃者状況": "自宅" }, "geometry": { "type": "Point", "coordinates": [ 137.079176566233627, 36.157816549351239 ] } },
{ "type": "Feature", "properties": { "出没月": "7月", "出没時間": "11時~12時", "通報者": "地域住民", "出没場所": "国・県・市道", "目撃者状況": "その他車移動" }, "geometry": { "type": "Point", "coordinates": [ 137.387213747708358, 36.074424038035218 ] } },
{ "type": "Feature", "properties": { "出没月": "7月", "出没時間": "14時~15時", "通報者": "地域住民", "出没場所": "住宅地", "目撃者状況": "自宅" }, "geometry": { "type": "Point", "coordinates": [ 136.989465089201019, 36.011953073214698 ] } },
{ "type": "Feature", "properties": { "出没月": "7月", "出没時間": "8時~9時", "通報者": "農業従事者", "出没場所": "その他", "目撃者状況": "家畜作業" }, "geometry": { "type": "Point", "coordinates": [ 137.468771679587178, 35.960871760577668 ] } },
{ "type": "Feature", "properties": { "出没月": "7月", "出没時間": "11時~12時", "通報者": "地域住民", "出没場所": "河川敷", "目撃者状況": "その他車移動" }, "geometry": { "type": "Point", "coordinates": [ 137.384045609518978, 36.076776049825305 ] } },
{ "type": "Feature", "properties": { "出没月": "7月", "出没時間": "11時~12時", "通報者": "地域住民", "出没場所": "国・県・市道", "目撃者状況": "その他車移動" }, "geometry": { "type": "Point", "coordinates": [ 137.181515101670016, 35.48768239825759 ] } },
{ "type": "Feature", "properties": { "出没月": "7月", "出没時間": "12時~13時", "通報者": "地域住民", "出没場所": "国・県・市道", "目撃者状況": "その他車移動" }, "geometry": { "type": "Point", "coordinates": [ 136.984133514983426, 35.740849852243151 ] } },
{ "type": "Feature", "properties": { "出没月": "7月", "出没時間": "10時~11時", "通報者": "地域住民", "出没場所": "住宅地", "目撃者状況": "自宅" }, "geometry": { "type": "Point", "coordinates": [ 137.559861051652689, 36.261400081314505 ] } },
{ "type": "Feature", "properties": { "出没月": "7月", "出没時間": "18時~19時", "通報者": "地域住民", "出没場所": "その他", "目撃者状況": "自宅" }, "geometry": { "type": "Point", "coordinates": [ 137.02840942183019, 35.856091700546656 ] } },
{ "type": "Feature", "properties": { "出没月": "7月", "出没時間": "8時~9時", "通報者": "地域住民", "出没場所": "農地", "目撃者状況": "その他" }, "geometry": { "type": "Point", "coordinates": [ 137.295823787556373, 36.327468035234162 ] } },
{ "type": "Feature", "properties": { "出没月": "7月", "出没時間": "18時~19時", "通報者": "地域住民", "出没場所": "山林", "目撃者状況": null }, "geometry": { "type": "Point", "coordinates": [ 137.548512854779972, 36.193265449822626 ] } },
{ "type": "Feature", "properties": { "出没月": "7月", "出没時間": null, "通報者": "登山者", "出没場所": "登山道", "目撃者状況": "登山" }, "geometry": { "type": "Point", "coordinates": [ 137.579361463113571, 36.287166633789525 ] } },
{ "type": "Feature", "properties": { "出没月": "7月", "出没時間": null, "通報者": "登山者", "出没場所": "登山道", "目撃者状況": null }, "geometry": { "type": "Point", "coordinates": [ 137.573204734243603, 36.286672307909747 ] } },
{ "type": "Feature", "properties": { "出没月": "7月", "出没時間": "14時~15時", "通報者": "建設業関係者", "出没場所": "登山道", "目撃者状況": "建設作業" }, "geometry": { "type": "Point", "coordinates": [ 137.572925461878356, 36.291855579380119 ] } },
{ "type": "Feature", "properties": { "出没月": "7月", "出没時間": "17時~18時", "通報者": "登山者", "出没場所": "登山道", "目撃者状況": "登山" }, "geometry": { "type": "Point", "coordinates": [ 137.573050386057105, 36.291793192348173 ] } },
{ "type": "Feature", "properties": { "出没月": "7月", "出没時間": "15時~16時", "通報者": "登山者", "出没場所": "登山道", "目撃者状況": "登山" }, "geometry": { "type": "Point", "coordinates": [ 137.595446263713484, 36.310522812473152 ] } },
{ "type": "Feature", "properties": { "出没月": "7月", "出没時間": "14時~15時", "通報者": "その他", "出没場所": "山林", "目撃者状況": "その他" }, "geometry": { "type": "Point", "coordinates": [ 137.557273394916763, 36.184594947919813 ] } },
{ "type": "Feature", "properties": { "出没月": "7月", "出没時間": "17時~18時", "通報者": "地域住民", "出没場所": "国・県・市道", "目撃者状況": "通勤・通学" }, "geometry": { "type": "Point", "coordinates": [ 137.211040327497699, 35.661066468097175 ] } },
{ "type": "Feature", "properties": { "出没月": "7月", "出没時間": "18時~19時", "通報者": "地域住民", "出没場所": "国・県・市道", "目撃者状況": "散歩" }, "geometry": { "type": "Point", "coordinates": [ 137.291882956029269, 35.582920176795184 ] } },
{ "type": "Feature", "properties": { "出没月": "7月", "出没時間": "18時~19時", "通報者": "林業従事者", "出没場所": "国・県・市道", "目撃者状況": "林業作業" }, "geometry": { "type": "Point", "coordinates": [ 137.505750977712978, 35.640844273474926 ] } },
{ "type": "Feature", "properties": { "出没月": "7月", "出没時間": "9時~10時", "通報者": "地域住民", "出没場所": "農地", "目撃者状況": "その他車移動" }, "geometry": { "type": "Point", "coordinates": [ 137.49047050277764, 35.593887973686385 ] } },
{ "type": "Feature", "properties": { "出没月": "8月", "出没時間": "9時~10時", "通報者": "地域住民", "出没場所": "河川敷", "目撃者状況": "その他" }, "geometry": { "type": "Point", "coordinates": [ 136.956172569406988, 35.654542758850276 ] } },
{ "type": "Feature", "properties": { "出没月": "7月", "出没時間": "13時~14時", "通報者": "その他", "出没場所": "その他", "目撃者状況": "その他" }, "geometry": { "type": "Point", "coordinates": [ 137.485217290116964, 35.946410263247706 ] } },
{ "type": "Feature", "properties": { "出没月": "7月", "出没時間": "9時~10時", "通報者": "地域住民", "出没場所": "住宅地", "目撃者状況": "自宅" }, "geometry": { "type": "Point", "coordinates": [ 137.3659651451608, 36.078601085418555 ] } },
{ "type": "Feature", "properties": { "出没月": "7月", "出没時間": "17時~18時", "通報者": "地域住民", "出没場所": "住宅地", "目撃者状況": "その他車移動" }, "geometry": { "type": "Point", "coordinates": [ 137.184308360899109, 36.124461833969619 ] } },
{ "type": "Feature", "properties": { "出没月": "7月", "出没時間": "18時~19時", "通報者": "地域住民", "出没場所": "住宅地", "目撃者状況": "自宅" }, "geometry": { "type": "Point", "coordinates": [ 137.190152606140771, 36.20575912785592 ] } },
{ "type": "Feature", "properties": { "出没月": "7月", "出没時間": "12時~13時", "通報者": "地域住民", "出没場所": "国・県・市道", "目撃者状況": "その他車移動" }, "geometry": { "type": "Point", "coordinates": [ 137.503042330071963, 36.172614137801041 ] } },
{ "type": "Feature", "properties": { "出没月": "7月", "出没時間": "19時~20時", "通報者": "地域住民", "出没場所": "国・県・市道", "目撃者状況": "その他車移動" }, "geometry": { "type": "Point", "coordinates": [ 137.548726403682423, 36.194021851210223 ] } },
{ "type": "Feature", "properties": { "出没月": "7月", "出没時間": "14時~15時", "通報者": "地域住民", "出没場所": "住宅地", "目撃者状況": "その他" }, "geometry": { "type": "Point", "coordinates": [ 137.552953839469637, 36.184829780070167 ] } },
{ "type": "Feature", "properties": { "出没月": "7月", "出没時間": "11時~12時", "通報者": "その他", "出没場所": "その他", "目撃者状況": "その他" }, "geometry": { "type": "Point", "coordinates": [ 137.485819812861166, 35.947222674197739 ] } },
{ "type": "Feature", "properties": { "出没月": "7月", "出没時間": "17時~18時", "通報者": "地域住民", "出没場所": "住宅地", "目撃者状況": "その他車移動" }, "geometry": { "type": "Point", "coordinates": [ 137.365040594628709, 36.080999541204115 ] } },
{ "type": "Feature", "properties": { "出没月": "7月", "出没時間": "11時~12時", "通報者": "その他", "出没場所": "その他", "目撃者状況": "その他" }, "geometry": { "type": "Point", "coordinates": [ 137.082299073403647, 35.938635554216674 ] } },
{ "type": "Feature", "properties": { "出没月": "7月", "出没時間": "16時~17時", "通報者": "地域住民", "出没場所": "その他", "目撃者状況": "その他" }, "geometry": { "type": "Point", "coordinates": [ 137.053091325759937, 36.057613234348977 ] } },
{ "type": "Feature", "properties": { "出没月": "7月", "出没時間": "12時~13時", "通報者": "その他", "出没場所": "その他", "目撃者状況": "その他" }, "geometry": { "type": "Point", "coordinates": [ 137.576471754448988, 36.286474705278032 ] } },
{ "type": "Feature", "properties": { "出没月": "7月", "出没時間": "16時~17時", "通報者": "その他", "出没場所": "その他", "目撃者状況": "その他" }, "geometry": { "type": "Point", "coordinates": [ 137.477620714565006, 36.075580620990316 ] } },
{ "type": "Feature", "properties": { "出没月": "8月", "出没時間": "10時~11時", "通報者": "その他", "出没場所": "国・県・市道", "目撃者状況": null }, "geometry": { "type": "Point", "coordinates": [ 137.55513746841126, 36.051985222014814 ] } },
{ "type": "Feature", "properties": { "出没月": "8月", "出没時間": "16時~17時", "通報者": "その他", "出没場所": "その他", "目撃者状況": "その他" }, "geometry": { "type": "Point", "coordinates": [ 137.476160758964852, 36.055927392958814 ] } },
{ "type": "Feature", "properties": { "出没月": "8月", "出没時間": "10時~11時", "通報者": "その他", "出没場所": "国・県・市道", "目撃者状況": "その他" }, "geometry": { "type": "Point", "coordinates": [ 137.55550228044433, 36.052110785990244 ] } },
{ "type": "Feature", "properties": { "出没月": "8月", "出没時間": "18時~19時", "通報者": "地域住民", "出没場所": "住宅地", "目撃者状況": "その他" }, "geometry": { "type": "Point", "coordinates": [ 137.347343269545178, 36.088018874253933 ] } },
{ "type": "Feature", "properties": { "出没月": "8月", "出没時間": "10時~11時", "通報者": "地域住民", "出没場所": "国・県・市道", "目撃者状況": "その他車移動" }, "geometry": { "type": "Point", "coordinates": [ 137.527198133658175, 35.979883849881652 ] } },
{ "type": "Feature", "properties": { "出没月": "8月", "出没時間": "16時~17時", "通報者": "捕獲従事者", "出没場所": "国・県・市道", "目撃者状況": "その他車移動" }, "geometry": { "type": "Point", "coordinates": [ 137.394001346495571, 36.273766091442361 ] } },
{ "type": "Feature", "properties": { "出没月": "8月", "出没時間": "6時~7時", "通報者": "地域住民", "出没場所": "農地", "目撃者状況": "農作業" }, "geometry": { "type": "Point", "coordinates": [ 137.34027877954955, 36.316204951374672 ] } },
{ "type": "Feature", "properties": { "出没月": "8月", "出没時間": "17時~18時", "通報者": "地域住民", "出没場所": "国・県・市道", "目撃者状況": "その他車移動" }, "geometry": { "type": "Point", "coordinates": [ 137.154518202137979, 36.277079696161039 ] } },
{ "type": "Feature", "properties": { "出没月": "8月", "出没時間": "18時~19時", "通報者": "地域住民", "出没場所": "国・県・市道", "目撃者状況": "その他車移動" }, "geometry": { "type": "Point", "coordinates": [ 137.388222353188468, 36.091867582614796 ] } },
{ "type": "Feature", "properties": { "出没月": "8月", "出没時間": "7時~8時", "通報者": "地域住民", "出没場所": "住宅地", "目撃者状況": "その他車移動" }, "geometry": { "type": "Point", "coordinates": [ 137.328636698107175, 36.089785707345868 ] } },
{ "type": "Feature", "properties": { "出没月": "8月", "出没時間": "8時~9時", "通報者": "地域住民", "出没場所": "住宅地", "目撃者状況": "自宅" }, "geometry": { "type": "Point", "coordinates": [ 137.334163713890973, 36.090290729344282 ] } },
{ "type": "Feature", "properties": { "出没月": "8月", "出没時間": "14時~15時", "通報者": "地域住民", "出没場所": "河川敷", "目撃者状況": "自宅" }, "geometry": { "type": "Point", "coordinates": [ 137.329868110006288, 36.09188972003917 ] } },
{ "type": "Feature", "properties": { "出没月": "8月", "出没時間": "18時~19時", "通報者": "その他", "出没場所": "国・県・市道", "目撃者状況": "その他車移動" }, "geometry": { "type": "Point", "coordinates": [ 137.513814231445963, 36.181016667937378 ] } },
{ "type": "Feature", "properties": { "出没月": "8月", "出没時間": null, "通報者": "地域住民", "出没場所": "山林", "目撃者状況": "自宅" }, "geometry": { "type": "Point", "coordinates": [ 137.242133844189794, 36.251614949792987 ] } },
{ "type": "Feature", "properties": { "出没月": "8月", "出没時間": "13時~14時", "通報者": "地域住民", "出没場所": "山林", "目撃者状況": "散歩" }, "geometry": { "type": "Point", "coordinates": [ 136.931896403664382, 35.663251901995281 ] } },
{ "type": "Feature", "properties": { "出没月": "8月", "出没時間": null, "通報者": "地域住民", "出没場所": "山林", "目撃者状況": "自宅" }, "geometry": { "type": "Point", "coordinates": [ 137.24211621100298, 36.251358657684342 ] } },
{ "type": "Feature", "properties": { "出没月": "8月", "出没時間": null, "通報者": "地域住民", "出没場所": "国・県・市道", "目撃者状況": "農作業" }, "geometry": { "type": "Point", "coordinates": [ 137.39656867411108, 36.316566218018117 ] } },
{ "type": "Feature", "properties": { "出没月": "8月", "出没時間": "7時~8時", "通報者": "地域住民", "出没場所": "国・県・市道", "目撃者状況": "その他車移動" }, "geometry": { "type": "Point", "coordinates": [ 137.508952420801734, 36.178778000896365 ] } },
{ "type": "Feature", "properties": { "出没月": "8月", "出没時間": "8時~9時", "通報者": "地域住民", "出没場所": "国・県・市道", "目撃者状況": "その他車移動" }, "geometry": { "type": "Point", "coordinates": [ 137.219537984223649, 36.181244116405331 ] } },
{ "type": "Feature", "properties": { "出没月": "8月", "出没時間": "14時~15時", "通報者": "地域住民", "出没場所": "国・県・市道", "目撃者状況": "その他車移動" }, "geometry": { "type": "Point", "coordinates": [ 137.44175438330879, 36.032306157411298 ] } },
{ "type": "Feature", "properties": { "出没月": "8月", "出没時間": "19時~20時", "通報者": "地域住民", "出没場所": "住宅地", "目撃者状況": "自宅" }, "geometry": { "type": "Point", "coordinates": [ 137.393327380705216, 36.023001096002425 ] } },
{ "type": "Feature", "properties": { "出没月": "8月", "出没時間": "2時~3時", "通報者": "地域住民", "出没場所": "住宅地", "目撃者状況": "自宅" }, "geometry": { "type": "Point", "coordinates": [ 137.242446199080803, 36.251707697213199 ] } },
{ "type": "Feature", "properties": { "出没月": "8月", "出没時間": "9時~10時", "通報者": "登山者", "出没場所": "国・県・市道", "目撃者状況": "その他車移動" }, "geometry": { "type": "Point", "coordinates": [ 137.494767412259563, 36.176388169202419 ] } },
{ "type": "Feature", "properties": { "出没月": "8月", "出没時間": "11時~12時", "通報者": "地域住民", "出没場所": "その他", "目撃者状況": "その他" }, "geometry": { "type": "Point", "coordinates": [ 137.492289297359576, 36.176949229873436 ] } },
{ "type": "Feature", "properties": { "出没月": "8月", "出没時間": "16時~17時", "通報者": "地域住民", "出没場所": "林道", "目撃者状況": "その他車移動" }, "geometry": { "type": "Point", "coordinates": [ 137.367815208937486, 36.178756396845053 ] } },
{ "type": "Feature", "properties": { "出没月": "8月", "出没時間": "8時~9時", "通報者": "捕獲従事者", "出没場所": "農地", "目撃者状況": "農作業" }, "geometry": { "type": "Point", "coordinates": [ 137.39664897524753, 36.316653374480317 ] } },
{ "type": "Feature", "properties": { "出没月": "8月", "出没時間": "11時~12時", "通報者": "その他", "出没場所": "国・県・市道", "目撃者状況": "通勤・通学" }, "geometry": { "type": "Point", "coordinates": [ 137.314850888065109, 36.410923028523861 ] } },
{ "type": "Feature", "properties": { "出没月": "8月", "出没時間": "17時~18時", "通報者": "地域住民", "出没場所": "河川敷", "目撃者状況": "その他車移動" }, "geometry": { "type": "Point", "coordinates": [ 137.133114999708113, 36.318060141909726 ] } },
{ "type": "Feature", "properties": { "出没月": "7月", "出没時間": "14時~15時", "通報者": "地域住民", "出没場所": "国・県・市道", "目撃者状況": "その他車移動" }, "geometry": { "type": "Point", "coordinates": [ 137.193283401345212, 36.417347867657483 ] } },
{ "type": "Feature", "properties": { "出没月": "8月", "出没時間": "14時~15時", "通報者": "地域住民", "出没場所": "農地", "目撃者状況": "農作業" }, "geometry": { "type": "Point", "coordinates": [ 137.392154592261392, 36.02635226696632 ] } },
{ "type": "Feature", "properties": { "出没月": "8月", "出没時間": "16時~17時", "通報者": "地域住民", "出没場所": "その他", "目撃者状況": "自宅" }, "geometry": { "type": "Point", "coordinates": [ 136.987880612612315, 36.009873177079513 ] } },
{ "type": "Feature", "properties": { "出没月": "8月", "出没時間": "6時~7時", "通報者": "農業従事者", "出没場所": "農地", "目撃者状況": "農作業" }, "geometry": { "type": "Point", "coordinates": [ 137.065672802874616, 36.159420938169298 ] } },
{ "type": "Feature", "properties": { "出没月": "8月", "出没時間": "11時~12時", "通報者": "地域住民", "出没場所": "その他", "目撃者状況": "その他" }, "geometry": { "type": "Point", "coordinates": [ 137.35227107473753, 35.994131368781268 ] } },
{ "type": "Feature", "properties": { "出没月": "8月", "出没時間": "16時~17時", "通報者": "地域住民", "出没場所": "国・県・市道", "目撃者状況": "その他車移動" }, "geometry": { "type": "Point", "coordinates": [ 136.986803031395056, 36.036782698353207 ] } },
{ "type": "Feature", "properties": { "出没月": "8月", "出没時間": "7時~8時", "通報者": "地域住民", "出没場所": "住宅地", "目撃者状況": "自宅" }, "geometry": { "type": "Point", "coordinates": [ 137.53941953990298, 36.002818879384627 ] } },
{ "type": "Feature", "properties": { "出没月": "8月", "出没時間": "7時~8時", "通報者": "地域住民", "出没場所": "住宅地", "目撃者状況": "自宅" }, "geometry": { "type": "Point", "coordinates": [ 137.504029882027112, 36.052400185396216 ] } },
{ "type": "Feature", "properties": { "出没月": "8月", "出没時間": "10時~11時", "通報者": "地域住民", "出没場所": "国・県・市道", "目撃者状況": "その他車移動" }, "geometry": { "type": "Point", "coordinates": [ 137.355240460155272, 36.001000450650039 ] } },
{ "type": "Feature", "properties": { "出没月": "8月", "出没時間": "13時~14時", "通報者": "家畜飼育員", "出没場所": "家畜場", "目撃者状況": "家畜作業" }, "geometry": { "type": "Point", "coordinates": [ 137.384225295688907, 36.077265247703629 ] } },
{ "type": "Feature", "properties": { "出没月": "8月", "出没時間": "8時~9時", "通報者": "地域住民", "出没場所": "国・県・市道", "目撃者状況": "その他車移動" }, "geometry": { "type": "Point", "coordinates": [ 137.478474849739314, 36.180022236490515 ] } },
{ "type": "Feature", "properties": { "出没月": "8月", "出没時間": "10時~11時", "通報者": "捕獲従事者", "出没場所": "山林", "目撃者状況": "その他" }, "geometry": { "type": "Point", "coordinates": [ 137.532677245034279, 35.57996649432777 ] } },
{ "type": "Feature", "properties": { "出没月": "4月", "出没時間": "18時~19時", "通報者": null, "出没場所": "国・県・市道", "目撃者状況": null }, "geometry": { "type": "Point", "coordinates": [ 137.459333078072376, 35.589470279049515 ] } },
{ "type": "Feature", "properties": { "出没月": "8月", "出没時間": "5時~6時", "通報者": "地域住民", "出没場所": "農地", "目撃者状況": "農作業" }, "geometry": { "type": "Point", "coordinates": [ 137.315013056113827, 36.281598921513535 ] } },
{ "type": "Feature", "properties": { "出没月": "5月", "出没時間": "19時~20時", "通報者": "地域住民", "出没場所": "農地", "目撃者状況": null }, "geometry": { "type": "Point", "coordinates": [ 137.459637646513187, 35.586365404741493 ] } },
{ "type": "Feature", "properties": { "出没月": "7月", "出没時間": "8時~9時", "通報者": "地域住民", "出没場所": "農地", "目撃者状況": null }, "geometry": { "type": "Point", "coordinates": [ 137.440830956757367, 35.527198094412121 ] } },
{ "type": "Feature", "properties": { "出没月": "8月", "出没時間": "10時~11時", "通報者": "地域住民", "出没場所": "農地", "目撃者状況": null }, "geometry": { "type": "Point", "coordinates": [ 137.464705254734582, 35.58355700541874 ] } },
{ "type": "Feature", "properties": { "出没月": "9月", "出没時間": "10時~11時", "通報者": "登山者", "出没場所": "登山道", "目撃者状況": "登山" }, "geometry": { "type": "Point", "coordinates": [ 136.862838738904003, 35.663059776094798 ] } },
{ "type": "Feature", "properties": { "出没月": "9月", "出没時間": "16時~17時", "通報者": "地域住民", "出没場所": "農地", "目撃者状況": "農作業" }, "geometry": { "type": "Point", "coordinates": [ 137.37426092495491, 36.39541732982731 ] } },
{ "type": "Feature", "properties": { "出没月": "9月", "出没時間": "6時~7時", "通報者": "地域住民", "出没場所": "農地", "目撃者状況": "農作業" }, "geometry": { "type": "Point", "coordinates": [ 137.374093377293605, 36.395293697326757 ] } },
{ "type": "Feature", "properties": { "出没月": "8月", "出没時間": "10時~11時", "通報者": "農業従事者", "出没場所": "農地", "目撃者状況": "農作業" }, "geometry": { "type": "Point", "coordinates": [ 137.250791214049229, 36.305593126520186 ] } },
{ "type": "Feature", "properties": { "出没月": "8月", "出没時間": "8時~9時", "通報者": "地域住民", "出没場所": "国・県・市道", "目撃者状況": "その他車移動" }, "geometry": { "type": "Point", "coordinates": [ 137.251014014224666, 36.305683097292579 ] } },
{ "type": "Feature", "properties": { "出没月": "9月", "出没時間": "3時~4時", "通報者": "その他", "出没場所": "国・県・市道", "目撃者状況": "その他" }, "geometry": { "type": "Point", "coordinates": [ 137.55751775737329, 35.585241368915248 ] } },
{ "type": "Feature", "properties": { "出没月": "9月", "出没時間": "5時~6時", "通報者": "その他", "出没場所": "国・県・市道", "目撃者状況": "その他" }, "geometry": { "type": "Point", "coordinates": [ 137.554865186028138, 35.536514649109357 ] } },
{ "type": "Feature", "properties": { "出没月": "9月", "出没時間": "1時~2時", "通報者": "地域住民", "出没場所": "住宅地", "目撃者状況": "自宅" }, "geometry": { "type": "Point", "coordinates": [ 137.292581806336187, 36.401792890342016 ] } },
{ "type": "Feature", "properties": { "出没月": "9月", "出没時間": "10時~11時", "通報者": "地域住民", "出没場所": "国・県・市道", "目撃者状況": "その他" }, "geometry": { "type": "Point", "coordinates": [ 137.447366630991354, 35.565478552402396 ] } },
{ "type": "Feature", "properties": { "出没月": "8月", "出没時間": "17時~18時", "通報者": "地域住民", "出没場所": "国・県・市道", "目撃者状況": "その他車移動" }, "geometry": { "type": "Point", "coordinates": [ 137.498685279648669, 36.038293230487874 ] } },
{ "type": "Feature", "properties": { "出没月": "8月", "出没時間": "7時~8時", "通報者": "地域住民", "出没場所": "住宅地", "目撃者状況": "自宅" }, "geometry": { "type": "Point", "coordinates": [ 137.400213399242261, 36.092275750980406 ] } },
{ "type": "Feature", "properties": { "出没月": "8月", "出没時間": "16時~17時", "通報者": "地域住民", "出没場所": "住宅地", "目撃者状況": "自宅" }, "geometry": { "type": "Point", "coordinates": [ 137.403779479628668, 36.091812461012886 ] } },
{ "type": "Feature", "properties": { "出没月": "8月", "出没時間": "11時~12時", "通報者": "地域住民", "出没場所": "家畜場", "目撃者状況": "家畜作業" }, "geometry": { "type": "Point", "coordinates": [ 137.315066817718559, 36.281331850652705 ] } },
{ "type": "Feature", "properties": { "出没月": "8月", "出没時間": "14時~15時", "通報者": "地域住民", "出没場所": "住宅地", "目撃者状況": "自宅" }, "geometry": { "type": "Point", "coordinates": [ 137.550109468435863, 36.006041755348825 ] } },
{ "type": "Feature", "properties": { "出没月": "8月", "出没時間": "14時~15時", "通報者": "地域住民", "出没場所": "国・県・市道", "目撃者状況": "その他車移動" }, "geometry": { "type": "Point", "coordinates": [ 137.357544252359958, 36.088683549197057 ] } },
{ "type": "Feature", "properties": { "出没月": "8月", "出没時間": "6時~7時", "通報者": "地域住民", "出没場所": "住宅地", "目撃者状況": "その他車移動" }, "geometry": { "type": "Point", "coordinates": [ 137.0414840330711, 36.061577598694662 ] } },
{ "type": "Feature", "properties": { "出没月": "9月", "出没時間": "17時~18時", "通報者": "地域住民", "出没場所": "国・県・市道", "目撃者状況": "通勤・通学" }, "geometry": { "type": "Point", "coordinates": [ 137.411901705430239, 36.14574194453207 ] } },
{ "type": "Feature", "properties": { "出没月": "9月", "出没時間": "6時~7時", "通報者": "地域住民", "出没場所": "国・県・市道", "目撃者状況": "通勤・通学" }, "geometry": { "type": "Point", "coordinates": [ 137.259807437137596, 36.195022332368531 ] } },
{ "type": "Feature", "properties": { "出没月": "9月", "出没時間": "6時~7時", "通報者": "地域住民", "出没場所": "住宅地", "目撃者状況": "自宅" }, "geometry": { "type": "Point", "coordinates": [ 137.286626431266484, 35.998772287801543 ] } },
{ "type": "Feature", "properties": { "出没月": "9月", "出没時間": "17時~18時", "通報者": "地域住民", "出没場所": "住宅地", "目撃者状況": "自宅" }, "geometry": { "type": "Point", "coordinates": [ 137.270766886332268, 36.179122340678653 ] } },
{ "type": "Feature", "properties": { "出没月": "9月", "出没時間": "6時~7時", "通報者": "農業従事者", "出没場所": "林道", "目撃者状況": "農作業" }, "geometry": { "type": "Point", "coordinates": [ 137.35707746771422, 36.092547526139832 ] } },
{ "type": "Feature", "properties": { "出没月": "9月", "出没時間": "10時~11時", "通報者": "地域住民", "出没場所": "住宅地", "目撃者状況": "その他" }, "geometry": { "type": "Point", "coordinates": [ 137.379278042935795, 36.175280684597396 ] } },
{ "type": "Feature", "properties": { "出没月": "9月", "出没時間": "4時~5時", "通報者": "地域住民", "出没場所": "住宅地", "目撃者状況": "自宅" }, "geometry": { "type": "Point", "coordinates": [ 137.047362233906597, 36.062237045206778 ] } },
{ "type": "Feature", "properties": { "出没月": "9月", "出没時間": "8時~9時", "通報者": "地域住民", "出没場所": "国・県・市道", "目撃者状況": "その他車移動" }, "geometry": { "type": "Point", "coordinates": [ 137.36410888749711, 35.297320000466868 ] } },
{ "type": "Feature", "properties": { "出没月": "9月", "出没時間": "10時~11時", "通報者": "地域住民", "出没場所": "国・県・市道", "目撃者状況": "通勤・通学" }, "geometry": { "type": "Point", "coordinates": [ 137.420785646253393, 35.301517382773326 ] } },
{ "type": "Feature", "properties": { "出没月": "8月", "出没時間": "18時~19時", "通報者": "地域住民", "出没場所": "山林", "目撃者状況": "自宅" }, "geometry": { "type": "Point", "coordinates": [ 137.133640705598623, 36.264795771830492 ] } },
{ "type": "Feature", "properties": { "出没月": "9月", "出没時間": "14時~15時", "通報者": "その他", "出没場所": "国・県・市道", "目撃者状況": "その他車移動" }, "geometry": { "type": "Point", "coordinates": [ 137.452246517847243, 35.431669010644669 ] } },
{ "type": "Feature", "properties": { "出没月": "7月", "出没時間": "18時~19時", "通報者": "地域住民", "出没場所": "山林", "目撃者状況": "その他車移動" }, "geometry": { "type": "Point", "coordinates": [ 137.135981818441053, 36.329344875729731 ] } },
{ "type": "Feature", "properties": { "出没月": "7月", "出没時間": "18時~19時", "通報者": "地域住民", "出没場所": "山林", "目撃者状況": "その他車移動" }, "geometry": { "type": "Point", "coordinates": [ 137.181988101707617, 36.34330786540005 ] } },
{ "type": "Feature", "properties": { "出没月": "8月", "出没時間": "17時~18時", "通報者": "地域住民", "出没場所": "河川敷", "目撃者状況": "その他車移動" }, "geometry": { "type": "Point", "coordinates": [ 137.132983785485919, 36.317177856000939 ] } },
{ "type": "Feature", "properties": { "出没月": "10月", "出没時間": "10時~11時", "通報者": "地域住民", "出没場所": "国・県・市道", "目撃者状況": "その他車移動" }, "geometry": { "type": "Point", "coordinates": [ 137.393331939974701, 36.315319064690996 ] } },
{ "type": "Feature", "properties": { "出没月": "10月", "出没時間": "7時~8時", "通報者": "地域住民", "出没場所": "林道", "目撃者状況": "その他車移動" }, "geometry": { "type": "Point", "coordinates": [ 137.422089125885918, 35.685612292166965 ] } },
{ "type": "Feature", "properties": { "出没月": "10月", "出没時間": "15時~16時", "通報者": null, "出没場所": null, "目撃者状況": null }, "geometry": { "type": "Point", "coordinates": [ 137.44688791851658, 35.50774732794617 ] } },
{ "type": "Feature", "properties": { "出没月": "10月", "出没時間": "16時~17時", "通報者": "地域住民", "出没場所": "国・県・市道", "目撃者状況": "自宅" }, "geometry": { "type": "Point", "coordinates": [ 136.918125112310577, 35.525945751208688 ] } },
{ "type": "Feature", "properties": { "出没月": "9月", "出没時間": "17時~18時", "通報者": "地域住民", "出没場所": "国・県・市道", "目撃者状況": "その他車移動" }, "geometry": { "type": "Point", "coordinates": [ 137.43799156131405, 36.146953308008364 ] } },
{ "type": "Feature", "properties": { "出没月": "9月", "出没時間": "17時~18時", "通報者": "地域住民", "出没場所": "住宅地", "目撃者状況": "自宅" }, "geometry": { "type": "Point", "coordinates": [ 137.047540136795305, 36.061906729271684 ] } },
{ "type": "Feature", "properties": { "出没月": "10月", "出没時間": "8時~9時", "通報者": "地域住民", "出没場所": "国・県・市道", "目撃者状況": "その他車移動" }, "geometry": { "type": "Point", "coordinates": [ 137.442506773949106, 36.044271814606397 ] } },
{ "type": "Feature", "properties": { "出没月": "10月", "出没時間": "10時~11時", "通報者": "地域住民", "出没場所": "住宅地", "目撃者状況": "自宅" }, "geometry": { "type": "Point", "coordinates": [ 137.395566458779598, 36.317143443354233 ] } },
{ "type": "Feature", "properties": { "出没月": "10月", "出没時間": "7時~8時", "通報者": "地域住民", "出没場所": "国・県・市道", "目撃者状況": "その他車移動" }, "geometry": { "type": "Point", "coordinates": [ 137.437995082479972, 36.147370713915876 ] } },
{ "type": "Feature", "properties": { "出没月": "11月", "出没時間": "16時~17時", "通報者": "地域住民", "出没場所": "山林", "目撃者状況": "自宅" }, "geometry": { "type": "Point", "coordinates": [ 137.398502247590699, 35.459246752997984 ] } },
{ "type": "Feature", "properties": { "出没月": "11月", "出没時間": "11時~12時", "通報者": "地域住民", "出没場所": "国・県・市道", "目撃者状況": "通勤・通学" }, "geometry": { "type": "Point", "coordinates": [ 137.519660041226388, 35.511353475062485 ] } },
{ "type": "Feature", "properties": { "出没月": "10月", "出没時間": "15時~16時", "通報者": "地域住民", "出没場所": "山林", "目撃者状況": "その他車移動" }, "geometry": { "type": "Point", "coordinates": [ 137.459777886027467, 35.418601992575518 ] } },
{ "type": "Feature", "properties": { "出没月": "11月", "出没時間": "15時~16時", "通報者": "建設業関係者", "出没場所": "山林", "目撃者状況": "建設作業" }, "geometry": { "type": "Point", "coordinates": [ 137.511151043495573, 35.522746868065546 ] } },
{ "type": "Feature", "properties": { "出没月": "11月", "出没時間": "8時~9時", "通報者": "地域住民", "出没場所": "山林", "目撃者状況": "散歩" }, "geometry": { "type": "Point", "coordinates": [ 137.475518993575349, 35.273548491983711 ] } },
{ "type": "Feature", "properties": { "出没月": "12月", "出没時間": "15時~16時", "通報者": "地域住民", "出没場所": "山林", "目撃者状況": "その他車移動" }, "geometry": { "type": "Point", "coordinates": [ 137.501379739484719, 35.382416266313527 ] } },
{ "type": "Feature", "properties": { "出没月": "12月", "出没時間": "20時~21時", "通報者": "地域住民", "出没場所": "国・県・市道", "目撃者状況": "その他車移動" }, "geometry": { "type": "Point", "coordinates": [ 137.158597997930883, 35.597903051391839 ] } },
{ "type": "Feature", "properties": { "出没月": "10月", "出没時間": "21時~22時", "通報者": "地域住民", "出没場所": "国・県・市道", "目撃者状況": "その他車移動" }, "geometry": { "type": "Point", "coordinates": [ 137.235787977434683, 35.555428157710246 ] } },
{ "type": "Feature", "properties": { "出没月": "12月", "出没時間": "15時~16時", "通報者": "建設業関係者", "出没場所": "山林", "目撃者状況": "建設作業" }, "geometry": { "type": "Point", "coordinates": [ 137.444532471760823, 35.435405482046683 ] } },
{ "type": "Feature", "properties": { "出没月": "5月", "出没時間": "10時~11時", "通報者": "地域住民", "出没場所": "林道", "目撃者状況": "その他車移動" }, "geometry": { "type": "Point", "coordinates": [ 137.123987928836414, 35.731018806633251 ] } },
{ "type": "Feature", "properties": { "出没月": "8月", "出没時間": "15時~16時", "通報者": "その他", "出没場所": "国・県・市道", "目撃者状況": "その他車移動" }, "geometry": { "type": "Point", "coordinates": [ 137.258206549885102, 35.946167146143559 ] } },
{ "type": "Feature", "properties": { "出没月": "8月", "出没時間": "13時~14時", "通報者": "その他", "出没場所": "国・県・市道", "目撃者状況": "その他車移動" }, "geometry": { "type": "Point", "coordinates": [ 137.252069192290804, 35.942948281379522 ] } },
{ "type": "Feature", "properties": { "出没月": "8月", "出没時間": "9時~10時", "通報者": "捕獲従事者", "出没場所": "林道", "目撃者状況": "その他" }, "geometry": { "type": "Point", "coordinates": [ 137.214763461841045, 35.988663879974915 ] } },
{ "type": "Feature", "properties": { "出没月": "8月", "出没時間": "17時~18時", "通報者": "地域住民", "出没場所": "国・県・市道", "目撃者状況": "その他車移動" }, "geometry": { "type": "Point", "coordinates": [ 137.29010700232169, 35.795108906353228 ] } },
{ "type": "Feature", "properties": { "出没月": "9月", "出没時間": "16時~17時", "通報者": "地域住民", "出没場所": "国・県・市道", "目撃者状況": "その他" }, "geometry": { "type": "Point", "coordinates": [ 137.294711533909236, 35.802462515315206 ] } },
{ "type": "Feature", "properties": { "出没月": "10月", "出没時間": "15時~16時", "通報者": "地域住民", "出没場所": "農地", "目撃者状況": "通勤・通学" }, "geometry": { "type": "Point", "coordinates": [ 137.299094929339759, 35.760223603502816 ] } },
{ "type": "Feature", "properties": { "出没月": "11月", "出没時間": "16時~17時", "通報者": "地域住民", "出没場所": "国・県・市道", "目撃者状況": "自宅" }, "geometry": { "type": "Point", "coordinates": [ 137.266440679823603, 35.7701120429873 ] } },
{ "type": "Feature", "properties": { "出没月": "10月", "出没時間": "17時~18時", "通報者": "地域住民", "出没場所": "国・県・市道", "目撃者状況": "自宅" }, "geometry": { "type": "Point", "coordinates": [ 137.252226757810888, 35.785228611485245 ] } },
{ "type": "Feature", "properties": { "出没月": "9月", "出没時間": "14時~15時", "通報者": "地域住民", "出没場所": "国・県・市道", "目撃者状況": "その他車移動" }, "geometry": { "type": "Point", "coordinates": [ 137.259433135048766, 35.798991462866248 ] } },
{ "type": "Feature", "properties": { "出没月": "9月", "出没時間": "5時~6時", "通報者": "その他", "出没場所": "国・県・市道", "目撃者状況": "その他" }, "geometry": { "type": "Point", "coordinates": [ 137.261409995159738, 35.800616864704658 ] } },
{ "type": "Feature", "properties": { "出没月": "12月", "出没時間": "8時~9時", "通報者": "登山者", "出没場所": "登山道", "目撃者状況": "登山" }, "geometry": { "type": "Point", "coordinates": [ 137.241316084323358, 35.8163184963066 ] } },
{ "type": "Feature", "properties": { "出没月": "12月", "出没時間": "10時~11時", "通報者": "地域住民", "出没場所": "住宅地", "目撃者状況": "自宅" }, "geometry": { "type": "Point", "coordinates": [ 137.143678130309752, 35.914977505444654 ] } },
{ "type": "Feature", "properties": { "出没月": "12月", "出没時間": "13時~14時", "通報者": "地域住民", "出没場所": "住宅地", "目撃者状況": "自宅" }, "geometry": { "type": "Point", "coordinates": [ 137.416331861310283, 35.473568261275339 ] } },
{ "type": "Feature", "properties": { "出没月": "5月", "出没時間": "22時~23時", "通報者": "その他", "出没場所": "山林", "目撃者状況": "その他" }, "geometry": { "type": "Point", "coordinates": [ 136.623707665707144, 35.610142756710182 ] } },
{ "type": "Feature", "properties": { "出没月": "7月", "出没時間": "7時~8時", "通報者": "その他", "出没場所": "山林", "目撃者状況": "通勤・通学" }, "geometry": { "type": "Point", "coordinates": [ 136.667848393323681, 35.539552973723993 ] } },
{ "type": "Feature", "properties": { "出没月": "5月", "出没時間": "8時~9時", "通報者": "地域住民", "出没場所": "山林", "目撃者状況": "その他" }, "geometry": { "type": "Point", "coordinates": [ 136.619919565804935, 35.626978391110484 ] } },
{ "type": "Feature", "properties": { "出没月": "7月", "出没時間": "9時~10時", "通報者": "地域住民", "出没場所": "国・県・市道", "目撃者状況": "その他車移動" }, "geometry": { "type": "Point", "coordinates": [ 137.210426505500067, 35.329463942080679 ] } },
{ "type": "Feature", "properties": { "出没月": "11月", "出没時間": "10時~11時", "通報者": "地域住民", "出没場所": "国・県・市道", "目撃者状況": "その他車移動" }, "geometry": { "type": "Point", "coordinates": [ 137.245363229002777, 35.281556771131676 ] } },
{ "type": "Feature", "properties": { "出没月": "11月", "出没時間": "17時~18時", "通報者": "地域住民", "出没場所": "その他", "目撃者状況": "通勤・通学" }, "geometry": { "type": "Point", "coordinates": [ 137.208849436661353, 35.369165356530353 ] } },
{ "type": "Feature", "properties": { "出没月": "12月", "出没時間": "15時~16時", "通報者": "地域住民", "出没場所": "その他", "目撃者状況": "散歩" }, "geometry": { "type": "Point", "coordinates": [ 137.231125295999874, 35.279367955810258 ] } },
{ "type": "Feature", "properties": { "出没月": "2月", "出没時間": "7時~8時", "通報者": "地域住民", "出没場所": "国・県・市道", "目撃者状況": "通勤・通学" }, "geometry": { "type": "Point", "coordinates": [ 137.207674830724869, 35.317824125811036 ] } },
{ "type": "Feature", "properties": { "出没月": "2月", "出没時間": "11時~12時", "通報者": "その他", "出没場所": "国・県・市道", "目撃者状況": "その他車移動" }, "geometry": { "type": "Point", "coordinates": [ 137.213172595429427, 35.327574432505827 ] } },
{ "type": "Feature", "properties": { "出没月": "3月", "出没時間": "8時~9時", "通報者": "地域住民", "出没場所": "住宅地", "目撃者状況": "散歩" }, "geometry": { "type": "Point", "coordinates": [ 137.397702632418628, 35.355422529754058 ] } },
{ "type": "Feature", "properties": { "出没月": "3月", "出没時間": "13時~14時", "通報者": "地域住民", "出没場所": "山林", "目撃者状況": "自宅" }, "geometry": { "type": "Point", "coordinates": [ 137.313428232365794, 35.496788139880046 ] } },
{ "type": "Feature", "properties": { "出没月": "3月", "出没時間": "11時~12時", "通報者": "建設業関係者", "出没場所": "山林", "目撃者状況": "建設作業" }, "geometry": { "type": "Point", "coordinates": [ 137.417589826393339, 35.352083266496805 ] } },
{ "type": "Feature", "properties": { "出没月": "6月", "出没時間": "17時~18時", "通報者": "その他", "出没場所": "国・県・市道", "目撃者状況": "その他車移動" }, "geometry": { "type": "Point", "coordinates": [ 137.131237157456667, 36.312913647699311 ] } },
{ "type": "Feature", "properties": { "出没月": "4月", "出没時間": "16時~17時", "通報者": "建設業関係者", "出没場所": "山林", "目撃者状況": null }, "geometry": { "type": "Point", "coordinates": [ 136.44237877950755, 35.452698380916033 ] } },
{ "type": "Feature", "properties": { "出没月": "4月", "出没時間": "2時~3時", "通報者": "その他", "出没場所": "国・県・市道", "目撃者状況": null }, "geometry": { "type": "Point", "coordinates": [ 137.223682385317943, 36.264023166566702 ] } },
{ "type": "Feature", "properties": { "出没月": "4月", "出没時間": "10時~11時", "通報者": "地域住民", "出没場所": "国・県・市道", "目撃者状況": null }, "geometry": { "type": "Point", "coordinates": [ 137.207864393032168, 35.333445826719121 ] } },
{ "type": "Feature", "properties": { "出没月": "4月", "出没時間": "18時~19時", "通報者": "地域住民", "出没場所": "国・県・市道", "目撃者状況": null }, "geometry": { "type": "Point", "coordinates": [ 137.24094326680472, 35.821004428223617 ] } },
{ "type": "Feature", "properties": { "出没月": "4月", "出没時間": "15時~16時", "通報者": "地域住民", "出没場所": "その他", "目撃者状況": null }, "geometry": { "type": "Point", "coordinates": [ 137.253136367654463, 35.80563386283287 ] } },
{ "type": "Feature", "properties": { "出没月": "4月", "出没時間": "11時~12時", "通報者": "地域住民", "出没場所": "林道", "目撃者状況": null }, "geometry": { "type": "Point", "coordinates": [ 137.25422132430927, 35.804911995302639 ] } },
{ "type": "Feature", "properties": { "出没月": "4月", "出没時間": "16時~17時", "通報者": "地域住民", "出没場所": "林道", "目撃者状況": null }, "geometry": { "type": "Point", "coordinates": [ 137.261237069771397, 35.807774109499697 ] } },
{ "type": "Feature", "properties": { "出没月": "4月", "出没時間": "11時~12時", "通報者": "地域住民", "出没場所": "林道", "目撃者状況": null }, "geometry": { "type": "Point", "coordinates": [ 137.254564766625663, 35.80530383321269 ] } },
{ "type": "Feature", "properties": { "出没月": "4月", "出没時間": "9時~10時", "通報者": "地域住民", "出没場所": "林道", "目撃者状況": null }, "geometry": { "type": "Point", "coordinates": [ 137.254425776171587, 35.804686508006306 ] } },
{ "type": "Feature", "properties": { "出没月": "4月", "出没時間": "8時~9時", "通報者": "地域住民", "出没場所": "山林", "目撃者状況": null }, "geometry": { "type": "Point", "coordinates": [ 137.207547174960354, 35.377933287955756 ] } },
{ "type": "Feature", "properties": { "出没月": "4月", "出没時間": "13時~14時", "通報者": "その他", "出没場所": "その他", "目撃者状況": null }, "geometry": { "type": "Point", "coordinates": [ 137.179754983379439, 35.475768388806536 ] } },
{ "type": "Feature", "properties": { "出没月": "4月", "出没時間": "17時~18時", "通報者": "地域住民", "出没場所": "山林", "目撃者状況": null }, "geometry": { "type": "Point", "coordinates": [ 137.149055220386998, 35.538426236051357 ] } },
{ "type": "Feature", "properties": { "出没月": "4月", "出没時間": "17時~18時", "通報者": "地域住民", "出没場所": "国・県・市道", "目撃者状況": null }, "geometry": { "type": "Point", "coordinates": [ 137.374144448448305, 35.415170808018893 ] } },
{ "type": "Feature", "properties": { "出没月": "4月", "出没時間": "10時~11時", "通報者": "地域住民", "出没場所": "国・県・市道", "目撃者状況": null }, "geometry": { "type": "Point", "coordinates": [ 137.37495295159701, 35.41565156314963 ] } },
{ "type": "Feature", "properties": { "出没月": "4月", "出没時間": "7時~8時", "通報者": "地域住民", "出没場所": "国・県・市道", "目撃者状況": null }, "geometry": { "type": "Point", "coordinates": [ 137.501347635421979, 35.511625633970304 ] } },
{ "type": "Feature", "properties": { "出没月": "4月", "出没時間": "7時~8時", "通報者": "地域住民", "出没場所": "国・県・市道", "目撃者状況": null }, "geometry": { "type": "Point", "coordinates": [ 137.40128101596099, 35.266004143548869 ] } },
{ "type": "Feature", "properties": { "出没月": "4月", "出没時間": "17時~18時", "通報者": "地域住民", "出没場所": "国・県・市道", "目撃者状況": null }, "geometry": { "type": "Point", "coordinates": [ 137.460836342116608, 35.247249866233666 ] } },
{ "type": "Feature", "properties": { "出没月": "4月", "出没時間": "7時~8時", "通報者": "地域住民", "出没場所": "山林", "目撃者状況": null }, "geometry": { "type": "Point", "coordinates": [ 137.550057956019259, 35.552119161729884 ] } },
{ "type": "Feature", "properties": { "出没月": "4月", "出没時間": "10時~11時", "通報者": "地域住民", "出没場所": "河川敷", "目撃者状況": null }, "geometry": { "type": "Point", "coordinates": [ 137.464197624484029, 35.607758903950966 ] } },
{ "type": "Feature", "properties": { "出没月": "4月", "出没時間": "17時~18時", "通報者": "地域住民", "出没場所": "山林", "目撃者状況": null }, "geometry": { "type": "Point", "coordinates": [ 137.510943018843449, 35.596198459673708 ] } },
{ "type": "Feature", "properties": { "出没月": "4月", "出没時間": "18時~19時", "通報者": "地域住民", "出没場所": "国・県・市道", "目撃者状況": null }, "geometry": { "type": "Point", "coordinates": [ 136.797909960819084, 35.608602907032314 ] } },
{ "type": "Feature", "properties": { "出没月": "5月", "出没時間": "8時~9時", "通報者": "地域住民", "出没場所": "国・県・市道", "目撃者状況": null }, "geometry": { "type": "Point", "coordinates": [ 137.268754368661263, 36.31626966678234 ] } },
{ "type": "Feature", "properties": { "出没月": "5月", "出没時間": "9時~10時", "通報者": "その他", "出没場所": "林道", "目撃者状況": null }, "geometry": { "type": "Point", "coordinates": [ 136.459384239753945, 35.573291577101784 ] } },
{ "type": "Feature", "properties": { "出没月": "5月", "出没時間": "9時~10時", "通報者": "捕獲従事者", "出没場所": "山林", "目撃者状況": null }, "geometry": { "type": "Point", "coordinates": [ 136.555587522135681, 35.42450223885119 ] } },
{ "type": "Feature", "properties": { "出没月": "5月", "出没時間": "0時~1時", "通報者": "捕獲従事者", "出没場所": "山林", "目撃者状況": null }, "geometry": { "type": "Point", "coordinates": [ 137.549980698682504, 35.55833614103657 ] } },
{ "type": "Feature", "properties": { "出没月": "5月", "出没時間": "4時~5時", "通報者": "地域住民", "出没場所": "山林", "目撃者状況": null }, "geometry": { "type": "Point", "coordinates": [ 137.150339013806644, 35.529682896076409 ] } },
{ "type": "Feature", "properties": { "出没月": "5月", "出没時間": "15時~16時", "通報者": "地域住民", "出没場所": "林道", "目撃者状況": null }, "geometry": { "type": "Point", "coordinates": [ 137.241071441017937, 35.832347272269871 ] } },
{ "type": "Feature", "properties": { "出没月": "5月", "出没時間": "8時~9時", "通報者": "その他", "出没場所": "山林", "目撃者状況": null }, "geometry": { "type": "Point", "coordinates": [ 137.277617994656453, 36.382189721883528 ] } },
{ "type": "Feature", "properties": { "出没月": "5月", "出没時間": "11時~12時", "通報者": "建設業関係者", "出没場所": "山林", "目撃者状況": null }, "geometry": { "type": "Point", "coordinates": [ 136.356242754556149, 35.618970249408775 ] } },
{ "type": "Feature", "properties": { "出没月": "5月", "出没時間": "14時~15時", "通報者": "建設業関係者", "出没場所": "山林", "目撃者状況": null }, "geometry": { "type": "Point", "coordinates": [ 136.356258143479039, 35.618812616340314 ] } },
{ "type": "Feature", "properties": { "出没月": "4月", "出没時間": "17時~18時", "通報者": "地域住民", "出没場所": "農地", "目撃者状況": null }, "geometry": { "type": "Point", "coordinates": [ 137.301860492912169, 36.147587202025107 ] } },
{ "type": "Feature", "properties": { "出没月": "4月", "出没時間": "8時~9時", "通報者": "地域住民", "出没場所": "国・県・市道", "目撃者状況": null }, "geometry": { "type": "Point", "coordinates": [ 137.188686855167418, 36.220955447852944 ] } },
{ "type": "Feature", "properties": { "出没月": "4月", "出没時間": "8時~9時", "通報者": "地域住民", "出没場所": "国・県・市道", "目撃者状況": null }, "geometry": { "type": "Point", "coordinates": [ 137.513691373083816, 36.026670246044894 ] } },
{ "type": "Feature", "properties": { "出没月": "4月", "出没時間": "12時~13時", "通報者": "登山者", "出没場所": "登山道", "目撃者状況": null }, "geometry": { "type": "Point", "coordinates": [ 137.221013433828603, 36.209750531532123 ] } },
{ "type": "Feature", "properties": { "出没月": "5月", "出没時間": "10時~11時", "通報者": "その他", "出没場所": "国・県・市道", "目撃者状況": null }, "geometry": { "type": "Point", "coordinates": [ 137.112160775991356, 36.308237221755832 ] } },
{ "type": "Feature", "properties": { "出没月": "4月", "出没時間": "6時~7時", "通報者": "地域住民", "出没場所": "国・県・市道", "目撃者状況": null }, "geometry": { "type": "Point", "coordinates": [ 137.260607318371939, 36.1740082599839 ] } },
{ "type": "Feature", "properties": { "出没月": "4月", "出没時間": "11時~12時", "通報者": "地域住民", "出没場所": "国・県・市道", "目撃者状況": null }, "geometry": { "type": "Point", "coordinates": [ 137.432978034542174, 36.171223618326366 ] } },
{ "type": "Feature", "properties": { "出没月": "5月", "出没時間": "0時~1時", "通報者": "捕獲従事者", "出没場所": "山林", "目撃者状況": null }, "geometry": { "type": "Point", "coordinates": [ 137.549884234374872, 35.558347714970004 ] } },
{ "type": "Feature", "properties": { "出没月": "5月", "出没時間": "10時~11時", "通報者": "その他", "出没場所": "国・県・市道", "目撃者状況": null }, "geometry": { "type": "Point", "coordinates": [ 137.548102189051008, 35.586661099166712 ] } },
{ "type": "Feature", "properties": { "出没月": "5月", "出没時間": "8時~9時", "通報者": "農業従事者", "出没場所": "山林", "目撃者状況": null }, "geometry": { "type": "Point", "coordinates": [ 136.403422476060001, 35.608078309330807 ] } },
{ "type": "Feature", "properties": { "出没月": "5月", "出没時間": "15時~16時", "通報者": "地域住民", "出没場所": "山林", "目撃者状況": null }, "geometry": { "type": "Point", "coordinates": [ 137.206785691071843, 35.906035890550363 ] } },
{ "type": "Feature", "properties": { "出没月": "5月", "出没時間": "13時~14時", "通報者": "地域住民", "出没場所": "国・県・市道", "目撃者状況": null }, "geometry": { "type": "Point", "coordinates": [ 137.133839449638117, 35.935861052731532 ] } },
{ "type": "Feature", "properties": { "出没月": "5月", "出没時間": "17時~18時", "通報者": "その他", "出没場所": "国・県・市道", "目撃者状況": null }, "geometry": { "type": "Point", "coordinates": [ 136.445330881033101, 35.722870602062684 ] } },
{ "type": "Feature", "properties": { "出没月": "5月", "出没時間": "13時~14時", "通報者": "地域住民", "出没場所": "国・県・市道", "目撃者状況": null }, "geometry": { "type": "Point", "coordinates": [ 136.559068028464907, 35.411406239333196 ] } },
{ "type": "Feature", "properties": { "出没月": "5月", "出没時間": "10時~11時", "通報者": "地域住民", "出没場所": "国・県・市道", "目撃者状況": null }, "geometry": { "type": "Point", "coordinates": [ 136.906732623857295, 36.155178063417047 ] } },
{ "type": "Feature", "properties": { "出没月": "5月", "出没時間": "11時~12時", "通報者": "その他", "出没場所": "その他", "目撃者状況": null }, "geometry": { "type": "Point", "coordinates": [ 137.397045446147047, 35.49827185555575 ] } },
{ "type": "Feature", "properties": { "出没月": "5月", "出没時間": "5時~6時", "通報者": "地域住民", "出没場所": "山林", "目撃者状況": null }, "geometry": { "type": "Point", "coordinates": [ 136.515304115726707, 35.406923812812764 ] } },
{ "type": "Feature", "properties": { "出没月": "5月", "出没時間": "6時~7時", "通報者": "捕獲従事者", "出没場所": "国・県・市道", "目撃者状況": null }, "geometry": { "type": "Point", "coordinates": [ 136.511011489201081, 35.544145072246216 ] } },
{ "type": "Feature", "properties": { "出没月": "5月", "出没時間": "10時~11時", "通報者": "地域住民", "出没場所": "国・県・市道", "目撃者状況": null }, "geometry": { "type": "Point", "coordinates": [ 136.403867046019712, 35.605574225449864 ] } },
{ "type": "Feature", "properties": { "出没月": "5月", "出没時間": "14時~15時", "通報者": "地域住民", "出没場所": "林道", "目撃者状況": null }, "geometry": { "type": "Point", "coordinates": [ 137.533456564723195, 35.3335177017821 ] } },
{ "type": "Feature", "properties": { "出没月": "5月", "出没時間": "13時~14時", "通報者": "地域住民", "出没場所": "国・県・市道", "目撃者状況": null }, "geometry": { "type": "Point", "coordinates": [ 136.793209272749323, 35.757077808268775 ] } },
{ "type": "Feature", "properties": { "出没月": "4月", "出没時間": "8時~9時", "通報者": "地域住民", "出没場所": "国・県・市道", "目撃者状況": null }, "geometry": { "type": "Point", "coordinates": [ 136.962596031355133, 35.519280730792296 ] } },
{ "type": "Feature", "properties": { "出没月": "5月", "出没時間": "15時~16時", "通報者": "地域住民", "出没場所": "国・県・市道", "目撃者状況": null }, "geometry": { "type": "Point", "coordinates": [ 137.269383633327976, 36.450562055691904 ] } },
{ "type": "Feature", "properties": { "出没月": "5月", "出没時間": "17時~18時", "通報者": "建設業関係者", "出没場所": "国・県・市道", "目撃者状況": null }, "geometry": { "type": "Point", "coordinates": [ 137.320997891793951, 36.337605208361104 ] } },
{ "type": "Feature", "properties": { "出没月": "5月", "出没時間": "12時~13時", "通報者": "その他", "出没場所": "国・県・市道", "目撃者状況": null }, "geometry": { "type": "Point", "coordinates": [ 136.509555332985599, 35.473322619161358 ] } },
{ "type": "Feature", "properties": { "出没月": "5月", "出没時間": "15時~16時", "通報者": "地域住民", "出没場所": "山林", "目撃者状況": null }, "geometry": { "type": "Point", "coordinates": [ 136.570467233696121, 35.414051742919689 ] } },
{ "type": "Feature", "properties": { "出没月": "5月", "出没時間": "15時~16時", "通報者": "地域住民", "出没場所": "山林", "目撃者状況": null }, "geometry": { "type": "Point", "coordinates": [ 137.546305305643983, 35.585866797894766 ] } },
{ "type": "Feature", "properties": { "出没月": "6月", "出没時間": "16時~17時", "通報者": "登山者", "出没場所": "登山道", "目撃者状況": null }, "geometry": { "type": "Point", "coordinates": [ 136.53930381084615, 35.433211395489927 ] } },
{ "type": "Feature", "properties": { "出没月": "5月", "出没時間": "19時~20時", "通報者": "地域住民", "出没場所": "国・県・市道", "目撃者状況": null }, "geometry": { "type": "Point", "coordinates": [ 137.180360859943363, 36.388230907078317 ] } },
{ "type": "Feature", "properties": { "出没月": "6月", "出没時間": "12時~13時", "通報者": "その他", "出没場所": "その他", "目撃者状況": null }, "geometry": { "type": "Point", "coordinates": [ 137.14943166991543, 36.33415090467232 ] } },
{ "type": "Feature", "properties": { "出没月": "6月", "出没時間": "13時~14時", "通報者": "地域住民", "出没場所": "国・県・市道", "目撃者状況": null }, "geometry": { "type": "Point", "coordinates": [ 137.147112457442347, 36.332021288712021 ] } },
{ "type": "Feature", "properties": { "出没月": "6月", "出没時間": "3時~4時", "通報者": "地域住民", "出没場所": "国・県・市道", "目撃者状況": null }, "geometry": { "type": "Point", "coordinates": [ 137.148944290328387, 36.334319822149482 ] } },
{ "type": "Feature", "properties": { "出没月": "6月", "出没時間": "7時~8時", "通報者": "その他", "出没場所": "国・県・市道", "目撃者状況": null }, "geometry": { "type": "Point", "coordinates": [ 136.524191098327492, 35.475776565920548 ] } },
{ "type": "Feature", "properties": { "出没月": "6月", "出没時間": "8時~9時", "通報者": "地域住民", "出没場所": "山林", "目撃者状況": null }, "geometry": { "type": "Point", "coordinates": [ 136.411578249651342, 35.554027170197941 ] } },
{ "type": "Feature", "properties": { "出没月": "6月", "出没時間": null, "通報者": "その他", "出没場所": null, "目撃者状況": null }, "geometry": { "type": "Point", "coordinates": [ 136.474525787217999, 35.693245802017408 ] } },
{ "type": "Feature", "properties": { "出没月": "6月", "出没時間": "22時~23時", "通報者": "地域住民", "出没場所": "国・県・市道", "目撃者状況": null }, "geometry": { "type": "Point", "coordinates": [ 137.247683185228965, 36.303913369745928 ] } },
{ "type": "Feature", "properties": { "出没月": "6月", "出没時間": "11時~12時", "通報者": "その他", "出没場所": "その他", "目撃者状況": null }, "geometry": { "type": "Point", "coordinates": [ 137.296338289002392, 36.343629091976439 ] } },
{ "type": "Feature", "properties": { "出没月": "6月", "出没時間": "3時~4時", "通報者": "その他", "出没場所": "農地", "目撃者状況": null }, "geometry": { "type": "Point", "coordinates": [ 136.64233064561202, 35.577273784289986 ] } },
{ "type": "Feature", "properties": { "出没月": "6月", "出没時間": "10時~11時", "通報者": "建設業関係者", "出没場所": "林道", "目撃者状況": null }, "geometry": { "type": "Point", "coordinates": [ 137.395951482933043, 36.343102083558897 ] } },
{ "type": "Feature", "properties": { "出没月": "6月", "出没時間": "6時~7時", "通報者": "その他", "出没場所": "国・県・市道", "目撃者状況": null }, "geometry": { "type": "Point", "coordinates": [ 137.304696066683931, 36.307067435550849 ] } },
{ "type": "Feature", "properties": { "出没月": "6月", "出没時間": "11時~12時", "通報者": "その他", "出没場所": "林道", "目撃者状況": null }, "geometry": { "type": "Point", "coordinates": [ 137.39570620193669, 36.343750341741341 ] } },
{ "type": "Feature", "properties": { "出没月": "6月", "出没時間": "14時~15時", "通報者": "建設業関係者", "出没場所": "その他", "目撃者状況": null }, "geometry": { "type": "Point", "coordinates": [ 136.540416123385825, 35.532256734229307 ] } },
{ "type": "Feature", "properties": { "出没月": "6月", "出没時間": "16時~17時", "通報者": "その他", "出没場所": "住宅地", "目撃者状況": null }, "geometry": { "type": "Point", "coordinates": [ 137.538192570025899, 35.582376694889234 ] } },
{ "type": "Feature", "properties": { "出没月": "6月", "出没時間": "21時~22時", "通報者": "地域住民", "出没場所": "山林", "目撃者状況": null }, "geometry": { "type": "Point", "coordinates": [ 136.643614089849592, 35.541493533669353 ] } },
{ "type": "Feature", "properties": { "出没月": "6月", "出没時間": "14時~15時", "通報者": "その他", "出没場所": "山林", "目撃者状況": null }, "geometry": { "type": "Point", "coordinates": [ 137.31399525575543, 36.311382464175757 ] } },
{ "type": "Feature", "properties": { "出没月": "6月", "出没時間": "10時~11時", "通報者": "地域住民", "出没場所": "河川敷", "目撃者状況": null }, "geometry": { "type": "Point", "coordinates": [ 137.072645326331298, 36.24903155773471 ] } },
{ "type": "Feature", "properties": { "出没月": "6月", "出没時間": "16時~17時", "通報者": "地域住民", "出没場所": "山林", "目撃者状況": null }, "geometry": { "type": "Point", "coordinates": [ 137.291839345922995, 35.777521318607974 ] } },
{ "type": "Feature", "properties": { "出没月": "6月", "出没時間": "9時~10時", "通報者": "地域住民", "出没場所": "国・県・市道", "目撃者状況": null }, "geometry": { "type": "Point", "coordinates": [ 137.198516833565918, 36.428467115128747 ] } },
{ "type": "Feature", "properties": { "出没月": "6月", "出没時間": "18時~19時", "通報者": "地域住民", "出没場所": "住宅地", "目撃者状況": null }, "geometry": { "type": "Point", "coordinates": [ 137.15861989709353, 36.336536870852662 ] } },
{ "type": "Feature", "properties": { "出没月": "6月", "出没時間": "14時~15時", "通報者": "地域住民", "出没場所": "その他", "目撃者状況": null }, "geometry": { "type": "Point", "coordinates": [ 137.181331965905031, 36.350740289847813 ] } },
{ "type": "Feature", "properties": { "出没月": "6月", "出没時間": "7時~8時", "通報者": "地域住民", "出没場所": "国・県・市道", "目撃者状況": null }, "geometry": { "type": "Point", "coordinates": [ 137.343235399925732, 35.743508861942651 ] } },
{ "type": "Feature", "properties": { "出没月": "6月", "出没時間": "9時~10時", "通報者": "地域住民", "出没場所": "その他", "目撃者状況": null }, "geometry": { "type": "Point", "coordinates": [ 137.50348888548254, 35.634031835939176 ] } },
{ "type": "Feature", "properties": { "出没月": "6月", "出没時間": "14時~15時", "通報者": null, "出没場所": "山林", "目撃者状況": null }, "geometry": { "type": "Point", "coordinates": [ 137.420227945217817, 35.693033461825294 ] } },
{ "type": "Feature", "properties": { "出没月": "6月", "出没時間": "16時~17時", "通報者": "その他", "出没場所": "河川敷", "目撃者状況": null }, "geometry": { "type": "Point", "coordinates": [ 136.906013808369721, 36.261221117403238 ] } },
{ "type": "Feature", "properties": { "出没月": "6月", "出没時間": "16時~17時", "通報者": "地域住民", "出没場所": "山林", "目撃者状況": null }, "geometry": { "type": "Point", "coordinates": [ 137.57122220723943, 36.263745052364378 ] } },
{ "type": "Feature", "properties": { "出没月": "6月", "出没時間": "6時~7時", "通報者": "農業従事者", "出没場所": "農地", "目撃者状況": null }, "geometry": { "type": "Point", "coordinates": [ 137.396898226557198, 36.268680247835171 ] } },
{ "type": "Feature", "properties": { "出没月": "6月", "出没時間": "6時~7時", "通報者": "地域住民", "出没場所": "その他", "目撃者状況": null }, "geometry": { "type": "Point", "coordinates": [ 137.206105663593945, 35.91141879040115 ] } },
{ "type": "Feature", "properties": { "出没月": "6月", "出没時間": "9時~10時", "通報者": "地域住民", "出没場所": "河川敷", "目撃者状況": null }, "geometry": { "type": "Point", "coordinates": [ 137.541626598017189, 35.552845781200858 ] } },
{ "type": "Feature", "properties": { "出没月": "6月", "出没時間": "12時~13時", "通報者": "建設業関係者", "出没場所": "国・県・市道", "目撃者状況": null }, "geometry": { "type": "Point", "coordinates": [ 137.114233215531158, 36.298695146956362 ] } },
{ "type": "Feature", "properties": { "出没月": "6月", "出没時間": "10時~11時", "通報者": "地域住民", "出没場所": "農地", "目撃者状況": null }, "geometry": { "type": "Point", "coordinates": [ 137.105396944421472, 36.303910022970548 ] } },
{ "type": "Feature", "properties": { "出没月": "6月", "出没時間": "7時~8時", "通報者": "地域住民", "出没場所": "国・県・市道", "目撃者状況": null }, "geometry": { "type": "Point", "coordinates": [ 136.903209637117982, 36.16512687721572 ] } },
{ "type": "Feature", "properties": { "出没月": "6月", "出没時間": "6時~7時", "通報者": "捕獲従事者", "出没場所": "農地", "目撃者状況": null }, "geometry": { "type": "Point", "coordinates": [ 136.444937290841551, 35.376648788924875 ] } },
{ "type": "Feature", "properties": { "出没月": "6月", "出没時間": "7時~8時", "通報者": "地域住民", "出没場所": "その他", "目撃者状況": null }, "geometry": { "type": "Point", "coordinates": [ 137.116222178747478, 36.297969346441157 ] } },
{ "type": "Feature", "properties": { "出没月": "6月", "出没時間": "9時~10時", "通報者": "その他", "出没場所": "国・県・市道", "目撃者状況": null }, "geometry": { "type": "Point", "coordinates": [ 137.183399722562996, 36.350305717143939 ] } },
{ "type": "Feature", "properties": { "出没月": "6月", "出没時間": "5時~6時", "通報者": "登山者", "出没場所": "林道", "目撃者状況": null }, "geometry": { "type": "Point", "coordinates": [ 136.551209998357677, 35.417101856046301 ] } },
{ "type": "Feature", "properties": { "出没月": "6月", "出没時間": "7時~8時", "通報者": "捕獲従事者", "出没場所": "山林", "目撃者状況": null }, "geometry": { "type": "Point", "coordinates": [ 137.386121060891384, 35.686375135286497 ] } },
{ "type": "Feature", "properties": { "出没月": "6月", "出没時間": "12時~13時", "通報者": "地域住民", "出没場所": "その他", "目撃者状況": null }, "geometry": { "type": "Point", "coordinates": [ 137.18449330929883, 36.389889252002838 ] } },
{ "type": "Feature", "properties": { "出没月": "6月", "出没時間": "16時~17時", "通報者": "地域住民", "出没場所": "山林", "目撃者状況": null }, "geometry": { "type": "Point", "coordinates": [ 137.30265675784122, 36.335009287720965 ] } },
{ "type": "Feature", "properties": { "出没月": "6月", "出没時間": "7時~8時", "通報者": "地域住民", "出没場所": "山林", "目撃者状況": null }, "geometry": { "type": "Point", "coordinates": [ 136.829152886010291, 35.93524573429238 ] } },
{ "type": "Feature", "properties": { "出没月": "6月", "出没時間": "15時~16時", "通報者": "その他", "出没場所": "国・県・市道", "目撃者状況": null }, "geometry": { "type": "Point", "coordinates": [ 137.121123055847448, 36.296529830602196 ] } },
{ "type": "Feature", "properties": { "出没月": "6月", "出没時間": "19時~20時", "通報者": "地域住民", "出没場所": "住宅地", "目撃者状況": null }, "geometry": { "type": "Point", "coordinates": [ 137.313796086714177, 35.911165566760872 ] } },
{ "type": "Feature", "properties": { "出没月": "6月", "出没時間": "11時~12時", "通報者": "地域住民", "出没場所": "その他", "目撃者状況": null }, "geometry": { "type": "Point", "coordinates": [ 137.20137068655896, 35.926138507122808 ] } },
{ "type": "Feature", "properties": { "出没月": "6月", "出没時間": "9時~10時", "通報者": "地域住民", "出没場所": "国・県・市道", "目撃者状況": null }, "geometry": { "type": "Point", "coordinates": [ 137.264791992593331, 36.316098205394255 ] } },
{ "type": "Feature", "properties": { "出没月": "6月", "出没時間": "16時~17時", "通報者": "地域住民", "出没場所": "住宅地", "目撃者状況": null }, "geometry": { "type": "Point", "coordinates": [ 136.910240501564857, 36.151753369604698 ] } },
{ "type": "Feature", "properties": { "出没月": "6月", "出没時間": "18時~19時", "通報者": "その他", "出没場所": "国・県・市道", "目撃者状況": null }, "geometry": { "type": "Point", "coordinates": [ 137.187721692700393, 36.350679061107812 ] } },
{ "type": "Feature", "properties": { "出没月": "6月", "出没時間": "18時~19時", "通報者": "地域住民", "出没場所": "山林", "目撃者状況": null }, "geometry": { "type": "Point", "coordinates": [ 137.117445097426639, 36.295898604234459 ] } },
{ "type": "Feature", "properties": { "出没月": "6月", "出没時間": "5時~6時", "通報者": "地域住民", "出没場所": "山林", "目撃者状況": null }, "geometry": { "type": "Point", "coordinates": [ 137.117486861846459, 36.295878342638268 ] } },
{ "type": "Feature", "properties": { "出没月": "5月", "出没時間": "12時~13時", "通報者": "地域住民", "出没場所": "住宅地", "目撃者状況": null }, "geometry": { "type": "Point", "coordinates": [ 137.530423144481944, 36.235620938513549 ] } },
{ "type": "Feature", "properties": { "出没月": "5月", "出没時間": "16時~17時", "通報者": "地域住民", "出没場所": "国・県・市道", "目撃者状況": null }, "geometry": { "type": "Point", "coordinates": [ 137.320495345331807, 36.121459454336005 ] } },
{ "type": "Feature", "properties": { "出没月": "5月", "出没時間": "16時~17時", "通報者": "地域住民", "出没場所": "住宅地", "目撃者状況": null }, "geometry": { "type": "Point", "coordinates": [ 137.20163579777423, 36.229845121422109 ] } },
{ "type": "Feature", "properties": { "出没月": "5月", "出没時間": "10時~11時", "通報者": "地域住民", "出没場所": "国・県・市道", "目撃者状況": null }, "geometry": { "type": "Point", "coordinates": [ 137.456043372695547, 36.174932839481812 ] } },
{ "type": "Feature", "properties": { "出没月": "5月", "出没時間": "18時~19時", "通報者": "地域住民", "出没場所": "住宅地", "目撃者状況": null }, "geometry": { "type": "Point", "coordinates": [ 137.345186646522507, 36.1704796148192 ] } },
{ "type": "Feature", "properties": { "出没月": "5月", "出没時間": "7時~8時", "通報者": "地域住民", "出没場所": "国・県・市道", "目撃者状況": null }, "geometry": { "type": "Point", "coordinates": [ 137.505457276262774, 36.023085555404251 ] } },
{ "type": "Feature", "properties": { "出没月": "5月", "出没時間": "11時~12時", "通報者": "その他", "出没場所": "国・県・市道", "目撃者状況": null }, "geometry": { "type": "Point", "coordinates": [ 137.351816413115046, 35.995452051369249 ] } },
{ "type": "Feature", "properties": { "出没月": "5月", "出没時間": "13時~14時", "通報者": "地域住民", "出没場所": "住宅地", "目撃者状況": null }, "geometry": { "type": "Point", "coordinates": [ 137.337541616971833, 36.168881390743564 ] } },
{ "type": "Feature", "properties": { "出没月": "5月", "出没時間": "6時~7時", "通報者": "地域住民", "出没場所": "住宅地", "目撃者状況": null }, "geometry": { "type": "Point", "coordinates": [ 137.239363963408266, 36.144556018877694 ] } },
{ "type": "Feature", "properties": { "出没月": "5月", "出没時間": "7時~8時", "通報者": "地域住民", "出没場所": "国・県・市道", "目撃者状況": null }, "geometry": { "type": "Point", "coordinates": [ 137.502071652366226, 36.019930889806062 ] } },
{ "type": "Feature", "properties": { "出没月": "5月", "出没時間": "18時~19時", "通報者": "地域住民", "出没場所": "林道", "目撃者状況": null }, "geometry": { "type": "Point", "coordinates": [ 137.305920315268082, 36.087299144691961 ] } },
{ "type": "Feature", "properties": { "出没月": "5月", "出没時間": "13時~14時", "通報者": "地域住民", "出没場所": "農地", "目撃者状況": null }, "geometry": { "type": "Point", "coordinates": [ 137.396301125494489, 36.031999706258908 ] } },
{ "type": "Feature", "properties": { "出没月": "5月", "出没時間": "15時~16時", "通報者": "家畜飼育員", "出没場所": "国・県・市道", "目撃者状況": null }, "geometry": { "type": "Point", "coordinates": [ 137.309796438868489, 36.031767997485922 ] } },
{ "type": "Feature", "properties": { "出没月": "6月", "出没時間": null, "通報者": "地域住民", "出没場所": "山林", "目撃者状況": null }, "geometry": { "type": "Point", "coordinates": [ 136.708567217376327, 35.663112721678907 ] } },
{ "type": "Feature", "properties": { "出没月": "6月", "出没時間": "15時~16時", "通報者": "その他", "出没場所": "山林", "目撃者状況": null }, "geometry": { "type": "Point", "coordinates": [ 136.787421956011229, 35.750972441024253 ] } },
{ "type": "Feature", "properties": { "出没月": "6月", "出没時間": "11時~12時", "通報者": "その他", "出没場所": "林道", "目撃者状況": null }, "geometry": { "type": "Point", "coordinates": [ 136.404945938894997, 35.616127483945355 ] } },
{ "type": "Feature", "properties": { "出没月": "6月", "出没時間": "8時~9時", "通報者": "登山者", "出没場所": "登山道", "目撃者状況": null }, "geometry": { "type": "Point", "coordinates": [ 136.783442794538104, 35.725920929053508 ] } },
{ "type": "Feature", "properties": { "出没月": "6月", "出没時間": "13時~14時", "通報者": "地域住民", "出没場所": "国・県・市道", "目撃者状況": null }, "geometry": { "type": "Point", "coordinates": [ 137.109930599441839, 36.30631179942003 ] } },
{ "type": "Feature", "properties": { "出没月": "6月", "出没時間": "11時~12時", "通報者": "地域住民", "出没場所": "山林", "目撃者状況": null }, "geometry": { "type": "Point", "coordinates": [ 137.209926324168094, 35.527191617041439 ] } },
{ "type": "Feature", "properties": { "出没月": "6月", "出没時間": "9時~10時", "通報者": "地域住民", "出没場所": "山林", "目撃者状況": null }, "geometry": { "type": "Point", "coordinates": [ 136.587173003606154, 35.660880968511748 ] } },
{ "type": "Feature", "properties": { "出没月": "6月", "出没時間": "9時~10時", "通報者": "捕獲従事者", "出没場所": "山林", "目撃者状況": null }, "geometry": { "type": "Point", "coordinates": [ 137.512517979303794, 35.594802006947944 ] } },
{ "type": "Feature", "properties": { "出没月": "6月", "出没時間": "10時~11時", "通報者": "地域住民", "出没場所": "国・県・市道", "目撃者状況": null }, "geometry": { "type": "Point", "coordinates": [ 137.104046674008288, 36.301499981813031 ] } },
{ "type": "Feature", "properties": { "出没月": "6月", "出没時間": "14時~15時", "通報者": "地域住民", "出没場所": "国・県・市道", "目撃者状況": null }, "geometry": { "type": "Point", "coordinates": [ 137.11066809485277, 36.303694498893478 ] } },
{ "type": "Feature", "properties": { "出没月": "6月", "出没時間": "7時~8時", "通報者": "地域住民", "出没場所": "林道", "目撃者状況": null }, "geometry": { "type": "Point", "coordinates": [ 137.332957987601731, 35.755521175426864 ] } },
{ "type": "Feature", "properties": { "出没月": "6月", "出没時間": "11時~12時", "通報者": "地域住民", "出没場所": "国・県・市道", "目撃者状況": null }, "geometry": { "type": "Point", "coordinates": [ 137.114144481276213, 36.299227989375353 ] } },
{ "type": "Feature", "properties": { "出没月": "6月", "出没時間": "15時~16時", "通報者": "登山者", "出没場所": "登山道", "目撃者状況": null }, "geometry": { "type": "Point", "coordinates": [ 137.366164921184918, 35.774801425369141 ] } },
{ "type": "Feature", "properties": { "出没月": "6月", "出没時間": "13時~14時", "通報者": "地域住民", "出没場所": "山林", "目撃者状況": null }, "geometry": { "type": "Point", "coordinates": [ 137.298241645527298, 35.768278388132131 ] } },
{ "type": "Feature", "properties": { "出没月": "6月", "出没時間": "14時~15時", "通報者": "地域住民", "出没場所": "林道", "目撃者状況": null }, "geometry": { "type": "Point", "coordinates": [ 137.181613930062326, 36.397560534841922 ] } },
{ "type": "Feature", "properties": { "出没月": "6月", "出没時間": "17時~18時", "通報者": "地域住民", "出没場所": "林道", "目撃者状況": null }, "geometry": { "type": "Point", "coordinates": [ 136.366524073374421, 35.593790184621525 ] } },
{ "type": "Feature", "properties": { "出没月": "6月", "出没時間": null, "通報者": "捕獲従事者", "出没場所": "林道", "目撃者状況": null }, "geometry": { "type": "Point", "coordinates": [ 136.366502452563935, 35.593744973252129 ] } },
{ "type": "Feature", "properties": { "出没月": "6月", "出没時間": "13時~14時", "通報者": "登山者", "出没場所": "山林", "目撃者状況": null }, "geometry": { "type": "Point", "coordinates": [ 137.567988600207286, 35.332356160309125 ] } },
{ "type": "Feature", "properties": { "出没月": "6月", "出没時間": "13時~14時", "通報者": "登山者", "出没場所": "山林", "目撃者状況": null }, "geometry": { "type": "Point", "coordinates": [ 137.560888921739149, 35.328559764093754 ] } },
{ "type": "Feature", "properties": { "出没月": "6月", "出没時間": "9時~10時", "通報者": "地域住民", "出没場所": "山林", "目撃者状況": null }, "geometry": { "type": "Point", "coordinates": [ 137.11160519794484, 36.302163887954606 ] } },
{ "type": "Feature", "properties": { "出没月": "6月", "出没時間": "5時~6時", "通報者": "地域住民", "出没場所": "山林", "目撃者状況": null }, "geometry": { "type": "Point", "coordinates": [ 137.179073508972863, 36.34925570073932 ] } },
{ "type": "Feature", "properties": { "出没月": "6月", "出没時間": "12時~13時", "通報者": "地域住民", "出没場所": "山林", "目撃者状況": null }, "geometry": { "type": "Point", "coordinates": [ 137.111599651997409, 36.302133467205856 ] } },
{ "type": "Feature", "properties": { "出没月": "6月", "出没時間": "10時~11時", "通報者": "その他", "出没場所": "国・県・市道", "目撃者状況": null }, "geometry": { "type": "Point", "coordinates": [ 136.460856611810073, 35.577795046934199 ] } },
{ "type": "Feature", "properties": { "出没月": "6月", "出没時間": "9時~10時", "通報者": "その他", "出没場所": "国・県・市道", "目撃者状況": null }, "geometry": { "type": "Point", "coordinates": [ 137.386975196332173, 35.249264786635734 ] } },
{ "type": "Feature", "properties": { "出没月": "6月", "出没時間": "8時~9時", "通報者": "その他", "出没場所": "国・県・市道", "目撃者状況": null }, "geometry": { "type": "Point", "coordinates": [ 137.387168933642499, 35.249794026377465 ] } },
{ "type": "Feature", "properties": { "出没月": "6月", "出没時間": "7時~8時", "通報者": "地域住民", "出没場所": "国・県・市道", "目撃者状況": null }, "geometry": { "type": "Point", "coordinates": [ 137.094533057853937, 36.254033120563584 ] } },
{ "type": "Feature", "properties": { "出没月": "6月", "出没時間": "8時~9時", "通報者": "地域住民", "出没場所": "住宅地", "目撃者状況": null }, "geometry": { "type": "Point", "coordinates": [ 136.58189345532773, 35.659007659009816 ] } },
{ "type": "Feature", "properties": { "出没月": "6月", "出没時間": "12時~13時", "通報者": "地域住民", "出没場所": "国・県・市道", "目撃者状況": null }, "geometry": { "type": "Point", "coordinates": [ 136.641067101417406, 35.550390343814328 ] } },
{ "type": "Feature", "properties": { "出没月": "6月", "出没時間": "6時~7時", "通報者": "その他", "出没場所": "その他", "目撃者状況": null }, "geometry": { "type": "Point", "coordinates": [ 137.322368257890219, 35.920002493250657 ] } },
{ "type": "Feature", "properties": { "出没月": "6月", "出没時間": "7時~8時", "通報者": "その他", "出没場所": "国・県・市道", "目撃者状況": null }, "geometry": { "type": "Point", "coordinates": [ 137.18292082040611, 36.349510411842516 ] } },
{ "type": "Feature", "properties": { "出没月": "6月", "出没時間": "14時~15時", "通報者": "その他", "出没場所": "国・県・市道", "目撃者状況": null }, "geometry": { "type": "Point", "coordinates": [ 137.121223241874787, 36.296563667106298 ] } },
{ "type": "Feature", "properties": { "出没月": "6月", "出没時間": "17時~18時", "通報者": "地域住民", "出没場所": "国・県・市道", "目撃者状況": null }, "geometry": { "type": "Point", "coordinates": [ 136.641325145303369, 35.564196636452166 ] } },
{ "type": "Feature", "properties": { "出没月": "6月", "出没時間": "19時~20時", "通報者": "地域住民", "出没場所": "住宅地", "目撃者状況": null }, "geometry": { "type": "Point", "coordinates": [ 136.823323098782055, 35.92999755108049 ] } },
{ "type": "Feature", "properties": { "出没月": "6月", "出没時間": "20時~21時", "通報者": "地域住民", "出没場所": "国・県・市道", "目撃者状況": null }, "geometry": { "type": "Point", "coordinates": [ 136.509771726081112, 35.473309712609179 ] } },
{ "type": "Feature", "properties": { "出没月": "6月", "出没時間": "10時~11時", "通報者": "地域住民", "出没場所": "山林", "目撃者状況": null }, "geometry": { "type": "Point", "coordinates": [ 137.111555730364699, 36.302245541789922 ] } },
{ "type": "Feature", "properties": { "出没月": "6月", "出没時間": "16時~17時", "通報者": "地域住民", "出没場所": "山林", "目撃者状況": null }, "geometry": { "type": "Point", "coordinates": [ 137.101150787517724, 36.303401815030973 ] } },
{ "type": "Feature", "properties": { "出没月": "6月", "出没時間": "13時~14時", "通報者": "地域住民", "出没場所": "山林", "目撃者状況": null }, "geometry": { "type": "Point", "coordinates": [ 137.111593791473666, 36.302055614941132 ] } },
{ "type": "Feature", "properties": { "出没月": "6月", "出没時間": "13時~14時", "通報者": "地域住民", "出没場所": "国・県・市道", "目撃者状況": null }, "geometry": { "type": "Point", "coordinates": [ 136.460380139985858, 35.46697067572169 ] } },
{ "type": "Feature", "properties": { "出没月": "6月", "出没時間": "17時~18時", "通報者": "地域住民", "出没場所": "河川敷", "目撃者状況": null }, "geometry": { "type": "Point", "coordinates": [ 136.518775218092429, 35.472760651230253 ] } },
{ "type": "Feature", "properties": { "出没月": "6月", "出没時間": "21時~22時", "通報者": "その他", "出没場所": "国・県・市道", "目撃者状況": null }, "geometry": { "type": "Point", "coordinates": [ 137.424405444185652, 35.291670101442371 ] } },
{ "type": "Feature", "properties": { "出没月": "6月", "出没時間": "13時~14時", "通報者": "地域住民", "出没場所": "その他", "目撃者状況": null }, "geometry": { "type": "Point", "coordinates": [ 136.579957758041672, 35.663462790455633 ] } },
{ "type": "Feature", "properties": { "出没月": "6月", "出没時間": "17時~18時", "通報者": "地域住民", "出没場所": "住宅地", "目撃者状況": null }, "geometry": { "type": "Point", "coordinates": [ 136.587083701260894, 35.657859292151059 ] } },
{ "type": "Feature", "properties": { "出没月": "6月", "出没時間": "9時~10時", "通報者": "地域住民", "出没場所": "国・県・市道", "目撃者状況": null }, "geometry": { "type": "Point", "coordinates": [ 137.181702749929656, 36.388421700684326 ] } },
{ "type": "Feature", "properties": { "出没月": "6月", "出没時間": "19時~20時", "通報者": "地域住民", "出没場所": "国・県・市道", "目撃者状況": null }, "geometry": { "type": "Point", "coordinates": [ 136.723093015337923, 35.535102173093463 ] } },
{ "type": "Feature", "properties": { "出没月": "6月", "出没時間": "9時~10時", "通報者": "地域住民", "出没場所": "農地", "目撃者状況": null }, "geometry": { "type": "Point", "coordinates": [ 137.149269047583601, 35.533194083671333 ] } },
{ "type": "Feature", "properties": { "出没月": "6月", "出没時間": "13時~14時", "通報者": "地域住民", "出没場所": "山林", "目撃者状況": null }, "geometry": { "type": "Point", "coordinates": [ 137.111519034335203, 36.3024731004204 ] } },
{ "type": "Feature", "properties": { "出没月": "6月", "出没時間": "8時~9時", "通報者": "地域住民", "出没場所": "山林", "目撃者状況": null }, "geometry": { "type": "Point", "coordinates": [ 137.048170628427158, 36.286961152609329 ] } },
{ "type": "Feature", "properties": { "出没月": "6月", "出没時間": "17時~18時", "通報者": "地域住民", "出没場所": "国・県・市道", "目撃者状況": null }, "geometry": { "type": "Point", "coordinates": [ 136.504260417955464, 35.473026075125127 ] } },
{ "type": "Feature", "properties": { "出没月": "6月", "出没時間": "9時~10時", "通報者": "地域住民", "出没場所": "山林", "目撃者状況": null }, "geometry": { "type": "Point", "coordinates": [ 136.62025565806789, 35.591911497816248 ] } },
{ "type": "Feature", "properties": { "出没月": "6月", "出没時間": "13時~14時", "通報者": "地域住民", "出没場所": "住宅地", "目撃者状況": null }, "geometry": { "type": "Point", "coordinates": [ 137.274634698131194, 36.275691588884868 ] } },
{ "type": "Feature", "properties": { "出没月": "6月", "出没時間": "15時~16時", "通報者": "地域住民", "出没場所": "国・県・市道", "目撃者状況": null }, "geometry": { "type": "Point", "coordinates": [ 137.547424120528973, 36.254756876978824 ] } },
{ "type": "Feature", "properties": { "出没月": "6月", "出没時間": null, "通報者": "地域住民", "出没場所": "住宅地", "目撃者状況": null }, "geometry": { "type": "Point", "coordinates": [ 137.398856787468105, 36.269048240393481 ] } },
{ "type": "Feature", "properties": { "出没月": "6月", "出没時間": "10時~11時", "通報者": "その他", "出没場所": "山林", "目撃者状況": null }, "geometry": { "type": "Point", "coordinates": [ 137.396374152660457, 36.259797996291951 ] } },
{ "type": "Feature", "properties": { "出没月": "6月", "出没時間": "17時~18時", "通報者": null, "出没場所": "国・県・市道", "目撃者状況": null }, "geometry": { "type": "Point", "coordinates": [ 137.515963630496003, 36.243062994306172 ] } },
{ "type": "Feature", "properties": { "出没月": "6月", "出没時間": "5時~6時", "通報者": "農業従事者", "出没場所": "農地", "目撃者状況": null }, "geometry": { "type": "Point", "coordinates": [ 137.329799173792367, 36.26818335044603 ] } },
{ "type": "Feature", "properties": { "出没月": "6月", "出没時間": "7時~8時", "通報者": null, "出没場所": "その他", "目撃者状況": null }, "geometry": { "type": "Point", "coordinates": [ 137.509521380704513, 36.244299487834176 ] } },
{ "type": "Feature", "properties": { "出没月": "6月", "出没時間": "17時~18時", "通報者": "地域住民", "出没場所": "国・県・市道", "目撃者状況": null }, "geometry": { "type": "Point", "coordinates": [ 136.900876450535378, 36.174909225157073 ] } },
{ "type": "Feature", "properties": { "出没月": "6月", "出没時間": "16時~17時", "通報者": "地域住民", "出没場所": "住宅地", "目撃者状況": null }, "geometry": { "type": "Point", "coordinates": [ 137.526113386520734, 36.237867455908749 ] } },
{ "type": "Feature", "properties": { "出没月": "6月", "出没時間": "7時~8時", "通報者": "地域住民", "出没場所": "国・県・市道", "目撃者状況": null }, "geometry": { "type": "Point", "coordinates": [ 136.900851556615436, 36.175079852486732 ] } },
{ "type": "Feature", "properties": { "出没月": "6月", "出没時間": "5時~6時", "通報者": "地域住民", "出没場所": "農地", "目撃者状況": null }, "geometry": { "type": "Point", "coordinates": [ 137.107675761015685, 36.303931615272631 ] } },
{ "type": "Feature", "properties": { "出没月": "6月", "出没時間": "12時~13時", "通報者": "地域住民", "出没場所": "国・県・市道", "目撃者状況": null }, "geometry": { "type": "Point", "coordinates": [ 137.076829552568569, 36.301522621605663 ] } },
{ "type": "Feature", "properties": { "出没月": "6月", "出没時間": "16時~17時", "通報者": "地域住民", "出没場所": "山林", "目撃者状況": null }, "geometry": { "type": "Point", "coordinates": [ 137.111504714169229, 36.302549699691561 ] } },
{ "type": "Feature", "properties": { "出没月": "6月", "出没時間": "15時~16時", "通報者": "地域住民", "出没場所": "山林", "目撃者状況": null }, "geometry": { "type": "Point", "coordinates": [ 136.417906868381692, 35.546228130240941 ] } },
{ "type": "Feature", "properties": { "出没月": "6月", "出没時間": "8時~9時", "通報者": "その他", "出没場所": "農地", "目撃者状況": null }, "geometry": { "type": "Point", "coordinates": [ 136.777299401300098, 35.97165942186578 ] } },
{ "type": "Feature", "properties": { "出没月": "6月", "出没時間": "16時~17時", "通報者": "地域住民", "出没場所": "住宅地", "目撃者状況": null }, "geometry": { "type": "Point", "coordinates": [ 136.906712942211641, 36.173775705563095 ] } },
{ "type": "Feature", "properties": { "出没月": "6月", "出没時間": "16時~17時", "通報者": "地域住民", "出没場所": "国・県・市道", "目撃者状況": null }, "geometry": { "type": "Point", "coordinates": [ 136.910208235149753, 36.145876833402241 ] } },
{ "type": "Feature", "properties": { "出没月": "6月", "出没時間": "7時~8時", "通報者": "捕獲従事者", "出没場所": "国・県・市道", "目撃者状況": null }, "geometry": { "type": "Point", "coordinates": [ 137.537142135375603, 35.334224778152297 ] } },
{ "type": "Feature", "properties": { "出没月": "6月", "出没時間": "11時~12時", "通報者": "その他", "出没場所": "山林", "目撃者状況": null }, "geometry": { "type": "Point", "coordinates": [ 136.445104441671901, 35.429077435806072 ] } },
{ "type": "Feature", "properties": { "出没月": "6月", "出没時間": null, "通報者": "地域住民", "出没場所": "農地", "目撃者状況": null }, "geometry": { "type": "Point", "coordinates": [ 136.651202665563034, 35.511812680039647 ] } },
{ "type": "Feature", "properties": { "出没月": "6月", "出没時間": "14時~15時", "通報者": "地域住民", "出没場所": "住宅地", "目撃者状況": null }, "geometry": { "type": "Point", "coordinates": [ 136.907183976601459, 36.174204842351891 ] } },
{ "type": "Feature", "properties": { "出没月": "6月", "出没時間": "11時~12時", "通報者": "その他", "出没場所": "住宅地", "目撃者状況": null }, "geometry": { "type": "Point", "coordinates": [ 136.903156802990082, 36.172401906427808 ] } },
{ "type": "Feature", "properties": { "出没月": "6月", "出没時間": "15時~16時", "通報者": "地域住民", "出没場所": "住宅地", "目撃者状況": null }, "geometry": { "type": "Point", "coordinates": [ 136.910099150966147, 36.14930209879018 ] } },
{ "type": "Feature", "properties": { "出没月": "6月", "出没時間": "17時~18時", "通報者": "地域住民", "出没場所": "山林", "目撃者状況": null }, "geometry": { "type": "Point", "coordinates": [ 137.101216185076481, 36.30342550943142 ] } },
{ "type": "Feature", "properties": { "出没月": "6月", "出没時間": "8時~9時", "通報者": "地域住民", "出没場所": "その他", "目撃者状況": null }, "geometry": { "type": "Point", "coordinates": [ 137.503835006445314, 35.641847464392306 ] } },
{ "type": "Feature", "properties": { "出没月": "6月", "出没時間": "18時~19時", "通報者": "地域住民", "出没場所": "山林", "目撃者状況": null }, "geometry": { "type": "Point", "coordinates": [ 137.101813261060528, 36.289170980041263 ] } },
{ "type": "Feature", "properties": { "出没月": "6月", "出没時間": "10時~11時", "通報者": "地域住民", "出没場所": "農地", "目撃者状況": null }, "geometry": { "type": "Point", "coordinates": [ 137.073044116216664, 36.297176681987047 ] } },
{ "type": "Feature", "properties": { "出没月": "6月", "出没時間": "11時~12時", "通報者": "地域住民", "出没場所": "国・県・市道", "目撃者状況": null }, "geometry": { "type": "Point", "coordinates": [ 136.407268296538547, 35.604291422901881 ] } },
{ "type": "Feature", "properties": { "出没月": "6月", "出没時間": "12時~13時", "通報者": "地域住民", "出没場所": "国・県・市道", "目撃者状況": null }, "geometry": { "type": "Point", "coordinates": [ 136.410950652058915, 35.603065956410092 ] } },
{ "type": "Feature", "properties": { "出没月": "6月", "出没時間": "6時~7時", "通報者": "地域住民", "出没場所": "国・県・市道", "目撃者状況": null }, "geometry": { "type": "Point", "coordinates": [ 137.204888739871222, 35.721881878983723 ] } },
{ "type": "Feature", "properties": { "出没月": "6月", "出没時間": "12時~13時", "通報者": "地域住民", "出没場所": "その他", "目撃者状況": null }, "geometry": { "type": "Point", "coordinates": [ 137.09454810064662, 36.305363926753635 ] } },
{ "type": "Feature", "properties": { "出没月": "6月", "出没時間": "20時~21時", "通報者": "捕獲従事者", "出没場所": "国・県・市道", "目撃者状況": null }, "geometry": { "type": "Point", "coordinates": [ 136.518538613779754, 35.569065874924455 ] } },
{ "type": "Feature", "properties": { "出没月": "6月", "出没時間": "10時~11時", "通報者": "地域住民", "出没場所": "住宅地", "目撃者状況": null }, "geometry": { "type": "Point", "coordinates": [ 136.578590109384521, 35.666397929555409 ] } },
{ "type": "Feature", "properties": { "出没月": "6月", "出没時間": "13時~14時", "通報者": "地域住民", "出没場所": "山林", "目撃者状況": null }, "geometry": { "type": "Point", "coordinates": [ 136.679898638885192, 35.505493725556718 ] } },
{ "type": "Feature", "properties": { "出没月": "6月", "出没時間": "8時~9時", "通報者": "地域住民", "出没場所": "山林", "目撃者状況": null }, "geometry": { "type": "Point", "coordinates": [ 136.432275339890481, 35.48111829462345 ] } },
{ "type": "Feature", "properties": { "出没月": "7月", "出没時間": "11時~12時", "通報者": "その他", "出没場所": "国・県・市道", "目撃者状況": null }, "geometry": { "type": "Point", "coordinates": [ 137.039306577014997, 36.245490762020879 ] } },
{ "type": "Feature", "properties": { "出没月": "7月", "出没時間": "11時~12時", "通報者": "その他", "出没場所": "国・県・市道", "目撃者状況": null }, "geometry": { "type": "Point", "coordinates": [ 137.038469903478642, 36.24341690973538 ] } },
{ "type": "Feature", "properties": { "出没月": "7月", "出没時間": "5時~6時", "通報者": "地域住民", "出没場所": "住宅地", "目撃者状況": null }, "geometry": { "type": "Point", "coordinates": [ 137.507979854081526, 36.244499924361641 ] } },
{ "type": "Feature", "properties": { "出没月": "7月", "出没時間": "13時~14時", "通報者": "地域住民", "出没場所": "国・県・市道", "目撃者状況": null }, "geometry": { "type": "Point", "coordinates": [ 137.397208090278298, 36.269023264572084 ] } },
{ "type": "Feature", "properties": { "出没月": "6月", "出没時間": "16時~17時", "通報者": "地域住民", "出没場所": "国・県・市道", "目撃者状況": null }, "geometry": { "type": "Point", "coordinates": [ 137.512010632665351, 36.243919422327274 ] } },
{ "type": "Feature", "properties": { "出没月": "7月", "出没時間": "16時~17時", "通報者": "地域住民", "出没場所": "国・県・市道", "目撃者状況": null }, "geometry": { "type": "Point", "coordinates": [ 137.130050989443333, 36.293649931148316 ] } },
{ "type": "Feature", "properties": { "出没月": "7月", "出没時間": "17時~18時", "通報者": "地域住民", "出没場所": "国・県・市道", "目撃者状況": null }, "geometry": { "type": "Point", "coordinates": [ 136.647182774713855, 35.563358949849714 ] } },
{ "type": "Feature", "properties": { "出没月": "7月", "出没時間": "7時~8時", "通報者": "地域住民", "出没場所": "山林", "目撃者状況": null }, "geometry": { "type": "Point", "coordinates": [ 136.51464559937358, 35.473149469958301 ] } },
{ "type": "Feature", "properties": { "出没月": "7月", "出没時間": "16時~17時", "通報者": "その他", "出没場所": "住宅地", "目撃者状況": null }, "geometry": { "type": "Point", "coordinates": [ 137.508811989777371, 36.246514166078349 ] } },
{ "type": "Feature", "properties": { "出没月": "7月", "出没時間": "11時~12時", "通報者": "建設業関係者", "出没場所": "国・県・市道", "目撃者状況": null }, "geometry": { "type": "Point", "coordinates": [ 137.198142682595432, 36.418404646258992 ] } },
{ "type": "Feature", "properties": { "出没月": "7月", "出没時間": "15時~16時", "通報者": "建設業関係者", "出没場所": "国・県・市道", "目撃者状況": null }, "geometry": { "type": "Point", "coordinates": [ 137.197149983518557, 36.419579359058929 ] } },
{ "type": "Feature", "properties": { "出没月": "7月", "出没時間": "17時~18時", "通報者": "地域住民", "出没場所": "山林", "目撃者状況": null }, "geometry": { "type": "Point", "coordinates": [ 137.422634681976717, 35.690022871984979 ] } },
{ "type": "Feature", "properties": { "出没月": "7月", "出没時間": "17時~18時", "通報者": "地域住民", "出没場所": "国・県・市道", "目撃者状況": null }, "geometry": { "type": "Point", "coordinates": [ 137.498476090666486, 35.628499478665837 ] } },
{ "type": "Feature", "properties": { "出没月": "7月", "出没時間": "8時~9時", "通報者": "地域住民", "出没場所": "国・県・市道", "目撃者状況": null }, "geometry": { "type": "Point", "coordinates": [ 137.145982234557835, 36.330742978803798 ] } },
{ "type": "Feature", "properties": { "出没月": "7月", "出没時間": "10時~11時", "通報者": "登山者", "出没場所": "山林", "目撃者状況": null }, "geometry": { "type": "Point", "coordinates": [ 136.414489166167812, 35.471625074943589 ] } },
{ "type": "Feature", "properties": { "出没月": "7月", "出没時間": "7時~8時", "通報者": "地域住民", "出没場所": "山林", "目撃者状況": null }, "geometry": { "type": "Point", "coordinates": [ 137.502043400611967, 35.410459453491988 ] } },
{ "type": "Feature", "properties": { "出没月": "7月", "出没時間": "17時~18時", "通報者": "地域住民", "出没場所": "山林", "目撃者状況": null }, "geometry": { "type": "Point", "coordinates": [ 137.430093013375227, 35.698304427615859 ] } },
{ "type": "Feature", "properties": { "出没月": "7月", "出没時間": "10時~11時", "通報者": "地域住民", "出没場所": "山林", "目撃者状況": null }, "geometry": { "type": "Point", "coordinates": [ 137.420512480846526, 35.656625967568957 ] } },
{ "type": "Feature", "properties": { "出没月": "7月", "出没時間": "5時~6時", "通報者": "地域住民", "出没場所": "国・県・市道", "目撃者状況": null }, "geometry": { "type": "Point", "coordinates": [ 137.444906158703503, 35.537902459165437 ] } },
{ "type": "Feature", "properties": { "出没月": "6月", "出没時間": "9時~10時", "通報者": "地域住民", "出没場所": "山林", "目撃者状況": null }, "geometry": { "type": "Point", "coordinates": [ 137.526086785748191, 35.508834921591443 ] } },
{ "type": "Feature", "properties": { "出没月": "6月", "出没時間": "15時~16時", "通報者": "地域住民", "出没場所": "その他", "目撃者状況": null }, "geometry": { "type": "Point", "coordinates": [ 137.50208131270665, 35.4274119782432 ] } },
{ "type": "Feature", "properties": { "出没月": "7月", "出没時間": "8時~9時", "通報者": "地域住民", "出没場所": "山林", "目撃者状況": null }, "geometry": { "type": "Point", "coordinates": [ 137.428950695613963, 35.643851198529028 ] } },
{ "type": "Feature", "properties": { "出没月": "6月", "出没時間": "18時~19時", "通報者": "地域住民", "出没場所": "山林", "目撃者状況": null }, "geometry": { "type": "Point", "coordinates": [ 137.527757084529583, 35.53410265316375 ] } },
{ "type": "Feature", "properties": { "出没月": "6月", "出没時間": "13時~14時", "通報者": "地域住民", "出没場所": "河川敷", "目撃者状況": null }, "geometry": { "type": "Point", "coordinates": [ 137.417661750442846, 35.673858277374954 ] } },
{ "type": "Feature", "properties": { "出没月": "5月", "出没時間": "18時~19時", "通報者": "地域住民", "出没場所": "山林", "目撃者状況": null }, "geometry": { "type": "Point", "coordinates": [ 137.418321869947363, 35.695651426277564 ] } },
{ "type": "Feature", "properties": { "出没月": "7月", "出没時間": "15時~16時", "通報者": "その他", "出没場所": "河川敷", "目撃者状況": null }, "geometry": { "type": "Point", "coordinates": [ 137.208445629449784, 35.57430842668844 ] } },
{ "type": "Feature", "properties": { "出没月": "7月", "出没時間": "14時~15時", "通報者": "建設業関係者", "出没場所": "林道", "目撃者状況": null }, "geometry": { "type": "Point", "coordinates": [ 136.4149314432116, 35.472450765030153 ] } },
{ "type": "Feature", "properties": { "出没月": "7月", "出没時間": "16時~17時", "通報者": "地域住民", "出没場所": "国・県・市道", "目撃者状況": null }, "geometry": { "type": "Point", "coordinates": [ 137.43447525036558, 35.264825551669503 ] } },
{ "type": "Feature", "properties": { "出没月": "6月", "出没時間": "16時~17時", "通報者": "地域住民", "出没場所": "山林", "目撃者状況": null }, "geometry": { "type": "Point", "coordinates": [ 137.415050128967607, 35.679058963329631 ] } },
{ "type": "Feature", "properties": { "出没月": "6月", "出没時間": "21時~22時", "通報者": "地域住民", "出没場所": "河川敷", "目撃者状況": null }, "geometry": { "type": "Point", "coordinates": [ 137.462559382518521, 35.627545199265697 ] } },
{ "type": "Feature", "properties": { "出没月": "7月", "出没時間": "14時~15時", "通報者": "地域住民", "出没場所": "国・県・市道", "目撃者状況": null }, "geometry": { "type": "Point", "coordinates": [ 136.41474731693998, 35.46764090098069 ] } },
{ "type": "Feature", "properties": { "出没月": "7月", "出没時間": "17時~18時", "通報者": "その他", "出没場所": "国・県・市道", "目撃者状況": null }, "geometry": { "type": "Point", "coordinates": [ 137.2068400347639, 35.576500471128462 ] } },
{ "type": "Feature", "properties": { "出没月": "7月", "出没時間": "17時~18時", "通報者": "地域住民", "出没場所": "農地", "目撃者状況": null }, "geometry": { "type": "Point", "coordinates": [ 137.105939914223484, 36.306420244204325 ] } },
{ "type": "Feature", "properties": { "出没月": "7月", "出没時間": "18時~19時", "通報者": "地域住民", "出没場所": "国・県・市道", "目撃者状況": null }, "geometry": { "type": "Point", "coordinates": [ 136.451421821588752, 35.474348674683796 ] } },
{ "type": "Feature", "properties": { "出没月": "7月", "出没時間": "12時~13時", "通報者": "地域住民", "出没場所": "国・県・市道", "目撃者状況": null }, "geometry": { "type": "Point", "coordinates": [ 136.404459020739949, 35.607764870923887 ] } },
{ "type": "Feature", "properties": { "出没月": "6月", "出没時間": "11時~12時", "通報者": "地域住民", "出没場所": "山林", "目撃者状況": null }, "geometry": { "type": "Point", "coordinates": [ 137.422311697547457, 35.695927513249629 ] } },
{ "type": "Feature", "properties": { "出没月": "6月", "出没時間": "13時~14時", "通報者": "地域住民", "出没場所": "山林", "目撃者状況": null }, "geometry": { "type": "Point", "coordinates": [ 137.41989191605947, 35.687442873456412 ] } },
{ "type": "Feature", "properties": { "出没月": "7月", "出没時間": "6時~7時", "通報者": "地域住民", "出没場所": "国・県・市道", "目撃者状況": null }, "geometry": { "type": "Point", "coordinates": [ 136.750417796019349, 35.960068320704877 ] } },
{ "type": "Feature", "properties": { "出没月": "7月", "出没時間": "20時~21時", "通報者": "地域住民", "出没場所": "国・県・市道", "目撃者状況": null }, "geometry": { "type": "Point", "coordinates": [ 136.882824349880025, 35.864980760846848 ] } },
{ "type": "Feature", "properties": { "出没月": "7月", "出没時間": "8時~9時", "通報者": "その他", "出没場所": "国・県・市道", "目撃者状況": null }, "geometry": { "type": "Point", "coordinates": [ 136.80920502360965, 35.962770261748574 ] } },
{ "type": "Feature", "properties": { "出没月": "7月", "出没時間": "9時~10時", "通報者": "地域住民", "出没場所": "国・県・市道", "目撃者状況": null }, "geometry": { "type": "Point", "coordinates": [ 136.44862472499031, 35.476434705320919 ] } },
{ "type": "Feature", "properties": { "出没月": "7月", "出没時間": "11時~12時", "通報者": "地域住民", "出没場所": "山林", "目撃者状況": null }, "geometry": { "type": "Point", "coordinates": [ 137.293586095171179, 35.773016082243529 ] } },
{ "type": "Feature", "properties": { "出没月": "7月", "出没時間": "18時~19時", "通報者": "地域住民", "出没場所": "林道", "目撃者状況": null }, "geometry": { "type": "Point", "coordinates": [ 136.553670968890287, 35.416178448034564 ] } },
{ "type": "Feature", "properties": { "出没月": "7月", "出没時間": "13時~14時", "通報者": "建設業関係者", "出没場所": "河川敷", "目撃者状況": null }, "geometry": { "type": "Point", "coordinates": [ 136.43585785554194, 35.483164950581937 ] } },
{ "type": "Feature", "properties": { "出没月": "7月", "出没時間": "15時~16時", "通報者": "地域住民", "出没場所": "国・県・市道", "目撃者状況": null }, "geometry": { "type": "Point", "coordinates": [ 136.644493141199121, 35.63058519638836 ] } },
{ "type": "Feature", "properties": { "出没月": "7月", "出没時間": "6時~7時", "通報者": "その他", "出没場所": "林道", "目撃者状況": null }, "geometry": { "type": "Point", "coordinates": [ 136.36186120223698, 35.58686911905238 ] } },
{ "type": "Feature", "properties": { "出没月": "6月", "出没時間": "19時~20時", "通報者": "地域住民", "出没場所": "その他", "目撃者状況": null }, "geometry": { "type": "Point", "coordinates": [ 137.26183876305015, 35.952113756338669 ] } },
{ "type": "Feature", "properties": { "出没月": "7月", "出没時間": "18時~19時", "通報者": "地域住民", "出没場所": "国・県・市道", "目撃者状況": null }, "geometry": { "type": "Point", "coordinates": [ 136.647029206327517, 35.525612992203605 ] } },
{ "type": "Feature", "properties": { "出没月": "7月", "出没時間": "17時~18時", "通報者": "地域住民", "出没場所": "国・県・市道", "目撃者状況": null }, "geometry": { "type": "Point", "coordinates": [ 136.409912642907614, 35.550254115766492 ] } },
{ "type": "Feature", "properties": { "出没月": "7月", "出没時間": "10時~11時", "通報者": "その他", "出没場所": "国・県・市道", "目撃者状況": null }, "geometry": { "type": "Point", "coordinates": [ 137.130019018152893, 36.293569932792472 ] } },
{ "type": "Feature", "properties": { "出没月": "7月", "出没時間": "13時~14時", "通報者": "その他", "出没場所": "国・県・市道", "目撃者状況": null }, "geometry": { "type": "Point", "coordinates": [ 137.147995517827866, 36.336766070704144 ] } },
{ "type": "Feature", "properties": { "出没月": "7月", "出没時間": "19時~20時", "通報者": "地域住民", "出没場所": "国・県・市道", "目撃者状況": null }, "geometry": { "type": "Point", "coordinates": [ 136.610549168430879, 35.517485475603891 ] } },
{ "type": "Feature", "properties": { "出没月": "7月", "出没時間": "13時~14時", "通報者": "その他", "出没場所": "国・県・市道", "目撃者状況": null }, "geometry": { "type": "Point", "coordinates": [ 136.553687508587444, 35.560845552464436 ] } },
{ "type": "Feature", "properties": { "出没月": "7月", "出没時間": "6時~7時", "通報者": "地域住民", "出没場所": "林道", "目撃者状況": null }, "geometry": { "type": "Point", "coordinates": [ 136.541016849044553, 35.579846714147259 ] } },
{ "type": "Feature", "properties": { "出没月": "7月", "出没時間": "0時~1時", "通報者": "地域住民", "出没場所": "その他", "目撃者状況": null }, "geometry": { "type": "Point", "coordinates": [ 137.374346353439563, 35.519582394816574 ] } },
{ "type": "Feature", "properties": { "出没月": "6月", "出没時間": "17時~18時", "通報者": "地域住民", "出没場所": "国・県・市道", "目撃者状況": null }, "geometry": { "type": "Point", "coordinates": [ 137.442442597077786, 36.04437497883449 ] } },
{ "type": "Feature", "properties": { "出没月": "7月", "出没時間": "12時~13時", "通報者": "その他", "出没場所": "山林", "目撃者状況": null }, "geometry": { "type": "Point", "coordinates": [ 136.430044386740548, 35.483019374531537 ] } },
{ "type": "Feature", "properties": { "出没月": "6月", "出没時間": "11時~12時", "通報者": "地域住民", "出没場所": "林道", "目撃者状況": null }, "geometry": { "type": "Point", "coordinates": [ 137.431432029856353, 36.032229227130607 ] } },
{ "type": "Feature", "properties": { "出没月": "6月", "出没時間": "11時~12時", "通報者": "林業従事者", "出没場所": "林道", "目撃者状況": null }, "geometry": { "type": "Point", "coordinates": [ 137.485166997358789, 35.95119936697008 ] } },
{ "type": "Feature", "properties": { "出没月": "6月", "出没時間": "13時~14時", "通報者": "地域住民", "出没場所": "国・県・市道", "目撃者状況": null }, "geometry": { "type": "Point", "coordinates": [ 137.290248548381101, 36.065031960000745 ] } },
{ "type": "Feature", "properties": { "出没月": "6月", "出没時間": "8時~9時", "通報者": "地域住民", "出没場所": "山林", "目撃者状況": null }, "geometry": { "type": "Point", "coordinates": [ 137.387916164481766, 36.016686583889161 ] } },
{ "type": "Feature", "properties": { "出没月": "6月", "出没時間": "10時~11時", "通報者": "地域住民", "出没場所": "国・県・市道", "目撃者状況": null }, "geometry": { "type": "Point", "coordinates": [ 137.52710621480901, 35.975496203576824 ] } },
{ "type": "Feature", "properties": { "出没月": "6月", "出没時間": "17時~18時", "通報者": "地域住民", "出没場所": "国・県・市道", "目撃者状況": null }, "geometry": { "type": "Point", "coordinates": [ 137.323428733086871, 36.204271731891055 ] } },
{ "type": "Feature", "properties": { "出没月": "7月", "出没時間": "20時~21時", "通報者": "その他", "出没場所": "国・県・市道", "目撃者状況": null }, "geometry": { "type": "Point", "coordinates": [ 136.6071315653586, 35.512990926519691 ] } },
{ "type": "Feature", "properties": { "出没月": "6月", "出没時間": "9時~10時", "通報者": "その他", "出没場所": "登山道", "目撃者状況": null }, "geometry": { "type": "Point", "coordinates": [ 137.544750297342773, 36.18244850441468 ] } },
{ "type": "Feature", "properties": { "出没月": "6月", "出没時間": "10時~11時", "通報者": "地域住民", "出没場所": "国・県・市道", "目撃者状況": null }, "geometry": { "type": "Point", "coordinates": [ 136.94475023962795, 36.069819296714009 ] } },
{ "type": "Feature", "properties": { "出没月": "6月", "出没時間": "9時~10時", "通報者": "地域住民", "出没場所": "住宅地", "目撃者状況": null }, "geometry": { "type": "Point", "coordinates": [ 137.27344635714735, 36.153333939647752 ] } },
{ "type": "Feature", "properties": { "出没月": "7月", "出没時間": "8時~9時", "通報者": "地域住民", "出没場所": "国・県・市道", "目撃者状況": null }, "geometry": { "type": "Point", "coordinates": [ 136.826865900449349, 35.951853564232962 ] } },
{ "type": "Feature", "properties": { "出没月": "6月", "出没時間": "20時~21時", "通報者": "地域住民", "出没場所": "住宅地", "目撃者状況": null }, "geometry": { "type": "Point", "coordinates": [ 137.268614390594536, 36.120330750000406 ] } },
{ "type": "Feature", "properties": { "出没月": "6月", "出没時間": "8時~9時", "通報者": "地域住民", "出没場所": "農地", "目撃者状況": null }, "geometry": { "type": "Point", "coordinates": [ 137.312108014144258, 36.203839038661854 ] } },
{ "type": "Feature", "properties": { "出没月": "7月", "出没時間": "8時~9時", "通報者": "地域住民", "出没場所": "その他", "目撃者状況": null }, "geometry": { "type": "Point", "coordinates": [ 136.449145830244959, 35.487662610185225 ] } },
{ "type": "Feature", "properties": { "出没月": "6月", "出没時間": "9時~10時", "通報者": "その他", "出没場所": "国・県・市道", "目撃者状況": null }, "geometry": { "type": "Point", "coordinates": [ 137.52706969887393, 35.966624199422881 ] } },
{ "type": "Feature", "properties": { "出没月": "7月", "出没時間": "12時~13時", "通報者": "登山者", "出没場所": "登山道", "目撃者状況": null }, "geometry": { "type": "Point", "coordinates": [ 136.57266502367051, 35.48939468662735 ] } },
{ "type": "Feature", "properties": { "出没月": "6月", "出没時間": "15時~16時", "通報者": "地域住民", "出没場所": "住宅地", "目撃者状況": null }, "geometry": { "type": "Point", "coordinates": [ 137.39119875261639, 36.017068895683444 ] } },
{ "type": "Feature", "properties": { "出没月": "7月", "出没時間": "10時~11時", "通報者": "地域住民", "出没場所": "その他", "目撃者状況": null }, "geometry": { "type": "Point", "coordinates": [ 136.656670550007419, 35.48644890552184 ] } },
{ "type": "Feature", "properties": { "出没月": "7月", "出没時間": "18時~19時", "通報者": "地域住民", "出没場所": "国・県・市道", "目撃者状況": null }, "geometry": { "type": "Point", "coordinates": [ 137.207867005521507, 35.57550296454589 ] } },
{ "type": "Feature", "properties": { "出没月": "6月", "出没時間": "19時~20時", "通報者": "地域住民", "出没場所": "国・県・市道", "目撃者状況": null }, "geometry": { "type": "Point", "coordinates": [ 137.341669179890687, 36.089177696160888 ] } },
{ "type": "Feature", "properties": { "出没月": "6月", "出没時間": "8時~9時", "通報者": "地域住民", "出没場所": "その他", "目撃者状況": null }, "geometry": { "type": "Point", "coordinates": [ 137.264321997088302, 36.158857684052066 ] } },
{ "type": "Feature", "properties": { "出没月": "6月", "出没時間": "11時~12時", "通報者": "地域住民", "出没場所": "国・県・市道", "目撃者状況": null }, "geometry": { "type": "Point", "coordinates": [ 137.530663123945516, 35.995396479730331 ] } },
{ "type": "Feature", "properties": { "出没月": "6月", "出没時間": "11時~12時", "通報者": "その他", "出没場所": "山林", "目撃者状況": null }, "geometry": { "type": "Point", "coordinates": [ 137.372874125588083, 36.215650750855858 ] } },
{ "type": "Feature", "properties": { "出没月": "6月", "出没時間": "19時~20時", "通報者": "地域住民", "出没場所": "住宅地", "目撃者状況": null }, "geometry": { "type": "Point", "coordinates": [ 137.436981721547141, 36.048882154711784 ] } },
{ "type": "Feature", "properties": { "出没月": "6月", "出没時間": "16時~17時", "通報者": "地域住民", "出没場所": "国・県・市道", "目撃者状況": null }, "geometry": { "type": "Point", "coordinates": [ 137.234694686334961, 36.201625549219493 ] } },
{ "type": "Feature", "properties": { "出没月": "6月", "出没時間": "18時~19時", "通報者": "地域住民", "出没場所": "その他", "目撃者状況": null }, "geometry": { "type": "Point", "coordinates": [ 137.252132055637276, 36.120849500700146 ] } },
{ "type": "Feature", "properties": { "出没月": "6月", "出没時間": "17時~18時", "通報者": "地域住民", "出没場所": "国・県・市道", "目撃者状況": null }, "geometry": { "type": "Point", "coordinates": [ 137.528556986040968, 35.999304434896224 ] } },
{ "type": "Feature", "properties": { "出没月": "6月", "出没時間": "9時~10時", "通報者": "地域住民", "出没場所": "その他", "目撃者状況": null }, "geometry": { "type": "Point", "coordinates": [ 137.374214327811501, 36.010357052881481 ] } },
{ "type": "Feature", "properties": { "出没月": "6月", "出没時間": "12時~13時", "通報者": "その他", "出没場所": "その他", "目撃者状況": null }, "geometry": { "type": "Point", "coordinates": [ 137.351244190556741, 35.986684180158292 ] } },
{ "type": "Feature", "properties": { "出没月": "6月", "出没時間": "13時~14時", "通報者": "地域住民", "出没場所": "その他", "目撃者状況": null }, "geometry": { "type": "Point", "coordinates": [ 137.329585016441797, 36.160592654520848 ] } },
{ "type": "Feature", "properties": { "出没月": "6月", "出没時間": "15時~16時", "通報者": "その他", "出没場所": "国・県・市道", "目撃者状況": null }, "geometry": { "type": "Point", "coordinates": [ 137.358408874601707, 35.975690859694943 ] } },
{ "type": "Feature", "properties": { "出没月": "6月", "出没時間": "8時~9時", "通報者": "地域住民", "出没場所": "住宅地", "目撃者状況": null }, "geometry": { "type": "Point", "coordinates": [ 137.530630231998828, 36.0003076384736 ] } },
{ "type": "Feature", "properties": { "出没月": "6月", "出没時間": "10時~11時", "通報者": "その他", "出没場所": "国・県・市道", "目撃者状況": null }, "geometry": { "type": "Point", "coordinates": [ 136.939254718497324, 36.090105363857063 ] } },
{ "type": "Feature", "properties": { "出没月": "6月", "出没時間": "15時~16時", "通報者": "その他", "出没場所": "国・県・市道", "目撃者状況": null }, "geometry": { "type": "Point", "coordinates": [ 136.99380116927864, 36.02430758904358 ] } },
{ "type": "Feature", "properties": { "出没月": "6月", "出没時間": "11時~12時", "通報者": "その他", "出没場所": "国・県・市道", "目撃者状況": null }, "geometry": { "type": "Point", "coordinates": [ 136.938446632292255, 36.090422102273187 ] } },
{ "type": "Feature", "properties": { "出没月": "6月", "出没時間": "16時~17時", "通報者": "その他", "出没場所": "国・県・市道", "目撃者状況": null }, "geometry": { "type": "Point", "coordinates": [ 136.99493236777937, 36.04787584265204 ] } },
{ "type": "Feature", "properties": { "出没月": "6月", "出没時間": "18時~19時", "通報者": "登山者", "出没場所": "国・県・市道", "目撃者状況": null }, "geometry": { "type": "Point", "coordinates": [ 137.567427781465653, 36.267948765261643 ] } },
{ "type": "Feature", "properties": { "出没月": "6月", "出没時間": "15時~16時", "通報者": "地域住民", "出没場所": "住宅地", "目撃者状況": null }, "geometry": { "type": "Point", "coordinates": [ 137.21889698512237, 36.133939770595646 ] } },
{ "type": "Feature", "properties": { "出没月": "7月", "出没時間": "5時~6時", "通報者": "地域住民", "出没場所": "住宅地", "目撃者状況": null }, "geometry": { "type": "Point", "coordinates": [ 137.432255041980568, 36.263317569553941 ] } },
{ "type": "Feature", "properties": { "出没月": "7月", "出没時間": "6時~7時", "通報者": "地域住民", "出没場所": "住宅地", "目撃者状況": null }, "geometry": { "type": "Point", "coordinates": [ 137.432949383435187, 36.262955513274555 ] } },
{ "type": "Feature", "properties": { "出没月": "6月", "出没時間": "16時~17時", "通報者": "その他", "出没場所": "その他", "目撃者状況": null }, "geometry": { "type": "Point", "coordinates": [ 137.350351573119269, 35.991828167161422 ] } },
{ "type": "Feature", "properties": { "出没月": "6月", "出没時間": "6時~7時", "通報者": "その他", "出没場所": "国・県・市道", "目撃者状況": null }, "geometry": { "type": "Point", "coordinates": [ 136.939839930757472, 36.089575264554732 ] } },
{ "type": "Feature", "properties": { "出没月": "6月", "出没時間": "16時~17時", "通報者": "地域住民", "出没場所": "国・県・市道", "目撃者状況": null }, "geometry": { "type": "Point", "coordinates": [ 137.365794103039235, 36.176706054500066 ] } },
{ "type": "Feature", "properties": { "出没月": "6月", "出没時間": "15時~16時", "通報者": "地域住民", "出没場所": "国・県・市道", "目撃者状況": null }, "geometry": { "type": "Point", "coordinates": [ 137.30848569060845, 36.176228851413299 ] } },
{ "type": "Feature", "properties": { "出没月": "6月", "出没時間": "4時~5時", "通報者": "その他", "出没場所": "林道", "目撃者状況": null }, "geometry": { "type": "Point", "coordinates": [ 137.361308180882986, 35.98344322324904 ] } },
{ "type": "Feature", "properties": { "出没月": "6月", "出没時間": "14時~15時", "通報者": "その他", "出没場所": "国・県・市道", "目撃者状況": null }, "geometry": { "type": "Point", "coordinates": [ 137.477996759258332, 35.946024280405688 ] } },
{ "type": "Feature", "properties": { "出没月": "6月", "出没時間": "8時~9時", "通報者": "地域住民", "出没場所": "住宅地", "目撃者状況": null }, "geometry": { "type": "Point", "coordinates": [ 137.555166126818222, 36.193562414256334 ] } },
{ "type": "Feature", "properties": { "出没月": "6月", "出没時間": "8時~9時", "通報者": "地域住民", "出没場所": "国・県・市道", "目撃者状況": null }, "geometry": { "type": "Point", "coordinates": [ 137.496030488674336, 36.174767549499528 ] } },
{ "type": "Feature", "properties": { "出没月": "6月", "出没時間": "9時~10時", "通報者": "その他", "出没場所": "国・県・市道", "目撃者状況": null }, "geometry": { "type": "Point", "coordinates": [ 137.006707902523857, 36.044905959604471 ] } },
{ "type": "Feature", "properties": { "出没月": "6月", "出没時間": "10時~11時", "通報者": "地域住民", "出没場所": "国・県・市道", "目撃者状況": null }, "geometry": { "type": "Point", "coordinates": [ 137.286767809569767, 36.141763261239177 ] } },
{ "type": "Feature", "properties": { "出没月": "6月", "出没時間": "13時~14時", "通報者": "その他", "出没場所": "国・県・市道", "目撃者状況": null }, "geometry": { "type": "Point", "coordinates": [ 137.413500954790663, 36.10914195490335 ] } },
{ "type": "Feature", "properties": { "出没月": "6月", "出没時間": "17時~18時", "通報者": "地域住民", "出没場所": "住宅地", "目撃者状況": null }, "geometry": { "type": "Point", "coordinates": [ 137.567225897941228, 36.263150704237781 ] } },
{ "type": "Feature", "properties": { "出没月": "6月", "出没時間": "18時~19時", "通報者": "地域住民", "出没場所": "農地", "目撃者状況": null }, "geometry": { "type": "Point", "coordinates": [ 137.362308572417106, 36.126213118064932 ] } },
{ "type": "Feature", "properties": { "出没月": "6月", "出没時間": "15時~16時", "通報者": "地域住民", "出没場所": "住宅地", "目撃者状況": null }, "geometry": { "type": "Point", "coordinates": [ 136.927081035186603, 36.02837553341363 ] } },
{ "type": "Feature", "properties": { "出没月": "6月", "出没時間": "16時~17時", "通報者": "その他", "出没場所": "国・県・市道", "目撃者状況": null }, "geometry": { "type": "Point", "coordinates": [ 137.485082328027516, 35.951681238040166 ] } },
{ "type": "Feature", "properties": { "出没月": "6月", "出没時間": "11時~12時", "通報者": "地域住民", "出没場所": "住宅地", "目撃者状況": null }, "geometry": { "type": "Point", "coordinates": [ 137.071366440772721, 36.164178936523847 ] } },
{ "type": "Feature", "properties": { "出没月": "6月", "出没時間": "16時~17時", "通報者": "地域住民", "出没場所": "住宅地", "目撃者状況": null }, "geometry": { "type": "Point", "coordinates": [ 137.389518761798854, 36.016372379884295 ] } },
{ "type": "Feature", "properties": { "出没月": "6月", "出没時間": "17時~18時", "通報者": "地域住民", "出没場所": "国・県・市道", "目撃者状況": null }, "geometry": { "type": "Point", "coordinates": [ 136.956540903200448, 36.029684166809865 ] } },
{ "type": "Feature", "properties": { "出没月": "6月", "出没時間": "18時~19時", "通報者": "登山者", "出没場所": "国・県・市道", "目撃者状況": null }, "geometry": { "type": "Point", "coordinates": [ 137.574075388465388, 36.258645403296498 ] } },
{ "type": "Feature", "properties": { "出没月": "6月", "出没時間": "18時~19時", "通報者": "その他", "出没場所": "国・県・市道", "目撃者状況": null }, "geometry": { "type": "Point", "coordinates": [ 137.503467151049875, 36.172743736895917 ] } },
{ "type": "Feature", "properties": { "出没月": "6月", "出没時間": "19時~20時", "通報者": "地域住民", "出没場所": "国・県・市道", "目撃者状況": null }, "geometry": { "type": "Point", "coordinates": [ 137.352068203555376, 36.173157274344298 ] } },
{ "type": "Feature", "properties": { "出没月": "6月", "出没時間": "8時~9時", "通報者": "地域住民", "出没場所": "国・県・市道", "目撃者状況": null }, "geometry": { "type": "Point", "coordinates": [ 137.316399032895163, 36.161019396272351 ] } },
{ "type": "Feature", "properties": { "出没月": "6月", "出没時間": "10時~11時", "通報者": "登山者", "出没場所": "登山道", "目撃者状況": null }, "geometry": { "type": "Point", "coordinates": [ 137.120506618997808, 36.10101248147361 ] } },
{ "type": "Feature", "properties": { "出没月": "6月", "出没時間": "18時~19時", "通報者": "その他", "出没場所": "国・県・市道", "目撃者状況": null }, "geometry": { "type": "Point", "coordinates": [ 137.057265951549795, 36.174360000112507 ] } },
{ "type": "Feature", "properties": { "出没月": "7月", "出没時間": "13時~14時", "通報者": "地域住民", "出没場所": "国・県・市道", "目撃者状況": null }, "geometry": { "type": "Point", "coordinates": [ 137.188415355262435, 36.408575741218975 ] } },
{ "type": "Feature", "properties": { "出没月": "7月", "出没時間": "16時~17時", "通報者": "地域住民", "出没場所": "国・県・市道", "目撃者状況": null }, "geometry": { "type": "Point", "coordinates": [ 137.152819076275023, 35.489713392805584 ] } },
{ "type": "Feature", "properties": { "出没月": "7月", "出没時間": "16時~17時", "通報者": "地域住民", "出没場所": "山林", "目撃者状況": null }, "geometry": { "type": "Point", "coordinates": [ 137.504065734621008, 35.642556649227835 ] } },
{ "type": "Feature", "properties": { "出没月": "7月", "出没時間": "15時~16時", "通報者": "林業従事者", "出没場所": "その他", "目撃者状況": null }, "geometry": { "type": "Point", "coordinates": [ 136.411670471395098, 35.55121656020669 ] } },
{ "type": "Feature", "properties": { "出没月": "6月", "出没時間": "8時~9時", "通報者": "地域住民", "出没場所": "その他", "目撃者状況": null }, "geometry": { "type": "Point", "coordinates": [ 137.242690397848691, 36.305852705361033 ] } },
{ "type": "Feature", "properties": { "出没月": "7月", "出没時間": "12時~13時", "通報者": "その他", "出没場所": "その他", "目撃者状況": null }, "geometry": { "type": "Point", "coordinates": [ 137.28705256095796, 36.400072215769768 ] } },
{ "type": "Feature", "properties": { "出没月": "7月", "出没時間": "18時~19時", "通報者": "地域住民", "出没場所": "林道", "目撃者状況": null }, "geometry": { "type": "Point", "coordinates": [ 136.619934849856207, 35.56564513666796 ] } },
{ "type": "Feature", "properties": { "出没月": "7月", "出没時間": "11時~12時", "通報者": "地域住民", "出没場所": "国・県・市道", "目撃者状況": null }, "geometry": { "type": "Point", "coordinates": [ 136.443546193092146, 35.447386395483228 ] } },
{ "type": "Feature", "properties": { "出没月": "7月", "出没時間": "11時~12時", "通報者": "その他", "出没場所": "国・県・市道", "目撃者状況": null }, "geometry": { "type": "Point", "coordinates": [ 137.559211405321037, 36.194670756964264 ] } },
{ "type": "Feature", "properties": { "出没月": "7月", "出没時間": "5時~6時", "通報者": "地域住民", "出没場所": "その他", "目撃者状況": null }, "geometry": { "type": "Point", "coordinates": [ 136.868943282121705, 35.866321708028657 ] } },
{ "type": "Feature", "properties": { "出没月": "7月", "出没時間": "11時~12時", "通報者": "その他", "出没場所": "国・県・市道", "目撃者状況": null }, "geometry": { "type": "Point", "coordinates": [ 136.778895407578943, 35.970095163627263 ] } },
{ "type": "Feature", "properties": { "出没月": "7月", "出没時間": "16時~17時", "通報者": "地域住民", "出没場所": "山林", "目撃者状況": null }, "geometry": { "type": "Point", "coordinates": [ 136.573152832515575, 35.490034253199624 ] } },
{ "type": "Feature", "properties": { "出没月": "7月", "出没時間": "9時~10時", "通報者": "地域住民", "出没場所": "国・県・市道", "目撃者状況": null }, "geometry": { "type": "Point", "coordinates": [ 137.250834029650292, 35.555266976292252 ] } },
{ "type": "Feature", "properties": { "出没月": "7月", "出没時間": "18時~19時", "通報者": "その他", "出没場所": "その他", "目撃者状況": null }, "geometry": { "type": "Point", "coordinates": [ 136.586595074790097, 35.513940652991366 ] } },
{ "type": "Feature", "properties": { "出没月": "7月", "出没時間": "4時~5時", "通報者": "その他", "出没場所": "河川敷", "目撃者状況": null }, "geometry": { "type": "Point", "coordinates": [ 136.61980784645533, 35.429609786272543 ] } },
{ "type": "Feature", "properties": { "出没月": "7月", "出没時間": "18時~19時", "通報者": "地域住民", "出没場所": "住宅地", "目撃者状況": null }, "geometry": { "type": "Point", "coordinates": [ 137.400789609193367, 35.487729339317831 ] } },
{ "type": "Feature", "properties": { "出没月": "7月", "出没時間": "17時~18時", "通報者": "地域住民", "出没場所": "国・県・市道", "目撃者状況": null }, "geometry": { "type": "Point", "coordinates": [ 137.417737289858309, 35.512923091521913 ] } },
{ "type": "Feature", "properties": { "出没月": "7月", "出没時間": "17時~18時", "通報者": "林業従事者", "出没場所": "国・県・市道", "目撃者状況": null }, "geometry": { "type": "Point", "coordinates": [ 137.377997641797805, 35.576240233416108 ] } },
{ "type": "Feature", "properties": { "出没月": "7月", "出没時間": "18時~19時", "通報者": "地域住民", "出没場所": "国・県・市道", "目撃者状況": null }, "geometry": { "type": "Point", "coordinates": [ 136.606143431043307, 35.506952704377802 ] } },
{ "type": "Feature", "properties": { "出没月": "7月", "出没時間": "21時~22時", "通報者": "地域住民", "出没場所": "河川敷", "目撃者状況": null }, "geometry": { "type": "Point", "coordinates": [ 137.503562958061451, 35.634580903960931 ] } },
{ "type": "Feature", "properties": { "出没月": "7月", "出没時間": "11時~12時", "通報者": "地域住民", "出没場所": "国・県・市道", "目撃者状況": null }, "geometry": { "type": "Point", "coordinates": [ 137.143310046861473, 35.500078023846143 ] } },
{ "type": "Feature", "properties": { "出没月": "7月", "出没時間": "14時~15時", "通報者": "建設業関係者", "出没場所": "国・県・市道", "目撃者状況": null }, "geometry": { "type": "Point", "coordinates": [ 136.49798848795254, 35.645015156324085 ] } },
{ "type": "Feature", "properties": { "出没月": "7月", "出没時間": "8時~9時", "通報者": "その他", "出没場所": "国・県・市道", "目撃者状況": null }, "geometry": { "type": "Point", "coordinates": [ 137.253487922205636, 36.308864630498149 ] } },
{ "type": "Feature", "properties": { "出没月": "7月", "出没時間": "9時~10時", "通報者": "地域住民", "出没場所": "国・県・市道", "目撃者状況": null }, "geometry": { "type": "Point", "coordinates": [ 137.130209445874385, 36.294070201047994 ] } },
{ "type": "Feature", "properties": { "出没月": "7月", "出没時間": "9時~10時", "通報者": "その他", "出没場所": "国・県・市道", "目撃者状況": null }, "geometry": { "type": "Point", "coordinates": [ 137.18331687496979, 36.345478294038735 ] } },
{ "type": "Feature", "properties": { "出没月": "4月", "出没時間": "12時~13時", "通報者": "地域住民", "出没場所": "国・県・市道", "目撃者状況": null }, "geometry": { "type": "Point", "coordinates": [ 137.141217312344764, 36.259612153512364 ] } },
{ "type": "Feature", "properties": { "出没月": "5月", "出没時間": "15時~16時", "通報者": "地域住民", "出没場所": "林道", "目撃者状況": null }, "geometry": { "type": "Point", "coordinates": [ 137.180134791654723, 36.230874315656528 ] } },
{ "type": "Feature", "properties": { "出没月": "5月", "出没時間": "6時~7時", "通報者": "その他", "出没場所": "国・県・市道", "目撃者状況": null }, "geometry": { "type": "Point", "coordinates": [ 137.117657696540476, 36.243744067304348 ] } },
{ "type": "Feature", "properties": { "出没月": "5月", "出没時間": "16時~17時", "通報者": "農業従事者", "出没場所": "農地", "目撃者状況": null }, "geometry": { "type": "Point", "coordinates": [ 137.1477735178496, 36.270969545860297 ] } },
{ "type": "Feature", "properties": { "出没月": "5月", "出没時間": "17時~18時", "通報者": "地域住民", "出没場所": "山林", "目撃者状況": null }, "geometry": { "type": "Point", "coordinates": [ 137.214174680151842, 36.263233096172229 ] } },
{ "type": "Feature", "properties": { "出没月": "5月", "出没時間": "18時~19時", "通報者": "その他", "出没場所": "国・県・市道", "目撃者状況": null }, "geometry": { "type": "Point", "coordinates": [ 137.197035832140102, 36.245376322978288 ] } },
{ "type": "Feature", "properties": { "出没月": "6月", "出没時間": "6時~7時", "通報者": "地域住民", "出没場所": "その他", "目撃者状況": null }, "geometry": { "type": "Point", "coordinates": [ 137.201506693785944, 36.290895550640343 ] } },
{ "type": "Feature", "properties": { "出没月": "6月", "出没時間": "6時~7時", "通報者": "地域住民", "出没場所": "国・県・市道", "目撃者状況": null }, "geometry": { "type": "Point", "coordinates": [ 137.207256058379954, 36.294588984010076 ] } },
{ "type": "Feature", "properties": { "出没月": "6月", "出没時間": "13時~14時", "通報者": "地域住民", "出没場所": "住宅地", "目撃者状況": null }, "geometry": { "type": "Point", "coordinates": [ 137.200107091081776, 36.23957909989398 ] } },
{ "type": "Feature", "properties": { "出没月": "6月", "出没時間": "7時~8時", "通報者": "その他", "出没場所": "その他", "目撃者状況": null }, "geometry": { "type": "Point", "coordinates": [ 137.116591440854137, 36.243707949716658 ] } },
{ "type": "Feature", "properties": { "出没月": "6月", "出没時間": "8時~9時", "通報者": "地域住民", "出没場所": "農地", "目撃者状況": null }, "geometry": { "type": "Point", "coordinates": [ 137.156060223717645, 36.276087224393883 ] } },
{ "type": "Feature", "properties": { "出没月": "6月", "出没時間": "14時~15時", "通報者": "地域住民", "出没場所": "山林", "目撃者状況": null }, "geometry": { "type": "Point", "coordinates": [ 137.140847966535858, 36.240628734247899 ] } },
{ "type": "Feature", "properties": { "出没月": "6月", "出没時間": "15時~16時", "通報者": "地域住民", "出没場所": "その他", "目撃者状況": null }, "geometry": { "type": "Point", "coordinates": [ 137.195735879310092, 36.240387645233795 ] } },
{ "type": "Feature", "properties": { "出没月": "6月", "出没時間": "7時~8時", "通報者": "その他", "出没場所": "山林", "目撃者状況": null }, "geometry": { "type": "Point", "coordinates": [ 137.134807613863359, 36.200356486213416 ] } },
{ "type": "Feature", "properties": { "出没月": "6月", "出没時間": "14時~15時", "通報者": "地域住民", "出没場所": "その他", "目撃者状況": null }, "geometry": { "type": "Point", "coordinates": [ 137.195441637666448, 36.240746353704239 ] } },
{ "type": "Feature", "properties": { "出没月": "6月", "出没時間": "7時~8時", "通報者": "地域住民", "出没場所": "国・県・市道", "目撃者状況": null }, "geometry": { "type": "Point", "coordinates": [ 137.148058154296251, 36.244071864423042 ] } },
{ "type": "Feature", "properties": { "出没月": "6月", "出没時間": "9時~10時", "通報者": "地域住民", "出没場所": "その他", "目撃者状況": null }, "geometry": { "type": "Point", "coordinates": [ 137.195302464557017, 36.240476000667314 ] } },
{ "type": "Feature", "properties": { "出没月": "6月", "出没時間": "7時~8時", "通報者": "その他", "出没場所": "国・県・市道", "目撃者状況": null }, "geometry": { "type": "Point", "coordinates": [ 137.11742111600114, 36.243974924641996 ] } },
{ "type": "Feature", "properties": { "出没月": "6月", "出没時間": "9時~10時", "通報者": "農業従事者", "出没場所": "農地", "目撃者状況": null }, "geometry": { "type": "Point", "coordinates": [ 137.116429071647389, 36.240256702044171 ] } },
{ "type": "Feature", "properties": { "出没月": "6月", "出没時間": "9時~10時", "通報者": "地域住民", "出没場所": "その他", "目撃者状況": null }, "geometry": { "type": "Point", "coordinates": [ 137.179574075725469, 36.231771910756457 ] } },
{ "type": "Feature", "properties": { "出没月": "6月", "出没時間": "10時~11時", "通報者": "その他", "出没場所": "国・県・市道", "目撃者状況": null }, "geometry": { "type": "Point", "coordinates": [ 137.179657619001659, 36.232425336177407 ] } },
{ "type": "Feature", "properties": { "出没月": "6月", "出没時間": "14時~15時", "通報者": "その他", "出没場所": "国・県・市道", "目撃者状況": null }, "geometry": { "type": "Point", "coordinates": [ 137.173803159448852, 36.23196391801708 ] } },
{ "type": "Feature", "properties": { "出没月": "6月", "出没時間": "15時~16時", "通報者": "地域住民", "出没場所": "その他", "目撃者状況": null }, "geometry": { "type": "Point", "coordinates": [ 137.157223961196365, 36.259959980178287 ] } },
{ "type": "Feature", "properties": { "出没月": "6月", "出没時間": "9時~10時", "通報者": "その他", "出没場所": "国・県・市道", "目撃者状況": null }, "geometry": { "type": "Point", "coordinates": [ 137.151237440145422, 36.213869733263785 ] } },
{ "type": "Feature", "properties": { "出没月": "6月", "出没時間": "15時~16時", "通報者": "地域住民", "出没場所": "その他", "目撃者状況": null }, "geometry": { "type": "Point", "coordinates": [ 137.216265099096177, 36.298412266796973 ] } },
{ "type": "Feature", "properties": { "出没月": "6月", "出没時間": "16時~17時", "通報者": "地域住民", "出没場所": "国・県・市道", "目撃者状況": null }, "geometry": { "type": "Point", "coordinates": [ 137.139360946471925, 36.244201632558642 ] } },
{ "type": "Feature", "properties": { "出没月": "6月", "出没時間": "16時~17時", "通報者": "地域住民", "出没場所": "その他", "目撃者状況": null }, "geometry": { "type": "Point", "coordinates": [ 137.216161214744943, 36.299200928777807 ] } },
{ "type": "Feature", "properties": { "出没月": "6月", "出没時間": "17時~18時", "通報者": "地域住民", "出没場所": "山林", "目撃者状況": null }, "geometry": { "type": "Point", "coordinates": [ 137.219753698940281, 36.301689169497585 ] } },
{ "type": "Feature", "properties": { "出没月": "7月", "出没時間": "9時~10時", "通報者": "地域住民", "出没場所": "国・県・市道", "目撃者状況": null }, "geometry": { "type": "Point", "coordinates": [ 137.106520334211694, 36.255042616669861 ] } },
{ "type": "Feature", "properties": { "出没月": "7月", "出没時間": "11時~12時", "通報者": "地域住民", "出没場所": "林道", "目撃者状況": null }, "geometry": { "type": "Point", "coordinates": [ 137.208237024630421, 36.294245033788762 ] } },
{ "type": "Feature", "properties": { "出没月": "7月", "出没時間": "8時~9時", "通報者": "家畜飼育員", "出没場所": "家畜場", "目撃者状況": null }, "geometry": { "type": "Point", "coordinates": [ 137.208184449202207, 36.300080833734413 ] } },
{ "type": "Feature", "properties": { "出没月": "7月", "出没時間": "15時~16時", "通報者": "地域住民", "出没場所": "国・県・市道", "目撃者状況": null }, "geometry": { "type": "Point", "coordinates": [ 137.205510544290149, 36.296747000627271 ] } },
{ "type": "Feature", "properties": { "出没月": "7月", "出没時間": "10時~11時", "通報者": "捕獲従事者", "出没場所": "林道", "目撃者状況": null }, "geometry": { "type": "Point", "coordinates": [ 137.387114247897387, 35.332768877995882 ] } },
{ "type": "Feature", "properties": { "出没月": "7月", "出没時間": "12時~13時", "通報者": "地域住民", "出没場所": "住宅地", "目撃者状況": null }, "geometry": { "type": "Point", "coordinates": [ 137.529534427481906, 36.226571370775758 ] } },
{ "type": "Feature", "properties": { "出没月": "8月", "出没時間": "9時~10時", "通報者": "建設業関係者", "出没場所": "山林", "目撃者状況": null }, "geometry": { "type": "Point", "coordinates": [ 137.225639041652698, 36.305084980107495 ] } },
{ "type": "Feature", "properties": { "出没月": "7月", "出没時間": "11時~12時", "通報者": "地域住民", "出没場所": "国・県・市道", "目撃者状況": null }, "geometry": { "type": "Point", "coordinates": [ 137.304428467932098, 36.203845307859943 ] } },
{ "type": "Feature", "properties": { "出没月": "7月", "出没時間": "15時~16時", "通報者": "その他", "出没場所": "国・県・市道", "目撃者状況": null }, "geometry": { "type": "Point", "coordinates": [ 137.365560265581507, 35.987259555021666 ] } },
{ "type": "Feature", "properties": { "出没月": "7月", "出没時間": "7時~8時", "通報者": "地域住民", "出没場所": "住宅地", "目撃者状況": null }, "geometry": { "type": "Point", "coordinates": [ 137.241783116877741, 36.137407761618121 ] } },
{ "type": "Feature", "properties": { "出没月": "7月", "出没時間": "11時~12時", "通報者": "地域住民", "出没場所": "住宅地", "目撃者状況": null }, "geometry": { "type": "Point", "coordinates": [ 137.388751643972029, 36.016539983316534 ] } },
{ "type": "Feature", "properties": { "出没月": "7月", "出没時間": "12時~13時", "通報者": "地域住民", "出没場所": "国・県・市道", "目撃者状況": null }, "geometry": { "type": "Point", "coordinates": [ 137.360016567578612, 36.080067677967413 ] } },
{ "type": "Feature", "properties": { "出没月": "7月", "出没時間": "19時~20時", "通報者": "地域住民", "出没場所": "国・県・市道", "目撃者状況": null }, "geometry": { "type": "Point", "coordinates": [ 137.350332127783929, 36.137186849412508 ] } },
{ "type": "Feature", "properties": { "出没月": "7月", "出没時間": "6時~7時", "通報者": "地域住民", "出没場所": "住宅地", "目撃者状況": null }, "geometry": { "type": "Point", "coordinates": [ 137.507734066411246, 36.244588500869817 ] } },
{ "type": "Feature", "properties": { "出没月": "7月", "出没時間": "12時~13時", "通報者": "その他", "出没場所": "国・県・市道", "目撃者状況": null }, "geometry": { "type": "Point", "coordinates": [ 137.370783594557508, 36.002796349221292 ] } },
{ "type": "Feature", "properties": { "出没月": "7月", "出没時間": "13時~14時", "通報者": "地域住民", "出没場所": "住宅地", "目撃者状況": null }, "geometry": { "type": "Point", "coordinates": [ 137.202800671332454, 36.135147821994217 ] } },
{ "type": "Feature", "properties": { "出没月": "7月", "出没時間": "15時~16時", "通報者": "その他", "出没場所": "その他", "目撃者状況": null }, "geometry": { "type": "Point", "coordinates": [ 137.486070894445106, 35.948386515016935 ] } },
{ "type": "Feature", "properties": { "出没月": "7月", "出没時間": "15時~16時", "通報者": "その他", "出没場所": "国・県・市道", "目撃者状況": null }, "geometry": { "type": "Point", "coordinates": [ 137.386366275839578, 36.144229550450284 ] } },
{ "type": "Feature", "properties": { "出没月": "8月", "出没時間": "15時~16時", "通報者": "その他", "出没場所": "国・県・市道", "目撃者状況": null }, "geometry": { "type": "Point", "coordinates": [ 137.180726523691874, 36.3990837782898 ] } },
{ "type": "Feature", "properties": { "出没月": "7月", "出没時間": "17時~18時", "通報者": "地域住民", "出没場所": "林道", "目撃者状況": null }, "geometry": { "type": "Point", "coordinates": [ 137.523389664327539, 36.044252727938058 ] } },
{ "type": "Feature", "properties": { "出没月": "7月", "出没時間": "11時~12時", "通報者": "その他", "出没場所": "国・県・市道", "目撃者状況": null }, "geometry": { "type": "Point", "coordinates": [ 136.984596409128358, 36.047985649839688 ] } },
{ "type": "Feature", "properties": { "出没月": "7月", "出没時間": "4時~5時", "通報者": "地域住民", "出没場所": "住宅地", "目撃者状況": null }, "geometry": { "type": "Point", "coordinates": [ 137.282968726655952, 36.179266688396034 ] } },
{ "type": "Feature", "properties": { "出没月": "7月", "出没時間": "9時~10時", "通報者": "その他", "出没場所": "林道", "目撃者状況": null }, "geometry": { "type": "Point", "coordinates": [ 137.339193958511203, 35.365625290923653 ] } },
{ "type": "Feature", "properties": { "出没月": "7月", "出没時間": "6時~7時", "通報者": "地域住民", "出没場所": "住宅地", "目撃者状況": null }, "geometry": { "type": "Point", "coordinates": [ 137.417602848067162, 36.177339286923051 ] } },
{ "type": "Feature", "properties": { "出没月": "7月", "出没時間": "9時~10時", "通報者": "地域住民", "出没場所": "その他", "目撃者状況": null }, "geometry": { "type": "Point", "coordinates": [ 137.356084842712647, 36.087969993056724 ] } },
{ "type": "Feature", "properties": { "出没月": "7月", "出没時間": "9時~10時", "通報者": "地域住民", "出没場所": "国・県・市道", "目撃者状況": null }, "geometry": { "type": "Point", "coordinates": [ 137.280137066915046, 36.082624306546649 ] } },
{ "type": "Feature", "properties": { "出没月": "7月", "出没時間": "14時~15時", "通報者": "地域住民", "出没場所": "その他", "目撃者状況": null }, "geometry": { "type": "Point", "coordinates": [ 137.356208194630966, 36.087893186583734 ] } },
{ "type": "Feature", "properties": { "出没月": "7月", "出没時間": "22時~23時", "通報者": "地域住民", "出没場所": "国・県・市道", "目撃者状況": null }, "geometry": { "type": "Point", "coordinates": [ 137.394566730936248, 36.067901232609323 ] } },
{ "type": "Feature", "properties": { "出没月": "7月", "出没時間": "9時~10時", "通報者": "地域住民", "出没場所": "住宅地", "目撃者状況": null }, "geometry": { "type": "Point", "coordinates": [ 137.443627681284198, 36.169650762211255 ] } },
{ "type": "Feature", "properties": { "出没月": "7月", "出没時間": "11時~12時", "通報者": "地域住民", "出没場所": "住宅地", "目撃者状況": null }, "geometry": { "type": "Point", "coordinates": [ 137.535523284171717, 36.001665512416601 ] } },
{ "type": "Feature", "properties": { "出没月": "7月", "出没時間": "15時~16時", "通報者": "その他", "出没場所": "国・県・市道", "目撃者状況": null }, "geometry": { "type": "Point", "coordinates": [ 137.509407739277975, 36.180635155230796 ] } },
{ "type": "Feature", "properties": { "出没月": "7月", "出没時間": "14時~15時", "通報者": "その他", "出没場所": "国・県・市道", "目撃者状況": null }, "geometry": { "type": "Point", "coordinates": [ 137.473432199198129, 35.94194174931274 ] } },
{ "type": "Feature", "properties": { "出没月": "7月", "出没時間": "15時~16時", "通報者": "地域住民", "出没場所": "住宅地", "目撃者状況": null }, "geometry": { "type": "Point", "coordinates": [ 136.984664507455079, 36.040098113158983 ] } },
{ "type": "Feature", "properties": { "出没月": "7月", "出没時間": "16時~17時", "通報者": "地域住民", "出没場所": "その他", "目撃者状況": null }, "geometry": { "type": "Point", "coordinates": [ 137.355749729132725, 36.088011644833649 ] } },
{ "type": "Feature", "properties": { "出没月": "7月", "出没時間": "12時~13時", "通報者": "その他", "出没場所": "その他", "目撃者状況": null }, "geometry": { "type": "Point", "coordinates": [ 137.506425963845601, 36.173984231447292 ] } },
{ "type": "Feature", "properties": { "出没月": "7月", "出没時間": "16時~17時", "通報者": "地域住民", "出没場所": "住宅地", "目撃者状況": null }, "geometry": { "type": "Point", "coordinates": [ 136.984152111963965, 36.042125295322556 ] } },
{ "type": "Feature", "properties": { "出没月": "8月", "出没時間": "10時~11時", "通報者": "地域住民", "出没場所": "国・県・市道", "目撃者状況": null }, "geometry": { "type": "Point", "coordinates": [ 137.205476932826002, 35.579789290822099 ] } },
{ "type": "Feature", "properties": { "出没月": "8月", "出没時間": "13時~14時", "通報者": "その他", "出没場所": "その他", "目撃者状況": null }, "geometry": { "type": "Point", "coordinates": [ 137.139482607509166, 36.329226973351396 ] } },
{ "type": "Feature", "properties": { "出没月": "8月", "出没時間": "8時~9時", "通報者": "その他", "出没場所": "国・県・市道", "目撃者状況": null }, "geometry": { "type": "Point", "coordinates": [ 137.513398329218063, 36.248413368189468 ] } },
{ "type": "Feature", "properties": { "出没月": "8月", "出没時間": "7時~8時", "通報者": "地域住民", "出没場所": "山林", "目撃者状況": null }, "geometry": { "type": "Point", "coordinates": [ 136.901809438637343, 35.894046103214912 ] } },
{ "type": "Feature", "properties": { "出没月": "8月", "出没時間": "9時~10時", "通報者": "その他", "出没場所": "国・県・市道", "目撃者状況": null }, "geometry": { "type": "Point", "coordinates": [ 137.180390925895153, 36.388618447096995 ] } },
{ "type": "Feature", "properties": { "出没月": "8月", "出没時間": "10時~11時", "通報者": "地域住民", "出没場所": "住宅地", "目撃者状況": null }, "geometry": { "type": "Point", "coordinates": [ 137.503761240539717, 35.602574735235869 ] } },
{ "type": "Feature", "properties": { "出没月": "8月", "出没時間": "15時~16時", "通報者": "その他", "出没場所": "国・県・市道", "目撃者状況": null }, "geometry": { "type": "Point", "coordinates": [ 136.41076242526799, 35.766314683933849 ] } },
{ "type": "Feature", "properties": { "出没月": "8月", "出没時間": "8時~9時", "通報者": "地域住民", "出没場所": "山林", "目撃者状況": null }, "geometry": { "type": "Point", "coordinates": [ 137.103634188653729, 36.278771172834972 ] } },
{ "type": "Feature", "properties": { "出没月": "8月", "出没時間": "9時~10時", "通報者": "その他", "出没場所": "その他", "目撃者状況": null }, "geometry": { "type": "Point", "coordinates": [ 136.597655905581178, 35.472362848819159 ] } },
{ "type": "Feature", "properties": { "出没月": "8月", "出没時間": "16時~17時", "通報者": "地域住民", "出没場所": "国・県・市道", "目撃者状況": null }, "geometry": { "type": "Point", "coordinates": [ 137.068859161905294, 36.295621306941769 ] } },
{ "type": "Feature", "properties": { "出没月": "7月", "出没時間": "6時~7時", "通報者": "地域住民", "出没場所": "林道", "目撃者状況": null }, "geometry": { "type": "Point", "coordinates": [ 137.541099138050299, 35.996519737994092 ] } },
{ "type": "Feature", "properties": { "出没月": "7月", "出没時間": "15時~16時", "通報者": "地域住民", "出没場所": "住宅地", "目撃者状況": null }, "geometry": { "type": "Point", "coordinates": [ 137.365913959777231, 36.078485232711117 ] } },
{ "type": "Feature", "properties": { "出没月": "7月", "出没時間": "19時~20時", "通報者": "地域住民", "出没場所": "国・県・市道", "目撃者状況": null }, "geometry": { "type": "Point", "coordinates": [ 137.515713702883431, 36.027708618239849 ] } },
{ "type": "Feature", "properties": { "出没月": "7月", "出没時間": "12時~13時", "通報者": "その他", "出没場所": "国・県・市道", "目撃者状況": null }, "geometry": { "type": "Point", "coordinates": [ 137.529649709767369, 36.043643017368211 ] } },
{ "type": "Feature", "properties": { "出没月": "7月", "出没時間": "13時~14時", "通報者": "その他", "出没場所": "国・県・市道", "目撃者状況": null }, "geometry": { "type": "Point", "coordinates": [ 137.00716726060142, 36.044824326529266 ] } },
{ "type": "Feature", "properties": { "出没月": "7月", "出没時間": "14時~15時", "通報者": "地域住民", "出没場所": "国・県・市道", "目撃者状況": null }, "geometry": { "type": "Point", "coordinates": [ 137.513916562659858, 36.026691406762097 ] } },
{ "type": "Feature", "properties": { "出没月": "7月", "出没時間": "17時~18時", "通報者": "その他", "出没場所": "国・県・市道", "目撃者状況": null }, "geometry": { "type": "Point", "coordinates": [ 137.505870080084605, 36.174776128405362 ] } },
{ "type": "Feature", "properties": { "出没月": "7月", "出没時間": "18時~19時", "通報者": "地域住民", "出没場所": "農地", "目撃者状況": null }, "geometry": { "type": "Point", "coordinates": [ 137.272297644060785, 36.062194774123668 ] } },
{ "type": "Feature", "properties": { "出没月": "7月", "出没時間": "13時~14時", "通報者": "地域住民", "出没場所": "林道", "目撃者状況": null }, "geometry": { "type": "Point", "coordinates": [ 136.939573887637124, 36.026632696060901 ] } },
{ "type": "Feature", "properties": { "出没月": "7月", "出没時間": "17時~18時", "通報者": "農業従事者", "出没場所": "国・県・市道", "目撃者状況": null }, "geometry": { "type": "Point", "coordinates": [ 137.356291871741746, 36.203770433177532 ] } },
{ "type": "Feature", "properties": { "出没月": "8月", "出没時間": "15時~16時", "通報者": "地域住民", "出没場所": "農地", "目撃者状況": null }, "geometry": { "type": "Point", "coordinates": [ 136.834412058319913, 35.936990393786282 ] } },
{ "type": "Feature", "properties": { "出没月": "7月", "出没時間": "11時~12時", "通報者": "地域住民", "出没場所": "林道", "目撃者状況": null }, "geometry": { "type": "Point", "coordinates": [ 137.458938882117565, 36.17371131289292 ] } },
{ "type": "Feature", "properties": { "出没月": "7月", "出没時間": "18時~19時", "通報者": "その他", "出没場所": "その他", "目撃者状況": null }, "geometry": { "type": "Point", "coordinates": [ 137.338403999731639, 36.117360096588257 ] } },
{ "type": "Feature", "properties": { "出没月": "7月", "出没時間": "5時~6時", "通報者": "地域住民", "出没場所": "その他", "目撃者状況": null }, "geometry": { "type": "Point", "coordinates": [ 137.298384209392509, 36.141486855315001 ] } },
{ "type": "Feature", "properties": { "出没月": "7月", "出没時間": "7時~8時", "通報者": "地域住民", "出没場所": "住宅地", "目撃者状況": null }, "geometry": { "type": "Point", "coordinates": [ 137.302602666398172, 36.203491384942261 ] } },
{ "type": "Feature", "properties": { "出没月": "7月", "出没時間": "14時~15時", "通報者": "その他", "出没場所": "その他", "目撃者状況": null }, "geometry": { "type": "Point", "coordinates": [ 137.48706495113592, 35.948187826298145 ] } },
{ "type": "Feature", "properties": { "出没月": "7月", "出没時間": "16時~17時", "通報者": "その他", "出没場所": "国・県・市道", "目撃者状況": null }, "geometry": { "type": "Point", "coordinates": [ 137.531306411898044, 35.969180734385894 ] } },
{ "type": "Feature", "properties": { "出没月": "7月", "出没時間": "14時~15時", "通報者": "その他", "出没場所": "国・県・市道", "目撃者状況": null }, "geometry": { "type": "Point", "coordinates": [ 137.487724997702117, 35.957216228415767 ] } },
{ "type": "Feature", "properties": { "出没月": "7月", "出没時間": "16時~17時", "通報者": "地域住民", "出没場所": "その他", "目撃者状況": null }, "geometry": { "type": "Point", "coordinates": [ 137.525823479137955, 36.045440263515985 ] } },
{ "type": "Feature", "properties": { "出没月": "7月", "出没時間": "1時~2時", "通報者": "地域住民", "出没場所": "住宅地", "目撃者状況": null }, "geometry": { "type": "Point", "coordinates": [ 137.325730580802883, 36.09395037349546 ] } },
{ "type": "Feature", "properties": { "出没月": "7月", "出没時間": "6時~7時", "通報者": "地域住民", "出没場所": "国・県・市道", "目撃者状況": null }, "geometry": { "type": "Point", "coordinates": [ 137.484216578525803, 36.052559748976549 ] } },
{ "type": "Feature", "properties": { "出没月": "7月", "出没時間": "8時~9時", "通報者": "地域住民", "出没場所": "国・県・市道", "目撃者状況": null }, "geometry": { "type": "Point", "coordinates": [ 137.490029834201607, 36.036436061379298 ] } },
{ "type": "Feature", "properties": { "出没月": "7月", "出没時間": "12時~13時", "通報者": "その他", "出没場所": "国・県・市道", "目撃者状況": null }, "geometry": { "type": "Point", "coordinates": [ 137.494215814370079, 36.176963233086994 ] } },
{ "type": "Feature", "properties": { "出没月": "8月", "出没時間": "12時~13時", "通報者": "地域住民", "出没場所": "農地", "目撃者状況": null }, "geometry": { "type": "Point", "coordinates": [ 137.149008452216322, 35.533525308157394 ] } },
{ "type": "Feature", "properties": { "出没月": "8月", "出没時間": "12時~13時", "通報者": "その他", "出没場所": "国・県・市道", "目撃者状況": null }, "geometry": { "type": "Point", "coordinates": [ 137.243041327002459, 36.250321134279744 ] } },
{ "type": "Feature", "properties": { "出没月": "8月", "出没時間": "17時~18時", "通報者": "その他", "出没場所": "国・県・市道", "目撃者状況": null }, "geometry": { "type": "Point", "coordinates": [ 136.825310760167213, 35.957751708298481 ] } },
{ "type": "Feature", "properties": { "出没月": "8月", "出没時間": "19時~20時", "通報者": "地域住民", "出没場所": "国・県・市道", "目撃者状況": null }, "geometry": { "type": "Point", "coordinates": [ 137.442675789770647, 35.310323754654824 ] } },
{ "type": "Feature", "properties": { "出没月": "8月", "出没時間": "0時~1時", "通報者": "その他", "出没場所": "その他", "目撃者状況": null }, "geometry": { "type": "Point", "coordinates": [ 137.301964743368927, 36.407580590529108 ] } },
{ "type": "Feature", "properties": { "出没月": "7月", "出没時間": "8時~9時", "通報者": "その他", "出没場所": "国・県・市道", "目撃者状況": null }, "geometry": { "type": "Point", "coordinates": [ 136.953338091776146, 35.55242487871228 ] } },
{ "type": "Feature", "properties": { "出没月": "8月", "出没時間": "18時~19時", "通報者": "地域住民", "出没場所": "国・県・市道", "目撃者状況": null }, "geometry": { "type": "Point", "coordinates": [ 137.294377897003926, 36.140771842432649 ] } },
{ "type": "Feature", "properties": { "出没月": "8月", "出没時間": "6時~7時", "通報者": "地域住民", "出没場所": "住宅地", "目撃者状況": null }, "geometry": { "type": "Point", "coordinates": [ 137.256276758190523, 36.190137300107537 ] } },
{ "type": "Feature", "properties": { "出没月": "8月", "出没時間": "12時~13時", "通報者": "その他", "出没場所": "国・県・市道", "目撃者状況": null }, "geometry": { "type": "Point", "coordinates": [ 136.940376521570983, 36.035751598360207 ] } },
{ "type": "Feature", "properties": { "出没月": "8月", "出没時間": "18時~19時", "通報者": "地域住民", "出没場所": "その他", "目撃者状況": null }, "geometry": { "type": "Point", "coordinates": [ 137.261870184925158, 36.048638715279424 ] } },
{ "type": "Feature", "properties": { "出没月": "8月", "出没時間": "7時~8時", "通報者": "その他", "出没場所": "その他", "目撃者状況": null }, "geometry": { "type": "Point", "coordinates": [ 137.520382456148496, 35.969373979902308 ] } },
{ "type": "Feature", "properties": { "出没月": "8月", "出没時間": "9時~10時", "通報者": "地域住民", "出没場所": "山林", "目撃者状況": null }, "geometry": { "type": "Point", "coordinates": [ 137.563234959319601, 36.050073952638535 ] } },
{ "type": "Feature", "properties": { "出没月": "8月", "出没時間": "14時~15時", "通報者": "地域住民", "出没場所": "国・県・市道", "目撃者状況": null }, "geometry": { "type": "Point", "coordinates": [ 137.39141389952411, 35.99832722080091 ] } },
{ "type": "Feature", "properties": { "出没月": "8月", "出没時間": "18時~19時", "通報者": "地域住民", "出没場所": "国・県・市道", "目撃者状況": null }, "geometry": { "type": "Point", "coordinates": [ 137.52029949655946, 35.96786450802113 ] } },
{ "type": "Feature", "properties": { "出没月": "8月", "出没時間": "12時~13時", "通報者": "地域住民", "出没場所": "その他", "目撃者状況": null }, "geometry": { "type": "Point", "coordinates": [ 137.265441678322048, 36.136626170728974 ] } },
{ "type": "Feature", "properties": { "出没月": "8月", "出没時間": "5時~6時", "通報者": "地域住民", "出没場所": "住宅地", "目撃者状況": null }, "geometry": { "type": "Point", "coordinates": [ 136.95066648144882, 36.046839859330461 ] } },
{ "type": "Feature", "properties": { "出没月": "8月", "出没時間": "13時~14時", "通報者": "地域住民", "出没場所": "国・県・市道", "目撃者状況": null }, "geometry": { "type": "Point", "coordinates": [ 137.519461461489357, 35.967188165529201 ] } },
{ "type": "Feature", "properties": { "出没月": "8月", "出没時間": "5時~6時", "通報者": "地域住民", "出没場所": "国・県・市道", "目撃者状況": null }, "geometry": { "type": "Point", "coordinates": [ 137.443104685358577, 36.149814637344072 ] } },
{ "type": "Feature", "properties": { "出没月": "8月", "出没時間": "10時~11時", "通報者": "地域住民", "出没場所": "国・県・市道", "目撃者状況": null }, "geometry": { "type": "Point", "coordinates": [ 137.526710683462539, 35.968830241620545 ] } },
{ "type": "Feature", "properties": { "出没月": "8月", "出没時間": "6時~7時", "通報者": "農業従事者", "出没場所": "農地", "目撃者状況": null }, "geometry": { "type": "Point", "coordinates": [ 137.357406611986391, 36.134496314204874 ] } },
{ "type": "Feature", "properties": { "出没月": "8月", "出没時間": "14時~15時", "通報者": "その他", "出没場所": "国・県・市道", "目撃者状況": null }, "geometry": { "type": "Point", "coordinates": [ 137.180879309050226, 36.392475804077172 ] } },
{ "type": "Feature", "properties": { "出没月": "8月", "出没時間": "19時~20時", "通報者": "地域住民", "出没場所": "山林", "目撃者状況": null }, "geometry": { "type": "Point", "coordinates": [ 136.646157442907963, 35.556230262110539 ] } },
{ "type": "Feature", "properties": { "出没月": "8月", "出没時間": "9時~10時", "通報者": "その他", "出没場所": "山林", "目撃者状況": null }, "geometry": { "type": "Point", "coordinates": [ 137.014455290153677, 35.797645557098875 ] } },
{ "type": "Feature", "properties": { "出没月": "8月", "出没時間": "11時~12時", "通報者": "地域住民", "出没場所": "林道", "目撃者状況": null }, "geometry": { "type": "Point", "coordinates": [ 137.513504140738462, 36.179808531859678 ] } },
{ "type": "Feature", "properties": { "出没月": "8月", "出没時間": "18時~19時", "通報者": "地域住民", "出没場所": "住宅地", "目撃者状況": null }, "geometry": { "type": "Point", "coordinates": [ 137.034043749212117, 36.060944645951515 ] } },
{ "type": "Feature", "properties": { "出没月": "8月", "出没時間": "12時~13時", "通報者": "地域住民", "出没場所": "住宅地", "目撃者状況": null }, "geometry": { "type": "Point", "coordinates": [ 137.242996265633252, 36.250663317426572 ] } },
{ "type": "Feature", "properties": { "出没月": "8月", "出没時間": "16時~17時", "通報者": "その他", "出没場所": "国・県・市道", "目撃者状況": null }, "geometry": { "type": "Point", "coordinates": [ 137.256400078792183, 36.055745018648537 ] } },
{ "type": "Feature", "properties": { "出没月": "8月", "出没時間": "20時~21時", "通報者": "地域住民", "出没場所": "国・県・市道", "目撃者状況": null }, "geometry": { "type": "Point", "coordinates": [ 137.249629545411267, 36.052804232375635 ] } },
{ "type": "Feature", "properties": { "出没月": "8月", "出没時間": "16時~17時", "通報者": "その他", "出没場所": "その他", "目撃者状況": null }, "geometry": { "type": "Point", "coordinates": [ 137.033569640597591, 36.049970100339607 ] } },
{ "type": "Feature", "properties": { "出没月": "8月", "出没時間": "7時~8時", "通報者": "地域住民", "出没場所": "住宅地", "目撃者状況": null }, "geometry": { "type": "Point", "coordinates": [ 137.333757123471202, 36.089236024014063 ] } },
{ "type": "Feature", "properties": { "出没月": "8月", "出没時間": "12時~13時", "通報者": "地域住民", "出没場所": "国・県・市道", "目撃者状況": null }, "geometry": { "type": "Point", "coordinates": [ 137.276045135496986, 36.158173442369105 ] } },
{ "type": "Feature", "properties": { "出没月": "8月", "出没時間": "8時~9時", "通報者": "地域住民", "出没場所": "国・県・市道", "目撃者状況": null }, "geometry": { "type": "Point", "coordinates": [ 137.323681193626044, 36.204271296244194 ] } },
{ "type": "Feature", "properties": { "出没月": "8月", "出没時間": "16時~17時", "通報者": "地域住民", "出没場所": "住宅地", "目撃者状況": null }, "geometry": { "type": "Point", "coordinates": [ 137.317635943148872, 36.214553898433934 ] } },
{ "type": "Feature", "properties": { "出没月": "8月", "出没時間": "16時~17時", "通報者": "地域住民", "出没場所": "国・県・市道", "目撃者状況": null }, "geometry": { "type": "Point", "coordinates": [ 137.267143708440699, 36.316147563240889 ] } },
{ "type": "Feature", "properties": { "出没月": "8月", "出没時間": "8時~9時", "通報者": "地域住民", "出没場所": "国・県・市道", "目撃者状況": null }, "geometry": { "type": "Point", "coordinates": [ 137.487293404609801, 35.612399629749831 ] } },
{ "type": "Feature", "properties": { "出没月": "8月", "出没時間": "8時~9時", "通報者": "地域住民", "出没場所": "その他", "目撃者状況": null }, "geometry": { "type": "Point", "coordinates": [ 137.500245616210464, 35.576545886032882 ] } },
{ "type": "Feature", "properties": { "出没月": "8月", "出没時間": "8時~9時", "通報者": "地域住民", "出没場所": "国・県・市道", "目撃者状況": null }, "geometry": { "type": "Point", "coordinates": [ 137.472362186464807, 35.599176897614406 ] } },
{ "type": "Feature", "properties": { "出没月": "7月", "出没時間": "6時~7時", "通報者": "地域住民", "出没場所": "山林", "目撃者状況": null }, "geometry": { "type": "Point", "coordinates": [ 137.514716250452466, 35.589242615894285 ] } },
{ "type": "Feature", "properties": { "出没月": "7月", "出没時間": "9時~10時", "通報者": "地域住民", "出没場所": "山林", "目撃者状況": null }, "geometry": { "type": "Point", "coordinates": [ 137.503326397770451, 35.587686285303533 ] } },
{ "type": "Feature", "properties": { "出没月": "7月", "出没時間": "7時~8時", "通報者": "地域住民", "出没場所": "国・県・市道", "目撃者状況": null }, "geometry": { "type": "Point", "coordinates": [ 137.508859520223012, 35.585704566394334 ] } },
{ "type": "Feature", "properties": { "出没月": "7月", "出没時間": "4時~5時", "通報者": "その他", "出没場所": "国・県・市道", "目撃者状況": null }, "geometry": { "type": "Point", "coordinates": [ 137.513349128699303, 35.592885877695622 ] } },
{ "type": "Feature", "properties": { "出没月": "6月", "出没時間": "5時~6時", "通報者": "地域住民", "出没場所": "国・県・市道", "目撃者状況": null }, "geometry": { "type": "Point", "coordinates": [ 137.532919871219434, 35.556507939907625 ] } },
{ "type": "Feature", "properties": { "出没月": "8月", "出没時間": "10時~11時", "通報者": "捕獲従事者", "出没場所": "住宅地", "目撃者状況": null }, "geometry": { "type": "Point", "coordinates": [ 137.509454520867905, 35.592944339973471 ] } },
{ "type": "Feature", "properties": { "出没月": "9月", "出没時間": "15時~16時", "通報者": "その他", "出没場所": "国・県・市道", "目撃者状況": null }, "geometry": { "type": "Point", "coordinates": [ 137.382577813694922, 36.303388166893882 ] } },
{ "type": "Feature", "properties": { "出没月": "9月", "出没時間": "10時~11時", "通報者": "地域住民", "出没場所": "農地", "目撃者状況": null }, "geometry": { "type": "Point", "coordinates": [ 137.424822950295152, 35.654181971849816 ] } },
{ "type": "Feature", "properties": { "出没月": "9月", "出没時間": "8時~9時", "通報者": "地域住民", "出没場所": "国・県・市道", "目撃者状況": null }, "geometry": { "type": "Point", "coordinates": [ 137.426527172904315, 35.698480621038897 ] } },
{ "type": "Feature", "properties": { "出没月": "9月", "出没時間": "10時~11時", "通報者": "建設業関係者", "出没場所": "山林", "目撃者状況": null }, "geometry": { "type": "Point", "coordinates": [ 137.427777925522633, 35.39569575789001 ] } },
{ "type": "Feature", "properties": { "出没月": "9月", "出没時間": "7時~8時", "通報者": "地域住民", "出没場所": "農地", "目撃者状況": null }, "geometry": { "type": "Point", "coordinates": [ 137.526675435358129, 36.237306970651076 ] } },
{ "type": "Feature", "properties": { "出没月": "9月", "出没時間": "6時~7時", "通報者": "地域住民", "出没場所": "その他", "目撃者状況": null }, "geometry": { "type": "Point", "coordinates": [ 137.525800970327367, 36.237670111836593 ] } },
{ "type": "Feature", "properties": { "出没月": "9月", "出没時間": "5時~6時", "通報者": "地域住民", "出没場所": "その他", "目撃者状況": null }, "geometry": { "type": "Point", "coordinates": [ 137.414875345689836, 35.272010803526875 ] } },
{ "type": "Feature", "properties": { "出没月": "9月", "出没時間": "13時~14時", "通報者": "その他", "出没場所": "国・県・市道", "目撃者状況": null }, "geometry": { "type": "Point", "coordinates": [ 136.444783638689188, 35.456392286977248 ] } },
{ "type": "Feature", "properties": { "出没月": "9月", "出没時間": "22時~23時", "通報者": "地域住民", "出没場所": "住宅地", "目撃者状況": null }, "geometry": { "type": "Point", "coordinates": [ 137.440408745963083, 35.639804446680962 ] } },
{ "type": "Feature", "properties": { "出没月": "9月", "出没時間": "14時~15時", "通報者": "地域住民", "出没場所": "国・県・市道", "目撃者状況": null }, "geometry": { "type": "Point", "coordinates": [ 137.370933861168822, 35.28057994658861 ] } },
{ "type": "Feature", "properties": { "出没月": "9月", "出没時間": "14時~15時", "通報者": "建設業関係者", "出没場所": "国・県・市道", "目撃者状況": null }, "geometry": { "type": "Point", "coordinates": [ 137.191008837665493, 36.412239997096989 ] } },
{ "type": "Feature", "properties": { "出没月": "7月", "出没時間": "16時~17時", "通報者": "その他", "出没場所": "国・県・市道", "目撃者状況": null }, "geometry": { "type": "Point", "coordinates": [ 137.44324077845863, 35.930918044576465 ] } },
{ "type": "Feature", "properties": { "出没月": "9月", "出没時間": "7時~8時", "通報者": "その他", "出没場所": "その他", "目撃者状況": null }, "geometry": { "type": "Point", "coordinates": [ 136.838493625620771, 35.88294981936096 ] } },
{ "type": "Feature", "properties": { "出没月": "9月", "出没時間": "3時~4時", "通報者": "捕獲従事者", "出没場所": "その他", "目撃者状況": null }, "geometry": { "type": "Point", "coordinates": [ 136.546209900654162, 35.44902195160676 ] } },
{ "type": "Feature", "properties": { "出没月": "9月", "出没時間": "20時~21時", "通報者": "地域住民", "出没場所": "国・県・市道", "目撃者状況": null }, "geometry": { "type": "Point", "coordinates": [ 136.669418847708243, 35.549152326333818 ] } },
{ "type": "Feature", "properties": { "出没月": "9月", "出没時間": "10時~11時", "通報者": "地域住民", "出没場所": "農地", "目撃者状況": null }, "geometry": { "type": "Point", "coordinates": [ 137.493726967442171, 36.249025307741704 ] } },
{ "type": "Feature", "properties": { "出没月": "9月", "出没時間": "7時~8時", "通報者": "地域住民", "出没場所": "農地", "目撃者状況": null }, "geometry": { "type": "Point", "coordinates": [ 137.49374910403364, 36.247662058158994 ] } },
{ "type": "Feature", "properties": { "出没月": "9月", "出没時間": "6時~7時", "通報者": "地域住民", "出没場所": "山林", "目撃者状況": null }, "geometry": { "type": "Point", "coordinates": [ 136.676145361384698, 35.615114787104424 ] } },
{ "type": "Feature", "properties": { "出没月": "9月", "出没時間": "7時~8時", "通報者": "その他", "出没場所": "河川敷", "目撃者状況": null }, "geometry": { "type": "Point", "coordinates": [ 136.763510671100846, 35.969091314219625 ] } },
{ "type": "Feature", "properties": { "出没月": "9月", "出没時間": "18時~19時", "通報者": "地域住民", "出没場所": "国・県・市道", "目撃者状況": null }, "geometry": { "type": "Point", "coordinates": [ 137.399667161158931, 36.066306167344692 ] } },
{ "type": "Feature", "properties": { "出没月": "9月", "出没時間": "3時~4時", "通報者": "地域住民", "出没場所": "住宅地", "目撃者状況": null }, "geometry": { "type": "Point", "coordinates": [ 136.569018685263586, 35.443953233821638 ] } },
{ "type": "Feature", "properties": { "出没月": "9月", "出没時間": "18時~19時", "通報者": "地域住民", "出没場所": "国・県・市道", "目撃者状況": null }, "geometry": { "type": "Point", "coordinates": [ 137.505540688489901, 35.600879659550785 ] } },
{ "type": "Feature", "properties": { "出没月": "9月", "出没時間": "7時~8時", "通報者": "地域住民", "出没場所": "山林", "目撃者状況": null }, "geometry": { "type": "Point", "coordinates": [ 137.49547968014852, 35.616794315919506 ] } },
{ "type": "Feature", "properties": { "出没月": "9月", "出没時間": "19時~20時", "通報者": "地域住民", "出没場所": "国・県・市道", "目撃者状況": null }, "geometry": { "type": "Point", "coordinates": [ 137.502405803428189, 35.601756011146279 ] } },
{ "type": "Feature", "properties": { "出没月": "9月", "出没時間": "9時~10時", "通報者": "建設業関係者", "出没場所": "国・県・市道", "目撃者状況": null }, "geometry": { "type": "Point", "coordinates": [ 137.530258009063317, 36.2286381846518 ] } },
{ "type": "Feature", "properties": { "出没月": "9月", "出没時間": "13時~14時", "通報者": "その他", "出没場所": "国・県・市道", "目撃者状況": null }, "geometry": { "type": "Point", "coordinates": [ 136.675248545226765, 35.494787791607649 ] } },
{ "type": "Feature", "properties": { "出没月": "9月", "出没時間": "17時~18時", "通報者": "地域住民", "出没場所": "農地", "目撃者状況": null }, "geometry": { "type": "Point", "coordinates": [ 137.341751239632231, 35.743560605020967 ] } },
{ "type": "Feature", "properties": { "出没月": "9月", "出没時間": "12時~13時", "通報者": "地域住民", "出没場所": "国・県・市道", "目撃者状況": null }, "geometry": { "type": "Point", "coordinates": [ 137.199207062053887, 36.428743502335152 ] } },
{ "type": "Feature", "properties": { "出没月": "9月", "出没時間": "17時~18時", "通報者": "地域住民", "出没場所": "国・県・市道", "目撃者状況": null }, "geometry": { "type": "Point", "coordinates": [ 136.451683414713955, 35.462380005587299 ] } },
{ "type": "Feature", "properties": { "出没月": "9月", "出没時間": "14時~15時", "通報者": "地域住民", "出没場所": "国・県・市道", "目撃者状況": null }, "geometry": { "type": "Point", "coordinates": [ 137.207893557566365, 35.576182376304111 ] } },
{ "type": "Feature", "properties": { "出没月": "9月", "出没時間": "17時~18時", "通報者": "地域住民", "出没場所": "国・県・市道", "目撃者状況": null }, "geometry": { "type": "Point", "coordinates": [ 137.197865818919752, 36.426682792750775 ] } },
{ "type": "Feature", "properties": { "出没月": "9月", "出没時間": "7時~8時", "通報者": "地域住民", "出没場所": "国・県・市道", "目撃者状況": null }, "geometry": { "type": "Point", "coordinates": [ 137.505288380209407, 35.600928967115394 ] } },
{ "type": "Feature", "properties": { "出没月": "9月", "出没時間": "12時~13時", "通報者": "その他", "出没場所": "河川敷", "目撃者状況": null }, "geometry": { "type": "Point", "coordinates": [ 136.481145658782026, 35.466262247490725 ] } },
{ "type": "Feature", "properties": { "出没月": "9月", "出没時間": "13時~14時", "通報者": "地域住民", "出没場所": "国・県・市道", "目撃者状況": null }, "geometry": { "type": "Point", "coordinates": [ 136.506574224311862, 35.556211077826369 ] } },
{ "type": "Feature", "properties": { "出没月": "9月", "出没時間": "6時~7時", "通報者": "地域住民", "出没場所": "住宅地", "目撃者状況": null }, "geometry": { "type": "Point", "coordinates": [ 136.501856828971427, 35.556444302999068 ] } },
{ "type": "Feature", "properties": { "出没月": "9月", "出没時間": "16時~17時", "通報者": "地域住民", "出没場所": "住宅地", "目撃者状況": null }, "geometry": { "type": "Point", "coordinates": [ 136.405116432885023, 35.607384278476559 ] } },
{ "type": "Feature", "properties": { "出没月": "9月", "出没時間": "16時~17時", "通報者": "地域住民", "出没場所": "その他", "目撃者状況": null }, "geometry": { "type": "Point", "coordinates": [ 136.426863318970106, 35.594571732251659 ] } },
{ "type": "Feature", "properties": { "出没月": "9月", "出没時間": "8時~9時", "通報者": "建設業関係者", "出没場所": "その他", "目撃者状況": null }, "geometry": { "type": "Point", "coordinates": [ 136.426922341409494, 35.594603642190854 ] } },
{ "type": "Feature", "properties": { "出没月": "9月", "出没時間": "14時~15時", "通報者": "建設業関係者", "出没場所": "国・県・市道", "目撃者状況": null }, "geometry": { "type": "Point", "coordinates": [ 136.647718314312073, 35.553011180914368 ] } },
{ "type": "Feature", "properties": { "出没月": "10月", "出没時間": "7時~8時", "通報者": "地域住民", "出没場所": "国・県・市道", "目撃者状況": null }, "geometry": { "type": "Point", "coordinates": [ 136.549460539026967, 35.450572302364478 ] } },
{ "type": "Feature", "properties": { "出没月": "9月", "出没時間": "8時~9時", "通報者": "地域住民", "出没場所": "林道", "目撃者状況": null }, "geometry": { "type": "Point", "coordinates": [ 137.016103507381359, 35.985356014422237 ] } },
{ "type": "Feature", "properties": { "出没月": "9月", "出没時間": "18時~19時", "通報者": "地域住民", "出没場所": "その他", "目撃者状況": null }, "geometry": { "type": "Point", "coordinates": [ 137.440809986527483, 36.047056623522849 ] } },
{ "type": "Feature", "properties": { "出没月": "9月", "出没時間": "18時~19時", "通報者": "地域住民", "出没場所": "住宅地", "目撃者状況": null }, "geometry": { "type": "Point", "coordinates": [ 137.22947164446262, 36.133884890374247 ] } },
{ "type": "Feature", "properties": { "出没月": "9月", "出没時間": "10時~11時", "通報者": "地域住民", "出没場所": "農地", "目撃者状況": null }, "geometry": { "type": "Point", "coordinates": [ 137.301333278513056, 36.085956134776282 ] } },
{ "type": "Feature", "properties": { "出没月": "9月", "出没時間": "8時~9時", "通報者": "その他", "出没場所": "その他", "目撃者状況": null }, "geometry": { "type": "Point", "coordinates": [ 137.559238709905713, 36.178014148687822 ] } },
{ "type": "Feature", "properties": { "出没月": "9月", "出没時間": "10時~11時", "通報者": "地域住民", "出没場所": "その他", "目撃者状況": null }, "geometry": { "type": "Point", "coordinates": [ 137.356684583125713, 35.97831515497974 ] } },
{ "type": "Feature", "properties": { "出没月": "9月", "出没時間": "7時~8時", "通報者": "地域住民", "出没場所": "住宅地", "目撃者状況": null }, "geometry": { "type": "Point", "coordinates": [ 137.34431221619181, 36.170622742147522 ] } },
{ "type": "Feature", "properties": { "出没月": "9月", "出没時間": "7時~8時", "通報者": "地域住民", "出没場所": "国・県・市道", "目撃者状況": null }, "geometry": { "type": "Point", "coordinates": [ 137.392519913224959, 36.175081788850129 ] } },
{ "type": "Feature", "properties": { "出没月": "9月", "出没時間": "7時~8時", "通報者": "地域住民", "出没場所": "住宅地", "目撃者状況": null }, "geometry": { "type": "Point", "coordinates": [ 137.226012187251371, 36.207850549314102 ] } },
{ "type": "Feature", "properties": { "出没月": "9月", "出没時間": "22時~23時", "通報者": "地域住民", "出没場所": "住宅地", "目撃者状況": null }, "geometry": { "type": "Point", "coordinates": [ 137.231580005635777, 36.134820507559056 ] } },
{ "type": "Feature", "properties": { "出没月": "9月", "出没時間": "15時~16時", "通報者": "地域住民", "出没場所": "国・県・市道", "目撃者状況": null }, "geometry": { "type": "Point", "coordinates": [ 137.280252880813947, 36.120228178348682 ] } },
{ "type": "Feature", "properties": { "出没月": "10月", "出没時間": "16時~17時", "通報者": "その他", "出没場所": "その他", "目撃者状況": null }, "geometry": { "type": "Point", "coordinates": [ 136.506337751287305, 35.553984804900857 ] } },
{ "type": "Feature", "properties": { "出没月": "10月", "出没時間": "12時~13時", "通報者": "登山者", "出没場所": "登山道", "目撃者状況": null }, "geometry": { "type": "Point", "coordinates": [ 136.503819556242547, 35.585615232076357 ] } },
{ "type": "Feature", "properties": { "出没月": "10月", "出没時間": "10時~11時", "通報者": "地域住民", "出没場所": "国・県・市道", "目撃者状況": null }, "geometry": { "type": "Point", "coordinates": [ 136.724945259795732, 35.541518031145522 ] } },
{ "type": "Feature", "properties": { "出没月": "10月", "出没時間": "12時~13時", "通報者": "その他", "出没場所": "山林", "目撃者状況": null }, "geometry": { "type": "Point", "coordinates": [ 136.626005410792573, 35.603140347532907 ] } },
{ "type": "Feature", "properties": { "出没月": "10月", "出没時間": "6時~7時", "通報者": "地域住民", "出没場所": "住宅地", "目撃者状況": null }, "geometry": { "type": "Point", "coordinates": [ 136.457097511099136, 35.581023804985833 ] } },
{ "type": "Feature", "properties": { "出没月": "10月", "出没時間": "19時~20時", "通報者": "地域住民", "出没場所": "住宅地", "目撃者状況": null }, "geometry": { "type": "Point", "coordinates": [ 136.477998014339505, 35.57290006610998 ] } },
{ "type": "Feature", "properties": { "出没月": "9月", "出没時間": "17時~18時", "通報者": "地域住民", "出没場所": "その他", "目撃者状況": null }, "geometry": { "type": "Point", "coordinates": [ 137.135334882438002, 35.913368067792263 ] } },
{ "type": "Feature", "properties": { "出没月": "9月", "出没時間": "16時~17時", "通報者": "地域住民", "出没場所": "国・県・市道", "目撃者状況": null }, "geometry": { "type": "Point", "coordinates": [ 137.254098610212878, 35.775220162098918 ] } },
{ "type": "Feature", "properties": { "出没月": "10月", "出没時間": "9時~10時", "通報者": "その他", "出没場所": "国・県・市道", "目撃者状況": null }, "geometry": { "type": "Point", "coordinates": [ 137.133186863944331, 35.652605052693765 ] } },
{ "type": "Feature", "properties": { "出没月": "10月", "出没時間": "10時~11時", "通報者": "地域住民", "出没場所": "その他", "目撃者状況": null }, "geometry": { "type": "Point", "coordinates": [ 136.631198524463031, 35.582800409351037 ] } },
{ "type": "Feature", "properties": { "出没月": "10月", "出没時間": "7時~8時", "通報者": "地域住民", "出没場所": "住宅地", "目撃者状況": null }, "geometry": { "type": "Point", "coordinates": [ 136.6447393844293, 35.529414826933341 ] } },
{ "type": "Feature", "properties": { "出没月": "10月", "出没時間": "2時~3時", "通報者": "地域住民", "出没場所": "国・県・市道", "目撃者状況": null }, "geometry": { "type": "Point", "coordinates": [ 137.502396519621186, 35.628261019840494 ] } },
{ "type": "Feature", "properties": { "出没月": "10月", "出没時間": "9時~10時", "通報者": "地域住民", "出没場所": "国・県・市道", "目撃者状況": null }, "geometry": { "type": "Point", "coordinates": [ 137.562731076979134, 36.262447466280115 ] } },
{ "type": "Feature", "properties": { "出没月": "10月", "出没時間": "11時~12時", "通報者": "登山者", "出没場所": "登山道", "目撃者状況": null }, "geometry": { "type": "Point", "coordinates": [ 136.78152999932675, 35.60937161922628 ] } },
{ "type": "Feature", "properties": { "出没月": "10月", "出没時間": "20時~21時", "通報者": "地域住民", "出没場所": "山林", "目撃者状況": null }, "geometry": { "type": "Point", "coordinates": [ 136.509526070917161, 35.556060449296012 ] } },
{ "type": "Feature", "properties": { "出没月": "10月", "出没時間": "10時~11時", "通報者": "地域住民", "出没場所": "山林", "目撃者状況": null }, "geometry": { "type": "Point", "coordinates": [ 137.465668782228192, 35.650193562929722 ] } },
{ "type": "Feature", "properties": { "出没月": "10月", "出没時間": "17時~18時", "通報者": "地域住民", "出没場所": "国・県・市道", "目撃者状況": null }, "geometry": { "type": "Point", "coordinates": [ 136.555230908095155, 35.428602425088393 ] } },
{ "type": "Feature", "properties": { "出没月": "10月", "出没時間": "10時~11時", "通報者": "その他", "出没場所": "住宅地", "目撃者状況": null }, "geometry": { "type": "Point", "coordinates": [ 136.457607772374189, 35.580246845657854 ] } },
{ "type": "Feature", "properties": { "出没月": "10月", "出没時間": "9時~10時", "通報者": "建設業関係者", "出没場所": "国・県・市道", "目撃者状況": null }, "geometry": { "type": "Point", "coordinates": [ 136.458579525459072, 35.583916604100033 ] } },
{ "type": "Feature", "properties": { "出没月": "10月", "出没時間": "14時~15時", "通報者": "その他", "出没場所": "その他", "目撃者状況": null }, "geometry": { "type": "Point", "coordinates": [ 137.322598621359248, 35.473268290101274 ] } },
{ "type": "Feature", "properties": { "出没月": "10月", "出没時間": "10時~11時", "通報者": "地域住民", "出没場所": "山林", "目撃者状況": null }, "geometry": { "type": "Point", "coordinates": [ 136.668765441643842, 35.547353629146663 ] } },
{ "type": "Feature", "properties": { "出没月": "10月", "出没時間": "13時~14時", "通報者": "その他", "出没場所": "国・県・市道", "目撃者状況": null }, "geometry": { "type": "Point", "coordinates": [ 136.637111608446787, 35.561499985774475 ] } },
{ "type": "Feature", "properties": { "出没月": "10月", "出没時間": "11時~12時", "通報者": "その他", "出没場所": "山林", "目撃者状況": null }, "geometry": { "type": "Point", "coordinates": [ 136.533782169593394, 35.50589960906165 ] } },
{ "type": "Feature", "properties": { "出没月": "10月", "出没時間": "8時~9時", "通報者": "その他", "出没場所": "河川敷", "目撃者状況": null }, "geometry": { "type": "Point", "coordinates": [ 136.505481418528205, 35.555763136753846 ] } },
{ "type": "Feature", "properties": { "出没月": "10月", "出没時間": "15時~16時", "通報者": "地域住民", "出没場所": "河川敷", "目撃者状況": null }, "geometry": { "type": "Point", "coordinates": [ 137.461123358753042, 35.419618441147385 ] } },
{ "type": "Feature", "properties": { "出没月": "9月", "出没時間": "3時~4時", "通報者": "地域住民", "出没場所": "山林", "目撃者状況": null }, "geometry": { "type": "Point", "coordinates": [ 137.485762700368412, 35.3924485302067 ] } },
{ "type": "Feature", "properties": { "出没月": "7月", "出没時間": "7時~8時", "通報者": "地域住民", "出没場所": "山林", "目撃者状況": null }, "geometry": { "type": "Point", "coordinates": [ 137.484532870488692, 35.418271245481549 ] } },
{ "type": "Feature", "properties": { "出没月": "7月", "出没時間": "8時~9時", "通報者": "登山者", "出没場所": "その他", "目撃者状況": null }, "geometry": { "type": "Point", "coordinates": [ 137.49471469653372, 35.443427005276689 ] } },
{ "type": "Feature", "properties": { "出没月": "10月", "出没時間": "11時~12時", "通報者": "その他", "出没場所": "山林", "目撃者状況": null }, "geometry": { "type": "Point", "coordinates": [ 137.187661029824568, 36.347782611931834 ] } },
{ "type": "Feature", "properties": { "出没月": "10月", "出没時間": "23時~24時", "通報者": "地域住民", "出没場所": "農地", "目撃者状況": null }, "geometry": { "type": "Point", "coordinates": [ 137.191156706976557, 35.266898844150369 ] } },
{ "type": "Feature", "properties": { "出没月": "10月", "出没時間": "6時~7時", "通報者": "地域住民", "出没場所": "国・県・市道", "目撃者状況": null }, "geometry": { "type": "Point", "coordinates": [ 136.543786881551085, 35.451576904197516 ] } },
{ "type": "Feature", "properties": { "出没月": "10月", "出没時間": "9時~10時", "通報者": "地域住民", "出没場所": "その他", "目撃者状況": null }, "geometry": { "type": "Point", "coordinates": [ 136.558821078071531, 35.433385817353141 ] } },
{ "type": "Feature", "properties": { "出没月": "10月", "出没時間": "12時~13時", "通報者": "農業従事者", "出没場所": "農地", "目撃者状況": null }, "geometry": { "type": "Point", "coordinates": [ 136.55301887789156, 35.432400993996701 ] } },
{ "type": "Feature", "properties": { "出没月": "10月", "出没時間": "13時~14時", "通報者": "地域住民", "出没場所": "山林", "目撃者状況": null }, "geometry": { "type": "Point", "coordinates": [ 136.534743328166115, 35.481877186596527 ] } },
{ "type": "Feature", "properties": { "出没月": "10月", "出没時間": "15時~16時", "通報者": "地域住民", "出没場所": "住宅地", "目撃者状況": null }, "geometry": { "type": "Point", "coordinates": [ 136.804544045573351, 35.597632159808086 ] } },
{ "type": "Feature", "properties": { "出没月": "10月", "出没時間": "15時~16時", "通報者": "その他", "出没場所": "その他", "目撃者状況": null }, "geometry": { "type": "Point", "coordinates": [ 136.984431194720088, 35.519109000714302 ] } },
{ "type": "Feature", "properties": { "出没月": "10月", "出没時間": "19時~20時", "通報者": "地域住民", "出没場所": "国・県・市道", "目撃者状況": null }, "geometry": { "type": "Point", "coordinates": [ 136.55540055074681, 35.428460815438044 ] } },
{ "type": "Feature", "properties": { "出没月": "10月", "出没時間": "9時~10時", "通報者": "農業従事者", "出没場所": "農地", "目撃者状況": null }, "geometry": { "type": "Point", "coordinates": [ 136.553215076806225, 35.432467125529406 ] } },
{ "type": "Feature", "properties": { "出没月": "10月", "出没時間": "18時~19時", "通報者": "その他", "出没場所": "国・県・市道", "目撃者状況": null }, "geometry": { "type": "Point", "coordinates": [ 136.558114106849331, 35.424662817943442 ] } },
{ "type": "Feature", "properties": { "出没月": "10月", "出没時間": "10時~11時", "通報者": "農業従事者", "出没場所": "農地", "目撃者状況": null }, "geometry": { "type": "Point", "coordinates": [ 136.549741745622612, 35.45008191938193 ] } },
{ "type": "Feature", "properties": { "出没月": "10月", "出没時間": "6時~7時", "通報者": "地域住民", "出没場所": "国・県・市道", "目撃者状況": null }, "geometry": { "type": "Point", "coordinates": [ 136.549084478131419, 35.451916664453144 ] } },
{ "type": "Feature", "properties": { "出没月": "10月", "出没時間": "18時~19時", "通報者": "地域住民", "出没場所": "住宅地", "目撃者状況": null }, "geometry": { "type": "Point", "coordinates": [ 136.556061298963897, 35.430105819633511 ] } },
{ "type": "Feature", "properties": { "出没月": "10月", "出没時間": "5時~6時", "通報者": "地域住民", "出没場所": "住宅地", "目撃者状況": null }, "geometry": { "type": "Point", "coordinates": [ 136.724640498856957, 35.552714910393085 ] } },
{ "type": "Feature", "properties": { "出没月": "10月", "出没時間": "7時~8時", "通報者": "地域住民", "出没場所": "その他", "目撃者状況": null }, "geometry": { "type": "Point", "coordinates": [ 136.741285999223209, 35.554283403441531 ] } },
{ "type": "Feature", "properties": { "出没月": "10月", "出没時間": "7時~8時", "通報者": "その他", "出没場所": "その他", "目撃者状況": null }, "geometry": { "type": "Point", "coordinates": [ 137.164943680885699, 36.33886128632092 ] } },
{ "type": "Feature", "properties": { "出没月": "10月", "出没時間": "17時~18時", "通報者": "地域住民", "出没場所": "住宅地", "目撃者状況": null }, "geometry": { "type": "Point", "coordinates": [ 136.550036654022705, 35.45273278186626 ] } },
{ "type": "Feature", "properties": { "出没月": "10月", "出没時間": "6時~7時", "通報者": "地域住民", "出没場所": "国・県・市道", "目撃者状況": null }, "geometry": { "type": "Point", "coordinates": [ 136.559192815008458, 35.412092043949194 ] } },
{ "type": "Feature", "properties": { "出没月": "10月", "出没時間": "7時~8時", "通報者": "地域住民", "出没場所": "住宅地", "目撃者状況": null }, "geometry": { "type": "Point", "coordinates": [ 136.553270342196555, 35.447445200371831 ] } },
{ "type": "Feature", "properties": { "出没月": "10月", "出没時間": "20時~21時", "通報者": "地域住民", "出没場所": "国・県・市道", "目撃者状況": null }, "geometry": { "type": "Point", "coordinates": [ 137.214164192161491, 35.533386545864801 ] } },
{ "type": "Feature", "properties": { "出没月": "10月", "出没時間": "8時~9時", "通報者": "地域住民", "出没場所": "山林", "目撃者状況": null }, "geometry": { "type": "Point", "coordinates": [ 136.420450499686638, 35.597462964961863 ] } },
{ "type": "Feature", "properties": { "出没月": "10月", "出没時間": "10時~11時", "通報者": "建設業関係者", "出没場所": "国・県・市道", "目撃者状況": null }, "geometry": { "type": "Point", "coordinates": [ 137.169521412931942, 35.469283875876627 ] } },
{ "type": "Feature", "properties": { "出没月": "10月", "出没時間": "5時~6時", "通報者": "捕獲従事者", "出没場所": "その他", "目撃者状況": null }, "geometry": { "type": "Point", "coordinates": [ 136.505869771728982, 35.553845626509279 ] } },
{ "type": "Feature", "properties": { "出没月": "10月", "出没時間": "17時~18時", "通報者": "その他", "出没場所": "山林", "目撃者状況": null }, "geometry": { "type": "Point", "coordinates": [ 136.434258445664767, 35.596168932396054 ] } },
{ "type": "Feature", "properties": { "出没月": "10月", "出没時間": "14時~15時", "通報者": "建設業関係者", "出没場所": "山林", "目撃者状況": null }, "geometry": { "type": "Point", "coordinates": [ 136.432221620694605, 35.592624328827419 ] } },
{ "type": "Feature", "properties": { "出没月": "10月", "出没時間": "7時~8時", "通報者": "建設業関係者", "出没場所": "山林", "目撃者状況": null }, "geometry": { "type": "Point", "coordinates": [ 136.432401139734992, 35.592602888683281 ] } },
{ "type": "Feature", "properties": { "出没月": "10月", "出没時間": "15時~16時", "通報者": "地域住民", "出没場所": "住宅地", "目撃者状況": null }, "geometry": { "type": "Point", "coordinates": [ 136.427136642491917, 35.593425864828227 ] } },
{ "type": "Feature", "properties": { "出没月": "10月", "出没時間": "19時~20時", "通報者": "地域住民", "出没場所": "国・県・市道", "目撃者状況": null }, "geometry": { "type": "Point", "coordinates": [ 136.642988456800367, 35.534041467008159 ] } },
{ "type": "Feature", "properties": { "出没月": "10月", "出没時間": "12時~13時", "通報者": "その他", "出没場所": "山林", "目撃者状況": null }, "geometry": { "type": "Point", "coordinates": [ 136.506626907421349, 35.557100906842237 ] } },
{ "type": "Feature", "properties": { "出没月": "10月", "出没時間": "16時~17時", "通報者": "地域住民", "出没場所": "山林", "目撃者状況": null }, "geometry": { "type": "Point", "coordinates": [ 136.508244395652099, 35.55809449831623 ] } },
{ "type": "Feature", "properties": { "出没月": "10月", "出没時間": "17時~18時", "通報者": "地域住民", "出没場所": "その他", "目撃者状況": null }, "geometry": { "type": "Point", "coordinates": [ 136.534792203385706, 35.483728659003326 ] } },
{ "type": "Feature", "properties": { "出没月": "10月", "出没時間": "10時~11時", "通報者": "地域住民", "出没場所": "その他", "目撃者状況": null }, "geometry": { "type": "Point", "coordinates": [ 137.228599403824205, 35.836626581848058 ] } },
{ "type": "Feature", "properties": { "出没月": "10月", "出没時間": "0時~1時", "通報者": "地域住民", "出没場所": "国・県・市道", "目撃者状況": null }, "geometry": { "type": "Point", "coordinates": [ 137.394941626929864, 35.393783048278756 ] } },
{ "type": "Feature", "properties": { "出没月": "10月", "出没時間": "7時~8時", "通報者": "その他", "出没場所": "国・県・市道", "目撃者状況": null }, "geometry": { "type": "Point", "coordinates": [ 136.917518806325091, 36.02116821991968 ] } },
{ "type": "Feature", "properties": { "出没月": "10月", "出没時間": "2時~3時", "通報者": "捕獲従事者", "出没場所": "農地", "目撃者状況": null }, "geometry": { "type": "Point", "coordinates": [ 136.725955933358165, 35.562668371952469 ] } },
{ "type": "Feature", "properties": { "出没月": "10月", "出没時間": "14時~15時", "通報者": "その他", "出没場所": "その他", "目撃者状況": null }, "geometry": { "type": "Point", "coordinates": [ 137.26535374933934, 36.136334778876659 ] } },
{ "type": "Feature", "properties": { "出没月": "10月", "出没時間": "5時~6時", "通報者": "その他", "出没場所": "住宅地", "目撃者状況": null }, "geometry": { "type": "Point", "coordinates": [ 137.409372043949219, 35.44145577544392 ] } },
{ "type": "Feature", "properties": { "出没月": "10月", "出没時間": "6時~7時", "通報者": "地域住民", "出没場所": "国・県・市道", "目撃者状況": null }, "geometry": { "type": "Point", "coordinates": [ 137.223044368560181, 36.132439856851235 ] } },
{ "type": "Feature", "properties": { "出没月": "10月", "出没時間": "16時~17時", "通報者": "地域住民", "出没場所": "国・県・市道", "目撃者状況": null }, "geometry": { "type": "Point", "coordinates": [ 137.26547895831601, 36.133731138625564 ] } },
{ "type": "Feature", "properties": { "出没月": "10月", "出没時間": "17時~18時", "通報者": "地域住民", "出没場所": "その他", "目撃者状況": null }, "geometry": { "type": "Point", "coordinates": [ 137.183856797600953, 36.12155286291717 ] } },
{ "type": "Feature", "properties": { "出没月": "10月", "出没時間": "14時~15時", "通報者": "地域住民", "出没場所": "農地", "目撃者状況": null }, "geometry": { "type": "Point", "coordinates": [ 137.382454701509744, 36.280188136802238 ] } },
{ "type": "Feature", "properties": { "出没月": "10月", "出没時間": "20時~21時", "通報者": "地域住民", "出没場所": "山林", "目撃者状況": null }, "geometry": { "type": "Point", "coordinates": [ 136.563664017093117, 35.420105316360669 ] } },
{ "type": "Feature", "properties": { "出没月": "10月", "出没時間": "19時~20時", "通報者": "地域住民", "出没場所": "農地", "目撃者状況": null }, "geometry": { "type": "Point", "coordinates": [ 136.548740274979508, 35.451935912215639 ] } },
{ "type": "Feature", "properties": { "出没月": "10月", "出没時間": "19時~20時", "通報者": "地域住民", "出没場所": "国・県・市道", "目撃者状況": null }, "geometry": { "type": "Point", "coordinates": [ 136.541970897644177, 35.454337637496337 ] } },
{ "type": "Feature", "properties": { "出没月": "10月", "出没時間": "8時~9時", "通報者": "地域住民", "出没場所": "農地", "目撃者状況": null }, "geometry": { "type": "Point", "coordinates": [ 136.543021676633032, 35.454415744965814 ] } },
{ "type": "Feature", "properties": { "出没月": "11月", "出没時間": "16時~17時", "通報者": "地域住民", "出没場所": "農地", "目撃者状況": null }, "geometry": { "type": "Point", "coordinates": [ 136.531847482631861, 35.48147608287681 ] } },
{ "type": "Feature", "properties": { "出没月": "11月", "出没時間": "14時~15時", "通報者": "その他", "出没場所": "国・県・市道", "目撃者状況": null }, "geometry": { "type": "Point", "coordinates": [ 136.505818409817522, 35.555819911415291 ] } },
{ "type": "Feature", "properties": { "出没月": "11月", "出没時間": "7時~8時", "通報者": "地域住民", "出没場所": "国・県・市道", "目撃者状況": null }, "geometry": { "type": "Point", "coordinates": [ 137.439992237190779, 35.283894630356073 ] } },
{ "type": "Feature", "properties": { "出没月": "11月", "出没時間": "19時~20時", "通報者": "地域住民", "出没場所": "国・県・市道", "目撃者状況": null }, "geometry": { "type": "Point", "coordinates": [ 137.422358819847403, 35.2950859402996 ] } },
{ "type": "Feature", "properties": { "出没月": "11月", "出没時間": "14時~15時", "通報者": "その他", "出没場所": "国・県・市道", "目撃者状況": null }, "geometry": { "type": "Point", "coordinates": [ 136.485510294945925, 35.639177111578391 ] } },
{ "type": "Feature", "properties": { "出没月": "11月", "出没時間": "15時~16時", "通報者": "地域住民", "出没場所": "山林", "目撃者状況": null }, "geometry": { "type": "Point", "coordinates": [ 137.098642448829764, 36.306051299085354 ] } },
{ "type": "Feature", "properties": { "出没月": "11月", "出没時間": "18時~19時", "通報者": "地域住民", "出没場所": "国・県・市道", "目撃者状況": null }, "geometry": { "type": "Point", "coordinates": [ 136.602443144612295, 35.522283745201655 ] } },
{ "type": "Feature", "properties": { "出没月": "11月", "出没時間": "13時~14時", "通報者": "地域住民", "出没場所": "山林", "目撃者状況": null }, "geometry": { "type": "Point", "coordinates": [ 136.533895457175817, 35.481877814060475 ] } },
{ "type": "Feature", "properties": { "出没月": "11月", "出没時間": "17時~18時", "通報者": "地域住民", "出没場所": "国・県・市道", "目撃者状況": null }, "geometry": { "type": "Point", "coordinates": [ 136.605717330540926, 35.521162149110943 ] } },
{ "type": "Feature", "properties": { "出没月": "11月", "出没時間": "20時~21時", "通報者": "その他", "出没場所": "国・県・市道", "目撃者状況": null }, "geometry": { "type": "Point", "coordinates": [ 136.65764598610204, 35.511223716874156 ] } },
{ "type": "Feature", "properties": { "出没月": "10月", "出没時間": "7時~8時", "通報者": "その他", "出没場所": "国・県・市道", "目撃者状況": null }, "geometry": { "type": "Point", "coordinates": [ 136.512415427873663, 35.532795384615177 ] } },
{ "type": "Feature", "properties": { "出没月": "11月", "出没時間": "16時~17時", "通報者": "その他", "出没場所": "国・県・市道", "目撃者状況": null }, "geometry": { "type": "Point", "coordinates": [ 136.604998421607633, 35.527220591783099 ] } },
{ "type": "Feature", "properties": { "出没月": "11月", "出没時間": "10時~11時", "通報者": "地域住民", "出没場所": "山林", "目撃者状況": null }, "geometry": { "type": "Point", "coordinates": [ 136.527323677642642, 35.486699375909922 ] } },
{ "type": "Feature", "properties": { "出没月": "11月", "出没時間": "10時~11時", "通報者": "地域住民", "出没場所": "山林", "目撃者状況": null }, "geometry": { "type": "Point", "coordinates": [ 137.23013933739, 35.645872092545233 ] } },
{ "type": "Feature", "properties": { "出没月": "11月", "出没時間": "15時~16時", "通報者": "その他", "出没場所": "山林", "目撃者状況": null }, "geometry": { "type": "Point", "coordinates": [ 136.809251940275772, 35.965873057971883 ] } },
{ "type": "Feature", "properties": { "出没月": "11月", "出没時間": "15時~16時", "通報者": "地域住民", "出没場所": "住宅地", "目撃者状況": null }, "geometry": { "type": "Point", "coordinates": [ 137.383150249451944, 35.52089656950087 ] } },
{ "type": "Feature", "properties": { "出没月": "11月", "出没時間": "17時~18時", "通報者": "その他", "出没場所": "国・県・市道", "目撃者状況": null }, "geometry": { "type": "Point", "coordinates": [ 136.552765885805428, 35.545091603089325 ] } },
{ "type": "Feature", "properties": { "出没月": "10月", "出没時間": "11時~12時", "通報者": "地域住民", "出没場所": "山林", "目撃者状況": null }, "geometry": { "type": "Point", "coordinates": [ 137.30106451439525, 36.33502346581146 ] } },
{ "type": "Feature", "properties": { "出没月": "11月", "出没時間": "17時~18時", "通報者": "地域住民", "出没場所": "国・県・市道", "目撃者状況": null }, "geometry": { "type": "Point", "coordinates": [ 137.251948879925152, 36.285667369836872 ] } },
{ "type": "Feature", "properties": { "出没月": "6月", "出没時間": "17時~18時", "通報者": "地域住民", "出没場所": "国・県・市道", "目撃者状況": null }, "geometry": { "type": "Point", "coordinates": [ 137.110723798283857, 36.303653967461074 ] } },
{ "type": "Feature", "properties": { "出没月": "6月", "出没時間": "14時~15時", "通報者": "地域住民", "出没場所": "国・県・市道", "目撃者状況": null }, "geometry": { "type": "Point", "coordinates": [ 137.110768360345162, 36.303622443574525 ] } },
{ "type": "Feature", "properties": { "出没月": "6月", "出没時間": "18時~19時", "通報者": "建設業関係者", "出没場所": "国・県・市道", "目撃者状況": null }, "geometry": { "type": "Point", "coordinates": [ 137.114263861657264, 36.298654602848302 ] } },
{ "type": "Feature", "properties": { "出没月": "11月", "出没時間": "15時~16時", "通報者": "その他", "出没場所": "国・県・市道", "目撃者状況": null }, "geometry": { "type": "Point", "coordinates": [ 136.794855014487808, 35.595909914332346 ] } },
{ "type": "Feature", "properties": { "出没月": "6月", "出没時間": "18時~19時", "通報者": "地域住民", "出没場所": "山林", "目撃者状況": null }, "geometry": { "type": "Point", "coordinates": [ 137.100847475827607, 36.264323235793078 ] } },
{ "type": "Feature", "properties": { "出没月": "6月", "出没時間": "11時~12時", "通報者": "地域住民", "出没場所": "山林", "目撃者状況": null }, "geometry": { "type": "Point", "coordinates": [ 137.111543170015239, 36.302293981241377 ] } },
{ "type": "Feature", "properties": { "出没月": "6月", "出没時間": "8時~9時", "通報者": "地域住民", "出没場所": "国・県・市道", "目撃者状況": null }, "geometry": { "type": "Point", "coordinates": [ 137.10408559823702, 36.301558585280773 ] } },
{ "type": "Feature", "properties": { "出没月": "6月", "出没時間": "14時~15時", "通報者": "地域住民", "出没場所": "農地", "目撃者状況": null }, "geometry": { "type": "Point", "coordinates": [ 137.10763681255662, 36.303900051322074 ] } },
{ "type": "Feature", "properties": { "出没月": "6月", "出没時間": "7時~8時", "通報者": "地域住民", "出没場所": "山林", "目撃者状況": null }, "geometry": { "type": "Point", "coordinates": [ 137.095094562797357, 36.254909394297592 ] } },
{ "type": "Feature", "properties": { "出没月": "6月", "出没時間": "17時~18時", "通報者": "地域住民", "出没場所": "山林", "目撃者状況": null }, "geometry": { "type": "Point", "coordinates": [ 137.101088128527607, 36.303432198810022 ] } },
{ "type": "Feature", "properties": { "出没月": "9月", "出没時間": "7時~8時", "通報者": "地域住民", "出没場所": "山林", "目撃者状況": null }, "geometry": { "type": "Point", "coordinates": [ 137.100565207993469, 36.298813987676965 ] } },
{ "type": "Feature", "properties": { "出没月": "11月", "出没時間": "11時~12時", "通報者": "その他", "出没場所": "その他", "目撃者状況": null }, "geometry": { "type": "Point", "coordinates": [ 136.642275253947673, 35.545139998103565 ] } },
{ "type": "Feature", "properties": { "出没月": "11月", "出没時間": "8時~9時", "通報者": "地域住民", "出没場所": "その他", "目撃者状況": null }, "geometry": { "type": "Point", "coordinates": [ 137.099745319654971, 35.385931185629957 ] } },
{ "type": "Feature", "properties": { "出没月": "11月", "出没時間": "19時~20時", "通報者": "地域住民", "出没場所": "国・県・市道", "目撃者状況": null }, "geometry": { "type": "Point", "coordinates": [ 136.602672878759023, 35.522246510923047 ] } },
{ "type": "Feature", "properties": { "出没月": "11月", "出没時間": "14時~15時", "通報者": "地域住民", "出没場所": "河川敷", "目撃者状況": null }, "geometry": { "type": "Point", "coordinates": [ 137.137061160272253, 36.265940464832859 ] } },
{ "type": "Feature", "properties": { "出没月": "10月", "出没時間": "17時~18時", "通報者": "地域住民", "出没場所": "国・県・市道", "目撃者状況": null }, "geometry": { "type": "Point", "coordinates": [ 137.200646982057293, 36.263806263315097 ] } },
{ "type": "Feature", "properties": { "出没月": "11月", "出没時間": "1時~2時", "通報者": "その他", "出没場所": "国・県・市道", "目撃者状況": null }, "geometry": { "type": "Point", "coordinates": [ 136.502145882379864, 35.560262636855882 ] } },
{ "type": "Feature", "properties": { "出没月": "12月", "出没時間": "6時~7時", "通報者": "捕獲従事者", "出没場所": "その他", "目撃者状況": null }, "geometry": { "type": "Point", "coordinates": [ 136.706576821008866, 35.554178188516971 ] } },
{ "type": "Feature", "properties": { "出没月": "5月", "出没時間": "12時~13時", "通報者": "その他", "出没場所": "山林", "目撃者状況": null }, "geometry": { "type": "Point", "coordinates": [ 137.326587106241135, 35.64593019063166 ] } },
{ "type": "Feature", "properties": { "出没月": "6月", "出没時間": "18時~19時", "通報者": "地域住民", "出没場所": "その他", "目撃者状況": null }, "geometry": { "type": "Point", "coordinates": [ 137.381054108755336, 35.649058396553272 ] } },
{ "type": "Feature", "properties": { "出没月": "7月", "出没時間": "11時~12時", "通報者": "その他", "出没場所": "山林", "目撃者状況": null }, "geometry": { "type": "Point", "coordinates": [ 137.307756137409541, 35.621140472066088 ] } },
{ "type": "Feature", "properties": { "出没月": "12月", "出没時間": "20時~21時", "通報者": "その他", "出没場所": "山林", "目撃者状況": null }, "geometry": { "type": "Point", "coordinates": [ 136.690642306644577, 35.464397109420823 ] } },
{ "type": "Feature", "properties": { "出没月": "4月", "出没時間": "17時~18時", "通報者": "地域住民", "出没場所": "国・県・市道", "目撃者状況": null }, "geometry": { "type": "Point", "coordinates": [ 137.40894988975819, 35.472737608666186 ] } },
{ "type": "Feature", "properties": { "出没月": "12月", "出没時間": "20時~21時", "通報者": "地域住民", "出没場所": "山林", "目撃者状況": null }, "geometry": { "type": "Point", "coordinates": [ 137.111534059635574, 36.302384105153159 ] } },
{ "type": "Feature", "properties": { "出没月": "12月", "出没時間": "7時~8時", "通報者": "地域住民", "出没場所": "住宅地", "目撃者状況": null }, "geometry": { "type": "Point", "coordinates": [ 136.456934950728879, 35.467045110851892 ] } },
{ "type": "Feature", "properties": { "出没月": "12月", "出没時間": "18時~19時", "通報者": "地域住民", "出没場所": "国・県・市道", "目撃者状況": null }, "geometry": { "type": "Point", "coordinates": [ 136.668114156104934, 35.531182399622658 ] } },
{ "type": "Feature", "properties": { "出没月": "9月", "出没時間": "16時~17時", "通報者": "地域住民", "出没場所": "国・県・市道", "目撃者状況": null }, "geometry": { "type": "Point", "coordinates": [ 136.910245194591965, 35.606928761172988 ] } },
{ "type": "Feature", "properties": { "出没月": "12月", "出没時間": "10時~11時", "通報者": "その他", "出没場所": "国・県・市道", "目撃者状況": null }, "geometry": { "type": "Point", "coordinates": [ 136.47744174853085, 35.637548205398659 ] } },
{ "type": "Feature", "properties": { "出没月": "12月", "出没時間": "14時~15時", "通報者": "地域住民", "出没場所": "国・県・市道", "目撃者状況": null }, "geometry": { "type": "Point", "coordinates": [ 136.7947797978415, 35.533417482964531 ] } },
{ "type": "Feature", "properties": { "出没月": "12月", "出没時間": "11時~12時", "通報者": "その他", "出没場所": "山林", "目撃者状況": null }, "geometry": { "type": "Point", "coordinates": [ 137.259175231041894, 35.798862864710976 ] } },
{ "type": "Feature", "properties": { "出没月": "1月", "出没時間": "11時~12時", "通報者": "地域住民", "出没場所": "林道", "目撃者状況": null }, "geometry": { "type": "Point", "coordinates": [ 137.422412593414748, 35.655912679935248 ] } },
{ "type": "Feature", "properties": { "出没月": "12月", "出没時間": "11時~12時", "通報者": "地域住民", "出没場所": "国・県・市道", "目撃者状況": null }, "geometry": { "type": "Point", "coordinates": [ 137.259827527210376, 35.799043194910439 ] } },
{ "type": "Feature", "properties": { "出没月": "1月", "出没時間": "14時~15時", "通報者": "建設業関係者", "出没場所": "国・県・市道", "目撃者状況": null }, "geometry": { "type": "Point", "coordinates": [ 137.238815716088936, 35.463659558130047 ] } },
{ "type": "Feature", "properties": { "出没月": "1月", "出没時間": "9時~10時", "通報者": "地域住民", "出没場所": "国・県・市道", "目撃者状況": null }, "geometry": { "type": "Point", "coordinates": [ 137.292151285085765, 36.306996037823978 ] } },
{ "type": "Feature", "properties": { "出没月": "1月", "出没時間": "8時~9時", "通報者": "地域住民", "出没場所": "国・県・市道", "目撃者状況": null }, "geometry": { "type": "Point", "coordinates": [ 136.831924779110977, 35.561769661143607 ] } },
{ "type": "Feature", "properties": { "出没月": "1月", "出没時間": "14時~15時", "通報者": "その他", "出没場所": "国・県・市道", "目撃者状況": null }, "geometry": { "type": "Point", "coordinates": [ 136.645605993854389, 35.516465132212396 ] } },
{ "type": "Feature", "properties": { "出没月": "2月", "出没時間": "16時~17時", "通報者": "地域住民", "出没場所": "山林", "目撃者状況": null }, "geometry": { "type": "Point", "coordinates": [ 137.270701904172228, 35.790938425999173 ] } },
{ "type": "Feature", "properties": { "出没月": "2月", "出没時間": "12時~13時", "通報者": "林業従事者", "出没場所": "山林", "目撃者状況": null }, "geometry": { "type": "Point", "coordinates": [ 137.270923080296342, 35.788228535649544 ] } },
{ "type": "Feature", "properties": { "出没月": "2月", "出没時間": "8時~9時", "通報者": "地域住民", "出没場所": "その他", "目撃者状況": null }, "geometry": { "type": "Point", "coordinates": [ 137.235634383223726, 35.809176632511551 ] } },
{ "type": "Feature", "properties": { "出没月": "2月", "出没時間": "8時~9時", "通報者": "地域住民", "出没場所": "国・県・市道", "目撃者状況": null }, "geometry": { "type": "Point", "coordinates": [ 137.26615055150782, 35.583762275165121 ] } },
{ "type": "Feature", "properties": { "出没月": "4月", "出没時間": "7時~8時", "通報者": "地域住民", "出没場所": "国・県・市道", "目撃者状況": "通勤・通学" }, "geometry": { "type": "Point", "coordinates": [ 136.897859617385905, 36.186691445765227 ] } },
{ "type": "Feature", "properties": { "出没月": "4月", "出没時間": "10時~11時", "通報者": "地域住民", "出没場所": "河川敷", "目撃者状況": null }, "geometry": { "type": "Point", "coordinates": [ 137.078984997683477, 36.300616221010245 ] } },
{ "type": "Feature", "properties": { "出没月": "4月", "出没時間": "13時~14時", "通報者": "その他", "出没場所": "国・県・市道", "目撃者状況": null }, "geometry": { "type": "Point", "coordinates": [ 137.302773141328032, 35.759271624989701 ] } },
{ "type": "Feature", "properties": { "出没月": "4月", "出没時間": "6時~7時", "通報者": "地域住民", "出没場所": "登山道", "目撃者状況": null }, "geometry": { "type": "Point", "coordinates": [ 137.187905391384675, 35.579459063035678 ] } },
{ "type": "Feature", "properties": { "出没月": "4月", "出没時間": "5時~6時", "通報者": "地域住民", "出没場所": "山林", "目撃者状況": "散歩" }, "geometry": { "type": "Point", "coordinates": [ 137.204886950806468, 35.601026154349796 ] } },
{ "type": "Feature", "properties": { "出没月": "4月", "出没時間": "12時~13時", "通報者": "地域住民", "出没場所": null, "目撃者状況": null }, "geometry": { "type": "Point", "coordinates": [ 137.453720835659254, 35.581972584272307 ] } },
{ "type": "Feature", "properties": { "出没月": "5月", "出没時間": "13時~14時", "通報者": "地域住民", "出没場所": "国・県・市道", "目撃者状況": "通勤・通学" }, "geometry": { "type": "Point", "coordinates": [ 137.543775106987226, 35.543935523142316 ] } },
{ "type": "Feature", "properties": { "出没月": "5月", "出没時間": "14時~15時", "通報者": "その他", "出没場所": null, "目撃者状況": null }, "geometry": { "type": "Point", "coordinates": [ 137.209247995932003, 35.746909069362438 ] } },
{ "type": "Feature", "properties": { "出没月": "4月", "出没時間": "11時~12時", "通報者": "その他", "出没場所": "山林", "目撃者状況": null }, "geometry": { "type": "Point", "coordinates": [ 136.943589943558351, 35.868330161202394 ] } },
{ "type": "Feature", "properties": { "出没月": "5月", "出没時間": "7時~8時", "通報者": "捕獲従事者", "出没場所": "国・県・市道", "目撃者状況": "その他" }, "geometry": { "type": "Point", "coordinates": [ 137.03820907670368, 35.656609818076596 ] } },
{ "type": "Feature", "properties": { "出没月": "5月", "出没時間": "7時~8時", "通報者": "地域住民", "出没場所": "国・県・市道", "目撃者状況": "その他車移動" }, "geometry": { "type": "Point", "coordinates": [ 137.304940586099832, 36.311972384607088 ] } },
{ "type": "Feature", "properties": { "出没月": "5月", "出没時間": "2時~3時", "通報者": "地域住民", "出没場所": "国・県・市道", "目撃者状況": "その他" }, "geometry": { "type": "Point", "coordinates": [ 137.014074053784782, 35.789748685436074 ] } },
{ "type": "Feature", "properties": { "出没月": "5月", "出没時間": "18時~19時", "通報者": "地域住民", "出没場所": "山林", "目撃者状況": null }, "geometry": { "type": "Point", "coordinates": [ 137.048653292414201, 36.244259988845009 ] } },
{ "type": "Feature", "properties": { "出没月": "5月", "出没時間": "9時~10時", "通報者": "地域住民", "出没場所": "山林", "目撃者状況": "その他車移動" }, "geometry": { "type": "Point", "coordinates": [ 137.41963722112402, 35.682045373746185 ] } },
{ "type": "Feature", "properties": { "出没月": "5月", "出没時間": "7時~8時", "通報者": "地域住民", "出没場所": "住宅地", "目撃者状況": "自宅" }, "geometry": { "type": "Point", "coordinates": [ 137.033773597449482, 35.641308666002196 ] } },
{ "type": "Feature", "properties": { "出没月": "5月", "出没時間": "7時~8時", "通報者": "地域住民", "出没場所": "住宅地", "目撃者状況": "自宅" }, "geometry": { "type": "Point", "coordinates": [ 137.036307000331846, 35.636698184441379 ] } },
{ "type": "Feature", "properties": { "出没月": "5月", "出没時間": "8時~9時", "通報者": "地域住民", "出没場所": "林道", "目撃者状況": "その他車移動" }, "geometry": { "type": "Point", "coordinates": [ 137.062705718243706, 35.632115336447377 ] } },
{ "type": "Feature", "properties": { "出没月": "5月", "出没時間": "9時~10時", "通報者": "地域住民", "出没場所": "国・県・市道", "目撃者状況": "散歩" }, "geometry": { "type": "Point", "coordinates": [ 137.064695848676166, 35.62505890093037 ] } },
{ "type": "Feature", "properties": { "出没月": "5月", "出没時間": "6時~7時", "通報者": "地域住民", "出没場所": "国・県・市道", "目撃者状況": "散歩" }, "geometry": { "type": "Point", "coordinates": [ 137.06235541590226, 35.642015544746123 ] } },
{ "type": "Feature", "properties": { "出没月": "5月", "出没時間": "9時~10時", "通報者": "林業従事者", "出没場所": "山林", "目撃者状況": null }, "geometry": { "type": "Point", "coordinates": [ 137.44103393365765, 35.697721738819034 ] } },
{ "type": "Feature", "properties": { "出没月": "5月", "出没時間": "8時~9時", "通報者": "地域住民", "出没場所": "国・県・市道", "目撃者状況": "その他車移動" }, "geometry": { "type": "Point", "coordinates": [ 137.305063725627548, 36.312729877260189 ] } },
{ "type": "Feature", "properties": { "出没月": "5月", "出没時間": "11時~12時", "通報者": "その他", "出没場所": "国・県・市道", "目撃者状況": "その他車移動" }, "geometry": { "type": "Point", "coordinates": [ 137.257419134400209, 36.313454314082115 ] } },
{ "type": "Feature", "properties": { "出没月": "5月", "出没時間": "9時~10時", "通報者": "地域住民", "出没場所": "山林", "目撃者状況": "その他車移動" }, "geometry": { "type": "Point", "coordinates": [ 137.200018410959075, 35.579492938972919 ] } },
{ "type": "Feature", "properties": { "出没月": "5月", "出没時間": "20時~21時", "通報者": "地域住民", "出没場所": "山林", "目撃者状況": "通勤・通学" }, "geometry": { "type": "Point", "coordinates": [ 137.25182553696726, 35.576363320423013 ] } },
{ "type": "Feature", "properties": { "出没月": "5月", "出没時間": "10時~11時", "通報者": "地域住民", "出没場所": "山林", "目撃者状況": "その他車移動" }, "geometry": { "type": "Point", "coordinates": [ 137.465859119288922, 35.650735075875794 ] } },
{ "type": "Feature", "properties": { "出没月": "5月", "出没時間": "12時~13時", "通報者": "地域住民", "出没場所": "山林", "目撃者状況": "その他車移動" }, "geometry": { "type": "Point", "coordinates": [ 137.435619429877875, 35.633911262786114 ] } },
{ "type": "Feature", "properties": { "出没月": "5月", "出没時間": "17時~18時", "通報者": "地域住民", "出没場所": "山林", "目撃者状況": "自宅" }, "geometry": { "type": "Point", "coordinates": [ 137.395068124341464, 35.257754280022908 ] } },
{ "type": "Feature", "properties": { "出没月": "5月", "出没時間": "15時~16時", "通報者": "地域住民", "出没場所": "山林", "目撃者状況": "その他車移動" }, "geometry": { "type": "Point", "coordinates": [ 137.214596393203806, 35.601988854552395 ] } },
{ "type": "Feature", "properties": { "出没月": "5月", "出没時間": "6時~7時", "通報者": "地域住民", "出没場所": "国・県・市道", "目撃者状況": "その他車移動" }, "geometry": { "type": "Point", "coordinates": [ 137.139471859370587, 36.263625148206231 ] } },
{ "type": "Feature", "properties": { "出没月": "5月", "出没時間": "12時~13時", "通報者": "地域住民", "出没場所": "国・県・市道", "目撃者状況": "その他車移動" }, "geometry": { "type": "Point", "coordinates": [ 137.179185975349213, 36.230283889585465 ] } },
{ "type": "Feature", "properties": { "出没月": "5月", "出没時間": "12時~13時", "通報者": "地域住民", "出没場所": "林道", "目撃者状況": "その他車移動" }, "geometry": { "type": "Point", "coordinates": [ 137.432588618007657, 35.636619301357925 ] } },
{ "type": "Feature", "properties": { "出没月": "5月", "出没時間": "7時~8時", "通報者": "地域住民", "出没場所": "農地", "目撃者状況": "農作業" }, "geometry": { "type": "Point", "coordinates": [ 137.284350304504756, 36.305691122629078 ] } },
{ "type": "Feature", "properties": { "出没月": "5月", "出没時間": "13時~14時", "通報者": "その他", "出没場所": "国・県・市道", "目撃者状況": "その他車移動" }, "geometry": { "type": "Point", "coordinates": [ 136.855861413709562, 35.511838061015318 ] } },
{ "type": "Feature", "properties": { "出没月": "5月", "出没時間": "16時~17時", "通報者": "地域住民", "出没場所": "山林", "目撃者状況": "その他" }, "geometry": { "type": "Point", "coordinates": [ 137.247762638510807, 35.810480565743283 ] } },
{ "type": "Feature", "properties": { "出没月": "5月", "出没時間": "5時~6時", "通報者": "地域住民", "出没場所": "山林", "目撃者状況": "通勤・通学" }, "geometry": { "type": "Point", "coordinates": [ 137.202639809771512, 35.733842027959575 ] } },
{ "type": "Feature", "properties": { "出没月": "5月", "出没時間": "16時~17時", "通報者": "地域住民", "出没場所": "山林", "目撃者状況": "自宅" }, "geometry": { "type": "Point", "coordinates": [ 137.250962230385909, 35.808746078411254 ] } },
{ "type": "Feature", "properties": { "出没月": "5月", "出没時間": "14時~15時", "通報者": "地域住民", "出没場所": "その他", "目撃者状況": "その他" }, "geometry": { "type": "Point", "coordinates": [ 137.229383934049167, 35.926325470919387 ] } },
{ "type": "Feature", "properties": { "出没月": "5月", "出没時間": "16時~17時", "通報者": "地域住民", "出没場所": "その他", "目撃者状況": "その他" }, "geometry": { "type": "Point", "coordinates": [ 137.229598620505953, 35.926297191864151 ] } },
{ "type": "Feature", "properties": { "出没月": "5月", "出没時間": "14時~15時", "通報者": "地域住民", "出没場所": "国・県・市道", "目撃者状況": "通勤・通学" }, "geometry": { "type": "Point", "coordinates": [ 136.895006214700146, 36.254298472658732 ] } },
{ "type": "Feature", "properties": { "出没月": "5月", "出没時間": "14時~15時", "通報者": "その他", "出没場所": "山林", "目撃者状況": "その他" }, "geometry": { "type": "Point", "coordinates": [ 137.28885037288191, 35.97968124937119 ] } },
{ "type": "Feature", "properties": { "出没月": "6月", "出没時間": "9時~10時", "通報者": "その他", "出没場所": "農地", "目撃者状況": "その他" }, "geometry": { "type": "Point", "coordinates": [ 136.872674002888829, 36.360168461547687 ] } },
{ "type": "Feature", "properties": { "出没月": "6月", "出没時間": "13時~14時", "通報者": "その他", "出没場所": "国・県・市道", "目撃者状況": "その他" }, "geometry": { "type": "Point", "coordinates": [ 136.488842494313104, 35.638712591231204 ] } },
{ "type": "Feature", "properties": { "出没月": "6月", "出没時間": "5時~6時", "通報者": "地域住民", "出没場所": "山林", "目撃者状況": "その他" }, "geometry": { "type": "Point", "coordinates": [ 137.084097674906531, 36.305357203140247 ] } },
{ "type": "Feature", "properties": { "出没月": "6月", "出没時間": "17時~18時", "通報者": "地域住民", "出没場所": "国・県・市道", "目撃者状況": "通勤・通学" }, "geometry": { "type": "Point", "coordinates": [ 137.157313323747758, 36.336531065662967 ] } },
{ "type": "Feature", "properties": { "出没月": "6月", "出没時間": "16時~17時", "通報者": "その他", "出没場所": "山林", "目撃者状況": "その他" }, "geometry": { "type": "Point", "coordinates": [ 137.284749679300063, 36.397386532676343 ] } },
{ "type": "Feature", "properties": { "出没月": "6月", "出没時間": "7時~8時", "通報者": "地域住民", "出没場所": "国・県・市道", "目撃者状況": "散歩" }, "geometry": { "type": "Point", "coordinates": [ 137.29785320158814, 36.33773709879079 ] } },
{ "type": "Feature", "properties": { "出没月": "6月", "出没時間": "15時~16時", "通報者": "地域住民", "出没場所": "林道", "目撃者状況": "山菜採取" }, "geometry": { "type": "Point", "coordinates": [ 137.10170249053715, 35.586576211397798 ] } },
{ "type": "Feature", "properties": { "出没月": "6月", "出没時間": "14時~15時", "通報者": "地域住民", "出没場所": "国・県・市道", "目撃者状況": "その他車移動" }, "geometry": { "type": "Point", "coordinates": [ 137.302359939870797, 36.317986715814868 ] } },
{ "type": "Feature", "properties": { "出没月": "6月", "出没時間": "10時~11時", "通報者": "その他", "出没場所": "国・県・市道", "目撃者状況": "その他" }, "geometry": { "type": "Point", "coordinates": [ 136.629423014073211, 35.600186777773757 ] } },
{ "type": "Feature", "properties": { "出没月": "6月", "出没時間": "19時~20時", "通報者": "地域住民", "出没場所": "農地", "目撃者状況": "自宅" }, "geometry": { "type": "Point", "coordinates": [ 136.532269182497828, 35.474426132013157 ] } },
{ "type": "Feature", "properties": { "出没月": "6月", "出没時間": "11時~12時", "通報者": "その他", "出没場所": "河川敷", "目撃者状況": "その他" }, "geometry": { "type": "Point", "coordinates": [ 136.489895723934808, 35.638205866277247 ] } },
{ "type": "Feature", "properties": { "出没月": "6月", "出没時間": "2時~3時", "通報者": "地域住民", "出没場所": "その他", "目撃者状況": "自宅" }, "geometry": { "type": "Point", "coordinates": [ 137.421233040571934, 35.645322385006772 ] } },
{ "type": "Feature", "properties": { "出没月": "6月", "出没時間": "13時~14時", "通報者": "その他", "出没場所": "山林", "目撃者状況": "その他車移動" }, "geometry": { "type": "Point", "coordinates": [ 136.486614167585088, 35.639443651056006 ] } },
{ "type": "Feature", "properties": { "出没月": "6月", "出没時間": "11時~12時", "通報者": "地域住民", "出没場所": "農地", "目撃者状況": "農作業" }, "geometry": { "type": "Point", "coordinates": [ 137.1762240718177, 36.234566386895224 ] } },
{ "type": "Feature", "properties": { "出没月": "6月", "出没時間": "15時~16時", "通報者": "地域住民", "出没場所": "山林", "目撃者状況": "自宅" }, "geometry": { "type": "Point", "coordinates": [ 137.417743183474613, 35.643449217731721 ] } },
{ "type": "Feature", "properties": { "出没月": "6月", "出没時間": "17時~18時", "通報者": "地域住民", "出没場所": "山林", "目撃者状況": "自宅" }, "geometry": { "type": "Point", "coordinates": [ 137.567054102629982, 36.263174409499584 ] } },
{ "type": "Feature", "properties": { "出没月": "6月", "出没時間": "9時~10時", "通報者": "地域住民", "出没場所": "山林", "目撃者状況": null }, "geometry": { "type": "Point", "coordinates": [ 137.17996929740832, 36.231215870546585 ] } },
{ "type": "Feature", "properties": { "出没月": "6月", "出没時間": "16時~17時", "通報者": "地域住民", "出没場所": "山林", "目撃者状況": "林業作業" }, "geometry": { "type": "Point", "coordinates": [ 137.268670766683584, 35.624011876237631 ] } },
{ "type": "Feature", "properties": { "出没月": "6月", "出没時間": "8時~9時", "通報者": "その他", "出没場所": "その他", "目撃者状況": "その他車移動" }, "geometry": { "type": "Point", "coordinates": [ 136.488429461178242, 35.63842746531634 ] } },
{ "type": "Feature", "properties": { "出没月": "6月", "出没時間": "8時~9時", "通報者": "地域住民", "出没場所": "山林", "目撃者状況": "自宅" }, "geometry": { "type": "Point", "coordinates": [ 137.416364709928587, 35.655574434273923 ] } },
{ "type": "Feature", "properties": { "出没月": "6月", "出没時間": "19時~20時", "通報者": "地域住民", "出没場所": "国・県・市道", "目撃者状況": "その他車移動" }, "geometry": { "type": "Point", "coordinates": [ 137.280115097243112, 36.30544173240677 ] } },
{ "type": "Feature", "properties": { "出没月": "6月", "出没時間": "6時~7時", "通報者": "地域住民", "出没場所": "住宅地", "目撃者状況": "自宅" }, "geometry": { "type": "Point", "coordinates": [ 137.5268700416689, 36.237160525059259 ] } },
{ "type": "Feature", "properties": { "出没月": "4月", "出没時間": "18時~19時", "通報者": "建設業関係者", "出没場所": "山林", "目撃者状況": "その他" }, "geometry": { "type": "Point", "coordinates": [ 137.100782813597846, 36.256704002232311 ] } },
{ "type": "Feature", "properties": { "出没月": "6月", "出没時間": "18時~19時", "通報者": "地域住民", "出没場所": "山林", "目撃者状況": null }, "geometry": { "type": "Point", "coordinates": [ 137.101145223897703, 36.255814182250553 ] } },
{ "type": "Feature", "properties": { "出没月": "6月", "出没時間": "11時~12時", "通報者": "地域住民", "出没場所": "山林", "目撃者状況": "その他車移動" }, "geometry": { "type": "Point", "coordinates": [ 137.180922008609258, 36.229784074470665 ] } },
{ "type": "Feature", "properties": { "出没月": "6月", "出没時間": "17時~18時", "通報者": "地域住民", "出没場所": "国・県・市道", "目撃者状況": "その他車移動" }, "geometry": { "type": "Point", "coordinates": [ 137.132256738795121, 36.255506094700671 ] } },
{ "type": "Feature", "properties": { "出没月": "6月", "出没時間": "9時~10時", "通報者": "その他", "出没場所": "その他", "目撃者状況": "その他" }, "geometry": { "type": "Point", "coordinates": [ 137.287529053309157, 36.401422537452177 ] } },
{ "type": "Feature", "properties": { "出没月": "6月", "出没時間": "12時~13時", "通報者": "その他", "出没場所": "その他", "目撃者状況": "その他" }, "geometry": { "type": "Point", "coordinates": [ 137.278837291548172, 36.394727871005557 ] } },
{ "type": "Feature", "properties": { "出没月": "6月", "出没時間": "12時~13時", "通報者": "地域住民", "出没場所": "住宅地", "目撃者状況": "その他" }, "geometry": { "type": "Point", "coordinates": [ 137.176311423002858, 36.233711901507213 ] } },
{ "type": "Feature", "properties": { "出没月": "6月", "出没時間": "10時~11時", "通報者": "地域住民", "出没場所": "山林", "目撃者状況": "農作業" }, "geometry": { "type": "Point", "coordinates": [ 137.180428323429652, 36.229558809944265 ] } },
{ "type": "Feature", "properties": { "出没月": "6月", "出没時間": "13時~14時", "通報者": "地域住民", "出没場所": "住宅地", "目撃者状況": "自宅" }, "geometry": { "type": "Point", "coordinates": [ 137.179468858695259, 36.22963777925942 ] } },
{ "type": "Feature", "properties": { "出没月": "6月", "出没時間": "9時~10時", "通報者": "地域住民", "出没場所": "国・県・市道", "目撃者状況": "自宅" }, "geometry": { "type": "Point", "coordinates": [ 137.181515633185398, 36.229039311969224 ] } },
{ "type": "Feature", "properties": { "出没月": "6月", "出没時間": "12時~13時", "通報者": "地域住民", "出没場所": "住宅地", "目撃者状況": "自宅" }, "geometry": { "type": "Point", "coordinates": [ 137.181803466527128, 36.228997591285435 ] } },
{ "type": "Feature", "properties": { "出没月": "6月", "出没時間": "19時~20時", "通報者": "地域住民", "出没場所": "林道", "目撃者状況": "自宅" }, "geometry": { "type": "Point", "coordinates": [ 137.203029719745473, 35.597308519779041 ] } },
{ "type": "Feature", "properties": { "出没月": "6月", "出没時間": "15時~16時", "通報者": "地域住民", "出没場所": "住宅地", "目撃者状況": "自宅" }, "geometry": { "type": "Point", "coordinates": [ 136.905997349446437, 36.261954535160093 ] } },
{ "type": "Feature", "properties": { "出没月": "6月", "出没時間": "19時~20時", "通報者": "地域住民", "出没場所": "山林", "目撃者状況": "散歩" }, "geometry": { "type": "Point", "coordinates": [ 136.905413392719169, 36.168394432535571 ] } },
{ "type": "Feature", "properties": { "出没月": "6月", "出没時間": "19時~20時", "通報者": "地域住民", "出没場所": "住宅地", "目撃者状況": "通勤・通学" }, "geometry": { "type": "Point", "coordinates": [ 136.903203339201525, 36.166145363425358 ] } },
{ "type": "Feature", "properties": { "出没月": "6月", "出没時間": "9時~10時", "通報者": "地域住民", "出没場所": "その他", "目撃者状況": "自宅" }, "geometry": { "type": "Point", "coordinates": [ 137.427681303343888, 35.64870845375318 ] } },
{ "type": "Feature", "properties": { "出没月": "6月", "出没時間": "17時~18時", "通報者": "地域住民", "出没場所": "国・県・市道", "目撃者状況": "その他車移動" }, "geometry": { "type": "Point", "coordinates": [ 137.562573358517227, 36.265122565326969 ] } },
{ "type": "Feature", "properties": { "出没月": "6月", "出没時間": "11時~12時", "通報者": "その他", "出没場所": "国・県・市道", "目撃者状況": "その他車移動" }, "geometry": { "type": "Point", "coordinates": [ 137.434834528905242, 36.259778825928663 ] } },
{ "type": "Feature", "properties": { "出没月": "6月", "出没時間": "15時~16時", "通報者": "その他", "出没場所": "国・県・市道", "目撃者状況": "その他車移動" }, "geometry": { "type": "Point", "coordinates": [ 137.435112048523251, 36.259575415031293 ] } },
{ "type": "Feature", "properties": { "出没月": "6月", "出没時間": "14時~15時", "通報者": "その他", "出没場所": "国・県・市道", "目撃者状況": "その他車移動" }, "geometry": { "type": "Point", "coordinates": [ 137.434723859386708, 36.259959330339015 ] } },
{ "type": "Feature", "properties": { "出没月": "5月", "出没時間": "10時~11時", "通報者": "地域住民", "出没場所": "国・県・市道", "目撃者状況": "その他車移動" }, "geometry": { "type": "Point", "coordinates": [ 137.540454937651077, 36.247989999550846 ] } },
{ "type": "Feature", "properties": { "出没月": "6月", "出没時間": "11時~12時", "通報者": "地域住民", "出没場所": "国・県・市道", "目撃者状況": "その他" }, "geometry": { "type": "Point", "coordinates": [ 137.380121238361767, 36.280711389499963 ] } },
{ "type": "Feature", "properties": { "出没月": "5月", "出没時間": "16時~17時", "通報者": "地域住民", "出没場所": "農地", "目撃者状況": "農作業" }, "geometry": { "type": "Point", "coordinates": [ 137.31124386730113, 36.282326956352946 ] } },
{ "type": "Feature", "properties": { "出没月": "6月", "出没時間": "10時~11時", "通報者": "地域住民", "出没場所": "国・県・市道", "目撃者状況": "その他車移動" }, "geometry": { "type": "Point", "coordinates": [ 137.185655323863557, 36.223530719434009 ] } },
{ "type": "Feature", "properties": { "出没月": "6月", "出没時間": "16時~17時", "通報者": "その他", "出没場所": "農地", "目撃者状況": "その他" }, "geometry": { "type": "Point", "coordinates": [ 137.306782904238162, 36.299910027332814 ] } },
{ "type": "Feature", "properties": { "出没月": "6月", "出没時間": "6時~7時", "通報者": "地域住民", "出没場所": "その他", "目撃者状況": "その他車移動" }, "geometry": { "type": "Point", "coordinates": [ 137.305067913100572, 36.303284493076028 ] } },
{ "type": "Feature", "properties": { "出没月": "6月", "出没時間": "19時~20時", "通報者": "地域住民", "出没場所": "国・県・市道", "目撃者状況": "その他車移動" }, "geometry": { "type": "Point", "coordinates": [ 137.252111806320272, 36.307535710370047 ] } },
{ "type": "Feature", "properties": { "出没月": "6月", "出没時間": "6時~7時", "通報者": "地域住民", "出没場所": "住宅地", "目撃者状況": "散歩" }, "geometry": { "type": "Point", "coordinates": [ 137.301853683997109, 36.334873917274173 ] } },
{ "type": "Feature", "properties": { "出没月": "6月", "出没時間": "10時~11時", "通報者": "地域住民", "出没場所": "農地", "目撃者状況": null }, "geometry": { "type": "Point", "coordinates": [ 136.628750579982494, 35.533632934774538 ] } },
{ "type": "Feature", "properties": { "出没月": "6月", "出没時間": "14時~15時", "通報者": "地域住民", "出没場所": "農地", "目撃者状況": "散歩" }, "geometry": { "type": "Point", "coordinates": [ 136.448021045106884, 35.492597189697129 ] } },
{ "type": "Feature", "properties": { "出没月": "6月", "出没時間": "17時~18時", "通報者": "地域住民", "出没場所": "国・県・市道", "目撃者状況": "その他車移動" }, "geometry": { "type": "Point", "coordinates": [ 136.518036700026073, 35.473635570222278 ] } },
{ "type": "Feature", "properties": { "出没月": "6月", "出没時間": "6時~7時", "通報者": "地域住民", "出没場所": "国・県・市道", "目撃者状況": "自宅" }, "geometry": { "type": "Point", "coordinates": [ 137.181820093631956, 36.228690024120702 ] } },
{ "type": "Feature", "properties": { "出没月": "6月", "出没時間": "12時~13時", "通報者": "地域住民", "出没場所": "その他", "目撃者状況": "その他車移動" }, "geometry": { "type": "Point", "coordinates": [ 137.179489663020945, 36.34319402096547 ] } },
{ "type": "Feature", "properties": { "出没月": "6月", "出没時間": "8時~9時", "通報者": "地域住民", "出没場所": "農地", "目撃者状況": "その他車移動" }, "geometry": { "type": "Point", "coordinates": [ 137.182685262401463, 36.389122286079413 ] } },
{ "type": "Feature", "properties": { "出没月": "6月", "出没時間": "9時~10時", "通報者": "その他", "出没場所": "国・県・市道", "目撃者状況": "その他車移動" }, "geometry": { "type": "Point", "coordinates": [ 137.413073901382575, 36.268418788732674 ] } },
{ "type": "Feature", "properties": { "出没月": "6月", "出没時間": "12時~13時", "通報者": "地域住民", "出没場所": "その他", "目撃者状況": "その他車移動" }, "geometry": { "type": "Point", "coordinates": [ 137.179475717068357, 36.343070097541315 ] } },
{ "type": "Feature", "properties": { "出没月": "6月", "出没時間": "12時~13時", "通報者": "地域住民", "出没場所": "その他", "目撃者状況": "その他車移動" }, "geometry": { "type": "Point", "coordinates": [ 137.190794408705557, 36.415553338173304 ] } },
{ "type": "Feature", "properties": { "出没月": "6月", "出没時間": "17時~18時", "通報者": "地域住民", "出没場所": "国・県・市道", "目撃者状況": "通勤・通学" }, "geometry": { "type": "Point", "coordinates": [ 137.212456965651199, 35.606223371171453 ] } },
{ "type": "Feature", "properties": { "出没月": "6月", "出没時間": "18時~19時", "通報者": "その他", "出没場所": "その他", "目撃者状況": "その他" }, "geometry": { "type": "Point", "coordinates": [ 136.484827288679355, 35.636540754626225 ] } },
{ "type": "Feature", "properties": { "出没月": "4月", "出没時間": "12時~13時", "通報者": "地域住民", "出没場所": "国・県・市道", "目撃者状況": "その他車移動" }, "geometry": { "type": "Point", "coordinates": [ 137.444360280773509, 36.03031458063289 ] } },
{ "type": "Feature", "properties": { "出没月": "4月", "出没時間": "16時~17時", "通報者": "地域住民", "出没場所": "農地", "目撃者状況": "農作業" }, "geometry": { "type": "Point", "coordinates": [ 137.162924408107244, 36.135735715930061 ] } },
{ "type": "Feature", "properties": { "出没月": "4月", "出没時間": "6時~7時", "通報者": "地域住民", "出没場所": "その他", "目撃者状況": "通勤・通学" }, "geometry": { "type": "Point", "coordinates": [ 137.200832493963446, 36.131889094709635 ] } },
{ "type": "Feature", "properties": { "出没月": "4月", "出没時間": "14時~15時", "通報者": "地域住民", "出没場所": "農地", "目撃者状況": "農作業" }, "geometry": { "type": "Point", "coordinates": [ 137.505572388435581, 36.055485218673667 ] } },
{ "type": "Feature", "properties": { "出没月": "5月", "出没時間": "16時~17時", "通報者": "地域住民", "出没場所": "住宅地", "目撃者状況": "自宅" }, "geometry": { "type": "Point", "coordinates": [ 137.235757084191334, 36.119075513461915 ] } },
{ "type": "Feature", "properties": { "出没月": "5月", "出没時間": "18時~19時", "通報者": "地域住民", "出没場所": "住宅地", "目撃者状況": "自宅" }, "geometry": { "type": "Point", "coordinates": [ 137.202212314400327, 36.127325839925831 ] } },
{ "type": "Feature", "properties": { "出没月": "6月", "出没時間": "14時~15時", "通報者": "地域住民", "出没場所": "住宅地", "目撃者状況": "その他" }, "geometry": { "type": "Point", "coordinates": [ 137.519180075512054, 36.247019235304819 ] } },
{ "type": "Feature", "properties": { "出没月": "6月", "出没時間": "7時~8時", "通報者": "地域住民", "出没場所": "住宅地", "目撃者状況": "通勤・通学" }, "geometry": { "type": "Point", "coordinates": [ 137.135884118832053, 36.2635296439095 ] } },
{ "type": "Feature", "properties": { "出没月": "6月", "出没時間": "13時~14時", "通報者": "その他", "出没場所": "山林", "目撃者状況": "その他" }, "geometry": { "type": "Point", "coordinates": [ 137.182532897063226, 36.390915316445167 ] } },
{ "type": "Feature", "properties": { "出没月": "6月", "出没時間": "14時~15時", "通報者": "その他", "出没場所": "その他", "目撃者状況": "その他" }, "geometry": { "type": "Point", "coordinates": [ 137.155780478906053, 36.332602622051866 ] } },
{ "type": "Feature", "properties": { "出没月": "6月", "出没時間": "7時~8時", "通報者": "地域住民", "出没場所": "農地", "目撃者状況": "自宅" }, "geometry": { "type": "Point", "coordinates": [ 137.409513287230425, 35.299259511867263 ] } },
{ "type": "Feature", "properties": { "出没月": "6月", "出没時間": "8時~9時", "通報者": "捕獲従事者", "出没場所": "林道", "目撃者状況": "その他" }, "geometry": { "type": "Point", "coordinates": [ 136.619886526644734, 35.591814088227395 ] } },
{ "type": "Feature", "properties": { "出没月": "6月", "出没時間": "18時~19時", "通報者": "地域住民", "出没場所": "国・県・市道", "目撃者状況": "その他" }, "geometry": { "type": "Point", "coordinates": [ 136.675801325185375, 35.536941128784981 ] } },
{ "type": "Feature", "properties": { "出没月": "5月", "出没時間": "19時~20時", "通報者": "地域住民", "出没場所": "林道", "目撃者状況": "自宅" }, "geometry": { "type": "Point", "coordinates": [ 136.643221036416151, 35.578301312882715 ] } },
{ "type": "Feature", "properties": { "出没月": "6月", "出没時間": "16時~17時", "通報者": "地域住民", "出没場所": "住宅地", "目撃者状況": "その他車移動" }, "geometry": { "type": "Point", "coordinates": [ 137.51935088943182, 36.246961275131092 ] } },
{ "type": "Feature", "properties": { "出没月": "6月", "出没時間": "11時~12時", "通報者": "地域住民", "出没場所": "国・県・市道", "目撃者状況": "その他車移動" }, "geometry": { "type": "Point", "coordinates": [ 137.530187775914925, 36.245931793629666 ] } },
{ "type": "Feature", "properties": { "出没月": "6月", "出没時間": "14時~15時", "通報者": "地域住民", "出没場所": "国・県・市道", "目撃者状況": "その他" }, "geometry": { "type": "Point", "coordinates": [ 137.525218905857372, 36.245141268811487 ] } },
{ "type": "Feature", "properties": { "出没月": "6月", "出没時間": "9時~10時", "通報者": "建設業関係者", "出没場所": "その他", "目撃者状況": "建設作業" }, "geometry": { "type": "Point", "coordinates": [ 137.516581033485323, 36.249616922921042 ] } },
{ "type": "Feature", "properties": { "出没月": "6月", "出没時間": "17時~18時", "通報者": "地域住民", "出没場所": "住宅地", "目撃者状況": "その他" }, "geometry": { "type": "Point", "coordinates": [ 136.624819784243726, 35.609957301126379 ] } },
{ "type": "Feature", "properties": { "出没月": "6月", "出没時間": "12時~13時", "通報者": "地域住民", "出没場所": "国・県・市道", "目撃者状況": "その他車移動" }, "geometry": { "type": "Point", "coordinates": [ 137.390444047769705, 35.312175417464736 ] } },
{ "type": "Feature", "properties": { "出没月": "6月", "出没時間": "11時~12時", "通報者": "地域住民", "出没場所": "山林", "目撃者状況": "その他" }, "geometry": { "type": "Point", "coordinates": [ 136.625256875990374, 35.550981250167538 ] } },
{ "type": "Feature", "properties": { "出没月": "6月", "出没時間": "11時~12時", "通報者": "登山者", "出没場所": "登山道", "目撃者状況": "登山" }, "geometry": { "type": "Point", "coordinates": [ 136.572424191957907, 35.491683616273313 ] } },
{ "type": "Feature", "properties": { "出没月": "6月", "出没時間": "17時~18時", "通報者": "その他", "出没場所": "国・県・市道", "目撃者状況": "その他車移動" }, "geometry": { "type": "Point", "coordinates": [ 136.538352306156924, 35.508687953120365 ] } },
{ "type": "Feature", "properties": { "出没月": "5月", "出没時間": "18時~19時", "通報者": "地域住民", "出没場所": "国・県・市道", "目撃者状況": "その他車移動" }, "geometry": { "type": "Point", "coordinates": [ 137.115213072112709, 36.099840348826433 ] } },
{ "type": "Feature", "properties": { "出没月": "6月", "出没時間": "22時~23時", "通報者": "地域住民", "出没場所": "農地", "目撃者状況": "自宅" }, "geometry": { "type": "Point", "coordinates": [ 137.264767917622379, 35.547171003747032 ] } },
{ "type": "Feature", "properties": { "出没月": "5月", "出没時間": "14時~15時", "通報者": "地域住民", "出没場所": "国・県・市道", "目撃者状況": "その他車移動" }, "geometry": { "type": "Point", "coordinates": [ 137.28033042093378, 35.987425815232378 ] } },
{ "type": "Feature", "properties": { "出没月": "5月", "出没時間": "12時~13時", "通報者": "地域住民", "出没場所": "住宅地", "目撃者状況": "通勤・通学" }, "geometry": { "type": "Point", "coordinates": [ 137.357486445099113, 36.086733011032798 ] } },
{ "type": "Feature", "properties": { "出没月": "5月", "出没時間": "12時~13時", "通報者": "地域住民", "出没場所": "住宅地", "目撃者状況": "自宅" }, "geometry": { "type": "Point", "coordinates": [ 137.357586131896142, 36.086629201694848 ] } },
{ "type": "Feature", "properties": { "出没月": "5月", "出没時間": "17時~18時", "通報者": "地域住民", "出没場所": "住宅地", "目撃者状況": "自宅" }, "geometry": { "type": "Point", "coordinates": [ 137.191318768975293, 36.206379236438778 ] } },
{ "type": "Feature", "properties": { "出没月": "5月", "出没時間": "13時~14時", "通報者": "地域住民", "出没場所": "河川敷", "目撃者状況": "散歩" }, "geometry": { "type": "Point", "coordinates": [ 137.379677695903041, 36.078832823591313 ] } },
{ "type": "Feature", "properties": { "出没月": "5月", "出没時間": "14時~15時", "通報者": "地域住民", "出没場所": "住宅地", "目撃者状況": "自宅" }, "geometry": { "type": "Point", "coordinates": [ 137.336482609647845, 36.186535376946338 ] } },
{ "type": "Feature", "properties": { "出没月": "5月", "出没時間": "17時~18時", "通報者": "地域住民", "出没場所": "住宅地", "目撃者状況": "その他車移動" }, "geometry": { "type": "Point", "coordinates": [ 137.190671867890785, 36.21388825851443 ] } },
{ "type": "Feature", "properties": { "出没月": "5月", "出没時間": "11時~12時", "通報者": "地域住民", "出没場所": "その他", "目撃者状況": "その他" }, "geometry": { "type": "Point", "coordinates": [ 137.189466176894854, 36.217553370345009 ] } },
{ "type": "Feature", "properties": { "出没月": "5月", "出没時間": "12時~13時", "通報者": "地域住民", "出没場所": "住宅地", "目撃者状況": "その他車移動" }, "geometry": { "type": "Point", "coordinates": [ 137.192136925763634, 36.217293710497508 ] } },
{ "type": "Feature", "properties": { "出没月": "5月", "出没時間": "10時~11時", "通報者": "地域住民", "出没場所": "住宅地", "目撃者状況": "その他" }, "geometry": { "type": "Point", "coordinates": [ 137.526240656644831, 36.245488011709043 ] } },
{ "type": "Feature", "properties": { "出没月": "5月", "出没時間": "19時~20時", "通報者": "地域住民", "出没場所": "国・県・市道", "目撃者状況": "その他車移動" }, "geometry": { "type": "Point", "coordinates": [ 137.079453813185324, 36.161815845090537 ] } },
{ "type": "Feature", "properties": { "出没月": "5月", "出没時間": "9時~10時", "通報者": "地域住民", "出没場所": "住宅地", "目撃者状況": "自宅" }, "geometry": { "type": "Point", "coordinates": [ 136.941052596058029, 36.021901911991115 ] } },
{ "type": "Feature", "properties": { "出没月": "6月", "出没時間": "10時~11時", "通報者": "地域住民", "出没場所": "国・県・市道", "目撃者状況": "その他車移動" }, "geometry": { "type": "Point", "coordinates": [ 137.444655972840565, 36.169900213568958 ] } },
{ "type": "Feature", "properties": { "出没月": "2月", "出没時間": "11時~12時", "通報者": "地域住民", "出没場所": "住宅地", "目撃者状況": "自宅" }, "geometry": { "type": "Point", "coordinates": [ 137.305948032112411, 36.157699489492828 ] } },
{ "type": "Feature", "properties": { "出没月": "6月", "出没時間": "17時~18時", "通報者": "その他", "出没場所": "国・県・市道", "目撃者状況": "その他車移動" }, "geometry": { "type": "Point", "coordinates": [ 137.045172767547712, 36.061906570233084 ] } },
{ "type": "Feature", "properties": { "出没月": "6月", "出没時間": "8時~9時", "通報者": "地域住民", "出没場所": "住宅地", "目撃者状況": "自宅" }, "geometry": { "type": "Point", "coordinates": [ 137.382396437158093, 36.093011183752097 ] } },
{ "type": "Feature", "properties": { "出没月": "6月", "出没時間": "17時~18時", "通報者": "地域住民", "出没場所": "住宅地", "目撃者状況": "自宅" }, "geometry": { "type": "Point", "coordinates": [ 137.381913749518645, 36.093151754474867 ] } },
{ "type": "Feature", "properties": { "出没月": "6月", "出没時間": "17時~18時", "通報者": "地域住民", "出没場所": "住宅地", "目撃者状況": "自宅" }, "geometry": { "type": "Point", "coordinates": [ 137.381722922696127, 36.093421926122524 ] } },
{ "type": "Feature", "properties": { "出没月": "6月", "出没時間": "21時~22時", "通報者": "地域住民", "出没場所": "住宅地", "目撃者状況": "自宅" }, "geometry": { "type": "Point", "coordinates": [ 137.381578568871475, 36.093426691657875 ] } },
{ "type": "Feature", "properties": { "出没月": "6月", "出没時間": "6時~7時", "通報者": "地域住民", "出没場所": "農地", "目撃者状況": "農作業" }, "geometry": { "type": "Point", "coordinates": [ 137.382038964069892, 36.001064754994644 ] } },
{ "type": "Feature", "properties": { "出没月": "6月", "出没時間": "8時~9時", "通報者": "地域住民", "出没場所": "国・県・市道", "目撃者状況": "その他車移動" }, "geometry": { "type": "Point", "coordinates": [ 137.418808512669301, 36.178945035188157 ] } },
{ "type": "Feature", "properties": { "出没月": "6月", "出没時間": "17時~18時", "通報者": "地域住民", "出没場所": "国・県・市道", "目撃者状況": "その他車移動" }, "geometry": { "type": "Point", "coordinates": [ 137.422340416452073, 36.181759721408511 ] } },
{ "type": "Feature", "properties": { "出没月": "6月", "出没時間": "10時~11時", "通報者": "地域住民", "出没場所": "国・県・市道", "目撃者状況": "その他車移動" }, "geometry": { "type": "Point", "coordinates": [ 137.501387433046546, 36.172541180153978 ] } },
{ "type": "Feature", "properties": { "出没月": "6月", "出没時間": "16時~17時", "通報者": "地域住民", "出没場所": "国・県・市道", "目撃者状況": "その他車移動" }, "geometry": { "type": "Point", "coordinates": [ 136.963590481745143, 36.02584490286339 ] } },
{ "type": "Feature", "properties": { "出没月": "6月", "出没時間": "11時~12時", "通報者": "地域住民", "出没場所": "林道", "目撃者状況": "その他車移動" }, "geometry": { "type": "Point", "coordinates": [ 136.950007948338879, 36.032457083714171 ] } },
{ "type": "Feature", "properties": { "出没月": "6月", "出没時間": "13時~14時", "通報者": "地域住民", "出没場所": "住宅地", "目撃者状況": "自宅" }, "geometry": { "type": "Point", "coordinates": [ 137.291583465859532, 36.204438518951285 ] } },
{ "type": "Feature", "properties": { "出没月": "6月", "出没時間": "8時~9時", "通報者": "地域住民", "出没場所": "国・県・市道", "目撃者状況": "通勤・通学" }, "geometry": { "type": "Point", "coordinates": [ 137.358987470928241, 36.089816468596965 ] } },
{ "type": "Feature", "properties": { "出没月": "6月", "出没時間": "17時~18時", "通報者": "地域住民", "出没場所": "住宅地", "目撃者状況": "自宅" }, "geometry": { "type": "Point", "coordinates": [ 137.301697295843411, 35.728342613109298 ] } },
{ "type": "Feature", "properties": { "出没月": "6月", "出没時間": "9時~10時", "通報者": "地域住民", "出没場所": "登山道", "目撃者状況": "その他" }, "geometry": { "type": "Point", "coordinates": [ 136.614659357579654, 35.489898358045998 ] } },
{ "type": "Feature", "properties": { "出没月": "6月", "出没時間": "8時~9時", "通報者": "地域住民", "出没場所": "農地", "目撃者状況": "その他" }, "geometry": { "type": "Point", "coordinates": [ 137.371089006525125, 36.013725506233499 ] } },
{ "type": "Feature", "properties": { "出没月": "6月", "出没時間": "14時~15時", "通報者": "その他", "出没場所": "農地", "目撃者状況": "その他" }, "geometry": { "type": "Point", "coordinates": [ 137.214267782000718, 36.299146153572359 ] } },
{ "type": "Feature", "properties": { "出没月": "6月", "出没時間": "15時~16時", "通報者": "地域住民", "出没場所": "国・県・市道", "目撃者状況": "その他車移動" }, "geometry": { "type": "Point", "coordinates": [ 137.241500503751467, 36.22887713261521 ] } },
{ "type": "Feature", "properties": { "出没月": "6月", "出没時間": "15時~16時", "通報者": "地域住民", "出没場所": "林道", "目撃者状況": "林業作業" }, "geometry": { "type": "Point", "coordinates": [ 137.341466795887641, 36.126323679572948 ] } },
{ "type": "Feature", "properties": { "出没月": "6月", "出没時間": "12時~13時", "通報者": "地域住民", "出没場所": "登山道", "目撃者状況": "登山" }, "geometry": { "type": "Point", "coordinates": [ 137.15482280052575, 36.19717560300333 ] } },
{ "type": "Feature", "properties": { "出没月": "6月", "出没時間": "13時~14時", "通報者": "地域住民", "出没場所": "その他", "目撃者状況": "その他" }, "geometry": { "type": "Point", "coordinates": [ 137.456248603253812, 36.177301655281497 ] } },
{ "type": "Feature", "properties": { "出没月": "6月", "出没時間": "12時~13時", "通報者": "地域住民", "出没場所": "住宅地", "目撃者状況": "自宅" }, "geometry": { "type": "Point", "coordinates": [ 137.455886456949571, 36.177071574116894 ] } },
{ "type": "Feature", "properties": { "出没月": "6月", "出没時間": "14時~15時", "通報者": "地域住民", "出没場所": "林道", "目撃者状況": "その他" }, "geometry": { "type": "Point", "coordinates": [ 137.345657793048133, 36.170269395661713 ] } },
{ "type": "Feature", "properties": { "出没月": "7月", "出没時間": "11時~12時", "通報者": "その他", "出没場所": "農地", "目撃者状況": "その他車移動" }, "geometry": { "type": "Point", "coordinates": [ 137.497167120003382, 36.249169106231001 ] } },
{ "type": "Feature", "properties": { "出没月": "6月", "出没時間": "17時~18時", "通報者": "地域住民", "出没場所": "住宅地", "目撃者状況": "通勤・通学" }, "geometry": { "type": "Point", "coordinates": [ 136.902137311848549, 36.164799518808415 ] } },
{ "type": "Feature", "properties": { "出没月": "7月", "出没時間": "12時~13時", "通報者": "地域住民", "出没場所": "住宅地", "目撃者状況": "自宅" }, "geometry": { "type": "Point", "coordinates": [ 137.532049794361143, 36.231373227406095 ] } },
{ "type": "Feature", "properties": { "出没月": "7月", "出没時間": "15時~16時", "通報者": "地域住民", "出没場所": "住宅地", "目撃者状況": "自宅" }, "geometry": { "type": "Point", "coordinates": [ 137.533462255831182, 36.231594226624111 ] } },
{ "type": "Feature", "properties": { "出没月": "7月", "出没時間": "12時~13時", "通報者": "地域住民", "出没場所": "その他", "目撃者状況": null }, "geometry": { "type": "Point", "coordinates": [ 137.416470136584621, 35.67612548279579 ] } },
{ "type": "Feature", "properties": { "出没月": "6月", "出没時間": "16時~17時", "通報者": "地域住民", "出没場所": "山林", "目撃者状況": "その他車移動" }, "geometry": { "type": "Point", "coordinates": [ 137.436050563113412, 35.633862413632777 ] } },
{ "type": "Feature", "properties": { "出没月": "7月", "出没時間": "14時~15時", "通報者": "地域住民", "出没場所": "その他", "目撃者状況": "自宅" }, "geometry": { "type": "Point", "coordinates": [ 136.725488593272331, 35.624574700581938 ] } },
{ "type": "Feature", "properties": { "出没月": "7月", "出没時間": "18時~19時", "通報者": null, "出没場所": "山林", "目撃者状況": null }, "geometry": { "type": "Point", "coordinates": [ 137.473705407181058, 35.600391070124864 ] } },
{ "type": "Feature", "properties": { "出没月": "6月", "出没時間": "6時~7時", "通報者": null, "出没場所": "山林", "目撃者状況": null }, "geometry": { "type": "Point", "coordinates": [ 137.396545097407, 35.594792449271601 ] } },
{ "type": "Feature", "properties": { "出没月": "6月", "出没時間": "9時~10時", "通報者": null, "出没場所": "山林", "目撃者状況": null }, "geometry": { "type": "Point", "coordinates": [ 137.397577456130335, 35.685680570070922 ] } },
{ "type": "Feature", "properties": { "出没月": "4月", "出没時間": "12時~13時", "通報者": null, "出没場所": "山林", "目撃者状況": null }, "geometry": { "type": "Point", "coordinates": [ 137.448748348333908, 35.566694215644191 ] } },
{ "type": "Feature", "properties": { "出没月": "6月", "出没時間": "5時~6時", "通報者": "地域住民", "出没場所": "国・県・市道", "目撃者状況": "その他車移動" }, "geometry": { "type": "Point", "coordinates": [ 137.30092987209585, 36.310963020498477 ] } },
{ "type": "Feature", "properties": { "出没月": "6月", "出没時間": "16時~17時", "通報者": "その他", "出没場所": "国・県・市道", "目撃者状況": "その他車移動" }, "geometry": { "type": "Point", "coordinates": [ 137.282963593780579, 36.320898697247259 ] } },
{ "type": "Feature", "properties": { "出没月": "7月", "出没時間": "11時~12時", "通報者": "地域住民", "出没場所": "国・県・市道", "目撃者状況": "その他車移動" }, "geometry": { "type": "Point", "coordinates": [ 137.301348685702237, 36.315716779845552 ] } },
{ "type": "Feature", "properties": { "出没月": "7月", "出没時間": "10時~11時", "通報者": "地域住民", "出没場所": "国・県・市道", "目撃者状況": "その他車移動" }, "geometry": { "type": "Point", "coordinates": [ 137.141716510636059, 36.262230652281303 ] } },
{ "type": "Feature", "properties": { "出没月": "6月", "出没時間": "12時~13時", "通報者": "林業従事者", "出没場所": "その他", "目撃者状況": "林業作業" }, "geometry": { "type": "Point", "coordinates": [ 137.278851904901899, 35.98452311595684 ] } },
{ "type": "Feature", "properties": { "出没月": "6月", "出没時間": "10時~11時", "通報者": "地域住民", "出没場所": "国・県・市道", "目撃者状況": "その他車移動" }, "geometry": { "type": "Point", "coordinates": [ 137.241084162237598, 35.832290298990152 ] } },
{ "type": "Feature", "properties": { "出没月": "6月", "出没時間": "14時~15時", "通報者": "地域住民", "出没場所": "国・県・市道", "目撃者状況": "その他車移動" }, "geometry": { "type": "Point", "coordinates": [ 137.205654587038708, 35.991054068351971 ] } },
{ "type": "Feature", "properties": { "出没月": "7月", "出没時間": "13時~14時", "通報者": "地域住民", "出没場所": "国・県・市道", "目撃者状況": "その他車移動" }, "geometry": { "type": "Point", "coordinates": [ 137.206132442585215, 35.990180753245923 ] } },
{ "type": "Feature", "properties": { "出没月": "7月", "出没時間": "10時~11時", "通報者": "地域住民", "出没場所": "国・県・市道", "目撃者状況": "その他車移動" }, "geometry": { "type": "Point", "coordinates": [ 137.206284691457171, 35.989684974115868 ] } },
{ "type": "Feature", "properties": { "出没月": "6月", "出没時間": "15時~16時", "通報者": "地域住民", "出没場所": "山林", "目撃者状況": "自宅" }, "geometry": { "type": "Point", "coordinates": [ 137.131715963648332, 35.917013118918277 ] } },
{ "type": "Feature", "properties": { "出没月": "7月", "出没時間": "7時~8時", "通報者": "地域住民", "出没場所": "山林", "目撃者状況": "散歩" }, "geometry": { "type": "Point", "coordinates": [ 137.382491410167404, 35.708010358207879 ] } },
{ "type": "Feature", "properties": { "出没月": "7月", "出没時間": "9時~10時", "通報者": "地域住民", "出没場所": "国・県・市道", "目撃者状況": "その他" }, "geometry": { "type": "Point", "coordinates": [ 136.671484999983477, 35.707835135816445 ] } },
{ "type": "Feature", "properties": { "出没月": "6月", "出没時間": "16時~17時", "通報者": null, "出没場所": null, "目撃者状況": null }, "geometry": { "type": "Point", "coordinates": [ 137.356690598122071, 35.561368526802148 ] } },
{ "type": "Feature", "properties": { "出没月": "4月", "出没時間": "11時~12時", "通報者": null, "出没場所": null, "目撃者状況": null }, "geometry": { "type": "Point", "coordinates": [ 137.537237093920851, 35.551241057246507 ] } },
{ "type": "Feature", "properties": { "出没月": "7月", "出没時間": "12時~13時", "通報者": "その他", "出没場所": "国・県・市道", "目撃者状況": "その他" }, "geometry": { "type": "Point", "coordinates": [ 136.519980448497591, 35.778088292968313 ] } },
{ "type": "Feature", "properties": { "出没月": "6月", "出没時間": "10時~11時", "通報者": "地域住民", "出没場所": "国・県・市道", "目撃者状況": "自宅" }, "geometry": { "type": "Point", "coordinates": [ 137.490938126690537, 36.178340586668192 ] } },
{ "type": "Feature", "properties": { "出没月": "6月", "出没時間": "13時~14時", "通報者": "地域住民", "出没場所": "国・県・市道", "目撃者状況": "自宅" }, "geometry": { "type": "Point", "coordinates": [ 137.458557892464796, 36.176001685129627 ] } },
{ "type": "Feature", "properties": { "出没月": "6月", "出没時間": "13時~14時", "通報者": "地域住民", "出没場所": "住宅地", "目撃者状況": "自宅" }, "geometry": { "type": "Point", "coordinates": [ 137.35399762570637, 36.171884162549958 ] } },
{ "type": "Feature", "properties": { "出没月": "6月", "出没時間": "15時~16時", "通報者": "地域住民", "出没場所": "国・県・市道", "目撃者状況": "その他車移動" }, "geometry": { "type": "Point", "coordinates": [ 137.490940360289812, 36.177196502287664 ] } },
{ "type": "Feature", "properties": { "出没月": "6月", "出没時間": "17時~18時", "通報者": "地域住民", "出没場所": "その他", "目撃者状況": "その他" }, "geometry": { "type": "Point", "coordinates": [ 137.255351200624887, 36.121485553670922 ] } },
{ "type": "Feature", "properties": { "出没月": "6月", "出没時間": "7時~8時", "通報者": "地域住民", "出没場所": "農地", "目撃者状況": "農作業" }, "geometry": { "type": "Point", "coordinates": [ 137.381641758458329, 36.001952264655216 ] } },
{ "type": "Feature", "properties": { "出没月": "6月", "出没時間": "8時~9時", "通報者": "地域住民", "出没場所": "農地", "目撃者状況": "農作業" }, "geometry": { "type": "Point", "coordinates": [ 137.381488838198038, 36.000781946969731 ] } },
{ "type": "Feature", "properties": { "出没月": "6月", "出没時間": "18時~19時", "通報者": "地域住民", "出没場所": "家畜場", "目撃者状況": "家畜作業" }, "geometry": { "type": "Point", "coordinates": [ 137.133031053938851, 36.155203801263866 ] } },
{ "type": "Feature", "properties": { "出没月": "6月", "出没時間": "9時~10時", "通報者": "家畜飼育員", "出没場所": "家畜場", "目撃者状況": "家畜作業" }, "geometry": { "type": "Point", "coordinates": [ 137.133182520601849, 36.155109207150396 ] } },
{ "type": "Feature", "properties": { "出没月": "6月", "出没時間": "11時~12時", "通報者": "家畜飼育員", "出没場所": "家畜場", "目撃者状況": "家畜作業" }, "geometry": { "type": "Point", "coordinates": [ 137.133343707671713, 36.155023628563974 ] } },
{ "type": "Feature", "properties": { "出没月": "6月", "出没時間": "10時~11時", "通報者": "地域住民", "出没場所": "その他", "目撃者状況": "自宅" }, "geometry": { "type": "Point", "coordinates": [ 137.4585466325114, 36.174839043494707 ] } },
{ "type": "Feature", "properties": { "出没月": "6月", "出没時間": "14時~15時", "通報者": "農業従事者", "出没場所": "農地", "目撃者状況": "農作業" }, "geometry": { "type": "Point", "coordinates": [ 137.342961132452757, 36.193818163977909 ] } },
{ "type": "Feature", "properties": { "出没月": "6月", "出没時間": "7時~8時", "通報者": "地域住民", "出没場所": "山林", "目撃者状況": "その他車移動" }, "geometry": { "type": "Point", "coordinates": [ 137.356582212825145, 36.208753143224584 ] } },
{ "type": "Feature", "properties": { "出没月": "6月", "出没時間": "9時~10時", "通報者": "地域住民", "出没場所": "国・県・市道", "目撃者状況": "その他車移動" }, "geometry": { "type": "Point", "coordinates": [ 137.050550468232103, 36.066834883901748 ] } },
{ "type": "Feature", "properties": { "出没月": "6月", "出没時間": "11時~12時", "通報者": "地域住民", "出没場所": "山林", "目撃者状況": "その他車移動" }, "geometry": { "type": "Point", "coordinates": [ 137.485194594786748, 35.950754419627266 ] } },
{ "type": "Feature", "properties": { "出没月": "7月", "出没時間": "13時~14時", "通報者": "地域住民", "出没場所": "その他", "目撃者状況": "その他" }, "geometry": { "type": "Point", "coordinates": [ 137.145552113633869, 35.906097225388613 ] } },
{ "type": "Feature", "properties": { "出没月": "6月", "出没時間": "7時~8時", "通報者": "地域住民", "出没場所": "国・県・市道", "目撃者状況": "その他車移動" }, "geometry": { "type": "Point", "coordinates": [ 137.268170801232856, 36.061868952534169 ] } },
{ "type": "Feature", "properties": { "出没月": "6月", "出没時間": "6時~7時", "通報者": "地域住民", "出没場所": "国・県・市道", "目撃者状況": "その他車移動" }, "geometry": { "type": "Point", "coordinates": [ 137.254602496230973, 36.092630183890833 ] } },
{ "type": "Feature", "properties": { "出没月": "6月", "出没時間": "9時~10時", "通報者": "地域住民", "出没場所": "国・県・市道", "目撃者状況": "その他車移動" }, "geometry": { "type": "Point", "coordinates": [ 137.4414927490173, 36.16937249351016 ] } },
{ "type": "Feature", "properties": { "出没月": "6月", "出没時間": "12時~13時", "通報者": "地域住民", "出没場所": "住宅地", "目撃者状況": "自宅" }, "geometry": { "type": "Point", "coordinates": [ 137.404614227966562, 36.092880244652498 ] } },
{ "type": "Feature", "properties": { "出没月": "6月", "出没時間": "8時~9時", "通報者": "地域住民", "出没場所": "住宅地", "目撃者状況": "自宅" }, "geometry": { "type": "Point", "coordinates": [ 137.135563064977561, 36.103827320691209 ] } },
{ "type": "Feature", "properties": { "出没月": "6月", "出没時間": "17時~18時", "通報者": "地域住民", "出没場所": "住宅地", "目撃者状況": "自宅" }, "geometry": { "type": "Point", "coordinates": [ 137.36058299728046, 36.126342262112658 ] } },
{ "type": "Feature", "properties": { "出没月": "7月", "出没時間": "9時~10時", "通報者": "地域住民", "出没場所": "国・県・市道", "目撃者状況": "その他車移動" }, "geometry": { "type": "Point", "coordinates": [ 137.401015721926484, 35.639982009287678 ] } },
{ "type": "Feature", "properties": { "出没月": "7月", "出没時間": "8時~9時", "通報者": "地域住民", "出没場所": "その他", "目撃者状況": "その他車移動" }, "geometry": { "type": "Point", "coordinates": [ 137.381959378006968, 35.646369568229943 ] } },
{ "type": "Feature", "properties": { "出没月": "7月", "出没時間": "17時~18時", "通報者": "地域住民", "出没場所": "河川敷", "目撃者状況": "その他" }, "geometry": { "type": "Point", "coordinates": [ 137.348297495083131, 35.665586782579105 ] } },
{ "type": "Feature", "properties": { "出没月": "7月", "出没時間": "17時~18時", "通報者": "地域住民", "出没場所": "国・県・市道", "目撃者状況": "その他車移動" }, "geometry": { "type": "Point", "coordinates": [ 137.083218675691967, 35.818550903462508 ] } },
{ "type": "Feature", "properties": { "出没月": "6月", "出没時間": "6時~7時", "通報者": "地域住民", "出没場所": "国・県・市道", "目撃者状況": "その他車移動" }, "geometry": { "type": "Point", "coordinates": [ 137.500270231082368, 36.173426559969165 ] } },
{ "type": "Feature", "properties": { "出没月": "6月", "出没時間": "14時~15時", "通報者": "地域住民", "出没場所": "国・県・市道", "目撃者状況": "その他車移動" }, "geometry": { "type": "Point", "coordinates": [ 137.478105462662086, 36.033585265024108 ] } },
{ "type": "Feature", "properties": { "出没月": "6月", "出没時間": "17時~18時", "通報者": "地域住民", "出没場所": "住宅地", "目撃者状況": "自宅" }, "geometry": { "type": "Point", "coordinates": [ 137.458765497301897, 36.177087237928362 ] } },
{ "type": "Feature", "properties": { "出没月": "6月", "出没時間": "18時~19時", "通報者": "地域住民", "出没場所": "住宅地", "目撃者状況": "自宅" }, "geometry": { "type": "Point", "coordinates": [ 137.450807841423625, 36.174577132279332 ] } },
{ "type": "Feature", "properties": { "出没月": "6月", "出没時間": "7時~8時", "通報者": "地域住民", "出没場所": "国・県・市道", "目撃者状況": "その他車移動" }, "geometry": { "type": "Point", "coordinates": [ 137.306653948291483, 36.161084856146175 ] } },
{ "type": "Feature", "properties": { "出没月": "6月", "出没時間": "9時~10時", "通報者": "地域住民", "出没場所": "住宅地", "目撃者状況": "自宅" }, "geometry": { "type": "Point", "coordinates": [ 137.288729290801029, 36.038476975660508 ] } },
{ "type": "Feature", "properties": { "出没月": "6月", "出没時間": "9時~10時", "通報者": "地域住民", "出没場所": "住宅地", "目撃者状況": "自宅" }, "geometry": { "type": "Point", "coordinates": [ 137.478854291317759, 36.180200641542982 ] } },
{ "type": "Feature", "properties": { "出没月": "6月", "出没時間": "10時~11時", "通報者": "地域住民", "出没場所": "住宅地", "目撃者状況": "自宅" }, "geometry": { "type": "Point", "coordinates": [ 137.478993144854257, 36.180172113994274 ] } },
{ "type": "Feature", "properties": { "出没月": "6月", "出没時間": "11時~12時", "通報者": "地域住民", "出没場所": "国・県・市道", "目撃者状況": "その他車移動" }, "geometry": { "type": "Point", "coordinates": [ 137.26026764865324, 36.06234237776691 ] } },
{ "type": "Feature", "properties": { "出没月": "6月", "出没時間": "11時~12時", "通報者": "地域住民", "出没場所": "国・県・市道", "目撃者状況": "その他" }, "geometry": { "type": "Point", "coordinates": [ 136.942923663395419, 36.048714633911523 ] } },
{ "type": "Feature", "properties": { "出没月": "6月", "出没時間": "17時~18時", "通報者": "地域住民", "出没場所": "住宅地", "目撃者状況": "自宅" }, "geometry": { "type": "Point", "coordinates": [ 137.267510750334935, 36.066836594052788 ] } },
{ "type": "Feature", "properties": { "出没月": "6月", "出没時間": "18時~19時", "通報者": "地域住民", "出没場所": "住宅地", "目撃者状況": "自宅" }, "geometry": { "type": "Point", "coordinates": [ 137.268726280378189, 36.064629600272177 ] } },
{ "type": "Feature", "properties": { "出没月": "6月", "出没時間": "14時~15時", "通報者": "地域住民", "出没場所": "住宅地", "目撃者状況": "自宅" }, "geometry": { "type": "Point", "coordinates": [ 137.267497429528817, 36.069447033606423 ] } },
{ "type": "Feature", "properties": { "出没月": "6月", "出没時間": "14時~15時", "通報者": "地域住民", "出没場所": "林道", "目撃者状況": "その他車移動" }, "geometry": { "type": "Point", "coordinates": [ 137.100171215461245, 36.071979465465297 ] } },
{ "type": "Feature", "properties": { "出没月": "6月", "出没時間": "10時~11時", "通報者": "地域住民", "出没場所": "国・県・市道", "目撃者状況": "その他車移動" }, "geometry": { "type": "Point", "coordinates": [ 137.494110348590368, 36.177179706557901 ] } },
{ "type": "Feature", "properties": { "出没月": "7月", "出没時間": "13時~14時", "通報者": "地域住民", "出没場所": "国・県・市道", "目撃者状況": "その他車移動" }, "geometry": { "type": "Point", "coordinates": [ 137.138696668962211, 36.244173657485078 ] } },
{ "type": "Feature", "properties": { "出没月": "6月", "出没時間": "14時~15時", "通報者": "地域住民", "出没場所": "住宅地", "目撃者状況": "その他" }, "geometry": { "type": "Point", "coordinates": [ 137.519617132018709, 36.247468145105628 ] } },
{ "type": "Feature", "properties": { "出没月": "6月", "出没時間": "7時~8時", "通報者": "その他", "出没場所": "国・県・市道", "目撃者状況": "その他車移動" }, "geometry": { "type": "Point", "coordinates": [ 137.075465988673074, 36.033352260250851 ] } },
{ "type": "Feature", "properties": { "出没月": "6月", "出没時間": "16時~17時", "通報者": "地域住民", "出没場所": "住宅地", "目撃者状況": "その他" }, "geometry": { "type": "Point", "coordinates": [ 137.51986289136471, 36.246601626103214 ] } },
{ "type": "Feature", "properties": { "出没月": "6月", "出没時間": "17時~18時", "通報者": "農業従事者", "出没場所": "農地", "目撃者状況": "農作業" }, "geometry": { "type": "Point", "coordinates": [ 137.380928737637078, 36.002851481874053 ] } },
{ "type": "Feature", "properties": { "出没月": "6月", "出没時間": "8時~9時", "通報者": "地域住民", "出没場所": "住宅地", "目撃者状況": "自宅" }, "geometry": { "type": "Point", "coordinates": [ 137.505759012645882, 36.249648209318501 ] } },
{ "type": "Feature", "properties": { "出没月": "6月", "出没時間": "9時~10時", "通報者": "地域住民", "出没場所": "国・県・市道", "目撃者状況": "その他車移動" }, "geometry": { "type": "Point", "coordinates": [ 137.005411651966995, 36.045300958408419 ] } },
{ "type": "Feature", "properties": { "出没月": "6月", "出没時間": "13時~14時", "通報者": "農業従事者", "出没場所": "農地", "目撃者状況": "農作業" }, "geometry": { "type": "Point", "coordinates": [ 137.293191026281249, 36.045768510614387 ] } },
{ "type": "Feature", "properties": { "出没月": "6月", "出没時間": "13時~14時", "通報者": "その他", "出没場所": "山林", "目撃者状況": "その他車移動" }, "geometry": { "type": "Point", "coordinates": [ 137.05262899513707, 36.071789593949049 ] } },
{ "type": "Feature", "properties": { "出没月": "6月", "出没時間": "17時~18時", "通報者": "その他", "出没場所": "国・県・市道", "目撃者状況": "その他" }, "geometry": { "type": "Point", "coordinates": [ 137.048358276712321, 36.064755213001227 ] } },
{ "type": "Feature", "properties": { "出没月": "6月", "出没時間": "13時~14時", "通報者": "その他", "出没場所": "国・県・市道", "目撃者状況": "その他車移動" }, "geometry": { "type": "Point", "coordinates": [ 137.067213425663454, 36.160654452771283 ] } },
{ "type": "Feature", "properties": { "出没月": "7月", "出没時間": "10時~11時", "通報者": "その他", "出没場所": "その他", "目撃者状況": "その他" }, "geometry": { "type": "Point", "coordinates": [ 136.81572584631212, 35.978555493951191 ] } },
{ "type": "Feature", "properties": { "出没月": "7月", "出没時間": "9時~10時", "通報者": "その他", "出没場所": "国・県・市道", "目撃者状況": "その他" }, "geometry": { "type": "Point", "coordinates": [ 136.671224311356156, 35.706431325983871 ] } },
{ "type": "Feature", "properties": { "出没月": "7月", "出没時間": "13時~14時", "通報者": "その他", "出没場所": "その他", "目撃者状況": "その他" }, "geometry": { "type": "Point", "coordinates": [ 136.809075216828546, 35.968805926570475 ] } },
{ "type": "Feature", "properties": { "出没月": "7月", "出没時間": "8時~9時", "通報者": "地域住民", "出没場所": "農地", "目撃者状況": "農作業" }, "geometry": { "type": "Point", "coordinates": [ 136.404268294349237, 35.6090493987328 ] } },
{ "type": "Feature", "properties": { "出没月": "7月", "出没時間": "9時~10時", "通報者": "地域住民", "出没場所": "河川敷", "目撃者状況": null }, "geometry": { "type": "Point", "coordinates": [ 136.405826998910925, 35.603256763768044 ] } },
{ "type": "Feature", "properties": { "出没月": "7月", "出没時間": "13時~14時", "通報者": "地域住民", "出没場所": "山林", "目撃者状況": "その他車移動" }, "geometry": { "type": "Point", "coordinates": [ 137.25774541962025, 35.7672834087914 ] } },
{ "type": "Feature", "properties": { "出没月": "7月", "出没時間": "12時~13時", "通報者": "地域住民", "出没場所": "山林", "目撃者状況": "自宅" }, "geometry": { "type": "Point", "coordinates": [ 137.180180508473882, 36.229558396004904 ] } },
{ "type": "Feature", "properties": { "出没月": "7月", "出没時間": "13時~14時", "通報者": "地域住民", "出没場所": "河川敷", "目撃者状況": "その他車移動" }, "geometry": { "type": "Point", "coordinates": [ 137.179182621841676, 36.393973939336661 ] } },
{ "type": "Feature", "properties": { "出没月": "7月", "出没時間": "22時~23時", "通報者": "地域住民", "出没場所": "農地", "目撃者状況": "自宅" }, "geometry": { "type": "Point", "coordinates": [ 137.264226939500901, 35.546968187307328 ] } },
{ "type": "Feature", "properties": { "出没月": "7月", "出没時間": "9時~10時", "通報者": "地域住民", "出没場所": "その他", "目撃者状況": "その他車移動" }, "geometry": { "type": "Point", "coordinates": [ 136.860456665590533, 35.852709845735646 ] } },
{ "type": "Feature", "properties": { "出没月": "7月", "出没時間": "6時~7時", "通報者": "その他", "出没場所": "その他", "目撃者状況": "その他車移動" }, "geometry": { "type": "Point", "coordinates": [ 136.412289715038952, 35.602371813462803 ] } },
{ "type": "Feature", "properties": { "出没月": "7月", "出没時間": "21時~22時", "通報者": "地域住民", "出没場所": "山林", "目撃者状況": "その他車移動" }, "geometry": { "type": "Point", "coordinates": [ 137.483545892941748, 35.419263345439269 ] } },
{ "type": "Feature", "properties": { "出没月": "7月", "出没時間": "15時~16時", "通報者": "地域住民", "出没場所": "国・県・市道", "目撃者状況": "その他車移動" }, "geometry": { "type": "Point", "coordinates": [ 137.497901395699046, 35.472751209498298 ] } },
{ "type": "Feature", "properties": { "出没月": "7月", "出没時間": "8時~9時", "通報者": "地域住民", "出没場所": "国・県・市道", "目撃者状況": "通勤・通学" }, "geometry": { "type": "Point", "coordinates": [ 137.357450090723461, 35.560664889591273 ] } },
{ "type": "Feature", "properties": { "出没月": "7月", "出没時間": "7時~8時", "通報者": "地域住民", "出没場所": "農地", "目撃者状況": "その他" }, "geometry": { "type": "Point", "coordinates": [ 137.502693929219248, 35.61830014801464 ] } },
{ "type": "Feature", "properties": { "出没月": "7月", "出没時間": "10時~11時", "通報者": "地域住民", "出没場所": "国・県・市道", "目撃者状況": "その他車移動" }, "geometry": { "type": "Point", "coordinates": [ 137.545394579375369, 35.586107237136979 ] } },
{ "type": "Feature", "properties": { "出没月": "7月", "出没時間": "17時~18時", "通報者": "その他", "出没場所": "国・県・市道", "目撃者状況": "その他車移動" }, "geometry": { "type": "Point", "coordinates": [ 137.181775501823182, 36.388473670459369 ] } },
{ "type": "Feature", "properties": { "出没月": "7月", "出没時間": "12時~13時", "通報者": "その他", "出没場所": "河川敷", "目撃者状況": "その他車移動" }, "geometry": { "type": "Point", "coordinates": [ 137.059218534566071, 36.292803588403686 ] } },
{ "type": "Feature", "properties": { "出没月": "7月", "出没時間": "11時~12時", "通報者": "地域住民", "出没場所": "その他", "目撃者状況": "その他" }, "geometry": { "type": "Point", "coordinates": [ 136.522367043462879, 35.581895571741512 ] } },
{ "type": "Feature", "properties": { "出没月": "7月", "出没時間": "4時~5時", "通報者": "地域住民", "出没場所": "住宅地", "目撃者状況": "自宅" }, "geometry": { "type": "Point", "coordinates": [ 137.503993157405006, 35.633922980246155 ] } },
{ "type": "Feature", "properties": { "出没月": "7月", "出没時間": "9時~10時", "通報者": "地域住民", "出没場所": "河川敷", "目撃者状況": "自宅" }, "geometry": { "type": "Point", "coordinates": [ 136.648393796453405, 35.563031371973658 ] } },
{ "type": "Feature", "properties": { "出没月": "7月", "出没時間": "6時~7時", "通報者": "地域住民", "出没場所": "国・県・市道", "目撃者状況": "その他" }, "geometry": { "type": "Point", "coordinates": [ 136.833056426460132, 35.935650659252893 ] } },
{ "type": "Feature", "properties": { "出没月": "7月", "出没時間": "9時~10時", "通報者": "地域住民", "出没場所": "その他", "目撃者状況": "農作業" }, "geometry": { "type": "Point", "coordinates": [ 136.764843223047308, 35.967313983714106 ] } },
{ "type": "Feature", "properties": { "出没月": "7月", "出没時間": "10時~11時", "通報者": "その他", "出没場所": "河川敷", "目撃者状況": "その他" }, "geometry": { "type": "Point", "coordinates": [ 136.57000335831134, 35.680567430771639 ] } },
{ "type": "Feature", "properties": { "出没月": "8月", "出没時間": "12時~13時", "通報者": "その他", "出没場所": "河川敷", "目撃者状況": "通勤・通学" }, "geometry": { "type": "Point", "coordinates": [ 136.804891755862513, 35.963785409330654 ] } },
{ "type": "Feature", "properties": { "出没月": "7月", "出没時間": "17時~18時", "通報者": "地域住民", "出没場所": "国・県・市道", "目撃者状況": "その他車移動" }, "geometry": { "type": "Point", "coordinates": [ 137.35043121271238, 36.140840504696577 ] } },
{ "type": "Feature", "properties": { "出没月": "7月", "出没時間": "13時~14時", "通報者": "農業従事者", "出没場所": "農地", "目撃者状況": "農作業" }, "geometry": { "type": "Point", "coordinates": [ 136.992560271404699, 36.010066783424321 ] } },
{ "type": "Feature", "properties": { "出没月": "7月", "出没時間": "13時~14時", "通報者": "農業従事者", "出没場所": "農地", "目撃者状況": "農作業" }, "geometry": { "type": "Point", "coordinates": [ 137.292312409651515, 36.045047818123969 ] } },
{ "type": "Feature", "properties": { "出没月": "7月", "出没時間": "9時~10時", "通報者": "地域住民", "出没場所": "林道", "目撃者状況": "林業作業" }, "geometry": { "type": "Point", "coordinates": [ 137.041419555160445, 36.062894274559945 ] } },
{ "type": "Feature", "properties": { "出没月": "7月", "出没時間": "12時~13時", "通報者": "地域住民", "出没場所": "住宅地", "目撃者状況": "自宅" }, "geometry": { "type": "Point", "coordinates": [ 137.044296558245691, 36.062128312489961 ] } },
{ "type": "Feature", "properties": { "出没月": "7月", "出没時間": "12時~13時", "通報者": "地域住民", "出没場所": "住宅地", "目撃者状況": "自宅" }, "geometry": { "type": "Point", "coordinates": [ 137.427154886616876, 36.170892809010354 ] } },
{ "type": "Feature", "properties": { "出没月": "7月", "出没時間": "10時~11時", "通報者": "地域住民", "出没場所": "住宅地", "目撃者状況": "その他車移動" }, "geometry": { "type": "Point", "coordinates": [ 136.990324297104536, 36.012224433775238 ] } },
{ "type": "Feature", "properties": { "出没月": "7月", "出没時間": "11時~12時", "通報者": "地域住民", "出没場所": "国・県・市道", "目撃者状況": "その他車移動" }, "geometry": { "type": "Point", "coordinates": [ 137.262885379234376, 36.081733736658187 ] } },
{ "type": "Feature", "properties": { "出没月": "8月", "出没時間": "8時~9時", "通報者": "地域住民", "出没場所": "住宅地", "目撃者状況": "自宅" }, "geometry": { "type": "Point", "coordinates": [ 136.622823267532851, 35.553107811573241 ] } },
{ "type": "Feature", "properties": { "出没月": "7月", "出没時間": "11時~12時", "通報者": "地域住民", "出没場所": "住宅地", "目撃者状況": "その他" }, "geometry": { "type": "Point", "coordinates": [ 137.300740351501418, 36.147684786911618 ] } },
{ "type": "Feature", "properties": { "出没月": "7月", "出没時間": "18時~19時", "通報者": "地域住民", "出没場所": "住宅地", "目撃者状況": "自宅" }, "geometry": { "type": "Point", "coordinates": [ 137.052531325862361, 36.060145094582531 ] } },
{ "type": "Feature", "properties": { "出没月": "7月", "出没時間": "12時~13時", "通報者": "地域住民", "出没場所": "住宅地", "目撃者状況": "自宅" }, "geometry": { "type": "Point", "coordinates": [ 137.034870754471285, 36.062054101168322 ] } },
{ "type": "Feature", "properties": { "出没月": "7月", "出没時間": "7時~8時", "通報者": "農業従事者", "出没場所": "農地", "目撃者状況": "農作業" }, "geometry": { "type": "Point", "coordinates": [ 137.067779111740094, 36.163237706242526 ] } },
{ "type": "Feature", "properties": { "出没月": "7月", "出没時間": "10時~11時", "通報者": "地域住民", "出没場所": "住宅地", "目撃者状況": "その他" }, "geometry": { "type": "Point", "coordinates": [ 137.300436326053756, 36.147386007686208 ] } },
{ "type": "Feature", "properties": { "出没月": "7月", "出没時間": "16時~17時", "通報者": "地域住民", "出没場所": "住宅地", "目撃者状況": "自宅" }, "geometry": { "type": "Point", "coordinates": [ 137.047462332550197, 36.063522905811986 ] } },
{ "type": "Feature", "properties": { "出没月": "7月", "出没時間": "18時~19時", "通報者": "地域住民", "出没場所": "国・県・市道", "目撃者状況": "その他車移動" }, "geometry": { "type": "Point", "coordinates": [ 137.001458905995406, 36.046124788063779 ] } },
{ "type": "Feature", "properties": { "出没月": "7月", "出没時間": "6時~7時", "通報者": "地域住民", "出没場所": "住宅地", "目撃者状況": "自宅" }, "geometry": { "type": "Point", "coordinates": [ 137.520623130130048, 36.034045267808395 ] } },
{ "type": "Feature", "properties": { "出没月": "7月", "出没時間": "15時~16時", "通報者": "地域住民", "出没場所": "住宅地", "目撃者状況": "その他" }, "geometry": { "type": "Point", "coordinates": [ 137.532800173676463, 35.976707453444455 ] } },
{ "type": "Feature", "properties": { "出没月": "7月", "出没時間": "7時~8時", "通報者": "地域住民", "出没場所": "国・県・市道", "目撃者状況": "その他車移動" }, "geometry": { "type": "Point", "coordinates": [ 137.049471754879335, 36.065760708368174 ] } },
{ "type": "Feature", "properties": { "出没月": "7月", "出没時間": "8時~9時", "通報者": "地域住民", "出没場所": "住宅地", "目撃者状況": "自宅" }, "geometry": { "type": "Point", "coordinates": [ 136.986680659674306, 36.036937690890056 ] } },
{ "type": "Feature", "properties": { "出没月": "7月", "出没時間": "14時~15時", "通報者": "地域住民", "出没場所": "国・県・市道", "目撃者状況": "その他車移動" }, "geometry": { "type": "Point", "coordinates": [ 137.23384471987157, 36.070994118834506 ] } },
{ "type": "Feature", "properties": { "出没月": "7月", "出没時間": "15時~16時", "通報者": "その他", "出没場所": "国・県・市道", "目撃者状況": "その他車移動" }, "geometry": { "type": "Point", "coordinates": [ 137.093233317197019, 36.053420453894311 ] } },
{ "type": "Feature", "properties": { "出没月": "7月", "出没時間": "9時~10時", "通報者": "農業従事者", "出没場所": "農地", "目撃者状況": "農作業" }, "geometry": { "type": "Point", "coordinates": [ 137.297030032990506, 36.128352567485649 ] } },
{ "type": "Feature", "properties": { "出没月": "7月", "出没時間": "16時~17時", "通報者": "地域住民", "出没場所": "住宅地", "目撃者状況": "自宅" }, "geometry": { "type": "Point", "coordinates": [ 137.525625915679939, 36.043571353302909 ] } },
{ "type": "Feature", "properties": { "出没月": "7月", "出没時間": "19時~20時", "通報者": "地域住民", "出没場所": "国・県・市道", "目撃者状況": "その他車移動" }, "geometry": { "type": "Point", "coordinates": [ 137.274878858170695, 36.160880632760417 ] } },
{ "type": "Feature", "properties": { "出没月": "7月", "出没時間": "20時~21時", "通報者": "地域住民", "出没場所": "住宅地", "目撃者状況": "自宅" }, "geometry": { "type": "Point", "coordinates": [ 137.045669106145965, 36.061986622690249 ] } },
{ "type": "Feature", "properties": { "出没月": "7月", "出没時間": "19時~20時", "通報者": "地域住民", "出没場所": "国・県・市道", "目撃者状況": "通勤・通学" }, "geometry": { "type": "Point", "coordinates": [ 137.108556607144692, 36.092523302384336 ] } },
{ "type": "Feature", "properties": { "出没月": "7月", "出没時間": "11時~12時", "通報者": "地域住民", "出没場所": "住宅地", "目撃者状況": "自宅" }, "geometry": { "type": "Point", "coordinates": [ 137.393766292620938, 36.003872834527122 ] } },
{ "type": "Feature", "properties": { "出没月": "7月", "出没時間": "14時~15時", "通報者": "地域住民", "出没場所": "国・県・市道", "目撃者状況": "その他車移動" }, "geometry": { "type": "Point", "coordinates": [ 137.35070660837556, 36.141002316424363 ] } },
{ "type": "Feature", "properties": { "出没月": "7月", "出没時間": "17時~18時", "通報者": "地域住民", "出没場所": "国・県・市道", "目撃者状況": "その他車移動" }, "geometry": { "type": "Point", "coordinates": [ 137.533104084363913, 35.977984148909677 ] } },
{ "type": "Feature", "properties": { "出没月": "7月", "出没時間": "8時~9時", "通報者": "地域住民", "出没場所": "住宅地", "目撃者状況": "自宅" }, "geometry": { "type": "Point", "coordinates": [ 136.985106364944016, 36.040812669151862 ] } },
{ "type": "Feature", "properties": { "出没月": "7月", "出没時間": "8時~9時", "通報者": "地域住民", "出没場所": "住宅地", "目撃者状況": "通勤・通学" }, "geometry": { "type": "Point", "coordinates": [ 137.092583941362193, 36.139258486332778 ] } },
{ "type": "Feature", "properties": { "出没月": "7月", "出没時間": "14時~15時", "通報者": "地域住民", "出没場所": "住宅地", "目撃者状況": "その他" }, "geometry": { "type": "Point", "coordinates": [ 137.263644604174061, 36.157971737595027 ] } },
{ "type": "Feature", "properties": { "出没月": "7月", "出没時間": "16時~17時", "通報者": "地域住民", "出没場所": "住宅地", "目撃者状況": "その他車移動" }, "geometry": { "type": "Point", "coordinates": [ 137.304612595571854, 36.137444420042733 ] } },
{ "type": "Feature", "properties": { "出没月": "7月", "出没時間": "18時~19時", "通報者": "地域住民", "出没場所": "林道", "目撃者状況": "その他" }, "geometry": { "type": "Point", "coordinates": [ 137.372525258604639, 36.081621478190755 ] } },
{ "type": "Feature", "properties": { "出没月": "7月", "出没時間": "15時~16時", "通報者": "地域住民", "出没場所": "住宅地", "目撃者状況": "自宅" }, "geometry": { "type": "Point", "coordinates": [ 137.30272762510495, 36.143357426943517 ] } },
{ "type": "Feature", "properties": { "出没月": "7月", "出没時間": "8時~9時", "通報者": "地域住民", "出没場所": "住宅地", "目撃者状況": "自宅" }, "geometry": { "type": "Point", "coordinates": [ 137.430616595494172, 36.030736686302944 ] } },
{ "type": "Feature", "properties": { "出没月": "7月", "出没時間": "6時~7時", "通報者": "地域住民", "出没場所": "山林", "目撃者状況": "その他" }, "geometry": { "type": "Point", "coordinates": [ 137.375369038839949, 36.090511353662109 ] } },
{ "type": "Feature", "properties": { "出没月": "7月", "出没時間": "15時~16時", "通報者": "その他", "出没場所": "その他", "目撃者状況": "その他" }, "geometry": { "type": "Point", "coordinates": [ 137.532991752693249, 35.971072478666279 ] } },
{ "type": "Feature", "properties": { "出没月": "7月", "出没時間": "8時~9時", "通報者": "地域住民", "出没場所": "住宅地", "目撃者状況": "自宅" }, "geometry": { "type": "Point", "coordinates": [ 137.356514852588191, 36.086867054939908 ] } },
{ "type": "Feature", "properties": { "出没月": "7月", "出没時間": "9時~10時", "通報者": "地域住民", "出没場所": "山林", "目撃者状況": "その他" }, "geometry": { "type": "Point", "coordinates": [ 137.380069608573933, 36.016169461035247 ] } },
{ "type": "Feature", "properties": { "出没月": "7月", "出没時間": "17時~18時", "通報者": "その他", "出没場所": "国・県・市道", "目撃者状況": "その他" }, "geometry": { "type": "Point", "coordinates": [ 137.07693336815484, 36.130600905114072 ] } },
{ "type": "Feature", "properties": { "出没月": "7月", "出没時間": "17時~18時", "通報者": "地域住民", "出没場所": "住宅地", "目撃者状況": "その他" }, "geometry": { "type": "Point", "coordinates": [ 137.299423607374223, 36.131267908703968 ] } },
{ "type": "Feature", "properties": { "出没月": "7月", "出没時間": "6時~7時", "通報者": "地域住民", "出没場所": "住宅地", "目撃者状況": "自宅" }, "geometry": { "type": "Point", "coordinates": [ 137.480948492846807, 36.179323724470926 ] } },
{ "type": "Feature", "properties": { "出没月": "7月", "出没時間": "14時~15時", "通報者": "その他", "出没場所": "その他", "目撃者状況": "その他" }, "geometry": { "type": "Point", "coordinates": [ 137.486302768190171, 35.948262684257422 ] } },
{ "type": "Feature", "properties": { "出没月": "7月", "出没時間": "8時~9時", "通報者": "地域住民", "出没場所": "国・県・市道", "目撃者状況": "その他車移動" }, "geometry": { "type": "Point", "coordinates": [ 137.322970823758737, 36.179539008688806 ] } },
{ "type": "Feature", "properties": { "出没月": "7月", "出没時間": "8時~9時", "通報者": "地域住民", "出没場所": "住宅地", "目撃者状況": "自宅" }, "geometry": { "type": "Point", "coordinates": [ 137.045536887339722, 36.061793269593615 ] } },
{ "type": "Feature", "properties": { "出没月": "7月", "出没時間": "18時~19時", "通報者": "地域住民", "出没場所": "住宅地", "目撃者状況": "自宅" }, "geometry": { "type": "Point", "coordinates": [ 137.045569664593415, 36.062135802013096 ] } },
{ "type": "Feature", "properties": { "出没月": "7月", "出没時間": "10時~11時", "通報者": "地域住民", "出没場所": "国・県・市道", "目撃者状況": "その他車移動" }, "geometry": { "type": "Point", "coordinates": [ 137.308747522896908, 36.175625955091206 ] } },
{ "type": "Feature", "properties": { "出没月": "7月", "出没時間": "17時~18時", "通報者": "地域住民", "出没場所": "住宅地", "目撃者状況": "自宅" }, "geometry": { "type": "Point", "coordinates": [ 137.042980733090246, 36.061931489877807 ] } },
{ "type": "Feature", "properties": { "出没月": "7月", "出没時間": "6時~7時", "通報者": "地域住民", "出没場所": "その他", "目撃者状況": "その他車移動" }, "geometry": { "type": "Point", "coordinates": [ 137.259092399537167, 36.196234262511091 ] } },
{ "type": "Feature", "properties": { "出没月": "7月", "出没時間": "6時~7時", "通報者": "地域住民", "出没場所": "住宅地", "目撃者状況": "自宅" }, "geometry": { "type": "Point", "coordinates": [ 137.047776784343711, 36.060651969807751 ] } },
{ "type": "Feature", "properties": { "出没月": "7月", "出没時間": "13時~14時", "通報者": "地域住民", "出没場所": "河川敷", "目撃者状況": "その他" }, "geometry": { "type": "Point", "coordinates": [ 137.369142771697312, 36.07942128410798 ] } },
{ "type": "Feature", "properties": { "出没月": "7月", "出没時間": "18時~19時", "通報者": "地域住民", "出没場所": "住宅地", "目撃者状況": "その他" }, "geometry": { "type": "Point", "coordinates": [ 137.371164312208265, 36.008634728942305 ] } },
{ "type": "Feature", "properties": { "出没月": "8月", "出没時間": "7時~8時", "通報者": "地域住民", "出没場所": "住宅地", "目撃者状況": "通勤・通学" }, "geometry": { "type": "Point", "coordinates": [ 137.181801730131042, 36.228747041470484 ] } },
{ "type": "Feature", "properties": { "出没月": "8月", "出没時間": "17時~18時", "通報者": "地域住民", "出没場所": "国・県・市道", "目撃者状況": "その他車移動" }, "geometry": { "type": "Point", "coordinates": [ 136.55751311113886, 35.532914576726149 ] } },
{ "type": "Feature", "properties": { "出没月": "8月", "出没時間": "9時~10時", "通報者": "地域住民", "出没場所": "国・県・市道", "目撃者状況": "その他車移動" }, "geometry": { "type": "Point", "coordinates": [ 136.640818857711537, 35.535768468972044 ] } },
{ "type": "Feature", "properties": { "出没月": "8月", "出没時間": "13時~14時", "通報者": "その他", "出没場所": "その他", "目撃者状況": "その他" }, "geometry": { "type": "Point", "coordinates": [ 137.474944168215444, 36.067534036696102 ] } },
{ "type": "Feature", "properties": { "出没月": "8月", "出没時間": "14時~15時", "通報者": "地域住民", "出没場所": "山林", "目撃者状況": "その他" }, "geometry": { "type": "Point", "coordinates": [ 137.227600942561196, 36.056226042593615 ] } },
{ "type": "Feature", "properties": { "出没月": "8月", "出没時間": "17時~18時", "通報者": "地域住民", "出没場所": "国・県・市道", "目撃者状況": "その他車移動" }, "geometry": { "type": "Point", "coordinates": [ 137.276158458082335, 36.159899306204487 ] } },
{ "type": "Feature", "properties": { "出没月": "8月", "出没時間": "10時~11時", "通報者": "地域住民", "出没場所": "国・県・市道", "目撃者状況": "その他車移動" }, "geometry": { "type": "Point", "coordinates": [ 137.359121502371323, 36.089971850303307 ] } },
{ "type": "Feature", "properties": { "出没月": "8月", "出没時間": "16時~17時", "通報者": "地域住民", "出没場所": "住宅地", "目撃者状況": "自宅" }, "geometry": { "type": "Point", "coordinates": [ 137.44347553295529, 36.169569590840759 ] } },
{ "type": "Feature", "properties": { "出没月": "8月", "出没時間": "17時~18時", "通報者": "地域住民", "出没場所": "その他", "目撃者状況": "その他車移動" }, "geometry": { "type": "Point", "coordinates": [ 137.265536654061805, 36.163383618885639 ] } },
{ "type": "Feature", "properties": { "出没月": "8月", "出没時間": "9時~10時", "通報者": "その他", "出没場所": "その他", "目撃者状況": "その他" }, "geometry": { "type": "Point", "coordinates": [ 137.128641501926381, 36.147129083668766 ] } },
{ "type": "Feature", "properties": { "出没月": "8月", "出没時間": "11時~12時", "通報者": "地域住民", "出没場所": "国・県・市道", "目撃者状況": "その他車移動" }, "geometry": { "type": "Point", "coordinates": [ 137.434917979470839, 36.171482352406798 ] } },
{ "type": "Feature", "properties": { "出没月": "8月", "出没時間": "15時~16時", "通報者": "その他", "出没場所": "国・県・市道", "目撃者状況": "その他車移動" }, "geometry": { "type": "Point", "coordinates": [ 137.281176870942346, 36.146663524689863 ] } },
{ "type": "Feature", "properties": { "出没月": "8月", "出没時間": "8時~9時", "通報者": "地域住民", "出没場所": "国・県・市道", "目撃者状況": "その他車移動" }, "geometry": { "type": "Point", "coordinates": [ 137.243072212779424, 36.305291009628007 ] } },
{ "type": "Feature", "properties": { "出没月": "8月", "出没時間": "16時~17時", "通報者": "地域住民", "出没場所": "山林", "目撃者状況": "自宅" }, "geometry": { "type": "Point", "coordinates": [ 137.175848661069637, 36.227055475299437 ] } },
{ "type": "Feature", "properties": { "出没月": "8月", "出没時間": "12時~13時", "通報者": "地域住民", "出没場所": "国・県・市道", "目撃者状況": "その他車移動" }, "geometry": { "type": "Point", "coordinates": [ 137.180910445376668, 36.392693894266003 ] } },
{ "type": "Feature", "properties": { "出没月": "8月", "出没時間": "7時~8時", "通報者": "地域住民", "出没場所": "国・県・市道", "目撃者状況": "通勤・通学" }, "geometry": { "type": "Point", "coordinates": [ 137.185561885926518, 36.223610281555374 ] } },
{ "type": "Feature", "properties": { "出没月": "8月", "出没時間": "7時~8時", "通報者": "その他", "出没場所": "国・県・市道", "目撃者状況": "その他車移動" }, "geometry": { "type": "Point", "coordinates": [ 136.543503157579323, 35.533884653892343 ] } },
{ "type": "Feature", "properties": { "出没月": "6月", "出没時間": "5時~6時", "通報者": "地域住民", "出没場所": "国・県・市道", "目撃者状況": null }, "geometry": { "type": "Point", "coordinates": [ 137.147728119691379, 35.495598436701968 ] } },
{ "type": "Feature", "properties": { "出没月": "6月", "出没時間": "14時~15時", "通報者": "建設業関係者", "出没場所": "国・県・市道", "目撃者状況": null }, "geometry": { "type": "Point", "coordinates": [ 137.157966321465778, 35.483982810145712 ] } },
{ "type": "Feature", "properties": { "出没月": "7月", "出没時間": "7時~8時", "通報者": "地域住民", "出没場所": "国・県・市道", "目撃者状況": null }, "geometry": { "type": "Point", "coordinates": [ 137.199979365970762, 35.525848472490217 ] } },
{ "type": "Feature", "properties": { "出没月": "7月", "出没時間": "16時~17時", "通報者": "地域住民", "出没場所": "国・県・市道", "目撃者状況": null }, "geometry": { "type": "Point", "coordinates": [ 137.203728496562547, 35.526168500760697 ] } },
{ "type": "Feature", "properties": { "出没月": "8月", "出没時間": "6時~7時", "通報者": "地域住民", "出没場所": "国・県・市道", "目撃者状況": null }, "geometry": { "type": "Point", "coordinates": [ 137.140012910790233, 35.483980180356177 ] } },
{ "type": "Feature", "properties": { "出没月": "8月", "出没時間": "8時~9時", "通報者": "地域住民", "出没場所": "山林", "目撃者状況": "その他車移動" }, "geometry": { "type": "Point", "coordinates": [ 137.534335493409827, 35.971675071644626 ] } },
{ "type": "Feature", "properties": { "出没月": "8月", "出没時間": "18時~19時", "通報者": "その他", "出没場所": "国・県・市道", "目撃者状況": "その他車移動" }, "geometry": { "type": "Point", "coordinates": [ 137.350768252233991, 35.992037242340402 ] } },
{ "type": "Feature", "properties": { "出没月": "8月", "出没時間": "16時~17時", "通報者": "地域住民", "出没場所": "住宅地", "目撃者状況": "その他" }, "geometry": { "type": "Point", "coordinates": [ 137.2885002947815, 36.138248842412139 ] } },
{ "type": "Feature", "properties": { "出没月": "8月", "出没時間": "13時~14時", "通報者": "地域住民", "出没場所": "国・県・市道", "目撃者状況": "その他車移動" }, "geometry": { "type": "Point", "coordinates": [ 137.350311203829648, 36.003894281037269 ] } },
{ "type": "Feature", "properties": { "出没月": "8月", "出没時間": "15時~16時", "通報者": "その他", "出没場所": "国・県・市道", "目撃者状況": "その他車移動" }, "geometry": { "type": "Point", "coordinates": [ 137.360192429036431, 36.008360003688651 ] } },
{ "type": "Feature", "properties": { "出没月": "8月", "出没時間": "17時~18時", "通報者": "地域住民", "出没場所": "住宅地", "目撃者状況": "自宅" }, "geometry": { "type": "Point", "coordinates": [ 137.391960959187088, 36.092967793294285 ] } },
{ "type": "Feature", "properties": { "出没月": "8月", "出没時間": "12時~13時", "通報者": "地域住民", "出没場所": "国・県・市道", "目撃者状況": "その他車移動" }, "geometry": { "type": "Point", "coordinates": [ 137.328644940408651, 36.18399006240822 ] } },
{ "type": "Feature", "properties": { "出没月": "8月", "出没時間": "6時~7時", "通報者": "地域住民", "出没場所": "住宅地", "目撃者状況": "自宅" }, "geometry": { "type": "Point", "coordinates": [ 137.356892123924354, 36.087906342807081 ] } },
{ "type": "Feature", "properties": { "出没月": "8月", "出没時間": "9時~10時", "通報者": "地域住民", "出没場所": "国・県・市道", "目撃者状況": "その他車移動" }, "geometry": { "type": "Point", "coordinates": [ 136.974004223974163, 36.01669691779658 ] } },
{ "type": "Feature", "properties": { "出没月": "8月", "出没時間": "9時~10時", "通報者": "地域住民", "出没場所": "その他", "目撃者状況": "散歩" }, "geometry": { "type": "Point", "coordinates": [ 137.262208314624303, 36.13410530147749 ] } },
{ "type": "Feature", "properties": { "出没月": "8月", "出没時間": "7時~8時", "通報者": "地域住民", "出没場所": "その他", "目撃者状況": "散歩" }, "geometry": { "type": "Point", "coordinates": [ 137.262638847310626, 36.13409369100426 ] } },
{ "type": "Feature", "properties": { "出没月": "8月", "出没時間": "15時~16時", "通報者": "地域住民", "出没場所": "国・県・市道", "目撃者状況": "その他車移動" }, "geometry": { "type": "Point", "coordinates": [ 137.311923972705529, 36.204891677926284 ] } },
{ "type": "Feature", "properties": { "出没月": "8月", "出没時間": "16時~17時", "通報者": "地域住民", "出没場所": "住宅地", "目撃者状況": "散歩" }, "geometry": { "type": "Point", "coordinates": [ 137.526379918617323, 36.237548545761278 ] } },
{ "type": "Feature", "properties": { "出没月": "8月", "出没時間": "8時~9時", "通報者": "地域住民", "出没場所": "その他", "目撃者状況": "その他車移動" }, "geometry": { "type": "Point", "coordinates": [ 137.265419011125289, 36.163191626705135 ] } },
{ "type": "Feature", "properties": { "出没月": "8月", "出没時間": "10時~11時", "通報者": "地域住民", "出没場所": "国・県・市道", "目撃者状況": "その他車移動" }, "geometry": { "type": "Point", "coordinates": [ 137.234217291938933, 36.199777760796593 ] } },
{ "type": "Feature", "properties": { "出没月": "8月", "出没時間": "5時~6時", "通報者": "地域住民", "出没場所": "林道", "目撃者状況": "林業作業" }, "geometry": { "type": "Point", "coordinates": [ 137.542863571463954, 36.001025471151507 ] } },
{ "type": "Feature", "properties": { "出没月": "8月", "出没時間": "7時~8時", "通報者": "地域住民", "出没場所": "河川敷", "目撃者状況": "散歩" }, "geometry": { "type": "Point", "coordinates": [ 137.379413409304789, 36.078724693924919 ] } },
{ "type": "Feature", "properties": { "出没月": "8月", "出没時間": "0時~1時", "通報者": "地域住民", "出没場所": "その他", "目撃者状況": "その他" }, "geometry": { "type": "Point", "coordinates": [ 137.463208906020867, 35.457302677632697 ] } },
{ "type": "Feature", "properties": { "出没月": "8月", "出没時間": "10時~11時", "通報者": "地域住民", "出没場所": "国・県・市道", "目撃者状況": "その他車移動" }, "geometry": { "type": "Point", "coordinates": [ 136.945172915932147, 36.069633212830674 ] } },
{ "type": "Feature", "properties": { "出没月": "8月", "出没時間": "7時~8時", "通報者": "地域住民", "出没場所": "住宅地", "目撃者状況": "その他車移動" }, "geometry": { "type": "Point", "coordinates": [ 137.291289833273709, 36.136846700598639 ] } },
{ "type": "Feature", "properties": { "出没月": "8月", "出没時間": "11時~12時", "通報者": "地域住民", "出没場所": "国・県・市道", "目撃者状況": "その他車移動" }, "geometry": { "type": "Point", "coordinates": [ 137.109134079915663, 36.091555236062398 ] } },
{ "type": "Feature", "properties": { "出没月": "8月", "出没時間": "15時~16時", "通報者": "地域住民", "出没場所": "国・県・市道", "目撃者状況": "その他車移動" }, "geometry": { "type": "Point", "coordinates": [ 136.901458248113784, 36.173679841114684 ] } },
{ "type": "Feature", "properties": { "出没月": "8月", "出没時間": "16時~17時", "通報者": "登山者", "出没場所": "山林", "目撃者状況": "登山" }, "geometry": { "type": "Point", "coordinates": [ 137.576367071443883, 36.273890714778254 ] } },
{ "type": "Feature", "properties": { "出没月": "8月", "出没時間": "11時~12時", "通報者": "地域住民", "出没場所": "住宅地", "目撃者状況": "自宅" }, "geometry": { "type": "Point", "coordinates": [ 137.527015590118566, 36.23712246647041 ] } },
{ "type": "Feature", "properties": { "出没月": "8月", "出没時間": "7時~8時", "通報者": "地域住民", "出没場所": "国・県・市道", "目撃者状況": "その他車移動" }, "geometry": { "type": "Point", "coordinates": [ 137.37433149508044, 36.078393361766615 ] } },
{ "type": "Feature", "properties": { "出没月": "8月", "出没時間": "12時~13時", "通報者": "地域住民", "出没場所": "河川敷", "目撃者状況": "散歩" }, "geometry": { "type": "Point", "coordinates": [ 137.346683349412729, 36.091691836773037 ] } },
{ "type": "Feature", "properties": { "出没月": "8月", "出没時間": "5時~6時", "通報者": "地域住民", "出没場所": "山林", "目撃者状況": "その他" }, "geometry": { "type": "Point", "coordinates": [ 137.526900086672356, 35.969495579283631 ] } },
{ "type": "Feature", "properties": { "出没月": "8月", "出没時間": "15時~16時", "通報者": "地域住民", "出没場所": "国・県・市道", "目撃者状況": "その他車移動" }, "geometry": { "type": "Point", "coordinates": [ 137.436930437717166, 36.259332038640125 ] } },
{ "type": "Feature", "properties": { "出没月": "8月", "出没時間": "17時~18時", "通報者": "地域住民", "出没場所": "住宅地", "目撃者状況": "散歩" }, "geometry": { "type": "Point", "coordinates": [ 137.364557469045337, 36.078712963895768 ] } },
{ "type": "Feature", "properties": { "出没月": "8月", "出没時間": "8時~9時", "通報者": "地域住民", "出没場所": "住宅地", "目撃者状況": "その他" }, "geometry": { "type": "Point", "coordinates": [ 137.222450277272259, 36.160857386150163 ] } },
{ "type": "Feature", "properties": { "出没月": "8月", "出没時間": "12時~13時", "通報者": "地域住民", "出没場所": "住宅地", "目撃者状況": "自宅" }, "geometry": { "type": "Point", "coordinates": [ 137.458321986535196, 36.173839717885279 ] } },
{ "type": "Feature", "properties": { "出没月": "8月", "出没時間": "15時~16時", "通報者": "地域住民", "出没場所": "農地", "目撃者状況": "散歩" }, "geometry": { "type": "Point", "coordinates": [ 137.283171256310339, 36.366595334119324 ] } },
{ "type": "Feature", "properties": { "出没月": "8月", "出没時間": "13時~14時", "通報者": "農業従事者", "出没場所": "農地", "目撃者状況": "農作業" }, "geometry": { "type": "Point", "coordinates": [ 137.251985140023208, 36.308447338341104 ] } },
{ "type": "Feature", "properties": { "出没月": "7月", "出没時間": "7時~8時", "通報者": "地域住民", "出没場所": "農地", "目撃者状況": "農作業" }, "geometry": { "type": "Point", "coordinates": [ 137.372587018330876, 36.389200648380701 ] } },
{ "type": "Feature", "properties": { "出没月": "7月", "出没時間": "7時~8時", "通報者": "地域住民", "出没場所": "農地", "目撃者状況": "農作業" }, "geometry": { "type": "Point", "coordinates": [ 137.372962783327324, 36.389031013099377 ] } },
{ "type": "Feature", "properties": { "出没月": "8月", "出没時間": null, "通報者": "地域住民", "出没場所": "その他", "目撃者状況": "その他" }, "geometry": { "type": "Point", "coordinates": [ 137.024985926197104, 36.272218731754037 ] } },
{ "type": "Feature", "properties": { "出没月": "8月", "出没時間": null, "通報者": "捕獲従事者", "出没場所": "農地", "目撃者状況": "農作業" }, "geometry": { "type": "Point", "coordinates": [ 137.103383269428775, 36.314161608692821 ] } },
{ "type": "Feature", "properties": { "出没月": "8月", "出没時間": null, "通報者": "捕獲従事者", "出没場所": "林道", "目撃者状況": "その他" }, "geometry": { "type": "Point", "coordinates": [ 137.039696563795928, 36.27798655790663 ] } },
{ "type": "Feature", "properties": { "出没月": "8月", "出没時間": null, "通報者": "地域住民", "出没場所": "国・県・市道", "目撃者状況": "農作業" }, "geometry": { "type": "Point", "coordinates": [ 137.067295665770303, 36.295633830551814 ] } },
{ "type": "Feature", "properties": { "出没月": "8月", "出没時間": null, "通報者": "地域住民", "出没場所": "林道", "目撃者状況": "農作業" }, "geometry": { "type": "Point", "coordinates": [ 137.067670877783485, 36.293867634863162 ] } },
{ "type": "Feature", "properties": { "出没月": "8月", "出没時間": null, "通報者": "地域住民", "出没場所": "農地", "目撃者状況": "農作業" }, "geometry": { "type": "Point", "coordinates": [ 137.066534306459573, 36.294614750136937 ] } },
{ "type": "Feature", "properties": { "出没月": "8月", "出没時間": "18時~19時", "通報者": "地域住民", "出没場所": "国・県・市道", "目撃者状況": "その他車移動" }, "geometry": { "type": "Point", "coordinates": [ 137.53884990852336, 35.538191244880409 ] } },
{ "type": "Feature", "properties": { "出没月": "8月", "出没時間": "5時~6時", "通報者": "地域住民", "出没場所": "河川敷", "目撃者状況": "その他車移動" }, "geometry": { "type": "Point", "coordinates": [ 137.528563631844946, 35.98840480508921 ] } },
{ "type": "Feature", "properties": { "出没月": "8月", "出没時間": "13時~14時", "通報者": "地域住民", "出没場所": "住宅地", "目撃者状況": "自宅" }, "geometry": { "type": "Point", "coordinates": [ 137.3650913549601, 36.078534072523105 ] } },
{ "type": "Feature", "properties": { "出没月": "8月", "出没時間": "12時~13時", "通報者": "地域住民", "出没場所": "国・県・市道", "目撃者状況": "その他車移動" }, "geometry": { "type": "Point", "coordinates": [ 137.528995690152925, 35.9837549409784 ] } },
{ "type": "Feature", "properties": { "出没月": "8月", "出没時間": "15時~16時", "通報者": "地域住民", "出没場所": "国・県・市道", "目撃者状況": "その他車移動" }, "geometry": { "type": "Point", "coordinates": [ 137.442078809192509, 36.045196730913872 ] } },
{ "type": "Feature", "properties": { "出没月": "8月", "出没時間": "12時~13時", "通報者": "地域住民", "出没場所": "国・県・市道", "目撃者状況": "その他車移動" }, "geometry": { "type": "Point", "coordinates": [ 137.513055613537972, 36.02654927949618 ] } },
{ "type": "Feature", "properties": { "出没月": "8月", "出没時間": "16時~17時", "通報者": "地域住民", "出没場所": "国・県・市道", "目撃者状況": "その他車移動" }, "geometry": { "type": "Point", "coordinates": [ 137.484270052257074, 36.052675807898424 ] } },
{ "type": "Feature", "properties": { "出没月": "8月", "出没時間": "11時~12時", "通報者": "地域住民", "出没場所": "国・県・市道", "目撃者状況": "その他車移動" }, "geometry": { "type": "Point", "coordinates": [ 137.111743605429496, 36.08974032074746 ] } },
{ "type": "Feature", "properties": { "出没月": "8月", "出没時間": "11時~12時", "通報者": "農業従事者", "出没場所": "農地", "目撃者状況": "その他車移動" }, "geometry": { "type": "Point", "coordinates": [ 137.380768329432129, 36.001985373391435 ] } },
{ "type": "Feature", "properties": { "出没月": "9月", "出没時間": "13時~14時", "通報者": "その他", "出没場所": "林道", "目撃者状況": "その他" }, "geometry": { "type": "Point", "coordinates": [ 136.820983384417161, 35.959167515510224 ] } },
{ "type": "Feature", "properties": { "出没月": "9月", "出没時間": "17時~18時", "通報者": "地域住民", "出没場所": "国・県・市道", "目撃者状況": "その他車移動" }, "geometry": { "type": "Point", "coordinates": [ 136.900234058578235, 36.179218393675583 ] } },
{ "type": "Feature", "properties": { "出没月": "9月", "出没時間": "18時~19時", "通報者": "地域住民", "出没場所": "国・県・市道", "目撃者状況": "その他車移動" }, "geometry": { "type": "Point", "coordinates": [ 136.9039546492574, 36.163668007968788 ] } },
{ "type": "Feature", "properties": { "出没月": "9月", "出没時間": "8時~9時", "通報者": "地域住民", "出没場所": "国・県・市道", "目撃者状況": "その他車移動" }, "geometry": { "type": "Point", "coordinates": [ 136.892771774120575, 36.209107532751403 ] } },
{ "type": "Feature", "properties": { "出没月": "9月", "出没時間": "13時~14時", "通報者": "地域住民", "出没場所": "その他", "目撃者状況": "散歩" }, "geometry": { "type": "Point", "coordinates": [ 137.306813462207714, 35.925246527321413 ] } },
{ "type": "Feature", "properties": { "出没月": "8月", "出没時間": "17時~18時", "通報者": "地域住民", "出没場所": "林道", "目撃者状況": "散歩" }, "geometry": { "type": "Point", "coordinates": [ 137.148587373682687, 35.534640313970669 ] } },
{ "type": "Feature", "properties": { "出没月": "8月", "出没時間": "15時~16時", "通報者": "地域住民", "出没場所": "河川敷", "目撃者状況": "その他車移動" }, "geometry": { "type": "Point", "coordinates": [ 137.179075937142329, 36.393444457697775 ] } },
{ "type": "Feature", "properties": { "出没月": "8月", "出没時間": "12時~13時", "通報者": "地域住民", "出没場所": "国・県・市道", "目撃者状況": "その他車移動" }, "geometry": { "type": "Point", "coordinates": [ 137.154027805279441, 36.337346085146898 ] } },
{ "type": "Feature", "properties": { "出没月": "9月", "出没時間": "9時~10時", "通報者": "地域住民", "出没場所": "山林", "目撃者状況": "自宅" }, "geometry": { "type": "Point", "coordinates": [ 137.158029314738343, 36.278068294174346 ] } },
{ "type": "Feature", "properties": { "出没月": "9月", "出没時間": "9時~10時", "通報者": "地域住民", "出没場所": "国・県・市道", "目撃者状況": "その他車移動" }, "geometry": { "type": "Point", "coordinates": [ 137.181464950988698, 35.50509750697131 ] } },
{ "type": "Feature", "properties": { "出没月": "9月", "出没時間": null, "通報者": "地域住民", "出没場所": "山林", "目撃者状況": "その他車移動" }, "geometry": { "type": "Point", "coordinates": [ 137.421848774798889, 35.685797844769318 ] } },
{ "type": "Feature", "properties": { "出没月": "9月", "出没時間": "20時~21時", "通報者": "地域住民", "出没場所": "国・県・市道", "目撃者状況": "その他車移動" }, "geometry": { "type": "Point", "coordinates": [ 136.538397870035737, 35.495545615097527 ] } },
{ "type": "Feature", "properties": { "出没月": "9月", "出没時間": "6時~7時", "通報者": "その他", "出没場所": "国・県・市道", "目撃者状況": "その他車移動" }, "geometry": { "type": "Point", "coordinates": [ 136.513721779559802, 35.563569286078284 ] } },
{ "type": "Feature", "properties": { "出没月": "9月", "出没時間": "12時~13時", "通報者": "その他", "出没場所": "その他", "目撃者状況": "その他" }, "geometry": { "type": "Point", "coordinates": [ 136.53955917255368, 35.516124536803609 ] } },
{ "type": "Feature", "properties": { "出没月": "8月", "出没時間": "7時~8時", "通報者": "その他", "出没場所": "国・県・市道", "目撃者状況": "その他車移動" }, "geometry": { "type": "Point", "coordinates": [ 137.178455171699397, 36.393585343175886 ] } },
{ "type": "Feature", "properties": { "出没月": "9月", "出没時間": "9時~10時", "通報者": "建設業関係者", "出没場所": "国・県・市道", "目撃者状況": "その他車移動" }, "geometry": { "type": "Point", "coordinates": [ 137.060382343497508, 36.294066419614154 ] } },
{ "type": "Feature", "properties": { "出没月": "9月", "出没時間": "18時~19時", "通報者": "地域住民", "出没場所": "国・県・市道", "目撃者状況": "農作業" }, "geometry": { "type": "Point", "coordinates": [ 137.131962983520395, 36.255404173365626 ] } },
{ "type": "Feature", "properties": { "出没月": "9月", "出没時間": "6時~7時", "通報者": "地域住民", "出没場所": "国・県・市道", "目撃者状況": "通勤・通学" }, "geometry": { "type": "Point", "coordinates": [ 137.443645929234009, 35.283917805889004 ] } },
{ "type": "Feature", "properties": { "出没月": "9月", "出没時間": "7時~8時", "通報者": "地域住民", "出没場所": "国・県・市道", "目撃者状況": "自宅" }, "geometry": { "type": "Point", "coordinates": [ 137.383249431268069, 36.306070658011151 ] } },
{ "type": "Feature", "properties": { "出没月": "9月", "出没時間": "8時~9時", "通報者": "地域住民", "出没場所": "国・県・市道", "目撃者状況": "自宅" }, "geometry": { "type": "Point", "coordinates": [ 137.428318772864259, 35.698191155607844 ] } },
{ "type": "Feature", "properties": { "出没月": "9月", "出没時間": "7時~8時", "通報者": "建設業関係者", "出没場所": "国・県・市道", "目撃者状況": "建設作業" }, "geometry": { "type": "Point", "coordinates": [ 137.383246451239188, 36.305999687984176 ] } },
{ "type": "Feature", "properties": { "出没月": "9月", "出没時間": "9時~10時", "通報者": "地域住民", "出没場所": "山林", "目撃者状況": "その他" }, "geometry": { "type": "Point", "coordinates": [ 137.575713606071133, 36.269177025210276 ] } },
{ "type": "Feature", "properties": { "出没月": "9月", "出没時間": "16時~17時", "通報者": "その他", "出没場所": "山林", "目撃者状況": "その他" }, "geometry": { "type": "Point", "coordinates": [ 137.374116100210045, 36.296733856339031 ] } },
{ "type": "Feature", "properties": { "出没月": "9月", "出没時間": "18時~19時", "通報者": "地域住民", "出没場所": "国・県・市道", "目撃者状況": "その他" }, "geometry": { "type": "Point", "coordinates": [ 137.540794417643582, 36.218886072363311 ] } },
{ "type": "Feature", "properties": { "出没月": "9月", "出没時間": "17時~18時", "通報者": "地域住民", "出没場所": "住宅地", "目撃者状況": "自宅" }, "geometry": { "type": "Point", "coordinates": [ 137.118824156611652, 36.246423394901399 ] } },
{ "type": "Feature", "properties": { "出没月": "9月", "出没時間": "10時~11時", "通報者": "地域住民", "出没場所": "国・県・市道", "目撃者状況": "その他車移動" }, "geometry": { "type": "Point", "coordinates": [ 136.900235861629142, 36.178891115345422 ] } },
{ "type": "Feature", "properties": { "出没月": "9月", "出没時間": "17時~18時", "通報者": "地域住民", "出没場所": "林道", "目撃者状況": "その他車移動" }, "geometry": { "type": "Point", "coordinates": [ 136.910138300000739, 36.157202780082187 ] } },
{ "type": "Feature", "properties": { "出没月": "9月", "出没時間": "13時~14時", "通報者": "地域住民", "出没場所": "住宅地", "目撃者状況": "自宅" }, "geometry": { "type": "Point", "coordinates": [ 137.326154009602959, 35.52552341008802 ] } },
{ "type": "Feature", "properties": { "出没月": "9月", "出没時間": "18時~19時", "通報者": "その他", "出没場所": "国・県・市道", "目撃者状況": "通勤・通学" }, "geometry": { "type": "Point", "coordinates": [ 136.529806621100818, 35.520357804332868 ] } },
{ "type": "Feature", "properties": { "出没月": "9月", "出没時間": "6時~7時", "通報者": "捕獲従事者", "出没場所": "その他", "目撃者状況": "その他" }, "geometry": { "type": "Point", "coordinates": [ 137.442078945898118, 35.363257777701286 ] } },
{ "type": "Feature", "properties": { "出没月": "9月", "出没時間": "8時~9時", "通報者": "地域住民", "出没場所": "山林", "目撃者状況": "自宅" }, "geometry": { "type": "Point", "coordinates": [ 137.549626665406862, 35.305428507687346 ] } },
{ "type": "Feature", "properties": { "出没月": "9月", "出没時間": "6時~7時", "通報者": "地域住民", "出没場所": "国・県・市道", "目撃者状況": "その他車移動" }, "geometry": { "type": "Point", "coordinates": [ 137.429332789253863, 35.695688191466829 ] } },
{ "type": "Feature", "properties": { "出没月": "9月", "出没時間": "10時~11時", "通報者": "その他", "出没場所": "国・県・市道", "目撃者状況": "その他" }, "geometry": { "type": "Point", "coordinates": [ 137.355731587516487, 36.272924934773613 ] } },
{ "type": "Feature", "properties": { "出没月": "9月", "出没時間": "15時~16時", "通報者": "地域住民", "出没場所": "その他", "目撃者状況": "その他" }, "geometry": { "type": "Point", "coordinates": [ 137.098782068850369, 36.310703252260005 ] } },
{ "type": "Feature", "properties": { "出没月": "9月", "出没時間": "7時~8時", "通報者": "地域住民", "出没場所": "国・県・市道", "目撃者状況": "その他車移動" }, "geometry": { "type": "Point", "coordinates": [ 137.093112435049449, 36.30781693849535 ] } },
{ "type": "Feature", "properties": { "出没月": "9月", "出没時間": "9時~10時", "通報者": "登山者", "出没場所": "登山道", "目撃者状況": "登山" }, "geometry": { "type": "Point", "coordinates": [ 136.540729514349039, 35.427043304239014 ] } },
{ "type": "Feature", "properties": { "出没月": "9月", "出没時間": "18時~19時", "通報者": "地域住民", "出没場所": "国・県・市道", "目撃者状況": "通勤・通学" }, "geometry": { "type": "Point", "coordinates": [ 137.102476692747501, 36.28231782024551 ] } },
{ "type": "Feature", "properties": { "出没月": "9月", "出没時間": "7時~8時", "通報者": "地域住民", "出没場所": "住宅地", "目撃者状況": "その他車移動" }, "geometry": { "type": "Point", "coordinates": [ 136.902044601086146, 36.176377699480973 ] } },
{ "type": "Feature", "properties": { "出没月": "9月", "出没時間": "18時~19時", "通報者": "地域住民", "出没場所": "山林", "目撃者状況": "自宅" }, "geometry": { "type": "Point", "coordinates": [ 136.904921758633321, 35.826465955741178 ] } },
{ "type": "Feature", "properties": { "出没月": "9月", "出没時間": "14時~15時", "通報者": "地域住民", "出没場所": "山林", "目撃者状況": "林業作業" }, "geometry": { "type": "Point", "coordinates": [ 136.908663963344452, 35.831839876406718 ] } },
{ "type": "Feature", "properties": { "出没月": "10月", "出没時間": "16時~17時", "通報者": "地域住民", "出没場所": "農地", "目撃者状況": "農作業" }, "geometry": { "type": "Point", "coordinates": [ 136.921862208010367, 35.781465097704803 ] } },
{ "type": "Feature", "properties": { "出没月": "10月", "出没時間": "7時~8時", "通報者": "地域住民", "出没場所": "国・県・市道", "目撃者状況": "通勤・通学" }, "geometry": { "type": "Point", "coordinates": [ 136.558192797169653, 35.416446537984292 ] } },
{ "type": "Feature", "properties": { "出没月": "9月", "出没時間": "14時~15時", "通報者": "地域住民", "出没場所": "住宅地", "目撃者状況": "自宅" }, "geometry": { "type": "Point", "coordinates": [ 137.356972967064621, 36.088045917236499 ] } },
{ "type": "Feature", "properties": { "出没月": "9月", "出没時間": "16時~17時", "通報者": "地域住民", "出没場所": "住宅地", "目撃者状況": "その他" }, "geometry": { "type": "Point", "coordinates": [ 137.257475793251189, 36.095530821134375 ] } },
{ "type": "Feature", "properties": { "出没月": "9月", "出没時間": "10時~11時", "通報者": "地域住民", "出没場所": "国・県・市道", "目撃者状況": "その他車移動" }, "geometry": { "type": "Point", "coordinates": [ 137.530408010357831, 35.994274704439334 ] } },
{ "type": "Feature", "properties": { "出没月": "9月", "出没時間": "13時~14時", "通報者": "地域住民", "出没場所": "国・県・市道", "目撃者状況": "その他車移動" }, "geometry": { "type": "Point", "coordinates": [ 136.942666656683826, 36.057895161673272 ] } },
{ "type": "Feature", "properties": { "出没月": "9月", "出没時間": "8時~9時", "通報者": "地域住民", "出没場所": "住宅地", "目撃者状況": "自宅" }, "geometry": { "type": "Point", "coordinates": [ 137.372520532497504, 36.37454958129382 ] } },
{ "type": "Feature", "properties": { "出没月": "10月", "出没時間": "15時~16時", "通報者": "地域住民", "出没場所": "国・県・市道", "目撃者状況": "その他車移動" }, "geometry": { "type": "Point", "coordinates": [ 137.369261637554501, 36.374938190179137 ] } },
{ "type": "Feature", "properties": { "出没月": "10月", "出没時間": "15時~16時", "通報者": "地域住民", "出没場所": "山林", "目撃者状況": "その他車移動" }, "geometry": { "type": "Point", "coordinates": [ 137.273249454753312, 35.787896900304986 ] } },
{ "type": "Feature", "properties": { "出没月": "9月", "出没時間": "0時~1時", "通報者": "地域住民", "出没場所": "国・県・市道", "目撃者状況": "自宅" }, "geometry": { "type": "Point", "coordinates": [ 137.305326238003744, 36.319252112212787 ] } },
{ "type": "Feature", "properties": { "出没月": "9月", "出没時間": "18時~19時", "通報者": "地域住民", "出没場所": "その他", "目撃者状況": "散歩" }, "geometry": { "type": "Point", "coordinates": [ 137.295759869426632, 36.337642049521719 ] } },
{ "type": "Feature", "properties": { "出没月": "9月", "出没時間": "19時~20時", "通報者": "地域住民", "出没場所": "その他", "目撃者状況": "自宅" }, "geometry": { "type": "Point", "coordinates": [ 137.313227053886237, 36.319484903961005 ] } },
{ "type": "Feature", "properties": { "出没月": "10月", "出没時間": "13時~14時", "通報者": "その他", "出没場所": "国・県・市道", "目撃者状況": "その他車移動" }, "geometry": { "type": "Point", "coordinates": [ 136.902231108817659, 36.259947234188154 ] } },
{ "type": "Feature", "properties": { "出没月": "10月", "出没時間": "3時~4時", "通報者": "地域住民", "出没場所": "住宅地", "目撃者状況": "散歩" }, "geometry": { "type": "Point", "coordinates": [ 136.907524256951149, 36.260342990211591 ] } },
{ "type": "Feature", "properties": { "出没月": "10月", "出没時間": "18時~19時", "通報者": "地域住民", "出没場所": "山林", "目撃者状況": "通勤・通学" }, "geometry": { "type": "Point", "coordinates": [ 137.363947589719714, 35.72312046730179 ] } },
{ "type": "Feature", "properties": { "出没月": "10月", "出没時間": "10時~11時", "通報者": "地域住民", "出没場所": "国・県・市道", "目撃者状況": "その他車移動" }, "geometry": { "type": "Point", "coordinates": [ 137.167784923509203, 35.472845167659052 ] } },
{ "type": "Feature", "properties": { "出没月": "10月", "出没時間": "3時~4時", "通報者": "地域住民", "出没場所": "住宅地", "目撃者状況": "その他" }, "geometry": { "type": "Point", "coordinates": [ 137.10702710012319, 35.487934551132405 ] } },
{ "type": "Feature", "properties": { "出没月": "10月", "出没時間": "7時~8時", "通報者": "地域住民", "出没場所": "国・県・市道", "目撃者状況": "通勤・通学" }, "geometry": { "type": "Point", "coordinates": [ 137.139938399260529, 36.263312178624496 ] } },
{ "type": "Feature", "properties": { "出没月": "10月", "出没時間": "10時~11時", "通報者": "その他", "出没場所": "国・県・市道", "目撃者状況": "その他" }, "geometry": { "type": "Point", "coordinates": [ 136.535714114916061, 35.530316394397261 ] } },
{ "type": "Feature", "properties": { "出没月": "10月", "出没時間": "23時~24時", "通報者": "地域住民", "出没場所": "国・県・市道", "目撃者状況": "自宅" }, "geometry": { "type": "Point", "coordinates": [ 137.264612644954127, 36.316053445901453 ] } },
{ "type": "Feature", "properties": { "出没月": "10月", "出没時間": "16時~17時", "通報者": "地域住民", "出没場所": "その他", "目撃者状況": "その他車移動" }, "geometry": { "type": "Point", "coordinates": [ 137.182499835242112, 36.401131834727195 ] } },
{ "type": "Feature", "properties": { "出没月": "10月", "出没時間": "16時~17時", "通報者": "地域住民", "出没場所": "その他", "目撃者状況": "その他車移動" }, "geometry": { "type": "Point", "coordinates": [ 137.182893070321626, 36.385527512965751 ] } },
{ "type": "Feature", "properties": { "出没月": "10月", "出没時間": "10時~11時", "通報者": "その他", "出没場所": "林道", "目撃者状況": "その他" }, "geometry": { "type": "Point", "coordinates": [ 137.01706726318784, 36.235042359702618 ] } },
{ "type": "Feature", "properties": { "出没月": "10月", "出没時間": "8時~9時", "通報者": "その他", "出没場所": "家畜場", "目撃者状況": "家畜作業" }, "geometry": { "type": "Point", "coordinates": [ 137.04352653430297, 36.282333611023304 ] } },
{ "type": "Feature", "properties": { "出没月": "10月", "出没時間": "10時~11時", "通報者": "その他", "出没場所": "山林", "目撃者状況": "その他" }, "geometry": { "type": "Point", "coordinates": [ 137.148167474293103, 35.517322197064907 ] } },
{ "type": "Feature", "properties": { "出没月": "10月", "出没時間": "6時~7時", "通報者": "地域住民", "出没場所": "河川敷", "目撃者状況": "その他" }, "geometry": { "type": "Point", "coordinates": [ 136.614153657215866, 35.639626483672856 ] } },
{ "type": "Feature", "properties": { "出没月": "10月", "出没時間": "14時~15時", "通報者": "その他", "出没場所": "その他", "目撃者状況": "その他" }, "geometry": { "type": "Point", "coordinates": [ 137.498167464263162, 36.249145054255116 ] } },
{ "type": "Feature", "properties": { "出没月": "10月", "出没時間": "16時~17時", "通報者": "地域住民", "出没場所": "国・県・市道", "目撃者状況": "その他車移動" }, "geometry": { "type": "Point", "coordinates": [ 136.590013178545775, 35.494156058027791 ] } },
{ "type": "Feature", "properties": { "出没月": "10月", "出没時間": "6時~7時", "通報者": "地域住民", "出没場所": "国・県・市道", "目撃者状況": "その他車移動" }, "geometry": { "type": "Point", "coordinates": [ 137.23325980770889, 35.527451567024571 ] } },
{ "type": "Feature", "properties": { "出没月": "10月", "出没時間": "16時~17時", "通報者": "その他", "出没場所": "山林", "目撃者状況": "その他車移動" }, "geometry": { "type": "Point", "coordinates": [ 137.422391026395189, 35.982300102865054 ] } },
{ "type": "Feature", "properties": { "出没月": "9月", "出没時間": "10時~11時", "通報者": "地域住民", "出没場所": "住宅地", "目撃者状況": "自宅" }, "geometry": { "type": "Point", "coordinates": [ 137.376762207891517, 36.079378314176772 ] } },
{ "type": "Feature", "properties": { "出没月": "9月", "出没時間": "17時~18時", "通報者": "地域住民", "出没場所": "住宅地", "目撃者状況": "自宅" }, "geometry": { "type": "Point", "coordinates": [ 137.52212356121953, 36.034109555058315 ] } },
{ "type": "Feature", "properties": { "出没月": "9月", "出没時間": "11時~12時", "通報者": "地域住民", "出没場所": "国・県・市道", "目撃者状況": "その他車移動" }, "geometry": { "type": "Point", "coordinates": [ 137.471128666429536, 36.031850125278112 ] } },
{ "type": "Feature", "properties": { "出没月": "9月", "出没時間": "7時~8時", "通報者": "地域住民", "出没場所": "住宅地", "目撃者状況": "自宅" }, "geometry": { "type": "Point", "coordinates": [ 137.3991898406004, 36.175648951271882 ] } },
{ "type": "Feature", "properties": { "出没月": "9月", "出没時間": "7時~8時", "通報者": "地域住民", "出没場所": "住宅地", "目撃者状況": "散歩" }, "geometry": { "type": "Point", "coordinates": [ 137.539721908759645, 36.002388386349232 ] } },
{ "type": "Feature", "properties": { "出没月": "9月", "出没時間": "5時~6時", "通報者": "地域住民", "出没場所": "河川敷", "目撃者状況": "その他" }, "geometry": { "type": "Point", "coordinates": [ 137.354476036783808, 36.091034315683025 ] } },
{ "type": "Feature", "properties": { "出没月": "9月", "出没時間": "13時~14時", "通報者": "地域住民", "出没場所": "国・県・市道", "目撃者状況": "その他車移動" }, "geometry": { "type": "Point", "coordinates": [ 137.403035190709943, 36.334848574160027 ] } },
{ "type": "Feature", "properties": { "出没月": "9月", "出没時間": "16時~17時", "通報者": "地域住民", "出没場所": "住宅地", "目撃者状況": "自宅" }, "geometry": { "type": "Point", "coordinates": [ 137.37460567823058, 36.298189132579424 ] } },
{ "type": "Feature", "properties": { "出没月": "10月", "出没時間": "11時~12時", "通報者": "地域住民", "出没場所": "国・県・市道", "目撃者状況": "その他" }, "geometry": { "type": "Point", "coordinates": [ 137.430064810137821, 35.454757896630525 ] } },
{ "type": "Feature", "properties": { "出没月": "9月", "出没時間": "8時~9時", "通報者": "その他", "出没場所": "その他", "目撃者状況": "その他" }, "geometry": { "type": "Point", "coordinates": [ 137.477411214796973, 36.07558368054201 ] } },
{ "type": "Feature", "properties": { "出没月": "9月", "出没時間": "12時~13時", "通報者": "地域住民", "出没場所": "住宅地", "目撃者状況": "農作業" }, "geometry": { "type": "Point", "coordinates": [ 137.079134461996233, 36.146369136395677 ] } },
{ "type": "Feature", "properties": { "出没月": "9月", "出没時間": "9時~10時", "通報者": "地域住民", "出没場所": "河川敷", "目撃者状況": "その他" }, "geometry": { "type": "Point", "coordinates": [ 137.30731929625793, 36.176168420605386 ] } },
{ "type": "Feature", "properties": { "出没月": "9月", "出没時間": "18時~19時", "通報者": "地域住民", "出没場所": "国・県・市道", "目撃者状況": "その他車移動" }, "geometry": { "type": "Point", "coordinates": [ 136.969644550699968, 36.018202362869708 ] } },
{ "type": "Feature", "properties": { "出没月": "9月", "出没時間": "11時~12時", "通報者": "その他", "出没場所": "その他", "目撃者状況": "その他" }, "geometry": { "type": "Point", "coordinates": [ 137.360974034887619, 36.002519304233402 ] } },
{ "type": "Feature", "properties": { "出没月": "9月", "出没時間": "17時~18時", "通報者": "その他", "出没場所": "その他", "目撃者状況": null }, "geometry": { "type": "Point", "coordinates": [ 137.353087677067151, 36.008548141198681 ] } },
{ "type": "Feature", "properties": { "出没月": "9月", "出没時間": "14時~15時", "通報者": "地域住民", "出没場所": "国・県・市道", "目撃者状況": "その他車移動" }, "geometry": { "type": "Point", "coordinates": [ 137.307079519480709, 36.176907765127218 ] } },
{ "type": "Feature", "properties": { "出没月": "9月", "出没時間": "8時~9時", "通報者": "地域住民", "出没場所": "国・県・市道", "目撃者状況": "その他車移動" }, "geometry": { "type": "Point", "coordinates": [ 136.992974158706971, 36.02240814813873 ] } },
{ "type": "Feature", "properties": { "出没月": "9月", "出没時間": "14時~15時", "通報者": "地域住民", "出没場所": "林道", "目撃者状況": "その他車移動" }, "geometry": { "type": "Point", "coordinates": [ 136.967764373769938, 36.023580134597566 ] } },
{ "type": "Feature", "properties": { "出没月": "9月", "出没時間": "18時~19時", "通報者": "地域住民", "出没場所": "国・県・市道", "目撃者状況": "その他車移動" }, "geometry": { "type": "Point", "coordinates": [ 137.395160169358434, 36.031146919523131 ] } },
{ "type": "Feature", "properties": { "出没月": "9月", "出没時間": "8時~9時", "通報者": "地域住民", "出没場所": "農地", "目撃者状況": "農作業" }, "geometry": { "type": "Point", "coordinates": [ 137.261228854936491, 36.168559426579385 ] } },
{ "type": "Feature", "properties": { "出没月": "10月", "出没時間": "5時~6時", "通報者": "地域住民", "出没場所": "国・県・市道", "目撃者状況": "その他車移動" }, "geometry": { "type": "Point", "coordinates": [ 137.422770468760035, 35.704110535895317 ] } },
{ "type": "Feature", "properties": { "出没月": "10月", "出没時間": "8時~9時", "通報者": "捕獲従事者", "出没場所": "林道", "目撃者状況": "その他" }, "geometry": { "type": "Point", "coordinates": [ 136.654390361293594, 35.515067458346273 ] } },
{ "type": "Feature", "properties": { "出没月": "10月", "出没時間": "18時~19時", "通報者": "地域住民", "出没場所": "その他", "目撃者状況": "散歩" }, "geometry": { "type": "Point", "coordinates": [ 137.297251634680009, 36.334565963323683 ] } },
{ "type": "Feature", "properties": { "出没月": "10月", "出没時間": "10時~11時", "通報者": "地域住民", "出没場所": "山林", "目撃者状況": "登山" }, "geometry": { "type": "Point", "coordinates": [ 137.298537102114381, 36.325226232616508 ] } },
{ "type": "Feature", "properties": { "出没月": "10月", "出没時間": "14時~15時", "通報者": "地域住民", "出没場所": "国・県・市道", "目撃者状況": "散歩" }, "geometry": { "type": "Point", "coordinates": [ 137.313391160115742, 36.319767477969521 ] } },
{ "type": "Feature", "properties": { "出没月": "10月", "出没時間": "9時~10時", "通報者": "地域住民", "出没場所": "林道", "目撃者状況": "建設作業" }, "geometry": { "type": "Point", "coordinates": [ 136.871250429167588, 35.842592408022064 ] } },
{ "type": "Feature", "properties": { "出没月": "10月", "出没時間": "7時~8時", "通報者": "地域住民", "出没場所": null, "目撃者状況": null }, "geometry": { "type": "Point", "coordinates": [ 137.436666461770471, 35.471833318518428 ] } },
{ "type": "Feature", "properties": { "出没月": "10月", "出没時間": "16時~17時", "通報者": "その他", "出没場所": "農地", "目撃者状況": "その他" }, "geometry": { "type": "Point", "coordinates": [ 137.478120048596224, 35.393564780632033 ] } },
{ "type": "Feature", "properties": { "出没月": "10月", "出没時間": "17時~18時", "通報者": "地域住民", "出没場所": "河川敷", "目撃者状況": "農作業" }, "geometry": { "type": "Point", "coordinates": [ 136.851748129863665, 35.86635601398536 ] } },
{ "type": "Feature", "properties": { "出没月": "10月", "出没時間": "13時~14時", "通報者": "地域住民", "出没場所": "林道", "目撃者状況": "その他車移動" }, "geometry": { "type": "Point", "coordinates": [ 137.322674468890312, 36.19792918222236 ] } },
{ "type": "Feature", "properties": { "出没月": "10月", "出没時間": "17時~18時", "通報者": "地域住民", "出没場所": "住宅地", "目撃者状況": "散歩" }, "geometry": { "type": "Point", "coordinates": [ 137.223737310960189, 36.219986243451984 ] } },
{ "type": "Feature", "properties": { "出没月": "10月", "出没時間": "16時~17時", "通報者": "地域住民", "出没場所": "林道", "目撃者状況": "自宅" }, "geometry": { "type": "Point", "coordinates": [ 137.132795477552264, 36.097253776949486 ] } },
{ "type": "Feature", "properties": { "出没月": "10月", "出没時間": "21時~22時", "通報者": "地域住民", "出没場所": "住宅地", "目撃者状況": "その他" }, "geometry": { "type": "Point", "coordinates": [ 137.36332902909399, 36.288247962352017 ] } },
{ "type": "Feature", "properties": { "出没月": "10月", "出没時間": "10時~11時", "通報者": "その他", "出没場所": "国・県・市道", "目撃者状況": "その他車移動" }, "geometry": { "type": "Point", "coordinates": [ 137.1241652412603, 36.10575487289524 ] } },
{ "type": "Feature", "properties": { "出没月": "10月", "出没時間": "16時~17時", "通報者": "地域住民", "出没場所": "住宅地", "目撃者状況": "自宅" }, "geometry": { "type": "Point", "coordinates": [ 137.309665197416592, 36.204975514309311 ] } },
{ "type": "Feature", "properties": { "出没月": "10月", "出没時間": "18時~19時", "通報者": "地域住民", "出没場所": "住宅地", "目撃者状況": "自宅" }, "geometry": { "type": "Point", "coordinates": [ 137.48470549268427, 36.036583965419183 ] } },
{ "type": "Feature", "properties": { "出没月": "10月", "出没時間": "11時~12時", "通報者": "地域住民", "出没場所": "国・県・市道", "目撃者状況": "その他" }, "geometry": { "type": "Point", "coordinates": [ 137.303296113128539, 36.332587671969364 ] } },
{ "type": "Feature", "properties": { "出没月": "10月", "出没時間": "16時~17時", "通報者": "地域住民", "出没場所": "国・県・市道", "目撃者状況": "通勤・通学" }, "geometry": { "type": "Point", "coordinates": [ 137.30047177234718, 36.329791287293283 ] } },
{ "type": "Feature", "properties": { "出没月": "10月", "出没時間": "18時~19時", "通報者": "その他", "出没場所": "国・県・市道", "目撃者状況": "その他" }, "geometry": { "type": "Point", "coordinates": [ 137.303206002360781, 36.32523225636475 ] } },
{ "type": "Feature", "properties": { "出没月": "10月", "出没時間": "9時~10時", "通報者": "登山者", "出没場所": "林道", "目撃者状況": "その他" }, "geometry": { "type": "Point", "coordinates": [ 137.114483098167057, 36.107410580165784 ] } },
{ "type": "Feature", "properties": { "出没月": "10月", "出没時間": "11時~12時", "通報者": "地域住民", "出没場所": "国・県・市道", "目撃者状況": "その他" }, "geometry": { "type": "Point", "coordinates": [ 137.502254305038008, 36.171750243535165 ] } },
{ "type": "Feature", "properties": { "出没月": "10月", "出没時間": "17時~18時", "通報者": "地域住民", "出没場所": "国・県・市道", "目撃者状況": "その他車移動" }, "geometry": { "type": "Point", "coordinates": [ 137.184455565249692, 36.124254211377632 ] } },
{ "type": "Feature", "properties": { "出没月": "10月", "出没時間": "19時~20時", "通報者": "地域住民", "出没場所": "住宅地", "目撃者状況": "その他" }, "geometry": { "type": "Point", "coordinates": [ 137.268899792323566, 36.120141953071013 ] } },
{ "type": "Feature", "properties": { "出没月": "10月", "出没時間": "21時~22時", "通報者": "地域住民", "出没場所": "国・県・市道", "目撃者状況": "その他車移動" }, "geometry": { "type": "Point", "coordinates": [ 137.268420359723564, 36.162887742470595 ] } },
{ "type": "Feature", "properties": { "出没月": "10月", "出没時間": "14時~15時", "通報者": "地域住民", "出没場所": "住宅地", "目撃者状況": "自宅" }, "geometry": { "type": "Point", "coordinates": [ 137.326254485809159, 36.167150860148034 ] } },
{ "type": "Feature", "properties": { "出没月": "10月", "出没時間": "16時~17時", "通報者": "地域住民", "出没場所": "住宅地", "目撃者状況": "自宅" }, "geometry": { "type": "Point", "coordinates": [ 137.358232774848403, 36.21149325334661 ] } },
{ "type": "Feature", "properties": { "出没月": "10月", "出没時間": "18時~19時", "通報者": "地域住民", "出没場所": "国・県・市道", "目撃者状況": "その他車移動" }, "geometry": { "type": "Point", "coordinates": [ 137.238747271848126, 36.232261594367742 ] } },
{ "type": "Feature", "properties": { "出没月": "10月", "出没時間": "10時~11時", "通報者": "地域住民", "出没場所": "国・県・市道", "目撃者状況": "その他車移動" }, "geometry": { "type": "Point", "coordinates": [ 137.464313133556317, 36.181207130649447 ] } },
{ "type": "Feature", "properties": { "出没月": "10月", "出没時間": "11時~12時", "通報者": "その他", "出没場所": "その他", "目撃者状況": "その他" }, "geometry": { "type": "Point", "coordinates": [ 137.261453311563656, 36.138593826718058 ] } },
{ "type": "Feature", "properties": { "出没月": "10月", "出没時間": "16時~17時", "通報者": "地域住民", "出没場所": "林道", "目撃者状況": null }, "geometry": { "type": "Point", "coordinates": [ 137.410820920213894, 35.984018130506989 ] } },
{ "type": "Feature", "properties": { "出没月": "10月", "出没時間": "9時~10時", "通報者": "地域住民", "出没場所": "国・県・市道", "目撃者状況": "その他車移動" }, "geometry": { "type": "Point", "coordinates": [ 136.798178774357297, 35.967035661381338 ] } },
{ "type": "Feature", "properties": { "出没月": "10月", "出没時間": "19時~20時", "通報者": "地域住民", "出没場所": "国・県・市道", "目撃者状況": "その他車移動" }, "geometry": { "type": "Point", "coordinates": [ 137.301907923695097, 36.28261627089347 ] } },
{ "type": "Feature", "properties": { "出没月": "10月", "出没時間": "6時~7時", "通報者": "地域住民", "出没場所": "住宅地", "目撃者状況": "自宅" }, "geometry": { "type": "Point", "coordinates": [ 137.367648362526069, 36.174621119458322 ] } },
{ "type": "Feature", "properties": { "出没月": "10月", "出没時間": "8時~9時", "通報者": "地域住民", "出没場所": "住宅地", "目撃者状況": "自宅" }, "geometry": { "type": "Point", "coordinates": [ 137.26405818547957, 36.131782954978959 ] } },
{ "type": "Feature", "properties": { "出没月": "10月", "出没時間": "15時~16時", "通報者": "地域住民", "出没場所": "住宅地", "目撃者状況": "自宅" }, "geometry": { "type": "Point", "coordinates": [ 137.263466533413776, 36.130639905440802 ] } },
{ "type": "Feature", "properties": { "出没月": "10月", "出没時間": "10時~11時", "通報者": "地域住民", "出没場所": "河川敷", "目撃者状況": "その他" }, "geometry": { "type": "Point", "coordinates": [ 137.420607081935742, 35.444704976818592 ] } },
{ "type": "Feature", "properties": { "出没月": "10月", "出没時間": "6時~7時", "通報者": "地域住民", "出没場所": "農地", "目撃者状況": "散歩" }, "geometry": { "type": "Point", "coordinates": [ 136.531285047855221, 35.475086974228908 ] } },
{ "type": "Feature", "properties": { "出没月": "10月", "出没時間": "17時~18時", "通報者": "地域住民", "出没場所": "国・県・市道", "目撃者状況": "通勤・通学" }, "geometry": { "type": "Point", "coordinates": [ 137.064010253155374, 35.865000262701777 ] } },
{ "type": "Feature", "properties": { "出没月": "10月", "出没時間": "16時~17時", "通報者": "その他", "出没場所": "国・県・市道", "目撃者状況": "通勤・通学" }, "geometry": { "type": "Point", "coordinates": [ 137.062486613015778, 35.921308447951276 ] } },
{ "type": "Feature", "properties": { "出没月": "10月", "出没時間": "11時~12時", "通報者": "地域住民", "出没場所": "その他", "目撃者状況": "その他" }, "geometry": { "type": "Point", "coordinates": [ 137.296986096458028, 36.331051288355646 ] } },
{ "type": "Feature", "properties": { "出没月": "10月", "出没時間": "11時~12時", "通報者": "農業従事者", "出没場所": "住宅地", "目撃者状況": "農作業" }, "geometry": { "type": "Point", "coordinates": [ 137.521573805777052, 35.565566573800588 ] } },
{ "type": "Feature", "properties": { "出没月": "10月", "出没時間": "11時~12時", "通報者": "地域住民", "出没場所": "農地", "目撃者状況": "その他車移動" }, "geometry": { "type": "Point", "coordinates": [ 137.526976967184567, 35.554243808768007 ] } },
{ "type": "Feature", "properties": { "出没月": "10月", "出没時間": "18時~19時", "通報者": "地域住民", "出没場所": "国・県・市道", "目撃者状況": "その他車移動" }, "geometry": { "type": "Point", "coordinates": [ 137.513828625255229, 35.59221368979599 ] } },
{ "type": "Feature", "properties": { "出没月": "10月", "出没時間": "11時~12時", "通報者": "地域住民", "出没場所": "山林", "目撃者状況": "その他車移動" }, "geometry": { "type": "Point", "coordinates": [ 137.273146077278824, 35.788103371641704 ] } },
{ "type": "Feature", "properties": { "出没月": "4月", "出没時間": "11時~12時", "通報者": "地域住民", "出没場所": "国・県・市道", "目撃者状況": "その他車移動" }, "geometry": { "type": "Point", "coordinates": [ 137.538310996402203, 35.551505816067213 ] } },
{ "type": "Feature", "properties": { "出没月": "10月", "出没時間": "17時~18時", "通報者": "その他", "出没場所": "国・県・市道", "目撃者状況": "その他車移動" }, "geometry": { "type": "Point", "coordinates": [ 137.324384270432859, 36.30872299380205 ] } },
{ "type": "Feature", "properties": { "出没月": "10月", "出没時間": "11時~12時", "通報者": "林業従事者", "出没場所": "国・県・市道", "目撃者状況": "その他車移動" }, "geometry": { "type": "Point", "coordinates": [ 136.934299591507369, 35.876889555392459 ] } },
{ "type": "Feature", "properties": { "出没月": "10月", "出没時間": "16時~17時", "通報者": "その他", "出没場所": "国・県・市道", "目撃者状況": "その他車移動" }, "geometry": { "type": "Point", "coordinates": [ 137.509581416355445, 35.593359897567503 ] } },
{ "type": "Feature", "properties": { "出没月": "10月", "出没時間": "13時~14時", "通報者": "その他", "出没場所": "国・県・市道", "目撃者状況": "その他車移動" }, "geometry": { "type": "Point", "coordinates": [ 137.06932534293756, 36.295749850409507 ] } },
{ "type": "Feature", "properties": { "出没月": "10月", "出没時間": "15時~16時", "通報者": "地域住民", "出没場所": "山林", "目撃者状況": "その他車移動" }, "geometry": { "type": "Point", "coordinates": [ 137.135240829794327, 36.326688439614671 ] } },
{ "type": "Feature", "properties": { "出没月": "10月", "出没時間": "1時~2時", "通報者": "地域住民", "出没場所": "国・県・市道", "目撃者状況": "その他車移動" }, "geometry": { "type": "Point", "coordinates": [ 137.186693911781447, 36.409448733485775 ] } },
{ "type": "Feature", "properties": { "出没月": "10月", "出没時間": "14時~15時", "通報者": "その他", "出没場所": "国・県・市道", "目撃者状況": "その他車移動" }, "geometry": { "type": "Point", "coordinates": [ 137.55184084371075, 36.185852086396793 ] } },
{ "type": "Feature", "properties": { "出没月": "10月", "出没時間": "12時~13時", "通報者": "登山者", "出没場所": "登山道", "目撃者状況": "登山" }, "geometry": { "type": "Point", "coordinates": [ 137.583527784987695, 36.247500790718242 ] } },
{ "type": "Feature", "properties": { "出没月": "10月", "出没時間": "5時~6時", "通報者": "地域住民", "出没場所": "住宅地", "目撃者状況": "自宅" }, "geometry": { "type": "Point", "coordinates": [ 137.191465162032273, 36.243917490709258 ] } },
{ "type": "Feature", "properties": { "出没月": "10月", "出没時間": "17時~18時", "通報者": "地域住民", "出没場所": "住宅地", "目撃者状況": "自宅" }, "geometry": { "type": "Point", "coordinates": [ 136.552636300694786, 35.456147242054861 ] } },
{ "type": "Feature", "properties": { "出没月": "10月", "出没時間": "21時~22時", "通報者": "その他", "出没場所": "その他", "目撃者状況": "その他" }, "geometry": { "type": "Point", "coordinates": [ 136.541794619356864, 35.453371105443395 ] } },
{ "type": "Feature", "properties": { "出没月": "10月", "出没時間": "15時~16時", "通報者": "地域住民", "出没場所": "河川敷", "目撃者状況": "その他車移動" }, "geometry": { "type": "Point", "coordinates": [ 137.515213491924953, 35.585511310717216 ] } },
{ "type": "Feature", "properties": { "出没月": "10月", "出没時間": "16時~17時", "通報者": "地域住民", "出没場所": "国・県・市道", "目撃者状況": "通勤・通学" }, "geometry": { "type": "Point", "coordinates": [ 137.530986455957674, 35.578005741133907 ] } },
{ "type": "Feature", "properties": { "出没月": "10月", "出没時間": "18時~19時", "通報者": "地域住民", "出没場所": "国・県・市道", "目撃者状況": "その他車移動" }, "geometry": { "type": "Point", "coordinates": [ 137.516208809984761, 35.579671985479727 ] } },
{ "type": "Feature", "properties": { "出没月": "10月", "出没時間": "8時~9時", "通報者": "登山者", "出没場所": "登山道", "目撃者状況": "登山" }, "geometry": { "type": "Point", "coordinates": [ 136.613447146231209, 35.492146390242958 ] } },
{ "type": "Feature", "properties": { "出没月": "10月", "出没時間": "8時~9時", "通報者": "地域住民", "出没場所": "住宅地", "目撃者状況": "自宅" }, "geometry": { "type": "Point", "coordinates": [ 137.256473236248667, 36.158062954652507 ] } },
{ "type": "Feature", "properties": { "出没月": "10月", "出没時間": "9時~10時", "通報者": "地域住民", "出没場所": "山林", "目撃者状況": "その他車移動" }, "geometry": { "type": "Point", "coordinates": [ 137.234895952603011, 35.555202277285069 ] } },
{ "type": "Feature", "properties": { "出没月": "10月", "出没時間": "10時~11時", "通報者": "地域住民", "出没場所": "山林", "目撃者状況": "その他車移動" }, "geometry": { "type": "Point", "coordinates": [ 137.363671698174841, 35.340044541739829 ] } },
{ "type": "Feature", "properties": { "出没月": "10月", "出没時間": "20時~21時", "通報者": "地域住民", "出没場所": "国・県・市道", "目撃者状況": "その他" }, "geometry": { "type": "Point", "coordinates": [ 136.519446945650827, 35.534848054715489 ] } },
{ "type": "Feature", "properties": { "出没月": "10月", "出没時間": "8時~9時", "通報者": "その他", "出没場所": "その他", "目撃者状況": "その他" }, "geometry": { "type": "Point", "coordinates": [ 136.787598657341618, 35.523421404840434 ] } },
{ "type": "Feature", "properties": { "出没月": "10月", "出没時間": "13時~14時", "通報者": "林業従事者", "出没場所": "国・県・市道", "目撃者状況": "林業作業" }, "geometry": { "type": "Point", "coordinates": [ 137.389967791128811, 35.589199872515763 ] } },
{ "type": "Feature", "properties": { "出没月": "10月", "出没時間": "7時~8時", "通報者": "地域住民", "出没場所": "山林", "目撃者状況": "その他車移動" }, "geometry": { "type": "Point", "coordinates": [ 137.273384895920202, 35.787797825851698 ] } },
{ "type": "Feature", "properties": { "出没月": "10月", "出没時間": "15時~16時", "通報者": "地域住民", "出没場所": "河川敷", "目撃者状況": "その他車移動" }, "geometry": { "type": "Point", "coordinates": [ 137.317702464808576, 35.732812680809062 ] } },
{ "type": "Feature", "properties": { "出没月": "10月", "出没時間": "11時~12時", "通報者": "地域住民", "出没場所": "国・県・市道", "目撃者状況": "その他車移動" }, "geometry": { "type": "Point", "coordinates": [ 137.080377802627424, 36.303230498963082 ] } },
{ "type": "Feature", "properties": { "出没月": "11月", "出没時間": "0時~1時", "通報者": "地域住民", "出没場所": "国・県・市道", "目撃者状況": "その他" }, "geometry": { "type": "Point", "coordinates": [ 136.658139986526351, 35.510944837741704 ] } },
{ "type": "Feature", "properties": { "出没月": "10月", "出没時間": "7時~8時", "通報者": "地域住民", "出没場所": "国・県・市道", "目撃者状況": null }, "geometry": { "type": "Point", "coordinates": [ 137.035790364556249, 35.854798912657458 ] } },
{ "type": "Feature", "properties": { "出没月": "11月", "出没時間": "8時~9時", "通報者": "地域住民", "出没場所": "山林", "目撃者状況": "散歩" }, "geometry": { "type": "Point", "coordinates": [ 137.112688496759176, 35.780557415599624 ] } },
{ "type": "Feature", "properties": { "出没月": "10月", "出没時間": "16時~17時", "通報者": "地域住民", "出没場所": "河川敷", "目撃者状況": "散歩" }, "geometry": { "type": "Point", "coordinates": [ 137.05310021906422, 35.737813997300151 ] } },
{ "type": "Feature", "properties": { "出没月": "10月", "出没時間": "8時~9時", "通報者": "地域住民", "出没場所": "国・県・市道", "目撃者状況": "自宅" }, "geometry": { "type": "Point", "coordinates": [ 137.295291795434224, 36.329470262291323 ] } },
{ "type": "Feature", "properties": { "出没月": "11月", "出没時間": "20時~21時", "通報者": "その他", "出没場所": "国・県・市道", "目撃者状況": "自宅" }, "geometry": { "type": "Point", "coordinates": [ 137.301786614594391, 36.3292670695296 ] } },
{ "type": "Feature", "properties": { "出没月": "11月", "出没時間": "6時~7時", "通報者": "地域住民", "出没場所": "国・県・市道", "目撃者状況": "その他" }, "geometry": { "type": "Point", "coordinates": [ 136.655049395735318, 35.497137732948246 ] } },
{ "type": "Feature", "properties": { "出没月": "11月", "出没時間": null, "通報者": "建設業関係者", "出没場所": "山林", "目撃者状況": "建設作業" }, "geometry": { "type": "Point", "coordinates": [ 136.957717829747054, 35.524473012430796 ] } },
{ "type": "Feature", "properties": { "出没月": "11月", "出没時間": "10時~11時", "通報者": "捕獲従事者", "出没場所": "山林", "目撃者状況": "その他" }, "geometry": { "type": "Point", "coordinates": [ 136.94726431279912, 35.536262916025606 ] } },
{ "type": "Feature", "properties": { "出没月": "11月", "出没時間": "14時~15時", "通報者": "地域住民", "出没場所": "国・県・市道", "目撃者状況": "その他車移動" }, "geometry": { "type": "Point", "coordinates": [ 137.081122129932794, 36.303518316255925 ] } },
{ "type": "Feature", "properties": { "出没月": "11月", "出没時間": "5時~6時", "通報者": "地域住民", "出没場所": "国・県・市道", "目撃者状況": "その他車移動" }, "geometry": { "type": "Point", "coordinates": [ 137.250339457406341, 35.942161737590006 ] } },
{ "type": "Feature", "properties": { "出没月": "11月", "出没時間": "7時~8時", "通報者": "地域住民", "出没場所": "その他", "目撃者状況": "その他車移動" }, "geometry": { "type": "Point", "coordinates": [ 137.248692978991528, 35.937644943983329 ] } },
{ "type": "Feature", "properties": { "出没月": "11月", "出没時間": "11時~12時", "通報者": "地域住民", "出没場所": "その他", "目撃者状況": "その他" }, "geometry": { "type": "Point", "coordinates": [ 137.136468861814507, 36.329513723089171 ] } },
{ "type": "Feature", "properties": { "出没月": "11月", "出没時間": "11時~12時", "通報者": "地域住民", "出没場所": "農地", "目撃者状況": "散歩" }, "geometry": { "type": "Point", "coordinates": [ 137.135731517278941, 36.328032064930184 ] } },
{ "type": "Feature", "properties": { "出没月": "11月", "出没時間": "17時~18時", "通報者": "その他", "出没場所": "その他", "目撃者状況": "その他" }, "geometry": { "type": "Point", "coordinates": [ 137.182140559107978, 36.400266140688778 ] } },
{ "type": "Feature", "properties": { "出没月": "11月", "出没時間": "14時~15時", "通報者": "建設業関係者", "出没場所": "河川敷", "目撃者状況": "建設作業" }, "geometry": { "type": "Point", "coordinates": [ 137.423419847718833, 35.665361579035007 ] } },
{ "type": "Feature", "properties": { "出没月": "11月", "出没時間": "16時~17時", "通報者": "地域住民", "出没場所": "山林", "目撃者状況": "通勤・通学" }, "geometry": { "type": "Point", "coordinates": [ 137.388657255447214, 35.338117657001426 ] } },
{ "type": "Feature", "properties": { "出没月": "11月", "出没時間": "16時~17時", "通報者": "その他", "出没場所": "その他", "目撃者状況": "その他" }, "geometry": { "type": "Point", "coordinates": [ 136.777412258349557, 35.501098706298862 ] } },
{ "type": "Feature", "properties": { "出没月": "10月", "出没時間": "10時~11時", "通報者": "地域住民", "出没場所": "山林", "目撃者状況": "自宅" }, "geometry": { "type": "Point", "coordinates": [ 136.907669354527002, 35.80687039337846 ] } },
{ "type": "Feature", "properties": { "出没月": "10月", "出没時間": "16時~17時", "通報者": "地域住民", "出没場所": "住宅地", "目撃者状況": "自宅" }, "geometry": { "type": "Point", "coordinates": [ 137.191667124438879, 36.205525874209485 ] } },
{ "type": "Feature", "properties": { "出没月": "10月", "出没時間": "11時~12時", "通報者": "地域住民", "出没場所": "住宅地", "目撃者状況": "自宅" }, "geometry": { "type": "Point", "coordinates": [ 137.245346730437717, 36.223628718593865 ] } },
{ "type": "Feature", "properties": { "出没月": "10月", "出没時間": "10時~11時", "通報者": "地域住民", "出没場所": "住宅地", "目撃者状況": "その他" }, "geometry": { "type": "Point", "coordinates": [ 137.257794948748597, 36.19449913996467 ] } },
{ "type": "Feature", "properties": { "出没月": "10月", "出没時間": "12時~13時", "通報者": "地域住民", "出没場所": "住宅地", "目撃者状況": "その他" }, "geometry": { "type": "Point", "coordinates": [ 137.254428706261706, 36.092384141790902 ] } },
{ "type": "Feature", "properties": { "出没月": "10月", "出没時間": "15時~16時", "通報者": "その他", "出没場所": "その他", "目撃者状況": "散歩" }, "geometry": { "type": "Point", "coordinates": [ 137.261931484393727, 36.149819724569404 ] } },
{ "type": "Feature", "properties": { "出没月": "10月", "出没時間": "15時~16時", "通報者": "地域住民", "出没場所": "住宅地", "目撃者状況": "その他車移動" }, "geometry": { "type": "Point", "coordinates": [ 137.274870917134336, 36.137402313609037 ] } },
{ "type": "Feature", "properties": { "出没月": "11月", "出没時間": "16時~17時", "通報者": "地域住民", "出没場所": "その他", "目撃者状況": "その他車移動" }, "geometry": { "type": "Point", "coordinates": [ 137.182447780071669, 36.401200968108853 ] } },
{ "type": "Feature", "properties": { "出没月": "10月", "出没時間": "14時~15時", "通報者": "地域住民", "出没場所": "農地", "目撃者状況": "農作業" }, "geometry": { "type": "Point", "coordinates": [ 137.258986300924306, 36.176892544604925 ] } },
{ "type": "Feature", "properties": { "出没月": "10月", "出没時間": "13時~14時", "通報者": "地域住民", "出没場所": "国・県・市道", "目撃者状況": "その他車移動" }, "geometry": { "type": "Point", "coordinates": [ 137.483958970548258, 36.046032833868964 ] } },
{ "type": "Feature", "properties": { "出没月": "10月", "出没時間": "10時~11時", "通報者": "地域住民", "出没場所": "住宅地", "目撃者状況": "自宅" }, "geometry": { "type": "Point", "coordinates": [ 137.299343295399439, 36.157805691022887 ] } },
{ "type": "Feature", "properties": { "出没月": "10月", "出没時間": "15時~16時", "通報者": "地域住民", "出没場所": "農地", "目撃者状況": "農作業" }, "geometry": { "type": "Point", "coordinates": [ 137.22961379282421, 36.121010631028547 ] } },
{ "type": "Feature", "properties": { "出没月": "10月", "出没時間": "6時~7時", "通報者": "地域住民", "出没場所": "住宅地", "目撃者状況": "その他" }, "geometry": { "type": "Point", "coordinates": [ 137.56536906435224, 36.266169584309836 ] } },
{ "type": "Feature", "properties": { "出没月": "11月", "出没時間": "16時~17時", "通報者": "地域住民", "出没場所": "国・県・市道", "目撃者状況": "その他車移動" }, "geometry": { "type": "Point", "coordinates": [ 137.418601270782943, 35.656583379022386 ] } },
{ "type": "Feature", "properties": { "出没月": "11月", "出没時間": "17時~18時", "通報者": "その他", "出没場所": "国・県・市道", "目撃者状況": "通勤・通学" }, "geometry": { "type": "Point", "coordinates": [ 136.511524424909169, 35.559593588611719 ] } },
{ "type": "Feature", "properties": { "出没月": "11月", "出没時間": "7時~8時", "通報者": "地域住民", "出没場所": "国・県・市道", "目撃者状況": "その他車移動" }, "geometry": { "type": "Point", "coordinates": [ 137.248776234862049, 35.937937159396327 ] } },
{ "type": "Feature", "properties": { "出没月": "11月", "出没時間": "6時~7時", "通報者": "地域住民", "出没場所": "その他", "目撃者状況": "その他" }, "geometry": { "type": "Point", "coordinates": [ 137.18175799918933, 36.384428113931392 ] } },
{ "type": "Feature", "properties": { "出没月": "11月", "出没時間": "7時~8時", "通報者": "地域住民", "出没場所": "国・県・市道", "目撃者状況": "通勤・通学" }, "geometry": { "type": "Point", "coordinates": [ 137.251516811031678, 36.309788321645044 ] } },
{ "type": "Feature", "properties": { "出没月": "11月", "出没時間": "19時~20時", "通報者": "地域住民", "出没場所": "国・県・市道", "目撃者状況": "その他" }, "geometry": { "type": "Point", "coordinates": [ 137.295846918778068, 36.3347026806656 ] } },
{ "type": "Feature", "properties": { "出没月": "11月", "出没時間": "16時~17時", "通報者": "地域住民", "出没場所": "農地", "目撃者状況": "散歩" }, "geometry": { "type": "Point", "coordinates": [ 137.3635746067946, 36.289340922085437 ] } },
{ "type": "Feature", "properties": { "出没月": "11月", "出没時間": "6時~7時", "通報者": "その他", "出没場所": "国・県・市道", "目撃者状況": "その他車移動" }, "geometry": { "type": "Point", "coordinates": [ 137.251438095311812, 36.309724161529537 ] } },
{ "type": "Feature", "properties": { "出没月": "5月", "出没時間": "7時~8時", "通報者": "地域住民", "出没場所": "国・県・市道", "目撃者状況": "自宅" }, "geometry": { "type": "Point", "coordinates": [ 136.89628078292651, 35.707562549597995 ] } },
{ "type": "Feature", "properties": { "出没月": "7月", "出没時間": "6時~7時", "通報者": "地域住民", "出没場所": "国・県・市道", "目撃者状況": "自宅" }, "geometry": { "type": "Point", "coordinates": [ 136.896315375192103, 35.707545726700012 ] } },
{ "type": "Feature", "properties": { "出没月": "10月", "出没時間": "17時~18時", "通報者": "地域住民", "出没場所": "山林", "目撃者状況": "その他" }, "geometry": { "type": "Point", "coordinates": [ 136.953614685835902, 35.745909567569207 ] } },
{ "type": "Feature", "properties": { "出没月": "11月", "出没時間": "20時~21時", "通報者": "地域住民", "出没場所": "国・県・市道", "目撃者状況": "その他" }, "geometry": { "type": "Point", "coordinates": [ 136.946446017963098, 35.737056000927915 ] } },
{ "type": "Feature", "properties": { "出没月": "11月", "出没時間": "10時~11時", "通報者": "地域住民", "出没場所": "国・県・市道", "目撃者状況": "散歩" }, "geometry": { "type": "Point", "coordinates": [ 136.94536777495415, 35.748413980958354 ] } },
{ "type": "Feature", "properties": { "出没月": "11月", "出没時間": "7時~8時", "通報者": "地域住民", "出没場所": "国・県・市道", "目撃者状況": "通勤・通学" }, "geometry": { "type": "Point", "coordinates": [ 137.020988632277295, 35.710178547949717 ] } },
{ "type": "Feature", "properties": { "出没月": "11月", "出没時間": "11時~12時", "通報者": "地域住民", "出没場所": "国・県・市道", "目撃者状況": "その他車移動" }, "geometry": { "type": "Point", "coordinates": [ 137.231435756261504, 36.126179771224315 ] } },
{ "type": "Feature", "properties": { "出没月": "11月", "出没時間": "15時~16時", "通報者": "地域住民", "出没場所": "住宅地", "目撃者状況": "その他" }, "geometry": { "type": "Point", "coordinates": [ 137.057635095556918, 36.17290827813509 ] } },
{ "type": "Feature", "properties": { "出没月": "11月", "出没時間": "16時~17時", "通報者": "地域住民", "出没場所": "国・県・市道", "目撃者状況": "その他車移動" }, "geometry": { "type": "Point", "coordinates": [ 137.243342849297704, 36.120669147541314 ] } },
{ "type": "Feature", "properties": { "出没月": "11月", "出没時間": "7時~8時", "通報者": "地域住民", "出没場所": "農地", "目撃者状況": "農作業" }, "geometry": { "type": "Point", "coordinates": [ 137.213202354560025, 36.131751543769653 ] } },
{ "type": "Feature", "properties": { "出没月": "11月", "出没時間": "14時~15時", "通報者": "地域住民", "出没場所": "山林", "目撃者状況": "その他車移動" }, "geometry": { "type": "Point", "coordinates": [ 137.453352362715691, 35.357887850267858 ] } },
{ "type": "Feature", "properties": { "出没月": "11月", "出没時間": "16時~17時", "通報者": "地域住民", "出没場所": "国・県・市道", "目撃者状況": "散歩" }, "geometry": { "type": "Point", "coordinates": [ 137.299893914572579, 36.32976602120408 ] } },
{ "type": "Feature", "properties": { "出没月": "11月", "出没時間": "8時~9時", "通報者": "その他", "出没場所": "国・県・市道", "目撃者状況": "その他車移動" }, "geometry": { "type": "Point", "coordinates": [ 137.280679670965498, 36.39315748575342 ] } },
{ "type": "Feature", "properties": { "出没月": "11月", "出没時間": "14時~15時", "通報者": "地域住民", "出没場所": "山林", "目撃者状況": "林業作業" }, "geometry": { "type": "Point", "coordinates": [ 137.062939262381576, 36.294302434598755 ] } },
{ "type": "Feature", "properties": { "出没月": "11月", "出没時間": "19時~20時", "通報者": "その他", "出没場所": "国・県・市道", "目撃者状況": "その他車移動" }, "geometry": { "type": "Point", "coordinates": [ 137.133102479075404, 35.722735046293167 ] } },
{ "type": "Feature", "properties": { "出没月": "11月", "出没時間": "13時~14時", "通報者": "その他", "出没場所": "国・県・市道", "目撃者状況": "農作業" }, "geometry": { "type": "Point", "coordinates": [ 137.427337537818744, 35.285556895745877 ] } },
{ "type": "Feature", "properties": { "出没月": "11月", "出没時間": "6時~7時", "通報者": "捕獲従事者", "出没場所": "林道", "目撃者状況": "その他" }, "geometry": { "type": "Point", "coordinates": [ 136.683549409793841, 35.505784043563445 ] } },
{ "type": "Feature", "properties": { "出没月": "11月", "出没時間": "19時~20時", "通報者": "地域住民", "出没場所": "林道", "目撃者状況": "その他車移動" }, "geometry": { "type": "Point", "coordinates": [ 137.219464670811732, 35.65646913561875 ] } },
{ "type": "Feature", "properties": { "出没月": "11月", "出没時間": "21時~22時", "通報者": "その他", "出没場所": "国・県・市道", "目撃者状況": "その他" }, "geometry": { "type": "Point", "coordinates": [ 137.32108042628775, 36.306226264378139 ] } },
{ "type": "Feature", "properties": { "出没月": "11月", "出没時間": "16時~17時", "通報者": "地域住民", "出没場所": "河川敷", "目撃者状況": "自宅" }, "geometry": { "type": "Point", "coordinates": [ 137.27900312387473, 36.318367206687981 ] } },
{ "type": "Feature", "properties": { "出没月": "11月", "出没時間": "8時~9時", "通報者": "地域住民", "出没場所": "林道", "目撃者状況": "その他" }, "geometry": { "type": "Point", "coordinates": [ 137.115656954153309, 35.500659511527225 ] } },
{ "type": "Feature", "properties": { "出没月": "11月", "出没時間": "9時~10時", "通報者": "地域住民", "出没場所": "その他", "目撃者状況": "その他" }, "geometry": { "type": "Point", "coordinates": [ 137.152589425945592, 36.248078671280425 ] } },
{ "type": "Feature", "properties": { "出没月": "11月", "出没時間": "18時~19時", "通報者": "その他", "出没場所": "その他", "目撃者状況": null }, "geometry": { "type": "Point", "coordinates": [ 137.32103927634563, 35.646316788912053 ] } },
{ "type": "Feature", "properties": { "出没月": "11月", "出没時間": "19時~20時", "通報者": "地域住民", "出没場所": "国・県・市道", "目撃者状況": "その他車移動" }, "geometry": { "type": "Point", "coordinates": [ 137.485219989291693, 36.178392553785436 ] } },
{ "type": "Feature", "properties": { "出没月": "11月", "出没時間": "18時~19時", "通報者": "地域住民", "出没場所": "住宅地", "目撃者状況": "自宅" }, "geometry": { "type": "Point", "coordinates": [ 137.260970684772218, 36.149063392174241 ] } },
{ "type": "Feature", "properties": { "出没月": "11月", "出没時間": "17時~18時", "通報者": "地域住民", "出没場所": "国・県・市道", "目撃者状況": "その他車移動" }, "geometry": { "type": "Point", "coordinates": [ 137.549153859962388, 36.194595319774812 ] } },
{ "type": "Feature", "properties": { "出没月": "11月", "出没時間": "11時~12時", "通報者": "地域住民", "出没場所": "住宅地", "目撃者状況": "自宅" }, "geometry": { "type": "Point", "coordinates": [ 137.202022056069666, 36.230053025052882 ] } },
{ "type": "Feature", "properties": { "出没月": "11月", "出没時間": "18時~19時", "通報者": "建設業関係者", "出没場所": "その他", "目撃者状況": "建設作業" }, "geometry": { "type": "Point", "coordinates": [ 137.515400051619253, 36.249502200006461 ] } },
{ "type": "Feature", "properties": { "出没月": "11月", "出没時間": "15時~16時", "通報者": "地域住民", "出没場所": "国・県・市道", "目撃者状況": "その他車移動" }, "geometry": { "type": "Point", "coordinates": [ 137.241309223007903, 36.146349697033699 ] } },
{ "type": "Feature", "properties": { "出没月": "11月", "出没時間": "20時~21時", "通報者": "地域住民", "出没場所": "国・県・市道", "目撃者状況": "その他" }, "geometry": { "type": "Point", "coordinates": [ 136.530425722616002, 35.530709442487812 ] } },
{ "type": "Feature", "properties": { "出没月": "11月", "出没時間": "14時~15時", "通報者": "地域住民", "出没場所": "国・県・市道", "目撃者状況": "その他車移動" }, "geometry": { "type": "Point", "coordinates": [ 137.393005642322265, 35.474760811168146 ] } },
{ "type": "Feature", "properties": { "出没月": "11月", "出没時間": "7時~8時", "通報者": "地域住民", "出没場所": "国・県・市道", "目撃者状況": "その他車移動" }, "geometry": { "type": "Point", "coordinates": [ 137.392038576267311, 35.463860172325639 ] } },
{ "type": "Feature", "properties": { "出没月": "11月", "出没時間": "6時~7時", "通報者": "地域住民", "出没場所": "国・県・市道", "目撃者状況": "散歩" }, "geometry": { "type": "Point", "coordinates": [ 137.376050161337645, 35.341973621126776 ] } },
{ "type": "Feature", "properties": { "出没月": "11月", "出没時間": "7時~8時", "通報者": "地域住民", "出没場所": "国・県・市道", "目撃者状況": "通勤・通学" }, "geometry": { "type": "Point", "coordinates": [ 137.418100086113043, 35.274447181551707 ] } },
{ "type": "Feature", "properties": { "出没月": "12月", "出没時間": "18時~19時", "通報者": "捕獲従事者", "出没場所": "国・県・市道", "目撃者状況": "その他車移動" }, "geometry": { "type": "Point", "coordinates": [ 136.497033128948146, 35.472340169322834 ] } },
{ "type": "Feature", "properties": { "出没月": "12月", "出没時間": "7時~8時", "通報者": "地域住民", "出没場所": "国・県・市道", "目撃者状況": "通勤・通学" }, "geometry": { "type": "Point", "coordinates": [ 137.417350284255576, 35.276589069453159 ] } },
{ "type": "Feature", "properties": { "出没月": "12月", "出没時間": "7時~8時", "通報者": "地域住民", "出没場所": "山林", "目撃者状況": "散歩" }, "geometry": { "type": "Point", "coordinates": [ 137.400222376786019, 35.451076243030336 ] } },
{ "type": "Feature", "properties": { "出没月": "12月", "出没時間": "18時~19時", "通報者": "地域住民", "出没場所": "国・県・市道", "目撃者状況": "その他" }, "geometry": { "type": "Point", "coordinates": [ 136.561963954391643, 35.527128720991584 ] } },
{ "type": "Feature", "properties": { "出没月": "12月", "出没時間": "12時~13時", "通報者": "捕獲従事者", "出没場所": "河川敷", "目撃者状況": "自宅" }, "geometry": { "type": "Point", "coordinates": [ 137.118830764742569, 35.796085876201751 ] } },
{ "type": "Feature", "properties": { "出没月": "12月", "出没時間": "16時~17時", "通報者": "地域住民", "出没場所": "国・県・市道", "目撃者状況": "その他車移動" }, "geometry": { "type": "Point", "coordinates": [ 137.116397035506935, 35.784677104920895 ] } },
{ "type": "Feature", "properties": { "出没月": "12月", "出没時間": "17時~18時", "通報者": "地域住民", "出没場所": "国・県・市道", "目撃者状況": "その他車移動" }, "geometry": { "type": "Point", "coordinates": [ 137.064816900426365, 35.738472911302388 ] } },
{ "type": "Feature", "properties": { "出没月": "12月", "出没時間": "9時~10時", "通報者": "地域住民", "出没場所": "国・県・市道", "目撃者状況": "その他車移動" }, "geometry": { "type": "Point", "coordinates": [ 137.067378679466884, 35.739883431817901 ] } },
{ "type": "Feature", "properties": { "出没月": "12月", "出没時間": "11時~12時", "通報者": "地域住民", "出没場所": "国・県・市道", "目撃者状況": "散歩" }, "geometry": { "type": "Point", "coordinates": [ 137.444280142171039, 35.377621854166705 ] } },
{ "type": "Feature", "properties": { "出没月": "12月", "出没時間": "18時~19時", "通報者": "地域住民", "出没場所": "国・県・市道", "目撃者状況": "その他車移動" }, "geometry": { "type": "Point", "coordinates": [ 137.521531802814906, 36.242426569793551 ] } },
{ "type": "Feature", "properties": { "出没月": "12月", "出没時間": "8時~9時", "通報者": "地域住民", "出没場所": "農地", "目撃者状況": "その他車移動" }, "geometry": { "type": "Point", "coordinates": [ 137.149902844731741, 35.522649137898945 ] } },
{ "type": "Feature", "properties": { "出没月": "12月", "出没時間": "18時~19時", "通報者": "地域住民", "出没場所": "住宅地", "目撃者状況": "散歩" }, "geometry": { "type": "Point", "coordinates": [ 137.525693235535329, 36.240506252157395 ] } },
{ "type": "Feature", "properties": { "出没月": "12月", "出没時間": "13時~14時", "通報者": "地域住民", "出没場所": "国・県・市道", "目撃者状況": "その他車移動" }, "geometry": { "type": "Point", "coordinates": [ 137.238091089430895, 36.158999161297196 ] } },
{ "type": "Feature", "properties": { "出没月": "12月", "出没時間": "18時~19時", "通報者": "地域住民", "出没場所": "住宅地", "目撃者状況": "その他車移動" }, "geometry": { "type": "Point", "coordinates": [ 137.293241915448448, 36.154552970632103 ] } },
{ "type": "Feature", "properties": { "出没月": "12月", "出没時間": "9時~10時", "通報者": "地域住民", "出没場所": "住宅地", "目撃者状況": "自宅" }, "geometry": { "type": "Point", "coordinates": [ 137.527990970289039, 36.240257115151159 ] } },
{ "type": "Feature", "properties": { "出没月": "12月", "出没時間": "14時~15時", "通報者": "その他", "出没場所": "その他", "目撃者状況": "散歩" }, "geometry": { "type": "Point", "coordinates": [ 137.264331678978294, 36.137303214792503 ] } },
{ "type": "Feature", "properties": { "出没月": "1月", "出没時間": "8時~9時", "通報者": "地域住民", "出没場所": "国・県・市道", "目撃者状況": "散歩" }, "geometry": { "type": "Point", "coordinates": [ 136.645588245396652, 35.516589716111923 ] } },
{ "type": "Feature", "properties": { "出没月": "12月", "出没時間": "11時~12時", "通報者": "その他", "出没場所": "国・県・市道", "目撃者状況": "自宅" }, "geometry": { "type": "Point", "coordinates": [ 137.301807948569348, 36.333558232231461 ] } },
{ "type": "Feature", "properties": { "出没月": "1月", "出没時間": "8時~9時", "通報者": "地域住民", "出没場所": "国・県・市道", "目撃者状況": null }, "geometry": { "type": "Point", "coordinates": [ 136.608853854128455, 35.635711542387121 ] } },
{ "type": "Feature", "properties": { "出没月": "1月", "出没時間": "17時~18時", "通報者": "地域住民", "出没場所": "山林", "目撃者状況": "その他車移動" }, "geometry": { "type": "Point", "coordinates": [ 137.332427636542803, 35.344640781974292 ] } },
{ "type": "Feature", "properties": { "出没月": "1月", "出没時間": "15時~16時", "通報者": "地域住民", "出没場所": "その他", "目撃者状況": "その他" }, "geometry": { "type": "Point", "coordinates": [ 136.645840819927969, 35.516424614121973 ] } },
{ "type": "Feature", "properties": { "出没月": "1月", "出没時間": "21時~22時", "通報者": "地域住民", "出没場所": "国・県・市道", "目撃者状況": "通勤・通学" }, "geometry": { "type": "Point", "coordinates": [ 136.579380286518443, 35.532217999547768 ] } },
{ "type": "Feature", "properties": { "出没月": "1月", "出没時間": "21時~22時", "通報者": "地域住民", "出没場所": "その他", "目撃者状況": "通勤・通学" }, "geometry": { "type": "Point", "coordinates": [ 136.568390627472354, 35.534694039798644 ] } },
{ "type": "Feature", "properties": { "出没月": "1月", "出没時間": "9時~10時", "通報者": "地域住民", "出没場所": "住宅地", "目撃者状況": "その他" }, "geometry": { "type": "Point", "coordinates": [ 137.177994175997384, 36.130303314639157 ] } },
{ "type": "Feature", "properties": { "出没月": "2月", "出没時間": "11時~12時", "通報者": "地域住民", "出没場所": "国・県・市道", "目撃者状況": "通勤・通学" }, "geometry": { "type": "Point", "coordinates": [ 137.398631726482705, 35.465163165494467 ] } },
{ "type": "Feature", "properties": { "出没月": "2月", "出没時間": "13時~14時", "通報者": "地域住民", "出没場所": "農地", "目撃者状況": "自宅" }, "geometry": { "type": "Point", "coordinates": [ 137.147602190359066, 35.532904979147133 ] } },
{ "type": "Feature", "properties": { "出没月": "2月", "出没時間": "17時~18時", "通報者": "その他", "出没場所": "農地", "目撃者状況": "その他車移動" }, "geometry": { "type": "Point", "coordinates": [ 137.061154760645934, 35.740189799866933 ] } },
{ "type": "Feature", "properties": { "出没月": "2月", "出没時間": "15時~16時", "通報者": "その他", "出没場所": "国・県・市道", "目撃者状況": "通勤・通学" }, "geometry": { "type": "Point", "coordinates": [ 137.163573452427499, 35.474873290105982 ] } },
{ "type": "Feature", "properties": { "出没月": "2月", "出没時間": "9時~10時", "通報者": "地域住民", "出没場所": "国・県・市道", "目撃者状況": "その他車移動" }, "geometry": { "type": "Point", "coordinates": [ 137.404003654310571, 35.459507691831753 ] } },
{ "type": "Feature", "properties": { "出没月": "3月", "出没時間": "16時~17時", "通報者": "地域住民", "出没場所": "山林", "目撃者状況": "その他車移動" }, "geometry": { "type": "Point", "coordinates": [ 137.421357721453177, 35.657298679284708 ] } },
{ "type": "Feature", "properties": { "出没月": "3月", "出没時間": "12時~13時", "通報者": "地域住民", "出没場所": "山林", "目撃者状況": "農作業" }, "geometry": { "type": "Point", "coordinates": [ 137.372611807064629, 35.352099656597304 ] } },
{ "type": "Feature", "properties": { "出没月": "3月", "出没時間": "9時~10時", "通報者": "その他", "出没場所": "国・県・市道", "目撃者状況": "その他車移動" }, "geometry": { "type": "Point", "coordinates": [ 136.466262653059488, 35.551473573556628 ] } },
{ "type": "Feature", "properties": { "出没月": "11月", "出没時間": "7時~8時", "通報者": "地域住民", "出没場所": "山林", "目撃者状況": "散歩" }, "geometry": { "type": "Point", "coordinates": [ 136.860285756284014, 35.625714697972846 ] } },
{ "type": "Feature", "properties": { "出没月": "8月", "出没時間": null, "通報者": "家畜飼育員", "出没場所": "家畜場", "目撃者状況": "その他" }, "geometry": { "type": "Point", "coordinates": [ 136.860383879478519, 35.542004706224482 ] } },
{ "type": "Feature", "properties": { "出没月": "4月", "出没時間": "10時~11時", "通報者": "その他", "出没場所": "国・県・市道", "目撃者状況": "その他車移動" }, "geometry": { "type": "Point", "coordinates": [ 136.6065618410735, 35.508056182777743 ] } },
{ "type": "Feature", "properties": { "出没月": "11月", "出没時間": null, "通報者": "捕獲従事者", "出没場所": "山林", "目撃者状況": "その他" }, "geometry": { "type": "Point", "coordinates": [ 136.532142190218281, 35.333278797731367 ] } },
{ "type": "Feature", "properties": { "出没月": "3月", "出没時間": "14時~15時", "通報者": "地域住民", "出没場所": "河川敷", "目撃者状況": "その他" }, "geometry": { "type": "Point", "coordinates": [ 137.480114925808806, 35.391203346503445 ] } },
{ "type": "Feature", "properties": { "出没月": "4月", "出没時間": "7時~8時", "通報者": "地域住民", "出没場所": "その他", "目撃者状況": null }, "geometry": { "type": "Point", "coordinates": [ 136.860709203562976, 35.863713610997685 ] } },
{ "type": "Feature", "properties": { "出没月": "4月", "出没時間": "14時~15時", "通報者": "建設業関係者", "出没場所": "国・県・市道", "目撃者状況": null }, "geometry": { "type": "Point", "coordinates": [ 136.486798843610757, 35.63965197048536 ] } },
{ "type": "Feature", "properties": { "出没月": "4月", "出没時間": "8時~9時", "通報者": "地域住民", "出没場所": "国・県・市道", "目撃者状況": null }, "geometry": { "type": "Point", "coordinates": [ 136.529017514242099, 35.526868182365376 ] } },
{ "type": "Feature", "properties": { "出没月": "4月", "出没時間": "7時~8時", "通報者": "地域住民", "出没場所": "山林", "目撃者状況": null }, "geometry": { "type": "Point", "coordinates": [ 136.864066185454789, 35.881424413293423 ] } },
{ "type": "Feature", "properties": { "出没月": "4月", "出没時間": "19時~20時", "通報者": "建設業関係者", "出没場所": "山林", "目撃者状況": null }, "geometry": { "type": "Point", "coordinates": [ 137.272248276883488, 35.487400975822148 ] } },
{ "type": "Feature", "properties": { "出没月": "4月", "出没時間": "10時~11時", "通報者": "地域住民", "出没場所": "国・県・市道", "目撃者状況": null }, "geometry": { "type": "Point", "coordinates": [ 137.431316043605847, 35.370155503991285 ] } },
{ "type": "Feature", "properties": { "出没月": "4月", "出没時間": "10時~11時", "通報者": "その他", "出没場所": "国・県・市道", "目撃者状況": null }, "geometry": { "type": "Point", "coordinates": [ 137.388569151817848, 35.337959508056876 ] } },
{ "type": "Feature", "properties": { "出没月": "4月", "出没時間": "17時~18時", "通報者": "地域住民", "出没場所": "山林", "目撃者状況": null }, "geometry": { "type": "Point", "coordinates": [ 137.02857000510113, 36.275168269231287 ] } },
{ "type": "Feature", "properties": { "出没月": "4月", "出没時間": "16時~17時", "通報者": "地域住民", "出没場所": "国・県・市道", "目撃者状況": null }, "geometry": { "type": "Point", "coordinates": [ 136.896639059632435, 35.890402765284414 ] } },
{ "type": "Feature", "properties": { "出没月": "4月", "出没時間": "16時~17時", "通報者": "地域住民", "出没場所": "国・県・市道", "目撃者状況": null }, "geometry": { "type": "Point", "coordinates": [ 137.303347293254035, 36.332558165168564 ] } },
{ "type": "Feature", "properties": { "出没月": "4月", "出没時間": "12時~13時", "通報者": "地域住民", "出没場所": "その他", "目撃者状況": null }, "geometry": { "type": "Point", "coordinates": [ 136.597994705369558, 35.529545446755634 ] } },
{ "type": "Feature", "properties": { "出没月": "4月", "出没時間": "12時~13時", "通報者": "その他", "出没場所": "その他", "目撃者状況": null }, "geometry": { "type": "Point", "coordinates": [ 136.597989827784062, 35.529455285678758 ] } },
{ "type": "Feature", "properties": { "出没月": "4月", "出没時間": "12時~13時", "通報者": "地域住民", "出没場所": "山林", "目撃者状況": null }, "geometry": { "type": "Point", "coordinates": [ 137.120058532909297, 35.5550512928247 ] } },
{ "type": "Feature", "properties": { "出没月": "4月", "出没時間": "10時~11時", "通報者": "地域住民", "出没場所": "山林", "目撃者状況": null }, "geometry": { "type": "Point", "coordinates": [ 136.739860640416708, 35.603385001069888 ] } },
{ "type": "Feature", "properties": { "出没月": "4月", "出没時間": "10時~11時", "通報者": "その他", "出没場所": "国・県・市道", "目撃者状況": null }, "geometry": { "type": "Point", "coordinates": [ 136.501078424202632, 35.644920165584367 ] } },
{ "type": "Feature", "properties": { "出没月": "5月", "出没時間": "10時~11時", "通報者": "地域住民", "出没場所": "山林", "目撃者状況": null }, "geometry": { "type": "Point", "coordinates": [ 137.227508909467446, 35.340476368099395 ] } },
{ "type": "Feature", "properties": { "出没月": "4月", "出没時間": "16時~17時", "通報者": "捕獲従事者", "出没場所": "山林", "目撃者状況": null }, "geometry": { "type": "Point", "coordinates": [ 137.149041116136658, 35.538588891344055 ] } },
{ "type": "Feature", "properties": { "出没月": "4月", "出没時間": "16時~17時", "通報者": "捕獲従事者", "出没場所": "山林", "目撃者状況": null }, "geometry": { "type": "Point", "coordinates": [ 137.149130717533154, 35.538600171821344 ] } },
{ "type": "Feature", "properties": { "出没月": "5月", "出没時間": "18時~19時", "通報者": "地域住民", "出没場所": "国・県・市道", "目撃者状況": null }, "geometry": { "type": "Point", "coordinates": [ 137.402875441312915, 35.438393772952089 ] } },
{ "type": "Feature", "properties": { "出没月": "5月", "出没時間": "18時~19時", "通報者": "地域住民", "出没場所": "農地", "目撃者状況": null }, "geometry": { "type": "Point", "coordinates": [ 136.574957636275286, 35.505056786873183 ] } },
{ "type": "Feature", "properties": { "出没月": "5月", "出没時間": "14時~15時", "通報者": "その他", "出没場所": "その他", "目撃者状況": null }, "geometry": { "type": "Point", "coordinates": [ 136.56551296018992, 35.497065534602875 ] } },
{ "type": "Feature", "properties": { "出没月": "5月", "出没時間": "10時~11時", "通報者": "その他", "出没場所": "山林", "目撃者状況": null }, "geometry": { "type": "Point", "coordinates": [ 136.552774724396073, 35.516608685163767 ] } },
{ "type": "Feature", "properties": { "出没月": "5月", "出没時間": "14時~15時", "通報者": "登山者", "出没場所": "山林", "目撃者状況": null }, "geometry": { "type": "Point", "coordinates": [ 136.471229956615701, 35.497225958250027 ] } },
{ "type": "Feature", "properties": { "出没月": "5月", "出没時間": "14時~15時", "通報者": "地域住民", "出没場所": "山林", "目撃者状況": null }, "geometry": { "type": "Point", "coordinates": [ 136.653502755548203, 35.514282140859997 ] } },
{ "type": "Feature", "properties": { "出没月": "5月", "出没時間": "5時~6時", "通報者": "地域住民", "出没場所": "山林", "目撃者状況": null }, "geometry": { "type": "Point", "coordinates": [ 136.506744344619818, 35.472371532080459 ] } },
{ "type": "Feature", "properties": { "出没月": "5月", "出没時間": "14時~15時", "通報者": "その他", "出没場所": "林道", "目撃者状況": null }, "geometry": { "type": "Point", "coordinates": [ 136.541978848211357, 35.42512458110216 ] } },
{ "type": "Feature", "properties": { "出没月": "5月", "出没時間": "16時~17時", "通報者": "その他", "出没場所": "林道", "目撃者状況": null }, "geometry": { "type": "Point", "coordinates": [ 136.538898110896241, 35.427342367868405 ] } },
{ "type": "Feature", "properties": { "出没月": "4月", "出没時間": "11時~12時", "通報者": "その他", "出没場所": "その他", "目撃者状況": null }, "geometry": { "type": "Point", "coordinates": [ 136.908592770521551, 36.262745369459651 ] } },
{ "type": "Feature", "properties": { "出没月": "4月", "出没時間": "11時~12時", "通報者": "地域住民", "出没場所": "農地", "目撃者状況": null }, "geometry": { "type": "Point", "coordinates": [ 136.908937916620175, 36.262701049777903 ] } },
{ "type": "Feature", "properties": { "出没月": "5月", "出没時間": "11時~12時", "通報者": "地域住民", "出没場所": "その他", "目撃者状況": null }, "geometry": { "type": "Point", "coordinates": [ 136.908729656045779, 36.262576674619709 ] } },
{ "type": "Feature", "properties": { "出没月": "5月", "出没時間": "11時~12時", "通報者": "地域住民", "出没場所": "山林", "目撃者状況": null }, "geometry": { "type": "Point", "coordinates": [ 136.908888194906439, 36.260898379269669 ] } },
{ "type": "Feature", "properties": { "出没月": "5月", "出没時間": "8時~9時", "通報者": "地域住民", "出没場所": "河川敷", "目撃者状況": null }, "geometry": { "type": "Point", "coordinates": [ 136.892271968361257, 36.25480649094429 ] } },
{ "type": "Feature", "properties": { "出没月": "5月", "出没時間": "12時~13時", "通報者": "登山者", "出没場所": "林道", "目撃者状況": null }, "geometry": { "type": "Point", "coordinates": [ 136.776277620314517, 35.556095880295331 ] } },
{ "type": "Feature", "properties": { "出没月": "5月", "出没時間": "6時~7時", "通報者": "捕獲従事者", "出没場所": "山林", "目撃者状況": null }, "geometry": { "type": "Point", "coordinates": [ 137.150898449519531, 35.539729974177874 ] } },
{ "type": "Feature", "properties": { "出没月": "5月", "出没時間": "7時~8時", "通報者": "捕獲従事者", "出没場所": "山林", "目撃者状況": null }, "geometry": { "type": "Point", "coordinates": [ 136.553543080121557, 35.390446313905663 ] } },
{ "type": "Feature", "properties": { "出没月": "5月", "出没時間": "7時~8時", "通報者": "捕獲従事者", "出没場所": "山林", "目撃者状況": null }, "geometry": { "type": "Point", "coordinates": [ 136.555699013222011, 35.392845941493846 ] } },
{ "type": "Feature", "properties": { "出没月": "5月", "出没時間": "14時~15時", "通報者": "その他", "出没場所": "その他", "目撃者状況": null }, "geometry": { "type": "Point", "coordinates": [ 136.413660260738197, 35.601685620465787 ] } },
{ "type": "Feature", "properties": { "出没月": "5月", "出没時間": "7時~8時", "通報者": "その他", "出没場所": "国・県・市道", "目撃者状況": null }, "geometry": { "type": "Point", "coordinates": [ 137.241552987299798, 35.778194657114597 ] } },
{ "type": "Feature", "properties": { "出没月": "5月", "出没時間": "13時~14時", "通報者": "地域住民", "出没場所": "農地", "目撃者状況": null }, "geometry": { "type": "Point", "coordinates": [ 136.525266122307244, 35.585564348415097 ] } },
{ "type": "Feature", "properties": { "出没月": "5月", "出没時間": "18時~19時", "通報者": "地域住民", "出没場所": "河川敷", "目撃者状況": null }, "geometry": { "type": "Point", "coordinates": [ 137.068753757521847, 35.743108174940623 ] } },
{ "type": "Feature", "properties": { "出没月": "5月", "出没時間": "6時~7時", "通報者": "その他", "出没場所": "河川敷", "目撃者状況": null }, "geometry": { "type": "Point", "coordinates": [ 137.067062702720165, 35.738221402221249 ] } },
{ "type": "Feature", "properties": { "出没月": "5月", "出没時間": "6時~7時", "通報者": "その他", "出没場所": "国・県・市道", "目撃者状況": null }, "geometry": { "type": "Point", "coordinates": [ 137.062818592940886, 35.741516800881989 ] } },
{ "type": "Feature", "properties": { "出没月": "5月", "出没時間": "17時~18時", "通報者": "地域住民", "出没場所": "国・県・市道", "目撃者状況": null }, "geometry": { "type": "Point", "coordinates": [ 137.455229381617642, 35.556456937783395 ] } },
{ "type": "Feature", "properties": { "出没月": "5月", "出没時間": "9時~10時", "通報者": "地域住民", "出没場所": "山林", "目撃者状況": null }, "geometry": { "type": "Point", "coordinates": [ 137.033773047707655, 36.275946449883676 ] } },
{ "type": "Feature", "properties": { "出没月": "5月", "出没時間": "11時~12時", "通報者": "建設業関係者", "出没場所": "山林", "目撃者状況": null }, "geometry": { "type": "Point", "coordinates": [ 137.078601622036388, 36.301894029292697 ] } },
{ "type": "Feature", "properties": { "出没月": "5月", "出没時間": "14時~15時", "通報者": "その他", "出没場所": "その他", "目撃者状況": null }, "geometry": { "type": "Point", "coordinates": [ 137.093725444464354, 36.303921385319342 ] } },
{ "type": "Feature", "properties": { "出没月": "5月", "出没時間": "8時~9時", "通報者": "地域住民", "出没場所": "国・県・市道", "目撃者状況": null }, "geometry": { "type": "Point", "coordinates": [ 137.239327530188291, 35.778094619488954 ] } },
{ "type": "Feature", "properties": { "出没月": "5月", "出没時間": "17時~18時", "通報者": "地域住民", "出没場所": "国・県・市道", "目撃者状況": null }, "geometry": { "type": "Point", "coordinates": [ 137.210766993064311, 35.708597104259461 ] } },
{ "type": "Feature", "properties": { "出没月": "5月", "出没時間": "22時~23時", "通報者": "地域住民", "出没場所": "山林", "目撃者状況": null }, "geometry": { "type": "Point", "coordinates": [ 136.882782271737483, 35.540939380153226 ] } },
{ "type": "Feature", "properties": { "出没月": "4月", "出没時間": "8時~9時", "通報者": "地域住民", "出没場所": "その他", "目撃者状況": null }, "geometry": { "type": "Point", "coordinates": [ 137.369452809145486, 36.216270036871919 ] } },
{ "type": "Feature", "properties": { "出没月": "4月", "出没時間": "15時~16時", "通報者": "地域住民", "出没場所": "国・県・市道", "目撃者状況": null }, "geometry": { "type": "Point", "coordinates": [ 137.241471766196952, 36.220485543896693 ] } },
{ "type": "Feature", "properties": { "出没月": "4月", "出没時間": "13時~14時", "通報者": "地域住民", "出没場所": "国・県・市道", "目撃者状況": null }, "geometry": { "type": "Point", "coordinates": [ 137.272691537599258, 36.211757175582299 ] } },
{ "type": "Feature", "properties": { "出没月": "4月", "出没時間": "12時~13時", "通報者": "地域住民", "出没場所": "国・県・市道", "目撃者状況": null }, "geometry": { "type": "Point", "coordinates": [ 137.549568835334128, 36.194814088561181 ] } },
{ "type": "Feature", "properties": { "出没月": "4月", "出没時間": "9時~10時", "通報者": "地域住民", "出没場所": "国・県・市道", "目撃者状況": null }, "geometry": { "type": "Point", "coordinates": [ 137.399453528285335, 36.066500442449346 ] } },
{ "type": "Feature", "properties": { "出没月": "5月", "出没時間": "15時~16時", "通報者": "その他", "出没場所": "国・県・市道", "目撃者状況": null }, "geometry": { "type": "Point", "coordinates": [ 137.181758639047331, 36.400032232372197 ] } },
{ "type": "Feature", "properties": { "出没月": "5月", "出没時間": "9時~10時", "通報者": "地域住民", "出没場所": "国・県・市道", "目撃者状況": null }, "geometry": { "type": "Point", "coordinates": [ 137.184143198905502, 36.406915303487317 ] } },
{ "type": "Feature", "properties": { "出没月": "5月", "出没時間": "10時~11時", "通報者": "地域住民", "出没場所": "国・県・市道", "目撃者状況": null }, "geometry": { "type": "Point", "coordinates": [ 136.793516275447303, 35.527954531643338 ] } },
{ "type": "Feature", "properties": { "出没月": "5月", "出没時間": "16時~17時", "通報者": "地域住民", "出没場所": "国・県・市道", "目撃者状況": null }, "geometry": { "type": "Point", "coordinates": [ 137.292547979688607, 36.085996898005689 ] } },
{ "type": "Feature", "properties": { "出没月": "5月", "出没時間": "6時~7時", "通報者": "地域住民", "出没場所": "住宅地", "目撃者状況": null }, "geometry": { "type": "Point", "coordinates": [ 137.525945216761897, 36.238649823896822 ] } },
{ "type": "Feature", "properties": { "出没月": "5月", "出没時間": "16時~17時", "通報者": "地域住民", "出没場所": "国・県・市道", "目撃者状況": null }, "geometry": { "type": "Point", "coordinates": [ 137.243953842301579, 36.252516305663448 ] } },
{ "type": "Feature", "properties": { "出没月": "6月", "出没時間": "不明", "通報者": "地域住民", "出没場所": "山林", "目撃者状況": null }, "geometry": { "type": "Point", "coordinates": [ 137.361790845053207, 35.538299937412361 ] } },
{ "type": "Feature", "properties": { "出没月": "5月", "出没時間": "13時~14時", "通報者": "地域住民", "出没場所": "住宅地", "目撃者状況": null }, "geometry": { "type": "Point", "coordinates": [ 137.20333483206781, 36.126483873038232 ] } },
{ "type": "Feature", "properties": { "出没月": "5月", "出没時間": "14時~15時", "通報者": "地域住民", "出没場所": "その他", "目撃者状況": null }, "geometry": { "type": "Point", "coordinates": [ 137.390214141446251, 35.516339998690931 ] } },
{ "type": "Feature", "properties": { "出没月": "5月", "出没時間": "7時~8時", "通報者": "地域住民", "出没場所": "国・県・市道", "目撃者状況": null }, "geometry": { "type": "Point", "coordinates": [ 137.263176118386639, 36.1585285118054 ] } },
{ "type": "Feature", "properties": { "出没月": "5月", "出没時間": "13時~14時", "通報者": "地域住民", "出没場所": "農地", "目撃者状況": null }, "geometry": { "type": "Point", "coordinates": [ 137.265947308383403, 36.155419578383245 ] } },
{ "type": "Feature", "properties": { "出没月": "5月", "出没時間": "18時~19時", "通報者": "地域住民", "出没場所": "住宅地", "目撃者状況": null }, "geometry": { "type": "Point", "coordinates": [ 137.272135134458892, 36.151913300156423 ] } },
{ "type": "Feature", "properties": { "出没月": "5月", "出没時間": "13時~14時", "通報者": "地域住民", "出没場所": "その他", "目撃者状況": null }, "geometry": { "type": "Point", "coordinates": [ 137.511873451237022, 36.248936578229419 ] } },
{ "type": "Feature", "properties": { "出没月": "5月", "出没時間": "16時~17時", "通報者": "地域住民", "出没場所": "住宅地", "目撃者状況": null }, "geometry": { "type": "Point", "coordinates": [ 137.364070780540999, 36.21344673217223 ] } },
{ "type": "Feature", "properties": { "出没月": "5月", "出没時間": "12時~13時", "通報者": "地域住民", "出没場所": "その他", "目撃者状況": null }, "geometry": { "type": "Point", "coordinates": [ 137.246724804386076, 36.170123457537102 ] } },
{ "type": "Feature", "properties": { "出没月": "5月", "出没時間": "17時~18時", "通報者": "地域住民", "出没場所": "農地", "目撃者状況": null }, "geometry": { "type": "Point", "coordinates": [ 137.256276911948532, 36.163424548733602 ] } },
{ "type": "Feature", "properties": { "出没月": "5月", "出没時間": "14時~15時", "通報者": "地域住民", "出没場所": "住宅地", "目撃者状況": null }, "geometry": { "type": "Point", "coordinates": [ 137.271138590588464, 36.147342324810651 ] } },
{ "type": "Feature", "properties": { "出没月": "5月", "出没時間": "17時~18時", "通報者": "地域住民", "出没場所": "その他", "目撃者状況": null }, "geometry": { "type": "Point", "coordinates": [ 137.260339849060102, 36.150910270625424 ] } },
{ "type": "Feature", "properties": { "出没月": "5月", "出没時間": "9時~10時", "通報者": "地域住民", "出没場所": "国・県・市道", "目撃者状況": null }, "geometry": { "type": "Point", "coordinates": [ 137.34441972911651, 36.210186132538333 ] } },
{ "type": "Feature", "properties": { "出没月": "5月", "出没時間": "10時~11時", "通報者": "地域住民", "出没場所": "住宅地", "目撃者状況": null }, "geometry": { "type": "Point", "coordinates": [ 137.27542816219281, 36.133289457039687 ] } },
{ "type": "Feature", "properties": { "出没月": "6月", "出没時間": "19時~20時", "通報者": "地域住民", "出没場所": "山林", "目撃者状況": null }, "geometry": { "type": "Point", "coordinates": [ 136.573138747944171, 35.48923307844899 ] } },
{ "type": "Feature", "properties": { "出没月": "6月", "出没時間": "17時~18時", "通報者": "その他", "出没場所": "山林", "目撃者状況": null }, "geometry": { "type": "Point", "coordinates": [ 137.190444874681816, 36.411674569134171 ] } },
{ "type": "Feature", "properties": { "出没月": "6月", "出没時間": "14時~15時", "通報者": "地域住民", "出没場所": "国・県・市道", "目撃者状況": null }, "geometry": { "type": "Point", "coordinates": [ 137.504940427482921, 35.598550718213609 ] } },
{ "type": "Feature", "properties": { "出没月": "6月", "出没時間": "11時~12時", "通報者": "その他", "出没場所": "その他", "目撃者状況": null }, "geometry": { "type": "Point", "coordinates": [ 137.181588558816941, 36.385117450243783 ] } },
{ "type": "Feature", "properties": { "出没月": "6月", "出没時間": "12時~13時", "通報者": "地域住民", "出没場所": "その他", "目撃者状況": null }, "geometry": { "type": "Point", "coordinates": [ 137.192349496656135, 36.415948970208248 ] } },
{ "type": "Feature", "properties": { "出没月": "6月", "出没時間": "16時~17時", "通報者": "地域住民", "出没場所": "国・県・市道", "目撃者状況": null }, "geometry": { "type": "Point", "coordinates": [ 136.445546094582284, 35.438446031264604 ] } },
{ "type": "Feature", "properties": { "出没月": "6月", "出没時間": "1時~2時", "通報者": "その他", "出没場所": "林道", "目撃者状況": null }, "geometry": { "type": "Point", "coordinates": [ 137.396776288071834, 35.533049624746724 ] } },
{ "type": "Feature", "properties": { "出没月": "6月", "出没時間": "18時~19時", "通報者": "地域住民", "出没場所": "山林", "目撃者状況": null }, "geometry": { "type": "Point", "coordinates": [ 136.797166189560016, 35.526129188640439 ] } },
{ "type": "Feature", "properties": { "出没月": "6月", "出没時間": "7時~8時", "通報者": "地域住民", "出没場所": "河川敷", "目撃者状況": null }, "geometry": { "type": "Point", "coordinates": [ 137.070225182873912, 36.294876745647926 ] } },
{ "type": "Feature", "properties": { "出没月": "6月", "出没時間": "10時~11時", "通報者": "地域住民", "出没場所": "国・県・市道", "目撃者状況": null }, "geometry": { "type": "Point", "coordinates": [ 137.250456146459527, 35.708591228733489 ] } },
{ "type": "Feature", "properties": { "出没月": "6月", "出没時間": "19時~20時", "通報者": "地域住民", "出没場所": "河川敷", "目撃者状況": null }, "geometry": { "type": "Point", "coordinates": [ 136.545211461850243, 35.453639285828089 ] } },
{ "type": "Feature", "properties": { "出没月": "6月", "出没時間": "15時~16時", "通報者": "建設業関係者", "出没場所": "林道", "目撃者状況": null }, "geometry": { "type": "Point", "coordinates": [ 136.511601939445825, 35.551556999909465 ] } },
{ "type": "Feature", "properties": { "出没月": "6月", "出没時間": "6時~7時", "通報者": "捕獲従事者", "出没場所": "山林", "目撃者状況": null }, "geometry": { "type": "Point", "coordinates": [ 136.545695548212279, 35.583808202853788 ] } },
{ "type": "Feature", "properties": { "出没月": "6月", "出没時間": "8時~9時", "通報者": "地域住民", "出没場所": "住宅地", "目撃者状況": null }, "geometry": { "type": "Point", "coordinates": [ 136.572873724171416, 35.419583815578903 ] } },
{ "type": "Feature", "properties": { "出没月": "6月", "出没時間": "17時~18時", "通報者": "その他", "出没場所": "その他", "目撃者状況": null }, "geometry": { "type": "Point", "coordinates": [ 136.487742953389244, 35.638586933718123 ] } },
{ "type": "Feature", "properties": { "出没月": "6月", "出没時間": "20時~21時", "通報者": "その他", "出没場所": "国・県・市道", "目撃者状況": null }, "geometry": { "type": "Point", "coordinates": [ 136.484310163641794, 35.637314085524253 ] } },
{ "type": "Feature", "properties": { "出没月": "6月", "出没時間": "8時~9時", "通報者": "その他", "出没場所": "農地", "目撃者状況": null }, "geometry": { "type": "Point", "coordinates": [ 136.490925218985325, 35.472966794978646 ] } },
{ "type": "Feature", "properties": { "出没月": "6月", "出没時間": "10時~11時", "通報者": "地域住民", "出没場所": "国・県・市道", "目撃者状況": null }, "geometry": { "type": "Point", "coordinates": [ 137.378295807105559, 36.365945760428403 ] } },
{ "type": "Feature", "properties": { "出没月": "6月", "出没時間": "10時~11時", "通報者": "地域住民", "出没場所": "国・県・市道", "目撃者状況": null }, "geometry": { "type": "Point", "coordinates": [ 137.303000352559366, 36.316834707045423 ] } },
{ "type": "Feature", "properties": { "出没月": "6月", "出没時間": "9時~10時", "通報者": "地域住民", "出没場所": "国・県・市道", "目撃者状況": null }, "geometry": { "type": "Point", "coordinates": [ 136.724790691815571, 35.51942619286428 ] } },
{ "type": "Feature", "properties": { "出没月": "6月", "出没時間": "20時~21時", "通報者": "地域住民", "出没場所": "国・県・市道", "目撃者状況": null }, "geometry": { "type": "Point", "coordinates": [ 136.5288284945822, 35.529568042330766 ] } },
{ "type": "Feature", "properties": { "出没月": "6月", "出没時間": "9時~10時", "通報者": "地域住民", "出没場所": "その他", "目撃者状況": null }, "geometry": { "type": "Point", "coordinates": [ 136.511951160560216, 35.531723156620124 ] } },
{ "type": "Feature", "properties": { "出没月": "6月", "出没時間": "21時~22時", "通報者": "地域住民", "出没場所": "河川敷", "目撃者状況": null }, "geometry": { "type": "Point", "coordinates": [ 136.480452791337484, 35.557267551671856 ] } },
{ "type": "Feature", "properties": { "出没月": "6月", "出没時間": "18時~19時", "通報者": "地域住民", "出没場所": "山林", "目撃者状況": null }, "geometry": { "type": "Point", "coordinates": [ 136.581332152556371, 35.532738863915611 ] } },
{ "type": "Feature", "properties": { "出没月": "6月", "出没時間": "9時~10時", "通報者": "建設業関係者", "出没場所": "国・県・市道", "目撃者状況": null }, "geometry": { "type": "Point", "coordinates": [ 137.2196427684257, 35.471483538918903 ] } },
{ "type": "Feature", "properties": { "出没月": "6月", "出没時間": "5時~6時", "通報者": "地域住民", "出没場所": "山林", "目撃者状況": null }, "geometry": { "type": "Point", "coordinates": [ 136.724447883951996, 35.522878375721199 ] } },
{ "type": "Feature", "properties": { "出没月": "5月", "出没時間": "6時~7時", "通報者": "地域住民", "出没場所": "国・県・市道", "目撃者状況": null }, "geometry": { "type": "Point", "coordinates": [ 137.302728042987837, 36.316344948815349 ] } },
{ "type": "Feature", "properties": { "出没月": "5月", "出没時間": "7時~8時", "通報者": "その他", "出没場所": "山林", "目撃者状況": null }, "geometry": { "type": "Point", "coordinates": [ 137.310086094848003, 36.328221904301735 ] } },
{ "type": "Feature", "properties": { "出没月": "6月", "出没時間": "5時~6時", "通報者": "地域住民", "出没場所": "国・県・市道", "目撃者状況": null }, "geometry": { "type": "Point", "coordinates": [ 137.298086046307844, 36.083847523963442 ] } },
{ "type": "Feature", "properties": { "出没月": "6月", "出没時間": "8時~9時", "通報者": "地域住民", "出没場所": "国・県・市道", "目撃者状況": null }, "geometry": { "type": "Point", "coordinates": [ 137.521087055767822, 36.033322126602847 ] } },
{ "type": "Feature", "properties": { "出没月": "6月", "出没時間": "10時~11時", "通報者": "地域住民", "出没場所": "国・県・市道", "目撃者状況": null }, "geometry": { "type": "Point", "coordinates": [ 137.312219304189881, 36.204259130906998 ] } },
{ "type": "Feature", "properties": { "出没月": "6月", "出没時間": "18時~19時", "通報者": "地域住民", "出没場所": "河川敷", "目撃者状況": null }, "geometry": { "type": "Point", "coordinates": [ 137.18485172890928, 36.130183453276508 ] } },
{ "type": "Feature", "properties": { "出没月": "6月", "出没時間": "11時~12時", "通報者": "地域住民", "出没場所": "山林", "目撃者状況": null }, "geometry": { "type": "Point", "coordinates": [ 137.181949448146923, 36.131704809509657 ] } },
{ "type": "Feature", "properties": { "出没月": "6月", "出没時間": "14時~15時", "通報者": "地域住民", "出没場所": "農地", "目撃者状況": null }, "geometry": { "type": "Point", "coordinates": [ 137.261916153861307, 36.049945023629945 ] } },
{ "type": "Feature", "properties": { "出没月": "6月", "出没時間": "8時~9時", "通報者": "地域住民", "出没場所": "住宅地", "目撃者状況": null }, "geometry": { "type": "Point", "coordinates": [ 137.320943752025016, 36.094771189222612 ] } },
{ "type": "Feature", "properties": { "出没月": "6月", "出没時間": "18時~19時", "通報者": "地域住民", "出没場所": "国・県・市道", "目撃者状況": null }, "geometry": { "type": "Point", "coordinates": [ 137.239593839674313, 36.053652694910468 ] } },
{ "type": "Feature", "properties": { "出没月": "6月", "出没時間": "8時~9時", "通報者": "地域住民", "出没場所": "住宅地", "目撃者状況": null }, "geometry": { "type": "Point", "coordinates": [ 137.279177003843444, 36.08241903650827 ] } },
{ "type": "Feature", "properties": { "出没月": "6月", "出没時間": "5時~6時", "通報者": "地域住民", "出没場所": "住宅地", "目撃者状況": null }, "geometry": { "type": "Point", "coordinates": [ 137.351852845504851, 36.138308318117822 ] } },
{ "type": "Feature", "properties": { "出没月": "6月", "出没時間": "18時~19時", "通報者": "地域住民", "出没場所": "住宅地", "目撃者状況": null }, "geometry": { "type": "Point", "coordinates": [ 137.224067759497274, 36.134015704697028 ] } },
{ "type": "Feature", "properties": { "出没月": "6月", "出没時間": "12時~13時", "通報者": "その他", "出没場所": "その他", "目撃者状況": null }, "geometry": { "type": "Point", "coordinates": [ 137.262237387382925, 36.053433423370649 ] } },
{ "type": "Feature", "properties": { "出没月": "6月", "出没時間": "16時~17時", "通報者": "その他", "出没場所": "国・県・市道", "目撃者状況": null }, "geometry": { "type": "Point", "coordinates": [ 137.561513935959596, 36.264537948483813 ] } },
{ "type": "Feature", "properties": { "出没月": "6月", "出没時間": "13時~14時", "通報者": "地域住民", "出没場所": "住宅地", "目撃者状況": null }, "geometry": { "type": "Point", "coordinates": [ 137.27340205602485, 36.056459182376308 ] } },
{ "type": "Feature", "properties": { "出没月": "6月", "出没時間": "16時~17時", "通報者": "その他", "出没場所": "国・県・市道", "目撃者状況": null }, "geometry": { "type": "Point", "coordinates": [ 137.398644593873854, 36.051871452223054 ] } },
{ "type": "Feature", "properties": { "出没月": "6月", "出没時間": "17時~18時", "通報者": "地域住民", "出没場所": "国・県・市道", "目撃者状況": null }, "geometry": { "type": "Point", "coordinates": [ 137.300294171784032, 36.094833737662832 ] } },
{ "type": "Feature", "properties": { "出没月": "6月", "出没時間": "7時~8時", "通報者": "地域住民", "出没場所": "国・県・市道", "目撃者状況": null }, "geometry": { "type": "Point", "coordinates": [ 137.288857142685856, 36.205493556964385 ] } },
{ "type": "Feature", "properties": { "出没月": "6月", "出没時間": "8時~9時", "通報者": "地域住民", "出没場所": "農地", "目撃者状況": null }, "geometry": { "type": "Point", "coordinates": [ 137.257273031108014, 36.220676850132833 ] } },
{ "type": "Feature", "properties": { "出没月": "6月", "出没時間": "13時~14時", "通報者": "その他", "出没場所": "国・県・市道", "目撃者状況": null }, "geometry": { "type": "Point", "coordinates": [ 137.439621061120448, 36.047845860491321 ] } },
{ "type": "Feature", "properties": { "出没月": "6月", "出没時間": "18時~19時", "通報者": "地域住民", "出没場所": "国・県・市道", "目撃者状況": null }, "geometry": { "type": "Point", "coordinates": [ 137.561721779143937, 36.265477970343888 ] } },
{ "type": "Feature", "properties": { "出没月": "6月", "出没時間": "13時~14時", "通報者": "その他", "出没場所": "その他", "目撃者状況": null }, "geometry": { "type": "Point", "coordinates": [ 137.242783921578479, 36.226562227238539 ] } },
{ "type": "Feature", "properties": { "出没月": "6月", "出没時間": "16時~17時", "通報者": "地域住民", "出没場所": "山林", "目撃者状況": null }, "geometry": { "type": "Point", "coordinates": [ 137.432484264686877, 36.263429720458099 ] } },
{ "type": "Feature", "properties": { "出没月": "6月", "出没時間": "6時~7時", "通報者": "地域住民", "出没場所": "国・県・市道", "目撃者状況": null }, "geometry": { "type": "Point", "coordinates": [ 137.213447252294969, 36.138867081857846 ] } },
{ "type": "Feature", "properties": { "出没月": "6月", "出没時間": "8時~9時", "通報者": "地域住民", "出没場所": "国・県・市道", "目撃者状況": null }, "geometry": { "type": "Point", "coordinates": [ 137.319516963882307, 36.201216058288317 ] } },
{ "type": "Feature", "properties": { "出没月": "6月", "出没時間": "10時~11時", "通報者": "地域住民", "出没場所": "国・県・市道", "目撃者状況": null }, "geometry": { "type": "Point", "coordinates": [ 137.225645419852327, 36.140398980968904 ] } },
{ "type": "Feature", "properties": { "出没月": "6月", "出没時間": "10時~11時", "通報者": "地域住民", "出没場所": "住宅地", "目撃者状況": null }, "geometry": { "type": "Point", "coordinates": [ 137.215464073121495, 36.145712795450237 ] } },
{ "type": "Feature", "properties": { "出没月": "6月", "出没時間": "12時~13時", "通報者": "地域住民", "出没場所": "住宅地", "目撃者状況": null }, "geometry": { "type": "Point", "coordinates": [ 137.22662389967266, 36.143982861977946 ] } },
{ "type": "Feature", "properties": { "出没月": "6月", "出没時間": "13時~14時", "通報者": "地域住民", "出没場所": "住宅地", "目撃者状況": null }, "geometry": { "type": "Point", "coordinates": [ 137.224695793399263, 36.143812564288524 ] } },
{ "type": "Feature", "properties": { "出没月": "6月", "出没時間": "10時~11時", "通報者": "地域住民", "出没場所": "住宅地", "目撃者状況": null }, "geometry": { "type": "Point", "coordinates": [ 137.217475387897991, 36.146708460881221 ] } },
{ "type": "Feature", "properties": { "出没月": "6月", "出没時間": "16時~17時", "通報者": "地域住民", "出没場所": "国・県・市道", "目撃者状況": null }, "geometry": { "type": "Point", "coordinates": [ 137.19439595689758, 36.068240294533169 ] } },
{ "type": "Feature", "properties": { "出没月": "6月", "出没時間": "16時~17時", "通報者": "地域住民", "出没場所": "国・県・市道", "目撃者状況": null }, "geometry": { "type": "Point", "coordinates": [ 137.524060931920275, 35.984468672676442 ] } },
{ "type": "Feature", "properties": { "出没月": "6月", "出没時間": "14時~15時", "通報者": "その他", "出没場所": "その他", "目撃者状況": null }, "geometry": { "type": "Point", "coordinates": [ 137.258383176897354, 36.06249070487786 ] } },
{ "type": "Feature", "properties": { "出没月": "6月", "出没時間": "15時~16時", "通報者": "地域住民", "出没場所": "国・県・市道", "目撃者状況": null }, "geometry": { "type": "Point", "coordinates": [ 137.198479925520388, 36.428454168804926 ] } },
{ "type": "Feature", "properties": { "出没月": "6月", "出没時間": "16時~17時", "通報者": "地域住民", "出没場所": "山林", "目撃者状況": null }, "geometry": { "type": "Point", "coordinates": [ 137.350735936205552, 36.139111635430588 ] } },
{ "type": "Feature", "properties": { "出没月": "6月", "出没時間": "14時~15時", "通報者": "地域住民", "出没場所": "国・県・市道", "目撃者状況": null }, "geometry": { "type": "Point", "coordinates": [ 137.295814309724193, 36.019957436150676 ] } },
{ "type": "Feature", "properties": { "出没月": "6月", "出没時間": "10時~11時", "通報者": "地域住民", "出没場所": "その他", "目撃者状況": null }, "geometry": { "type": "Point", "coordinates": [ 137.497454518022607, 36.249515270662478 ] } },
{ "type": "Feature", "properties": { "出没月": "6月", "出没時間": "17時~18時", "通報者": "地域住民", "出没場所": "山林", "目撃者状況": null }, "geometry": { "type": "Point", "coordinates": [ 137.360066135564267, 36.126636992077692 ] } },
{ "type": "Feature", "properties": { "出没月": "6月", "出没時間": "12時~13時", "通報者": "地域住民", "出没場所": "国・県・市道", "目撃者状況": null }, "geometry": { "type": "Point", "coordinates": [ 137.282796933853746, 35.768461043405374 ] } },
{ "type": "Feature", "properties": { "出没月": "6月", "出没時間": "15時~16時", "通報者": "地域住民", "出没場所": "国・県・市道", "目撃者状況": null }, "geometry": { "type": "Point", "coordinates": [ 137.234542222422647, 35.828514612534342 ] } },
{ "type": "Feature", "properties": { "出没月": "6月", "出没時間": "13時~14時", "通報者": "その他", "出没場所": "国・県・市道", "目撃者状況": null }, "geometry": { "type": "Point", "coordinates": [ 136.747965175395194, 35.586968938299698 ] } },
{ "type": "Feature", "properties": { "出没月": "6月", "出没時間": "13時~14時", "通報者": "地域住民", "出没場所": "国・県・市道", "目撃者状況": null }, "geometry": { "type": "Point", "coordinates": [ 137.17881267090803, 36.395914355989014 ] } },
{ "type": "Feature", "properties": { "出没月": "6月", "出没時間": "12時~13時", "通報者": "地域住民", "出没場所": "河川敷", "目撃者状況": null }, "geometry": { "type": "Point", "coordinates": [ 137.515046798385612, 36.247223957132356 ] } },
{ "type": "Feature", "properties": { "出没月": "6月", "出没時間": "15時~16時", "通報者": "地域住民", "出没場所": "住宅地", "目撃者状況": null }, "geometry": { "type": "Point", "coordinates": [ 137.367642501328618, 36.080642111126572 ] } },
{ "type": "Feature", "properties": { "出没月": "6月", "出没時間": "8時~9時", "通報者": "地域住民", "出没場所": "その他", "目撃者状況": null }, "geometry": { "type": "Point", "coordinates": [ 137.322928367352915, 36.181046324980549 ] } },
{ "type": "Feature", "properties": { "出没月": "6月", "出没時間": "14時~15時", "通報者": "地域住民", "出没場所": "その他", "目撃者状況": null }, "geometry": { "type": "Point", "coordinates": [ 137.21083153511546, 36.135793504758027 ] } },
{ "type": "Feature", "properties": { "出没月": "6月", "出没時間": "17時~18時", "通報者": "地域住民", "出没場所": "住宅地", "目撃者状況": null }, "geometry": { "type": "Point", "coordinates": [ 137.233517310998309, 36.141909597470708 ] } },
{ "type": "Feature", "properties": { "出没月": "6月", "出没時間": "19時~20時", "通報者": "地域住民", "出没場所": "住宅地", "目撃者状況": null }, "geometry": { "type": "Point", "coordinates": [ 137.26045849542885, 36.154887166259542 ] } },
{ "type": "Feature", "properties": { "出没月": "6月", "出没時間": "11時~12時", "通報者": "地域住民", "出没場所": "国・県・市道", "目撃者状況": null }, "geometry": { "type": "Point", "coordinates": [ 137.215499063960436, 36.181981057605228 ] } },
{ "type": "Feature", "properties": { "出没月": "6月", "出没時間": "6時~7時", "通報者": "地域住民", "出没場所": "国・県・市道", "目撃者状況": null }, "geometry": { "type": "Point", "coordinates": [ 137.241217048892651, 36.146862212860775 ] } },
{ "type": "Feature", "properties": { "出没月": "6月", "出没時間": "12時~13時", "通報者": "地域住民", "出没場所": "住宅地", "目撃者状況": null }, "geometry": { "type": "Point", "coordinates": [ 137.238685125256239, 36.141958989640628 ] } },
{ "type": "Feature", "properties": { "出没月": "7月", "出没時間": "11時~12時", "通報者": "捕獲従事者", "出没場所": "林道", "目撃者状況": null }, "geometry": { "type": "Point", "coordinates": [ 136.492068988546635, 35.634588928109508 ] } },
{ "type": "Feature", "properties": { "出没月": "6月", "出没時間": "9時~10時", "通報者": "地域住民", "出没場所": "その他", "目撃者状況": null }, "geometry": { "type": "Point", "coordinates": [ 137.266530194066036, 36.135773536497986 ] } },
{ "type": "Feature", "properties": { "出没月": "6月", "出没時間": "17時~18時", "通報者": "地域住民", "出没場所": "住宅地", "目撃者状況": null }, "geometry": { "type": "Point", "coordinates": [ 137.274668593140149, 36.127302107302896 ] } },
{ "type": "Feature", "properties": { "出没月": "6月", "出没時間": "17時~18時", "通報者": "地域住民", "出没場所": "国・県・市道", "目撃者状況": null }, "geometry": { "type": "Point", "coordinates": [ 137.287512576415196, 36.182671903809961 ] } },
{ "type": "Feature", "properties": { "出没月": "7月", "出没時間": "7時~8時", "通報者": "地域住民", "出没場所": "国・県・市道", "目撃者状況": null }, "geometry": { "type": "Point", "coordinates": [ 137.17702766687367, 36.396482320526012 ] } },
{ "type": "Feature", "properties": { "出没月": "5月", "出没時間": "10時~11時", "通報者": "地域住民", "出没場所": "国・県・市道", "目撃者状況": null }, "geometry": { "type": "Point", "coordinates": [ 137.584619604308983, 35.538234949976101 ] } },
{ "type": "Feature", "properties": { "出没月": "7月", "出没時間": "8時~9時", "通報者": "その他", "出没場所": "国・県・市道", "目撃者状況": null }, "geometry": { "type": "Point", "coordinates": [ 137.182814186014639, 36.349051904566089 ] } },
{ "type": "Feature", "properties": { "出没月": "7月", "出没時間": "7時~8時", "通報者": "建設業関係者", "出没場所": "国・県・市道", "目撃者状況": null }, "geometry": { "type": "Point", "coordinates": [ 136.412796114194123, 35.55111380316346 ] } },
{ "type": "Feature", "properties": { "出没月": "7月", "出没時間": "6時~7時", "通報者": "地域住民", "出没場所": "山林", "目撃者状況": null }, "geometry": { "type": "Point", "coordinates": [ 137.249508113447575, 35.931599844295384 ] } },
{ "type": "Feature", "properties": { "出没月": "6月", "出没時間": "14時~15時", "通報者": "地域住民", "出没場所": "山林", "目撃者状況": null }, "geometry": { "type": "Point", "coordinates": [ 136.655598344052976, 35.534249360258649 ] } },
{ "type": "Feature", "properties": { "出没月": "6月", "出没時間": "10時~11時", "通報者": "地域住民", "出没場所": "山林", "目撃者状況": null }, "geometry": { "type": "Point", "coordinates": [ 136.671951595072954, 35.706835265241885 ] } },
{ "type": "Feature", "properties": { "出没月": "7月", "出没時間": "8時~9時", "通報者": "地域住民", "出没場所": "国・県・市道", "目撃者状況": null }, "geometry": { "type": "Point", "coordinates": [ 136.61441472089416, 35.639806951990622 ] } },
{ "type": "Feature", "properties": { "出没月": "7月", "出没時間": "10時~11時", "通報者": "建設業関係者", "出没場所": "林道", "目撃者状況": null }, "geometry": { "type": "Point", "coordinates": [ 136.639142462536682, 35.500999692003305 ] } },
{ "type": "Feature", "properties": { "出没月": "6月", "出没時間": "15時~16時", "通報者": "その他", "出没場所": "山林", "目撃者状況": null }, "geometry": { "type": "Point", "coordinates": [ 136.601042924223123, 35.739928129672649 ] } },
{ "type": "Feature", "properties": { "出没月": "7月", "出没時間": "10時~11時", "通報者": "その他", "出没場所": "国・県・市道", "目撃者状況": null }, "geometry": { "type": "Point", "coordinates": [ 136.476721441597448, 35.633837248842106 ] } },
{ "type": "Feature", "properties": { "出没月": "7月", "出没時間": "15時~16時", "通報者": "地域住民", "出没場所": "河川敷", "目撃者状況": null }, "geometry": { "type": "Point", "coordinates": [ 137.098636947491713, 35.695763427600831 ] } },
{ "type": "Feature", "properties": { "出没月": "7月", "出没時間": "2時~3時", "通報者": "地域住民", "出没場所": "農地", "目撃者状況": null }, "geometry": { "type": "Point", "coordinates": [ 137.251768393628453, 35.295036055553098 ] } },
{ "type": "Feature", "properties": { "出没月": "7月", "出没時間": "6時~7時", "通報者": "捕獲従事者", "出没場所": "その他", "目撃者状況": null }, "geometry": { "type": "Point", "coordinates": [ 136.429851886387439, 35.538087429727874 ] } },
{ "type": "Feature", "properties": { "出没月": "7月", "出没時間": "14時~15時", "通報者": "その他", "出没場所": "その他", "目撃者状況": null }, "geometry": { "type": "Point", "coordinates": [ 136.486057953608309, 35.639129505979824 ] } },
{ "type": "Feature", "properties": { "出没月": "5月", "出没時間": "16時~17時", "通報者": "地域住民", "出没場所": "国・県・市道", "目撃者状況": null }, "geometry": { "type": "Point", "coordinates": [ 137.454099909591463, 35.42970697852266 ] } },
{ "type": "Feature", "properties": { "出没月": "6月", "出没時間": "11時~12時", "通報者": "地域住民", "出没場所": "国・県・市道", "目撃者状況": null }, "geometry": { "type": "Point", "coordinates": [ 136.957222304409783, 35.527320912521674 ] } },
{ "type": "Feature", "properties": { "出没月": "6月", "出没時間": "13時~14時", "通報者": "地域住民", "出没場所": "国・県・市道", "目撃者状況": null }, "geometry": { "type": "Point", "coordinates": [ 136.820586369650044, 35.620849331524134 ] } },
{ "type": "Feature", "properties": { "出没月": "5月", "出没時間": "19時~20時", "通報者": "地域住民", "出没場所": "国・県・市道", "目撃者状況": null }, "geometry": { "type": "Point", "coordinates": [ 137.078554803396287, 35.66149886548795 ] } },
{ "type": "Feature", "properties": { "出没月": "4月", "出没時間": "0時~1時", "通報者": "地域住民", "出没場所": "国・県・市道", "目撃者状況": null }, "geometry": { "type": "Point", "coordinates": [ 137.040903280711007, 35.57751398909037 ] } },
{ "type": "Feature", "properties": { "出没月": "5月", "出没時間": "7時~8時", "通報者": "地域住民", "出没場所": "山林", "目撃者状況": null }, "geometry": { "type": "Point", "coordinates": [ 136.765277723880359, 35.725527043339177 ] } },
{ "type": "Feature", "properties": { "出没月": "6月", "出没時間": "13時~14時", "通報者": "その他", "出没場所": "国・県・市道", "目撃者状況": null }, "geometry": { "type": "Point", "coordinates": [ 136.957788473668501, 35.529632011286502 ] } },
{ "type": "Feature", "properties": { "出没月": "7月", "出没時間": "7時~8時", "通報者": "地域住民", "出没場所": "住宅地", "目撃者状況": null }, "geometry": { "type": "Point", "coordinates": [ 137.367993043246912, 35.710990485440121 ] } },
{ "type": "Feature", "properties": { "出没月": "7月", "出没時間": "7時~8時", "通報者": "地域住民", "出没場所": "河川敷", "目撃者状況": null }, "geometry": { "type": "Point", "coordinates": [ 137.295988340898191, 36.333457488035705 ] } },
{ "type": "Feature", "properties": { "出没月": "7月", "出没時間": "10時~11時", "通報者": "建設業関係者", "出没場所": "国・県・市道", "目撃者状況": null }, "geometry": { "type": "Point", "coordinates": [ 137.18506761280392, 35.518490490540756 ] } },
{ "type": "Feature", "properties": { "出没月": "7月", "出没時間": "10時~11時", "通報者": "地域住民", "出没場所": "山林", "目撃者状況": null }, "geometry": { "type": "Point", "coordinates": [ 137.581644846710645, 35.508659987269681 ] } },
{ "type": "Feature", "properties": { "出没月": "7月", "出没時間": "17時~18時", "通報者": "地域住民", "出没場所": "その他", "目撃者状況": null }, "geometry": { "type": "Point", "coordinates": [ 137.177666227685762, 36.374102144542093 ] } },
{ "type": "Feature", "properties": { "出没月": "7月", "出没時間": "18時~19時", "通報者": "地域住民", "出没場所": "山林", "目撃者状況": null }, "geometry": { "type": "Point", "coordinates": [ 137.126167061925116, 35.464995446992049 ] } },
{ "type": "Feature", "properties": { "出没月": "7月", "出没時間": "16時~17時", "通報者": "その他", "出没場所": "国・県・市道", "目撃者状況": null }, "geometry": { "type": "Point", "coordinates": [ 136.626932414136775, 35.596168454917958 ] } },
{ "type": "Feature", "properties": { "出没月": "7月", "出没時間": "12時~13時", "通報者": "建設業関係者", "出没場所": "国・県・市道", "目撃者状況": null }, "geometry": { "type": "Point", "coordinates": [ 136.502548344508085, 35.474031285404578 ] } },
{ "type": "Feature", "properties": { "出没月": "7月", "出没時間": "13時~14時", "通報者": "建設業関係者", "出没場所": "国・県・市道", "目撃者状況": null }, "geometry": { "type": "Point", "coordinates": [ 136.432293248998207, 35.592937425185703 ] } },
{ "type": "Feature", "properties": { "出没月": "7月", "出没時間": "15時~16時", "通報者": "地域住民", "出没場所": "国・県・市道", "目撃者状況": null }, "geometry": { "type": "Point", "coordinates": [ 137.411647153584028, 35.679390428805917 ] } },
{ "type": "Feature", "properties": { "出没月": "7月", "出没時間": "10時~11時", "通報者": "地域住民", "出没場所": "河川敷", "目撃者状況": null }, "geometry": { "type": "Point", "coordinates": [ 137.422590631382121, 35.66844418649881 ] } },
{ "type": "Feature", "properties": { "出没月": "7月", "出没時間": "15時~16時", "通報者": "地域住民", "出没場所": "河川敷", "目撃者状況": null }, "geometry": { "type": "Point", "coordinates": [ 137.424677176564614, 35.663583596538267 ] } },
{ "type": "Feature", "properties": { "出没月": "7月", "出没時間": "6時~7時", "通報者": "地域住民", "出没場所": "国・県・市道", "目撃者状況": null }, "geometry": { "type": "Point", "coordinates": [ 137.423149103015305, 35.664978352988953 ] } },
{ "type": "Feature", "properties": { "出没月": "6月", "出没時間": "14時~15時", "通報者": "地域住民", "出没場所": "河川敷", "目撃者状況": null }, "geometry": { "type": "Point", "coordinates": [ 137.421263606115104, 35.671229981398938 ] } },
{ "type": "Feature", "properties": { "出没月": "6月", "出没時間": "11時~12時", "通報者": "その他", "出没場所": "国・県・市道", "目撃者状況": null }, "geometry": { "type": "Point", "coordinates": [ 137.439763132726284, 35.698686801768631 ] } },
{ "type": "Feature", "properties": { "出没月": "6月", "出没時間": "18時~19時", "通報者": "地域住民", "出没場所": "河川敷", "目撃者状況": null }, "geometry": { "type": "Point", "coordinates": [ 137.440090657621084, 35.640834989694802 ] } },
{ "type": "Feature", "properties": { "出没月": "6月", "出没時間": "7時~8時", "通報者": "地域住民", "出没場所": "その他", "目撃者状況": null }, "geometry": { "type": "Point", "coordinates": [ 137.430297679750737, 35.642946883605603 ] } },
{ "type": "Feature", "properties": { "出没月": "6月", "出没時間": "9時~10時", "通報者": "地域住民", "出没場所": "林道", "目撃者状況": null }, "geometry": { "type": "Point", "coordinates": [ 137.465930012018276, 35.651206958472777 ] } },
{ "type": "Feature", "properties": { "出没月": "6月", "出没時間": "17時~18時", "通報者": "地域住民", "出没場所": "国・県・市道", "目撃者状況": null }, "geometry": { "type": "Point", "coordinates": [ 137.423393904350831, 35.690762630232086 ] } },
{ "type": "Feature", "properties": { "出没月": "7月", "出没時間": "16時~17時", "通報者": "その他", "出没場所": "国・県・市道", "目撃者状況": null }, "geometry": { "type": "Point", "coordinates": [ 136.809567252294983, 35.963423673393038 ] } },
{ "type": "Feature", "properties": { "出没月": "7月", "出没時間": "15時~16時", "通報者": "地域住民", "出没場所": "住宅地", "目撃者状況": null }, "geometry": { "type": "Point", "coordinates": [ 137.234960213822234, 36.143204405418395 ] } },
{ "type": "Feature", "properties": { "出没月": "7月", "出没時間": "6時~7時", "通報者": "地域住民", "出没場所": "林道", "目撃者状況": null }, "geometry": { "type": "Point", "coordinates": [ 137.080949512418357, 36.160583236826241 ] } },
{ "type": "Feature", "properties": { "出没月": "7月", "出没時間": "17時~18時", "通報者": "地域住民", "出没場所": "国・県・市道", "目撃者状況": null }, "geometry": { "type": "Point", "coordinates": [ 137.397829605100839, 36.035537817581876 ] } },
{ "type": "Feature", "properties": { "出没月": "7月", "出没時間": "18時~19時", "通報者": "地域住民", "出没場所": "住宅地", "目撃者状況": null }, "geometry": { "type": "Point", "coordinates": [ 137.548307774002069, 36.255120769340429 ] } },
{ "type": "Feature", "properties": { "出没月": "7月", "出没時間": "6時~7時", "通報者": "地域住民", "出没場所": "農地", "目撃者状況": null }, "geometry": { "type": "Point", "coordinates": [ 137.311660497228445, 36.094456057173169 ] } },
{ "type": "Feature", "properties": { "出没月": "7月", "出没時間": "13時~14時", "通報者": "地域住民", "出没場所": "国・県・市道", "目撃者状況": null }, "geometry": { "type": "Point", "coordinates": [ 136.942408608939644, 36.040908690343493 ] } },
{ "type": "Feature", "properties": { "出没月": "7月", "出没時間": "15時~16時", "通報者": "地域住民", "出没場所": "国・県・市道", "目撃者状況": null }, "geometry": { "type": "Point", "coordinates": [ 137.306708696988295, 36.161172512414765 ] } },
{ "type": "Feature", "properties": { "出没月": "7月", "出没時間": "12時~13時", "通報者": "地域住民", "出没場所": "住宅地", "目撃者状況": null }, "geometry": { "type": "Point", "coordinates": [ 137.230883204846123, 36.140364741881861 ] } },
{ "type": "Feature", "properties": { "出没月": "7月", "出没時間": "18時~19時", "通報者": "地域住民", "出没場所": "住宅地", "目撃者状況": null }, "geometry": { "type": "Point", "coordinates": [ 137.216351940720216, 36.141711775669101 ] } },
{ "type": "Feature", "properties": { "出没月": "7月", "出没時間": "7時~8時", "通報者": "地域住民", "出没場所": "その他", "目撃者状況": null }, "geometry": { "type": "Point", "coordinates": [ 137.217699054859565, 36.141385613716288 ] } },
{ "type": "Feature", "properties": { "出没月": "7月", "出没時間": "15時~16時", "通報者": "地域住民", "出没場所": "国・県・市道", "目撃者状況": null }, "geometry": { "type": "Point", "coordinates": [ 137.318669940392112, 36.20348107131543 ] } },
{ "type": "Feature", "properties": { "出没月": "7月", "出没時間": "21時~22時", "通報者": "地域住民", "出没場所": "その他", "目撃者状況": null }, "geometry": { "type": "Point", "coordinates": [ 137.233586274942525, 36.136430765085642 ] } },
{ "type": "Feature", "properties": { "出没月": "8月", "出没時間": "7時~8時", "通報者": "捕獲従事者", "出没場所": "山林", "目撃者状況": null }, "geometry": { "type": "Point", "coordinates": [ 136.900046431852303, 35.992111350155831 ] } },
{ "type": "Feature", "properties": { "出没月": "7月", "出没時間": "19時~20時", "通報者": "地域住民", "出没場所": "住宅地", "目撃者状況": null }, "geometry": { "type": "Point", "coordinates": [ 137.227525012490361, 36.135409328721124 ] } },
{ "type": "Feature", "properties": { "出没月": "7月", "出没時間": "7時~8時", "通報者": "地域住民", "出没場所": "住宅地", "目撃者状況": null }, "geometry": { "type": "Point", "coordinates": [ 137.225413448307762, 36.145970269220427 ] } },
{ "type": "Feature", "properties": { "出没月": "7月", "出没時間": "13時~14時", "通報者": "地域住民", "出没場所": "国・県・市道", "目撃者状況": null }, "geometry": { "type": "Point", "coordinates": [ 137.365443926023744, 36.17560761877418 ] } },
{ "type": "Feature", "properties": { "出没月": "7月", "出没時間": "13時~14時", "通報者": "地域住民", "出没場所": "農地", "目撃者状況": null }, "geometry": { "type": "Point", "coordinates": [ 137.288485460456087, 36.137822272436878 ] } },
{ "type": "Feature", "properties": { "出没月": "7月", "出没時間": "13時~14時", "通報者": "農業従事者", "出没場所": "国・県・市道", "目撃者状況": null }, "geometry": { "type": "Point", "coordinates": [ 137.326977894101361, 36.159202539932984 ] } },
{ "type": "Feature", "properties": { "出没月": "7月", "出没時間": "14時~15時", "通報者": "地域住民", "出没場所": "その他", "目撃者状況": null }, "geometry": { "type": "Point", "coordinates": [ 137.296589549847482, 36.139750992747288 ] } },
{ "type": "Feature", "properties": { "出没月": "7月", "出没時間": "15時~16時", "通報者": "地域住民", "出没場所": "住宅地", "目撃者状況": null }, "geometry": { "type": "Point", "coordinates": [ 137.235714977812336, 36.152520612954724 ] } },
{ "type": "Feature", "properties": { "出没月": "7月", "出没時間": "17時~18時", "通報者": "地域住民", "出没場所": "その他", "目撃者状況": null }, "geometry": { "type": "Point", "coordinates": [ 137.241807632250868, 36.150007385407598 ] } },
{ "type": "Feature", "properties": { "出没月": "7月", "出没時間": "19時~20時", "通報者": "地域住民", "出没場所": "国・県・市道", "目撃者状況": null }, "geometry": { "type": "Point", "coordinates": [ 137.234144757124767, 36.14389718028783 ] } },
{ "type": "Feature", "properties": { "出没月": "7月", "出没時間": "8時~9時", "通報者": "地域住民", "出没場所": "住宅地", "目撃者状況": null }, "geometry": { "type": "Point", "coordinates": [ 137.242197662392584, 36.136634070459756 ] } },
{ "type": "Feature", "properties": { "出没月": "7月", "出没時間": "12時~13時", "通報者": "地域住民", "出没場所": "住宅地", "目撃者状況": null }, "geometry": { "type": "Point", "coordinates": [ 137.237866596905405, 36.134589638298927 ] } },
{ "type": "Feature", "properties": { "出没月": "7月", "出没時間": "19時~20時", "通報者": "地域住民", "出没場所": "その他", "目撃者状況": null }, "geometry": { "type": "Point", "coordinates": [ 137.219136995622989, 36.138761638127356 ] } },
{ "type": "Feature", "properties": { "出没月": "7月", "出没時間": "5時~6時", "通報者": "地域住民", "出没場所": "林道", "目撃者状況": null }, "geometry": { "type": "Point", "coordinates": [ 137.358222439166042, 36.086541400220888 ] } },
{ "type": "Feature", "properties": { "出没月": "7月", "出没時間": "10時~11時", "通報者": "地域住民", "出没場所": "農地", "目撃者状況": null }, "geometry": { "type": "Point", "coordinates": [ 137.267325410392715, 36.153772992103924 ] } },
{ "type": "Feature", "properties": { "出没月": "7月", "出没時間": "14時~15時", "通報者": "地域住民", "出没場所": "住宅地", "目撃者状況": null }, "geometry": { "type": "Point", "coordinates": [ 137.231220342391055, 36.134810280789083 ] } },
{ "type": "Feature", "properties": { "出没月": "7月", "出没時間": "17時~18時", "通報者": "地域住民", "出没場所": "国・県・市道", "目撃者状況": null }, "geometry": { "type": "Point", "coordinates": [ 137.238959170868952, 36.148463970575058 ] } },
{ "type": "Feature", "properties": { "出没月": "7月", "出没時間": "5時~6時", "通報者": "地域住民", "出没場所": "その他", "目撃者状況": null }, "geometry": { "type": "Point", "coordinates": [ 137.324322133424886, 36.18065412412048 ] } },
{ "type": "Feature", "properties": { "出没月": "7月", "出没時間": "13時~14時", "通報者": "地域住民", "出没場所": "住宅地", "目撃者状況": null }, "geometry": { "type": "Point", "coordinates": [ 137.243700562315667, 36.148106690559061 ] } },
{ "type": "Feature", "properties": { "出没月": "7月", "出没時間": "14時~15時", "通報者": "その他", "出没場所": "その他", "目撃者状況": null }, "geometry": { "type": "Point", "coordinates": [ 137.258609011131512, 36.152739562702337 ] } },
{ "type": "Feature", "properties": { "出没月": "7月", "出没時間": "16時~17時", "通報者": "地域住民", "出没場所": "住宅地", "目撃者状況": null }, "geometry": { "type": "Point", "coordinates": [ 137.536292116101805, 36.001369091011348 ] } },
{ "type": "Feature", "properties": { "出没月": "7月", "出没時間": "8時~9時", "通報者": "地域住民", "出没場所": "その他", "目撃者状況": null }, "geometry": { "type": "Point", "coordinates": [ 137.241992390121879, 36.144198381041136 ] } },
{ "type": "Feature", "properties": { "出没月": "7月", "出没時間": "7時~8時", "通報者": "地域住民", "出没場所": "住宅地", "目撃者状況": null }, "geometry": { "type": "Point", "coordinates": [ 137.307246126437462, 36.183208034101185 ] } },
{ "type": "Feature", "properties": { "出没月": "7月", "出没時間": "12時~13時", "通報者": "地域住民", "出没場所": "農地", "目撃者状況": null }, "geometry": { "type": "Point", "coordinates": [ 137.310936101534764, 36.185240008177935 ] } },
{ "type": "Feature", "properties": { "出没月": "7月", "出没時間": "13時~14時", "通報者": "地域住民", "出没場所": "住宅地", "目撃者状況": null }, "geometry": { "type": "Point", "coordinates": [ 137.52617311201027, 36.245595770407675 ] } },
{ "type": "Feature", "properties": { "出没月": "7月", "出没時間": "14時~15時", "通報者": "地域住民", "出没場所": "国・県・市道", "目撃者状況": null }, "geometry": { "type": "Point", "coordinates": [ 136.955265701408649, 36.026766725862352 ] } },
{ "type": "Feature", "properties": { "出没月": "7月", "出没時間": "17時~18時", "通報者": "地域住民", "出没場所": "住宅地", "目撃者状況": null }, "geometry": { "type": "Point", "coordinates": [ 137.23755781743003, 36.144125040813321 ] } },
{ "type": "Feature", "properties": { "出没月": "7月", "出没時間": "6時~7時", "通報者": "地域住民", "出没場所": "その他", "目撃者状況": null }, "geometry": { "type": "Point", "coordinates": [ 137.24212691736497, 36.143979730793234 ] } },
{ "type": "Feature", "properties": { "出没月": "7月", "出没時間": "14時~15時", "通報者": "地域住民", "出没場所": "国・県・市道", "目撃者状況": null }, "geometry": { "type": "Point", "coordinates": [ 137.351046984665658, 36.230991380941468 ] } },
{ "type": "Feature", "properties": { "出没月": "7月", "出没時間": "17時~18時", "通報者": "地域住民", "出没場所": "住宅地", "目撃者状況": null }, "geometry": { "type": "Point", "coordinates": [ 137.237180146268855, 36.143901346550791 ] } },
{ "type": "Feature", "properties": { "出没月": "7月", "出没時間": "18時~19時", "通報者": "地域住民", "出没場所": "農地", "目撃者状況": null }, "geometry": { "type": "Point", "coordinates": [ 137.202014289616386, 36.231969799670594 ] } },
{ "type": "Feature", "properties": { "出没月": "7月", "出没時間": "14時~15時", "通報者": "地域住民", "出没場所": "国・県・市道", "目撃者状況": null }, "geometry": { "type": "Point", "coordinates": [ 137.328419402856667, 36.174808260139379 ] } },
{ "type": "Feature", "properties": { "出没月": "7月", "出没時間": "17時~18時", "通報者": "その他", "出没場所": "その他", "目撃者状況": null }, "geometry": { "type": "Point", "coordinates": [ 137.485252468793988, 35.947293577023828 ] } },
{ "type": "Feature", "properties": { "出没月": "7月", "出没時間": "6時~7時", "通報者": "地域住民", "出没場所": "国・県・市道", "目撃者状況": null }, "geometry": { "type": "Point", "coordinates": [ 137.182558447844713, 36.121382537324429 ] } },
{ "type": "Feature", "properties": { "出没月": "7月", "出没時間": "9時~10時", "通報者": "地域住民", "出没場所": "農地", "目撃者状況": null }, "geometry": { "type": "Point", "coordinates": [ 137.333968813701119, 36.177158650569645 ] } },
{ "type": "Feature", "properties": { "出没月": "7月", "出没時間": "10時~11時", "通報者": "その他", "出没場所": "国・県・市道", "目撃者状況": null }, "geometry": { "type": "Point", "coordinates": [ 137.476963390664935, 36.180560285263759 ] } },
{ "type": "Feature", "properties": { "出没月": "7月", "出没時間": "11時~12時", "通報者": "地域住民", "出没場所": "住宅地", "目撃者状況": null }, "geometry": { "type": "Point", "coordinates": [ 137.304919035527718, 36.179256872106258 ] } },
{ "type": "Feature", "properties": { "出没月": "7月", "出没時間": "9時~10時", "通報者": "地域住民", "出没場所": "国・県・市道", "目撃者状況": null }, "geometry": { "type": "Point", "coordinates": [ 137.531822118334247, 35.994784003414416 ] } },
{ "type": "Feature", "properties": { "出没月": "7月", "出没時間": "11時~12時", "通報者": "地域住民", "出没場所": "山林", "目撃者状況": null }, "geometry": { "type": "Point", "coordinates": [ 137.282097366970817, 36.119986724704937 ] } },
{ "type": "Feature", "properties": { "出没月": "7月", "出没時間": "18時~19時", "通報者": "地域住民", "出没場所": "その他", "目撃者状況": null }, "geometry": { "type": "Point", "coordinates": [ 137.236797987255898, 36.151896959400382 ] } },
{ "type": "Feature", "properties": { "出没月": "7月", "出没時間": "9時~10時", "通報者": "地域住民", "出没場所": "林道", "目撃者状況": null }, "geometry": { "type": "Point", "coordinates": [ 137.328432856734963, 36.195883332628824 ] } },
{ "type": "Feature", "properties": { "出没月": "7月", "出没時間": "8時~9時", "通報者": "地域住民", "出没場所": "国・県・市道", "目撃者状況": null }, "geometry": { "type": "Point", "coordinates": [ 137.263983292657286, 36.043133917422807 ] } },
{ "type": "Feature", "properties": { "出没月": "7月", "出没時間": "17時~18時", "通報者": "地域住民", "出没場所": "住宅地", "目撃者状況": null }, "geometry": { "type": "Point", "coordinates": [ 137.281070647152262, 36.136364967384111 ] } },
{ "type": "Feature", "properties": { "出没月": "8月", "出没時間": "8時~9時", "通報者": "地域住民", "出没場所": "山林", "目撃者状況": null }, "geometry": { "type": "Point", "coordinates": [ 137.430844970294118, 35.419453629172516 ] } },
{ "type": "Feature", "properties": { "出没月": "7月", "出没時間": "18時~19時", "通報者": "地域住民", "出没場所": "その他", "目撃者状況": null }, "geometry": { "type": "Point", "coordinates": [ 137.292791012603033, 36.131673183192767 ] } },
{ "type": "Feature", "properties": { "出没月": "7月", "出没時間": "7時~8時", "通報者": "地域住民", "出没場所": "国・県・市道", "目撃者状況": null }, "geometry": { "type": "Point", "coordinates": [ 137.231278697224582, 36.127212819780489 ] } },
{ "type": "Feature", "properties": { "出没月": "7月", "出没時間": "8時~9時", "通報者": "その他", "出没場所": "国・県・市道", "目撃者状況": null }, "geometry": { "type": "Point", "coordinates": [ 137.485766034644485, 35.954409315436017 ] } },
{ "type": "Feature", "properties": { "出没月": "7月", "出没時間": "6時~7時", "通報者": "地域住民", "出没場所": "その他", "目撃者状況": null }, "geometry": { "type": "Point", "coordinates": [ 137.347028866784711, 36.085079494883665 ] } },
{ "type": "Feature", "properties": { "出没月": "7月", "出没時間": "8時~9時", "通報者": "地域住民", "出没場所": "その他", "目撃者状況": null }, "geometry": { "type": "Point", "coordinates": [ 137.261326826191151, 36.148582448184456 ] } },
{ "type": "Feature", "properties": { "出没月": "7月", "出没時間": "7時~8時", "通報者": "地域住民", "出没場所": "国・県・市道", "目撃者状況": null }, "geometry": { "type": "Point", "coordinates": [ 137.34587618870313, 36.086937358071516 ] } },
{ "type": "Feature", "properties": { "出没月": "7月", "出没時間": "13時~14時", "通報者": "その他", "出没場所": "国・県・市道", "目撃者状況": null }, "geometry": { "type": "Point", "coordinates": [ 137.476241051349206, 36.050095240201529 ] } },
{ "type": "Feature", "properties": { "出没月": "7月", "出没時間": "4時~5時", "通報者": "地域住民", "出没場所": "住宅地", "目撃者状況": null }, "geometry": { "type": "Point", "coordinates": [ 137.228457319267818, 36.133218120208717 ] } },
{ "type": "Feature", "properties": { "出没月": "7月", "出没時間": "9時~10時", "通報者": "地域住民", "出没場所": "住宅地", "目撃者状況": null }, "geometry": { "type": "Point", "coordinates": [ 137.27308324951386, 36.153458191396801 ] } },
{ "type": "Feature", "properties": { "出没月": "7月", "出没時間": "16時~17時", "通報者": "地域住民", "出没場所": "その他", "目撃者状況": null }, "geometry": { "type": "Point", "coordinates": [ 137.486243389729196, 36.038433609629351 ] } },
{ "type": "Feature", "properties": { "出没月": "7月", "出没時間": "18時~19時", "通報者": "地域住民", "出没場所": "国・県・市道", "目撃者状況": null }, "geometry": { "type": "Point", "coordinates": [ 137.333875734070688, 36.136602574108217 ] } },
{ "type": "Feature", "properties": { "出没月": "7月", "出没時間": "6時~7時", "通報者": "その他", "出没場所": "国・県・市道", "目撃者状況": null }, "geometry": { "type": "Point", "coordinates": [ 137.500860696837037, 36.172654151323712 ] } },
{ "type": "Feature", "properties": { "出没月": "5月", "出没時間": "17時~18時", "通報者": "地域住民", "出没場所": "国・県・市道", "目撃者状況": null }, "geometry": { "type": "Point", "coordinates": [ 137.457612871716606, 35.55574869159171 ] } },
{ "type": "Feature", "properties": { "出没月": "5月", "出没時間": "16時~17時", "通報者": "地域住民", "出没場所": "国・県・市道", "目撃者状況": null }, "geometry": { "type": "Point", "coordinates": [ 137.414907167924156, 35.596924789354645 ] } },
{ "type": "Feature", "properties": { "出没月": "5月", "出没時間": "12時~13時", "通報者": "地域住民", "出没場所": "国・県・市道", "目撃者状況": null }, "geometry": { "type": "Point", "coordinates": [ 137.456817117202519, 35.574060002092082 ] } },
{ "type": "Feature", "properties": { "出没月": "6月", "出没時間": "19時~20時", "通報者": "地域住民", "出没場所": "国・県・市道", "目撃者状況": null }, "geometry": { "type": "Point", "coordinates": [ 137.456287458665486, 35.572506387914466 ] } },
{ "type": "Feature", "properties": { "出没月": "7月", "出没時間": "15時~16時", "通報者": "その他", "出没場所": "国・県・市道", "目撃者状況": null }, "geometry": { "type": "Point", "coordinates": [ 137.468189653623199, 35.620667258651991 ] } },
{ "type": "Feature", "properties": { "出没月": "7月", "出没時間": "19時~20時", "通報者": "地域住民", "出没場所": "農地", "目撃者状況": null }, "geometry": { "type": "Point", "coordinates": [ 137.451571845154803, 35.569058560931488 ] } },
{ "type": "Feature", "properties": { "出没月": "7月", "出没時間": "5時~6時", "通報者": "地域住民", "出没場所": "国・県・市道", "目撃者状況": null }, "geometry": { "type": "Point", "coordinates": [ 137.440439364768537, 35.551766466273868 ] } },
{ "type": "Feature", "properties": { "出没月": "8月", "出没時間": "6時~7時", "通報者": "地域住民", "出没場所": "国・県・市道", "目撃者状況": null }, "geometry": { "type": "Point", "coordinates": [ 137.247677324995522, 35.609869789918392 ] } },
{ "type": "Feature", "properties": { "出没月": "4月", "出没時間": "18時~19時", "通報者": "その他", "出没場所": "国・県・市道", "目撃者状況": null }, "geometry": { "type": "Point", "coordinates": [ 137.226719663673123, 35.590388504952386 ] } },
{ "type": "Feature", "properties": { "出没月": "8月", "出没時間": "18時~19時", "通報者": "その他", "出没場所": "国・県・市道", "目撃者状況": null }, "geometry": { "type": "Point", "coordinates": [ 137.226089807545804, 36.264432485657551 ] } },
{ "type": "Feature", "properties": { "出没月": "8月", "出没時間": "13時~14時", "通報者": "その他", "出没場所": "林道", "目撃者状況": null }, "geometry": { "type": "Point", "coordinates": [ 137.363255476747781, 36.374344783471209 ] } },
{ "type": "Feature", "properties": { "出没月": "7月", "出没時間": "6時~7時", "通報者": "捕獲従事者", "出没場所": "山林", "目撃者状況": null }, "geometry": { "type": "Point", "coordinates": [ 136.417529038457161, 35.530521597819046 ] } },
{ "type": "Feature", "properties": { "出没月": "7月", "出没時間": "10時~11時", "通報者": "地域住民", "出没場所": "その他", "目撃者状況": null }, "geometry": { "type": "Point", "coordinates": [ 136.644006504371561, 35.532009887466543 ] } },
{ "type": "Feature", "properties": { "出没月": "7月", "出没時間": "17時~18時", "通報者": "その他", "出没場所": "山林", "目撃者状況": null }, "geometry": { "type": "Point", "coordinates": [ 136.6240089362947, 35.518893218860534 ] } },
{ "type": "Feature", "properties": { "出没月": "7月", "出没時間": "17時~18時", "通報者": "地域住民", "出没場所": "その他", "目撃者状況": null }, "geometry": { "type": "Point", "coordinates": [ 136.608131173673854, 35.526345026829489 ] } },
{ "type": "Feature", "properties": { "出没月": "8月", "出没時間": "10時~11時", "通報者": "地域住民", "出没場所": "河川敷", "目撃者状況": null }, "geometry": { "type": "Point", "coordinates": [ 137.509269229521379, 35.594620306725005 ] } },
{ "type": "Feature", "properties": { "出没月": "8月", "出没時間": "6時~7時", "通報者": "その他", "出没場所": "河川敷", "目撃者状況": null }, "geometry": { "type": "Point", "coordinates": [ 137.283494014238499, 35.767729705033219 ] } },
{ "type": "Feature", "properties": { "出没月": "8月", "出没時間": "9時~10時", "通報者": "地域住民", "出没場所": "国・県・市道", "目撃者状況": null }, "geometry": { "type": "Point", "coordinates": [ 137.1836399703067, 35.51265133985482 ] } },
{ "type": "Feature", "properties": { "出没月": "8月", "出没時間": "4時~5時", "通報者": "地域住民", "出没場所": "国・県・市道", "目撃者状況": null }, "geometry": { "type": "Point", "coordinates": [ 137.304834548639747, 36.314925840383289 ] } },
{ "type": "Feature", "properties": { "出没月": "8月", "出没時間": "16時~17時", "通報者": "地域住民", "出没場所": "国・県・市道", "目撃者状況": null }, "geometry": { "type": "Point", "coordinates": [ 137.370906304950466, 35.280550697495045 ] } },
{ "type": "Feature", "properties": { "出没月": "8月", "出没時間": "16時~17時", "通報者": "その他", "出没場所": "山林", "目撃者状況": null }, "geometry": { "type": "Point", "coordinates": [ 137.183349689431338, 36.34589231152566 ] } },
{ "type": "Feature", "properties": { "出没月": "8月", "出没時間": "16時~17時", "通報者": "その他", "出没場所": "国・県・市道", "目撃者状況": null }, "geometry": { "type": "Point", "coordinates": [ 137.186563292881061, 36.409382694077543 ] } },
{ "type": "Feature", "properties": { "出没月": "8月", "出没時間": "13時~14時", "通報者": "その他", "出没場所": "国・県・市道", "目撃者状況": null }, "geometry": { "type": "Point", "coordinates": [ 137.197892886342316, 36.42639156673134 ] } },
{ "type": "Feature", "properties": { "出没月": "8月", "出没時間": "6時~7時", "通報者": "地域住民", "出没場所": "河川敷", "目撃者状況": null }, "geometry": { "type": "Point", "coordinates": [ 137.441318164471738, 35.640864872056326 ] } },
{ "type": "Feature", "properties": { "出没月": "8月", "出没時間": "6時~7時", "通報者": "地域住民", "出没場所": "農地", "目撃者状況": null }, "geometry": { "type": "Point", "coordinates": [ 137.47349740646078, 36.047029381049242 ] } },
{ "type": "Feature", "properties": { "出没月": "8月", "出没時間": "6時~7時", "通報者": "地域住民", "出没場所": "その他", "目撃者状況": null }, "geometry": { "type": "Point", "coordinates": [ 137.268361929060802, 36.143144086460126 ] } },
{ "type": "Feature", "properties": { "出没月": "8月", "出没時間": "14時~15時", "通報者": "地域住民", "出没場所": "住宅地", "目撃者状況": null }, "geometry": { "type": "Point", "coordinates": [ 137.277897740281759, 36.147213999403505 ] } },
{ "type": "Feature", "properties": { "出没月": "8月", "出没時間": "5時~6時", "通報者": "地域住民", "出没場所": "住宅地", "目撃者状況": null }, "geometry": { "type": "Point", "coordinates": [ 137.5338434836533, 35.973387244492628 ] } },
{ "type": "Feature", "properties": { "出没月": "8月", "出没時間": "16時~17時", "通報者": "地域住民", "出没場所": "住宅地", "目撃者状況": null }, "geometry": { "type": "Point", "coordinates": [ 137.533766545191099, 35.973533944679517 ] } },
{ "type": "Feature", "properties": { "出没月": "8月", "出没時間": "6時~7時", "通報者": "地域住民", "出没場所": "国・県・市道", "目撃者状況": null }, "geometry": { "type": "Point", "coordinates": [ 137.357927436487586, 36.172955405947228 ] } },
{ "type": "Feature", "properties": { "出没月": "8月", "出没時間": "9時~10時", "通報者": "その他", "出没場所": "国・県・市道", "目撃者状況": null }, "geometry": { "type": "Point", "coordinates": [ 137.589717963619051, 36.060599709719952 ] } },
{ "type": "Feature", "properties": { "出没月": "8月", "出没時間": "11時~12時", "通報者": "地域住民", "出没場所": "国・県・市道", "目撃者状況": null }, "geometry": { "type": "Point", "coordinates": [ 137.524269314151383, 36.039677075423945 ] } },
{ "type": "Feature", "properties": { "出没月": "8月", "出没時間": "10時~11時", "通報者": "地域住民", "出没場所": "国・県・市道", "目撃者状況": null }, "geometry": { "type": "Point", "coordinates": [ 137.535895981319641, 35.973192232028339 ] } },
{ "type": "Feature", "properties": { "出没月": "8月", "出没時間": "14時~15時", "通報者": "地域住民", "出没場所": "国・県・市道", "目撃者状況": null }, "geometry": { "type": "Point", "coordinates": [ 137.260053951875051, 36.113625253763168 ] } },
{ "type": "Feature", "properties": { "出没月": "8月", "出没時間": "14時~15時", "通報者": "地域住民", "出没場所": "住宅地", "目撃者状況": null }, "geometry": { "type": "Point", "coordinates": [ 137.235548156937, 36.142852561291981 ] } },
{ "type": "Feature", "properties": { "出没月": "8月", "出没時間": "16時~17時", "通報者": "地域住民", "出没場所": "その他", "目撃者状況": null }, "geometry": { "type": "Point", "coordinates": [ 137.299529449646428, 36.148910623367115 ] } },
{ "type": "Feature", "properties": { "出没月": "8月", "出没時間": "18時~19時", "通報者": "地域住民", "出没場所": "国・県・市道", "目撃者状況": null }, "geometry": { "type": "Point", "coordinates": [ 137.168812771806188, 36.137672959189374 ] } },
{ "type": "Feature", "properties": { "出没月": "8月", "出没時間": "9時~10時", "通報者": "地域住民", "出没場所": "国・県・市道", "目撃者状況": null }, "geometry": { "type": "Point", "coordinates": [ 137.496124218040165, 36.037434013164535 ] } },
{ "type": "Feature", "properties": { "出没月": "8月", "出没時間": "10時~11時", "通報者": "地域住民", "出没場所": "国・県・市道", "目撃者状況": null }, "geometry": { "type": "Point", "coordinates": [ 137.35055374755558, 36.207999684339384 ] } },
{ "type": "Feature", "properties": { "出没月": "8月", "出没時間": "10時~11時", "通報者": "地域住民", "出没場所": "国・県・市道", "目撃者状況": null }, "geometry": { "type": "Point", "coordinates": [ 137.501305950998955, 36.05022337203355 ] } },
{ "type": "Feature", "properties": { "出没月": "8月", "出没時間": "15時~16時", "通報者": "地域住民", "出没場所": "国・県・市道", "目撃者状況": null }, "geometry": { "type": "Point", "coordinates": [ 137.528219796266598, 35.999851876175477 ] } },
{ "type": "Feature", "properties": { "出没月": "8月", "出没時間": "17時~18時", "通報者": "地域住民", "出没場所": "その他", "目撃者状況": null }, "geometry": { "type": "Point", "coordinates": [ 137.522737307939309, 36.038015333195197 ] } },
{ "type": "Feature", "properties": { "出没月": "8月", "出没時間": "18時~19時", "通報者": "地域住民", "出没場所": "山林", "目撃者状況": null }, "geometry": { "type": "Point", "coordinates": [ 137.261795254088213, 36.18619663586027 ] } },
{ "type": "Feature", "properties": { "出没月": "8月", "出没時間": "7時~8時", "通報者": "地域住民", "出没場所": "住宅地", "目撃者状況": null }, "geometry": { "type": "Point", "coordinates": [ 137.37085930273372, 36.009573029238403 ] } },
{ "type": "Feature", "properties": { "出没月": "8月", "出没時間": "14時~15時", "通報者": "地域住民", "出没場所": "住宅地", "目撃者状況": null }, "geometry": { "type": "Point", "coordinates": [ 137.521459940546777, 36.033887162103653 ] } },
{ "type": "Feature", "properties": { "出没月": "8月", "出没時間": "20時~21時", "通報者": "地域住民", "出没場所": "住宅地", "目撃者状況": null }, "geometry": { "type": "Point", "coordinates": [ 137.234778151769035, 36.142285181401789 ] } },
{ "type": "Feature", "properties": { "出没月": "8月", "出没時間": "16時~17時", "通報者": "地域住民", "出没場所": "国・県・市道", "目撃者状況": null }, "geometry": { "type": "Point", "coordinates": [ 137.525385380323854, 35.984142498405248 ] } },
{ "type": "Feature", "properties": { "出没月": "8月", "出没時間": "7時~8時", "通報者": "地域住民", "出没場所": "国・県・市道", "目撃者状況": null }, "geometry": { "type": "Point", "coordinates": [ 137.365378907221867, 36.140762404023221 ] } },
{ "type": "Feature", "properties": { "出没月": "8月", "出没時間": "23時~24時", "通報者": "地域住民", "出没場所": "住宅地", "目撃者状況": null }, "geometry": { "type": "Point", "coordinates": [ 137.279960161629702, 36.145501283992033 ] } },
{ "type": "Feature", "properties": { "出没月": "8月", "出没時間": "9時~10時", "通報者": "地域住民", "出没場所": "国・県・市道", "目撃者状況": null }, "geometry": { "type": "Point", "coordinates": [ 137.263108201008009, 36.160359331996624 ] } },
{ "type": "Feature", "properties": { "出没月": "8月", "出没時間": "5時~6時", "通報者": "地域住民", "出没場所": "住宅地", "目撃者状況": null }, "geometry": { "type": "Point", "coordinates": [ 137.228020297669929, 36.137384057445267 ] } },
{ "type": "Feature", "properties": { "出没月": "8月", "出没時間": "6時~7時", "通報者": "地域住民", "出没場所": "農地", "目撃者状況": null }, "geometry": { "type": "Point", "coordinates": [ 137.276568993636147, 36.149147954003681 ] } },
{ "type": "Feature", "properties": { "出没月": "8月", "出没時間": "10時~11時", "通報者": "地域住民", "出没場所": "その他", "目撃者状況": null }, "geometry": { "type": "Point", "coordinates": [ 137.303707202306157, 36.132920763796164 ] } },
{ "type": "Feature", "properties": { "出没月": "8月", "出没時間": "9時~10時", "通報者": "地域住民", "出没場所": "住宅地", "目撃者状況": null }, "geometry": { "type": "Point", "coordinates": [ 137.566336664949603, 36.049433862796207 ] } },
{ "type": "Feature", "properties": { "出没月": "8月", "出没時間": "13時~14時", "通報者": "その他", "出没場所": "その他", "目撃者状況": null }, "geometry": { "type": "Point", "coordinates": [ 137.400523971001519, 36.062935360675674 ] } },
{ "type": "Feature", "properties": { "出没月": "8月", "出没時間": "16時~17時", "通報者": "地域住民", "出没場所": "山林", "目撃者状況": null }, "geometry": { "type": "Point", "coordinates": [ 137.363192125661811, 36.076731044427589 ] } },
{ "type": "Feature", "properties": { "出没月": "8月", "出没時間": "7時~8時", "通報者": "地域住民", "出没場所": "山林", "目撃者状況": null }, "geometry": { "type": "Point", "coordinates": [ 137.363380663033496, 36.077203923249478 ] } },
{ "type": "Feature", "properties": { "出没月": "8月", "出没時間": "18時~19時", "通報者": "その他", "出没場所": "国・県・市道", "目撃者状況": null }, "geometry": { "type": "Point", "coordinates": [ 137.355778967517296, 36.00103350852563 ] } },
{ "type": "Feature", "properties": { "出没月": "8月", "出没時間": "17時~18時", "通報者": "地域住民", "出没場所": "住宅地", "目撃者状況": null }, "geometry": { "type": "Point", "coordinates": [ 137.275598504442939, 36.152529844309747 ] } },
{ "type": "Feature", "properties": { "出没月": "8月", "出没時間": "13時~14時", "通報者": "地域住民", "出没場所": "国・県・市道", "目撃者状況": null }, "geometry": { "type": "Point", "coordinates": [ 137.270962801758287, 36.147290653389504 ] } },
{ "type": "Feature", "properties": { "出没月": "8月", "出没時間": "21時~22時", "通報者": "地域住民", "出没場所": "国・県・市道", "目撃者状況": null }, "geometry": { "type": "Point", "coordinates": [ 137.442456498995369, 35.642258274612757 ] } },
{ "type": "Feature", "properties": { "出没月": "8月", "出没時間": "13時~14時", "通報者": "その他", "出没場所": "国・県・市道", "目撃者状況": null }, "geometry": { "type": "Point", "coordinates": [ 136.437010502848835, 35.596927560020923 ] } },
{ "type": "Feature", "properties": { "出没月": "8月", "出没時間": "9時~10時", "通報者": "地域住民", "出没場所": "国・県・市道", "目撃者状況": null }, "geometry": { "type": "Point", "coordinates": [ 137.417156118094056, 35.967489263045216 ] } },
{ "type": "Feature", "properties": { "出没月": "8月", "出没時間": "12時~13時", "通報者": "地域住民", "出没場所": "住宅地", "目撃者状況": null }, "geometry": { "type": "Point", "coordinates": [ 137.552562932792597, 36.19499712396572 ] } },
{ "type": "Feature", "properties": { "出没月": "8月", "出没時間": "2時~3時", "通報者": "地域住民", "出没場所": "国・県・市道", "目撃者状況": null }, "geometry": { "type": "Point", "coordinates": [ 137.475083254498628, 35.602926464369162 ] } },
{ "type": "Feature", "properties": { "出没月": "7月", "出没時間": "14時~15時", "通報者": "地域住民", "出没場所": "国・県・市道", "目撃者状況": null }, "geometry": { "type": "Point", "coordinates": [ 136.769715123270117, 35.727483209455009 ] } },
{ "type": "Feature", "properties": { "出没月": "8月", "出没時間": "5時~6時", "通報者": "地域住民", "出没場所": "農地", "目撃者状況": null }, "geometry": { "type": "Point", "coordinates": [ 137.52265949863542, 35.587392994927654 ] } },
{ "type": "Feature", "properties": { "出没月": "8月", "出没時間": "17時~18時", "通報者": "地域住民", "出没場所": "国・県・市道", "目撃者状況": null }, "geometry": { "type": "Point", "coordinates": [ 137.532749709643525, 35.975746416496705 ] } },
{ "type": "Feature", "properties": { "出没月": "8月", "出没時間": "21時~22時", "通報者": "その他", "出没場所": "その他", "目撃者状況": null }, "geometry": { "type": "Point", "coordinates": [ 137.475457346003537, 36.070202125669766 ] } },
{ "type": "Feature", "properties": { "出没月": "8月", "出没時間": "12時~13時", "通報者": "地域住民", "出没場所": "国・県・市道", "目撃者状況": null }, "geometry": { "type": "Point", "coordinates": [ 137.525008795622739, 35.989610694608096 ] } },
{ "type": "Feature", "properties": { "出没月": "8月", "出没時間": "15時~16時", "通報者": "地域住民", "出没場所": "国・県・市道", "目撃者状況": null }, "geometry": { "type": "Point", "coordinates": [ 137.530211880307945, 35.983015402554791 ] } },
{ "type": "Feature", "properties": { "出没月": "8月", "出没時間": "5時~6時", "通報者": "地域住民", "出没場所": "住宅地", "目撃者状況": null }, "geometry": { "type": "Point", "coordinates": [ 137.370692386561132, 36.079005586882232 ] } },
{ "type": "Feature", "properties": { "出没月": "8月", "出没時間": "17時~18時", "通報者": "地域住民", "出没場所": "住宅地", "目撃者状況": null }, "geometry": { "type": "Point", "coordinates": [ 136.984568365419165, 36.042391253423951 ] } },
{ "type": "Feature", "properties": { "出没月": "8月", "出没時間": "10時~11時", "通報者": "地域住民", "出没場所": "国・県・市道", "目撃者状況": null }, "geometry": { "type": "Point", "coordinates": [ 137.529301276508562, 35.985315962480172 ] } },
{ "type": "Feature", "properties": { "出没月": "8月", "出没時間": "12時~13時", "通報者": "地域住民", "出没場所": "国・県・市道", "目撃者状況": null }, "geometry": { "type": "Point", "coordinates": [ 137.43414471460548, 36.171362251133587 ] } },
{ "type": "Feature", "properties": { "出没月": "9月", "出没時間": "7時~8時", "通報者": "地域住民", "出没場所": "国・県・市道", "目撃者状況": null }, "geometry": { "type": "Point", "coordinates": [ 137.36635963711376, 36.292898449473043 ] } },
{ "type": "Feature", "properties": { "出没月": "9月", "出没時間": "8時~9時", "通報者": "その他", "出没場所": "その他", "目撃者状況": null }, "geometry": { "type": "Point", "coordinates": [ 137.532700925704972, 35.977188680115084 ] } },
{ "type": "Feature", "properties": { "出没月": "9月", "出没時間": "12時~13時", "通報者": "地域住民", "出没場所": "その他", "目撃者状況": null }, "geometry": { "type": "Point", "coordinates": [ 137.498568259625387, 36.248442476541534 ] } },
{ "type": "Feature", "properties": { "出没月": "9月", "出没時間": "18時~19時", "通報者": "地域住民", "出没場所": "住宅地", "目撃者状況": null }, "geometry": { "type": "Point", "coordinates": [ 137.393409031573867, 36.029314215496861 ] } },
{ "type": "Feature", "properties": { "出没月": "9月", "出没時間": "19時~20時", "通報者": "地域住民", "出没場所": "国・県・市道", "目撃者状況": null }, "geometry": { "type": "Point", "coordinates": [ 137.529742849448922, 35.570673777654449 ] } },
{ "type": "Feature", "properties": { "出没月": "8月", "出没時間": "5時~6時", "通報者": "地域住民", "出没場所": "国・県・市道", "目撃者状況": null }, "geometry": { "type": "Point", "coordinates": [ 137.38174961966763, 35.33900324979696 ] } },
{ "type": "Feature", "properties": { "出没月": "9月", "出没時間": "8時~9時", "通報者": "地域住民", "出没場所": "国・県・市道", "目撃者状況": null }, "geometry": { "type": "Point", "coordinates": [ 137.379288302198546, 36.175307811173866 ] } },
{ "type": "Feature", "properties": { "出没月": "9月", "出没時間": "12時~13時", "通報者": "地域住民", "出没場所": "国・県・市道", "目撃者状況": null }, "geometry": { "type": "Point", "coordinates": [ 137.571903947618068, 36.052236835817233 ] } },
{ "type": "Feature", "properties": { "出没月": "9月", "出没時間": "17時~18時", "通報者": "地域住民", "出没場所": "国・県・市道", "目撃者状況": null }, "geometry": { "type": "Point", "coordinates": [ 137.431890723477267, 36.053198422075809 ] } },
{ "type": "Feature", "properties": { "出没月": "9月", "出没時間": "6時~7時", "通報者": "地域住民", "出没場所": "国・県・市道", "目撃者状況": null }, "geometry": { "type": "Point", "coordinates": [ 137.526700475027098, 35.574181392492598 ] } },
{ "type": "Feature", "properties": { "出没月": "9月", "出没時間": "7時~8時", "通報者": "地域住民", "出没場所": "国・県・市道", "目撃者状況": null }, "geometry": { "type": "Point", "coordinates": [ 137.424219156073093, 35.291845808589621 ] } },
{ "type": "Feature", "properties": { "出没月": "9月", "出没時間": "8時~9時", "通報者": "地域住民", "出没場所": "国・県・市道", "目撃者状況": null }, "geometry": { "type": "Point", "coordinates": [ 136.78460758206748, 35.570647222912733 ] } },
{ "type": "Feature", "properties": { "出没月": "9月", "出没時間": "18時~19時", "通報者": "その他", "出没場所": "国・県・市道", "目撃者状況": null }, "geometry": { "type": "Point", "coordinates": [ 136.494737306462582, 35.69335243130525 ] } },
{ "type": "Feature", "properties": { "出没月": "9月", "出没時間": "7時~8時", "通報者": "地域住民", "出没場所": "国・県・市道", "目撃者状況": null }, "geometry": { "type": "Point", "coordinates": [ 137.085058164742492, 35.372734034930886 ] } },
{ "type": "Feature", "properties": { "出没月": "9月", "出没時間": "21時~22時", "通報者": "地域住民", "出没場所": "国・県・市道", "目撃者状況": null }, "geometry": { "type": "Point", "coordinates": [ 137.418553152102106, 35.695189555812519 ] } },
{ "type": "Feature", "properties": { "出没月": "9月", "出没時間": "6時~7時", "通報者": "地域住民", "出没場所": "住宅地", "目撃者状況": null }, "geometry": { "type": "Point", "coordinates": [ 137.261089985203824, 36.149744187050423 ] } },
{ "type": "Feature", "properties": { "出没月": "9月", "出没時間": "12時~13時", "通報者": "地域住民", "出没場所": "住宅地", "目撃者状況": null }, "geometry": { "type": "Point", "coordinates": [ 137.267453968783514, 36.151103344510069 ] } },
{ "type": "Feature", "properties": { "出没月": "9月", "出没時間": "18時~19時", "通報者": "地域住民", "出没場所": "住宅地", "目撃者状況": null }, "geometry": { "type": "Point", "coordinates": [ 137.393480398958928, 36.029533776596615 ] } },
{ "type": "Feature", "properties": { "出没月": "9月", "出没時間": "20時~21時", "通報者": "地域住民", "出没場所": "その他", "目撃者状況": null }, "geometry": { "type": "Point", "coordinates": [ 137.140464193138712, 35.419010706294252 ] } },
{ "type": "Feature", "properties": { "出没月": "9月", "出没時間": "5時~6時", "通報者": "地域住民", "出没場所": "その他", "目撃者状況": null }, "geometry": { "type": "Point", "coordinates": [ 137.463214041374982, 35.469511738556385 ] } },
{ "type": "Feature", "properties": { "出没月": "9月", "出没時間": "5時~6時", "通報者": "地域住民", "出没場所": "山林", "目撃者状況": null }, "geometry": { "type": "Point", "coordinates": [ 137.482230167227527, 35.514401214807314 ] } },
{ "type": "Feature", "properties": { "出没月": "9月", "出没時間": "17時~18時", "通報者": "地域住民", "出没場所": "河川敷", "目撃者状況": null }, "geometry": { "type": "Point", "coordinates": [ 137.587510146862144, 35.5045364110346 ] } },
{ "type": "Feature", "properties": { "出没月": "9月", "出没時間": "16時~17時", "通報者": "地域住民", "出没場所": "山林", "目撃者状況": null }, "geometry": { "type": "Point", "coordinates": [ 137.429575433301437, 35.566920743450524 ] } },
{ "type": "Feature", "properties": { "出没月": "9月", "出没時間": "6時~7時", "通報者": "地域住民", "出没場所": "その他", "目撃者状況": null }, "geometry": { "type": "Point", "coordinates": [ 136.807350054689238, 35.54878228743231 ] } },
{ "type": "Feature", "properties": { "出没月": "9月", "出没時間": "19時~20時", "通報者": "地域住民", "出没場所": "国・県・市道", "目撃者状況": null }, "geometry": { "type": "Point", "coordinates": [ 136.963480440197657, 36.026076527034654 ] } },
{ "type": "Feature", "properties": { "出没月": "9月", "出没時間": "15時~16時", "通報者": "地域住民", "出没場所": "国・県・市道", "目撃者状況": null }, "geometry": { "type": "Point", "coordinates": [ 137.362605270972608, 36.090793318839715 ] } },
{ "type": "Feature", "properties": { "出没月": "9月", "出没時間": "17時~18時", "通報者": "地域住民", "出没場所": "その他", "目撃者状況": null }, "geometry": { "type": "Point", "coordinates": [ 137.552436338420222, 36.204746402896255 ] } },
{ "type": "Feature", "properties": { "出没月": "9月", "出没時間": "6時~7時", "通報者": "地域住民", "出没場所": "国・県・市道", "目撃者状況": null }, "geometry": { "type": "Point", "coordinates": [ 137.361305989220995, 36.079522307907922 ] } },
{ "type": "Feature", "properties": { "出没月": "9月", "出没時間": "17時~18時", "通報者": "地域住民", "出没場所": "河川敷", "目撃者状況": null }, "geometry": { "type": "Point", "coordinates": [ 137.362801632538577, 36.079595917707529 ] } },
{ "type": "Feature", "properties": { "出没月": "9月", "出没時間": "13時~14時", "通報者": "地域住民", "出没場所": "住宅地", "目撃者状況": null }, "geometry": { "type": "Point", "coordinates": [ 136.955067322439874, 36.034306779029343 ] } },
{ "type": "Feature", "properties": { "出没月": "9月", "出没時間": "15時~16時", "通報者": "地域住民", "出没場所": "農地", "目撃者状況": null }, "geometry": { "type": "Point", "coordinates": [ 136.536453414867367, 35.347226570689422 ] } },
{ "type": "Feature", "properties": { "出没月": "9月", "出没時間": "8時~9時", "通報者": "地域住民", "出没場所": "山林", "目撃者状況": null }, "geometry": { "type": "Point", "coordinates": [ 137.332825868334709, 35.641939734757266 ] } },
{ "type": "Feature", "properties": { "出没月": "9月", "出没時間": "18時~19時", "通報者": "地域住民", "出没場所": "国・県・市道", "目撃者状況": null }, "geometry": { "type": "Point", "coordinates": [ 137.423182678118593, 35.689707673456205 ] } },
{ "type": "Feature", "properties": { "出没月": "9月", "出没時間": "20時~21時", "通報者": "地域住民", "出没場所": "その他", "目撃者状況": null }, "geometry": { "type": "Point", "coordinates": [ 137.461457303635456, 35.617358719951731 ] } },
{ "type": "Feature", "properties": { "出没月": "9月", "出没時間": "7時~8時", "通報者": "地域住民", "出没場所": "国・県・市道", "目撃者状況": null }, "geometry": { "type": "Point", "coordinates": [ 136.94002023465066, 35.447065483904325 ] } },
{ "type": "Feature", "properties": { "出没月": "9月", "出没時間": "10時~11時", "通報者": "その他", "出没場所": "国・県・市道", "目撃者状況": null }, "geometry": { "type": "Point", "coordinates": [ 137.302106356752148, 36.31103802312272 ] } },
{ "type": "Feature", "properties": { "出没月": "9月", "出没時間": "6時~7時", "通報者": "地域住民", "出没場所": "住宅地", "目撃者状況": null }, "geometry": { "type": "Point", "coordinates": [ 136.935805948114648, 36.032897862130717 ] } },
{ "type": "Feature", "properties": { "出没月": "9月", "出没時間": "15時~16時", "通報者": "地域住民", "出没場所": "その他", "目撃者状況": null }, "geometry": { "type": "Point", "coordinates": [ 137.525856215274587, 36.237584080863826 ] } },
{ "type": "Feature", "properties": { "出没月": "9月", "出没時間": "12時~13時", "通報者": "地域住民", "出没場所": "国・県・市道", "目撃者状況": null }, "geometry": { "type": "Point", "coordinates": [ 137.431170566145028, 36.055244622758202 ] } },
{ "type": "Feature", "properties": { "出没月": "9月", "出没時間": "13時~14時", "通報者": "地域住民", "出没場所": "国・県・市道", "目撃者状況": null }, "geometry": { "type": "Point", "coordinates": [ 137.278181562498162, 36.168615413929793 ] } },
{ "type": "Feature", "properties": { "出没月": "9月", "出没時間": "11時~12時", "通報者": "地域住民", "出没場所": "国・県・市道", "目撃者状況": null }, "geometry": { "type": "Point", "coordinates": [ 137.296699905104049, 36.172097712372924 ] } },
{ "type": "Feature", "properties": { "出没月": "9月", "出没時間": "18時~19時", "通報者": "地域住民", "出没場所": "河川敷", "目撃者状況": null }, "geometry": { "type": "Point", "coordinates": [ 137.395691693842991, 36.028944037053535 ] } },
{ "type": "Feature", "properties": { "出没月": "9月", "出没時間": "7時~8時", "通報者": "地域住民", "出没場所": "国・県・市道", "目撃者状況": null }, "geometry": { "type": "Point", "coordinates": [ 137.076500614804559, 36.124414415729966 ] } },
{ "type": "Feature", "properties": { "出没月": "9月", "出没時間": "7時~8時", "通報者": "地域住民", "出没場所": "住宅地", "目撃者状況": null }, "geometry": { "type": "Point", "coordinates": [ 137.268621618029272, 36.147384245515696 ] } },
{ "type": "Feature", "properties": { "出没月": "9月", "出没時間": "10時~11時", "通報者": "通行人", "出没場所": "国・県・市道", "目撃者状況": null }, "geometry": { "type": "Point", "coordinates": [ 137.504875241315176, 35.635665955251135 ] } },
{ "type": "Feature", "properties": { "出没月": "9月", "出没時間": "6時~7時", "通報者": "地域住民", "出没場所": "住宅地", "目撃者状況": null }, "geometry": { "type": "Point", "coordinates": [ 137.271542889824957, 36.135387081649057 ] } },
{ "type": "Feature", "properties": { "出没月": "9月", "出没時間": "7時~8時", "通報者": "地域住民", "出没場所": "その他", "目撃者状況": null }, "geometry": { "type": "Point", "coordinates": [ 137.524334708985208, 35.577307535965019 ] } },
{ "type": "Feature", "properties": { "出没月": "9月", "出没時間": "21時~22時", "通報者": "その他", "出没場所": "国・県・市道", "目撃者状況": null }, "geometry": { "type": "Point", "coordinates": [ 137.198925576619416, 36.423953704187845 ] } },
{ "type": "Feature", "properties": { "出没月": "9月", "出没時間": "18時~19時", "通報者": "地域住民", "出没場所": "国・県・市道", "目撃者状況": null }, "geometry": { "type": "Point", "coordinates": [ 137.480003659745137, 35.608055329996503 ] } },
{ "type": "Feature", "properties": { "出没月": "9月", "出没時間": "19時~20時", "通報者": "地域住民", "出没場所": "国・県・市道", "目撃者状況": null }, "geometry": { "type": "Point", "coordinates": [ 137.510804469579085, 35.590078931364829 ] } },
{ "type": "Feature", "properties": { "出没月": "9月", "出没時間": "15時~16時", "通報者": "地域住民", "出没場所": "住宅地", "目撃者状況": null }, "geometry": { "type": "Point", "coordinates": [ 137.213041052877884, 36.137781489528173 ] } },
{ "type": "Feature", "properties": { "出没月": "9月", "出没時間": "6時~7時", "通報者": "地域住民", "出没場所": "住宅地", "目撃者状況": null }, "geometry": { "type": "Point", "coordinates": [ 137.221197834687359, 36.143253467053427 ] } },
{ "type": "Feature", "properties": { "出没月": "9月", "出没時間": "8時~9時", "通報者": "地域住民", "出没場所": "林道", "目撃者状況": null }, "geometry": { "type": "Point", "coordinates": [ 136.949920444228809, 36.022418219831771 ] } },
{ "type": "Feature", "properties": { "出没月": "9月", "出没時間": "16時~17時", "通報者": "地域住民", "出没場所": "林道", "目撃者状況": null }, "geometry": { "type": "Point", "coordinates": [ 137.214640099169344, 36.075634000940774 ] } },
{ "type": "Feature", "properties": { "出没月": "9月", "出没時間": "18時~19時", "通報者": "地域住民", "出没場所": "住宅地", "目撃者状況": null }, "geometry": { "type": "Point", "coordinates": [ 137.275160765793885, 36.134258356635144 ] } },
{ "type": "Feature", "properties": { "出没月": "9月", "出没時間": "19時~20時", "通報者": "地域住民", "出没場所": "林道", "目撃者状況": null }, "geometry": { "type": "Point", "coordinates": [ 137.389431274769947, 36.024702736775822 ] } },
{ "type": "Feature", "properties": { "出没月": "9月", "出没時間": "16時~17時", "通報者": "地域住民", "出没場所": "国・県・市道", "目撃者状況": null }, "geometry": { "type": "Point", "coordinates": [ 137.51481342171769, 36.027046271874568 ] } },
{ "type": "Feature", "properties": { "出没月": "9月", "出没時間": "9時~10時", "通報者": "建設業関係者", "出没場所": "山林", "目撃者状況": null }, "geometry": { "type": "Point", "coordinates": [ 137.241378654327889, 35.465765914050081 ] } },
{ "type": "Feature", "properties": { "出没月": "9月", "出没時間": "10時~11時", "通報者": "その他", "出没場所": "国・県・市道", "目撃者状況": null }, "geometry": { "type": "Point", "coordinates": [ 136.418196740541703, 35.54233296326224 ] } },
{ "type": "Feature", "properties": { "出没月": "9月", "出没時間": "7時~8時", "通報者": "地域住民", "出没場所": "国・県・市道", "目撃者状況": null }, "geometry": { "type": "Point", "coordinates": [ 137.272630169195224, 36.213148355374791 ] } },
{ "type": "Feature", "properties": { "出没月": "9月", "出没時間": "17時~18時", "通報者": "その他", "出没場所": "その他", "目撃者状況": null }, "geometry": { "type": "Point", "coordinates": [ 137.553770106057613, 36.187657055020651 ] } },
{ "type": "Feature", "properties": { "出没月": "9月", "出没時間": "9時~10時", "通報者": "地域住民", "出没場所": "住宅地", "目撃者状況": null }, "geometry": { "type": "Point", "coordinates": [ 137.26559549915109, 36.148509467343921 ] } },
{ "type": "Feature", "properties": { "出没月": "9月", "出没時間": "12時~13時", "通報者": "地域住民", "出没場所": "住宅地", "目撃者状況": null }, "geometry": { "type": "Point", "coordinates": [ 137.220105319678851, 36.143181292361554 ] } },
{ "type": "Feature", "properties": { "出没月": "9月", "出没時間": "16時~17時", "通報者": "地域住民", "出没場所": "住宅地", "目撃者状況": null }, "geometry": { "type": "Point", "coordinates": [ 137.26968977327914, 36.152119105035922 ] } },
{ "type": "Feature", "properties": { "出没月": "9月", "出没時間": "11時~12時", "通報者": "その他", "出没場所": "国・県・市道", "目撃者状況": null }, "geometry": { "type": "Point", "coordinates": [ 137.227334965550227, 36.072554077532899 ] } },
{ "type": "Feature", "properties": { "出没月": "9月", "出没時間": "12時~13時", "通報者": "地域住民", "出没場所": "農地", "目撃者状況": null }, "geometry": { "type": "Point", "coordinates": [ 137.109549780088344, 35.489223247331552 ] } },
{ "type": "Feature", "properties": { "出没月": "9月", "出没時間": "18時~19時", "通報者": "地域住民", "出没場所": "国・県・市道", "目撃者状況": null }, "geometry": { "type": "Point", "coordinates": [ 137.116432890716709, 35.784703499424189 ] } },
{ "type": "Feature", "properties": { "出没月": "8月", "出没時間": "21時~22時", "通報者": "その他", "出没場所": "林道", "目撃者状況": null }, "geometry": { "type": "Point", "coordinates": [ 137.431636054633088, 35.717346634449243 ] } },
{ "type": "Feature", "properties": { "出没月": "9月", "出没時間": "8時~9時", "通報者": "地域住民", "出没場所": "農地", "目撃者状況": null }, "geometry": { "type": "Point", "coordinates": [ 137.490559296896038, 35.611187875964852 ] } },
{ "type": "Feature", "properties": { "出没月": "9月", "出没時間": "23時~24時", "通報者": "地域住民", "出没場所": "山林", "目撃者状況": null }, "geometry": { "type": "Point", "coordinates": [ 137.107059321600985, 36.307855286645996 ] } },
{ "type": "Feature", "properties": { "出没月": "9月", "出没時間": "6時~7時", "通報者": "地域住民", "出没場所": "国・県・市道", "目撃者状況": null }, "geometry": { "type": "Point", "coordinates": [ 137.251454906161285, 35.804651621806961 ] } },
{ "type": "Feature", "properties": { "出没月": "9月", "出没時間": "17時~18時", "通報者": "地域住民", "出没場所": "国・県・市道", "目撃者状況": null }, "geometry": { "type": "Point", "coordinates": [ 137.260535512580788, 35.799231121415986 ] } },
{ "type": "Feature", "properties": { "出没月": "9月", "出没時間": "19時~20時", "通報者": "地域住民", "出没場所": "その他", "目撃者状況": null }, "geometry": { "type": "Point", "coordinates": [ 137.249757119426107, 35.809272239400464 ] } },
{ "type": "Feature", "properties": { "出没月": "9月", "出没時間": "6時~7時", "通報者": "地域住民", "出没場所": "国・県・市道", "目撃者状況": null }, "geometry": { "type": "Point", "coordinates": [ 137.574337513046402, 36.28110801518563 ] } },
{ "type": "Feature", "properties": { "出没月": "9月", "出没時間": "8時~9時", "通報者": "地域住民", "出没場所": "国・県・市道", "目撃者状況": null }, "geometry": { "type": "Point", "coordinates": [ 137.233521595294377, 36.200110666919933 ] } },
{ "type": "Feature", "properties": { "出没月": "9月", "出没時間": "8時~9時", "通報者": "地域住民", "出没場所": "国・県・市道", "目撃者状況": null }, "geometry": { "type": "Point", "coordinates": [ 137.370095409038299, 36.287471282228033 ] } },
{ "type": "Feature", "properties": { "出没月": "9月", "出没時間": "9時~10時", "通報者": "地域住民", "出没場所": "国・県・市道", "目撃者状況": null }, "geometry": { "type": "Point", "coordinates": [ 137.401804224899593, 36.05786442000413 ] } },
{ "type": "Feature", "properties": { "出没月": "9月", "出没時間": "12時~13時", "通報者": "地域住民", "出没場所": "国・県・市道", "目撃者状況": null }, "geometry": { "type": "Point", "coordinates": [ 137.082618272760726, 36.304074075233444 ] } },
{ "type": "Feature", "properties": { "出没月": "9月", "出没時間": "10時~11時", "通報者": "地域住民", "出没場所": "農地", "目撃者状況": null }, "geometry": { "type": "Point", "coordinates": [ 137.204848133818729, 36.07109152381053 ] } },
{ "type": "Feature", "properties": { "出没月": "9月", "出没時間": "11時~12時", "通報者": "地域住民", "出没場所": "国・県・市道", "目撃者状況": null }, "geometry": { "type": "Point", "coordinates": [ 137.400536269297419, 36.064977127644333 ] } },
{ "type": "Feature", "properties": { "出没月": "9月", "出没時間": "14時~15時", "通報者": "地域住民", "出没場所": "国・県・市道", "目撃者状況": null }, "geometry": { "type": "Point", "coordinates": [ 137.181892987350892, 36.130539637825471 ] } },
{ "type": "Feature", "properties": { "出没月": "9月", "出没時間": "16時~17時", "通報者": "地域住民", "出没場所": "住宅地", "目撃者状況": null }, "geometry": { "type": "Point", "coordinates": [ 137.326362671876666, 36.091094956515121 ] } },
{ "type": "Feature", "properties": { "出没月": "9月", "出没時間": "17時~18時", "通報者": "地域住民", "出没場所": "河川敷", "目撃者状況": null }, "geometry": { "type": "Point", "coordinates": [ 137.564512825478829, 36.265819410416256 ] } },
{ "type": "Feature", "properties": { "出没月": "9月", "出没時間": "21時~22時", "通報者": "地域住民", "出没場所": "国・県・市道", "目撃者状況": null }, "geometry": { "type": "Point", "coordinates": [ 137.271563134706014, 36.121898485505262 ] } },
{ "type": "Feature", "properties": { "出没月": "9月", "出没時間": "11時~12時", "通報者": "その他", "出没場所": "国・県・市道", "目撃者状況": null }, "geometry": { "type": "Point", "coordinates": [ 136.352049607545382, 35.611300920636978 ] } },
{ "type": "Feature", "properties": { "出没月": "9月", "出没時間": "17時~18時", "通報者": "地域住民", "出没場所": "河川敷", "目撃者状況": null }, "geometry": { "type": "Point", "coordinates": [ 137.325891294151035, 36.134372347957182 ] } },
{ "type": "Feature", "properties": { "出没月": "9月", "出没時間": "12時~13時", "通報者": "地域住民", "出没場所": "河川敷", "目撃者状況": null }, "geometry": { "type": "Point", "coordinates": [ 136.96960645511146, 36.015847201726366 ] } },
{ "type": "Feature", "properties": { "出没月": "9月", "出没時間": "8時~9時", "通報者": "地域住民", "出没場所": "国・県・市道", "目撃者状況": null }, "geometry": { "type": "Point", "coordinates": [ 137.490502535442516, 35.610455659168998 ] } },
{ "type": "Feature", "properties": { "出没月": "9月", "出没時間": "11時~12時", "通報者": "地域住民", "出没場所": "国・県・市道", "目撃者状況": null }, "geometry": { "type": "Point", "coordinates": [ 137.290420713145153, 35.717183731553654 ] } },
{ "type": "Feature", "properties": { "出没月": "9月", "出没時間": "7時~8時", "通報者": "地域住民", "出没場所": "山林", "目撃者状況": null }, "geometry": { "type": "Point", "coordinates": [ 137.180090814585583, 36.385435643787787 ] } },
{ "type": "Feature", "properties": { "出没月": "9月", "出没時間": "10時~11時", "通報者": "その他", "出没場所": "国・県・市道", "目撃者状況": null }, "geometry": { "type": "Point", "coordinates": [ 137.189908041642525, 36.413218968189653 ] } },
{ "type": "Feature", "properties": { "出没月": "10月", "出没時間": "8時~9時", "通報者": "その他", "出没場所": "その他", "目撃者状況": null }, "geometry": { "type": "Point", "coordinates": [ 137.133801735736085, 36.318177360701753 ] } },
{ "type": "Feature", "properties": { "出没月": "10月", "出没時間": "10時~11時", "通報者": "地域住民", "出没場所": "その他", "目撃者状況": null }, "geometry": { "type": "Point", "coordinates": [ 137.143815198822381, 36.330281000808007 ] } },
{ "type": "Feature", "properties": { "出没月": "10月", "出没時間": "3時~4時", "通報者": "地域住民", "出没場所": "住宅地", "目撃者状況": null }, "geometry": { "type": "Point", "coordinates": [ 137.366595405142618, 35.715026181169407 ] } },
{ "type": "Feature", "properties": { "出没月": "9月", "出没時間": "11時~12時", "通報者": "その他", "出没場所": "その他", "目撃者状況": null }, "geometry": { "type": "Point", "coordinates": [ 136.953620861935434, 36.060716685464314 ] } },
{ "type": "Feature", "properties": { "出没月": "9月", "出没時間": "10時~11時", "通報者": "地域住民", "出没場所": "国・県・市道", "目撃者状況": null }, "geometry": { "type": "Point", "coordinates": [ 137.395918482546307, 36.092807228309567 ] } },
{ "type": "Feature", "properties": { "出没月": "9月", "出没時間": "16時~17時", "通報者": "地域住民", "出没場所": "住宅地", "目撃者状況": null }, "geometry": { "type": "Point", "coordinates": [ 136.936203440518966, 36.031675089106429 ] } },
{ "type": "Feature", "properties": { "出没月": "10月", "出没時間": "11時~12時", "通報者": "地域住民", "出没場所": "国・県・市道", "目撃者状況": null }, "geometry": { "type": "Point", "coordinates": [ 137.494371166257423, 35.603307411566938 ] } },
{ "type": "Feature", "properties": { "出没月": "9月", "出没時間": "12時~13時", "通報者": "その他", "出没場所": "その他", "目撃者状況": null }, "geometry": { "type": "Point", "coordinates": [ 136.941441773285163, 36.056965240145011 ] } },
{ "type": "Feature", "properties": { "出没月": "9月", "出没時間": "21時~22時", "通報者": "地域住民", "出没場所": "住宅地", "目撃者状況": null }, "geometry": { "type": "Point", "coordinates": [ 137.072816571937807, 36.098611680958953 ] } },
{ "type": "Feature", "properties": { "出没月": "9月", "出没時間": "11時~12時", "通報者": "地域住民", "出没場所": "その他", "目撃者状況": null }, "geometry": { "type": "Point", "coordinates": [ 137.497286234123749, 36.249846149732171 ] } },
{ "type": "Feature", "properties": { "出没月": "9月", "出没時間": "12時~13時", "通報者": "地域住民", "出没場所": "住宅地", "目撃者状況": null }, "geometry": { "type": "Point", "coordinates": [ 137.214319191159149, 36.218638591598875 ] } },
{ "type": "Feature", "properties": { "出没月": "9月", "出没時間": "15時~16時", "通報者": "地域住民", "出没場所": "国・県・市道", "目撃者状況": null }, "geometry": { "type": "Point", "coordinates": [ 137.291920669907313, 36.078159850545688 ] } },
{ "type": "Feature", "properties": { "出没月": "9月", "出没時間": "10時~11時", "通報者": "地域住民", "出没場所": "国・県・市道", "目撃者状況": null }, "geometry": { "type": "Point", "coordinates": [ 137.371599094921038, 36.175861190405797 ] } },
{ "type": "Feature", "properties": { "出没月": "9月", "出没時間": "12時~13時", "通報者": "地域住民", "出没場所": "国・県・市道", "目撃者状況": null }, "geometry": { "type": "Point", "coordinates": [ 136.942660026047236, 36.041530824703742 ] } },
{ "type": "Feature", "properties": { "出没月": "9月", "出没時間": "15時~16時", "通報者": "地域住民", "出没場所": "国・県・市道", "目撃者状況": null }, "geometry": { "type": "Point", "coordinates": [ 136.942311611705406, 36.05725360188287 ] } },
{ "type": "Feature", "properties": { "出没月": "9月", "出没時間": "16時~17時", "通報者": "地域住民", "出没場所": "国・県・市道", "目撃者状況": null }, "geometry": { "type": "Point", "coordinates": [ 136.94478437283172, 36.069775740902088 ] } },
{ "type": "Feature", "properties": { "出没月": "9月", "出没時間": "16時~17時", "通報者": "地域住民", "出没場所": "国・県・市道", "目撃者状況": null }, "geometry": { "type": "Point", "coordinates": [ 137.552340120956558, 36.197033946328915 ] } },
{ "type": "Feature", "properties": { "出没月": "9月", "出没時間": "17時~18時", "通報者": "地域住民", "出没場所": "国・県・市道", "目撃者状況": null }, "geometry": { "type": "Point", "coordinates": [ 137.369733658005714, 36.287761996121489 ] } },
{ "type": "Feature", "properties": { "出没月": "9月", "出没時間": "17時~18時", "通報者": "地域住民", "出没場所": "国・県・市道", "目撃者状況": null }, "geometry": { "type": "Point", "coordinates": [ 137.499436067638925, 36.249400813964364 ] } },
{ "type": "Feature", "properties": { "出没月": "9月", "出没時間": "5時~6時", "通報者": "地域住民", "出没場所": "住宅地", "目撃者状況": null }, "geometry": { "type": "Point", "coordinates": [ 137.364052710804714, 36.175786556397618 ] } },
{ "type": "Feature", "properties": { "出没月": "9月", "出没時間": "20時~21時", "通報者": "地域住民", "出没場所": "住宅地", "目撃者状況": null }, "geometry": { "type": "Point", "coordinates": [ 137.26908439599714, 36.146476916694873 ] } },
{ "type": "Feature", "properties": { "出没月": "9月", "出没時間": "16時~17時", "通報者": "地域住民", "出没場所": "その他", "目撃者状況": null }, "geometry": { "type": "Point", "coordinates": [ 137.177654149675448, 36.108993258263688 ] } },
{ "type": "Feature", "properties": { "出没月": "10月", "出没時間": "10時~11時", "通報者": "農業従事者", "出没場所": "農地", "目撃者状況": null }, "geometry": { "type": "Point", "coordinates": [ 137.382743318908268, 35.3684862487871 ] } },
{ "type": "Feature", "properties": { "出没月": "10月", "出没時間": "19時~20時", "通報者": "その他", "出没場所": "河川敷", "目撃者状況": null }, "geometry": { "type": "Point", "coordinates": [ 136.632585540647142, 35.431480105147465 ] } },
{ "type": "Feature", "properties": { "出没月": "10月", "出没時間": "12時~13時", "通報者": "地域住民", "出没場所": "住宅地", "目撃者状況": null }, "geometry": { "type": "Point", "coordinates": [ 136.848219162924352, 35.900243712604812 ] } },
{ "type": "Feature", "properties": { "出没月": "10月", "出没時間": "8時~9時", "通報者": "地域住民", "出没場所": "その他", "目撃者状況": null }, "geometry": { "type": "Point", "coordinates": [ 137.268975565278993, 35.795915140606922 ] } },
{ "type": "Feature", "properties": { "出没月": "10月", "出没時間": "8時~9時", "通報者": "捕獲従事者", "出没場所": "山林", "目撃者状況": null }, "geometry": { "type": "Point", "coordinates": [ 137.10176598206607, 36.286729494677743 ] } },
{ "type": "Feature", "properties": { "出没月": "10月", "出没時間": "14時~15時", "通報者": "地域住民", "出没場所": "住宅地", "目撃者状況": null }, "geometry": { "type": "Point", "coordinates": [ 137.284801464524492, 35.782901967592274 ] } },
{ "type": "Feature", "properties": { "出没月": "10月", "出没時間": "6時~7時", "通報者": "地域住民", "出没場所": "その他", "目撃者状況": null }, "geometry": { "type": "Point", "coordinates": [ 137.324802298344423, 35.732945506262219 ] } },
{ "type": "Feature", "properties": { "出没月": "10月", "出没時間": "10時~11時", "通報者": "地域住民", "出没場所": "国・県・市道", "目撃者状況": null }, "geometry": { "type": "Point", "coordinates": [ 137.209411565281926, 35.529854051920779 ] } },
{ "type": "Feature", "properties": { "出没月": "6月", "出没時間": "15時~16時", "通報者": "地域住民", "出没場所": "山林", "目撃者状況": null }, "geometry": { "type": "Point", "coordinates": [ 137.163927079429868, 36.281949318746278 ] } },
{ "type": "Feature", "properties": { "出没月": "6月", "出没時間": "6時~7時", "通報者": "地域住民", "出没場所": "国・県・市道", "目撃者状況": null }, "geometry": { "type": "Point", "coordinates": [ 137.129946542031234, 36.283430826477428 ] } },
{ "type": "Feature", "properties": { "出没月": "6月", "出没時間": "9時~10時", "通報者": "地域住民", "出没場所": "山林", "目撃者状況": null }, "geometry": { "type": "Point", "coordinates": [ 137.150865077208891, 36.262311605640093 ] } },
{ "type": "Feature", "properties": { "出没月": "6月", "出没時間": "6時~7時", "通報者": "地域住民", "出没場所": "その他", "目撃者状況": null }, "geometry": { "type": "Point", "coordinates": [ 137.172900041717128, 36.256059823484186 ] } },
{ "type": "Feature", "properties": { "出没月": "7月", "出没時間": "12時~13時", "通報者": "その他", "出没場所": "国・県・市道", "目撃者状況": null }, "geometry": { "type": "Point", "coordinates": [ 137.207430767049459, 36.293771708005046 ] } },
{ "type": "Feature", "properties": { "出没月": "7月", "出没時間": "13時~14時", "通報者": "地域住民", "出没場所": "国・県・市道", "目撃者状況": null }, "geometry": { "type": "Point", "coordinates": [ 137.114146647878755, 36.251350505389631 ] } },
{ "type": "Feature", "properties": { "出没月": "8月", "出没時間": "17時~18時", "通報者": "地域住民", "出没場所": "国・県・市道", "目撃者状況": null }, "geometry": { "type": "Point", "coordinates": [ 137.169477382795264, 36.234902242848143 ] } },
{ "type": "Feature", "properties": { "出没月": "9月", "出没時間": "12時~13時", "通報者": "地域住民", "出没場所": "住宅地", "目撃者状況": null }, "geometry": { "type": "Point", "coordinates": [ 137.176110565706068, 36.233414776960196 ] } },
{ "type": "Feature", "properties": { "出没月": "9月", "出没時間": "13時~14時", "通報者": "その他", "出没場所": "国・県・市道", "目撃者状況": null }, "geometry": { "type": "Point", "coordinates": [ 137.177904319477051, 36.232434470363422 ] } },
{ "type": "Feature", "properties": { "出没月": "10月", "出没時間": "17時~18時", "通報者": "地域住民", "出没場所": "国・県・市道", "目撃者状況": null }, "geometry": { "type": "Point", "coordinates": [ 137.191549846118761, 36.244295613304523 ] } },
{ "type": "Feature", "properties": { "出没月": "10月", "出没時間": "21時~22時", "通報者": "地域住民", "出没場所": "国・県・市道", "目撃者状況": null }, "geometry": { "type": "Point", "coordinates": [ 137.194135956836959, 36.242030563313605 ] } },
{ "type": "Feature", "properties": { "出没月": "10月", "出没時間": "21時~22時", "通報者": "地域住民", "出没場所": "国・県・市道", "目撃者状況": null }, "geometry": { "type": "Point", "coordinates": [ 137.17694493057445, 36.233380909842005 ] } },
{ "type": "Feature", "properties": { "出没月": "9月", "出没時間": "11時~12時", "通報者": "地域住民", "出没場所": "河川敷", "目撃者状況": null }, "geometry": { "type": "Point", "coordinates": [ 137.146852803422917, 35.675377113652701 ] } },
{ "type": "Feature", "properties": { "出没月": "10月", "出没時間": "14時~15時", "通報者": "地域住民", "出没場所": "国・県・市道", "目撃者状況": null }, "geometry": { "type": "Point", "coordinates": [ 137.328773655721733, 35.750446353474992 ] } },
{ "type": "Feature", "properties": { "出没月": "9月", "出没時間": "7時~8時", "通報者": "地域住民", "出没場所": "農地", "目撃者状況": null }, "geometry": { "type": "Point", "coordinates": [ 137.385417888926554, 36.39498720495925 ] } },
{ "type": "Feature", "properties": { "出没月": "9月", "出没時間": "8時~9時", "通報者": "その他", "出没場所": "国・県・市道", "目撃者状況": null }, "geometry": { "type": "Point", "coordinates": [ 137.23137931960224, 36.265628767927609 ] } },
{ "type": "Feature", "properties": { "出没月": "10月", "出没時間": "18時~19時", "通報者": "その他", "出没場所": "国・県・市道", "目撃者状況": null }, "geometry": { "type": "Point", "coordinates": [ 137.306472658532044, 36.408564365756547 ] } },
{ "type": "Feature", "properties": { "出没月": "10月", "出没時間": "12時~13時", "通報者": "地域住民", "出没場所": "住宅地", "目撃者状況": null }, "geometry": { "type": "Point", "coordinates": [ 137.304373378624149, 36.319046083674003 ] } },
{ "type": "Feature", "properties": { "出没月": "10月", "出没時間": "8時~9時", "通報者": "その他", "出没場所": "国・県・市道", "目撃者状況": null }, "geometry": { "type": "Point", "coordinates": [ 137.251118226525904, 36.306370109944069 ] } },
{ "type": "Feature", "properties": { "出没月": "10月", "出没時間": "16時~17時", "通報者": "地域住民", "出没場所": "国・県・市道", "目撃者状況": null }, "geometry": { "type": "Point", "coordinates": [ 137.330061715017905, 36.306033108098539 ] } },
{ "type": "Feature", "properties": { "出没月": "10月", "出没時間": "5時~6時", "通報者": "地域住民", "出没場所": "国・県・市道", "目撃者状況": null }, "geometry": { "type": "Point", "coordinates": [ 137.391570085518055, 36.394973525927924 ] } },
{ "type": "Feature", "properties": { "出没月": "10月", "出没時間": "11時~12時", "通報者": "地域住民", "出没場所": "住宅地", "目撃者状況": null }, "geometry": { "type": "Point", "coordinates": [ 137.303412153207148, 36.33381230678313 ] } },
{ "type": "Feature", "properties": { "出没月": "9月", "出没時間": "12時~13時", "通報者": "地域住民", "出没場所": "国・県・市道", "目撃者状況": null }, "geometry": { "type": "Point", "coordinates": [ 137.141957784830339, 35.679331261386771 ] } },
{ "type": "Feature", "properties": { "出没月": "9月", "出没時間": "11時~12時", "通報者": "地域住民", "出没場所": "農地", "目撃者状況": null }, "geometry": { "type": "Point", "coordinates": [ 136.952713104499907, 35.767632522504883 ] } },
{ "type": "Feature", "properties": { "出没月": "10月", "出没時間": "9時~10時", "通報者": "地域住民", "出没場所": "その他", "目撃者状況": null }, "geometry": { "type": "Point", "coordinates": [ 137.190806389469827, 36.413332011196736 ] } },
{ "type": "Feature", "properties": { "出没月": "10月", "出没時間": "10時~11時", "通報者": "地域住民", "出没場所": "住宅地", "目撃者状況": null }, "geometry": { "type": "Point", "coordinates": [ 137.429685908576516, 35.647907225264319 ] } },
{ "type": "Feature", "properties": { "出没月": "10月", "出没時間": "5時~6時", "通報者": "地域住民", "出没場所": "国・県・市道", "目撃者状況": null }, "geometry": { "type": "Point", "coordinates": [ 137.400344735397539, 35.472417066631259 ] } },
{ "type": "Feature", "properties": { "出没月": "10月", "出没時間": "18時~19時", "通報者": "地域住民", "出没場所": "住宅地", "目撃者状況": null }, "geometry": { "type": "Point", "coordinates": [ 137.145953440726657, 36.260663758482636 ] } },
{ "type": "Feature", "properties": { "出没月": "10月", "出没時間": "19時~20時", "通報者": "地域住民", "出没場所": "住宅地", "目撃者状況": null }, "geometry": { "type": "Point", "coordinates": [ 137.178968405061852, 36.238647622580444 ] } },
{ "type": "Feature", "properties": { "出没月": "10月", "出没時間": "19時~20時", "通報者": "地域住民", "出没場所": "住宅地", "目撃者状況": null }, "geometry": { "type": "Point", "coordinates": [ 137.198314581526489, 36.238734198105988 ] } },
{ "type": "Feature", "properties": { "出没月": "10月", "出没時間": "19時~20時", "通報者": "地域住民", "出没場所": "住宅地", "目撃者状況": null }, "geometry": { "type": "Point", "coordinates": [ 137.169879934727362, 36.250941766736617 ] } },
{ "type": "Feature", "properties": { "出没月": "10月", "出没時間": "20時~21時", "通報者": "地域住民", "出没場所": "その他", "目撃者状況": null }, "geometry": { "type": "Point", "coordinates": [ 137.172771406651862, 36.256496953488913 ] } },
{ "type": "Feature", "properties": { "出没月": "10月", "出没時間": "20時~21時", "通報者": "地域住民", "出没場所": "その他", "目撃者状況": null }, "geometry": { "type": "Point", "coordinates": [ 137.172815883414955, 36.256037295723267 ] } },
{ "type": "Feature", "properties": { "出没月": "10月", "出没時間": "9時~10時", "通報者": "地域住民", "出没場所": "河川敷", "目撃者状況": null }, "geometry": { "type": "Point", "coordinates": [ 136.90788957542344, 35.603728833668839 ] } },
{ "type": "Feature", "properties": { "出没月": "9月", "出没時間": "8時~9時", "通報者": "地域住民", "出没場所": "国・県・市道", "目撃者状況": null }, "geometry": { "type": "Point", "coordinates": [ 136.942534064248235, 36.041188652334505 ] } },
{ "type": "Feature", "properties": { "出没月": "9月", "出没時間": "12時~13時", "通報者": "地域住民", "出没場所": "農地", "目撃者状況": null }, "geometry": { "type": "Point", "coordinates": [ 137.299352605284241, 36.170500632334615 ] } },
{ "type": "Feature", "properties": { "出没月": "10月", "出没時間": "7時~8時", "通報者": "地域住民", "出没場所": "国・県・市道", "目撃者状況": null }, "geometry": { "type": "Point", "coordinates": [ 137.371661502777414, 36.006091191314091 ] } },
{ "type": "Feature", "properties": { "出没月": "10月", "出没時間": "4時~5時", "通報者": "地域住民", "出没場所": "国・県・市道", "目撃者状況": null }, "geometry": { "type": "Point", "coordinates": [ 137.375623012736156, 36.174944489178102 ] } },
{ "type": "Feature", "properties": { "出没月": "10月", "出没時間": "8時~9時", "通報者": "地域住民", "出没場所": "国・県・市道", "目撃者状況": null }, "geometry": { "type": "Point", "coordinates": [ 136.995964295444622, 36.029359517977106 ] } },
{ "type": "Feature", "properties": { "出没月": "10月", "出没時間": "7時~8時", "通報者": "その他", "出没場所": "その他", "目撃者状況": null }, "geometry": { "type": "Point", "coordinates": [ 137.214751120933329, 36.026581516788653 ] } },
{ "type": "Feature", "properties": { "出没月": "10月", "出没時間": "15時~16時", "通報者": "その他", "出没場所": "国・県・市道", "目撃者状況": null }, "geometry": { "type": "Point", "coordinates": [ 137.168274524929075, 36.338973703723831 ] } },
{ "type": "Feature", "properties": { "出没月": "10月", "出没時間": "19時~20時", "通報者": "その他", "出没場所": "国・県・市道", "目撃者状況": null }, "geometry": { "type": "Point", "coordinates": [ 137.147343132882838, 36.331262885520893 ] } },
{ "type": "Feature", "properties": { "出没月": "10月", "出没時間": "9時~10時", "通報者": "その他", "出没場所": "農地", "目撃者状況": null }, "geometry": { "type": "Point", "coordinates": [ 137.184330224548773, 36.346442828987662 ] } },
{ "type": "Feature", "properties": { "出没月": "10月", "出没時間": "4時~5時", "通報者": "地域住民", "出没場所": "その他", "目撃者状況": null }, "geometry": { "type": "Point", "coordinates": [ 137.024056296453494, 36.274105523481893 ] } },
{ "type": "Feature", "properties": { "出没月": "8月", "出没時間": "4時~5時", "通報者": "地域住民", "出没場所": "その他", "目撃者状況": null }, "geometry": { "type": "Point", "coordinates": [ 137.024134301170506, 36.274056045975662 ] } },
{ "type": "Feature", "properties": { "出没月": "9月", "出没時間": "4時~5時", "通報者": "地域住民", "出没場所": "その他", "目撃者状況": null }, "geometry": { "type": "Point", "coordinates": [ 137.02488862675051, 36.272394077524744 ] } },
{ "type": "Feature", "properties": { "出没月": "10月", "出没時間": "15時~16時", "通報者": "捕獲従事者", "出没場所": "林道", "目撃者状況": null }, "geometry": { "type": "Point", "coordinates": [ 136.850447392487609, 35.647319374413868 ] } },
{ "type": "Feature", "properties": { "出没月": "10月", "出没時間": "10時~11時", "通報者": "地域住民", "出没場所": "山林", "目撃者状況": null }, "geometry": { "type": "Point", "coordinates": [ 137.413420056516259, 35.502651908450169 ] } },
{ "type": "Feature", "properties": { "出没月": "10月", "出没時間": "5時~6時", "通報者": "地域住民", "出没場所": "山林", "目撃者状況": null }, "geometry": { "type": "Point", "coordinates": [ 136.738684585809466, 35.52245682155359 ] } },
{ "type": "Feature", "properties": { "出没月": "10月", "出没時間": "19時~20時", "通報者": "地域住民", "出没場所": "その他", "目撃者状況": null }, "geometry": { "type": "Point", "coordinates": [ 136.726846910136345, 35.625151195307645 ] } },
{ "type": "Feature", "properties": { "出没月": "5月", "出没時間": "10時~11時", "通報者": "その他", "出没場所": "その他", "目撃者状況": null }, "geometry": { "type": "Point", "coordinates": [ 136.908764619487471, 36.262735357308131 ] } },
{ "type": "Feature", "properties": { "出没月": "5月", "出没時間": "11時~12時", "通報者": "その他", "出没場所": "その他", "目撃者状況": null }, "geometry": { "type": "Point", "coordinates": [ 136.908697413708609, 36.26269735856809 ] } },
{ "type": "Feature", "properties": { "出没月": "10月", "出没時間": "16時~17時", "通報者": "地域住民", "出没場所": "農地", "目撃者状況": null }, "geometry": { "type": "Point", "coordinates": [ 137.073159755863117, 36.250133560471816 ] } },
{ "type": "Feature", "properties": { "出没月": "10月", "出没時間": "9時~10時", "通報者": "その他", "出没場所": "国・県・市道", "目撃者状況": null }, "geometry": { "type": "Point", "coordinates": [ 136.903698468742817, 36.253500830684693 ] } },
{ "type": "Feature", "properties": { "出没月": "10月", "出没時間": "8時~9時", "通報者": "その他", "出没場所": "その他", "目撃者状況": null }, "geometry": { "type": "Point", "coordinates": [ 136.903724362691236, 36.25407545537373 ] } },
{ "type": "Feature", "properties": { "出没月": "10月", "出没時間": "17時~18時", "通報者": "その他", "出没場所": "その他", "目撃者状況": null }, "geometry": { "type": "Point", "coordinates": [ 136.902642806051944, 36.188932511312203 ] } },
{ "type": "Feature", "properties": { "出没月": "10月", "出没時間": "8時~9時", "通報者": "その他", "出没場所": "その他", "目撃者状況": null }, "geometry": { "type": "Point", "coordinates": [ 136.906735346261087, 36.261778985959296 ] } },
{ "type": "Feature", "properties": { "出没月": "10月", "出没時間": "16時~17時", "通報者": "その他", "出没場所": "その他", "目撃者状況": null }, "geometry": { "type": "Point", "coordinates": [ 136.9046071968001, 36.283352110971819 ] } },
{ "type": "Feature", "properties": { "出没月": "10月", "出没時間": "16時~17時", "通報者": "その他", "出没場所": "その他", "目撃者状況": null }, "geometry": { "type": "Point", "coordinates": [ 136.906845622503823, 36.161998630705362 ] } },
{ "type": "Feature", "properties": { "出没月": "9月", "出没時間": "17時~18時", "通報者": "その他", "出没場所": "その他", "目撃者状況": null }, "geometry": { "type": "Point", "coordinates": [ 136.910950870144688, 36.149248472357542 ] } },
{ "type": "Feature", "properties": { "出没月": "9月", "出没時間": "11時~12時", "通報者": "その他", "出没場所": "国・県・市道", "目撃者状況": null }, "geometry": { "type": "Point", "coordinates": [ 136.91012821075617, 36.150193076454471 ] } },
{ "type": "Feature", "properties": { "出没月": "10月", "出没時間": "6時~7時", "通報者": "地域住民", "出没場所": "山林", "目撃者状況": null }, "geometry": { "type": "Point", "coordinates": [ 136.820950649832014, 35.527452956855868 ] } },
{ "type": "Feature", "properties": { "出没月": "10月", "出没時間": "6時~7時", "通報者": "地域住民", "出没場所": "山林", "目撃者状況": null }, "geometry": { "type": "Point", "coordinates": [ 136.815295329927409, 35.523041213506872 ] } },
{ "type": "Feature", "properties": { "出没月": "5月", "出没時間": "12時~13時", "通報者": "その他", "出没場所": "その他", "目撃者状況": null }, "geometry": { "type": "Point", "coordinates": [ 136.907167847503331, 36.262072165617198 ] } },
{ "type": "Feature", "properties": { "出没月": "10月", "出没時間": "15時~16時", "通報者": "地域住民", "出没場所": "山林", "目撃者状況": null }, "geometry": { "type": "Point", "coordinates": [ 136.891753721576777, 35.895560605200011 ] } },
{ "type": "Feature", "properties": { "出没月": "9月", "出没時間": "14時~15時", "通報者": "その他", "出没場所": "その他", "目撃者状況": null }, "geometry": { "type": "Point", "coordinates": [ 136.90145643562218, 36.173930109766047 ] } },
{ "type": "Feature", "properties": { "出没月": "9月", "出没時間": "17時~18時", "通報者": "その他", "出没場所": "その他", "目撃者状況": null }, "geometry": { "type": "Point", "coordinates": [ 136.89529951780716, 36.205128289335768 ] } },
{ "type": "Feature", "properties": { "出没月": "5月", "出没時間": "9時~10時", "通報者": "その他", "出没場所": "その他", "目撃者状況": null }, "geometry": { "type": "Point", "coordinates": [ 136.892373311796263, 36.25490640941981 ] } },
{ "type": "Feature", "properties": { "出没月": "6月", "出没時間": "19時~20時", "通報者": "その他", "出没場所": "その他", "目撃者状況": null }, "geometry": { "type": "Point", "coordinates": [ 136.902456413940399, 36.172672986337254 ] } },
{ "type": "Feature", "properties": { "出没月": "6月", "出没時間": "8時~9時", "通報者": "その他", "出没場所": "その他", "目撃者状況": null }, "geometry": { "type": "Point", "coordinates": [ 136.903130730714935, 36.173801091088812 ] } },
{ "type": "Feature", "properties": { "出没月": "6月", "出没時間": "15時~16時", "通報者": "その他", "出没場所": "その他", "目撃者状況": null }, "geometry": { "type": "Point", "coordinates": [ 136.901079295781216, 36.173687050741947 ] } },
{ "type": "Feature", "properties": { "出没月": "10月", "出没時間": "10時~11時", "通報者": "その他", "出没場所": "山林", "目撃者状況": null }, "geometry": { "type": "Point", "coordinates": [ 137.424483425246649, 35.476299147600358 ] } },
{ "type": "Feature", "properties": { "出没月": "5月", "出没時間": "12時~13時", "通報者": "地域住民", "出没場所": "国・県・市道", "目撃者状況": null }, "geometry": { "type": "Point", "coordinates": [ 136.906139636362326, 36.263758255770306 ] } },
{ "type": "Feature", "properties": { "出没月": "5月", "出没時間": "13時~14時", "通報者": "地域住民", "出没場所": "山林", "目撃者状況": null }, "geometry": { "type": "Point", "coordinates": [ 136.90864347452279, 36.261078990862011 ] } },
{ "type": "Feature", "properties": { "出没月": "5月", "出没時間": "16時~17時", "通報者": "地域住民", "出没場所": "山林", "目撃者状況": null }, "geometry": { "type": "Point", "coordinates": [ 136.908818829813612, 36.261055710350128 ] } },
{ "type": "Feature", "properties": { "出没月": "6月", "出没時間": "13時~14時", "通報者": "地域住民", "出没場所": "登山道", "目撃者状況": null }, "geometry": { "type": "Point", "coordinates": [ 136.906168697849893, 36.176998097193476 ] } },
{ "type": "Feature", "properties": { "出没月": "6月", "出没時間": "16時~17時", "通報者": "地域住民", "出没場所": "その他", "目撃者状況": null }, "geometry": { "type": "Point", "coordinates": [ 136.908863105937428, 36.14603762554718 ] } },
{ "type": "Feature", "properties": { "出没月": "6月", "出没時間": "14時~15時", "通報者": "地域住民", "出没場所": "山林", "目撃者状況": null }, "geometry": { "type": "Point", "coordinates": [ 136.906666559827869, 36.26448493376575 ] } },
{ "type": "Feature", "properties": { "出没月": "6月", "出没時間": "11時~12時", "通報者": "地域住民", "出没場所": "その他", "目撃者状況": null }, "geometry": { "type": "Point", "coordinates": [ 136.908878465166083, 36.145801067555141 ] } },
{ "type": "Feature", "properties": { "出没月": "6月", "出没時間": "15時~16時", "通報者": "地域住民", "出没場所": "その他", "目撃者状況": null }, "geometry": { "type": "Point", "coordinates": [ 136.908990510624335, 36.145519652687653 ] } },
{ "type": "Feature", "properties": { "出没月": "6月", "出没時間": "8時~9時", "通報者": "地域住民", "出没場所": "その他", "目撃者状況": null }, "geometry": { "type": "Point", "coordinates": [ 136.910767067758371, 36.149383274470111 ] } },
{ "type": "Feature", "properties": { "出没月": "6月", "出没時間": "9時~10時", "通報者": "地域住民", "出没場所": "山林", "目撃者状況": null }, "geometry": { "type": "Point", "coordinates": [ 136.902607171093308, 36.272743036289178 ] } },
{ "type": "Feature", "properties": { "出没月": "6月", "出没時間": "15時~16時", "通報者": "地域住民", "出没場所": "山林", "目撃者状況": null }, "geometry": { "type": "Point", "coordinates": [ 136.899628421900701, 36.182748588650981 ] } },
{ "type": "Feature", "properties": { "出没月": "6月", "出没時間": "6時~7時", "通報者": "地域住民", "出没場所": "山林", "目撃者状況": null }, "geometry": { "type": "Point", "coordinates": [ 136.897602090376722, 36.277362204055898 ] } },
{ "type": "Feature", "properties": { "出没月": "6月", "出没時間": "13時~14時", "通報者": "地域住民", "出没場所": "山林", "目撃者状況": null }, "geometry": { "type": "Point", "coordinates": [ 136.907370707604002, 36.174258517939258 ] } },
{ "type": "Feature", "properties": { "出没月": "6月", "出没時間": "14時~15時", "通報者": "地域住民", "出没場所": "山林", "目撃者状況": null }, "geometry": { "type": "Point", "coordinates": [ 136.910702287905053, 36.150081642765791 ] } },
{ "type": "Feature", "properties": { "出没月": "6月", "出没時間": "16時~17時", "通報者": "地域住民", "出没場所": "山林", "目撃者状況": null }, "geometry": { "type": "Point", "coordinates": [ 136.901079121932611, 36.281074232695858 ] } },
{ "type": "Feature", "properties": { "出没月": "6月", "出没時間": "16時~17時", "通報者": "地域住民", "出没場所": "登山道", "目撃者状況": null }, "geometry": { "type": "Point", "coordinates": [ 136.900849031901799, 36.279169770157218 ] } },
{ "type": "Feature", "properties": { "出没月": "5月", "出没時間": "12時~13時", "通報者": "地域住民", "出没場所": "国・県・市道", "目撃者状況": null }, "geometry": { "type": "Point", "coordinates": [ 136.907686674867335, 36.171139594348773 ] } },
{ "type": "Feature", "properties": { "出没月": "6月", "出没時間": "16時~17時", "通報者": "地域住民", "出没場所": "山林", "目撃者状況": null }, "geometry": { "type": "Point", "coordinates": [ 136.905925842333033, 36.167461866714831 ] } },
{ "type": "Feature", "properties": { "出没月": "6月", "出没時間": "17時~18時", "通報者": "地域住民", "出没場所": "山林", "目撃者状況": null }, "geometry": { "type": "Point", "coordinates": [ 136.907506501526399, 36.173531016480098 ] } },
{ "type": "Feature", "properties": { "出没月": "6月", "出没時間": "8時~9時", "通報者": "地域住民", "出没場所": "山林", "目撃者状況": null }, "geometry": { "type": "Point", "coordinates": [ 136.901377560276842, 36.281288385571344 ] } },
{ "type": "Feature", "properties": { "出没月": "6月", "出没時間": "8時~9時", "通報者": "地域住民", "出没場所": "山林", "目撃者状況": null }, "geometry": { "type": "Point", "coordinates": [ 136.910670890493833, 36.150339009094864 ] } },
{ "type": "Feature", "properties": { "出没月": "6月", "出没時間": "8時~9時", "通報者": "地域住民", "出没場所": "山林", "目撃者状況": null }, "geometry": { "type": "Point", "coordinates": [ 136.906412992806224, 36.175611198683193 ] } },
{ "type": "Feature", "properties": { "出没月": "6月", "出没時間": "10時~11時", "通報者": "地域住民", "出没場所": "国・県・市道", "目撃者状況": null }, "geometry": { "type": "Point", "coordinates": [ 136.902809532560354, 36.174858616761973 ] } },
{ "type": "Feature", "properties": { "出没月": "6月", "出没時間": "16時~17時", "通報者": "地域住民", "出没場所": "国・県・市道", "目撃者状況": null }, "geometry": { "type": "Point", "coordinates": [ 136.903246692021725, 36.190797827336915 ] } },
{ "type": "Feature", "properties": { "出没月": "10月", "出没時間": "17時~18時", "通報者": "地域住民", "出没場所": "国・県・市道", "目撃者状況": null }, "geometry": { "type": "Point", "coordinates": [ 137.210672680591216, 35.882833800704148 ] } },
{ "type": "Feature", "properties": { "出没月": "6月", "出没時間": "13時~14時", "通報者": "地域住民", "出没場所": "山林", "目撃者状況": null }, "geometry": { "type": "Point", "coordinates": [ 136.903540941998102, 36.273097157163015 ] } },
{ "type": "Feature", "properties": { "出没月": "6月", "出没時間": "8時~9時", "通報者": "地域住民", "出没場所": "山林", "目撃者状況": null }, "geometry": { "type": "Point", "coordinates": [ 136.899570210468625, 36.181883780816676 ] } },
{ "type": "Feature", "properties": { "出没月": "6月", "出没時間": "8時~9時", "通報者": "地域住民", "出没場所": "山林", "目撃者状況": null }, "geometry": { "type": "Point", "coordinates": [ 136.906831345452417, 36.175585068692705 ] } },
{ "type": "Feature", "properties": { "出没月": "6月", "出没時間": "19時~20時", "通報者": "地域住民", "出没場所": "山林", "目撃者状況": null }, "geometry": { "type": "Point", "coordinates": [ 136.905972052238496, 36.177002739562234 ] } },
{ "type": "Feature", "properties": { "出没月": "6月", "出没時間": "8時~9時", "通報者": "地域住民", "出没場所": "山林", "目撃者状況": null }, "geometry": { "type": "Point", "coordinates": [ 136.906501342696316, 36.170323042514333 ] } },
{ "type": "Feature", "properties": { "出没月": "6月", "出没時間": "12時~13時", "通報者": "地域住民", "出没場所": "山林", "目撃者状況": null }, "geometry": { "type": "Point", "coordinates": [ 136.897456980321238, 36.274238381837435 ] } },
{ "type": "Feature", "properties": { "出没月": "10月", "出没時間": "7時~8時", "通報者": "地域住民", "出没場所": "その他", "目撃者状況": null }, "geometry": { "type": "Point", "coordinates": [ 137.202186348955962, 35.913981257638312 ] } },
{ "type": "Feature", "properties": { "出没月": "6月", "出没時間": "18時~19時", "通報者": "地域住民", "出没場所": "山林", "目撃者状況": null }, "geometry": { "type": "Point", "coordinates": [ 136.90641845348344, 36.178582102385469 ] } },
{ "type": "Feature", "properties": { "出没月": "7月", "出没時間": "14時~15時", "通報者": "地域住民", "出没場所": "国・県・市道", "目撃者状況": null }, "geometry": { "type": "Point", "coordinates": [ 136.910471159425157, 36.150245072545516 ] } },
{ "type": "Feature", "properties": { "出没月": "7月", "出没時間": "13時~14時", "通報者": "地域住民", "出没場所": "山林", "目撃者状況": null }, "geometry": { "type": "Point", "coordinates": [ 136.89486515373531, 36.274974948566424 ] } },
{ "type": "Feature", "properties": { "出没月": "7月", "出没時間": "13時~14時", "通報者": "地域住民", "出没場所": "山林", "目撃者状況": null }, "geometry": { "type": "Point", "coordinates": [ 136.897534908681337, 36.277071954198448 ] } },
{ "type": "Feature", "properties": { "出没月": "7月", "出没時間": "14時~15時", "通報者": "地域住民", "出没場所": "山林", "目撃者状況": null }, "geometry": { "type": "Point", "coordinates": [ 136.897656885752923, 36.27720742050181 ] } },
{ "type": "Feature", "properties": { "出没月": "7月", "出没時間": "16時~17時", "通報者": "地域住民", "出没場所": "国・県・市道", "目撃者状況": null }, "geometry": { "type": "Point", "coordinates": [ 136.901301108435888, 36.266053209234109 ] } },
{ "type": "Feature", "properties": { "出没月": "7月", "出没時間": "16時~17時", "通報者": "地域住民", "出没場所": "国・県・市道", "目撃者状況": null }, "geometry": { "type": "Point", "coordinates": [ 136.900941875392391, 36.178582465154065 ] } },
{ "type": "Feature", "properties": { "出没月": "7月", "出没時間": "13時~14時", "通報者": "地域住民", "出没場所": "山林", "目撃者状況": null }, "geometry": { "type": "Point", "coordinates": [ 136.908447040216316, 36.145626075502413 ] } },
{ "type": "Feature", "properties": { "出没月": "7月", "出没時間": "8時~9時", "通報者": "地域住民", "出没場所": "山林", "目撃者状況": null }, "geometry": { "type": "Point", "coordinates": [ 136.897639301695762, 36.27422189327018 ] } },
{ "type": "Feature", "properties": { "出没月": "7月", "出没時間": "9時~10時", "通報者": "地域住民", "出没場所": "山林", "目撃者状況": null }, "geometry": { "type": "Point", "coordinates": [ 136.905521971745372, 36.166905000205219 ] } },
{ "type": "Feature", "properties": { "出没月": "7月", "出没時間": "11時~12時", "通報者": "地域住民", "出没場所": "国・県・市道", "目撃者状況": null }, "geometry": { "type": "Point", "coordinates": [ 136.902808191130106, 36.272956971459088 ] } },
{ "type": "Feature", "properties": { "出没月": "7月", "出没時間": "14時~15時", "通報者": "地域住民", "出没場所": "山林", "目撃者状況": null }, "geometry": { "type": "Point", "coordinates": [ 136.911112039576409, 36.150951708144753 ] } },
{ "type": "Feature", "properties": { "出没月": "7月", "出没時間": "18時~19時", "通報者": "地域住民", "出没場所": "国・県・市道", "目撃者状況": null }, "geometry": { "type": "Point", "coordinates": [ 136.907574116288401, 36.17494112638196 ] } },
{ "type": "Feature", "properties": { "出没月": "7月", "出没時間": "9時~10時", "通報者": "地域住民", "出没場所": "山林", "目撃者状況": null }, "geometry": { "type": "Point", "coordinates": [ 136.904980478037089, 36.167206878731832 ] } },
{ "type": "Feature", "properties": { "出没月": "7月", "出没時間": "15時~16時", "通報者": "地域住民", "出没場所": "山林", "目撃者状況": null }, "geometry": { "type": "Point", "coordinates": [ 136.902168857836386, 36.265745316120139 ] } },
{ "type": "Feature", "properties": { "出没月": "7月", "出没時間": "16時~17時", "通報者": "地域住民", "出没場所": "国・県・市道", "目撃者状況": null }, "geometry": { "type": "Point", "coordinates": [ 136.899233395825092, 36.190209284498749 ] } },
{ "type": "Feature", "properties": { "出没月": "7月", "出没時間": "14時~15時", "通報者": "登山者", "出没場所": "その他", "目撃者状況": null }, "geometry": { "type": "Point", "coordinates": [ 136.903414664858246, 36.261806648169909 ] } },
{ "type": "Feature", "properties": { "出没月": "8月", "出没時間": "12時~13時", "通報者": "地域住民", "出没場所": "山林", "目撃者状況": null }, "geometry": { "type": "Point", "coordinates": [ 136.907394518159578, 36.177153978196642 ] } },
{ "type": "Feature", "properties": { "出没月": "8月", "出没時間": "12時~13時", "通報者": "地域住民", "出没場所": "その他", "目撃者状況": null }, "geometry": { "type": "Point", "coordinates": [ 136.903842446227657, 36.261802519216772 ] } },
{ "type": "Feature", "properties": { "出没月": "8月", "出没時間": "12時~13時", "通報者": "地域住民", "出没場所": "その他", "目撃者状況": null }, "geometry": { "type": "Point", "coordinates": [ 136.900832445012696, 36.180740820346962 ] } },
{ "type": "Feature", "properties": { "出没月": "8月", "出没時間": "11時~12時", "通報者": "地域住民", "出没場所": "国・県・市道", "目撃者状況": null }, "geometry": { "type": "Point", "coordinates": [ 136.90136161006015, 36.174235776630979 ] } },
{ "type": "Feature", "properties": { "出没月": "8月", "出没時間": "7時~8時", "通報者": "地域住民", "出没場所": "その他", "目撃者状況": null }, "geometry": { "type": "Point", "coordinates": [ 136.900652778358108, 36.180447500825139 ] } },
{ "type": "Feature", "properties": { "出没月": "8月", "出没時間": "14時~15時", "通報者": "地域住民", "出没場所": "国・県・市道", "目撃者状況": null }, "geometry": { "type": "Point", "coordinates": [ 136.908157787397784, 36.146361136302204 ] } },
{ "type": "Feature", "properties": { "出没月": "8月", "出没時間": "14時~15時", "通報者": "地域住民", "出没場所": "国・県・市道", "目撃者状況": null }, "geometry": { "type": "Point", "coordinates": [ 136.897540286526265, 36.188462052783557 ] } },
{ "type": "Feature", "properties": { "出没月": "8月", "出没時間": "8時~9時", "通報者": "地域住民", "出没場所": "その他", "目撃者状況": null }, "geometry": { "type": "Point", "coordinates": [ 136.906521465986373, 36.174324272751171 ] } },
{ "type": "Feature", "properties": { "出没月": "8月", "出没時間": "16時~17時", "通報者": "地域住民", "出没場所": "山林", "目撃者状況": null }, "geometry": { "type": "Point", "coordinates": [ 136.906971632652926, 36.176866900866706 ] } },
{ "type": "Feature", "properties": { "出没月": "8月", "出没時間": "17時~18時", "通報者": "地域住民", "出没場所": "その他", "目撃者状況": null }, "geometry": { "type": "Point", "coordinates": [ 136.902855497020511, 36.171095248224169 ] } },
{ "type": "Feature", "properties": { "出没月": "8月", "出没時間": "11時~12時", "通報者": "地域住民", "出没場所": "その他", "目撃者状況": null }, "geometry": { "type": "Point", "coordinates": [ 136.906477748479432, 36.264053879878361 ] } },
{ "type": "Feature", "properties": { "出没月": "9月", "出没時間": "11時~12時", "通報者": "地域住民", "出没場所": "山林", "目撃者状況": null }, "geometry": { "type": "Point", "coordinates": [ 136.906401572608047, 36.264371415771961 ] } },
{ "type": "Feature", "properties": { "出没月": "10月", "出没時間": "10時~11時", "通報者": "地域住民", "出没場所": "山林", "目撃者状況": null }, "geometry": { "type": "Point", "coordinates": [ 136.906301925860987, 36.264215727888129 ] } },
{ "type": "Feature", "properties": { "出没月": "6月", "出没時間": "13時~14時", "通報者": "地域住民", "出没場所": "山林", "目撃者状況": null }, "geometry": { "type": "Point", "coordinates": [ 136.906114244504352, 36.264178141344082 ] } },
{ "type": "Feature", "properties": { "出没月": "7月", "出没時間": "17時~18時", "通報者": "地域住民", "出没場所": "その他", "目撃者状況": null }, "geometry": { "type": "Point", "coordinates": [ 136.903943089240016, 36.282734123077496 ] } },
{ "type": "Feature", "properties": { "出没月": "7月", "出没時間": "14時~15時", "通報者": "地域住民", "出没場所": "その他", "目撃者状況": null }, "geometry": { "type": "Point", "coordinates": [ 136.898854716791703, 36.190295469043846 ] } },
{ "type": "Feature", "properties": { "出没月": "8月", "出没時間": "9時~10時", "通報者": "建設業関係者", "出没場所": "その他", "目撃者状況": null }, "geometry": { "type": "Point", "coordinates": [ 136.905237458287132, 36.283273783773048 ] } },
{ "type": "Feature", "properties": { "出没月": "5月", "出没時間": "9時~10時", "通報者": "地域住民", "出没場所": "河川敷", "目撃者状況": null }, "geometry": { "type": "Point", "coordinates": [ 136.896818691164071, 36.254123729789654 ] } },
{ "type": "Feature", "properties": { "出没月": "10月", "出没時間": "13時~14時", "通報者": "地域住民", "出没場所": "河川敷", "目撃者状況": null }, "geometry": { "type": "Point", "coordinates": [ 137.294955666046747, 35.931184175352371 ] } },
{ "type": "Feature", "properties": { "出没月": "10月", "出没時間": "15時~16時", "通報者": "その他", "出没場所": "国・県・市道", "目撃者状況": null }, "geometry": { "type": "Point", "coordinates": [ 137.307389339864471, 35.924087449945326 ] } },
{ "type": "Feature", "properties": { "出没月": "4月", "出没時間": "9時~10時", "通報者": "地域住民", "出没場所": "山林", "目撃者状況": null }, "geometry": { "type": "Point", "coordinates": [ 136.907981533109535, 36.263542566439632 ] } },
{ "type": "Feature", "properties": { "出没月": "4月", "出没時間": "9時~10時", "通報者": "地域住民", "出没場所": "国・県・市道", "目撃者状況": null }, "geometry": { "type": "Point", "coordinates": [ 136.909155722845668, 36.261828158806935 ] } },
{ "type": "Feature", "properties": { "出没月": "5月", "出没時間": "11時~12時", "通報者": "地域住民", "出没場所": "国・県・市道", "目撃者状況": null }, "geometry": { "type": "Point", "coordinates": [ 136.907497856253713, 36.262145659694276 ] } },
{ "type": "Feature", "properties": { "出没月": "5月", "出没時間": "13時~14時", "通報者": "その他", "出没場所": "その他", "目撃者状況": null }, "geometry": { "type": "Point", "coordinates": [ 136.908976582058784, 36.260462331118411 ] } },
{ "type": "Feature", "properties": { "出没月": "6月", "出没時間": "16時~17時", "通報者": "地域住民", "出没場所": "山林", "目撃者状況": null }, "geometry": { "type": "Point", "coordinates": [ 136.908839256420578, 36.146746220657143 ] } },
{ "type": "Feature", "properties": { "出没月": "7月", "出没時間": "9時~10時", "通報者": "地域住民", "出没場所": "その他", "目撃者状況": null }, "geometry": { "type": "Point", "coordinates": [ 136.903564909376399, 36.171906284758052 ] } },
{ "type": "Feature", "properties": { "出没月": "7月", "出没時間": "11時~12時", "通報者": "地域住民", "出没場所": "その他", "目撃者状況": null }, "geometry": { "type": "Point", "coordinates": [ 136.905727993099163, 36.170770880056246 ] } },
{ "type": "Feature", "properties": { "出没月": "7月", "出没時間": "10時~11時", "通報者": "地域住民", "出没場所": "その他", "目撃者状況": null }, "geometry": { "type": "Point", "coordinates": [ 136.901951243323879, 36.17409963419481 ] } },
{ "type": "Feature", "properties": { "出没月": "8月", "出没時間": "7時~8時", "通報者": "その他", "出没場所": "その他", "目撃者状況": null }, "geometry": { "type": "Point", "coordinates": [ 136.904680890159426, 36.176439991359715 ] } },
{ "type": "Feature", "properties": { "出没月": "8月", "出没時間": "9時~10時", "通報者": "地域住民", "出没場所": "その他", "目撃者状況": null }, "geometry": { "type": "Point", "coordinates": [ 136.907915751230121, 36.265139381655885 ] } },
{ "type": "Feature", "properties": { "出没月": "9月", "出没時間": "11時~12時", "通報者": "地域住民", "出没場所": "山林", "目撃者状況": null }, "geometry": { "type": "Point", "coordinates": [ 136.905981508687603, 36.175826007009626 ] } },
{ "type": "Feature", "properties": { "出没月": "10月", "出没時間": "6時~7時", "通報者": "地域住民", "出没場所": "農地", "目撃者状況": null }, "geometry": { "type": "Point", "coordinates": [ 137.347731108683888, 35.660057294772784 ] } },
{ "type": "Feature", "properties": { "出没月": "10月", "出没時間": "7時~8時", "通報者": "地域住民", "出没場所": "その他", "目撃者状況": null }, "geometry": { "type": "Point", "coordinates": [ 136.909018808503731, 36.260100219379368 ] } },
{ "type": "Feature", "properties": { "出没月": "10月", "出没時間": "14時~15時", "通報者": "地域住民", "出没場所": "国・県・市道", "目撃者状況": null }, "geometry": { "type": "Point", "coordinates": [ 136.88255666184827, 36.340378282727478 ] } },
{ "type": "Feature", "properties": { "出没月": "10月", "出没時間": "10時~11時", "通報者": "地域住民", "出没場所": "国・県・市道", "目撃者状況": null }, "geometry": { "type": "Point", "coordinates": [ 136.910897608600067, 36.148325091237496 ] } },
{ "type": "Feature", "properties": { "出没月": "10月", "出没時間": "21時~22時", "通報者": "地域住民", "出没場所": "国・県・市道", "目撃者状況": null }, "geometry": { "type": "Point", "coordinates": [ 136.900972248901809, 36.174113802147808 ] } },
{ "type": "Feature", "properties": { "出没月": "10月", "出没時間": "17時~18時", "通報者": "地域住民", "出没場所": "山林", "目撃者状況": null }, "geometry": { "type": "Point", "coordinates": [ 137.436215150265554, 35.556162117124849 ] } },
{ "type": "Feature", "properties": { "出没月": "10月", "出没時間": "7時~8時", "通報者": "地域住民", "出没場所": "国・県・市道", "目撃者状況": null }, "geometry": { "type": "Point", "coordinates": [ 137.455790863951648, 35.569782901407372 ] } },
{ "type": "Feature", "properties": { "出没月": "10月", "出没時間": "3時~4時", "通報者": "地域住民", "出没場所": "その他", "目撃者状況": null }, "geometry": { "type": "Point", "coordinates": [ 137.324696430908688, 35.449998901725472 ] } },
{ "type": "Feature", "properties": { "出没月": "10月", "出没時間": "4時~5時", "通報者": "地域住民", "出没場所": "住宅地", "目撃者状況": null }, "geometry": { "type": "Point", "coordinates": [ 137.366806000636871, 36.174891955708084 ] } },
{ "type": "Feature", "properties": { "出没月": "10月", "出没時間": "14時~15時", "通報者": "地域住民", "出没場所": "住宅地", "目撃者状況": null }, "geometry": { "type": "Point", "coordinates": [ 136.937219062266195, 36.022724136671492 ] } },
{ "type": "Feature", "properties": { "出没月": "10月", "出没時間": "18時~19時", "通報者": "地域住民", "出没場所": "国・県・市道", "目撃者状況": null }, "geometry": { "type": "Point", "coordinates": [ 137.260469999682783, 36.180858386010144 ] } },
{ "type": "Feature", "properties": { "出没月": "10月", "出没時間": "19時~20時", "通報者": "地域住民", "出没場所": "国・県・市道", "目撃者状況": null }, "geometry": { "type": "Point", "coordinates": [ 137.37075391279572, 36.295330996142816 ] } },
{ "type": "Feature", "properties": { "出没月": "10月", "出没時間": "22時~23時", "通報者": "その他", "出没場所": "その他", "目撃者状況": null }, "geometry": { "type": "Point", "coordinates": [ 136.882548654961113, 36.217417964447144 ] } },
{ "type": "Feature", "properties": { "出没月": "10月", "出没時間": "6時~7時", "通報者": "地域住民", "出没場所": "河川敷", "目撃者状況": null }, "geometry": { "type": "Point", "coordinates": [ 136.947411557001345, 36.048689852560003 ] } },
{ "type": "Feature", "properties": { "出没月": "10月", "出没時間": "7時~8時", "通報者": "地域住民", "出没場所": "国・県・市道", "目撃者状況": null }, "geometry": { "type": "Point", "coordinates": [ 137.419366903922139, 36.175584005070078 ] } },
{ "type": "Feature", "properties": { "出没月": "10月", "出没時間": "7時~8時", "通報者": "地域住民", "出没場所": "住宅地", "目撃者状況": null }, "geometry": { "type": "Point", "coordinates": [ 136.941581197604563, 36.036502841627772 ] } },
{ "type": "Feature", "properties": { "出没月": "10月", "出没時間": "7時~8時", "通報者": "地域住民", "出没場所": "国・県・市道", "目撃者状況": null }, "geometry": { "type": "Point", "coordinates": [ 137.228088126661618, 36.222530398187111 ] } },
{ "type": "Feature", "properties": { "出没月": "10月", "出没時間": "6時~7時", "通報者": "地域住民", "出没場所": "山林", "目撃者状況": null }, "geometry": { "type": "Point", "coordinates": [ 137.351822689483356, 36.093817454960302 ] } },
{ "type": "Feature", "properties": { "出没月": "10月", "出没時間": "9時~10時", "通報者": "地域住民", "出没場所": "国・県・市道", "目撃者状況": null }, "geometry": { "type": "Point", "coordinates": [ 137.339385425585903, 36.298167625539023 ] } },
{ "type": "Feature", "properties": { "出没月": "10月", "出没時間": "21時~22時", "通報者": "地域住民", "出没場所": "住宅地", "目撃者状況": null }, "geometry": { "type": "Point", "coordinates": [ 137.288014482421403, 36.17830043001662 ] } },
{ "type": "Feature", "properties": { "出没月": "10月", "出没時間": "9時~10時", "通報者": "その他", "出没場所": "その他", "目撃者状況": null }, "geometry": { "type": "Point", "coordinates": [ 137.351359998630755, 35.993839707045126 ] } },
{ "type": "Feature", "properties": { "出没月": "10月", "出没時間": "16時~17時", "通報者": "地域住民", "出没場所": "住宅地", "目撃者状況": null }, "geometry": { "type": "Point", "coordinates": [ 136.961412186310582, 36.0283296802439 ] } },
{ "type": "Feature", "properties": { "出没月": "10月", "出没時間": "17時~18時", "通報者": "地域住民", "出没場所": "住宅地", "目撃者状況": null }, "geometry": { "type": "Point", "coordinates": [ 137.260116016599824, 36.220948187476871 ] } },
{ "type": "Feature", "properties": { "出没月": "10月", "出没時間": "18時~19時", "通報者": "地域住民", "出没場所": "住宅地", "目撃者状況": null }, "geometry": { "type": "Point", "coordinates": [ 137.389425282993386, 36.019124713405709 ] } },
{ "type": "Feature", "properties": { "出没月": "10月", "出没時間": "18時~19時", "通報者": "地域住民", "出没場所": "国・県・市道", "目撃者状況": null }, "geometry": { "type": "Point", "coordinates": [ 137.290831485409768, 36.180190263724519 ] } },
{ "type": "Feature", "properties": { "出没月": "10月", "出没時間": "8時~9時", "通報者": "地域住民", "出没場所": "住宅地", "目撃者状況": null }, "geometry": { "type": "Point", "coordinates": [ 137.360153963853008, 36.286883924664934 ] } },
{ "type": "Feature", "properties": { "出没月": "10月", "出没時間": "9時~10時", "通報者": "地域住民", "出没場所": "住宅地", "目撃者状況": null }, "geometry": { "type": "Point", "coordinates": [ 137.374742536323737, 36.177242073766685 ] } },
{ "type": "Feature", "properties": { "出没月": "10月", "出没時間": "9時~10時", "通報者": "地域住民", "出没場所": "住宅地", "目撃者状況": null }, "geometry": { "type": "Point", "coordinates": [ 136.951345796186473, 36.045999235301693 ] } },
{ "type": "Feature", "properties": { "出没月": "10月", "出没時間": "14時~15時", "通報者": "地域住民", "出没場所": "河川敷", "目撃者状況": null }, "geometry": { "type": "Point", "coordinates": [ 137.381817535828077, 36.078939697116915 ] } },
{ "type": "Feature", "properties": { "出没月": "10月", "出没時間": "20時~21時", "通報者": "その他", "出没場所": "国・県・市道", "目撃者状況": null }, "geometry": { "type": "Point", "coordinates": [ 137.563671297629611, 36.262685198294179 ] } },
{ "type": "Feature", "properties": { "出没月": "10月", "出没時間": "8時~9時", "通報者": "地域住民", "出没場所": "住宅地", "目撃者状況": null }, "geometry": { "type": "Point", "coordinates": [ 136.951419219868541, 36.045782488188969 ] } },
{ "type": "Feature", "properties": { "出没月": "10月", "出没時間": "6時~7時", "通報者": "地域住民", "出没場所": "住宅地", "目撃者状況": null }, "geometry": { "type": "Point", "coordinates": [ 137.353284436817177, 36.172140056735785 ] } },
{ "type": "Feature", "properties": { "出没月": "10月", "出没時間": "10時~11時", "通報者": "地域住民", "出没場所": "国・県・市道", "目撃者状況": null }, "geometry": { "type": "Point", "coordinates": [ 137.284437187967484, 36.151587826084111 ] } },
{ "type": "Feature", "properties": { "出没月": "10月", "出没時間": "16時~17時", "通報者": "地域住民", "出没場所": "住宅地", "目撃者状況": null }, "geometry": { "type": "Point", "coordinates": [ 137.327698042544853, 36.091442990746131 ] } },
{ "type": "Feature", "properties": { "出没月": "10月", "出没時間": "6時~7時", "通報者": "地域住民", "出没場所": "住宅地", "目撃者状況": null }, "geometry": { "type": "Point", "coordinates": [ 137.23290230774424, 36.138975393103365 ] } },
{ "type": "Feature", "properties": { "出没月": "10月", "出没時間": "16時~17時", "通報者": "捕獲従事者", "出没場所": "国・県・市道", "目撃者状況": null }, "geometry": { "type": "Point", "coordinates": [ 136.929266416164097, 35.572770703430855 ] } },
{ "type": "Feature", "properties": { "出没月": "10月", "出没時間": "8時~9時", "通報者": "地域住民", "出没場所": "住宅地", "目撃者状況": null }, "geometry": { "type": "Point", "coordinates": [ 137.40481824036442, 36.270181465151367 ] } },
{ "type": "Feature", "properties": { "出没月": "10月", "出没時間": "9時~10時", "通報者": "地域住民", "出没場所": "国・県・市道", "目撃者状況": null }, "geometry": { "type": "Point", "coordinates": [ 137.228120794524301, 36.132659805015187 ] } },
{ "type": "Feature", "properties": { "出没月": "10月", "出没時間": "11時~12時", "通報者": "地域住民", "出没場所": "河川敷", "目撃者状況": null }, "geometry": { "type": "Point", "coordinates": [ 136.950009165681763, 36.047249654283789 ] } },
{ "type": "Feature", "properties": { "出没月": "10月", "出没時間": "16時~17時", "通報者": "地域住民", "出没場所": "農地", "目撃者状況": null }, "geometry": { "type": "Point", "coordinates": [ 137.351444566595006, 36.208173256409438 ] } },
{ "type": "Feature", "properties": { "出没月": "10月", "出没時間": "15時~16時", "通報者": "地域住民", "出没場所": "住宅地", "目撃者状況": null }, "geometry": { "type": "Point", "coordinates": [ 137.225670172705094, 36.232699849197992 ] } },
{ "type": "Feature", "properties": { "出没月": "10月", "出没時間": "17時~18時", "通報者": "地域住民", "出没場所": "農地", "目撃者状況": null }, "geometry": { "type": "Point", "coordinates": [ 137.034410869110275, 36.062658765254554 ] } },
{ "type": "Feature", "properties": { "出没月": "10月", "出没時間": "16時~17時", "通報者": "地域住民", "出没場所": "住宅地", "目撃者状況": null }, "geometry": { "type": "Point", "coordinates": [ 137.213400919447253, 36.196521234725509 ] } },
{ "type": "Feature", "properties": { "出没月": "10月", "出没時間": "17時~18時", "通報者": "地域住民", "出没場所": "住宅地", "目撃者状況": null }, "geometry": { "type": "Point", "coordinates": [ 137.228096118628486, 36.138420272771967 ] } },
{ "type": "Feature", "properties": { "出没月": "10月", "出没時間": "18時~19時", "通報者": "地域住民", "出没場所": "住宅地", "目撃者状況": null }, "geometry": { "type": "Point", "coordinates": [ 137.305353584768824, 36.180592860583275 ] } },
{ "type": "Feature", "properties": { "出没月": "10月", "出没時間": "9時~10時", "通報者": "地域住民", "出没場所": "国・県・市道", "目撃者状況": null }, "geometry": { "type": "Point", "coordinates": [ 137.287840184151918, 36.153541942239492 ] } },
{ "type": "Feature", "properties": { "出没月": "10月", "出没時間": "8時~9時", "通報者": "地域住民", "出没場所": "住宅地", "目撃者状況": null }, "geometry": { "type": "Point", "coordinates": [ 136.952778724720673, 36.04452026274484 ] } },
{ "type": "Feature", "properties": { "出没月": "10月", "出没時間": "4時~5時", "通報者": "地域住民", "出没場所": "国・県・市道", "目撃者状況": null }, "geometry": { "type": "Point", "coordinates": [ 137.430583421190391, 36.264092185077871 ] } },
{ "type": "Feature", "properties": { "出没月": "10月", "出没時間": "9時~10時", "通報者": "地域住民", "出没場所": "国・県・市道", "目撃者状況": null }, "geometry": { "type": "Point", "coordinates": [ 137.389379719893867, 36.180302674433449 ] } },
{ "type": "Feature", "properties": { "出没月": "10月", "出没時間": "11時~12時", "通報者": "地域住民", "出没場所": "住宅地", "目撃者状況": null }, "geometry": { "type": "Point", "coordinates": [ 137.385353400384929, 36.175395222085399 ] } },
{ "type": "Feature", "properties": { "出没月": "10月", "出没時間": "14時~15時", "通報者": "地域住民", "出没場所": "農地", "目撃者状況": null }, "geometry": { "type": "Point", "coordinates": [ 137.358274221566887, 36.212639678916105 ] } },
{ "type": "Feature", "properties": { "出没月": "10月", "出没時間": "17時~18時", "通報者": "地域住民", "出没場所": "国・県・市道", "目撃者状況": null }, "geometry": { "type": "Point", "coordinates": [ 137.348420063204912, 36.176211822034887 ] } },
{ "type": "Feature", "properties": { "出没月": "10月", "出没時間": "17時~18時", "通報者": "地域住民", "出没場所": "住宅地", "目撃者状況": null }, "geometry": { "type": "Point", "coordinates": [ 137.210011518242595, 36.194041133943024 ] } },
{ "type": "Feature", "properties": { "出没月": "10月", "出没時間": "18時~19時", "通報者": "地域住民", "出没場所": "住宅地", "目撃者状況": null }, "geometry": { "type": "Point", "coordinates": [ 137.351648436518957, 36.138203051017506 ] } },
{ "type": "Feature", "properties": { "出没月": "10月", "出没時間": "19時~20時", "通報者": "地域住民", "出没場所": "住宅地", "目撃者状況": null }, "geometry": { "type": "Point", "coordinates": [ 137.332916246013042, 36.1863936438466 ] } },
{ "type": "Feature", "properties": { "出没月": "10月", "出没時間": "6時~7時", "通報者": "地域住民", "出没場所": "農地", "目撃者状況": null }, "geometry": { "type": "Point", "coordinates": [ 137.358363563590842, 36.211934839356154 ] } },
{ "type": "Feature", "properties": { "出没月": "10月", "出没時間": "8時~9時", "通報者": "地域住民", "出没場所": "国・県・市道", "目撃者状況": null }, "geometry": { "type": "Point", "coordinates": [ 137.38897399173203, 36.180322581011815 ] } },
{ "type": "Feature", "properties": { "出没月": "10月", "出没時間": "15時~16時", "通報者": "地域住民", "出没場所": "国・県・市道", "目撃者状況": null }, "geometry": { "type": "Point", "coordinates": [ 137.331025922389841, 36.190944410754106 ] } },
{ "type": "Feature", "properties": { "出没月": "10月", "出没時間": "18時~19時", "通報者": "地域住民", "出没場所": "住宅地", "目撃者状況": null }, "geometry": { "type": "Point", "coordinates": [ 137.252424742329197, 36.087976659621262 ] } },
{ "type": "Feature", "properties": { "出没月": "10月", "出没時間": "6時~7時", "通報者": "地域住民", "出没場所": "住宅地", "目撃者状況": null }, "geometry": { "type": "Point", "coordinates": [ 137.357826476434212, 36.211175234407271 ] } },
{ "type": "Feature", "properties": { "出没月": "10月", "出没時間": "11時~12時", "通報者": "その他", "出没場所": "その他", "目撃者状況": null }, "geometry": { "type": "Point", "coordinates": [ 136.961429982012334, 36.005420420150728 ] } },
{ "type": "Feature", "properties": { "出没月": "10月", "出没時間": "19時~20時", "通報者": "地域住民", "出没場所": "住宅地", "目撃者状況": null }, "geometry": { "type": "Point", "coordinates": [ 137.290799536980899, 36.179318292591418 ] } },
{ "type": "Feature", "properties": { "出没月": "10月", "出没時間": "7時~8時", "通報者": "地域住民", "出没場所": "農地", "目撃者状況": null }, "geometry": { "type": "Point", "coordinates": [ 137.30818471735742, 36.175767049466515 ] } },
{ "type": "Feature", "properties": { "出没月": "10月", "出没時間": "13時~14時", "通報者": "地域住民", "出没場所": "住宅地", "目撃者状況": null }, "geometry": { "type": "Point", "coordinates": [ 137.061929218784798, 36.169246809855935 ] } },
{ "type": "Feature", "properties": { "出没月": "10月", "出没時間": "16時~17時", "通報者": "地域住民", "出没場所": "山林", "目撃者状況": null }, "geometry": { "type": "Point", "coordinates": [ 137.352788750075717, 36.293757162393206 ] } },
{ "type": "Feature", "properties": { "出没月": "10月", "出没時間": "8時~9時", "通報者": "地域住民", "出没場所": "住宅地", "目撃者状況": null }, "geometry": { "type": "Point", "coordinates": [ 137.404004976767112, 36.270388123418243 ] } },
{ "type": "Feature", "properties": { "出没月": "10月", "出没時間": "10時~11時", "通報者": "その他", "出没場所": "国・県・市道", "目撃者状況": null }, "geometry": { "type": "Point", "coordinates": [ 136.942809404453868, 36.057857285348092 ] } },
{ "type": "Feature", "properties": { "出没月": "10月", "出没時間": "13時~14時", "通報者": "その他", "出没場所": "その他", "目撃者状況": null }, "geometry": { "type": "Point", "coordinates": [ 137.262148678164891, 36.138413740371284 ] } },
{ "type": "Feature", "properties": { "出没月": "10月", "出没時間": "16時~17時", "通報者": "地域住民", "出没場所": "農地", "目撃者状況": null }, "geometry": { "type": "Point", "coordinates": [ 137.308261910089328, 36.175419959083527 ] } },
{ "type": "Feature", "properties": { "出没月": "10月", "出没時間": "20時~21時", "通報者": "地域住民", "出没場所": "住宅地", "目撃者状況": null }, "geometry": { "type": "Point", "coordinates": [ 137.289525143787927, 36.146769767749454 ] } },
{ "type": "Feature", "properties": { "出没月": "10月", "出没時間": "8時~9時", "通報者": "地域住民", "出没場所": "国・県・市道", "目撃者状況": null }, "geometry": { "type": "Point", "coordinates": [ 137.420913674434161, 36.174342576406779 ] } },
{ "type": "Feature", "properties": { "出没月": "10月", "出没時間": "17時~18時", "通報者": "地域住民", "出没場所": "住宅地", "目撃者状況": null }, "geometry": { "type": "Point", "coordinates": [ 137.23561789149673, 36.152686602726732 ] } },
{ "type": "Feature", "properties": { "出没月": "10月", "出没時間": "17時~18時", "通報者": "地域住民", "出没場所": "住宅地", "目撃者状況": null }, "geometry": { "type": "Point", "coordinates": [ 137.315607484161262, 36.171124253027109 ] } },
{ "type": "Feature", "properties": { "出没月": "10月", "出没時間": "7時~8時", "通報者": "地域住民", "出没場所": "国・県・市道", "目撃者状況": null }, "geometry": { "type": "Point", "coordinates": [ 137.349829734382268, 36.137649855608849 ] } },
{ "type": "Feature", "properties": { "出没月": "10月", "出没時間": "8時~9時", "通報者": "地域住民", "出没場所": "農地", "目撃者状況": null }, "geometry": { "type": "Point", "coordinates": [ 137.261944463833629, 36.194060634163868 ] } },
{ "type": "Feature", "properties": { "出没月": "10月", "出没時間": "17時~18時", "通報者": "地域住民", "出没場所": "住宅地", "目撃者状況": null }, "geometry": { "type": "Point", "coordinates": [ 137.307342971010428, 36.17673918837167 ] } },
{ "type": "Feature", "properties": { "出没月": "10月", "出没時間": "23時~24時", "通報者": "地域住民", "出没場所": "住宅地", "目撃者状況": null }, "geometry": { "type": "Point", "coordinates": [ 137.237825957729427, 36.171080266474696 ] } },
{ "type": "Feature", "properties": { "出没月": "10月", "出没時間": "8時~9時", "通報者": "地域住民", "出没場所": "住宅地", "目撃者状況": null }, "geometry": { "type": "Point", "coordinates": [ 137.459485438385173, 36.176259832364735 ] } },
{ "type": "Feature", "properties": { "出没月": "10月", "出没時間": "21時~22時", "通報者": "地域住民", "出没場所": "住宅地", "目撃者状況": null }, "geometry": { "type": "Point", "coordinates": [ 137.267586245837322, 36.166510705290086 ] } },
{ "type": "Feature", "properties": { "出没月": "10月", "出没時間": "7時~8時", "通報者": "その他", "出没場所": "住宅地", "目撃者状況": null }, "geometry": { "type": "Point", "coordinates": [ 137.524217561452105, 36.247566180755975 ] } },
{ "type": "Feature", "properties": { "出没月": "10月", "出没時間": "5時~6時", "通報者": "地域住民", "出没場所": "農地", "目撃者状況": null }, "geometry": { "type": "Point", "coordinates": [ 137.266211350512975, 36.167018836492034 ] } },
{ "type": "Feature", "properties": { "出没月": "10月", "出没時間": "11時~12時", "通報者": "地域住民", "出没場所": "国・県・市道", "目撃者状況": null }, "geometry": { "type": "Point", "coordinates": [ 137.368248883887105, 36.174273837158779 ] } },
{ "type": "Feature", "properties": { "出没月": "10月", "出没時間": "16時~17時", "通報者": "地域住民", "出没場所": "住宅地", "目撃者状況": null }, "geometry": { "type": "Point", "coordinates": [ 137.321826063758635, 36.173850101872397 ] } },
{ "type": "Feature", "properties": { "出没月": "10月", "出没時間": "16時~17時", "通報者": "地域住民", "出没場所": "農地", "目撃者状況": null }, "geometry": { "type": "Point", "coordinates": [ 137.257348009472196, 36.174775348183729 ] } },
{ "type": "Feature", "properties": { "出没月": "10月", "出没時間": "9時~10時", "通報者": "地域住民", "出没場所": "住宅地", "目撃者状況": null }, "geometry": { "type": "Point", "coordinates": [ 137.264061997649662, 36.128907955297592 ] } },
{ "type": "Feature", "properties": { "出没月": "10月", "出没時間": "7時~8時", "通報者": "地域住民", "出没場所": "住宅地", "目撃者状況": null }, "geometry": { "type": "Point", "coordinates": [ 137.367964240063827, 36.174358812521668 ] } },
{ "type": "Feature", "properties": { "出没月": "10月", "出没時間": "14時~15時", "通報者": "地域住民", "出没場所": "住宅地", "目撃者状況": null }, "geometry": { "type": "Point", "coordinates": [ 137.527011186394418, 35.527127183323842 ] } },
{ "type": "Feature", "properties": { "出没月": "10月", "出没時間": "6時~7時", "通報者": "地域住民", "出没場所": "農地", "目撃者状況": null }, "geometry": { "type": "Point", "coordinates": [ 137.534196228673522, 35.499423562864614 ] } },
{ "type": "Feature", "properties": { "出没月": "10月", "出没時間": "10時~11時", "通報者": "地域住民", "出没場所": "山林", "目撃者状況": null }, "geometry": { "type": "Point", "coordinates": [ 137.458569983677791, 35.506158245571498 ] } },
{ "type": "Feature", "properties": { "出没月": "10月", "出没時間": "8時~9時", "通報者": "地域住民", "出没場所": "国・県・市道", "目撃者状況": null }, "geometry": { "type": "Point", "coordinates": [ 137.465750835547311, 35.466639751619127 ] } },
{ "type": "Feature", "properties": { "出没月": "10月", "出没時間": "12時~13時", "通報者": "地域住民", "出没場所": "山林", "目撃者状況": null }, "geometry": { "type": "Point", "coordinates": [ 137.515129023499242, 35.522266990087644 ] } },
{ "type": "Feature", "properties": { "出没月": "9月", "出没時間": "18時~19時", "通報者": "地域住民", "出没場所": "山林", "目撃者状況": null }, "geometry": { "type": "Point", "coordinates": [ 137.412034037479771, 35.485726353842502 ] } },
{ "type": "Feature", "properties": { "出没月": "9月", "出没時間": "18時~19時", "通報者": "地域住民", "出没場所": "河川敷", "目撃者状況": null }, "geometry": { "type": "Point", "coordinates": [ 137.461471326531466, 35.418791944752456 ] } },
{ "type": "Feature", "properties": { "出没月": "9月", "出没時間": "4時~5時", "通報者": "地域住民", "出没場所": "住宅地", "目撃者状況": null }, "geometry": { "type": "Point", "coordinates": [ 137.472818340420787, 35.521288299291157 ] } },
{ "type": "Feature", "properties": { "出没月": "9月", "出没時間": "16時~17時", "通報者": "地域住民", "出没場所": "山林", "目撃者状況": null }, "geometry": { "type": "Point", "coordinates": [ 137.529542515995388, 35.538333178316812 ] } },
{ "type": "Feature", "properties": { "出没月": "9月", "出没時間": "8時~9時", "通報者": "地域住民", "出没場所": "山林", "目撃者状況": null }, "geometry": { "type": "Point", "coordinates": [ 137.458985624064724, 35.400945901484292 ] } },
{ "type": "Feature", "properties": { "出没月": "9月", "出没時間": "3時~4時", "通報者": "地域住民", "出没場所": "住宅地", "目撃者状況": null }, "geometry": { "type": "Point", "coordinates": [ 137.491019734253257, 35.503128123952209 ] } },
{ "type": "Feature", "properties": { "出没月": "9月", "出没時間": "7時~8時", "通報者": "地域住民", "出没場所": "農地", "目撃者状況": null }, "geometry": { "type": "Point", "coordinates": [ 137.464972327933225, 35.392641107371283 ] } },
{ "type": "Feature", "properties": { "出没月": "8月", "出没時間": "6時~7時", "通報者": "地域住民", "出没場所": "河川敷", "目撃者状況": null }, "geometry": { "type": "Point", "coordinates": [ 137.53525288236068, 35.510429131993497 ] } },
{ "type": "Feature", "properties": { "出没月": "8月", "出没時間": "5時~6時", "通報者": "地域住民", "出没場所": "山林", "目撃者状況": null }, "geometry": { "type": "Point", "coordinates": [ 137.443562708170532, 35.409137179993557 ] } },
{ "type": "Feature", "properties": { "出没月": "4月", "出没時間": "4時~5時", "通報者": "地域住民", "出没場所": "山林", "目撃者状況": null }, "geometry": { "type": "Point", "coordinates": [ 137.481958233462564, 35.514135057577718 ] } },
{ "type": "Feature", "properties": { "出没月": "4月", "出没時間": "20時~21時", "通報者": "地域住民", "出没場所": "山林", "目撃者状況": null }, "geometry": { "type": "Point", "coordinates": [ 137.485701838429009, 35.516401230254488 ] } },
{ "type": "Feature", "properties": { "出没月": "4月", "出没時間": "4時~5時", "通報者": "地域住民", "出没場所": "山林", "目撃者状況": null }, "geometry": { "type": "Point", "coordinates": [ 137.516010474270161, 35.488565623903199 ] } },
{ "type": "Feature", "properties": { "出没月": "4月", "出没時間": "9時~10時", "通報者": "地域住民", "出没場所": "家畜場", "目撃者状況": null }, "geometry": { "type": "Point", "coordinates": [ 137.457560283743277, 35.471478626097372 ] } },
{ "type": "Feature", "properties": { "出没月": "10月", "出没時間": "12時~13時", "通報者": "地域住民", "出没場所": "国・県・市道", "目撃者状況": null }, "geometry": { "type": "Point", "coordinates": [ 137.224969199832657, 35.65813651323294 ] } },
{ "type": "Feature", "properties": { "出没月": "10月", "出没時間": "16時~17時", "通報者": "地域住民", "出没場所": "その他", "目撃者状況": null }, "geometry": { "type": "Point", "coordinates": [ 137.197942597811988, 35.655024988667748 ] } },
{ "type": "Feature", "properties": { "出没月": "10月", "出没時間": "12時~13時", "通報者": "地域住民", "出没場所": "その他", "目撃者状況": null }, "geometry": { "type": "Point", "coordinates": [ 137.401442842309365, 35.493250578894532 ] } }
]
}
