{
"type": "FeatureCollection",
"name": "追加図化案",
"crs": { "type": "name", "properties": { "name": "urn:ogc:def:crs:OGC:1.3:CRS84" } },
"features": [
{ "type": "Feature", "properties": { "面積": "追加図化面積：0.028km²", "備考１": "E257026", "面積１": "0.02815920", "name": "E257026、E257027を含む" }, "geometry": { "type": "MultiPolygon", "coordinates": [ [ [ [ 137.349048810237775, 35.730748586695867 ], [ 137.349141088462545, 35.730878449767175 ], [ 137.349280549033324, 35.730976404604391 ], [ 137.349451725424217, 35.731031587675844 ], [ 137.349907555296738, 35.731110502738701 ], [ 137.350077252967736, 35.731118101546002 ], [ 137.350241760078205, 35.731083301769196 ], [ 137.350385523275691, 35.731009393562601 ], [ 137.350494950531356, 35.730903364582886 ], [ 137.350608153414669, 35.730751176736391 ], [ 137.35067152231332, 35.730627604487935 ], [ 137.351337754136779, 35.72983261914203 ], [ 137.351467102740202, 35.729744094399202 ], [ 137.351557632366905, 35.729627855693295 ], [ 137.351600892309705, 35.729494753840711 ], [ 137.35160611602015, 35.729454604104234 ], [ 137.351549773013886, 35.729454690686538 ], [ 137.351468302401486, 35.729454815835766 ], [ 137.351410045938877, 35.729454905291291 ], [ 137.351353558173173, 35.729454992003973 ], [ 137.351298286386537, 35.729455076824358 ], [ 137.35124389894824, 35.729455160262837 ], [ 137.351190285314743, 35.729455242490125 ], [ 137.351152811042965, 35.729455299950281 ], [ 137.35111069394091, 35.729455364515452 ], [ 137.351069571730932, 35.729455427541239 ], [ 137.351028338977244, 35.729455490722351 ], [ 137.350992965032958, 35.729455544914714 ], [ 137.350957591088559, 35.729455599096696 ], [ 137.350937140526895, 35.729455630415906 ], [ 137.350925533451345, 35.729455648190125 ], [ 137.350781495170224, 35.729455868666584 ], [ 137.350715058479778, 35.729455970301764 ], [ 137.350666419305185, 35.729456044686962 ], [ 137.350648621788991, 35.729456071900273 ], [ 137.35058605412317, 35.72945616754852 ], [ 137.350494634582645, 35.729456307244618 ], [ 137.350453070196409, 35.729456370735235 ], [ 137.350430850936704, 35.729456404669811 ], [ 137.350236404776723, 35.729456701464471 ], [ 137.350204126050642, 35.729456750702994 ], [ 137.350124313583734, 35.729456872413103 ], [ 137.350113590856154, 35.729456888760708 ], [ 137.349931636116651, 35.72945716601869 ], [ 137.349927767091174, 35.729457171911221 ], [ 137.349668210751247, 35.729457566932005 ], [ 137.34965876233116, 35.72945758130107 ], [ 137.349659362550256, 35.729459114349623 ], [ 137.349663844143237, 35.729464692573707 ], [ 137.349324971483497, 35.730017676972402 ], [ 137.349201341986515, 35.730118155436905 ], [ 137.349122305908224, 35.730245059084275 ], [ 137.349040367887341, 35.730452686073285 ], [ 137.349013948050157, 35.730601217598313 ], [ 137.349048810237775, 35.730748586695867 ] ] ] ] } },
{ "type": "Feature", "properties": { "面積": "追加図化面積：0.013km²", "備考１": "E260052", "面積１": "0.01252132", "name": "E260052" }, "geometry": { "type": "MultiPolygon", "coordinates": [ [ [ [ 137.374483216484208, 35.510899368289579 ], [ 137.374448128538432, 35.510887530308466 ], [ 137.374422861055621, 35.510879100708017 ], [ 137.374337127717155, 35.510850313528245 ], [ 137.374199976690164, 35.510804307958708 ], [ 137.374173605902286, 35.510795519645661 ], [ 137.374152972389084, 35.510788524250358 ], [ 137.374112588475668, 35.510774982628313 ], [ 137.374071101219869, 35.510761082331385 ], [ 137.374023986726144, 35.510745298762032 ], [ 137.37396815565333, 35.510726645687264 ], [ 137.373916296589812, 35.510709247716633 ], [ 137.373870395753272, 35.510693822560263 ], [ 137.373827474267074, 35.510679473944847 ], [ 137.373785766392132, 35.510665483788706 ], [ 137.37375608540367, 35.510655529252972 ], [ 137.37372717681572, 35.510645843802841 ], [ 137.373697716558439, 35.510635979013394 ], [ 137.373667373441407, 35.5106257551734 ], [ 137.37363835463205, 35.510616069891036 ], [ 137.373595763956104, 35.510601720625296 ], [ 137.373553394242975, 35.510587551244647 ], [ 137.373512900056227, 35.510573919470616 ], [ 137.373471302763761, 35.510560019155278 ], [ 137.373430146686957, 35.510546208208886 ], [ 137.373336138933666, 35.510514730309659 ], [ 137.373199209759321, 35.510468813357399 ], [ 137.372966176823439, 35.510390700529953 ], [ 137.372844143453904, 35.510349715375071 ], [ 137.372763045558742, 35.510322541661999 ], [ 137.372708097466329, 35.510304066772456 ], [ 137.372645977668725, 35.510283260474459 ], [ 137.372612450405597, 35.510272052022856 ], [ 137.372626206150102, 35.510352259177978 ], [ 137.372655507482676, 35.510398551775886 ], [ 137.372614261009659, 35.5104642755675 ], [ 137.372585320582942, 35.510594045371377 ], [ 137.372603571306087, 35.510725108157963 ], [ 137.372667450018298, 35.510846236920003 ], [ 137.372771484949027, 35.510947055565104 ], [ 137.372906764385249, 35.511018927765562 ], [ 137.373893695094409, 35.511388376817528 ], [ 137.37406327493801, 35.511426615259609 ], [ 137.37423895303499, 35.511419224538699 ], [ 137.37440283742535, 35.511366957364636 ], [ 137.374538237336509, 35.511275136889175 ], [ 137.374631363113593, 35.511153114546133 ], [ 137.37472079696542, 35.510979012365802 ], [ 137.374585941770704, 35.510933714732552 ], [ 137.374483216484208, 35.510899368289579 ] ] ] ] } },
{ "type": "Feature", "properties": { "面積": "追加図化面積：0.063km²", "備考１": "E260037", "面積１": "0.06295555", "name": "E260037" }, "geometry": { "type": "MultiPolygon", "coordinates": [ [ [ [ 137.368834123961022, 35.516943256074057 ], [ 137.368973585174558, 35.517007878944753 ], [ 137.369129890710269, 35.517036965133379 ], [ 137.369522265935842, 35.517061998168522 ], [ 137.369706406630712, 35.517048316451373 ], [ 137.370081286135616, 35.51696706634899 ], [ 137.370247356596337, 35.516990729851777 ], [ 137.370436554292894, 35.517041913914468 ], [ 137.370905108864122, 35.517181884164202 ], [ 137.37109162781303, 35.517209251110906 ], [ 137.371278461810647, 35.517183360451575 ], [ 137.371443532697327, 35.517107271685433 ], [ 137.371594871191576, 35.517005958599938 ], [ 137.371706505323544, 35.516904529755429 ], [ 137.371775897003886, 35.516780435855708 ], [ 137.37186736838737, 35.516517242749927 ], [ 137.372150022017422, 35.51610102512889 ], [ 137.372207170139433, 35.515976368418393 ], [ 137.372217283161319, 35.515843499971467 ], [ 137.372179478972015, 35.515714012269058 ], [ 137.371994189303365, 35.515337508399213 ], [ 137.371929924204863, 35.515242151776064 ], [ 137.371839566295762, 35.515162177197034 ], [ 137.371353377747539, 35.514824676972935 ], [ 137.371202350396089, 35.514750116860334 ], [ 137.371030247837922, 35.514718385420061 ], [ 137.370854698433902, 35.514732732883381 ], [ 137.370603578585957, 35.514787426887075 ], [ 137.370447718343428, 35.514843644880649 ], [ 137.37032029433945, 35.51493608602145 ], [ 137.370233475876262, 35.515055922038506 ], [ 137.370195554475089, 35.515191708364398 ], [ 137.370173564365928, 35.515450560906686 ], [ 137.370188884047224, 35.51556922979124 ], [ 137.37001828721003, 35.515567564163455 ], [ 137.369714112797141, 35.515555233288801 ], [ 137.369243588784798, 35.515485723707343 ], [ 137.369080422567919, 35.515481700331044 ], [ 137.368922969269818, 35.515516922360042 ], [ 137.368785036130618, 35.515588301142401 ], [ 137.36867871872343, 35.515689577394646 ], [ 137.368613340299419, 35.515811870063494 ], [ 137.368594634198587, 35.515944455094257 ], [ 137.36862183677826, 35.516602851826562 ], [ 137.368650485448399, 35.516731801987731 ], [ 137.368723300245193, 35.51684856120945 ], [ 137.368834123961022, 35.516943256074057 ] ] ] ] } },
{ "type": "Feature", "properties": { "面積": "追加図化面積：0.024km²", "備考１": "E260022", "面積１": "0.02409122", "name": "E260022" }, "geometry": { "type": "MultiPolygon", "coordinates": [ [ [ [ 137.377992946685652, 35.52582926027992 ], [ 137.378214987593054, 35.52556491766142 ], [ 137.378299025931454, 35.525406324705735 ], [ 137.378303869784133, 35.525233536372447 ], [ 137.378187179934542, 35.524677888323048 ], [ 137.378135161353526, 35.524549730855632 ], [ 137.378039039915564, 35.524439921852697 ], [ 137.377907443598104, 35.524358317726012 ], [ 137.377752184477657, 35.524312243204548 ], [ 137.377587198495718, 35.52430583389598 ], [ 137.377427294627097, 35.524339665094274 ], [ 137.377286825703379, 35.524410700143989 ], [ 137.377010754380393, 35.524602476022423 ], [ 137.376897907923166, 35.524710126101638 ], [ 137.376831550593664, 35.524841107810779 ], [ 137.376827293317888, 35.524886347291186 ], [ 137.376725736931235, 35.524933721995517 ], [ 137.376607411595216, 35.525042150461353 ], [ 137.376537437960394, 35.525175721851895 ], [ 137.37646160193276, 35.525426104697672 ], [ 137.376448312238665, 35.525580360403019 ], [ 137.376499587854994, 35.525729208642403 ], [ 137.376609392714755, 35.525855126338335 ], [ 137.376764800270422, 35.525943289827659 ], [ 137.376947515206297, 35.525983320023386 ], [ 137.377489222759891, 35.526023031165565 ], [ 137.37768200761667, 35.526009287712533 ], [ 137.377857106708774, 35.525941931152758 ], [ 137.377992946685652, 35.52582926027992 ] ] ] ] } },
{ "type": "Feature", "properties": { "面積": "追加図化面積：0.015km²", "備考１": "E260020", "面積１": "0.01452906", "name": "E260020" }, "geometry": { "type": "MultiPolygon", "coordinates": [ [ [ [ 137.381247113470693, 35.530563990581662 ], [ 137.38110305352302, 35.53049207182773 ], [ 137.380939126736138, 35.530459151926792 ], [ 137.380770698345316, 35.530468316535575 ], [ 137.380441238236557, 35.530528582118372 ], [ 137.380287086349739, 35.530577557519976 ], [ 137.380157637968637, 35.53066170025761 ], [ 137.380064540633725, 35.530773439373803 ], [ 137.380016171208098, 35.530902720820855 ], [ 137.380016882107526, 35.531037912079242 ], [ 137.380068006957458, 35.53130563429152 ], [ 137.380117559192229, 35.531434278188257 ], [ 137.380211457472626, 35.531545177216962 ], [ 137.380341293286705, 35.53162840027516 ], [ 137.380495439774592, 35.531676494641829 ], [ 137.380660092934107, 35.531685153401234 ], [ 137.380918224340263, 35.53166697376053 ], [ 137.381071438333038, 35.531637767346417 ], [ 137.38120832400034, 35.531574378907592 ], [ 137.381317736100101, 35.531481969558868 ], [ 137.381390766382452, 35.531368063288888 ], [ 137.381421468890863, 35.531241934335604 ], [ 137.38144167199988, 35.530932125896229 ], [ 137.381424747981214, 35.530794836548438 ], [ 137.381357803427221, 35.530668167069884 ], [ 137.381247113470693, 35.530563990581662 ] ] ] ] } },
{ "type": "Feature", "properties": { "面積": "追加図化面積：0.016km²", "備考１": "E260016", "面積１": "0.01617254", "name": "E260016" }, "geometry": { "type": "MultiPolygon", "coordinates": [ [ [ [ 137.359202547790716, 35.531931138630227 ], [ 137.359362187226708, 35.531943410883777 ], [ 137.359519395680167, 35.531917617989684 ], [ 137.359660877321147, 35.531855941371298 ], [ 137.359774666467445, 35.531763597293761 ], [ 137.359851139601403, 35.531648395683263 ], [ 137.359974723973977, 35.531372705497432 ], [ 137.360007572747207, 35.531242099250015 ], [ 137.359992234199723, 35.531109352146956 ], [ 137.359930051091055, 35.530986083097368 ], [ 137.359826466271272, 35.530883081379073 ], [ 137.359690546230382, 35.530809362310229 ], [ 137.359573880415667, 35.530764774854596 ], [ 137.359450489236053, 35.530693532557102 ], [ 137.359286747551636, 35.530628984807649 ], [ 137.359106227165626, 35.530611472886527 ], [ 137.358928552107756, 35.530642900482512 ], [ 137.358773037112712, 35.530719851161159 ], [ 137.358656588040589, 35.530833959742111 ], [ 137.358476640542335, 35.531085218008428 ], [ 137.358410627828249, 35.531229488149712 ], [ 137.358407901603329, 35.531383503359585 ], [ 137.358468780646746, 35.531529274295629 ], [ 137.358549381193939, 35.531649673919603 ], [ 137.358640121677382, 35.531749483179603 ], [ 137.358760775818354, 35.531825223384708 ], [ 137.358902158400269, 35.531871128506019 ], [ 137.359202547790716, 35.531931138630227 ] ] ] ] } },
{ "type": "Feature", "properties": { "面積": "追加図化面積：0.063km²", "備考１": "E260018", "面積１": "0.06269911", "name": "E260017、E260018を含む" }, "geometry": { "type": "MultiPolygon", "coordinates": [ [ [ [ 137.372014701400417, 35.534256082916244 ], [ 137.372081957796297, 35.534638543688935 ], [ 137.3720756202475, 35.53503908643183 ], [ 137.372100894796944, 35.535179924426274 ], [ 137.372178645048905, 35.535307294952815 ], [ 137.372249057316338, 35.535365476801807 ], [ 137.372173968150634, 35.535428758580828 ], [ 137.372098957026452, 35.535550529498849 ], [ 137.372015339674505, 35.535760551957075 ], [ 137.371988388719018, 35.535909212640398 ], [ 137.372022733061044, 35.536056851469155 ], [ 137.372114554302868, 35.536187052635547 ], [ 137.372253643128801, 35.536285339136562 ], [ 137.372424534394952, 35.536340782501362 ], [ 137.373168187163429, 35.536470555792988 ], [ 137.373331334084355, 35.536478775984364 ], [ 137.37349026067227, 35.536447539884222 ], [ 137.373631000420914, 35.536379592531127 ], [ 137.373741185159076, 35.536280905148743 ], [ 137.37381113199055, 35.536160150372744 ], [ 137.373834694209023, 35.536027940076906 ], [ 137.373834491412254, 35.535987666245411 ], [ 137.37382148453878, 35.535892189104246 ], [ 137.373709659720731, 35.535478930774261 ], [ 137.373668188305402, 35.535380919436292 ], [ 137.373604390277791, 35.535272492336709 ], [ 137.373546945819953, 35.535204896192262 ], [ 137.373682918178758, 35.53509232032053 ], [ 137.373774672052292, 35.534991384266405 ], [ 137.373996032214052, 35.534659440002827 ], [ 137.374005042722814, 35.534645341603138 ], [ 137.374245074025197, 35.534253055824834 ], [ 137.37427718798159, 35.534188539167957 ], [ 137.374461797857634, 35.533715936392866 ], [ 137.374487921727422, 35.533579659012268 ], [ 137.374462396805711, 35.533443305819752 ], [ 137.374387614341686, 35.533319649456459 ], [ 137.374200499819722, 35.533102084075701 ], [ 137.374063843913461, 35.532991043046593 ], [ 137.373888789753266, 35.532925219501479 ], [ 137.373696716602609, 35.532912652410239 ], [ 137.373511082143551, 35.532954876579268 ], [ 137.372612505516486, 35.53330699955103 ], [ 137.372463603551722, 35.533392586272782 ], [ 137.372356909081105, 35.533513140211582 ], [ 137.372066517798515, 35.533991689464855 ], [ 137.372016033711361, 35.534120668108955 ], [ 137.372014701400417, 35.534256082916244 ] ] ] ] } },
{ "type": "Feature", "properties": { "面積": "追加図化面積：0.014km²", "備考１": "E260004", "面積１": "0.01380908", "name": "E260004" }, "geometry": { "type": "MultiPolygon", "coordinates": [ [ [ [ 137.368275407326536, 35.542598378717095 ], [ 137.368519546836808, 35.542540101029395 ], [ 137.368599247286568, 35.542525365067895 ], [ 137.368694601133399, 35.542507718380492 ], [ 137.368763278088068, 35.542495073976283 ], [ 137.368800537674304, 35.542488160959316 ], [ 137.368837356335121, 35.542481338809104 ], [ 137.368874064703363, 35.542474516832598 ], [ 137.368911765415532, 35.542467603041608 ], [ 137.368948694343658, 35.542460780672492 ], [ 137.36897746570412, 35.542455414202898 ], [ 137.369006127000887, 35.542450138050192 ], [ 137.369037213459137, 35.5424444071256 ], [ 137.369067197503455, 35.542438858321404 ], [ 137.369096630338959, 35.542433400574112 ], [ 137.3691303622943, 35.542427124350276 ], [ 137.36916541722573, 35.542420665617321 ], [ 137.369201794906076, 35.542413934235434 ], [ 137.369241700151832, 35.542406565943452 ], [ 137.369283259002884, 35.542398924442701 ], [ 137.369380817136715, 35.542380822813868 ], [ 137.369499540631551, 35.542358899667661 ], [ 137.369589713131603, 35.542342252517138 ], [ 137.369783581333905, 35.542161107144175 ], [ 137.369770880770687, 35.54197913772483 ], [ 137.36975600485718, 35.541765443002959 ], [ 137.36974433402608, 35.541598164506368 ], [ 137.369738954992783, 35.54152056380655 ], [ 137.369734034832163, 35.541449993182063 ], [ 137.369729799336966, 35.54138852545217 ], [ 137.369478325489069, 35.541335406008038 ], [ 137.369465638654702, 35.541377612439895 ], [ 137.369435297361491, 35.541460140730486 ], [ 137.369431571950372, 35.541469791877311 ], [ 137.369429489695563, 35.541475023445734 ], [ 137.369416986633098, 35.541502627029573 ], [ 137.369408313139331, 35.541518145535484 ], [ 137.369402055477536, 35.541529513581196 ], [ 137.369395574975641, 35.541539980610246 ], [ 137.369387335809137, 35.541552794211668 ], [ 137.36936723257665, 35.541584196407527 ], [ 137.369346690002345, 35.541616320450999 ], [ 137.369345042075452, 35.54161884711516 ], [ 137.369336252147491, 35.54163193205585 ], [ 137.369318005583693, 35.541656119995594 ], [ 137.369317235854993, 35.541657022679971 ], [ 137.369301510421849, 35.541675076922409 ], [ 137.369296341981538, 35.541681034786755 ], [ 137.36928611175648, 35.541691508110105 ], [ 137.369268181284923, 35.541709836470176 ], [ 137.369239580560361, 35.541739089581526 ], [ 137.369223300494298, 35.541755882797979 ], [ 137.369207678507422, 35.541771232681519 ], [ 137.369193482972605, 35.541783695716582 ], [ 137.369183139036835, 35.541792817135686 ], [ 137.369156721076479, 35.541812962513568 ], [ 137.369154299329409, 35.541814769361658 ], [ 137.369149895617085, 35.541817841484743 ], [ 137.369120720957852, 35.541838171761405 ], [ 137.369093417738981, 35.541857146803338 ], [ 137.369069637527531, 35.541873682170795 ], [ 137.369067325382701, 35.541875218415917 ], [ 137.369048718161991, 35.541887598698963 ], [ 137.369042551232496, 35.541891214611653 ], [ 137.369019315182811, 35.541904864605137 ], [ 137.369010283544156, 35.541909566992032 ], [ 137.368988694975258, 35.541920510042694 ], [ 137.368938572998076, 35.54194366972829 ], [ 137.368891315023376, 35.54196547250411 ], [ 137.368875230748472, 35.541972440184345 ], [ 137.368865205618363, 35.541976783669845 ], [ 137.368832260759348, 35.541989007679959 ], [ 137.368815840867711, 35.541994082994073 ], [ 137.368800853556479, 35.541998705209302 ], [ 137.368798539367418, 35.541999430200889 ], [ 137.368735498940083, 35.542016662274499 ], [ 137.368733845785613, 35.542017115739952 ], [ 137.368706623763956, 35.542024552754874 ], [ 137.368695051679964, 35.542027727009796 ], [ 137.368663970330033, 35.542035440897692 ], [ 137.368628916203107, 35.542042169900988 ], [ 137.368592203491801, 35.542047189028629 ], [ 137.368590439372355, 35.54204737226064 ], [ 137.36848768019189, 35.542058360967225 ], [ 137.368452836902833, 35.542061213585789 ], [ 137.368416775953335, 35.542062265449658 ], [ 137.368414349667319, 35.542062269508719 ], [ 137.368410268643913, 35.542062096057784 ], [ 137.368397364536548, 35.542061847227203 ], [ 137.368385563060855, 35.542061506411777 ], [ 137.368382254263338, 35.542061421807276 ], [ 137.368378724668645, 35.542061247432905 ], [ 137.368296882055262, 35.542057147761696 ], [ 137.368290153949431, 35.5420568885934 ], [ 137.368287506640911, 35.542056712741271 ], [ 137.368275483918154, 35.542056101867708 ], [ 137.368239523555758, 35.542053277529689 ], [ 137.368203889317329, 35.542048559715113 ], [ 137.368172774091335, 35.542042752670028 ], [ 137.368070705730275, 35.542021289795606 ], [ 137.368032082086472, 35.542011889690166 ], [ 137.367998308767397, 35.542001580083969 ], [ 137.367971485028619, 35.541991889841405 ], [ 137.367906463516505, 35.541966669278224 ], [ 137.367870143983282, 35.541952487904084 ], [ 137.367838347071228, 35.541938659530935 ], [ 137.367768285640068, 35.541904397924768 ], [ 137.367642600456122, 35.542350929741289 ], [ 137.367628790839092, 35.54246491801414 ], [ 137.367650585854562, 35.542578070129544 ], [ 137.367717783133799, 35.542766529317269 ], [ 137.367749954760711, 35.542756819132237 ], [ 137.367759983423497, 35.542753827820029 ], [ 137.367770122372178, 35.54275083632308 ], [ 137.367799987555372, 35.542741772608139 ], [ 137.367928595703773, 35.542702978514157 ], [ 137.367963750778728, 35.542692373565757 ], [ 137.367980281378578, 35.5426873883222 ], [ 137.368073183333905, 35.542659380225203 ], [ 137.368077040658704, 35.542658292113984 ], [ 137.368080787471456, 35.542657114048161 ], [ 137.368171044509694, 35.542629921544901 ], [ 137.368275407326536, 35.542598378717095 ] ] ] ] } },
{ "type": "Feature", "properties": { "面積": "追加図化面積：0.034km²", "備考１": "E157027", "面積１": "0.03389830", "name": "E157027" }, "geometry": { "type": "MultiPolygon", "coordinates": [ [ [ [ 137.380804411705213, 35.673883699523465 ], [ 137.380725929058997, 35.673685499370706 ], [ 137.380646512892554, 35.673561558175159 ], [ 137.380673140731574, 35.673069689825738 ], [ 137.38066467021892, 35.672968734928787 ], [ 137.380618084828711, 35.672760852553417 ], [ 137.380620274892408, 35.672545909549974 ], [ 137.380626758858881, 35.672483610742312 ], [ 137.380654094320249, 35.672461432427632 ], [ 137.380733821278255, 35.672331704763728 ], [ 137.380757330741488, 35.672270368709732 ], [ 137.380922197087841, 35.671840230599628 ], [ 137.379867918785266, 35.671571170994611 ], [ 137.379800071758012, 35.671767734027966 ], [ 137.379741984745749, 35.671918362173493 ], [ 137.379672255251933, 35.672254296918318 ], [ 137.379526859380832, 35.672932063781808 ], [ 137.37956680458808, 35.673080775049641 ], [ 137.379542195669302, 35.673535234058164 ], [ 137.379450622985587, 35.673608281207329 ], [ 137.379367530719605, 35.673749840272379 ], [ 137.379348973923214, 35.673906066337238 ], [ 137.379399640029504, 35.674432261020101 ], [ 137.379414368866094, 35.674424199497494 ], [ 137.379429151409255, 35.674416601862148 ], [ 137.379461039652625, 35.674402664399508 ], [ 137.3794657849663, 35.674400853271365 ], [ 137.379519306857276, 35.674380117276165 ], [ 137.379569628757849, 35.67436073897165 ], [ 137.379570070148503, 35.674360557917019 ], [ 137.379593135801116, 35.67435222451838 ], [ 137.379623379191941, 35.674342886912754 ], [ 137.379626911273306, 35.674341799020709 ], [ 137.379661464797636, 35.674333174878946 ], [ 137.379673388562423, 35.674330629947363 ], [ 137.379691716316955, 35.674326901902681 ], [ 137.379740737929779, 35.674317080358165 ], [ 137.379779822746428, 35.674309259397482 ], [ 137.379793293285474, 35.674306801853405 ], [ 137.379803120080908, 35.674304981717398 ], [ 137.379838788309712, 35.674300141309153 ], [ 137.379861539774225, 35.6742982982855 ], [ 137.379874682502987, 35.674297193369036 ], [ 137.379888489233679, 35.674296537960721 ], [ 137.379938747525159, 35.67429482648334 ], [ 137.379997952703405, 35.674292738585336 ], [ 137.380020376598452, 35.674292338305406 ], [ 137.380056502032829, 35.674293265796017 ], [ 137.380085782096955, 35.674295557465534 ], [ 137.380092411572832, 35.674296086537254 ], [ 137.38010743992109, 35.67429786263979 ], [ 137.380198606870835, 35.674309508955567 ], [ 137.380215735302926, 35.674311732005656 ], [ 137.380236511317776, 35.674314759817285 ], [ 137.380271768157002, 35.674321367420269 ], [ 137.380280832480338, 35.674323604766712 ], [ 137.380306256775242, 35.674329869254734 ], [ 137.380321844677923, 35.674334348450152 ], [ 137.380358660088831, 35.674345460116236 ], [ 137.380377786556693, 35.674351285080554 ], [ 137.380424662684334, 35.674365443530007 ], [ 137.380443015890137, 35.674371269856692 ], [ 137.38047596762064, 35.674383379854383 ], [ 137.380489902619303, 35.674389394293492 ], [ 137.380507819255371, 35.674397204401366 ], [ 137.38052319418253, 35.674404658472611 ], [ 137.380561135732165, 35.674423790276727 ], [ 137.380613457555796, 35.674450197621503 ], [ 137.380616444267247, 35.674451724644875 ], [ 137.380631820898941, 35.6744598096587 ], [ 137.380661361435216, 35.674476883206545 ], [ 137.380664127935347, 35.674478681031339 ], [ 137.380697766132442, 35.674499623181887 ], [ 137.380772788792825, 35.674546541356875 ], [ 137.380870605935655, 35.674607660593828 ], [ 137.381014676122362, 35.674697631421573 ], [ 137.38104134345852, 35.674714259304686 ], [ 137.381052076676809, 35.674720910338237 ], [ 137.38107692808498, 35.67471942389421 ], [ 137.381159876171182, 35.674714318619237 ], [ 137.381368156630714, 35.674685598593577 ], [ 137.380804411705213, 35.673883699523465 ] ] ] ] } },
{ "type": "Feature", "properties": { "面積": "追加図化面積：0.001km²", "備考１": "E257067", "面積１": "0.00095207", "name": "E257067" }, "geometry": { "type": "MultiPolygon", "coordinates": [ [ [ [ 137.374011485706831, 35.676984774298376 ], [ 137.374045904223152, 35.677008691478775 ], [ 137.374055532694996, 35.677015435173779 ], [ 137.374057299065896, 35.677014981446014 ], [ 137.374070412237188, 35.677002249533459 ], [ 137.374072616060573, 35.677000082447861 ], [ 137.374092346058973, 35.67698292241888 ], [ 137.374097416296166, 35.676978496968253 ], [ 137.374111086475438, 35.676967566832722 ], [ 137.37411615811024, 35.676963682201212 ], [ 137.374157282592478, 35.67693224364303 ], [ 137.374183964056726, 35.676911916822284 ], [ 137.374210755511541, 35.676891409531876 ], [ 137.374223325152911, 35.676882103747566 ], [ 137.374232919547126, 35.676875687476908 ], [ 137.374251225964684, 35.676863397276882 ], [ 137.374263579324122, 35.676855894602397 ], [ 137.374273396054292, 35.676850018767482 ], [ 137.374302515757762, 35.676832752376093 ], [ 137.374329539773015, 35.676816751510941 ], [ 137.374348070373316, 35.676805722828291 ], [ 137.374348732030228, 35.676805271001719 ], [ 137.37436505764768, 35.676795958723858 ], [ 137.374372007729164, 35.676792251115266 ], [ 137.374376336754437, 35.676790045061196 ], [ 137.374219954394107, 35.676737700263942 ], [ 137.374050151215471, 35.676726638940387 ], [ 137.373884291927567, 35.676758319910981 ], [ 137.373739087319194, 35.676829272490906 ], [ 137.373764768551752, 35.676843233047251 ], [ 137.373790765761782, 35.67685733984662 ], [ 137.373821409279486, 35.676873962484073 ], [ 137.373849840363505, 35.676889417138952 ], [ 137.373886347019464, 35.676909184467682 ], [ 137.373934029670863, 35.676936053374483 ], [ 137.373934914836894, 35.676936592673052 ], [ 137.37395062688546, 35.676946300426742 ], [ 137.373988689744408, 35.676969760664349 ], [ 137.373994776140393, 35.676973806351626 ], [ 137.374011485706831, 35.676984774298376 ] ] ] ] } },
{ "type": "Feature", "properties": { "面積": "追加図化面積：0.024km²", "備考１": "E257052", "面積１": "0.02447716", "name": "E257052" }, "geometry": { "type": "MultiPolygon", "coordinates": [ [ [ [ 137.375742376148736, 35.702393380713566 ], [ 137.375713416584546, 35.70246586115374 ], [ 137.375686620841748, 35.70255905184117 ], [ 137.375622691462866, 35.702761056756117 ], [ 137.375610379397614, 35.702935536796588 ], [ 137.375617148375028, 35.7029753976283 ], [ 137.375608633612245, 35.703025085292168 ], [ 137.375609488414739, 35.703154661546002 ], [ 137.375655508397926, 35.703278683686122 ], [ 137.375742889490255, 35.703386899356147 ], [ 137.375864408404567, 35.703470362812922 ], [ 137.376010019725072, 35.703522174453219 ], [ 137.376308046356513, 35.70358869038234 ], [ 137.376489771708265, 35.703603718091664 ], [ 137.376667574187735, 35.703569598512495 ], [ 137.376822023052085, 35.703490060329628 ], [ 137.37693623981761, 35.703373795682786 ], [ 137.377000958142474, 35.703279307033284 ], [ 137.377021967767831, 35.703247582673249 ], [ 137.377079067828959, 35.703161361908855 ], [ 137.377111763210877, 35.703106506816219 ], [ 137.377144363383593, 35.703021223094055 ], [ 137.377200817492252, 35.702973107908463 ], [ 137.377277585091491, 35.702834547801984 ], [ 137.377287299517747, 35.702742030573155 ], [ 137.377310434923203, 35.702724333824868 ], [ 137.377395605783022, 35.702592793174993 ], [ 137.377423636365364, 35.70244580199094 ], [ 137.377391473066751, 35.70229937487332 ], [ 137.377302620349326, 35.702169464884676 ], [ 137.377166758806311, 35.702070225496406 ], [ 137.376757851514753, 35.701859001526557 ], [ 137.376604320677558, 35.701804227785857 ], [ 137.37643772041838, 35.70178951456829 ], [ 137.376273374806061, 35.701816215212112 ], [ 137.376126400535185, 35.701881873763888 ], [ 137.37601031653702, 35.701980450869179 ], [ 137.375908991162106, 35.702097939930717 ], [ 137.375851932350201, 35.70218185591294 ], [ 137.375742376148736, 35.702393380713566 ] ] ] ] } },
{ "type": "Feature", "properties": { "面積": "追加図化面積：0.020km²", "備考１": "E257053", "面積１": "0.02035568", "name": "E257053" }, "geometry": { "type": "MultiPolygon", "coordinates": [ [ [ [ 137.37477889497174, 35.706149567251927 ], [ 137.374820820906791, 35.706165719343993 ], [ 137.374874362261863, 35.706186358159982 ], [ 137.374928014155756, 35.70620699676077 ], [ 137.374942505908393, 35.706212650291882 ], [ 137.374992728467845, 35.706231942748538 ], [ 137.375020937241061, 35.706242800451385 ], [ 137.375144761385712, 35.706304780305501 ], [ 137.375184950041529, 35.706332743175622 ], [ 137.375229119722803, 35.706361690636705 ], [ 137.37526498604015, 35.706384883728873 ], [ 137.375293669829659, 35.70640835966995 ], [ 137.375376330913895, 35.706492403958663 ], [ 137.375448048211439, 35.706575205260329 ], [ 137.37548701298482, 35.706629367541169 ], [ 137.37563315854004, 35.706645292817463 ], [ 137.375802654200697, 35.706620099117977 ], [ 137.375954397314359, 35.706553552458026 ], [ 137.376180823354588, 35.706413194403943 ], [ 137.376335493594723, 35.706264208529525 ], [ 137.376431769625697, 35.706114940688529 ], [ 137.376377423520694, 35.705887379526807 ], [ 137.376374631713077, 35.705876297586876 ], [ 137.376330601651773, 35.705689701351432 ], [ 137.376313912688403, 35.705520183433215 ], [ 137.376297526936838, 35.705382032525776 ], [ 137.376289405200879, 35.705305364988604 ], [ 137.376256295387947, 35.705289245044781 ], [ 137.375621682114087, 35.70508348486802 ], [ 137.375456993979356, 35.705052756462308 ], [ 137.375288620206561, 35.705064051676615 ], [ 137.37513230067367, 35.705116314615097 ], [ 137.375002648459656, 35.705204659640451 ], [ 137.374911783832175, 35.705320828072615 ], [ 137.37481657374471, 35.705497372106137 ], [ 137.374810050130804, 35.705509984877054 ], [ 137.374732469533711, 35.705666578182687 ], [ 137.374701226948218, 35.705754403054847 ], [ 137.374644233885732, 35.7060087499068 ], [ 137.374640527320736, 35.706096220489208 ], [ 137.374693936869477, 35.70611681425266 ], [ 137.37475024375064, 35.706138529983754 ], [ 137.37477889497174, 35.706149567251927 ] ] ] ] } },
{ "type": "Feature", "properties": { "面積": "追加図化面積：0.004km²", "備考１": "E257034", "面積１": "0.00373289", "name": "E257034" }, "geometry": { "type": "MultiPolygon", "coordinates": [ [ [ [ 137.362955330196513, 35.72372608919266 ], [ 137.362958615300272, 35.723724936571656 ], [ 137.363039499872002, 35.723669125732116 ], [ 137.363005794074695, 35.723651683845915 ], [ 137.362948351871808, 35.723621491730121 ], [ 137.36279784118841, 35.723547284483487 ], [ 137.362775599728224, 35.723537586002401 ], [ 137.362578304274678, 35.723451736983741 ], [ 137.362542009894582, 35.723435932062792 ], [ 137.3625339320009, 35.723432339755711 ], [ 137.362488785340815, 35.723412673362198 ], [ 137.36247694550724, 35.723407554854411 ], [ 137.362464331046993, 35.723402077060278 ], [ 137.362380344930585, 35.723365438037554 ], [ 137.362363747032333, 35.723358254119994 ], [ 137.36225641322099, 35.723311467565352 ], [ 137.362184156774191, 35.723280037249964 ], [ 137.362164561034376, 35.723267359856024 ], [ 137.362119722165005, 35.723237867957344 ], [ 137.362100790095354, 35.723225369747738 ], [ 137.362078426167614, 35.723210713834746 ], [ 137.362024840806157, 35.723175377237951 ], [ 137.362003916059081, 35.723161620338423 ], [ 137.361976569961399, 35.723143637447102 ], [ 137.361907927994253, 35.723098500367485 ], [ 137.361889328034522, 35.723086181858172 ], [ 137.361870728300374, 35.723073953481958 ], [ 137.361850799957267, 35.723060825893917 ], [ 137.361827882568662, 35.723045810285953 ], [ 137.361805186477682, 35.723030884451106 ], [ 137.361785861818475, 35.723038667515247 ], [ 137.361749461197263, 35.723069823583884 ], [ 137.361716327641602, 35.723098052927597 ], [ 137.361745593447893, 35.72320486887844 ], [ 137.361797855147273, 35.723304835536787 ], [ 137.361874269260568, 35.72340920180671 ], [ 137.361982107956237, 35.723493119407578 ], [ 137.36234375031222, 35.723706668893591 ], [ 137.362487983210514, 35.723767774880272 ], [ 137.362647777197964, 35.723792024903076 ], [ 137.36280931162409, 35.723777321567162 ], [ 137.362955330196513, 35.72372608919266 ] ] ] ] } },
{ "type": "Feature", "properties": { "面積": "追加図化面積：0.023km²", "備考１": "E257021", "面積１": "0.02287019", "name": "E257021" }, "geometry": { "type": "MultiPolygon", "coordinates": [ [ [ [ 137.346081275932818, 35.734718400007054 ], [ 137.345878833846825, 35.73468357560796 ], [ 137.34568971702285, 35.734678036101982 ], [ 137.345509391305114, 35.734724830824732 ], [ 137.345358991913059, 35.734818475171785 ], [ 137.345197495488179, 35.734960787640532 ], [ 137.345077641292733, 35.735127293993926 ], [ 137.344878696360126, 35.735625321085131 ], [ 137.344851717329902, 35.735752912077047 ], [ 137.344870342787118, 35.735881491648378 ], [ 137.344933035742116, 35.736000447844383 ], [ 137.345034622163553, 35.736099962905008 ], [ 137.345166717955038, 35.736171823564973 ], [ 137.345318420898963, 35.736210098938514 ], [ 137.345756282428795, 35.736266233822818 ], [ 137.345924068136242, 35.736266726702247 ], [ 137.346084305476325, 35.736226153728154 ], [ 137.346222230495755, 35.736148253220122 ], [ 137.346325135144411, 35.736040202772223 ], [ 137.3464790185038, 35.735814782326983 ], [ 137.346617974108199, 35.735674868153772 ], [ 137.346672283860443, 35.735620185671799 ], [ 137.346759260090778, 35.73549699101136 ], [ 137.346794849025201, 35.735357837317821 ], [ 137.346775510524139, 35.735216567681505 ], [ 137.346703168659559, 35.735087235617449 ], [ 137.346585020201957, 35.73498270702791 ], [ 137.346309481386157, 35.734805514287771 ], [ 137.346081275932818, 35.734718400007054 ] ] ] ] } },
{ "type": "Feature", "properties": { "面積": "追加図化面積：0.004km²", "備考１": "E257016", "面積１": "0.00395658", "name": "E257016" }, "geometry": { "type": "MultiPolygon", "coordinates": [ [ [ [ 137.343244915776836, 35.737057629217475 ], [ 137.343258321585438, 35.737020563561146 ], [ 137.343270847129077, 35.73698539205553 ], [ 137.343326819438886, 35.736899680487852 ], [ 137.343372993364937, 35.736832551343248 ], [ 137.343405843593018, 35.736789598257104 ], [ 137.343431882684854, 35.736766214726345 ], [ 137.343455935779673, 35.736744636832235 ], [ 137.343465072855849, 35.736677021247012 ], [ 137.343453506546098, 35.736645941248362 ], [ 137.343445610226752, 35.736624680703727 ], [ 137.343446139884463, 35.7366142241247 ], [ 137.343456052045497, 35.736597173816428 ], [ 137.343466934676172, 35.736569035326859 ], [ 137.343477169520867, 35.736547928412897 ], [ 137.343498080610431, 35.736505353388566 ], [ 137.343477888410348, 35.736460633960462 ], [ 137.343474453999249, 35.736461606942505 ], [ 137.343358051746151, 35.736513757734812 ], [ 137.343318259393044, 35.736577906777235 ], [ 137.343255115225901, 35.736559875429364 ], [ 137.343019223600294, 35.736665559233558 ], [ 137.342888501079329, 35.736746875166858 ], [ 137.342792898636759, 35.736855943900828 ], [ 137.342740875317702, 35.736983115050748 ], [ 137.342737034369407, 35.737117136484869 ], [ 137.342781715877351, 35.737246149901075 ], [ 137.342921490169061, 35.737498291361653 ], [ 137.343051070436474, 35.737388893691538 ], [ 137.343081633417853, 35.737361357341157 ], [ 137.343118816524168, 35.737327862285007 ], [ 137.343165268072738, 35.737286151226918 ], [ 137.343244915776836, 35.737057629217475 ] ] ] ] } },
{ "type": "Feature", "properties": { "面積": "追加図化面積：0.016km²", "備考１": "E257016", "面積１": "0.01580678", "name": "E257016" }, "geometry": { "type": "MultiPolygon", "coordinates": [ [ [ [ 137.34364911107977, 35.736412125756956 ], [ 137.34355265895573, 35.736439451143539 ], [ 137.343553003071776, 35.736595048328127 ], [ 137.343553061080883, 35.736621277881142 ], [ 137.343553776333152, 35.736944685556416 ], [ 137.343554719853671, 35.73737129883159 ], [ 137.343555742538229, 35.737833696029867 ], [ 137.343555763071919, 35.737842980027835 ], [ 137.34355582028715, 35.737868849031791 ], [ 137.343555875309534, 35.737893726540719 ], [ 137.343555936312697, 35.73792130812658 ], [ 137.343555991733922, 35.737946365907099 ], [ 137.34355608782414, 35.737989811411182 ], [ 137.343556245914925, 35.738061289179676 ], [ 137.343556322269222, 35.738095811228973 ], [ 137.343556561101423, 35.738203794034632 ], [ 137.343556590008575, 35.738216863739687 ], [ 137.34355660057463, 35.738221640942221 ], [ 137.343557114726508, 35.738454101415563 ], [ 137.343557124014382, 35.738458300669826 ], [ 137.343615291582694, 35.738469068582006 ], [ 137.343800239472756, 35.738451628337259 ], [ 137.343967595094085, 35.738385116108404 ], [ 137.344098373537861, 35.738277077102651 ], [ 137.344357166508047, 35.737974928232923 ], [ 137.344434484570826, 35.73784346811707 ], [ 137.34449142172943, 35.737684825402646 ], [ 137.344512860278201, 35.737582611422567 ], [ 137.344528617137485, 35.737345223465837 ], [ 137.344487310561533, 35.737148329178638 ], [ 137.344251317986419, 35.736684043591765 ], [ 137.344152958435757, 35.736556390528129 ], [ 137.34400846726831, 35.736462325971409 ], [ 137.343834011593856, 35.736412374718931 ], [ 137.34364911107977, 35.736412125756956 ] ] ] ] } },
{ "type": "Feature", "properties": { "面積": "追加図化面積：0.142km²", "備考１": "E257013", "面積１": "0.14171279", "name": "E257013、E257014、E257015、E257019、E157012を含む" }, "geometry": { "type": "MultiPolygon", "coordinates": [ [ [ [ 137.341930493943948, 35.739199156793255 ], [ 137.341786630343506, 35.739270427797656 ], [ 137.341675748560789, 35.739373695949681 ], [ 137.341608131747165, 35.739499384316929 ], [ 137.341553392880968, 35.739666824473467 ], [ 137.341428763100453, 35.740040914500398 ], [ 137.341410345151871, 35.740184896251854 ], [ 137.341448867995751, 35.740326210900491 ], [ 137.341428245542886, 35.740750214576103 ], [ 137.341308502177185, 35.740860823778519 ], [ 137.341238986914192, 35.740997032455468 ], [ 137.341227148949031, 35.741144245124282 ], [ 137.341261024806641, 35.741422448754172 ], [ 137.341185556548055, 35.741660272498308 ], [ 137.341175226074142, 35.741700204217615 ], [ 137.34112166519796, 35.741966426876168 ], [ 137.341118129345688, 35.742091802525238 ], [ 137.341159218911542, 35.742377798972441 ], [ 137.341162831703144, 35.742398697297475 ], [ 137.341205086257503, 35.742607597746094 ], [ 137.341252490149344, 35.742889511961238 ], [ 137.341238715993171, 35.743085916827354 ], [ 137.341238925971936, 35.743140204789327 ], [ 137.341258021500607, 35.743385346710163 ], [ 137.341141041334481, 35.743547752548771 ], [ 137.341074613449564, 35.743691970048566 ], [ 137.341071644422101, 35.743846001127757 ], [ 137.341146312254608, 35.744232937292232 ], [ 137.341198661558622, 35.744365590443124 ], [ 137.341337668505759, 35.744590638816874 ], [ 137.341467278613493, 35.744727038273751 ], [ 137.341592722632299, 35.744816568410997 ], [ 137.341723932006971, 35.744886193932324 ], [ 137.341873822912703, 35.744923040449201 ], [ 137.34203037408227, 35.744924152863923 ], [ 137.342181030068446, 35.744889441961092 ], [ 137.342313708242244, 35.744821691562969 ], [ 137.342602946690704, 35.74462241228597 ], [ 137.342529840461339, 35.744594689815834 ], [ 137.342460675389333, 35.744566488164594 ], [ 137.34239195282197, 35.744538375963188 ], [ 137.342322898609495, 35.744510264206532 ], [ 137.342255504099086, 35.744482690804332 ], [ 137.342212787849576, 35.744465266737201 ], [ 137.342169297074634, 35.744447573376384 ], [ 137.342126470100453, 35.744430059303866 ], [ 137.342084639212459, 35.744412994444176 ], [ 137.342039488448393, 35.744394582367754 ], [ 137.34197888567769, 35.7443380652212 ], [ 137.341921932596676, 35.744281993407512 ], [ 137.341832440776017, 35.744160439998808 ], [ 137.341814581536738, 35.744133785713089 ], [ 137.341798497451606, 35.74410992305976 ], [ 137.341786381830417, 35.74408064646159 ], [ 137.341761920802583, 35.744018127606886 ], [ 137.341708179842158, 35.743762489670203 ], [ 137.341716926114913, 35.743666842531688 ], [ 137.34181694262341, 35.743142194914846 ], [ 137.341853403335136, 35.743029832224401 ], [ 137.341871115797801, 35.742989605721938 ], [ 137.341875980540664, 35.742989598637507 ], [ 137.341888939002502, 35.742949469191444 ], [ 137.341895759495145, 35.742933775572659 ], [ 137.34191215188531, 35.742896615614349 ], [ 137.341915232218753, 35.742889580509946 ], [ 137.341925793442556, 35.742865498781022 ], [ 137.341934579343842, 35.7428385352814 ], [ 137.341938782998568, 35.742789134561818 ], [ 137.341961578755331, 35.742697342775607 ], [ 137.341981242076287, 35.742639266459499 ], [ 137.342034839591435, 35.742526968869022 ], [ 137.342089375035584, 35.742439096776188 ], [ 137.342143745016187, 35.742376643287493 ], [ 137.342260913311605, 35.742263531767279 ], [ 137.342280650517353, 35.742249925006909 ], [ 137.342312798734611, 35.742227762121914 ], [ 137.342629980656284, 35.742068208370519 ], [ 137.342690424024369, 35.742052886947207 ], [ 137.342733960861182, 35.742041826634271 ], [ 137.342861384692611, 35.74201757374508 ], [ 137.342957002659432, 35.742009591833408 ], [ 137.343262424625038, 35.742032939859733 ], [ 137.343388611784775, 35.742049519895801 ], [ 137.343420131042166, 35.742053709992632 ], [ 137.343533136894848, 35.742009196943215 ], [ 137.343564970080337, 35.742005364424813 ], [ 137.343565145151246, 35.742084503691757 ], [ 137.343565722211991, 35.742345356803476 ], [ 137.343567141964598, 35.742987123913217 ], [ 137.343567156122475, 35.742993523556791 ], [ 137.343568285974897, 35.743504233120099 ], [ 137.343568299933708, 35.743510542627327 ], [ 137.343568539826691, 35.743618976014595 ], [ 137.343569246622167, 35.743938449388381 ], [ 137.343672210195308, 35.743904833140157 ], [ 137.343725297744982, 35.744063430884594 ], [ 137.343828109017636, 35.744227512295396 ], [ 137.343983003535072, 35.744384265137796 ], [ 137.34412202465893, 35.744484477685333 ], [ 137.344293891827277, 35.744541539019487 ], [ 137.344479238269344, 35.744549019197187 ], [ 137.34465717823457, 35.744506075316224 ], [ 137.344807660610542, 35.744417546501637 ], [ 137.345357457006884, 35.743961790066606 ], [ 137.345584556733456, 35.743841215194436 ], [ 137.345705632596236, 35.743753950000894 ], [ 137.34573047772372, 35.743729909779816 ], [ 137.345824604653814, 35.743599336734995 ], [ 137.345828110607528, 35.74358476301969 ], [ 137.345881327656457, 35.743595122586356 ], [ 137.346211088793751, 35.743627088211817 ], [ 137.346375454174591, 35.743622940890084 ], [ 137.346527443308389, 35.74360036406447 ], [ 137.346575243073488, 35.743606488933445 ], [ 137.346615532941087, 35.743610422501739 ], [ 137.346768615368404, 35.743620739362342 ], [ 137.346917779053967, 35.74361428361248 ], [ 137.347059377279862, 35.743575506481065 ], [ 137.34707993928555, 35.743567209796886 ], [ 137.34759054312056, 35.743573055969186 ], [ 137.347606066413618, 35.742671785249001 ], [ 137.346962062237338, 35.742664411326473 ], [ 137.346832162850177, 35.742675503574155 ], [ 137.346709081049852, 35.742711131600139 ], [ 137.346708927505915, 35.742711193554577 ], [ 137.3466064569661, 35.742698063333016 ], [ 137.346421527961496, 35.742699897432793 ], [ 137.346259065983787, 35.742724030034012 ], [ 137.346075861792031, 35.742706270987718 ], [ 137.345874037505695, 35.742646128590344 ], [ 137.345671989213258, 35.742556992393112 ], [ 137.345468996954651, 35.742456453963193 ], [ 137.345410781570848, 35.74236475262164 ], [ 137.34527558227245, 35.742260912069014 ], [ 137.345105825707634, 35.742199442340734 ], [ 137.344965903311333, 35.742170413894186 ], [ 137.343309053095197, 35.741030061214161 ], [ 137.343397295169382, 35.740919328443873 ], [ 137.343441973760008, 35.74078118175904 ], [ 137.343460172076135, 35.740631240570245 ], [ 137.343447752963101, 35.740482226400893 ], [ 137.343362247266498, 35.740190178658757 ], [ 137.343357123453643, 35.740174347082643 ], [ 137.343354389108185, 35.740165898489167 ], [ 137.343342767991317, 35.740143327296934 ], [ 137.343182452972712, 35.740113149444625 ], [ 137.343115812409764, 35.740100604891722 ], [ 137.342744900823277, 35.740030783005146 ], [ 137.342681025254024, 35.739942723299151 ], [ 137.342606808663049, 35.739817547891235 ], [ 137.342573273222001, 35.739760986100691 ], [ 137.342513587489378, 35.739567010175122 ], [ 137.342469491827757, 35.739423848236633 ], [ 137.34246837832805, 35.739420244416699 ], [ 137.342448779560527, 35.73935627636849 ], [ 137.342407356518294, 35.739221763570136 ], [ 137.342400845185352, 35.73920057638189 ], [ 137.342261978423267, 35.739175464083146 ], [ 137.342093997644469, 35.739166492480685 ], [ 137.341930493943948, 35.739199156793255 ] ] ] ] } },
{ "type": "Feature", "properties": { "面積": "追加図化面積：0.099km²", "備考１": "E157006", "面積１": "0.09916471", "name": "E157006" }, "geometry": { "type": "MultiPolygon", "coordinates": [ [ [ [ 137.343989607482087, 35.751589396698016 ], [ 137.344477997340903, 35.751685008492259 ], [ 137.345234849951908, 35.75186126449762 ], [ 137.345480637238808, 35.751928896564621 ], [ 137.345644069239967, 35.751952436014186 ], [ 137.345808708046974, 35.751935376487346 ], [ 137.345959717832983, 35.751879255242038 ], [ 137.345963855533199, 35.751877053043394 ], [ 137.346426790299432, 35.751630664672966 ], [ 137.34582227824356, 35.750875933892438 ], [ 137.345579963565001, 35.751004901247612 ], [ 137.345576113308653, 35.751003841787458 ], [ 137.345551157787895, 35.750997506441117 ], [ 137.344770422621252, 35.750815688773919 ], [ 137.344747654272169, 35.750810811302649 ], [ 137.344375212227874, 35.750737898806761 ], [ 137.34429628430135, 35.750683590389549 ], [ 137.34429549572755, 35.7506539719326 ], [ 137.344203897081542, 35.750284112832304 ], [ 137.344173081697363, 35.749941170304375 ], [ 137.344162076158597, 35.749878865584002 ], [ 137.344063631423182, 35.749507644667688 ], [ 137.344008902572313, 35.749387504610702 ], [ 137.343843424311956, 35.749139538483526 ], [ 137.343544935519759, 35.74750791724027 ], [ 137.343489137577308, 35.747367265779708 ], [ 137.343380515712653, 35.747248897957526 ], [ 137.343230756129032, 35.747165548289829 ], [ 137.343055970640535, 35.747126183858228 ], [ 137.342874963326238, 35.747135039632859 ], [ 137.342707207600569, 35.747191162878501 ], [ 137.342570751290737, 35.747288515648364 ], [ 137.342343472556507, 35.747514320130541 ], [ 137.342268484255129, 35.74761206907116 ], [ 137.342128483995623, 35.747860514569979 ], [ 137.341905319923939, 35.74800658708898 ], [ 137.341835769801946, 35.748060878580297 ], [ 137.341478560506005, 35.74839297515652 ], [ 137.341399195810197, 35.748489473337862 ], [ 137.341352728981235, 35.748599304211396 ], [ 137.341175295028165, 35.749302504863444 ], [ 137.341165988963809, 35.749431898894905 ], [ 137.341202244430747, 35.749558100631511 ], [ 137.341281062756451, 35.74967067128209 ], [ 137.341395924606445, 35.749760299512438 ], [ 137.341537329194779, 35.749819571654719 ], [ 137.342620063849836, 35.750122519962048 ], [ 137.342649240206356, 35.750363770071836 ], [ 137.3426494163092, 35.750365202762289 ], [ 137.34268254078853, 35.750630415788947 ], [ 137.342729664191154, 35.750771995213036 ], [ 137.342893010358438, 35.751063543655292 ], [ 137.342997980910894, 35.751189187821616 ], [ 137.343148225088896, 35.751279235615243 ], [ 137.343326649240794, 35.751323442007191 ], [ 137.343502786338206, 35.751317141189872 ], [ 137.343762099776484, 35.751495569572221 ], [ 137.343989607482087, 35.751589396698016 ] ] ] ] } },
{ "type": "Feature", "properties": { "面積": "追加図化面積：0.034km²", "備考１": "E257006", "面積１": "0.03405811", "name": "E257006" }, "geometry": { "type": "MultiPolygon", "coordinates": [ [ [ [ 137.341436393164145, 35.757437082887421 ], [ 137.341568025375437, 35.757547417984746 ], [ 137.341737529239197, 35.757615218171232 ], [ 137.34203924675208, 35.757687166817703 ], [ 137.34221468135155, 35.757704997104632 ], [ 137.342388052308479, 35.757676781047103 ], [ 137.34254163413604, 35.757605403463444 ], [ 137.342659724683188, 35.757498162004964 ], [ 137.342801604002631, 35.757318095372263 ], [ 137.342804304645682, 35.757316814095347 ], [ 137.342960677544738, 35.757206009977523 ], [ 137.343056029993249, 35.757056067211742 ], [ 137.34314539375643, 35.756811730916041 ], [ 137.343168395523378, 35.756688565173789 ], [ 137.343149148592687, 35.756564972301163 ], [ 137.343089123956389, 35.756450396970237 ], [ 137.342992908694782, 35.756353594716643 ], [ 137.342938145458561, 35.756311907806236 ], [ 137.342898653162962, 35.756223653183355 ], [ 137.342817211309921, 35.75610302899392 ], [ 137.342729139052295, 35.75603466208343 ], [ 137.342467399310095, 35.7557755406864 ], [ 137.342316904801152, 35.755671653665523 ], [ 137.342131253047938, 35.755617428106838 ], [ 137.341934063058915, 35.755619762689747 ], [ 137.341600902183131, 35.755673067303718 ], [ 137.341462268435038, 35.755711341638396 ], [ 137.341340813622509, 35.755777926786912 ], [ 137.341245049540419, 35.755868156357984 ], [ 137.341053358354173, 35.756106411280321 ], [ 137.340978129098943, 35.756248181825725 ], [ 137.340966047624875, 35.756402331396899 ], [ 137.341026348525986, 35.756853897062655 ], [ 137.341057410132265, 35.756961412219219 ], [ 137.341119623274693, 35.757059539740929 ], [ 137.341436393164145, 35.757437082887421 ] ] ] ] } },
{ "type": "Feature", "properties": { "面積": "追加図化面積：0.439km²", "備考１": "E257001", "面積１": "0.43892213", "name": "E257001、E157002を含む" }, "geometry": { "type": "MultiPolygon", "coordinates": [ [ [ [ 137.344212794529653, 35.76369831105518 ], [ 137.344382937052899, 35.763795820421606 ], [ 137.344436434608099, 35.763826480234293 ], [ 137.344436436409154, 35.76382648101908 ], [ 137.34443643719834, 35.763826481471362 ], [ 137.344478669628671, 35.763844883659793 ], [ 137.344555013576212, 35.7638781495994 ], [ 137.344755427975997, 35.76394133121115 ], [ 137.345002110573347, 35.764053637686935 ], [ 137.344988904397241, 35.764107968639046 ], [ 137.344980415209761, 35.764156754752847 ], [ 137.344941811619208, 35.764520898676629 ], [ 137.344952224125052, 35.764629281521493 ], [ 137.344955934473603, 35.764667902984435 ], [ 137.345027520397906, 35.764803324426985 ], [ 137.345110876851891, 35.764909052099789 ], [ 137.34523833845148, 35.765070721641301 ], [ 137.345248065523748, 35.76508263877065 ], [ 137.345374337318589, 35.765232136880947 ], [ 137.345564235308331, 35.765456963764024 ], [ 137.345593061914002, 35.765488113944521 ], [ 137.345719578475268, 35.765613176067589 ], [ 137.345895928143051, 35.765787498213307 ], [ 137.346042139202041, 35.765889218000787 ], [ 137.346104719755743, 35.765919230875546 ], [ 137.346203528159521, 35.765966618288466 ], [ 137.346249125633932, 35.76603240258234 ], [ 137.346343249979412, 35.766132378202443 ], [ 137.346467657772308, 35.766207206381253 ], [ 137.346927493902086, 35.76640976280455 ], [ 137.347165184044485, 35.76651496565799 ], [ 137.347269699995934, 35.766561224754966 ], [ 137.347367100088405, 35.766655138537836 ], [ 137.347413293209399, 35.766699678265951 ], [ 137.34741329370101, 35.766699678604581 ], [ 137.347413293858182, 35.766699678756112 ], [ 137.347446460120665, 35.766722523287285 ], [ 137.347554033092479, 35.766796618270511 ], [ 137.347718338285034, 35.766848074697329 ], [ 137.347666640363343, 35.766937968146486 ], [ 137.347659389065228, 35.766950576816264 ], [ 137.347659389061079, 35.766950576847577 ], [ 137.347659388992327, 35.766950576967083 ], [ 137.347652759723303, 35.767000459732145 ], [ 137.347639803661338, 35.767097948286448 ], [ 137.347679943069267, 35.767242526846061 ], [ 137.347851528842313, 35.767584938365793 ], [ 137.347927908680333, 35.76769221751286 ], [ 137.348037278053283, 35.767778465220033 ], [ 137.34811239307848, 35.767823183891743 ], [ 137.348234631606431, 35.767895957779871 ], [ 137.348287352693831, 35.767923747315727 ], [ 137.348747715170049, 35.768137219777664 ], [ 137.34890631888004, 35.768186355595851 ], [ 137.349152646855657, 35.768228983926669 ], [ 137.349580791361944, 35.768303075622377 ], [ 137.349502202510024, 35.768533476624988 ], [ 137.349491662347248, 35.768738066132912 ], [ 137.349521260854573, 35.768865402590954 ], [ 137.349531473027099, 35.768909337833399 ], [ 137.34953147366133, 35.768909339257952 ], [ 137.349531473950378, 35.768909340501487 ], [ 137.349544838171028, 35.768939355504301 ], [ 137.349591902358696, 35.76904505991817 ], [ 137.349657820376535, 35.769141335453263 ], [ 137.349766500881003, 35.769253539853771 ], [ 137.349912831883216, 35.769332360999606 ], [ 137.350044683329884, 35.769380962287819 ], [ 137.350202145164133, 35.769439004113991 ], [ 137.350308490329496, 35.769468031476414 ], [ 137.351176069850055, 35.769627329426115 ], [ 137.351342225439311, 35.769657720806777 ], [ 137.351749116372019, 35.769732144087179 ], [ 137.351802989630784, 35.769767132489129 ], [ 137.351826936542608, 35.769813239698344 ], [ 137.351858383837794, 35.769980255975135 ], [ 137.351882993564914, 35.770110958900126 ], [ 137.35190399781979, 35.770182710934478 ], [ 137.352075807273025, 35.770610783011769 ], [ 137.352152185377861, 35.770733506833011 ], [ 137.352270444038453, 35.770831727132183 ], [ 137.352480978833029, 35.770959903083295 ], [ 137.352652694548283, 35.771030435655248 ], [ 137.352843665403526, 35.771048784002886 ], [ 137.352843665496067, 35.771048783998552 ], [ 137.352843666718485, 35.771048784115997 ], [ 137.35294886009109, 35.771043858167829 ], [ 137.353191466764116, 35.771129685987184 ], [ 137.353358117081882, 35.771188642290255 ], [ 137.354021777740087, 35.772359339448947 ], [ 137.354116606900391, 35.772475266205447 ], [ 137.354250352518079, 35.772562049544227 ], [ 137.354802838927952, 35.772818188544612 ], [ 137.354802839783332, 35.772818188773243 ], [ 137.354802840536451, 35.772818189122361 ], [ 137.355011973323627, 35.772874081782568 ], [ 137.355563982507562, 35.772926757754263 ], [ 137.355779050347564, 35.772912747495901 ], [ 137.355962497153058, 35.772870389737584 ], [ 137.356004108284537, 35.772891715524906 ], [ 137.356016572219005, 35.772897917680254 ], [ 137.356492769342651, 35.77312789683964 ], [ 137.35692409466381, 35.77353054507747 ], [ 137.357058853396552, 35.77372489510234 ], [ 137.35705392205216, 35.773903928745028 ], [ 137.35705085199649, 35.77401536729969 ], [ 137.356964179293726, 35.774547880246843 ], [ 137.356983011339679, 35.77473747935889 ], [ 137.357022700699019, 35.774844534276077 ], [ 137.357102040738908, 35.775058541784951 ], [ 137.357163106247924, 35.775167888570309 ], [ 137.357257452160951, 35.775260203029205 ], [ 137.357567477458701, 35.775492124161687 ], [ 137.357912961177192, 35.775750569246512 ], [ 137.358336001721995, 35.776120374956072 ], [ 137.358361903677519, 35.776177594302133 ], [ 137.358434498811647, 35.776337963321524 ], [ 137.358600227211411, 35.776832777308975 ], [ 137.358677059129889, 35.776968284839803 ], [ 137.35867705936792, 35.776968285041633 ], [ 137.358677059385656, 35.776968285072869 ], [ 137.358803994418167, 35.777075908360167 ], [ 137.358967106975484, 35.777143840087312 ], [ 137.35926074043698, 35.777219457477145 ], [ 137.359467516381329, 35.77727270669623 ], [ 137.359781905979503, 35.777448098309264 ], [ 137.360114704357443, 35.777925433562103 ], [ 137.36032795442847, 35.778141325571795 ], [ 137.360557824188135, 35.778205610236107 ], [ 137.360867224364313, 35.778166581125511 ], [ 137.361320863418001, 35.778033291453248 ], [ 137.361784130520164, 35.777533825294178 ], [ 137.362261404693243, 35.777210261225683 ], [ 137.362380391627056, 35.777097760505228 ], [ 137.362603357093832, 35.776798610542905 ], [ 137.362638236890433, 35.776799059231024 ], [ 137.362984803208917, 35.776834127952164 ], [ 137.363121938426104, 35.776834042718136 ], [ 137.363254831899098, 35.776806463499803 ], [ 137.363432695661629, 35.77674963328117 ], [ 137.363594545170201, 35.776669546769426 ], [ 137.363713756616193, 35.776549663975501 ], [ 137.363878627146818, 35.776308892851937 ], [ 137.364091582419235, 35.776033918492061 ], [ 137.364265172022385, 35.775813060896922 ], [ 137.364563453756233, 35.775433554387433 ], [ 137.363632055505946, 35.774947405327019 ], [ 137.363159182022372, 35.77554903554644 ], [ 137.363157196505227, 35.775551580374859 ], [ 137.362935279321675, 35.775838122264396 ], [ 137.362920027980664, 35.775859046027996 ], [ 137.362881443411851, 35.775915392749205 ], [ 137.362744939085133, 35.775901579842056 ], [ 137.362685517493475, 35.775898201072771 ], [ 137.362352079720182, 35.775893911438807 ], [ 137.362229450241671, 35.775822511786501 ], [ 137.362075503906709, 35.775780168019566 ], [ 137.36191310125588, 35.775776108687168 ], [ 137.361756259742918, 35.775810684163076 ], [ 137.361618516846676, 35.775880910133957 ], [ 137.361613489815369, 35.775884406281179 ], [ 137.361583328517469, 35.775884018029011 ], [ 137.361582908722283, 35.775905674489266 ], [ 137.361333424881735, 35.776079182099409 ], [ 137.361299948163435, 35.776104483079401 ], [ 137.361277374055334, 35.776123014140424 ], [ 137.361204617642585, 35.776058805129857 ], [ 137.361067853444524, 35.775971022631659 ], [ 137.360904378779594, 35.775922235561694 ], [ 137.360730392749502, 35.775917278341282 ], [ 137.360563136001673, 35.775956642192938 ], [ 137.360419182396726, 35.77603642646605 ], [ 137.36034391434066, 35.776115878033394 ], [ 137.360318805760812, 35.77611119879645 ], [ 137.360097566320007, 35.776069967816646 ], [ 137.360083971763288, 35.776067658211382 ], [ 137.360091798976896, 35.775871431848088 ], [ 137.360090944844501, 35.775827790995301 ], [ 137.360077389864642, 35.775656478134621 ], [ 137.360026187014171, 35.775494082900629 ], [ 137.359964805073531, 35.775387447126953 ], [ 137.359933815399927, 35.775333608883713 ], [ 137.359919539895174, 35.775310550637492 ], [ 137.359827219899955, 35.775171489617676 ], [ 137.359719163587187, 35.775057238353988 ], [ 137.359572347212776, 35.774976660106432 ], [ 137.359078234034627, 35.774791021104363 ], [ 137.358899940666532, 35.774689202202659 ], [ 137.358866790453277, 35.774620561064914 ], [ 137.35884456767306, 35.77448381380178 ], [ 137.358835651629022, 35.774428947626809 ], [ 137.358835651198831, 35.77442894638876 ], [ 137.358835651145341, 35.774428946059601 ], [ 137.358814210693083, 35.774367238433946 ], [ 137.358792332080043, 35.774304269458348 ], [ 137.358752061662415, 35.774230818565819 ], [ 137.358677087960785, 35.774094069827001 ], [ 137.358759007412431, 35.773928812842598 ], [ 137.358798523456898, 35.773783355101948 ], [ 137.358777688431985, 35.773635346028414 ], [ 137.358737885171706, 35.773522654833329 ], [ 137.35872476716662, 35.773485514454613 ], [ 137.358724766726169, 35.773485513749293 ], [ 137.358724766440503, 35.773485512940574 ], [ 137.358629774969444, 35.773333405336665 ], [ 137.358629774766399, 35.773333405124042 ], [ 137.358629774216752, 35.773333404243886 ], [ 137.358575737848525, 35.77327681262112 ], [ 137.358258386315839, 35.772944450356562 ], [ 137.35816552166753, 35.77278548917046 ], [ 137.358045417100556, 35.772652466956572 ], [ 137.358041712262718, 35.772648363608674 ], [ 137.358041712168387, 35.77264836353757 ], [ 137.358041711424846, 35.772648362714044 ], [ 137.357973047046698, 35.772596605471726 ], [ 137.357902743979764, 35.772543612652548 ], [ 137.357766400522962, 35.772381895413332 ], [ 137.357634077798934, 35.772271573044677 ], [ 137.357391481793826, 35.772128994855549 ], [ 137.357252484830752, 35.772047302596206 ], [ 137.35715465812271, 35.772001384989409 ], [ 137.356727096459451, 35.771845651589622 ], [ 137.356333233450158, 35.771702190135848 ], [ 137.355984703583772, 35.771433399028929 ], [ 137.355867692588902, 35.771102066206311 ], [ 137.355751104277942, 35.770928702300253 ], [ 137.355480185630881, 35.770678224510611 ], [ 137.355326007595124, 35.770535677597842 ], [ 137.355081614782449, 35.770129830292639 ], [ 137.354953118212507, 35.769991940040221 ], [ 137.354703036580275, 35.769810288419549 ], [ 137.354595312095256, 35.769754252196222 ], [ 137.354554613645888, 35.769733081444038 ], [ 137.354554612757738, 35.769733081130994 ], [ 137.354554611994615, 35.769733080734028 ], [ 137.354523464899557, 35.769722102128746 ], [ 137.354252152298329, 35.769626469347408 ], [ 137.354136923371584, 35.769597525482368 ], [ 137.353511850591417, 35.769499692024894 ], [ 137.353402969468704, 35.769337744008865 ], [ 137.35314243296321, 35.768925631358726 ], [ 137.35304884174721, 35.768819147826612 ], [ 137.352921632834807, 35.768739094482363 ], [ 137.352483693416588, 35.768538650293955 ], [ 137.352441362794906, 35.768501638618723 ], [ 137.352428492152399, 35.768475559129016 ], [ 137.352426945355006, 35.768472424823287 ], [ 137.352426945244872, 35.768472424664289 ], [ 137.352426944135345, 35.768472422416089 ], [ 137.352363684155478, 35.768381090760592 ], [ 137.352355659852435, 35.768369505566042 ], [ 137.352276624788715, 35.76828396016785 ], [ 137.352148768560596, 35.768184020135088 ], [ 137.352016246260547, 35.768109549800208 ], [ 137.351977733670765, 35.768087907753312 ], [ 137.35194162004089, 35.768073385906142 ], [ 137.351834130413692, 35.768030162385195 ], [ 137.351834129696471, 35.768030162286202 ], [ 137.351834128043748, 35.768030161621624 ], [ 137.351741612758502, 35.768017393271549 ], [ 137.351676246270102, 35.768008371465726 ], [ 137.351676244977796, 35.768008371595762 ], [ 137.351676241651916, 35.768008371136737 ], [ 137.351575442180774, 35.768018514332439 ], [ 137.351517320764117, 35.768024362446326 ], [ 137.351517317052469, 35.768024363277462 ], [ 137.351517314221013, 35.768024363562375 ], [ 137.351482560964399, 35.768032145928508 ], [ 137.351372862941503, 35.768056709647972 ], [ 137.35117807498159, 35.768143091424818 ], [ 137.351177520106916, 35.767902844576987 ], [ 137.351160756967829, 35.767793564659229 ], [ 137.351111973545159, 35.767690861030609 ], [ 137.351045932316481, 35.767590398121314 ], [ 137.351006490396287, 35.767530397802496 ], [ 137.350928063658955, 35.767439921447718 ], [ 137.350847628170357, 35.767383651717672 ], [ 137.350824927781957, 35.76736777124178 ], [ 137.350824927219918, 35.767367770937639 ], [ 137.350824925830779, 35.767367769965851 ], [ 137.350786981181045, 35.76734723746997 ], [ 137.350667060388247, 35.767282345443192 ], [ 137.350520437565166, 35.767226216010023 ], [ 137.350360148527528, 35.76720712320715 ], [ 137.350323729526764, 35.767207178822424 ], [ 137.35014289312906, 35.767122879525928 ], [ 137.349883007270279, 35.767001729272287 ], [ 137.349934342608066, 35.766917660679674 ], [ 137.349990710842093, 35.766750588130513 ], [ 137.350003529962692, 35.766611359356631 ], [ 137.349993865573992, 35.766487331078139 ], [ 137.349943004439211, 35.766370169770667 ], [ 137.349854814316046, 35.766268784631656 ], [ 137.349657337689507, 35.766097750266269 ], [ 137.349474950748458, 35.765993238567667 ], [ 137.348541329203528, 35.765662692538456 ], [ 137.3484381690389, 35.765635606416794 ], [ 137.348145029922421, 35.76558380796773 ], [ 137.34809574931765, 35.765551539939459 ], [ 137.347838803400066, 35.765383294937962 ], [ 137.347829417512088, 35.765377283851784 ], [ 137.347491284800611, 35.765165500553067 ], [ 137.347388850920822, 35.764951004778048 ], [ 137.347320813436511, 35.764849471809185 ], [ 137.347114755631367, 35.764618448636227 ], [ 137.347064722963864, 35.764562353534565 ], [ 137.346755650973336, 35.764103982361405 ], [ 137.346711879648836, 35.763685189025644 ], [ 137.346701037892927, 35.763626895234275 ], [ 137.346656061313439, 35.763459750100786 ], [ 137.346634790125904, 35.763380700116706 ], [ 137.346590580697665, 35.763291433367762 ], [ 137.346565676002683, 35.763241146093378 ], [ 137.346565675872824, 35.763241145972479 ], [ 137.346565675169188, 35.763241144551799 ], [ 137.346469179019124, 35.763151318837039 ], [ 137.346444041595191, 35.763127918828062 ], [ 137.346444040846706, 35.763127918330802 ], [ 137.346444039007821, 35.763127916619013 ], [ 137.346382280662084, 35.763086886793801 ], [ 137.346330448724046, 35.763052451216303 ], [ 137.346225882936295, 35.762959452520221 ], [ 137.346081135903148, 35.762830715831491 ], [ 137.345910291391306, 35.762727949287509 ], [ 137.345678029097343, 35.762638228317634 ], [ 137.345716136725429, 35.762482361947328 ], [ 137.345715477033252, 35.762482609372753 ], [ 137.345681222828915, 35.762495369507896 ], [ 137.345648294675925, 35.762507676981024 ], [ 137.345615587489561, 35.762519893980581 ], [ 137.345581664819434, 35.762532563458286 ], [ 137.34554917858955, 35.762544689975279 ], [ 137.345501443723833, 35.762562517712439 ], [ 137.345454703334809, 35.762579983409175 ], [ 137.345401333002485, 35.762599892606779 ], [ 137.345344530943407, 35.762618274569476 ], [ 137.345291808176682, 35.762631062026635 ], [ 137.345252459471055, 35.762640584715378 ], [ 137.345212447621719, 35.762650288647237 ], [ 137.345149334832399, 35.762665525131283 ], [ 137.345066547944469, 35.762685658097908 ], [ 137.344658580503506, 35.762784420394361 ], [ 137.344660015602102, 35.762832911341555 ], [ 137.344660148278251, 35.762842826085304 ], [ 137.34465910803678, 35.762872302037309 ], [ 137.344655524026848, 35.762901691617508 ], [ 137.344652904002203, 35.762917018583479 ], [ 137.344635947869648, 35.763000239031861 ], [ 137.344632882065156, 35.763014034347862 ], [ 137.344624762240869, 35.763042709550845 ], [ 137.344614319014994, 35.763070937511351 ], [ 137.344609587728172, 35.763081760808596 ], [ 137.344601554593112, 35.763099709719491 ], [ 137.344590220006808, 35.763124964514368 ], [ 137.344575143809834, 35.763158517337196 ], [ 137.344574043326219, 35.763160952631871 ], [ 137.344566007566442, 35.763177729778484 ], [ 137.344564465724687, 35.76318061640491 ], [ 137.344553451247435, 35.763200642845383 ], [ 137.344551248271074, 35.76320461207915 ], [ 137.344543864004578, 35.763215980111873 ], [ 137.34453427535351, 35.763230686428955 ], [ 137.344533172861247, 35.763232220368081 ], [ 137.344519060033548, 35.763251440164531 ], [ 137.344506160082176, 35.763269035721393 ], [ 137.344485101108148, 35.763297730043796 ], [ 137.344476501131254, 35.763309460412714 ], [ 137.344469443802041, 35.76331866469792 ], [ 137.344462165892025, 35.763328139716187 ], [ 137.344447494663115, 35.763344926662462 ], [ 137.344441096458496, 35.763352146983898 ], [ 137.344421675643673, 35.76337155488514 ], [ 137.344418144366699, 35.763374985264463 ], [ 137.344397506242757, 35.763394034417416 ], [ 137.344354463722794, 35.763433577494759 ], [ 137.344323808316233, 35.763473552940454 ], [ 137.344303187578078, 35.763500443866732 ], [ 137.344282567026397, 35.763527424924909 ], [ 137.344261946260502, 35.76355431584394 ], [ 137.344184224726433, 35.763614911700806 ], [ 137.344146960270024, 35.763643851700309 ], [ 137.344212794529653, 35.76369831105518 ] ] ] ] } },
{ "type": "Feature", "properties": { "面積": "追加図化面積：0.017km²", "備考１": "E260076", "面積１": "0.01744304", "name": "E260076" }, "geometry": { "type": "MultiPolygon", "coordinates": [ [ [ [ 137.39740779362549, 35.482948824394086 ], [ 137.397386340800978, 35.482961845557945 ], [ 137.397350695510113, 35.482983276860324 ], [ 137.397317141773584, 35.483003892895397 ], [ 137.397298001933137, 35.483016458923174 ], [ 137.397277431998816, 35.483029929079876 ], [ 137.397257742151623, 35.483042856711904 ], [ 137.397236287218391, 35.483055156733712 ], [ 137.397214934246591, 35.483064572079712 ], [ 137.397193471064867, 35.483073987632466 ], [ 137.397171347420851, 35.483083674862648 ], [ 137.397162240199407, 35.483087649014287 ], [ 137.397201298120166, 35.48318196280988 ], [ 137.397473134732564, 35.483610099852399 ], [ 137.397573515440342, 35.483721888849523 ], [ 137.397710703126592, 35.483803418108742 ], [ 137.397871705069747, 35.483846966136028 ], [ 137.398041273043617, 35.483848408565137 ], [ 137.398203347508456, 35.48380760878667 ], [ 137.398342578657974, 35.483728430886437 ], [ 137.398832076524343, 35.483346341860994 ], [ 137.398938267845921, 35.483231742312221 ], [ 137.398994924436607, 35.483095618776815 ], [ 137.398996279283494, 35.482951827737431 ], [ 137.398942194758547, 35.482815006105568 ], [ 137.398838176514829, 35.482699081287272 ], [ 137.398821783247598, 35.482685884026644 ], [ 137.398436678252693, 35.482215809773038 ], [ 137.398324614604235, 35.482115725966125 ], [ 137.39832000661238, 35.482113532639048 ], [ 137.398195693660256, 35.482579274069955 ], [ 137.398139323898334, 35.482598491866938 ], [ 137.397871677623527, 35.482689865971771 ], [ 137.397819164085547, 35.482708805811342 ], [ 137.397802437793587, 35.482717491280056 ], [ 137.397775587658685, 35.482731424249813 ], [ 137.397734432093301, 35.482752776078449 ], [ 137.397679090822209, 35.482784881698983 ], [ 137.397633434611919, 35.482812461762585 ], [ 137.397496575998304, 35.482895201638875 ], [ 137.397424845984602, 35.482938515838271 ], [ 137.39740779362549, 35.482948824394086 ] ] ] ] } },
{ "type": "Feature", "properties": { "面積": "追加図化面積：0.015km²", "備考１": "E260075", "面積１": "0.01535271", "name": "E260075" }, "geometry": { "type": "MultiPolygon", "coordinates": [ [ [ [ 137.399560633112742, 35.485152260815497 ], [ 137.399558070079138, 35.485017385086337 ], [ 137.399506822717512, 35.484889170640422 ], [ 137.399411481851075, 35.484779102604428 ], [ 137.399280587994383, 35.484697040553911 ], [ 137.398942859259733, 35.48454477777792 ], [ 137.398775990955187, 35.484496139487817 ], [ 137.398598876877344, 35.484493320650202 ], [ 137.398429821509069, 35.484536612589004 ], [ 137.398286296516744, 35.484621541141941 ], [ 137.398067300866273, 35.484801501894637 ], [ 137.397959307536524, 35.484927468124631 ], [ 137.39790940691492, 35.485075804360022 ], [ 137.397923413930329, 35.485229225912427 ], [ 137.397999696770171, 35.485369855438215 ], [ 137.398129366870847, 35.485481306091522 ], [ 137.398444032529284, 35.485672393587365 ], [ 137.398586743484856, 35.4857348433057 ], [ 137.398745482130664, 35.485760686778228 ], [ 137.398906553613756, 35.485747694411934 ], [ 137.399056061811336, 35.485696987098315 ], [ 137.399181108246381, 35.485612939505735 ], [ 137.399423168547656, 35.485394154098913 ], [ 137.399514281989923, 35.485281715943891 ], [ 137.399560633112742, 35.485152260815497 ] ] ] ] } },
{ "type": "Feature", "properties": { "面積": "追加図化面積：0.016km²", "備考１": "E260074", "面積１": "0.01579141", "name": "E260074" }, "geometry": { "type": "MultiPolygon", "coordinates": [ [ [ [ 137.400760552316569, 35.490183746736825 ], [ 137.400826289796584, 35.490309999893917 ], [ 137.400935434205451, 35.490414222442439 ], [ 137.40107786769363, 35.490486752661482 ], [ 137.401240386304522, 35.490520866776862 ], [ 137.40140792404577, 35.490513402299904 ], [ 137.401748845225541, 35.490454773127745 ], [ 137.401935554597003, 35.490391723343464 ], [ 137.402081940553757, 35.490277884321138 ], [ 137.402276117926846, 35.490058354339226 ], [ 137.402354658741814, 35.489931095330121 ], [ 137.402380674924956, 35.489790140524541 ], [ 137.402351564081471, 35.489649591087918 ], [ 137.40227023872589, 35.489523507562275 ], [ 137.402144834811509, 35.489424503263059 ], [ 137.401987897747659, 35.489362482478185 ], [ 137.401622823059625, 35.48927295520425 ], [ 137.401459702560658, 35.489253983355425 ], [ 137.401297015295228, 35.489275298783319 ], [ 137.401149304079553, 35.489334996076721 ], [ 137.401029773063158, 35.489427738814598 ], [ 137.400949107425248, 35.489545236576163 ], [ 137.400779084512209, 35.489912921731381 ], [ 137.40074431557818, 35.490047166943484 ], [ 137.400760552316569, 35.490183746736825 ] ] ] ] } },
{ "type": "Feature", "properties": { "面積": "追加図化面積：0.015km²", "備考１": "E260070", "面積１": "0.01531254", "name": "E260070" }, "geometry": { "type": "MultiPolygon", "coordinates": [ [ [ [ 137.396152692450954, 35.492812484925629 ], [ 137.396197686903321, 35.492686242764705 ], [ 137.396196211011585, 35.492554752482036 ], [ 137.396148390630231, 35.492429207088058 ], [ 137.39605829661474, 35.492320293490224 ], [ 137.395933598232403, 35.492237282795031 ], [ 137.395623965163651, 35.492086589112319 ], [ 137.395477421901944, 35.492036987387301 ], [ 137.395319674431079, 35.492023571821917 ], [ 137.395163787793706, 35.492047453527903 ], [ 137.395022672921613, 35.49210665456247 ], [ 137.394908017366561, 35.492196271738926 ], [ 137.394700418123108, 35.492413396322874 ], [ 137.394620538608223, 35.492528479122974 ], [ 137.394584971376474, 35.49265757470183 ], [ 137.394596782895263, 35.492789553720343 ], [ 137.394654955111235, 35.492913038204911 ], [ 137.394754473142086, 35.493017382451455 ], [ 137.394886757555582, 35.49309359081613 ], [ 137.395276704784692, 35.493254121710862 ], [ 137.395444903008126, 35.493297523276546 ], [ 137.395621252951145, 35.493295245930419 ], [ 137.395787691730646, 35.493247522933778 ], [ 137.395927171675481, 35.493159242375107 ], [ 137.396025406519243, 35.493039446479465 ], [ 137.396152692450954, 35.492812484925629 ] ] ] ] } },
{ "type": "Feature", "properties": { "面積": "追加図化面積：0.048km²", "備考１": "E260068", "面積１": "0.04794409", "name": "E260067、E260068、E260069を含む" }, "geometry": { "type": "MultiPolygon", "coordinates": [ [ [ [ 137.396853321948981, 35.494036303915927 ], [ 137.396974618392477, 35.494123804227947 ], [ 137.397121752367269, 35.494178737739901 ], [ 137.397282050301669, 35.494196372671311 ], [ 137.397702550331019, 35.494191709303436 ], [ 137.397670531569617, 35.494217172945042 ], [ 137.397589993051838, 35.494342460317846 ], [ 137.397511441131144, 35.494532282952584 ], [ 137.397503123872866, 35.494554205025338 ], [ 137.397437802877789, 35.49474325395061 ], [ 137.397352782880205, 35.494727790007708 ], [ 137.397041082327945, 35.494711347468481 ], [ 137.396868588589882, 35.494724564590861 ], [ 137.396709635676558, 35.494780923745644 ], [ 137.396579932153628, 35.494874855239111 ], [ 137.396492296127718, 35.494997076265172 ], [ 137.396455388490892, 35.495135508249845 ], [ 137.396438357122179, 35.495380293684498 ], [ 137.396453828839611, 35.495514902137273 ], [ 137.396517422821034, 35.495639701172372 ], [ 137.396623416403997, 35.495743460040821 ], [ 137.396762271255028, 35.495816841374733 ], [ 137.396921491710458, 35.49585324149168 ], [ 137.397238149845435, 35.495885000087291 ], [ 137.397419551572256, 35.495878548639162 ], [ 137.397588544128382, 35.495824238756583 ], [ 137.397726783492629, 35.495727965752025 ], [ 137.397819264019518, 35.495600179986099 ], [ 137.397855947291617, 35.495454752449689 ], [ 137.397860160247404, 35.495363994577076 ], [ 137.398065234343107, 35.495441713737236 ], [ 137.398220156973935, 35.495479091025345 ], [ 137.398381676566174, 35.495478130689442 ], [ 137.398535918276337, 35.495438915225044 ], [ 137.398669632474764, 35.495364813313515 ], [ 137.398771332957807, 35.495262190433095 ], [ 137.39897426490424, 35.494981528427935 ], [ 137.399034002900777, 35.494863174963001 ], [ 137.399078502280446, 35.494720023690512 ], [ 137.399094842338542, 35.494587113423528 ], [ 137.399062827893289, 35.494456123997765 ], [ 137.398985271452887, 35.494338562087968 ], [ 137.398868986056272, 35.494244754792632 ], [ 137.398724186741219, 35.494182942481345 ], [ 137.398291815481855, 35.494060900901545 ], [ 137.398215187611868, 35.494049842723669 ], [ 137.398301146041462, 35.493966088511947 ], [ 137.398366583198282, 35.493821588342527 ], [ 137.398424756229844, 35.493564373232125 ], [ 137.398427713481624, 35.49341480201366 ], [ 137.398370646690978, 35.493272677860958 ], [ 137.398259842814753, 35.493153657645145 ], [ 137.398107508522344, 35.493070852970661 ], [ 137.397930425425756, 35.493033385803329 ], [ 137.397390388380586, 35.492995114887592 ], [ 137.397228783993825, 35.493003185186822 ], [ 137.397077021341715, 35.493049314145537 ], [ 137.396948199210897, 35.493129520335415 ], [ 137.396853436453739, 35.493236881077884 ], [ 137.396800912316422, 35.493362129925508 ], [ 137.396732678500086, 35.493663716495682 ], [ 137.396726907791162, 35.493795906645005 ], [ 137.39676831096719, 35.493923773756109 ], [ 137.396853321948981, 35.494036303915927 ] ] ] ] } },
{ "type": "Feature", "properties": { "面積": "追加図化面積：0.015km²", "備考１": "E260056", "面積１": "0.01506270", "name": "E260056" }, "geometry": { "type": "MultiPolygon", "coordinates": [ [ [ [ 137.393789998735457, 35.507940281933251 ], [ 137.393842912854325, 35.508078280380197 ], [ 137.393946557449652, 35.508195470401603 ], [ 137.394090260573989, 35.508279785108037 ], [ 137.394405328770546, 35.508407832306283 ], [ 137.394572340159925, 35.508450363047864 ], [ 137.394747239421008, 35.508447963581652 ], [ 137.394912411829921, 35.508400875567347 ], [ 137.39505122233453, 35.508313841401304 ], [ 137.395148460430079, 35.508229729269836 ], [ 137.395152423592691, 35.508226264736919 ], [ 137.395242309531994, 35.508146854161723 ], [ 137.395345771970312, 35.508015639855628 ], [ 137.395388278645868, 35.507863436009188 ], [ 137.395364729348984, 35.507708506202626 ], [ 137.395277950201006, 35.507569441014908 ], [ 137.395090060067162, 35.507365611108035 ], [ 137.394952325568823, 35.507260091312951 ], [ 137.394779129233967, 35.50719875345829 ], [ 137.394590779393695, 35.507188789766261 ], [ 137.394409361134308, 35.50723136853771 ], [ 137.39419991495916, 35.507314429685778 ], [ 137.394060618567011, 35.507393345114721 ], [ 137.393957225268423, 35.507503132801446 ], [ 137.393852370100689, 35.50765937693204 ], [ 137.393793263295862, 35.507795684500415 ], [ 137.393789998735457, 35.507940281933251 ] ] ] ] } },
{ "type": "Feature", "properties": { "面積": "追加図化面積：0.015km²", "備考１": "E260054", "面積１": "0.01507060", "name": "E260054" }, "geometry": { "type": "MultiPolygon", "coordinates": [ [ [ [ 137.384605526540412, 35.508195258158977 ], [ 137.384616858631148, 35.508227687929633 ], [ 137.38461985725786, 35.508235885212464 ], [ 137.384633966536683, 35.508276152105807 ], [ 137.3846506303382, 35.50832344526728 ], [ 137.384677737074327, 35.508400465609867 ], [ 137.384691734709719, 35.508440191859648 ], [ 137.384708344871115, 35.508508397486047 ], [ 137.384715530239703, 35.508597262102413 ], [ 137.384723469631723, 35.508842697758666 ], [ 137.384729247822094, 35.509022695998055 ], [ 137.384730781812493, 35.509070811213434 ], [ 137.384770366935186, 35.509085184444949 ], [ 137.384937251836448, 35.50910053768731 ], [ 137.385108185399815, 35.509094819410436 ], [ 137.385255399390076, 35.50907329229414 ], [ 137.385390117819043, 35.509020200879306 ], [ 137.385502423730458, 35.508939453369202 ], [ 137.385869657121333, 35.508592527230192 ], [ 137.385959392837577, 35.508475351354058 ], [ 137.386001466990763, 35.508341447104677 ], [ 137.385991920712257, 35.508203414650296 ], [ 137.385931652541132, 35.508074242553569 ], [ 137.385826333780216, 35.507966085578637 ], [ 137.385685874768285, 35.507889120977794 ], [ 137.385380037132137, 35.507772483064876 ], [ 137.385241758033118, 35.507736942618529 ], [ 137.385096929322572, 35.507732106346879 ], [ 137.384799924885243, 35.507754279304748 ], [ 137.384622228783172, 35.507792708153971 ], [ 137.384469865335802, 35.507876773920501 ], [ 137.384430405795769, 35.507919913468363 ], [ 137.384592862333506, 35.508159405489984 ], [ 137.384605526540412, 35.508195258158977 ] ] ] ] } },
{ "type": "Feature", "properties": { "面積": "追加図化面積：0.039km²", "備考１": "E260058", "面積１": "0.03877714", "name": "E260057、E260058を含む" }, "geometry": { "type": "MultiPolygon", "coordinates": [ [ [ [ 137.401632350665835, 35.510681895001113 ], [ 137.401507199669112, 35.510579587251662 ], [ 137.401348847604595, 35.510514979661956 ], [ 137.400542050180348, 35.510309746468621 ], [ 137.400361454735446, 35.510289610187449 ], [ 137.400182701074755, 35.51031872968246 ], [ 137.400025333804621, 35.510393921082517 ], [ 137.39990655928483, 35.510506963083138 ], [ 137.399884380079925, 35.510552688996995 ], [ 137.399717349145789, 35.510517853312145 ], [ 137.399147173599573, 35.510475051250673 ], [ 137.398982601420812, 35.510482937977038 ], [ 137.39882824164647, 35.510530263398927 ], [ 137.39869790103586, 35.510612794487848 ], [ 137.398603238038561, 35.510723149221896 ], [ 137.39846241295723, 35.510954650012252 ], [ 137.398411736303444, 35.511083757091001 ], [ 137.3984103178326, 35.511219345319603 ], [ 137.398458286175071, 35.511349142286718 ], [ 137.398551299802762, 35.51146139970642 ], [ 137.398680939920098, 35.511545956802721 ], [ 137.399011110975096, 35.511701367866486 ], [ 137.39918584472278, 35.511753947022676 ], [ 137.399372019855804, 35.51175596178431 ], [ 137.399548394378826, 35.51170718227479 ], [ 137.399694844567591, 35.511613174077503 ], [ 137.399699774116073, 35.511608719886745 ], [ 137.399807367944902, 35.511713602747136 ], [ 137.399959675529033, 35.511789571223076 ], [ 137.400133681702101, 35.51182178521487 ], [ 137.400567223017333, 35.511843121867273 ], [ 137.400760057191974, 35.511824602212528 ], [ 137.400933075111737, 35.511752563331541 ], [ 137.40131448986682, 35.511516445162144 ], [ 137.401415332676351, 35.511435422125551 ], [ 137.401618678268477, 35.51122362877507 ], [ 137.401704192813867, 35.511096943072616 ], [ 137.401736199778355, 35.510954629394249 ], [ 137.401711400200099, 35.510811357282932 ], [ 137.401632350665835, 35.510681895001113 ] ] ] ] } },
{ "type": "Feature", "properties": { "面積": "追加図化面積：0.015km²", "備考１": "E260055", "面積１": "0.01539022", "name": "E260055" }, "geometry": { "type": "MultiPolygon", "coordinates": [ [ [ [ 137.385062203806285, 35.511549330160342 ], [ 137.385016897510923, 35.511696787798392 ], [ 137.385034136377158, 35.51184817252318 ], [ 137.38505909990522, 35.511892466503085 ], [ 137.385102395287618, 35.511906035129066 ], [ 137.385159771682396, 35.511924139405558 ], [ 137.385187687445921, 35.511932922514212 ], [ 137.385262166178364, 35.511956313992577 ], [ 137.385351430420627, 35.511984365877623 ], [ 137.385361581710697, 35.511987592497704 ], [ 137.385506677681121, 35.51203321038416 ], [ 137.385605210466764, 35.512064129731087 ], [ 137.385631471434436, 35.512072465042344 ], [ 137.385665235158996, 35.512083040215551 ], [ 137.385733755815579, 35.512104549287983 ], [ 137.385779502151479, 35.512143136054007 ], [ 137.385792652372032, 35.512154559885268 ], [ 137.38581961600724, 35.512178037315103 ], [ 137.385857630347346, 35.512211139587315 ], [ 137.385874095773744, 35.512225441849914 ], [ 137.385917856367939, 35.512263491333698 ], [ 137.385919735186292, 35.512265200569523 ], [ 137.38592305012844, 35.512267988869169 ], [ 137.38597554119599, 35.512313774460701 ], [ 137.38597642511624, 35.512314493969775 ], [ 137.385979519327407, 35.512317192529622 ], [ 137.385990036388677, 35.512326334363763 ], [ 137.386057049880691, 35.512313890154637 ], [ 137.38621530044577, 35.512231887614881 ], [ 137.386293052061859, 35.512174345866647 ], [ 137.386536872827264, 35.512044119675885 ], [ 137.386660949959577, 35.511953274997218 ], [ 137.386746176954517, 35.511836275920317 ], [ 137.386784773063198, 35.511703804055081 ], [ 137.386773214841753, 35.511567953569376 ], [ 137.386712557749064, 35.5114411270267 ], [ 137.386608339701354, 35.511334903089548 ], [ 137.386350107591369, 35.511140923904549 ], [ 137.386210100158877, 35.511064332234497 ], [ 137.38604833973227, 35.511025890342438 ], [ 137.385879933574074, 35.511029188422086 ], [ 137.385720609580858, 35.511073918457917 ], [ 137.38549617704868, 35.511170423772064 ], [ 137.385351145262888, 35.511260607090065 ], [ 137.385164899082753, 35.511422580312789 ], [ 137.385062203806285, 35.511549330160342 ] ] ] ] } },
{ "type": "Feature", "properties": { "面積": "追加図化面積：0.017km²", "備考１": "E260044", "面積１": "0.01747367", "name": "E260044" }, "geometry": { "type": "MultiPolygon", "coordinates": [ [ [ [ 137.394112111795152, 35.513750645798204 ], [ 137.394138733738401, 35.513619027246818 ], [ 137.394117064264407, 35.513486802741959 ], [ 137.394049002192446, 35.513365557270461 ], [ 137.393940511013653, 35.513265913832036 ], [ 137.393801096341235, 35.513196602716413 ], [ 137.393642973055876, 35.513163696619948 ], [ 137.393158541337414, 35.513123679833662 ], [ 137.392993027843232, 35.513130478702315 ], [ 137.392837465686938, 35.513177192455139 ], [ 137.392705915092165, 35.513259598956829 ], [ 137.392610266130987, 35.513370250031585 ], [ 137.392559164067649, 35.513499144629485 ], [ 137.392558448168074, 35.513549242330924 ], [ 137.392510197828727, 35.513613343135873 ], [ 137.392469873651862, 35.513753197899199 ], [ 137.392485435559877, 35.5138963218076 ], [ 137.392555302082002, 35.514028167363549 ], [ 137.39271702006954, 35.51423493476284 ], [ 137.392822009932445, 35.514333849272305 ], [ 137.392957350027928, 35.514403907655428 ], [ 137.393111611750555, 35.514439193899442 ], [ 137.393271768604933, 35.514436728286341 ], [ 137.393542291782353, 35.514399980260627 ], [ 137.393730239305427, 35.514344421850552 ], [ 137.393881605606509, 35.514237725151268 ], [ 137.393976494151246, 35.514093915168715 ], [ 137.394112111795152, 35.513750645798204 ] ] ] ] } },
{ "type": "Feature", "properties": { "面積": "追加図化面積：0.024km²", "備考１": "E260040", "面積１": "0.02400703", "name": "E260040" }, "geometry": { "type": "MultiPolygon", "coordinates": [ [ [ [ 137.381618254390361, 35.514507775002585 ], [ 137.381712156892405, 35.514382305571168 ], [ 137.38175164416586, 35.514238797163159 ], [ 137.381732510326941, 35.514092536260073 ], [ 137.381721920691888, 35.51406130957006 ], [ 137.381717175777993, 35.514004968499556 ], [ 137.38171448156794, 35.513981756912059 ], [ 137.381678898195759, 35.513741462324376 ], [ 137.381631124019179, 35.513604944080598 ], [ 137.381533771838662, 35.51348735417745 ], [ 137.381396505203355, 35.51340036481146 ], [ 137.381232949510576, 35.513352610681068 ], [ 137.381059339538211, 35.513348831924056 ], [ 137.380999581798193, 35.513355297776073 ], [ 137.380793297848328, 35.513286513312828 ], [ 137.380601534917304, 35.513253341365356 ], [ 137.38040769834646, 35.513277128973932 ], [ 137.380236296044075, 35.513354868531813 ], [ 137.379970813870358, 35.513532273170114 ], [ 137.379909124315418, 35.513580469309929 ], [ 137.379834553528099, 35.513648508945437 ], [ 137.379740380312967, 35.513768041251389 ], [ 137.379679316094382, 35.513881712337344 ], [ 137.379635033595889, 35.514022237704289 ], [ 137.379647664254463, 35.514166984342779 ], [ 137.379715898938372, 35.514300946325235 ], [ 137.379832663951902, 35.514410235704247 ], [ 137.379985854283689, 35.514483522312858 ], [ 137.380427279112581, 35.51462255856972 ], [ 137.380471276225364, 35.514634702574917 ], [ 137.380736088051634, 35.514697769942394 ], [ 137.380867827069977, 35.514715380706527 ], [ 137.381000881051193, 35.514706583936551 ], [ 137.381311943926022, 35.514654481908224 ], [ 137.381479938957767, 35.514601840419381 ], [ 137.381618254390361, 35.514507775002585 ] ] ] ] } },
{ "type": "Feature", "properties": { "面積": "追加図化面積：0.014km²", "備考１": "E260045", "面積１": "0.01407676", "name": "E260045" }, "geometry": { "type": "MultiPolygon", "coordinates": [ [ [ [ 137.396998926855332, 35.516109900848967 ], [ 137.397149762518637, 35.516174546544306 ], [ 137.397317534510478, 35.516198465487058 ], [ 137.397578083514276, 35.516202203990368 ], [ 137.397736955951103, 35.516185451427837 ], [ 137.397883229341062, 35.516132061271712 ], [ 137.398004551844764, 35.516046541987706 ], [ 137.398090678652409, 35.515936115127317 ], [ 137.398134337091676, 35.515810105492996 ], [ 137.398174985301637, 35.515556350663807 ], [ 137.398170746059918, 35.515417132728473 ], [ 137.398114726701493, 35.515285618829004 ], [ 137.398012275910503, 35.515174365264514 ], [ 137.397873175306074, 35.515093993931728 ], [ 137.397710705510292, 35.515052178231045 ], [ 137.397408687882063, 35.515014894077822 ], [ 137.39721971559527, 35.515018361364952 ], [ 137.397043285265823, 35.515073818798804 ], [ 137.396900141002959, 35.515174745887485 ], [ 137.396807113408926, 35.515309275941007 ], [ 137.396775140689101, 35.515461591271801 ], [ 137.396775960536189, 35.515748891798921 ], [ 137.396802659708982, 35.515886407880814 ], [ 137.39687942398686, 35.516010698512694 ], [ 137.396998926855332, 35.516109900848967 ] ] ] ] } },
{ "type": "Feature", "properties": { "面積": "追加図化面積：0.015km²", "備考１": "E260041", "面積１": "0.01450700", "name": "E260041" }, "geometry": { "type": "MultiPolygon", "coordinates": [ [ [ [ 137.385337462929243, 35.519357139035897 ], [ 137.3852755111362, 35.519491425013058 ], [ 137.385268338250569, 35.519634825288996 ], [ 137.385316671921288, 35.519772798395209 ], [ 137.38545336784918, 35.520010902087293 ], [ 137.385541582098909, 35.520119935660965 ], [ 137.385664360604864, 35.520203685095112 ], [ 137.385811373700193, 35.52025510427886 ], [ 137.385970252697888, 35.520269867139945 ], [ 137.38612763054519, 35.520246731627338 ], [ 137.386383262031757, 35.520176671952868 ], [ 137.386545471920897, 35.520105753248771 ], [ 137.386670112078093, 35.519995152660798 ], [ 137.386743305228634, 35.519857184471988 ], [ 137.386756902348765, 35.519707210009237 ], [ 137.386709389872209, 35.519561927288272 ], [ 137.386528716374954, 35.519238895516594 ], [ 137.386434120380216, 35.519122107032011 ], [ 137.386300235432714, 35.519034702930028 ], [ 137.386139993824912, 35.518985125733309 ], [ 137.38596887357923, 35.518978164183203 ], [ 137.385803403453991, 35.519014490707249 ], [ 137.385659566480456, 35.519090596470939 ], [ 137.385447911205603, 35.519245584525621 ], [ 137.385337462929243, 35.519357139035897 ] ] ] ] } },
{ "type": "Feature", "properties": { "面積": "追加図化面積：0.037km²", "備考１": "E260046", "面積１": "0.03694378", "name": "E260046" }, "geometry": { "type": "MultiPolygon", "coordinates": [ [ [ [ 137.402837763583051, 35.52203769906351 ], [ 137.402996127272729, 35.522077794127284 ], [ 137.403161911354914, 35.522077585598517 ], [ 137.404341394180904, 35.521929407827791 ], [ 137.404502118269903, 35.521887903111597 ], [ 137.404639990550095, 35.521808637174971 ], [ 137.404742123055399, 35.521699019653056 ], [ 137.404798968818113, 35.521569297356677 ], [ 137.404805214265309, 35.521431596395807 ], [ 137.404760275844012, 35.521298788644238 ], [ 137.404725953253489, 35.521236516352552 ], [ 137.404594039594684, 35.520890200503018 ], [ 137.404518310853007, 35.520764575359621 ], [ 137.404399068338165, 35.520664020619527 ], [ 137.403965939724543, 35.520397674672935 ], [ 137.403871304370426, 35.520350834886457 ], [ 137.403501471566386, 35.520207054260752 ], [ 137.403348710025142, 35.520168637879273 ], [ 137.403188889176079, 35.52016766092315 ], [ 137.403035442063015, 35.520204205507028 ], [ 137.402901266039009, 35.520275200033531 ], [ 137.402426629568225, 35.520615445877951 ], [ 137.402307489223489, 35.520736455388054 ], [ 137.4022456784366, 35.520883346126276 ], [ 137.402248540317487, 35.521038668261326 ], [ 137.402340639381805, 35.521433877633811 ], [ 137.402402622973312, 35.521571827321239 ], [ 137.40259861660175, 35.521854418786063 ], [ 137.402701141657758, 35.521960926345066 ], [ 137.402837763583051, 35.52203769906351 ] ] ] ] } },
{ "type": "Feature", "properties": { "面積": "追加図化面積：0.012km²", "備考１": "E260032", "面積１": "0.01174705", "name": "E260032" }, "geometry": { "type": "MultiPolygon", "coordinates": [ [ [ [ 137.401159121516571, 35.52604661289871 ], [ 137.401160887831509, 35.526047330578905 ], [ 137.401197540184825, 35.526062673130625 ], [ 137.401288509153517, 35.526100895539571 ], [ 137.401302198637978, 35.52610663782302 ], [ 137.401369211086489, 35.526134811173534 ], [ 137.40138389400559, 35.526140912071611 ], [ 137.401613635196469, 35.526237364487066 ], [ 137.401629974212142, 35.526244183243222 ], [ 137.401834765564331, 35.526330137541756 ], [ 137.401859936780795, 35.526340724894766 ], [ 137.401952341386249, 35.526379484836241 ], [ 137.401954107715483, 35.526380202504711 ], [ 137.40201813954036, 35.526407029217992 ], [ 137.402135715585985, 35.526456376332241 ], [ 137.402323126319601, 35.526556064892148 ], [ 137.402358521146482, 35.52655599573383 ], [ 137.402367584795684, 35.526560947115875 ], [ 137.4024992951814, 35.526443760397676 ], [ 137.402586750530816, 35.526339869182252 ], [ 137.40263557010266, 35.526220236799666 ], [ 137.402641931509805, 35.526094230442482 ], [ 137.402605336852531, 35.525971716340713 ], [ 137.402516309792304, 35.52578943097253 ], [ 137.402435966085534, 35.525676195103365 ], [ 137.402319205606375, 35.525586610226199 ], [ 137.402173445092046, 35.525503688335121 ], [ 137.401991204058362, 35.525436172357203 ], [ 137.40179148903087, 35.525426272232664 ], [ 137.401600603869497, 35.525475291878649 ], [ 137.401250709795136, 35.525626700286139 ], [ 137.401104072237189, 35.525718850320516 ], [ 137.401002967149054, 35.525845460544375 ], [ 137.400966731747303, 35.525965843389109 ], [ 137.40099385439413, 35.525977256431538 ], [ 137.401073893450501, 35.526010812994997 ], [ 137.401079744756942, 35.526013325522811 ], [ 137.401123131283498, 35.526031449326737 ], [ 137.401159121516571, 35.52604661289871 ] ] ] ] } },
{ "type": "Feature", "properties": { "面積": "追加図化面積：0.014km²", "備考１": "E260031", "面積１": "0.01373337", "name": "E260031" }, "geometry": { "type": "MultiPolygon", "coordinates": [ [ [ [ 137.396477408341923, 35.525888921427828 ], [ 137.396428833476307, 35.526016141149256 ], [ 137.39637014154556, 35.52632491959605 ], [ 137.396371153879414, 35.526468452581277 ], [ 137.396427319344468, 35.526604446317087 ], [ 137.396532941490278, 35.526719107340782 ], [ 137.396677307491501, 35.526800805855444 ], [ 137.396845774683328, 35.526841255345325 ], [ 137.396895448227667, 35.526846389121964 ], [ 137.397038035401209, 35.526845932268415 ], [ 137.397175710442156, 35.52681559751197 ], [ 137.397503722717602, 35.52670444880264 ], [ 137.397644059075844, 35.526635356097955 ], [ 137.397753364021753, 35.526535602954191 ], [ 137.397821986555698, 35.526413997119207 ], [ 137.397843867836798, 35.526281275791092 ], [ 137.397817076093077, 35.52614915755801 ], [ 137.397743977108348, 35.526029307703041 ], [ 137.397631025260694, 35.525932308234452 ], [ 137.397312031567111, 35.525729544802736 ], [ 137.397169950113437, 35.525664192789684 ], [ 137.397010701118745, 35.525635666477264 ], [ 137.396848209368301, 35.525646460215313 ], [ 137.396696683181972, 35.525695630197362 ], [ 137.396569372092529, 35.525778876983374 ], [ 137.396477408341923, 35.525888921427828 ] ] ] ] } },
{ "type": "Feature", "properties": { "面積": "追加図化面積：0.016km²", "備考１": "E260023", "面積１": "0.01567374", "name": "E260023" }, "geometry": { "type": "MultiPolygon", "coordinates": [ [ [ [ 137.383505698165266, 35.527480452515235 ], [ 137.383628110963656, 35.527581184273828 ], [ 137.38378278529936, 35.527645784652421 ], [ 137.383954369315006, 35.527667841862417 ], [ 137.384185251302995, 35.5276674257086 ], [ 137.384202395681797, 35.527653390279518 ], [ 137.384212187694203, 35.527645350223501 ], [ 137.384217579531168, 35.527641194091963 ], [ 137.384238376472467, 35.527625111788723 ], [ 137.384250042753905, 35.527616978209416 ], [ 137.384272605882501, 35.527601613828303 ], [ 137.384314210180548, 35.527573325169037 ], [ 137.38432906879919, 35.527563202757484 ], [ 137.384342937700012, 35.52755407366228 ], [ 137.384376515680685, 35.527534362697324 ], [ 137.384405035301995, 35.527519798793207 ], [ 137.384413845601074, 35.527515726620948 ], [ 137.384415827948686, 35.527514821649469 ], [ 137.38448377858208, 35.52748387132614 ], [ 137.384503712306099, 35.527474821399153 ], [ 137.384522876358858, 35.527466584112524 ], [ 137.384563083110635, 35.527451638503933 ], [ 137.384565396739163, 35.52745091321006 ], [ 137.384593381053634, 35.527442299420485 ], [ 137.384675138157775, 35.527419977413444 ], [ 137.384695412394052, 35.527414532410255 ], [ 137.38472086691425, 35.527408266785166 ], [ 137.384764950454695, 35.527399804128358 ], [ 137.384769910453059, 35.527399074045341 ], [ 137.384795593055628, 35.527395602309575 ], [ 137.384873417344977, 35.52738689831093 ], [ 137.384896463617196, 35.527384405898651 ], [ 137.384936523018979, 35.527294030100229 ], [ 137.384991938392147, 35.52703511495227 ], [ 137.384994731220047, 35.52689418622959 ], [ 137.384944137167025, 35.526759443828873 ], [ 137.38484510464653, 35.526644065740186 ], [ 137.384707319310223, 35.526559336047804 ], [ 137.384377693906913, 35.526416325713932 ], [ 137.38422822637736, 35.526372627044402 ], [ 137.384069723624521, 35.526365553522766 ], [ 137.383915325337057, 35.526395691536329 ], [ 137.383777830965045, 35.526460542679054 ], [ 137.383668638705245, 35.52655473085683 ], [ 137.38359680062328, 35.526670447942351 ], [ 137.383430717229089, 35.527073167151613 ], [ 137.383401847850195, 35.527213180277002 ], [ 137.383427696584903, 35.527353587288815 ], [ 137.383505698165266, 35.527480452515235 ] ] ] ] } },
{ "type": "Feature", "properties": { "面積": "追加図化面積：0.027km²", "備考１": "E260021", "面積１": "0.02662299", "name": "E260021" }, "geometry": { "type": "MultiPolygon", "coordinates": [ [ [ [ 137.383512977672154, 35.529192754843805 ], [ 137.383386259047654, 35.529170146569143 ], [ 137.383256585752463, 35.52917236302779 ], [ 137.382912525059254, 35.529211653854027 ], [ 137.382812809727142, 35.529230898480769 ], [ 137.382357379551848, 35.529356298254015 ], [ 137.38219972823353, 35.529424610963282 ], [ 137.382077021159716, 35.529530503293742 ], [ 137.382002110207907, 35.529662884616066 ], [ 137.381982841453237, 35.529807889918168 ], [ 137.382021233321808, 35.529950331935332 ], [ 137.382113265069478, 35.530075291794958 ], [ 137.382383548545249, 35.530335246090502 ], [ 137.382539360338484, 35.530438905575991 ], [ 137.382730261419027, 35.530490052230249 ], [ 137.383018672118084, 35.530521718037434 ], [ 137.383126589312496, 35.530517888522255 ], [ 137.383156513911473, 35.530532662899226 ], [ 137.383334653956496, 35.53056390882994 ], [ 137.383793292709186, 35.530580933341135 ], [ 137.383962961270214, 35.530565607865249 ], [ 137.384118763237836, 35.530508594049074 ], [ 137.384245763952237, 35.530415357063845 ], [ 137.384331789661019, 35.530294834298942 ], [ 137.384368594451331, 35.530158578623926 ], [ 137.384352650617785, 35.530019650947438 ], [ 137.384224842497673, 35.529608716785788 ], [ 137.384152083567074, 35.52947328572661 ], [ 137.384029606787493, 35.529364403628826 ], [ 137.38387060435997, 35.529293798238037 ], [ 137.383512977672154, 35.529192754843805 ] ] ] ] } },
{ "type": "Feature", "properties": { "面積": "追加図化面積：0.015km²", "備考１": "E260025", "面積１": "0.01515539", "name": "E260025" }, "geometry": { "type": "MultiPolygon", "coordinates": [ [ [ [ 137.386954165967467, 35.529681275633067 ], [ 137.386879324054206, 35.529548448536772 ], [ 137.386684260306026, 35.529312644388689 ], [ 137.386673891444673, 35.529344156450897 ], [ 137.386665243245091, 35.529367247871505 ], [ 137.386649568133691, 35.529401439234512 ], [ 137.386636510911018, 35.52942516966899 ], [ 137.386610821281181, 35.52946668056893 ], [ 137.386607856826544, 35.529471373215245 ], [ 137.38659468291678, 35.529492760237495 ], [ 137.386593145800333, 35.529495196799786 ], [ 137.38658249674279, 35.529512432811742 ], [ 137.386579751345948, 35.529516584222485 ], [ 137.386577006194813, 35.529520825771954 ], [ 137.386575688384426, 35.529522811237953 ], [ 137.386573491869655, 35.529526060255399 ], [ 137.386570417388128, 35.529530843240593 ], [ 137.386569318392731, 35.529532197332898 ], [ 137.386547783485781, 35.529560720593366 ], [ 137.386528656275004, 35.529582569157284 ], [ 137.386521509229823, 35.529590063742084 ], [ 137.386451243793886, 35.529662122915042 ], [ 137.386442005808874, 35.529671153672254 ], [ 137.386436946969951, 35.529676120548245 ], [ 137.386436616901392, 35.529676391567385 ], [ 137.38640966522641, 35.529699967014494 ], [ 137.386384686577173, 35.529719212177902 ], [ 137.386372249802406, 35.52972788819995 ], [ 137.386327452733099, 35.529758166437652 ], [ 137.38632701264072, 35.529758527796112 ], [ 137.386308631657187, 35.529771000484999 ], [ 137.386306760526992, 35.529772265841736 ], [ 137.386300046413368, 35.529776785030066 ], [ 137.386285407683346, 35.529786727002119 ], [ 137.386270107827983, 35.529796850454602 ], [ 137.38624368555179, 35.529812402508412 ], [ 137.386241043274481, 35.529813939685717 ], [ 137.38623597802939, 35.529816562944731 ], [ 137.386224636054294, 35.529822352502876 ], [ 137.38621318380865, 35.529828142260691 ], [ 137.386209770139317, 35.529829861119914 ], [ 137.386201620310402, 35.529833571662962 ], [ 137.386191708388452, 35.529838096665749 ], [ 137.386189836027285, 35.529838911326721 ], [ 137.386178271543912, 35.529843980171606 ], [ 137.386166596544655, 35.529848959077263 ], [ 137.386163072113561, 35.529850497858277 ], [ 137.386123642240079, 35.529867605923961 ], [ 137.386103596858391, 35.529876295762016 ], [ 137.386092032118768, 35.529881274459825 ], [ 137.38607870454706, 35.529886797198841 ], [ 137.386072756158995, 35.529889061500612 ], [ 137.386047970673559, 35.529898300787487 ], [ 137.386040148202198, 35.529900748774878 ], [ 137.386009629213476, 35.529910178760503 ], [ 137.386003458566648, 35.529911812488407 ], [ 137.385987480603518, 35.529915897809367 ], [ 137.385956845447623, 35.52992316465123 ], [ 137.385903839900664, 35.529935700225828 ], [ 137.385870890551217, 35.529943512087776 ], [ 137.385869347765606, 35.52994387544863 ], [ 137.385834300356407, 35.529950609442807 ], [ 137.385833528963445, 35.529950791122992 ], [ 137.385788777627738, 35.529957452597564 ], [ 137.385756040710078, 35.529962289447482 ], [ 137.385750970294225, 35.529963019771571 ], [ 137.385716470047072, 35.529968220370648 ], [ 137.385706329213804, 35.529969681015288 ], [ 137.385639532860296, 35.529979627480245 ], [ 137.385626416228547, 35.529981634356162 ], [ 137.385589711318147, 35.529987109339032 ], [ 137.385571965096176, 35.529989755586762 ], [ 137.385568547978721, 35.529990212484797 ], [ 137.385388991312738, 35.53001694902941 ], [ 137.385363417681674, 35.530020240415396 ], [ 137.385333211032986, 35.530022909220961 ], [ 137.385215463398879, 35.530030423915342 ], [ 137.38518370808535, 35.530031292704955 ], [ 137.385166615146147, 35.530030872975523 ], [ 137.385160219291436, 35.530030794422821 ], [ 137.38515470534557, 35.530030624132991 ], [ 137.385140038572104, 35.530030290143984 ], [ 137.38513893563632, 35.530030202002578 ], [ 137.385108825563918, 35.530027822779878 ], [ 137.38509680280751, 35.530026582604613 ], [ 137.385091287884848, 35.530026051756707 ], [ 137.384997311718848, 35.530016306592444 ], [ 137.384964770363638, 35.530011948671657 ], [ 137.384920860796882, 35.530003735326922 ], [ 137.384890626803667, 35.529996308476754 ], [ 137.384859507246858, 35.529987621271701 ], [ 137.38485365834876, 35.529985919207036 ], [ 137.384830373760025, 35.529979381162399 ], [ 137.384780714864689, 35.529965499393946 ], [ 137.384713939410801, 35.529942454348074 ], [ 137.384685787403527, 35.52993015616368 ], [ 137.384679494023601, 35.529927192944655 ], [ 137.384582771395685, 35.529880405194554 ], [ 137.384561459758771, 35.529869446710471 ], [ 137.384526449198461, 35.529849048347479 ], [ 137.384501041305555, 35.529832057922555 ], [ 137.384492313010952, 35.529825763939456 ], [ 137.384470214659501, 35.529809308366318 ], [ 137.384453088400733, 35.529796539519992 ], [ 137.384449690985718, 35.529794000584452 ], [ 137.384482561853844, 35.529837235887051 ], [ 137.384679260928209, 35.530026461622278 ], [ 137.384681214952991, 35.5300283310415 ], [ 137.384931163767533, 35.530266139978551 ], [ 137.385120805907349, 35.530382578865932 ], [ 137.385863836844123, 35.530659246995121 ], [ 137.386053950707264, 35.530698696090631 ], [ 137.386248928862528, 35.530681244448516 ], [ 137.386552880596213, 35.530607670875632 ], [ 137.386705054630369, 35.530548941972853 ], [ 137.386828468857971, 35.530455426388052 ], [ 137.386911626331738, 35.530335835876748 ], [ 137.386946780460335, 35.530201311248177 ], [ 137.386973042691352, 35.529826698612659 ], [ 137.386954165967467, 35.529681275633067 ] ] ] ] } },
{ "type": "Feature", "properties": { "面積": "追加図化面積：0.022km²", "備考１": "E260026", "面積１": "0.02230460", "name": "E260026" }, "geometry": { "type": "MultiPolygon", "coordinates": [ [ [ [ 137.3853847490129, 35.531032358562371 ], [ 137.385289338518959, 35.531138305044735 ], [ 137.38523542013769, 35.531262259817282 ], [ 137.38511525078701, 35.531759192544186 ], [ 137.385108000199978, 35.531895197164467 ], [ 137.385142912885158, 35.532158275671144 ], [ 137.385183446328199, 35.532285613551778 ], [ 137.385267244584384, 35.532397955438817 ], [ 137.385387165503488, 35.532485726185492 ], [ 137.385532988020771, 35.532541444871157 ], [ 137.385692283322356, 35.532560362440918 ], [ 137.385997259990489, 35.532559808214735 ], [ 137.386183311465658, 35.53253301408698 ], [ 137.386347376332481, 35.532456454303869 ], [ 137.386470193351585, 35.532339117035136 ], [ 137.386689392887064, 35.532037172620235 ], [ 137.386753954540296, 35.531903118464989 ], [ 137.386763468933111, 35.531759260379374 ], [ 137.386720644200693, 35.531431831159132 ], [ 137.386664665217324, 35.531276729016071 ], [ 137.386545313664897, 35.531147762867434 ], [ 137.386377955040132, 35.531061535734445 ], [ 137.385981855333483, 35.530931452009355 ], [ 137.385825360150704, 35.530900749135668 ], [ 137.385664685722304, 35.530908295271395 ], [ 137.385513522098677, 35.530953447458806 ], [ 137.3853847490129, 35.531032358562371 ] ] ] ] } },
{ "type": "Feature", "properties": { "面積": "追加図化面積：0.019km²", "備考１": "E260027", "面積１": "0.01860338", "name": "E260027" }, "geometry": { "type": "MultiPolygon", "coordinates": [ [ [ [ 137.389394124237811, 35.531719705075517 ], [ 137.388883012249721, 35.531871189334716 ], [ 137.388737179366899, 35.531936161834416 ], [ 137.388621632844973, 35.532033685829447 ], [ 137.388546857483078, 35.532154912006703 ], [ 137.388519638606539, 35.53228884027714 ], [ 137.388542446309231, 35.532423317905661 ], [ 137.388593370020573, 35.532563345586226 ], [ 137.388675916381374, 35.532699949008212 ], [ 137.388836398366578, 35.532880382562297 ], [ 137.388958704966882, 35.532980229346094 ], [ 137.389112822543296, 35.533044213879826 ], [ 137.38928360335089, 35.533066047298433 ], [ 137.389629122569602, 35.53306540904488 ], [ 137.389815235180805, 35.533038591243212 ], [ 137.389979336685911, 35.532961976799463 ], [ 137.390102148465218, 35.532844566406894 ], [ 137.390169242799061, 35.532700153433517 ], [ 137.390228120901384, 35.532450872556701 ], [ 137.390235956354985, 35.532325563850428 ], [ 137.390201225966422, 35.532203345437487 ], [ 137.39009653507847, 35.531981319269654 ], [ 137.390011468784223, 35.531860703490935 ], [ 137.389885427043509, 35.531767064828749 ], [ 137.389730437383918, 35.531709338663035 ], [ 137.38956128954672, 35.531693033443737 ], [ 137.389394124237811, 35.531719705075517 ] ] ] ] } },
{ "type": "Feature", "properties": { "面積": "追加図化面積：0.011km²", "備考１": "E260028", "面積１": "0.01115894", "name": "E260028" }, "geometry": { "type": "MultiPolygon", "coordinates": [ [ [ [ 137.39073101844474, 35.533486633409915 ], [ 137.390739770936591, 35.533556056195174 ], [ 137.390741055387309, 35.533552389408349 ], [ 137.390774673340246, 35.533467415845536 ], [ 137.39081850635506, 35.533407572117021 ], [ 137.390875466131462, 35.533349236336065 ], [ 137.390878216702646, 35.533346977743371 ], [ 137.390898792976714, 35.533330804577673 ], [ 137.390950401670324, 35.533291317796881 ], [ 137.391012077574118, 35.533263440221418 ], [ 137.391076949107031, 35.533234745415839 ], [ 137.39116357585101, 35.53321727747926 ], [ 137.391187491881141, 35.533212455583566 ], [ 137.391213942941818, 35.53320717826756 ], [ 137.391247466571286, 35.533207296126761 ], [ 137.391268198983738, 35.533207618076169 ], [ 137.391275477533583, 35.533207784799778 ], [ 137.391312090327432, 35.533208437723012 ], [ 137.391340762931094, 35.533208925148479 ], [ 137.391341314298302, 35.533208924121354 ], [ 137.391374184833666, 35.533212107893888 ], [ 137.391375067775328, 35.53321237666637 ], [ 137.391381578181921, 35.53321389690236 ], [ 137.391390185292636, 35.533215954066328 ], [ 137.391450545604613, 35.533230444130048 ], [ 137.391521733867677, 35.533252485667411 ], [ 137.391606321627279, 35.533294693347258 ], [ 137.39162233368836, 35.533302685869096 ], [ 137.391634267643155, 35.533311407109132 ], [ 137.391671408914135, 35.533343337230249 ], [ 137.391688653130643, 35.533358178021551 ], [ 137.391695948810963, 35.533364474151476 ], [ 137.391746610743724, 35.533420446180038 ], [ 137.391762336084668, 35.533444213573006 ], [ 137.391777839880064, 35.533467620820659 ], [ 137.391796223143359, 35.53349543951061 ], [ 137.391814827722698, 35.533523528201968 ], [ 137.391835204253567, 35.533554317757215 ], [ 137.391867593608083, 35.533582560981962 ], [ 137.391909372399368, 35.533616555569388 ], [ 137.391976627554754, 35.533651584221367 ], [ 137.39213057106835, 35.533691047907475 ], [ 137.392463900161999, 35.533797960339072 ], [ 137.392476224016463, 35.533802519486983 ], [ 137.392484663015495, 35.533697169505253 ], [ 137.392402189437121, 35.533056823255912 ], [ 137.392361441762688, 35.532928012247389 ], [ 137.392276459732244, 35.532814538818393 ], [ 137.392154649328148, 35.532726291688881 ], [ 137.392006625861853, 35.532670961188444 ], [ 137.391845288897485, 35.532653369102675 ], [ 137.391670475930624, 35.532655588462426 ], [ 137.391535193113469, 35.532671142076609 ], [ 137.391408741136644, 35.532713406584406 ], [ 137.391022668180369, 35.532890905381031 ], [ 137.390881742341918, 35.532983499291461 ], [ 137.390785037371643, 35.533108378782899 ], [ 137.390742952726754, 35.533252114852722 ], [ 137.390729471921588, 35.533408816909123 ], [ 137.39073101844474, 35.533486633409915 ] ] ] ] } },
{ "type": "Feature", "properties": { "面積": "追加図化面積：0.001km²", "備考１": "E260013", "面積１": "0.00054837", "name": "E260013" }, "geometry": { "type": "MultiPolygon", "coordinates": [ [ [ [ 137.383664364838523, 35.537098243698651 ], [ 137.383669617374011, 35.537124014039357 ], [ 137.383672769272977, 35.537147805098677 ], [ 137.383675832744387, 35.537179708838686 ], [ 137.383679007711123, 35.537212063073476 ], [ 137.383682524685497, 35.537248563092547 ], [ 137.383683578134963, 35.537271186118424 ], [ 137.383683817144515, 35.537278036262158 ], [ 137.383683741583269, 35.537290926293608 ], [ 137.383683026197673, 35.537311929997934 ], [ 137.38368149752813, 35.537358534678049 ], [ 137.383680175577013, 35.537400001055566 ], [ 137.383678543180054, 35.537449039678052 ], [ 137.383678135323294, 35.537461389472298 ], [ 137.383684333792758, 35.537470659385299 ], [ 137.383752098041072, 35.537314320348116 ], [ 137.383783730456713, 35.53715981319089 ], [ 137.383748747675497, 35.537005789324986 ], [ 137.383651376543583, 35.536870857350628 ], [ 137.383498137729049, 35.536724423240607 ], [ 137.383598376031415, 35.536918895399104 ], [ 137.383602923663545, 35.53692862224554 ], [ 137.383611132333641, 35.536946455028307 ], [ 137.38361490777578, 35.536956093124175 ], [ 137.383617350652315, 35.536962308329947 ], [ 137.383640457550086, 35.537025003597712 ], [ 137.383651121985622, 35.537053828933452 ], [ 137.383651677263344, 35.537055270160522 ], [ 137.383655456113956, 35.537066170196645 ], [ 137.383663694183525, 35.537094909757457 ], [ 137.383664364838523, 35.537098243698651 ] ] ] ] } },
{ "type": "Feature", "properties": { "面積": "追加図化面積：0.043km²", "備考１": "E260015", "面積１": "0.04288418", "name": "E260014、E260015を含む" }, "geometry": { "type": "MultiPolygon", "coordinates": [ [ [ [ 137.385665842321828, 35.543595906953819 ], [ 137.385664770566791, 35.543607356557061 ], [ 137.385661756516299, 35.543634584017802 ], [ 137.385661003125904, 35.543641435952246 ], [ 137.385656376168669, 35.543683899837731 ], [ 137.385654117219616, 35.543704906333701 ], [ 137.385644540018404, 35.543792628999704 ], [ 137.385636315114454, 35.543972110736654 ], [ 137.385635271773481, 35.543994016414246 ], [ 137.385634753655665, 35.544006276262415 ], [ 137.385634012755901, 35.544017725263856 ], [ 137.385632625562607, 35.544034854197335 ], [ 137.385631554532381, 35.544046574215216 ], [ 137.385630914364327, 35.544054507611719 ], [ 137.385629010325658, 35.544071594838506 ], [ 137.385624454608575, 35.544112478733041 ], [ 137.385676235990275, 35.544173589099046 ], [ 137.385725030099024, 35.544231189446755 ], [ 137.385754240669797, 35.544265839904313 ], [ 137.385792302803026, 35.544310930397096 ], [ 137.385828815295838, 35.544353950496323 ], [ 137.385926847629861, 35.544470051626305 ], [ 137.385947870491151, 35.544494981908187 ], [ 137.385949419443875, 35.544496781871921 ], [ 137.385974867866452, 35.54452684202537 ], [ 137.385999099447218, 35.544555552301247 ], [ 137.386027979632217, 35.544590293430133 ], [ 137.386046838753487, 35.544630641401625 ], [ 137.38606103849699, 35.544660992416318 ], [ 137.386081893906351, 35.544705393005465 ], [ 137.386100530538869, 35.544745020260393 ], [ 137.386117725079032, 35.544781585410064 ], [ 137.386134143679783, 35.544816709745014 ], [ 137.386149563795556, 35.544849672558541 ], [ 137.386169088214729, 35.544891281244205 ], [ 137.38618894524231, 35.544933520293981 ], [ 137.386210570363801, 35.54497701806735 ], [ 137.386233519476008, 35.545020693703819 ], [ 137.38625680120245, 35.545064999702952 ], [ 137.386283408851057, 35.545115609370633 ], [ 137.386309794478819, 35.545165678602316 ], [ 137.386337954365302, 35.545219260016921 ], [ 137.38636489470727, 35.545270500032125 ], [ 137.38639250002052, 35.54532291063623 ], [ 137.386424872929723, 35.545384506723579 ], [ 137.386463675927587, 35.545458259846889 ], [ 137.386505804928248, 35.545538316623329 ], [ 137.386552147196795, 35.545626478211211 ], [ 137.386602489071407, 35.545725268886933 ], [ 137.386638377566271, 35.545822102847758 ], [ 137.386662086408734, 35.545886265762107 ], [ 137.386676180682173, 35.545882010996039 ], [ 137.386818594315486, 35.545785877892911 ], [ 137.386914176884488, 35.545656702619567 ], [ 137.387393422666293, 35.5446634803995 ], [ 137.387431407414482, 35.544516614445087 ], [ 137.387411475326502, 35.544388330875151 ], [ 137.387865708610803, 35.54401541272621 ], [ 137.387962729900238, 35.543907590867285 ], [ 137.388016730140151, 35.543781236277667 ], [ 137.388022947302517, 35.543647492061659 ], [ 137.387980833335945, 35.54351815295356 ], [ 137.387887379070634, 35.543341995462711 ], [ 137.387805305458755, 35.543232980559125 ], [ 137.387689044458881, 35.543147219926368 ], [ 137.387547973557446, 35.543091630858463 ], [ 137.387001683571867, 35.542950196790088 ], [ 137.386846969920981, 35.542929258543964 ], [ 137.386543939321427, 35.542923951835704 ], [ 137.386343687398977, 35.542950979774389 ], [ 137.385617900979469, 35.543166668198737 ], [ 137.385631473011387, 35.543245689080244 ], [ 137.385642791871533, 35.543311830579817 ], [ 137.385647946439349, 35.543341747379472 ], [ 137.38565455778118, 35.543380134602579 ], [ 137.38565780912549, 35.543399258413643 ], [ 137.385658816825725, 35.543405185519795 ], [ 137.385662425910567, 35.543434564290678 ], [ 137.38566347020398, 35.54345358173024 ], [ 137.385666865065105, 35.543566429633337 ], [ 137.385665842321828, 35.543595906953819 ] ] ] ] } },
{ "type": "Feature", "properties": { "面積": "追加図化面積：0.008km²", "備考１": "E257076", "面積１": "0.00836741", "name": "E257076" }, "geometry": { "type": "MultiPolygon", "coordinates": [ [ [ [ 137.390507938589479, 35.672462624651395 ], [ 137.390399509253058, 35.672558822175233 ], [ 137.39039609289361, 35.672561712910031 ], [ 137.390378019424531, 35.672577069795928 ], [ 137.390376586903102, 35.672578334376702 ], [ 137.390376366476488, 35.672578515060422 ], [ 137.390270120733305, 35.672665604563441 ], [ 137.390240914134836, 35.67268954512609 ], [ 137.390235734094773, 35.672693791187413 ], [ 137.390220209806074, 35.67271220797722 ], [ 137.390150185726128, 35.67279544436029 ], [ 137.390128936555953, 35.672820812319301 ], [ 137.390108897716317, 35.672844465423822 ], [ 137.390092382699237, 35.672864145954492 ], [ 137.390069811928385, 35.672890958548535 ], [ 137.390065958202968, 35.672895472552895 ], [ 137.390058360713823, 35.672904320083049 ], [ 137.390019048161037, 35.672948740458651 ], [ 137.389990747705554, 35.672980791616681 ], [ 137.389950774042546, 35.673025844155333 ], [ 137.389912452548288, 35.673069181012629 ], [ 137.389867303227533, 35.673120102029415 ], [ 137.389671840120343, 35.673340939502822 ], [ 137.389659497486008, 35.673354876709013 ], [ 137.389802214985139, 35.673397288345072 ], [ 137.389839754514554, 35.67340721973526 ], [ 137.390123064002296, 35.673473143348957 ], [ 137.390361189300449, 35.67348484029597 ], [ 137.390456288760106, 35.673472513108457 ], [ 137.39062302893953, 35.673427866304813 ], [ 137.390764188910197, 35.673342794155566 ], [ 137.390865518793561, 35.673225884621466 ], [ 137.390916789651726, 35.673088939576807 ], [ 137.390912826038658, 35.672945783393018 ], [ 137.390791366677803, 35.672407638725034 ], [ 137.390755071085835, 35.67232021716319 ], [ 137.390748914638351, 35.672322914627912 ], [ 137.390706437454043, 35.672341471774509 ], [ 137.390660760556386, 35.672361386914865 ], [ 137.390648513851744, 35.672366727784855 ], [ 137.390612553274366, 35.672385002364884 ], [ 137.390572731706669, 35.67240517699279 ], [ 137.390549591282365, 35.672425681141078 ], [ 137.390514990962544, 35.672456392081457 ], [ 137.390507938589479, 35.672462624651395 ] ] ] ] } },
{ "type": "Feature", "properties": { "面積": "追加図化面積：0.020km²", "備考１": "E257074", "面積１": "0.01957391", "name": "E257074" }, "geometry": { "type": "MultiPolygon", "coordinates": [ [ [ [ 137.387570116885769, 35.67438742927407 ], [ 137.387547653571545, 35.674413610234126 ], [ 137.387522657686986, 35.674442770358553 ], [ 137.387493917808939, 35.674476263923523 ], [ 137.387460773605568, 35.674514993507884 ], [ 137.387428840293666, 35.674552188532616 ], [ 137.38739833906024, 35.674587938730355 ], [ 137.387369929240577, 35.674620980974709 ], [ 137.387344023579971, 35.67465116719432 ], [ 137.387341960027726, 35.674653571719375 ], [ 137.387337885376752, 35.674658176177473 ], [ 137.387328303962704, 35.674668829910864 ], [ 137.387308254159763, 35.674688967218813 ], [ 137.38727828531529, 35.674717505444711 ], [ 137.387236857307613, 35.674756790966107 ], [ 137.387233992583674, 35.674759500325834 ], [ 137.387226278433616, 35.674766274736626 ], [ 137.387209307050995, 35.674781088302012 ], [ 137.387182960767092, 35.67480132725867 ], [ 137.387182123851204, 35.674801892755525 ], [ 137.387127708629322, 35.674885701737416 ], [ 137.387097185814241, 35.67501951903143 ], [ 137.387117018665066, 35.675154668785154 ], [ 137.387185398358582, 35.675278823231544 ], [ 137.38729608777416, 35.675380657494813 ], [ 137.387438990357595, 35.675450882620495 ], [ 137.388099834667315, 35.675672839424898 ], [ 137.388294804464721, 35.675706593103158 ], [ 137.388491763220628, 35.675681686671801 ], [ 137.388628582717985, 35.675642801789728 ], [ 137.388782462493651, 35.675575174935823 ], [ 137.38890274176967, 35.675471703570771 ], [ 137.38897737698494, 35.675342748406869 ], [ 137.388998895087184, 35.675201221825766 ], [ 137.388965141739959, 35.675061294926266 ], [ 137.388769317019552, 35.674627907759046 ], [ 137.388765212222665, 35.674619107571488 ], [ 137.388735490862217, 35.67455733737863 ], [ 137.388670393723288, 35.674459606084632 ], [ 137.388577943811242, 35.674377860761261 ], [ 137.388546804345793, 35.674356381043332 ], [ 137.388516104261043, 35.674365859857737 ], [ 137.388506941710773, 35.674368130166037 ], [ 137.388481441221444, 35.674374486740682 ], [ 137.388465322220839, 35.674377851505646 ], [ 137.38846443898106, 35.674378033406768 ], [ 137.3884231461453, 35.674386041525821 ], [ 137.388372578780832, 35.674395779312547 ], [ 137.388355134163049, 35.674399146503632 ], [ 137.388337026241231, 35.67440233463919 ], [ 137.388314830776437, 35.674405440159497 ], [ 137.388301358742751, 35.674407267699749 ], [ 137.38826535435615, 35.674410218354254 ], [ 137.388248233658487, 35.674410880821675 ], [ 137.388243704994721, 35.674411069429695 ], [ 137.388135453200135, 35.674413522016344 ], [ 137.388131366156443, 35.674413619670787 ], [ 137.388117005896163, 35.674413826356897 ], [ 137.388080880327095, 35.674412901285216 ], [ 137.388044859998985, 35.674410083130759 ], [ 137.388030604730659, 35.674408306598039 ], [ 137.388019443544664, 35.674406884923869 ], [ 137.387996696989404, 35.674403597477557 ], [ 137.387947389713787, 35.674396471326986 ], [ 137.387909815889373, 35.674391132149147 ], [ 137.387908821185789, 35.674390953702733 ], [ 137.387898653712853, 35.674389349917313 ], [ 137.387863396226976, 35.674382744550016 ], [ 137.387828796328677, 35.674374245086085 ], [ 137.387800824973397, 35.674365913712826 ], [ 137.387791758449396, 35.674362955840365 ], [ 137.387690589660707, 35.674330061287634 ], [ 137.387657636872859, 35.674317953268051 ], [ 137.387637065865533, 35.674309247725759 ], [ 137.387602630892985, 35.674320487912397 ], [ 137.387602710386233, 35.674349331628974 ], [ 137.387570116885769, 35.67438742927407 ] ] ] ] } },
{ "type": "Feature", "properties": { "面積": "追加図化面積：0.296km²", "備考１": "E257062", "面積１": "0.29633091", "name": "E257059、E257060、E257062、E157025を含む" }, "geometry": { "type": "MultiPolygon", "coordinates": [ [ [ [ 137.397746260250273, 35.681548093154497 ], [ 137.397945220025747, 35.681965522603065 ], [ 137.39804061377049, 35.682086925673367 ], [ 137.398033671352806, 35.682136911661935 ], [ 137.398071512748629, 35.682279752962785 ], [ 137.398157392837987, 35.682457383621575 ], [ 137.398118481667552, 35.682577570186645 ], [ 137.397945777740091, 35.682770148739095 ], [ 137.397896927087714, 35.682835671546002 ], [ 137.397728467885798, 35.68311217744985 ], [ 137.397705446227604, 35.683155527982521 ], [ 137.397549492294502, 35.683497269537042 ], [ 137.397071996870267, 35.684239618007176 ], [ 137.396625480506458, 35.684599902776213 ], [ 137.396139108453752, 35.684729127686317 ], [ 137.395960817477885, 35.684808542925133 ], [ 137.395810649608819, 35.68490856137003 ], [ 137.395791120434694, 35.684922198545905 ], [ 137.395622610017881, 35.685045524877673 ], [ 137.395512925802166, 35.685071317892714 ], [ 137.395075591553535, 35.685129257608182 ], [ 137.394938606553183, 35.685162700904009 ], [ 137.394515891707982, 35.685316936325044 ], [ 137.394365366739265, 35.685398214563868 ], [ 137.393614703675468, 35.685967340193812 ], [ 137.393517549420494, 35.686064939806712 ], [ 137.393457223804916, 35.686180637519584 ], [ 137.393275664051174, 35.686732441021867 ], [ 137.392803141110903, 35.687410684302698 ], [ 137.392780111104173, 35.687447683439196 ], [ 137.392774304805499, 35.687448150854244 ], [ 137.392622992915989, 35.687499816549618 ], [ 137.392496946793841, 35.68758545195589 ], [ 137.392407279257441, 35.68769750711806 ], [ 137.392314527268184, 35.687862783976144 ], [ 137.392166760037867, 35.688063135943871 ], [ 137.392104416364077, 35.688185397220082 ], [ 137.392104357132666, 35.688185882046177 ], [ 137.39208178973297, 35.688190036708129 ], [ 137.391633338678815, 35.68832535974375 ], [ 137.391485232012059, 35.68839268182532 ], [ 137.39136912642428, 35.688493476494571 ], [ 137.391327633916518, 35.688564233322964 ], [ 137.391314092162474, 35.688563987917192 ], [ 137.39116463884676, 35.688596233076218 ], [ 137.391031988858288, 35.688660999120529 ], [ 137.39101682481143, 35.688670996516308 ], [ 137.390943611834814, 35.688729182375106 ], [ 137.390840811798597, 35.688827579822188 ], [ 137.390851962665664, 35.688826441515047 ], [ 137.390878921546943, 35.688826391308965 ], [ 137.390936264413057, 35.688826284498056 ], [ 137.390987972430793, 35.688826188159609 ], [ 137.391036476318988, 35.688826097770658 ], [ 137.391074815383092, 35.688826026310444 ], [ 137.391114480293624, 35.688825952366123 ], [ 137.391193589139846, 35.688825804850424 ], [ 137.3912786642951, 35.688825646151209 ], [ 137.391353464138803, 35.688825506569906 ], [ 137.391418430620092, 35.688825385300575 ], [ 137.391474005687968, 35.688825281533845 ], [ 137.391527481498514, 35.688825181662516 ], [ 137.391604380597556, 35.688825038004261 ], [ 137.391713210499688, 35.688824834610848 ], [ 137.391822592836746, 35.688824630085847 ], [ 137.392278352562755, 35.688823776828634 ], [ 137.392447177009132, 35.688823460323547 ], [ 137.392556006902765, 35.688823256168256 ], [ 137.392645832996948, 35.688823087588304 ], [ 137.3927106889833, 35.688822965829004 ], [ 137.392746044887076, 35.688822899437852 ], [ 137.392818082540742, 35.688822764133739 ], [ 137.392892771886636, 35.688822623803574 ], [ 137.392933210200937, 35.688822547806673 ], [ 137.392966135385649, 35.688822485919381 ], [ 137.392985360157923, 35.688822449779686 ], [ 137.393002264699021, 35.688822417999134 ], [ 137.393056403425192, 35.688822316202327 ], [ 137.393126894256028, 35.688822183622243 ], [ 137.393202246522947, 35.688822041853065 ], [ 137.393213737191189, 35.688822020230155 ], [ 137.393244010682423, 35.688821963256864 ], [ 137.393190262906444, 35.688882185675752 ], [ 137.393160042900661, 35.688901171271567 ], [ 137.393103573767661, 35.688936791413639 ], [ 137.393062875757465, 35.688962286545234 ], [ 137.393030776641154, 35.688981005231717 ], [ 137.39300772271136, 35.688994478967217 ], [ 137.392981580471826, 35.689009851377691 ], [ 137.392630696414017, 35.689214940844721 ], [ 137.392593302578263, 35.689236824141467 ], [ 137.392535832721364, 35.689270372746918 ], [ 137.391620153913863, 35.68956331938449 ], [ 137.390949893273273, 35.689669038563068 ], [ 137.390895340519052, 35.689679325646942 ], [ 137.390893794438313, 35.689679598937154 ], [ 137.390808100076526, 35.689695712738406 ], [ 137.390660895622176, 35.689723388320473 ], [ 137.390497568054627, 35.689754068216651 ], [ 137.390370351491015, 35.689778010668519 ], [ 137.390297577285025, 35.689791666402677 ], [ 137.39030030654024, 35.689779853407543 ], [ 137.390309039950324, 35.689741979713482 ], [ 137.390312969730587, 35.689724846414514 ], [ 137.390321265704245, 35.689688595994909 ], [ 137.390329999094689, 35.689650722298822 ], [ 137.390336220686777, 35.689623399278453 ], [ 137.390340695851222, 35.689603741133574 ], [ 137.390350520768578, 35.689561088155102 ], [ 137.390357724409569, 35.689529346603528 ], [ 137.390358271314085, 35.689527362576897 ], [ 137.390359362354872, 35.689522403023574 ], [ 137.390380539593423, 35.689430153686509 ], [ 137.390383486528577, 35.689417168505393 ], [ 137.390389818321012, 35.689389755139651 ], [ 137.390390801135226, 35.6893856070186 ], [ 137.390398005751649, 35.689354226009293 ], [ 137.390405973961236, 35.689319328243485 ], [ 137.390426714680643, 35.68922906271716 ], [ 137.390429443394623, 35.689217069445384 ], [ 137.39043664798109, 35.689185688432993 ], [ 137.390443851806708, 35.689154037010901 ], [ 137.390451056130246, 35.68912256586097 ], [ 137.390458370684001, 35.68909100436872 ], [ 137.39046895831541, 35.689044564211898 ], [ 137.390479328484759, 35.688999386373894 ], [ 137.390490135052545, 35.688952224712743 ], [ 137.390500614426571, 35.688906595985017 ], [ 137.39050507845235, 35.68888727552995 ], [ 137.390403761799917, 35.688892947829444 ], [ 137.390305358885087, 35.688911879133883 ], [ 137.390189736413674, 35.688951995527127 ], [ 137.390004537863121, 35.688933208808926 ], [ 137.389938151112744, 35.688929766850038 ], [ 137.389907681201151, 35.68892968667484 ], [ 137.389789098659719, 35.688870317095414 ], [ 137.389655059107383, 35.688821833399253 ], [ 137.389511628218344, 35.688787648682165 ], [ 137.389370100961344, 35.688769697717063 ], [ 137.389208835273934, 35.68876650763805 ], [ 137.389023331732801, 35.688788805614145 ], [ 137.388806395232876, 35.688846830593114 ], [ 137.388754986710211, 35.688862937485375 ], [ 137.388561938208966, 35.688932616466161 ], [ 137.388381530419281, 35.688989488076771 ], [ 137.388211784951267, 35.689015871998606 ], [ 137.388197215348441, 35.689014248669523 ], [ 137.387993112930786, 35.688995037340412 ], [ 137.387803037783243, 35.689004090715024 ], [ 137.387628018956178, 35.689065249826363 ], [ 137.387548135279815, 35.689107750211974 ], [ 137.387540633958452, 35.689106561287716 ], [ 137.387299892266725, 35.689070821806489 ], [ 137.38723694824796, 35.68906449586283 ], [ 137.387010182363269, 35.689052427172591 ], [ 137.386871500389361, 35.689059330128018 ], [ 137.386645846695671, 35.689094165934357 ], [ 137.38655902760425, 35.689113662132641 ], [ 137.386415534130606, 35.689156419978104 ], [ 137.386401567353801, 35.689157389036936 ], [ 137.386277794745524, 35.68905029622632 ], [ 137.386145629336738, 35.688966183532372 ], [ 137.385988625917975, 35.688918279889251 ], [ 137.38582123927182, 35.688910995618542 ], [ 137.3856979218383, 35.688936824179308 ], [ 137.385559600085713, 35.688881699614583 ], [ 137.385437988253699, 35.688846884200125 ], [ 137.385356606476108, 35.688831997234871 ], [ 137.385212820539266, 35.688821465240736 ], [ 137.385134359348399, 35.688824122469342 ], [ 137.385029982173535, 35.688835861508558 ], [ 137.384880946218402, 35.688864651046742 ], [ 137.384756673691697, 35.688901962465479 ], [ 137.38449772965231, 35.689010009623587 ], [ 137.384494552991072, 35.68901143522973 ], [ 137.384554269566962, 35.689029995918247 ], [ 137.384713820941528, 35.689032411146059 ], [ 137.38490999575157, 35.689094430372755 ], [ 137.384987570877598, 35.689139538415738 ], [ 137.385039844640431, 35.689184782442851 ], [ 137.385078847392776, 35.689225453545198 ], [ 137.385107798491987, 35.689267134379115 ], [ 137.385133202456359, 35.689304585210849 ], [ 137.385150352783086, 35.689354129354292 ], [ 137.385187549054848, 35.689461595103431 ], [ 137.38519077853249, 35.689470873336688 ], [ 137.385198797354491, 35.689494204224282 ], [ 137.385201803891533, 35.689502761767102 ], [ 137.385203363264878, 35.689507355915602 ], [ 137.385211604300082, 35.689531137083037 ], [ 137.385220847848473, 35.689557890945736 ], [ 137.38523042532691, 35.689585545569798 ], [ 137.385232430099251, 35.689591400825066 ], [ 137.38524546002003, 35.689629054369519 ], [ 137.385257487442118, 35.689663735216698 ], [ 137.385266619549185, 35.689690128730227 ], [ 137.385269292668085, 35.689697965781733 ], [ 137.385273300994754, 35.689709225608681 ], [ 137.385281035620977, 35.689749863279864 ], [ 137.385281309476426, 35.689769242203916 ], [ 137.385281714480072, 35.68979619238457 ], [ 137.385282146046393, 35.689832877295856 ], [ 137.385272884858011, 35.689880666639802 ], [ 137.385260396613205, 35.689920079116142 ], [ 137.385248347606478, 35.689958499288174 ], [ 137.385290747712986, 35.689988798410639 ], [ 137.38536244512602, 35.690025534151445 ], [ 137.385519670972968, 35.690106191307784 ], [ 137.385831246702566, 35.690265977909185 ], [ 137.385908476967984, 35.690305587628075 ], [ 137.385970548803556, 35.690337383007446 ], [ 137.386022472693327, 35.690375416287317 ], [ 137.386091121270596, 35.690428291638874 ], [ 137.386250084367447, 35.690550926593865 ], [ 137.386279020172509, 35.690573249580375 ], [ 137.386366403400018, 35.690648534664525 ], [ 137.386381733297441, 35.690638231088258 ], [ 137.386407761164833, 35.690620787173721 ], [ 137.386428825885133, 35.690606597239729 ], [ 137.38644360430709, 35.690596655209568 ], [ 137.386455736660395, 35.690588791155683 ], [ 137.386475262174656, 35.690577398265376 ], [ 137.386488279181094, 35.690569803003406 ], [ 137.386517407638337, 35.690554877234547 ], [ 137.386528774218732, 35.690549808813458 ], [ 137.386533270466714, 35.69054776441574 ], [ 137.386572363439711, 35.690529989231443 ], [ 137.386609331430435, 35.690513156246176 ], [ 137.386613966301269, 35.69051107463109 ], [ 137.386632727503638, 35.69050301817429 ], [ 137.386643544343883, 35.690498942251963 ], [ 137.386673456568843, 35.690487800759961 ], [ 137.386703484473571, 35.69047855192251 ], [ 137.386727001164871, 35.690472109221844 ], [ 137.386778560891088, 35.690457863478358 ], [ 137.386800310976696, 35.690451874677585 ], [ 137.386828577213862, 35.69044488245104 ], [ 137.38687286020766, 35.690436328595098 ], [ 137.386897710922739, 35.690432857936287 ], [ 137.386935154955779, 35.69042846286262 ], [ 137.387002973668018, 35.69042040671404 ], [ 137.387035781843423, 35.690417732693653 ], [ 137.387049039584639, 35.690417347876732 ], [ 137.38705334867285, 35.690417339988208 ], [ 137.387096769535049, 35.69041671966928 ], [ 137.38719677140935, 35.6904197814452 ], [ 137.387211136773828, 35.690420386086529 ], [ 137.387244069824703, 35.690422939716733 ], [ 137.387246722067744, 35.690423115130727 ], [ 137.387260647957163, 35.690424621939677 ], [ 137.387268826410093, 35.690425418184581 ], [ 137.387385819776512, 35.690437723991657 ], [ 137.387467348818149, 35.690416940384971 ], [ 137.387509522509475, 35.690401121001905 ], [ 137.387685091599423, 35.6903588870886 ], [ 137.387753609694187, 35.690348318555479 ], [ 137.387812364034772, 35.690364511953995 ], [ 137.387885809794767, 35.690392088717225 ], [ 137.388057504509874, 35.690430767461145 ], [ 137.388235361796745, 35.690422865679352 ], [ 137.38830251746063, 35.690410825971441 ], [ 137.388307273525129, 35.690409955338794 ], [ 137.38845392836987, 35.690382554057301 ], [ 137.388467774001072, 35.69037981334646 ], [ 137.388867004778916, 35.690296324475071 ], [ 137.388878030574887, 35.690300261627726 ], [ 137.389018161692917, 35.690318140821766 ], [ 137.389124603367918, 35.690320435198174 ], [ 137.389092138957125, 35.690356757309793 ], [ 137.389038471846618, 35.690489168083332 ], [ 137.389036995038737, 35.690628624000098 ], [ 137.389087850210217, 35.690761771381148 ], [ 137.3891861679123, 35.690875860562841 ], [ 137.38942831319298, 35.691080356810971 ], [ 137.389553527897078, 35.691159451005618 ], [ 137.389701103880952, 35.691206316466712 ], [ 137.38985891453666, 35.691217102160167 ], [ 137.390013992211919, 35.691190921802423 ], [ 137.390284240120195, 35.691110973528822 ], [ 137.390398260493384, 35.691064480969125 ], [ 137.390771207341544, 35.690865522333553 ], [ 137.390907987800944, 35.690761781459258 ], [ 137.390994580429322, 35.690626789151992 ], [ 137.39102108913761, 35.6904759731922 ], [ 137.390984484692069, 35.690326569700112 ], [ 137.390888950766026, 35.69019565327995 ], [ 137.390856814715846, 35.69016495479999 ], [ 137.390934406105231, 35.690151426993495 ], [ 137.391204089449815, 35.69012929131506 ], [ 137.391309078656263, 35.690112166931804 ], [ 137.391554173227661, 35.690051542995853 ], [ 137.391589310462365, 35.69004178891916 ], [ 137.391795326271904, 35.68997822283125 ], [ 137.39186393047359, 35.689959342572834 ], [ 137.391900646983544, 35.689948037849376 ], [ 137.392015200778843, 35.689908921422912 ], [ 137.392318936652401, 35.68983158965559 ], [ 137.392380422361157, 35.689812591567936 ], [ 137.392629164035895, 35.689721582493753 ], [ 137.392668494893542, 35.68970563096547 ], [ 137.392878082219681, 35.689611972742945 ], [ 137.392907199026553, 35.689598000599723 ], [ 137.393110512487766, 35.689493483260193 ], [ 137.3932616592231, 35.689378511272203 ], [ 137.39337377179055, 35.68925364972263 ], [ 137.393529606838996, 35.689144371258323 ], [ 137.39365696044473, 35.689014658124655 ], [ 137.393760953854724, 35.688855559765024 ], [ 137.393764599897196, 35.688849884919804 ], [ 137.393864507315243, 35.688691659488491 ], [ 137.393869997523922, 35.688682722407755 ], [ 137.393949601291183, 35.688549472196506 ], [ 137.394049535204971, 35.68843436188093 ], [ 137.39407975010414, 35.688395491873429 ], [ 137.394185948874849, 35.688242072252557 ], [ 137.39429563758469, 35.688090754983484 ], [ 137.3942970349691, 35.688088816241084 ], [ 137.394388491686357, 35.687961200516554 ], [ 137.394803328911422, 35.687493851792226 ], [ 137.394883011961525, 35.687364379546999 ], [ 137.394908225210543, 35.687220971401743 ], [ 137.39490683863346, 35.687161339017962 ], [ 137.395031227482974, 35.687010042326875 ], [ 137.395476065891671, 35.686675767808104 ], [ 137.396217306760121, 35.686364589532261 ], [ 137.396294105751537, 35.68632554858138 ], [ 137.396923982669392, 35.685943556376934 ], [ 137.397480199301583, 35.685756673272927 ], [ 137.397491762320783, 35.685752662099993 ], [ 137.398224475739482, 35.685490416151616 ], [ 137.398321520722789, 35.685445661482227 ], [ 137.398812663172293, 35.685162273425988 ], [ 137.399293789576092, 35.684924007759818 ], [ 137.399432690938625, 35.684826116480636 ], [ 137.399524610255639, 35.684696498421857 ], [ 137.399559399450737, 35.684549464018922 ], [ 137.399533217967559, 35.684401246472277 ], [ 137.399238951794359, 35.683651859146053 ], [ 137.399243062081297, 35.683457336477012 ], [ 137.399342958030928, 35.683323650699101 ], [ 137.399404905124271, 35.683205607980398 ], [ 137.399498111692139, 35.68292157356435 ], [ 137.399508227196719, 35.682884587234959 ], [ 137.39960103166365, 35.682462462258876 ], [ 137.399607930626132, 35.682346758518321 ], [ 137.399578452713513, 35.682233442055235 ], [ 137.399520815220171, 35.68209965751155 ], [ 137.399552403928993, 35.682074701651118 ], [ 137.399485935632839, 35.68201869696216 ], [ 137.399436449415902, 35.6819038320183 ], [ 137.399348332430435, 35.681773457365779 ], [ 137.39921296039256, 35.68167362008117 ], [ 137.399045106514251, 35.681615215349687 ], [ 137.399004250443227, 35.681612836410885 ], [ 137.398934462359648, 35.681554033537672 ], [ 137.398776331597389, 35.681222274316362 ], [ 137.398713579037633, 35.681088984433131 ], [ 137.398704318071623, 35.681056588367319 ], [ 137.398710791523825, 35.68104097531176 ], [ 137.398739688471693, 35.68088351028748 ], [ 137.398699670823049, 35.680727673604942 ], [ 137.398666606963985, 35.680660929148885 ], [ 137.398660570899722, 35.680640732989254 ], [ 137.398651549244789, 35.680618105065619 ], [ 137.398647101552427, 35.680488641170719 ], [ 137.398633186832114, 35.680456597273448 ], [ 137.398702317415598, 35.680082066812709 ], [ 137.397609883627354, 35.679947832017454 ], [ 137.397513561650896, 35.680469638446063 ], [ 137.397515370886168, 35.680613038899345 ], [ 137.397520278410241, 35.680624734220856 ], [ 137.397518375078818, 35.680685745389525 ], [ 137.397556291486637, 35.68080620257625 ], [ 137.397597130275074, 35.680887307667859 ], [ 137.397602790267058, 35.680906246352372 ], [ 137.397603205216626, 35.680907297350423 ], [ 137.397578877149328, 35.681011986807718 ], [ 137.397592663131178, 35.681136217601889 ], [ 137.39764632991961, 35.681323960052403 ], [ 137.397668623993894, 35.681383195743386 ], [ 137.397745434375224, 35.681546349715475 ], [ 137.397746260250273, 35.681548093154497 ] ] ] ] } },
{ "type": "Feature", "properties": { "面積": "追加図化面積：0.018km²", "備考１": "E260077", "面積１": "0.01808183", "name": "E260077" }, "geometry": { "type": "MultiPolygon", "coordinates": [ [ [ [ 137.412566639399699, 35.488562775454469 ], [ 137.412612851056082, 35.488438593742529 ], [ 137.412613352883142, 35.48837476265691 ], [ 137.412593098079185, 35.488377703157461 ], [ 137.41254925292435, 35.488384102291221 ], [ 137.412474538241469, 35.488387229121699 ], [ 137.412330955543752, 35.48837981895376 ], [ 137.412189593294357, 35.488336159112627 ], [ 137.412118785421058, 35.488319266737811 ], [ 137.412074889012189, 35.488308809660566 ], [ 137.411970830159959, 35.488266565391882 ], [ 137.411925907656894, 35.488244842870706 ], [ 137.411879395935699, 35.488207889935225 ], [ 137.411795494458744, 35.488125492338114 ], [ 137.411658682581589, 35.488040227499582 ], [ 137.411553021163456, 35.488014481705989 ], [ 137.411366636918274, 35.487973034930967 ], [ 137.410981616995315, 35.487920452296713 ], [ 137.410899472147236, 35.487908269426683 ], [ 137.410841094295137, 35.487890357018593 ], [ 137.410833502353881, 35.487898924920216 ], [ 137.4107806142122, 35.488025732750089 ], [ 137.410726355018028, 35.48827023511457 ], [ 137.410726467947768, 35.488431715863406 ], [ 137.410796170416319, 35.488582799208579 ], [ 137.411058701699943, 35.488940247493574 ], [ 137.411083162263679, 35.488970692303049 ], [ 137.411290056344285, 35.489206822716902 ], [ 137.411403658354516, 35.48930257414758 ], [ 137.411546558859499, 35.489366928604319 ], [ 137.411706234925845, 35.489394246430805 ], [ 137.411868693439033, 35.489382133645783 ], [ 137.412019697435426, 35.48933165174742 ], [ 137.41214601380841, 35.489247224684952 ], [ 137.412236573022142, 35.489136251151869 ], [ 137.412566639399699, 35.488562775454469 ] ] ] ] } },
{ "type": "Feature", "properties": { "面積": "追加図化面積：0.018km²", "備考１": "E260073", "面積１": "0.01802045", "name": "E260073" }, "geometry": { "type": "MultiPolygon", "coordinates": [ [ [ [ 137.419902613771825, 35.495007338038647 ], [ 137.419914907620921, 35.494853137416833 ], [ 137.419876908313739, 35.49456429156762 ], [ 137.419837998999611, 35.494439789110373 ], [ 137.419757707816785, 35.494329327439054 ], [ 137.419642562184322, 35.494241886530283 ], [ 137.419501922921626, 35.494184574864171 ], [ 137.419030683750606, 35.494057190044785 ], [ 137.418858016746128, 35.494034418747688 ], [ 137.418685320345958, 35.494057040470182 ], [ 137.418529987907306, 35.494122776835766 ], [ 137.418407664030639, 35.494225007107083 ], [ 137.418330668931333, 35.494353434976198 ], [ 137.418306757570093, 35.494495125542848 ], [ 137.418308548673139, 35.494561069774846 ], [ 137.418239817465178, 35.494663838361916 ], [ 137.418208685620868, 35.494807445815255 ], [ 137.418235260046913, 35.494951664371399 ], [ 137.418316758184972, 35.495081391596059 ], [ 137.41844464581817, 35.495183042508273 ], [ 137.418605530693867, 35.495245972223856 ], [ 137.418931702789422, 35.49532371983765 ], [ 137.41906119530077, 35.495341270838502 ], [ 137.419342245154184, 35.495351590576981 ], [ 137.419529669178104, 35.495331954365355 ], [ 137.419697965874008, 35.495261697387761 ], [ 137.419827350725541, 35.495149078899743 ], [ 137.419902613771825, 35.495007338038647 ] ] ] ] } },
{ "type": "Feature", "properties": { "面積": "追加図化面積：0.016km²", "備考１": "E260071", "面積１": "0.01624332", "name": "E260071" }, "geometry": { "type": "MultiPolygon", "coordinates": [ [ [ [ 137.405868472396321, 35.499901653211381 ], [ 137.405988445123484, 35.500019897734695 ], [ 137.406150019404265, 35.500098314834545 ], [ 137.406334417348887, 35.500127790967362 ], [ 137.406520208409319, 35.500104900445955 ], [ 137.406685800124365, 35.500032303586821 ], [ 137.407038807062349, 35.499806680715899 ], [ 137.407147251479159, 35.499714271029546 ], [ 137.407219529555022, 35.499600647269375 ], [ 137.40724980449275, 35.49947498534506 ], [ 137.407235631587412, 35.499347433288285 ], [ 137.407200907674962, 35.499227875654334 ], [ 137.407126251387581, 35.499085727881727 ], [ 137.40699721252463, 35.498972599228992 ], [ 137.406789808349998, 35.498844280315197 ], [ 137.406651723831942, 35.4987819851914 ], [ 137.406497719080249, 35.498754219291072 ], [ 137.406340403541748, 35.498763256002313 ], [ 137.406192657727871, 35.498808355427812 ], [ 137.406066578647454, 35.498885824962173 ], [ 137.405808543287549, 35.499097914865935 ], [ 137.405707289391273, 35.49921261801731 ], [ 137.405654504681451, 35.499347338690377 ], [ 137.405655389925329, 35.499488803770241 ], [ 137.405669970345144, 35.499561434460688 ], [ 137.405735897299479, 35.499712874887962 ], [ 137.405868472396321, 35.499901653211381 ] ] ] ] } },
{ "type": "Feature", "properties": { "面積": "追加図化面積：0.009km²", "備考１": "E260065", "面積１": "0.00939302", "name": "E260065" }, "geometry": { "type": "MultiPolygon", "coordinates": [ [ [ [ 137.410467465426478, 35.502929971894339 ], [ 137.410473199960308, 35.502929879774989 ], [ 137.410474749238006, 35.502913872812194 ], [ 137.410480414457766, 35.502855270631819 ], [ 137.410482782894491, 35.502836516811215 ], [ 137.410489840079208, 35.502800807272386 ], [ 137.410490168322525, 35.502799995352738 ], [ 137.410497147960996, 35.502775102720719 ], [ 137.410526208839769, 35.502688780398664 ], [ 137.410533862925519, 35.502668213101288 ], [ 137.410549631902967, 35.502633657763575 ], [ 137.410551824543063, 35.502629687189355 ], [ 137.410563226213668, 35.502609022174873 ], [ 137.410579349570696, 35.502582308261132 ], [ 137.410594156681469, 35.50255776035651 ], [ 137.410609402528223, 35.502532490446164 ], [ 137.41061477878867, 35.502524186733325 ], [ 137.410623556682566, 35.502510738185343 ], [ 137.410647381742194, 35.502479231290607 ], [ 137.410664298746156, 35.502459817067233 ], [ 137.410672758744511, 35.502450605719382 ], [ 137.410684185714302, 35.502438323624048 ], [ 137.410720553632672, 35.50239903934083 ], [ 137.410727255646208, 35.50239172447661 ], [ 137.410735498167611, 35.502383505099758 ], [ 137.410741103048508, 35.502377905106471 ], [ 137.410751543371788, 35.502367427792521 ], [ 137.410760887381173, 35.502358935766736 ], [ 137.410878078052349, 35.502254407104893 ], [ 137.410885663524425, 35.502247631281122 ], [ 137.410903363227192, 35.502231911162838 ], [ 137.410908530163937, 35.502227303583794 ], [ 137.410914686722379, 35.502221882744763 ], [ 137.410955912504505, 35.502185202603499 ], [ 137.410966466008318, 35.502175716577121 ], [ 137.410998017911879, 35.50214779954991 ], [ 137.411013190179574, 35.502134698581962 ], [ 137.411039034351035, 35.502114815527428 ], [ 137.411045743684156, 35.502109934399599 ], [ 137.41112526681971, 35.502052444515307 ], [ 137.411150128148449, 35.502035628174561 ], [ 137.411171695113751, 35.502022964926411 ], [ 137.411173895902152, 35.502021698512024 ], [ 137.411184459467052, 35.502015547611201 ], [ 137.411186550024411, 35.502014281419989 ], [ 137.41118908150429, 35.502013014335141 ], [ 137.41119011049858, 35.502012494573236 ], [ 137.411101500250851, 35.501935382058782 ], [ 137.410899366855773, 35.501810845850564 ], [ 137.410761351325931, 35.50174884505735 ], [ 137.410607528580101, 35.501721289290437 ], [ 137.4104504551118, 35.501730427916407 ], [ 137.410302952757519, 35.501775514954083 ], [ 137.410177062104708, 35.501852869965496 ], [ 137.409966644123045, 35.502025748175782 ], [ 137.409863910704217, 35.5021427973725 ], [ 137.409811595872213, 35.502280375813086 ], [ 137.409815045996737, 35.502424424213054 ], [ 137.409873908791809, 35.502560222042419 ], [ 137.409982169201839, 35.502673891841177 ], [ 137.410165982427003, 35.502813521307175 ], [ 137.4103056967935, 35.502890836053602 ], [ 137.410467465426478, 35.502929971894339 ] ] ] ] } },
{ "type": "Feature", "properties": { "面積": "追加図化面積：0.022km²", "備考１": "E260066", "面積１": "0.02182699", "name": "E260066" }, "geometry": { "type": "MultiPolygon", "coordinates": [ [ [ [ 137.40879974390478, 35.502501736278077 ], [ 137.408669808926533, 35.502425084001857 ], [ 137.408518404285729, 35.502382228879071 ], [ 137.408111162277976, 35.502319090482374 ], [ 137.407939745554643, 35.502314721324666 ], [ 137.407774984917694, 35.502353648845812 ], [ 137.407417448325418, 35.502490392485697 ], [ 137.407264125793603, 35.502577597355703 ], [ 137.407155219649695, 35.502701665662478 ], [ 137.407103234977058, 35.502848351591979 ], [ 137.407114141120928, 35.503000812240565 ], [ 137.407186686138942, 35.50314154154205 ], [ 137.407508758771911, 35.503553170481176 ], [ 137.40763511907295, 35.503666329780536 ], [ 137.407800541962729, 35.503738328646342 ], [ 137.407985904436515, 35.503760843927928 ], [ 137.408297274788964, 35.50375489348319 ], [ 137.408506378328923, 35.503716846984716 ], [ 137.408681949213786, 35.503616484676769 ], [ 137.408893706487703, 35.503436159142133 ], [ 137.408995309248525, 35.503315111647225 ], [ 137.409043943001762, 35.503173783587734 ], [ 137.409034447162924, 35.503027172268276 ], [ 137.408954027449568, 35.502728214572457 ], [ 137.408897229374332, 35.502605708431609 ], [ 137.40879974390478, 35.502501736278077 ] ] ] ] } },
{ "type": "Feature", "properties": { "面積": "追加図化面積：0.017km²", "備考１": "E260059", "面積１": "0.01747373", "name": "E260059" }, "geometry": { "type": "MultiPolygon", "coordinates": [ [ [ [ 137.405682418996207, 35.510671695181131 ], [ 137.405516354054839, 35.510611882898203 ], [ 137.405248121130825, 35.510555980899092 ], [ 137.405087175246024, 35.510542473336109 ], [ 137.404928365849003, 35.510567755208271 ], [ 137.404785374687833, 35.510629648433309 ], [ 137.404670520799641, 35.510722820780153 ], [ 137.40459369922678, 35.51083924523293 ], [ 137.404561528526472, 35.510968891514395 ], [ 137.404544047550701, 35.511238919787338 ], [ 137.404567294172551, 35.511394330243213 ], [ 137.404654164564448, 35.511533860448623 ], [ 137.40476823142447, 35.511620879587767 ], [ 137.404837165432525, 35.51171812152473 ], [ 137.404972095507389, 35.511814648047817 ], [ 137.405137775670568, 35.511870663562611 ], [ 137.405456495101845, 35.511931333865313 ], [ 137.405634729430346, 35.511940965406303 ], [ 137.405807372460771, 35.511903491445416 ], [ 137.405956295081694, 35.511822847099026 ], [ 137.406065859151653, 35.511707500758277 ], [ 137.406124559672236, 35.511569564796936 ], [ 137.406126232870889, 35.511423523630825 ], [ 137.406071541911246, 35.511134256534064 ], [ 137.406033074385135, 35.511024869670138 ], [ 137.405962318267996, 35.510926850385928 ], [ 137.405815731856308, 35.510772356632003 ], [ 137.405682418996207, 35.510671695181131 ] ] ] ] } },
{ "type": "Feature", "properties": { "面積": "追加図化面積：0.030km²", "備考１": "E260062", "面積１": "0.02962344", "name": "E260062" }, "geometry": { "type": "MultiPolygon", "coordinates": [ [ [ [ 137.418062848145837, 35.511729566075601 ], [ 137.418041852701066, 35.511609151262697 ], [ 137.41798224004441, 35.511497712022297 ], [ 137.417629014230329, 35.511024166159245 ], [ 137.41750115974466, 35.510759703894969 ], [ 137.417418991687441, 35.510643861327928 ], [ 137.41724895438125, 35.510470048387639 ], [ 137.417121753471548, 35.510375209000657 ], [ 137.416964976018591, 35.51031707710208 ], [ 137.416793912840035, 35.510301322397062 ], [ 137.416625248000742, 35.510329481468283 ], [ 137.416475431663656, 35.510398807916872 ], [ 137.41635907574792, 35.51050254021083 ], [ 137.416084961461564, 35.510840621963723 ], [ 137.416009132919925, 35.51098198671567 ], [ 137.415996093179842, 35.511135981434379 ], [ 137.416047372233464, 35.511284541585574 ], [ 137.416105846297313, 35.511351615136718 ], [ 137.416197364148985, 35.511581988432233 ], [ 137.416243215543773, 35.511666631518651 ], [ 137.41644680637711, 35.511957478811361 ], [ 137.416545942720461, 35.512060654335578 ], [ 137.416677223350518, 35.51213611151379 ], [ 137.416694515246775, 35.512140805656621 ], [ 137.417139541393965, 35.512365356828454 ], [ 137.417296374350087, 35.512419266316705 ], [ 137.417465843697158, 35.512431505240826 ], [ 137.417631805984655, 35.512400907736492 ], [ 137.417778451857089, 35.512330388485623 ], [ 137.417891812097707, 35.512226665054648 ], [ 137.417961088345152, 35.512099617962782 ], [ 137.418043697039423, 35.511850186253305 ], [ 137.418062848145837, 35.511729566075601 ] ] ] ] } },
{ "type": "Feature", "properties": { "面積": "追加図化面積：0.014km²", "備考１": "E260060", "面積１": "0.01445759", "name": "E260060" }, "geometry": { "type": "MultiPolygon", "coordinates": [ [ [ [ 137.40890378812577, 35.511963327130694 ], [ 137.409010179631707, 35.51208920742576 ], [ 137.409161950593159, 35.512178728586072 ], [ 137.409341607412102, 35.512221572055289 ], [ 137.409528442118869, 35.512212799518302 ], [ 137.409872884218515, 35.512147469384004 ], [ 137.410043116642015, 35.512089259195974 ], [ 137.410180315300607, 35.511988375232086 ], [ 137.410269106366997, 35.511856122175779 ], [ 137.41029954053738, 35.51170731975288 ], [ 137.410298784562201, 35.51145706998328 ], [ 137.410275311152304, 35.511328056440796 ], [ 137.410207636812544, 35.511209941608541 ], [ 137.410101429733032, 35.511112618107319 ], [ 137.409965585293463, 35.511044237164313 ], [ 137.409622623106117, 35.511113587538581 ], [ 137.409475052932976, 35.511135090785409 ], [ 137.409313487846021, 35.511146834550409 ], [ 137.409111938239477, 35.51113092735077 ], [ 137.408962260124724, 35.511114915644633 ], [ 137.40888007661448, 35.5112053232411 ], [ 137.408823897647835, 35.511330368167435 ], [ 137.408814880021936, 35.511463378688617 ], [ 137.408855038898196, 35.511815597098149 ], [ 137.40890378812577, 35.511963327130694 ] ] ] ] } },
{ "type": "Feature", "properties": { "面積": "追加図化面積：0.015km²", "備考１": "E260063", "面積１": "0.01530021", "name": "E260063" }, "geometry": { "type": "MultiPolygon", "coordinates": [ [ [ [ 137.414635462942869, 35.511946115695388 ], [ 137.414622341391294, 35.511945331410857 ], [ 137.414594995569956, 35.511943674964321 ], [ 137.414555410429813, 35.511941322546264 ], [ 137.414543170833127, 35.511940536440854 ], [ 137.414513397150046, 35.511938073709381 ], [ 137.414509978195753, 35.511937630036257 ], [ 137.41449332495543, 35.511935591041087 ], [ 137.414421635786823, 35.511925822952563 ], [ 137.414394283607749, 35.511922093266335 ], [ 137.414379834979513, 35.511919959588873 ], [ 137.414342991842545, 35.511913004359052 ], [ 137.414309121151547, 35.511904690924553 ], [ 137.414297204268649, 35.511901290087813 ], [ 137.414255162793779, 35.51188884699539 ], [ 137.414202859225014, 35.511873360204348 ], [ 137.414184871734079, 35.511867628187012 ], [ 137.414182333077264, 35.511866641861779 ], [ 137.414145028536666, 35.511853017199044 ], [ 137.414129463104388, 35.51184619853138 ], [ 137.414112020760456, 35.511838482317067 ], [ 137.414073599148907, 35.511820082532758 ], [ 137.414025351463749, 35.511797015632908 ], [ 137.414003046795131, 35.511785523515698 ], [ 137.413965938486854, 35.511763966123574 ], [ 137.413943734130271, 35.511749228769538 ], [ 137.413865622041129, 35.511694043233064 ], [ 137.413861975429597, 35.51169125638237 ], [ 137.413842085127129, 35.511676153709892 ], [ 137.413811686590719, 35.51164962485219 ], [ 137.413805494708555, 35.511643688333358 ], [ 137.413798196798894, 35.511636582267109 ], [ 137.413776521079456, 35.511614452364029 ], [ 137.413748099242184, 35.511585395536308 ], [ 137.413728856642564, 35.511565784545695 ], [ 137.413708722163278, 35.511542930358075 ], [ 137.41370617634368, 35.511539600411659 ], [ 137.413687470626797, 35.511515301063355 ], [ 137.413687430322966, 35.511515241326485 ], [ 137.413636071622904, 35.511538092949159 ], [ 137.413515673658424, 35.511643564506628 ], [ 137.413442205260395, 35.511774738173678 ], [ 137.413423195124523, 35.511918172316577 ], [ 137.413440185530732, 35.512181009560912 ], [ 137.413463672210952, 35.512289443950486 ], [ 137.413518619413168, 35.512389984583272 ], [ 137.41368773139709, 35.512619245734363 ], [ 137.413798365852472, 35.51272680246629 ], [ 137.413944140196321, 35.512801268093916 ], [ 137.41424072104661, 35.512904330158804 ], [ 137.414424060857215, 35.512939465343251 ], [ 137.414611167014442, 35.512922093693618 ], [ 137.414780203648633, 35.512854242536783 ], [ 137.41491144375442, 35.512743830302497 ], [ 137.41500231614657, 35.512635104917713 ], [ 137.415071178845949, 35.512520779900306 ], [ 137.41509814885984, 35.512395264732959 ], [ 137.415081070079736, 35.512268594591859 ], [ 137.415021308179121, 35.512150896949947 ], [ 137.414867241089979, 35.511938517578706 ], [ 137.414850975055344, 35.51194071485137 ], [ 137.414807108969001, 35.511944410665613 ], [ 137.414785062352337, 35.511945177127032 ], [ 137.414781755304347, 35.511945274068111 ], [ 137.414693233110569, 35.511946718051334 ], [ 137.414681327293522, 35.51194692280756 ], [ 137.41467151556148, 35.511946942978774 ], [ 137.414645606238878, 35.511946365263888 ], [ 137.414635462942869, 35.511946115695388 ] ] ] ] } },
{ "type": "Feature", "properties": { "面積": "追加図化面積：0.039km²", "備考１": "E260048", "面積１": "0.03934392", "name": "E260047、E260048を含む" }, "geometry": { "type": "MultiPolygon", "coordinates": [ [ [ [ 137.405951265671803, 35.5172897965967 ], [ 137.405974429297743, 35.517721364181305 ], [ 137.405636068388787, 35.517743341986915 ], [ 137.405470564994005, 35.517775627607072 ], [ 137.405324987538563, 35.517847638950585 ], [ 137.405213204668371, 35.517952515787321 ], [ 137.405193217260774, 35.517990434623357 ], [ 137.405161641236788, 35.518015419627091 ], [ 137.405084027610883, 35.518127588387678 ], [ 137.405048414659774, 35.518253129382053 ], [ 137.405057714400925, 35.518381778008468 ], [ 137.405111166663914, 35.518503015528147 ], [ 137.405280449117839, 35.518762848111876 ], [ 137.405381116611835, 35.518872832194091 ], [ 137.405517632408532, 35.518952915638181 ], [ 137.405677314374401, 35.518995658752424 ], [ 137.4058453281624, 35.518997090725563 ], [ 137.406006065367507, 35.518957078528977 ], [ 137.406193276794028, 35.51888341656057 ], [ 137.406328659660176, 35.518808075562873 ], [ 137.406430994908419, 35.518703542187964 ], [ 137.406655273861134, 35.518387611191137 ], [ 137.406877446386659, 35.518444709190341 ], [ 137.407051212572497, 35.518465398295398 ], [ 137.40722412097881, 35.518440362271804 ], [ 137.407378627017835, 35.51837214146466 ], [ 137.407499053428126, 35.518267658061653 ], [ 137.407573181044484, 35.518137513688103 ], [ 137.407657482684016, 35.517894035656703 ], [ 137.407678231404418, 35.517762990473045 ], [ 137.407651602019286, 35.517632657791005 ], [ 137.407580728061674, 35.517515634908904 ], [ 137.407588675301668, 35.517388489707386 ], [ 137.407604965752, 35.517189825669838 ], [ 137.407581651016898, 35.517026678278633 ], [ 137.407488376120455, 35.516881196642402 ], [ 137.407337530602064, 35.516772704318448 ], [ 137.407046921524369, 35.516630849778615 ], [ 137.406866905419406, 35.516574997108947 ], [ 137.406674375850173, 35.516573167454951 ], [ 137.406492820481105, 35.516625584026968 ], [ 137.406344388240143, 35.516725852254062 ], [ 137.406082050869259, 35.516978066671911 ], [ 137.405980558191374, 35.517123807788771 ], [ 137.405951265671803, 35.5172897965967 ] ] ] ] } },
{ "type": "Feature", "properties": { "面積": "追加図化面積：0.149km²", "備考１": "E260051", "面積１": "0.14895484", "name": "E260050、E260051、E160016を含む" }, "geometry": { "type": "MultiPolygon", "coordinates": [ [ [ [ 137.413679766382643, 35.518765646287775 ], [ 137.413633344585776, 35.518898215195456 ], [ 137.413638123618142, 35.519036054391314 ], [ 137.413693656361403, 35.519166260563665 ], [ 137.413717158592988, 35.519202363106658 ], [ 137.413737055218064, 35.519328284670657 ], [ 137.41381769816644, 35.5194614581644 ], [ 137.413946931042773, 35.519565952393286 ], [ 137.414110704887491, 35.519630407623417 ], [ 137.414262718531688, 35.519666553506745 ], [ 137.414179425194931, 35.519782456285462 ], [ 137.414157148841952, 35.519816756783904 ], [ 137.414031216104263, 35.520032637479069 ], [ 137.413905857517364, 35.520221653231197 ], [ 137.413852270784929, 35.52033892939626 ], [ 137.413840211766455, 35.520463732340943 ], [ 137.413870611110383, 35.520586432430704 ], [ 137.413927805340165, 35.520718961284238 ], [ 137.413929696716167, 35.520732566129411 ], [ 137.41391705336676, 35.520763836386173 ], [ 137.413864830114392, 35.520810321899674 ], [ 137.413783336689818, 35.520904772010148 ], [ 137.413733906821733, 35.521013061190779 ], [ 137.413660097473837, 35.52127242378431 ], [ 137.413521309334953, 35.521508420642711 ], [ 137.413489722178014, 35.521575285955343 ], [ 137.413390967115333, 35.521846873632938 ], [ 137.413368430820668, 35.521990616612946 ], [ 137.413402860406052, 35.522132775787995 ], [ 137.413490696418222, 35.522258653074175 ], [ 137.413881023834392, 35.522653344131697 ], [ 137.413887612888971, 35.522672902357222 ], [ 137.413936515718859, 35.522771096808043 ], [ 137.414012124721665, 35.522857234967418 ], [ 137.414234044833705, 35.523055796377172 ], [ 137.414308030865698, 35.523110970771874 ], [ 137.414540849171004, 35.523255231457782 ], [ 137.414718773291526, 35.523328543807466 ], [ 137.4147356786074, 35.523329978636589 ], [ 137.414757366855667, 35.52335083412131 ], [ 137.414761603466303, 35.523353503924149 ], [ 137.41476919157131, 35.523399408936072 ], [ 137.414828975014842, 35.523550976350222 ], [ 137.414917220358234, 35.523686379081674 ], [ 137.414948059729113, 35.523855411274411 ], [ 137.414973175741039, 35.523938270550346 ], [ 137.415044248857299, 35.524103705570191 ], [ 137.415058579529074, 35.524187970730864 ], [ 137.415098208862702, 35.524304026757584 ], [ 137.41519146629642, 35.524481227213677 ], [ 137.41521279439479, 35.524554583752291 ], [ 137.415426161806948, 35.524681898575672 ], [ 137.415497266491769, 35.524734705970637 ], [ 137.415582356763252, 35.524994899222335 ], [ 137.416504052528154, 35.524777588534285 ], [ 137.416332687313599, 35.524304298886229 ], [ 137.416260609625368, 35.52417958983041 ], [ 137.416209152819306, 35.524134311660667 ], [ 137.416207368262349, 35.52413078557224 ], [ 137.416140445113768, 35.524003626586016 ], [ 137.416128751525491, 35.523934873004755 ], [ 137.416102854561075, 35.52384759016379 ], [ 137.416030865005183, 35.523680027172588 ], [ 137.415993737572791, 35.52347654454887 ], [ 137.415935017812501, 35.523331107374567 ], [ 137.41584860688053, 35.523198522048638 ], [ 137.415839387819915, 35.523142754851477 ], [ 137.415799517198877, 35.523025079216431 ], [ 137.415733620124286, 35.522899794973149 ], [ 137.415695513323982, 35.522847000818643 ], [ 137.415697316750396, 35.522842024951302 ], [ 137.415689519253107, 35.522693663658387 ], [ 137.415623167644668, 35.522555427170794 ], [ 137.415396461059601, 35.52224583892032 ], [ 137.415358076121976, 35.522075683562058 ], [ 137.41536631860717, 35.521880450859101 ], [ 137.415362551868213, 35.521810074576841 ], [ 137.415344590086249, 35.521690267953211 ], [ 137.415487150130076, 35.521365492694692 ], [ 137.415511157628515, 35.521291600319024 ], [ 137.41564075222567, 35.520691320507716 ], [ 137.415748916712744, 35.520259781541021 ], [ 137.415907088120093, 35.519947211336358 ], [ 137.416003027725793, 35.519868378337549 ], [ 137.416161757705964, 35.519768622046321 ], [ 137.416278297486969, 35.519668709382657 ], [ 137.416352375121988, 35.519544642979994 ], [ 137.416462126486635, 35.519254936693244 ], [ 137.416486110345005, 35.519144216441852 ], [ 137.416475823883729, 35.519032088261575 ], [ 137.416449485445639, 35.518925824010466 ], [ 137.416473001090282, 35.518783783238455 ], [ 137.416597530299754, 35.518491655298135 ], [ 137.416628237873681, 35.518342869138152 ], [ 137.416597156258604, 35.518194134905215 ], [ 137.41653212226575, 35.518098089059272 ], [ 137.416702603737178, 35.517533966719355 ], [ 137.41671734746842, 35.517394350793587 ], [ 137.416678926794162, 35.517257781358879 ], [ 137.416591056398971, 35.5171374616707 ], [ 137.416303085550624, 35.516854722576788 ], [ 137.41614758714374, 35.516749327619316 ], [ 137.415956092657751, 35.516696801187244 ], [ 137.41565206729851, 35.516661910746819 ], [ 137.415465090566158, 35.516666657285668 ], [ 137.415290820988076, 35.516722253629304 ], [ 137.415149326602091, 35.516822297587531 ], [ 137.415056901369923, 35.516955268577171 ], [ 137.414880617798957, 35.517354716931493 ], [ 137.414877967817546, 35.517360860313275 ], [ 137.414703545643306, 35.517774728244909 ], [ 137.414675530035112, 35.517882664821272 ], [ 137.41464015133144, 35.51821666414142 ], [ 137.4139044431424, 35.518564303804361 ], [ 137.413773043188741, 35.518650757561403 ], [ 137.413679766382643, 35.518765646287775 ] ] ] ] } },
{ "type": "Feature", "properties": { "面積": "追加図化面積：0.016km²", "備考１": "E224031", "面積１": "0.01569491", "name": "E224031" }, "geometry": { "type": "MultiPolygon", "coordinates": [ [ [ [ 137.5672628968764, 35.522964075333164 ], [ 137.567326655825184, 35.522808756566015 ], [ 137.567350591553122, 35.522670908860384 ], [ 137.567350680441706, 35.522544739269406 ], [ 137.567307986406632, 35.522423493513614 ], [ 137.567225855566932, 35.522316673644205 ], [ 137.567108239917417, 35.522202885290518 ], [ 137.566982392220268, 35.522113163199798 ], [ 137.566829459119134, 35.522058359754844 ], [ 137.566663471035866, 35.522043502733645 ], [ 137.566499656027332, 35.522069955148723 ], [ 137.566353042799051, 35.522135290206947 ], [ 137.565963181588245, 35.522378135488076 ], [ 137.565837741928476, 35.522487674468195 ], [ 137.565763241450327, 35.522624808399129 ], [ 137.565747938437426, 35.522774336657442 ], [ 137.565793529484267, 35.522919684684773 ], [ 137.565847118428024, 35.523018245433306 ], [ 137.565958730152232, 35.523151951899692 ], [ 137.566120930872756, 35.523244794895653 ], [ 137.566314443913683, 35.523317400703512 ], [ 137.566463087169836, 35.523353550851247 ], [ 137.566618164767988, 35.523354426942497 ], [ 137.566767404954192, 35.523319959650813 ], [ 137.566898997929087, 35.523252876474878 ], [ 137.567135437282133, 35.523090499826999 ], [ 137.5672628968764, 35.522964075333164 ] ] ] ] } },
{ "type": "Feature", "properties": { "面積": "追加図化面積：0.013km²", "備考１": "E224032", "面積１": "0.01293345", "name": "E224032" }, "geometry": { "type": "MultiPolygon", "coordinates": [ [ [ [ 137.567759760586398, 35.524305423764361 ], [ 137.567676958818481, 35.524166757374537 ], [ 137.567541793100105, 35.524059051903059 ], [ 137.567405517195795, 35.52398274252041 ], [ 137.567250365776715, 35.523922393881563 ], [ 137.56708002373307, 35.523904023101707 ], [ 137.566911036475858, 35.523929414545805 ], [ 137.566759817832576, 35.523996101931168 ], [ 137.566641055833173, 35.524097607867219 ], [ 137.566426550256409, 35.524350284016762 ], [ 137.566347391670234, 35.52448925648406 ], [ 137.566329793495555, 35.524641880360392 ], [ 137.566375792165388, 35.524790497217317 ], [ 137.566480065974957, 35.524917912143188 ], [ 137.566555719483006, 35.524982912831334 ], [ 137.566698549613307, 35.525071155631778 ], [ 137.566868437026159, 35.525117330981949 ], [ 137.567047465865784, 35.525116569352164 ], [ 137.567216756201418, 35.52506895106395 ], [ 137.567358455149332, 35.524979497818293 ], [ 137.567633582508648, 35.524738129259127 ], [ 137.567736722469732, 35.524608896610559 ], [ 137.567780491977913, 35.524458796395159 ], [ 137.567759760586398, 35.524305423764361 ] ] ] ] } },
{ "type": "Feature", "properties": { "面積": "追加図化面積：0.034km²", "備考１": "E224033", "面積１": "0.03381498", "name": "E224033" }, "geometry": { "type": "MultiPolygon", "coordinates": [ [ [ [ 137.574531877518467, 35.52564839345613 ], [ 137.574333259275448, 35.525598436485389 ], [ 137.57412612902786, 35.525612133165019 ], [ 137.573464458467782, 35.525762013860735 ], [ 137.573307608447692, 35.525820393391975 ], [ 137.573180471650772, 35.525915510631947 ], [ 137.573095472013364, 35.526038070720112 ], [ 137.573060915941056, 35.526176097032284 ], [ 137.573080180543144, 35.526316101515214 ], [ 137.573151383522656, 35.526444402739379 ], [ 137.573796495916184, 35.527244339933709 ], [ 137.573893203301282, 35.527335066923811 ], [ 137.574015832163099, 35.527401640201731 ], [ 137.574155639834117, 35.527439313484628 ], [ 137.574176709530377, 35.527442528052127 ], [ 137.57441975965844, 35.527434993928509 ], [ 137.575180909248559, 35.527269258221693 ], [ 137.5753479120566, 35.527207053256539 ], [ 137.575480685326852, 35.527103484012656 ], [ 137.57556451687546, 35.526970026789456 ], [ 137.575590117793894, 35.526821469649832 ], [ 137.575554651640232, 35.526674273758033 ], [ 137.575291155364994, 35.526104930958233 ], [ 137.575189190043602, 35.525966485894422 ], [ 137.575034039002219, 35.525866344489522 ], [ 137.574531877518467, 35.52564839345613 ] ] ] ] } },
{ "type": "Feature", "properties": { "面積": "追加図化面積：0.036km²", "備考１": "E224029", "面積１": "0.03560838", "name": "E224029、E224030を含む" }, "geometry": { "type": "MultiPolygon", "coordinates": [ [ [ [ 137.561789893983928, 35.528872238999341 ], [ 137.561828085772163, 35.529002146570846 ], [ 137.561911189936893, 35.529117192947659 ], [ 137.562031903255956, 35.529207267580318 ], [ 137.562179617219101, 35.529264454467416 ], [ 137.562341350329405, 35.529283727858918 ], [ 137.56288757640408, 35.529281934688498 ], [ 137.563051815338127, 35.529260907195464 ], [ 137.563200920503334, 35.529200816246188 ], [ 137.563321335574102, 35.529107125202081 ], [ 137.563402112775606, 35.528988352260257 ], [ 137.563489073676635, 35.528797212699757 ], [ 137.56349016451594, 35.528847342518382 ], [ 137.56354539401562, 35.528979562556763 ], [ 137.563647505775265, 35.529091602423762 ], [ 137.563786686696346, 35.52917269473155 ], [ 137.563949561088492, 35.529215046225389 ], [ 137.564035501983653, 35.529225832152498 ], [ 137.564105425471467, 35.529230911733876 ], [ 137.564149967187547, 35.529231819575344 ], [ 137.564345102252133, 35.52920686848843 ], [ 137.564516958340846, 35.529127298915945 ], [ 137.564643480511705, 35.529003322367906 ], [ 137.564792732931238, 35.528787830840109 ], [ 137.5648493967945, 35.528669838611151 ], [ 137.564863626405099, 35.528543614891191 ], [ 137.56483429633883, 35.528419144497313 ], [ 137.564763726905511, 35.528306273507205 ], [ 137.564679917956511, 35.528208992915651 ], [ 137.564557109951863, 35.52810621507998 ], [ 137.564400974832722, 35.528040253010026 ], [ 137.564227379198741, 35.528017809811921 ], [ 137.564053963917104, 35.528041166175079 ], [ 137.563902067592664, 35.528082778828278 ], [ 137.563765606369856, 35.528138333911969 ], [ 137.563652972926064, 35.528222314099018 ], [ 137.563572778944433, 35.528328298529722 ], [ 137.563560359566736, 35.528364069723928 ], [ 137.563560946613705, 35.528358581386506 ], [ 137.563548123831538, 35.528215190454887 ], [ 137.563480712976713, 35.528082396709721 ], [ 137.563365574368675, 35.527973713928297 ], [ 137.563214425217524, 35.527900202185165 ], [ 137.562733352758954, 35.527744716062791 ], [ 137.562550554678495, 35.527713439602238 ], [ 137.562365471254623, 35.527733845261196 ], [ 137.562199340255461, 35.527803591553834 ], [ 137.562071224813195, 35.527914675291548 ], [ 137.561995826040544, 35.528054349888613 ], [ 137.561882738524986, 35.528423487228793 ], [ 137.561878388003464, 35.528438819290017 ], [ 137.561799970724906, 35.528738886770491 ], [ 137.561789893983928, 35.528872238999341 ] ] ] ] } },
{ "type": "Feature", "properties": { "面積": "追加図化面積：0.022km²", "備考１": "E260035", "面積１": "0.02199326", "name": "E260035" }, "geometry": { "type": "MultiPolygon", "coordinates": [ [ [ [ 137.409713168493198, 35.53003127117762 ], [ 137.409840565717474, 35.530111511257182 ], [ 137.409990870077024, 35.530158284728564 ], [ 137.410151292267244, 35.530167611659088 ], [ 137.410539320746182, 35.530143659695611 ], [ 137.410777587319416, 35.530082598412527 ], [ 137.411158764409947, 35.529899096567888 ], [ 137.41129329476675, 35.529808100835794 ], [ 137.411386268124147, 35.529687279568897 ], [ 137.411428359195611, 35.529548751477435 ], [ 137.411415346413037, 35.529406411251152 ], [ 137.4113344641232, 35.529128559243802 ], [ 137.411267156090105, 35.528996024563433 ], [ 137.411152295761752, 35.528887503336989 ], [ 137.411001527659892, 35.528813997277894 ], [ 137.410830136442229, 35.528782958292894 ], [ 137.410330371555858, 35.528759178281398 ], [ 137.410119873602582, 35.528782679302765 ], [ 137.409935873882944, 35.528869499337404 ], [ 137.409674492463267, 35.529055911219551 ], [ 137.4095552679467, 35.529176240700323 ], [ 137.409492902596838, 35.529322455237228 ], [ 137.409494758534436, 35.529477295201609 ], [ 137.409567584102547, 35.529799968165946 ], [ 137.409619518471885, 35.529924392065851 ], [ 137.409713168493198, 35.53003127117762 ] ] ] ] } },
{ "type": "Feature", "properties": { "面積": "追加図化面積：0.150km²", "備考１": "E260036", "面積１": "0.15031304", "name": "E260036、E160015を含む" }, "geometry": { "type": "MultiPolygon", "coordinates": [ [ [ [ 137.414018582067882, 35.530392802353369 ], [ 137.41415772123824, 35.530491558027656 ], [ 137.414328898848311, 35.530547319692907 ], [ 137.414622404169677, 35.530598788410991 ], [ 137.414732011142547, 35.530888551426997 ], [ 137.414745441826767, 35.53108760230834 ], [ 137.414660220619652, 35.53121022660558 ], [ 137.414638036172079, 35.531245714768843 ], [ 137.414497709722127, 35.531497035015221 ], [ 137.414467520452462, 35.531565113011659 ], [ 137.414360601306697, 35.531884209777104 ], [ 137.41434125178094, 35.532016455144003 ], [ 137.414370032103022, 35.532147548807579 ], [ 137.41438535989758, 35.532171961704584 ], [ 137.414267313065068, 35.532344470993266 ], [ 137.414204363611304, 35.532491821587222 ], [ 137.414117480065158, 35.532926533870594 ], [ 137.414110794232556, 35.533018925602079 ], [ 137.414119398763091, 35.533179486867695 ], [ 137.414003361187355, 35.533552102702451 ], [ 137.413966144300531, 35.533665545221382 ], [ 137.413823330759129, 35.534100858739386 ], [ 137.414888448932231, 35.534334327315811 ], [ 137.415069382420086, 35.533782796385616 ], [ 137.415071158737646, 35.533777240431512 ], [ 137.415208129678177, 35.533337385016104 ], [ 137.415224639268018, 35.533206481499747 ], [ 137.415214962081478, 35.533025950694544 ], [ 137.415277035930416, 35.532715350134701 ], [ 137.415353381822172, 35.532603778993249 ], [ 137.415376178860157, 35.532571998088294 ], [ 137.415502985900645, 35.532541588817388 ], [ 137.415634259284758, 35.53247297313856 ], [ 137.41573680611458, 35.532377076793104 ], [ 137.416158468240013, 35.53184700369669 ], [ 137.416203989337419, 35.531776982562121 ], [ 137.416382177843929, 35.531432834888761 ], [ 137.416485196286231, 35.531339731122046 ], [ 137.416593540661097, 35.531193454020517 ], [ 137.416627424697424, 35.531024713378251 ], [ 137.416618304847105, 35.530760132264369 ], [ 137.41661035825669, 35.530695548069644 ], [ 137.416604520508116, 35.530668129398634 ], [ 137.416700950747384, 35.530663386755286 ], [ 137.416851137322169, 35.530618401557383 ], [ 137.416979207160892, 35.530540069835638 ], [ 137.417095379296086, 35.530444622692123 ], [ 137.417147631355874, 35.530446156984823 ], [ 137.417487638880004, 35.530499801782909 ], [ 137.417606973244062, 35.530507805615876 ], [ 137.417947244393218, 35.53050031198125 ], [ 137.418110385549966, 35.530476344242864 ], [ 137.418257439403703, 35.530413822888022 ], [ 137.418375114863693, 35.530318398773019 ], [ 137.418452776240173, 35.530198696573315 ], [ 137.418567733204469, 35.529930263287604 ], [ 137.418619645055543, 35.528577306682251 ], [ 137.418623559244338, 35.528524296664337 ], [ 137.418630718503863, 35.528486423250342 ], [ 137.418640612692741, 35.528441688497182 ], [ 137.418552361716024, 35.528463933419218 ], [ 137.418267076122788, 35.528391169088543 ], [ 137.418244832682291, 35.528385912044321 ], [ 137.417812955639249, 35.52829182703303 ], [ 137.417748667760037, 35.528281124078887 ], [ 137.417175785855306, 35.528214468816323 ], [ 137.417051970744808, 35.528211551565974 ], [ 137.416379527107722, 35.52825769802574 ], [ 137.415814781741034, 35.528227250694187 ], [ 137.415727193748694, 35.528228229088683 ], [ 137.415179547977317, 35.528270067131722 ], [ 137.415025304377224, 35.528300603619847 ], [ 137.414888091610351, 35.528365791661493 ], [ 137.41477927883551, 35.528460229939164 ], [ 137.414707882144654, 35.528576093511226 ], [ 137.414679817497557, 35.528703782148241 ], [ 137.414659991724449, 35.52918963389898 ], [ 137.414501848059359, 35.529257832320361 ], [ 137.414239321715144, 35.529423792847304 ], [ 137.414126601823341, 35.529519915151369 ], [ 137.414053160191258, 35.529638766412027 ], [ 137.413921096443289, 35.529965102100448 ], [ 137.413893271344335, 35.53011400348695 ], [ 137.413927023134733, 35.530262083741839 ], [ 137.414018582067882, 35.530392802353369 ] ] ] ] } },
{ "type": "Feature", "properties": { "面積": "追加図化面積：0.038km²", "備考１": "E224023", "面積１": "0.03767544", "name": "E224022、E224023を含む" }, "geometry": { "type": "MultiPolygon", "coordinates": [ [ [ [ 137.545146451721081, 35.539320434493234 ], [ 137.545153915089912, 35.539457613855454 ], [ 137.545211570807083, 35.5395865892581 ], [ 137.545278800449495, 35.539667971596394 ], [ 137.545451889170806, 35.539773910653977 ], [ 137.545612243484243, 35.539814867757954 ], [ 137.545550334316857, 35.539890146596491 ], [ 137.545548034911661, 35.539892139477068 ], [ 137.545473723531785, 35.540022931747281 ], [ 137.545453758605049, 35.54016621263343 ], [ 137.545476300940152, 35.540555657975531 ], [ 137.545511467419772, 35.54069406762931 ], [ 137.545597362730348, 35.540816764914098 ], [ 137.545725536501863, 35.540911678595599 ], [ 137.545883378782065, 35.540969470817508 ], [ 137.546055360633034, 35.540984455815433 ], [ 137.54622456196131, 35.540955159321769 ], [ 137.54670460254485, 35.540804675370225 ], [ 137.546843412331555, 35.540741057134689 ], [ 137.54695421159721, 35.54064768723196 ], [ 137.547027771293074, 35.540532343021361 ], [ 137.547057964366871, 35.540404632202275 ], [ 137.547071712736937, 35.540160889992592 ], [ 137.547050888775061, 35.540015769593481 ], [ 137.546974357795079, 35.539883720835348 ], [ 137.546850163980451, 35.539778622963915 ], [ 137.546691361064802, 35.539711522453061 ], [ 137.546607724653285, 35.53970108669111 ], [ 137.546630083432746, 35.539696934395771 ], [ 137.546768543627479, 35.539633251408461 ], [ 137.546879040864098, 35.539539944345385 ], [ 137.546952401802571, 35.539424759533219 ], [ 137.547073332557773, 35.539141189506147 ], [ 137.547103622325665, 35.539010731174564 ], [ 137.547086084283393, 35.538878720498268 ], [ 137.547022241072284, 35.538756616867978 ], [ 137.546917634866929, 35.538655019630227 ], [ 137.546781346224378, 35.538582748015848 ], [ 137.546636745540837, 35.538528877114757 ], [ 137.546494067842531, 35.538493803433759 ], [ 137.546345110188696, 35.538491231941407 ], [ 137.546083927059385, 35.538515760492288 ], [ 137.545928838998634, 35.538495561842488 ], [ 137.545769786922705, 35.538513098470396 ], [ 137.54562365037188, 35.538567328208245 ], [ 137.545502809645143, 35.538653656871574 ], [ 137.545424424796181, 35.538755754096577 ], [ 137.545417502137411, 35.538764770929454 ], [ 137.545349673586884, 35.538885525720708 ], [ 137.545263860132366, 35.53904669267714 ], [ 137.545189873261734, 35.539187785287012 ], [ 137.545146451721081, 35.539320434493234 ] ] ] ] } },
{ "type": "Feature", "properties": { "面積": "追加図化面積：0.030km²", "備考１": "E224018", "面積１": "0.02998106", "name": "E224018" }, "geometry": { "type": "MultiPolygon", "coordinates": [ [ [ [ 137.551508197929451, 35.547092413564769 ], [ 137.551397884720757, 35.547220261045027 ], [ 137.551026694611693, 35.547865042835824 ], [ 137.550979469135228, 35.547994904597779 ], [ 137.550981599235882, 35.548130369191142 ], [ 137.551032892681917, 35.548259196232095 ], [ 137.551128714867446, 35.548369745041796 ], [ 137.551260407520118, 35.548452026501501 ], [ 137.551416071022061, 35.548498605687101 ], [ 137.552429444447711, 35.548666577119221 ], [ 137.552602586044202, 35.54867256932603 ], [ 137.552769454100655, 35.548634351876913 ], [ 137.552913570099633, 35.54855569881849 ], [ 137.553020702428313, 35.548444377273007 ], [ 137.55308027179521, 35.548311380392541 ], [ 137.553232674464368, 35.547674477987329 ], [ 137.55323978570911, 35.547539950129334 ], [ 137.553197951284062, 35.547409709654929 ], [ 137.553110905735167, 35.547295382402417 ], [ 137.552986419266659, 35.54720717368189 ], [ 137.552835604099698, 35.547152957330574 ], [ 137.552041020186692, 35.54697710615541 ], [ 137.551850379274441, 35.546963042607359 ], [ 137.551665340505252, 35.547003086617558 ], [ 137.551508197929451, 35.547092413564769 ] ] ] ] } },
{ "type": "Feature", "properties": { "面積": "追加図化面積：0.023km²", "備考１": "E224017", "面積１": "0.02299794", "name": "E224017" }, "geometry": { "type": "MultiPolygon", "coordinates": [ [ [ [ 137.553684557923532, 35.549852896139903 ], [ 137.553523211442297, 35.549876669453937 ], [ 137.553377546692133, 35.549938156646796 ], [ 137.553260437464559, 35.550031923526483 ], [ 137.553182233930158, 35.550149683022276 ], [ 137.552969007081032, 35.550629975112628 ], [ 137.552941813545402, 35.550718090426543 ], [ 137.552909540049939, 35.550897371057005 ], [ 137.552913840664104, 35.551049135747917 ], [ 137.552979555530925, 35.55119112433615 ], [ 137.553099229271169, 35.551307227525548 ], [ 137.553259284447989, 35.551384272785263 ], [ 137.553441561960682, 35.551413518887863 ], [ 137.554168774618034, 35.551428166157109 ], [ 137.554329711854166, 35.551411917714397 ], [ 137.554477908766984, 35.551358118806711 ], [ 137.554600551968406, 35.551271421004387 ], [ 137.554625176117924, 35.551239503795358 ], [ 137.554648105088603, 35.551228671744227 ], [ 137.554764491963454, 35.551122004524657 ], [ 137.554834161118066, 35.550990920626809 ], [ 137.554850107208182, 35.55084860119161 ], [ 137.554810727062204, 35.550709357079434 ], [ 137.554719980778174, 35.550587189843178 ], [ 137.55412073402519, 35.550011401349813 ], [ 137.553997131739521, 35.549923376592147 ], [ 137.553847326469366, 35.549868937768096 ], [ 137.553684557923532, 35.549852896139903 ] ] ] ] } },
{ "type": "Feature", "properties": { "面積": "追加図化面積：0.013km²", "備考１": "E224015", "面積１": "0.01328811", "name": "E224015" }, "geometry": { "type": "MultiPolygon", "coordinates": [ [ [ [ 137.545947737545646, 35.554275227703258 ], [ 137.546109369014999, 35.554331128251441 ], [ 137.546284307805678, 35.554342699177681 ], [ 137.546454836625884, 35.554308768614128 ], [ 137.546741025517974, 35.55421026493061 ], [ 137.546829983503216, 35.554171472937036 ], [ 137.546856708105537, 35.554157110748783 ], [ 137.546974752751879, 35.55407160836058 ], [ 137.547058350883816, 35.55396229607301 ], [ 137.547100663847885, 35.553838116254163 ], [ 137.547098230410967, 35.553709227478052 ], [ 137.547051249848778, 35.553586173488775 ], [ 137.547049770903527, 35.55358364526279 ], [ 137.546996948385669, 35.553511520331583 ], [ 137.546810861666017, 35.553304130704745 ], [ 137.546688349883311, 35.553204880104857 ], [ 137.54653430938248, 35.553141416175542 ], [ 137.546363811950584, 35.553119948399207 ], [ 137.546193539491583, 35.55314257723925 ], [ 137.546040151899945, 35.553207088634011 ], [ 137.545918657086276, 35.553307170615824 ], [ 137.545782610296868, 35.553461473812838 ], [ 137.545701003625481, 35.553597678821042 ], [ 137.545679302059312, 35.553748293326471 ], [ 137.545690000195009, 35.55391677352484 ], [ 137.545726868894747, 35.554056999657291 ], [ 137.545815782902395, 35.554180658969308 ], [ 137.545947737545646, 35.554275227703258 ] ] ] ] } },
{ "type": "Feature", "properties": { "面積": "追加図化面積：0.021km²", "備考１": "E224012", "面積１": "0.02112355", "name": "E224012" }, "geometry": { "type": "MultiPolygon", "coordinates": [ [ [ [ 137.551358846544048, 35.55852109096196 ], [ 137.551501707145491, 35.55859340439364 ], [ 137.551664585413448, 35.558627206781495 ], [ 137.552589239540282, 35.558699786602538 ], [ 137.552773893640762, 35.558688769586446 ], [ 137.552943681750378, 35.558628439433761 ], [ 137.553079470606065, 35.558525594712449 ], [ 137.553165958446129, 35.558391824895367 ], [ 137.553193399340842, 35.558242204310289 ], [ 137.553188177406582, 35.55802761063277 ], [ 137.553157619893511, 35.557888381725377 ], [ 137.553075755026867, 35.557763750022168 ], [ 137.552950647002149, 35.557665992196078 ], [ 137.552794619490442, 35.5576047377088 ], [ 137.55202704567651, 35.557417362007072 ], [ 137.551863735349883, 35.557398526226393 ], [ 137.551700911514246, 35.557419990950159 ], [ 137.551553134420345, 35.557479836733052 ], [ 137.551433618850808, 35.55757271195985 ], [ 137.551353052441755, 35.557690311385279 ], [ 137.551201199651359, 35.558019701681296 ], [ 137.551166606308499, 35.558154081894607 ], [ 137.551183140170991, 35.558290736892822 ], [ 137.551249266524366, 35.55841697996474 ], [ 137.551358846544048, 35.55852109096196 ] ] ] ] } },
{ "type": "Feature", "properties": { "面積": "追加図化面積：0.022km²", "備考１": "E224010", "面積１": "0.02246938", "name": "E224010" }, "geometry": { "type": "MultiPolygon", "coordinates": [ [ [ [ 137.544346568157806, 35.560010258519981 ], [ 137.544224080653919, 35.560017519712517 ], [ 137.544074398067352, 35.560043801608195 ], [ 137.543939323501746, 35.560102693446666 ], [ 137.543829264536356, 35.560189657593938 ], [ 137.543752701363644, 35.56029799341767 ], [ 137.543603013402958, 35.560600307799291 ], [ 137.543563221095951, 35.560750728079697 ], [ 137.543587684074595, 35.56090331883302 ], [ 137.543673550327355, 35.56104028815674 ], [ 137.543810808173504, 35.561145665507524 ], [ 137.54400096922987, 35.561248062590685 ], [ 137.544172254711498, 35.561309287777902 ], [ 137.544445557722725, 35.561364425661843 ], [ 137.544649936840131, 35.561373689400753 ], [ 137.545051930883119, 35.561330333843387 ], [ 137.545207662043026, 35.561293934608344 ], [ 137.545343737523808, 35.561222139638353 ], [ 137.54544842159163, 35.561121140875223 ], [ 137.545512685951763, 35.560999648907767 ], [ 137.545530988368654, 35.560868141708852 ], [ 137.545513472945203, 35.560448990336205 ], [ 137.545475243323978, 35.560298834742106 ], [ 137.545377605588357, 35.560167849143291 ], [ 137.545231866946153, 35.560071202354379 ], [ 137.545054904756427, 35.560020086533072 ], [ 137.544867212060495, 35.560020421120484 ], [ 137.544648590700945, 35.560051668440622 ], [ 137.544534947914684, 35.560025713216262 ], [ 137.544346568157806, 35.560010258519981 ] ] ] ] } },
{ "type": "Feature", "properties": { "面積": "追加図化面積：0.020km²", "備考１": "E224008", "面積１": "0.02036208", "name": "E224008" }, "geometry": { "type": "MultiPolygon", "coordinates": [ [ [ [ 137.543963452935145, 35.563646523758123 ], [ 137.544058707039198, 35.563759343929647 ], [ 137.544191059180349, 35.563843551830765 ], [ 137.544348268285376, 35.56389135912778 ], [ 137.544673813641367, 35.563946287695728 ], [ 137.544861979360377, 35.563951229857651 ], [ 137.545041218539552, 35.563904176122996 ], [ 137.545190649722656, 35.563810608285522 ], [ 137.545292864247244, 35.563681427035405 ], [ 137.545340999352646, 35.563589026873615 ], [ 137.545502256189309, 35.563343578402169 ], [ 137.545562172779881, 35.563194924255157 ], [ 137.545556258631052, 35.56303849029316 ], [ 137.54548522731659, 35.562893141424652 ], [ 137.545357645015656, 35.562776405675763 ], [ 137.544886093373265, 35.562472812759111 ], [ 137.544731262809194, 35.562402682610504 ], [ 137.544557217484254, 35.562376243411386 ], [ 137.544381886009177, 35.562396218695206 ], [ 137.544223329477347, 35.562460550787343 ], [ 137.544097881055109, 35.562562612758313 ], [ 137.544018463527692, 35.562691891043684 ], [ 137.543884293453516, 35.563041290421864 ], [ 137.543864858813606, 35.563241758717034 ], [ 137.543914106661163, 35.56351552594451 ], [ 137.543963452935145, 35.563646523758123 ] ] ] ] } },
{ "type": "Feature", "properties": { "面積": "追加図化面積：0.124km²", "備考１": "E157007", "面積１": "0.12419246", "name": "E157007" }, "geometry": { "type": "MultiPolygon", "coordinates": [ [ [ [ 137.412316600345463, 35.750319628045652 ], [ 137.412436450533335, 35.750202408681595 ], [ 137.412501444872419, 35.750059306077013 ], [ 137.412578718779031, 35.749721716771866 ], [ 137.412582864447216, 35.749613670869081 ], [ 137.413266421719896, 35.749181768195228 ], [ 137.413384935512283, 35.749078941858713 ], [ 137.413458638432843, 35.748951281820815 ], [ 137.413480307031165, 35.748811300130974 ], [ 137.413447817833003, 35.748672716426256 ], [ 137.41336435536013, 35.748549113259159 ], [ 137.413238099918232, 35.748452604887085 ], [ 137.41308142578896, 35.748392649989299 ], [ 137.412085036265751, 35.7481575727425 ], [ 137.412012134855502, 35.748144644949882 ], [ 137.411689449821523, 35.748105783410395 ], [ 137.411643447355345, 35.748101837805486 ], [ 137.411529694057378, 35.748095989726465 ], [ 137.411388963659789, 35.748103447136423 ], [ 137.411255126543352, 35.748139687781908 ], [ 137.411076869328298, 35.74820963095096 ], [ 137.410842691062356, 35.748235568554357 ], [ 137.410531918187615, 35.748256203528491 ], [ 137.410392815387894, 35.748224109767939 ], [ 137.41023254401756, 35.748207145672502 ], [ 137.410073102867585, 35.748228690338209 ], [ 137.409928117553136, 35.748286902589705 ], [ 137.409809978371015, 35.748376807684977 ], [ 137.40855120750291, 35.749663865036347 ], [ 137.408406773015798, 35.749711297714384 ], [ 137.408355625942789, 35.749730620335122 ], [ 137.408120994168286, 35.749831408934845 ], [ 137.408032297945084, 35.74987889250513 ], [ 137.407875777410936, 35.749981482726987 ], [ 137.407810388982654, 35.750002134549675 ], [ 137.407663231896692, 35.75007144921571 ], [ 137.407548856834268, 35.750173927369481 ], [ 137.407478072661831, 35.750299884573487 ], [ 137.40745756890027, 35.750437417512899 ], [ 137.407473773876319, 35.750506965439932 ], [ 137.407206389604681, 35.750741830526586 ], [ 137.40719815968194, 35.75074922200794 ], [ 137.406840952100339, 35.751077264149401 ], [ 137.406772320849029, 35.751155840891336 ], [ 137.406558346992256, 35.751466567562005 ], [ 137.406521038015342, 35.751532778869851 ], [ 137.406452940119436, 35.751685010937614 ], [ 137.406392000316202, 35.75177413187329 ], [ 137.406122821830905, 35.752167787081362 ], [ 137.40708866873365, 35.752606629239466 ], [ 137.407440205915577, 35.752092520070526 ], [ 137.407476702663132, 35.752027491425586 ], [ 137.407544512247114, 35.751875899608393 ], [ 137.407707407838586, 35.751639343218059 ], [ 137.408021046874154, 35.75135130942688 ], [ 137.408325658223333, 35.751083742240226 ], [ 137.408337993358515, 35.75107131919971 ], [ 137.408426577683031, 35.751060556422367 ], [ 137.40858705622685, 35.750993116212101 ], [ 137.408888567299783, 35.750810114180503 ], [ 137.408950160675403, 35.750764247219387 ], [ 137.40909418022602, 35.750736547463717 ], [ 137.40966258048482, 35.750675318137475 ], [ 137.409990082812584, 35.750647952597355 ], [ 137.410216144483826, 35.750587054196004 ], [ 137.410400880522786, 35.750497562813976 ], [ 137.410577493249036, 35.750456041523051 ], [ 137.411972006509131, 35.750427170541464 ], [ 137.412155634353184, 35.750397525533508 ], [ 137.412316600345463, 35.750319628045652 ] ] ] ] } },
{ "type": "Feature", "properties": { "面積": "追加図化面積：0.105km²", "備考１": "E257009", "面積１": "0.10543986", "name": "E257008、E257009、E257010を含む" }, "geometry": { "type": "MultiPolygon", "coordinates": [ [ [ [ 137.329711328072051, 35.752288807960397 ], [ 137.329750261104124, 35.752412694852936 ], [ 137.329933568601973, 35.752772981163382 ], [ 137.330027561996786, 35.752896521743686 ], [ 137.330334896616932, 35.753183822191794 ], [ 137.330325093190538, 35.753294996375203 ], [ 137.330342324953648, 35.753443389348689 ], [ 137.330417994701122, 35.753579084487043 ], [ 137.330543825363833, 35.753687238420497 ], [ 137.331025388422773, 35.754974297073787 ], [ 137.331117295580526, 35.755102540414661 ], [ 137.331255351820772, 35.755199468645735 ], [ 137.331415657053157, 35.755278776122736 ], [ 137.331419520019267, 35.755287826194994 ], [ 137.331534099745681, 35.755405693222329 ], [ 137.331689875500643, 35.755486270016107 ], [ 137.332127452282975, 35.755636159907276 ], [ 137.332300105278733, 35.755670081555458 ], [ 137.33247704527389, 35.755657634962823 ], [ 137.332640015935681, 35.755600104345838 ], [ 137.332772202327106, 35.75550342559697 ], [ 137.332859965893647, 35.755377573805227 ], [ 137.332894251653329, 35.755235534014325 ], [ 137.332906777791379, 35.754925953788593 ], [ 137.332900908643524, 35.754843958858665 ], [ 137.332866339724546, 35.7546569204249 ], [ 137.332798818806737, 35.754499261383081 ], [ 137.332665507687636, 35.754372465129677 ], [ 137.332521082301184, 35.754278059499043 ], [ 137.33251465221818, 35.754250412456372 ], [ 137.33245141360436, 35.754110662179791 ], [ 137.332216957271669, 35.753592386213832 ], [ 137.332297665700708, 35.753477475320494 ], [ 137.332543101979809, 35.752965507289957 ], [ 137.332577932383202, 35.752849068685144 ], [ 137.332573881718474, 35.752729264070432 ], [ 137.332531236618081, 35.752614566012063 ], [ 137.332470082354092, 35.752505189157709 ], [ 137.332362703190171, 35.752377351033246 ], [ 137.331852687983712, 35.751951276514177 ], [ 137.331761495679359, 35.751889862450007 ], [ 137.331604920634732, 35.751805635081404 ], [ 137.331399884961542, 35.751616027250705 ], [ 137.331573866673523, 35.751508973004896 ], [ 137.331704854793117, 35.751394221340163 ], [ 137.331779706036627, 35.751249839156671 ], [ 137.331789366384271, 35.75109329155724 ], [ 137.331747324726223, 35.750819507036283 ], [ 137.331667279443423, 35.750636246550862 ], [ 137.331576123577264, 35.750517615153747 ], [ 137.331478643188063, 35.750488650288652 ], [ 137.331457731184997, 35.750482008870449 ], [ 137.331428075392495, 35.750471233167104 ], [ 137.331314535489668, 35.75042659101085 ], [ 137.331300149346106, 35.750420932129742 ], [ 137.331283881798697, 35.750414464597178 ], [ 137.331278459469104, 35.750412398888258 ], [ 137.33126772519779, 35.750408177182649 ], [ 137.331248580539835, 35.750400631949518 ], [ 137.331244817915177, 35.750399104784606 ], [ 137.331237403609975, 35.750396230574715 ], [ 137.331214385761598, 35.750387158322113 ], [ 137.330936180386004, 35.750277662712584 ], [ 137.33091482248912, 35.75026921908794 ], [ 137.330888816850234, 35.750258979083611 ], [ 137.330711646817122, 35.75018927524787 ], [ 137.3306938302417, 35.750182268931219 ], [ 137.330676566900905, 35.750175442129752 ], [ 137.330665721935787, 35.750171130385048 ], [ 137.330656537220847, 35.750167627600455 ], [ 137.330612493572374, 35.750150201241041 ], [ 137.330566347591287, 35.750132056641412 ], [ 137.330526398665796, 35.750116337256159 ], [ 137.330493089447003, 35.7501032227607 ], [ 137.330453583208509, 35.750087683020368 ], [ 137.330401350844085, 35.750067112970591 ], [ 137.330322117124695, 35.750035943581281 ], [ 137.330286816014052, 35.750022020513875 ], [ 137.330261585278265, 35.750012139863514 ], [ 137.330205037197487, 35.749989863012239 ], [ 137.330196405568245, 35.749986449576532 ], [ 137.330169293470504, 35.749975760239813 ], [ 137.330146718520638, 35.749966867452109 ], [ 137.330083088182278, 35.749941805950208 ], [ 137.330066267786066, 35.74993524886716 ], [ 137.330000977629197, 35.749909558623813 ], [ 137.329862097740005, 35.749854854256085 ], [ 137.329779433953888, 35.749822337120172 ], [ 137.329693030242396, 35.74978830770786 ], [ 137.329689137770742, 35.749889166304307 ], [ 137.32969643275888, 35.749977654348591 ], [ 137.329766221600806, 35.750317931018422 ], [ 137.329808517477375, 35.750577519447667 ], [ 137.329817929439685, 35.75087423425461 ], [ 137.32980269132338, 35.751068387513577 ], [ 137.329810349033522, 35.751177188031271 ], [ 137.329849820881435, 35.751281309220303 ], [ 137.330003071899114, 35.751560360638244 ], [ 137.330108214292977, 35.751687781271016 ], [ 137.330201145941999, 35.751743744548783 ], [ 137.329976558282482, 35.751853562040047 ], [ 137.329854831466861, 35.751934242082854 ], [ 137.329765806832825, 35.752039545952954 ], [ 137.329716652975634, 35.752160994354867 ], [ 137.329711328072051, 35.752288807960397 ] ], [ [ 137.331926314997759, 35.753745819067852 ], [ 137.331894144133798, 35.753762802297096 ], [ 137.331805806677494, 35.753762298450219 ], [ 137.331926314997759, 35.753745819067852 ] ] ] ] } }
]
}
